pool_row_index	pool_rank	source_dataset	dataset_role	source_row_index	id	word	subset	context	w_word	wo_word	followup_metadata_only	with_without_diff	generated_from	generated_from_text	sampling_strategy	prompt_mode	top_p	temperature	base_seed	condition_seed	samples_requested	unique_samples_obtained	max_sample_draws	sample_draw	unique_rank	response	normalized_response	raw_generation	log_prob_given_P	log_prob_given_P_prime	log_prob_given_P_per_token	log_prob_given_P_prime_per_token	token_count_given_P	token_count_given_P_prime	own_log_prob	other_log_prob	own_log_prob_per_token	other_log_prob_per_token	own_context_log_prob_advantage	own_context_log_prob_advantage_per_token	own_context_win	include_context	followup	particle	selection_score_per_token	selection_score_raw	fold_id	prompt_with	prompt_without	next_speaker
0	1	expanded_data	discourse_particle	1	just_j_5467	just	h	I want to leave the motorbike outdoors.	Fine, just don't do it at night.	Fine, don't do it at night.	Why not?		P	Fine, just don't do it at night.	nucleus	chat	0.9	1.0	20260416	788549607	50	50	500	50	50	Why not?	why not?	Why not?	-3.987796068191528	-6.819828748703003	-0.498474508523941	-0.8524785935878754	8	8	-3.987796068191528	-6.819828748703003	-0.498474508523941	-0.8524785935878754	2.8320326805114746	0.3540040850639343	True	True	Why not?	just	0.3540040850639343	2.8320326805114746	0	"Speaker 1: I want to leave the motorbike outdoors.
Speaker 2: Fine, just don't do it at night.
Speaker 1: "	"Speaker 1: I want to leave the motorbike outdoors.
Speaker 2: Fine, don't do it at night.
Speaker 1: "	Speaker 1
1	2	expanded_data	discourse_particle	35	just_j_8362	just	h	let's go swimming.	But, we just finished eating lunch.	But, we finished eating lunch.	I know, but I'm really hot.		P	But, we just finished eating lunch.	nucleus	chat	0.9	1.0	20260416	1023332715	50	50	500	1	1	It's true! Maybe we should take a little break first and then go swimming. We don't want to swim on a full stomach! How about we take a short walk or find a comfortable spot to relax for a bit?	it's true! maybe we should take a little break first and then go swimming. we don't want to swim on a full stomach! how about we take a short walk or find a comfortable spot to relax for a bit?	It's true! Maybe we should take a little break first and then go swimming. We don't want to swim on a full stomach! How about we take a short walk or find a comfortable spot to relax for a bit?	-37.41960251331329	-52.00559735298157	-0.7337176963394764	-1.0197175951565014	51	51	-37.41960251331329	-52.00559735298157	-0.7337176963394764	-1.0197175951565014	14.585994839668274	0.285999898817025	True	True	I know, but I'm really hot.	just	0.285999898817025	14.585994839668274	0	"Speaker 1: let's go swimming.
Speaker 2: But, we just finished eating lunch.
Speaker 1: "	"Speaker 1: let's go swimming.
Speaker 2: But, we finished eating lunch.
Speaker 1: "	Speaker 1
2	3	expanded_data	discourse_particle	10	just_j_12718	just	h	Hello Mr Waterstone, what can I do for you today?	Hello, Becky. Well, you see, I have this thing here, called a Fixed Deposit Certificate, and I've just noticed the date on it.	Hello, Becky. Well, you see, I have this thing here, called a Fixed Deposit Certificate, and I've noticed the date on it.	Oh, I see. You have two choices here you can either redeem or renew.		P	Hello, Becky. Well, you see, I have this thing here, called a Fixed Deposit Certificate, and I've just noticed the date on it.	nucleus	chat	0.9	1.0	20260416	1476190778	50	50	500	25	25	A Fixed Deposit Certificate, you say? That's a popular investment option among our clients. And the date on it, you've just noticed it's...?	a fixed deposit certificate, you say? that's a popular investment option among our clients. and the date on it, you've just noticed it's...?	A Fixed Deposit Certificate, you say? That's a popular investment option among our clients. And the date on it, you've just noticed it's...?	-18.7887966632843	-27.92678189277649	-0.5078053152239	-0.7547778889939591	37	37	-18.7887966632843	-27.92678189277649	-0.5078053152239	-0.7547778889939591	9.137985229492188	0.2469725737700591	True	True	Oh, I see. You have two choices here you can either redeem or renew.	just	0.2469725737700591	9.137985229492188	0	"Speaker 1: Hello Mr Waterstone, what can I do for you today?
Speaker 2: Hello, Becky. Well, you see, I have this thing here, called a Fixed Deposit Certificate, and I've just noticed the date on it.
Speaker 1: "	"Speaker 1: Hello Mr Waterstone, what can I do for you today?
Speaker 2: Hello, Becky. Well, you see, I have this thing here, called a Fixed Deposit Certificate, and I've noticed the date on it.
Speaker 1: "	Speaker 1
3	4	expanded_data	discourse_particle	35	just_j_8362	just	h	let's go swimming.	But, we just finished eating lunch.	But, we finished eating lunch.	I know, but I'm really hot.		P	But, we just finished eating lunch.	nucleus	chat	0.9	1.0	20260416	1023332715	50	50	500	29	29	I didn't think that one through, did I? Maybe we should wait a bit before going swimming. How about we take a walk or do something else first?	i didn't think that one through, did i? maybe we should wait a bit before going swimming. how about we take a walk or do something else first?	I didn't think that one through, did I? Maybe we should wait a bit before going swimming. How about we take a walk or do something else first?	-10.540698528289797	-19.82461988925934	-0.2773868033760472	-0.5217005234015616	38	38	-10.540698528289797	-19.82461988925934	-0.2773868033760472	-0.5217005234015616	9.283921360969543	0.2443137200255143	True	True	I know, but I'm really hot.	just	0.2443137200255143	9.283921360969543	0	"Speaker 1: let's go swimming.
Speaker 2: But, we just finished eating lunch.
Speaker 1: "	"Speaker 1: let's go swimming.
Speaker 2: But, we finished eating lunch.
Speaker 1: "	Speaker 1
4	5	expanded_data	discourse_particle	35	just_j_8362	just	h	let's go swimming.	But, we just finished eating lunch.	But, we finished eating lunch.	I know, but I'm really hot.		P	But, we just finished eating lunch.	nucleus	chat	0.9	1.0	20260416	1023332715	50	50	500	44	44	Good point! I think we should wait a bit before going swimming. Maybe take a short walk or do some stretching to help digest our food first. How about we take a little break and then plan our swimming adventure for later?	good point! i think we should wait a bit before going swimming. maybe take a short walk or do some stretching to help digest our food first. how about we take a little break and then plan our swimming adventure for later?	Good point! I think we should wait a bit before going swimming. Maybe take a short walk or do some stretching to help digest our food first. How about we take a little break and then plan our swimming adventure for later?	-22.822819709777832	-35.06382918357849	-0.4475062688191731	-0.6875260624231077	51	51	-22.822819709777832	-35.06382918357849	-0.4475062688191731	-0.6875260624231077	12.24100947380066	0.2400197936039345	True	True	I know, but I'm really hot.	just	0.2400197936039345	12.24100947380066	0	"Speaker 1: let's go swimming.
Speaker 2: But, we just finished eating lunch.
Speaker 1: "	"Speaker 1: let's go swimming.
Speaker 2: But, we finished eating lunch.
Speaker 1: "	Speaker 1
5	6	expanded_data	discourse_particle	35	just_j_8362	just	h	let's go swimming.	But, we just finished eating lunch.	But, we finished eating lunch.	I know, but I'm really hot.		P	But, we just finished eating lunch.	nucleus	chat	0.9	1.0	20260416	1023332715	50	50	500	47	47	I got a little ahead of myself. How about we take a walk instead? Or do something else that's fun, but not swimming just yet?	i got a little ahead of myself. how about we take a walk instead? or do something else that's fun, but not swimming just yet?	I got a little ahead of myself. How about we take a walk instead? Or do something else that's fun, but not swimming just yet?	-25.659663796424866	-34.002012610435486	-0.7331332513264247	-0.971486074583871	35	35	-25.659663796424866	-34.002012610435486	-0.7331332513264247	-0.971486074583871	8.34234881401062	0.2383528232574463	True	True	I know, but I'm really hot.	just	0.2383528232574463	8.34234881401062	0	"Speaker 1: let's go swimming.
Speaker 2: But, we just finished eating lunch.
Speaker 1: "	"Speaker 1: let's go swimming.
Speaker 2: But, we finished eating lunch.
Speaker 1: "	Speaker 1
6	7	expanded_data	discourse_particle	35	just_j_8362	just	h	let's go swimming.	But, we just finished eating lunch.	But, we finished eating lunch.	I know, but I'm really hot.		P	But, we just finished eating lunch.	nucleus	chat	0.9	1.0	20260416	1023332715	50	50	500	23	23	I didn't think about that. Maybe we should wait a bit before going swimming?	i didn't think about that. maybe we should wait a bit before going swimming?	I didn't think about that. Maybe we should wait a bit before going swimming?	-10.801692724227903	-15.897836089134216	-0.4909860329194502	-0.7226289131424644	22	22	-10.801692724227903	-15.897836089134216	-0.4909860329194502	-0.7226289131424644	5.096143364906311	0.2316428802230141	True	True	I know, but I'm really hot.	just	0.2316428802230141	5.096143364906311	0	"Speaker 1: let's go swimming.
Speaker 2: But, we just finished eating lunch.
Speaker 1: "	"Speaker 1: let's go swimming.
Speaker 2: But, we finished eating lunch.
Speaker 1: "	Speaker 1
7	8	expanded_data	discourse_particle	35	just_j_8362	just	h	let's go swimming.	But, we just finished eating lunch.	But, we finished eating lunch.	I know, but I'm really hot.		P	But, we just finished eating lunch.	nucleus	chat	0.9	1.0	20260416	1023332715	50	50	500	32	32	I forgot about that. Maybe we can plan our swimming trip for later, after we've digested our food. How about we take a walk around the block instead to get some fresh air and burn off some of those calories?	i forgot about that. maybe we can plan our swimming trip for later, after we've digested our food. how about we take a walk around the block instead to get some fresh air and burn off some of those calories?	I forgot about that. Maybe we can plan our swimming trip for later, after we've digested our food. How about we take a walk around the block instead to get some fresh air and burn off some of those calories?	-24.210583329200745	-35.57068717479706	-0.4747173201804067	-0.6974644544077855	51	51	-24.210583329200745	-35.57068717479706	-0.4747173201804067	-0.6974644544077855	11.360103845596312	0.2227471342273787	True	True	I know, but I'm really hot.	just	0.2227471342273787	11.360103845596312	0	"Speaker 1: let's go swimming.
Speaker 2: But, we just finished eating lunch.
Speaker 1: "	"Speaker 1: let's go swimming.
Speaker 2: But, we finished eating lunch.
Speaker 1: "	Speaker 1
8	9	expanded_data	discourse_particle	10	just_j_12718	just	h	Hello Mr Waterstone, what can I do for you today?	Hello, Becky. Well, you see, I have this thing here, called a Fixed Deposit Certificate, and I've just noticed the date on it.	Hello, Becky. Well, you see, I have this thing here, called a Fixed Deposit Certificate, and I've noticed the date on it.	Oh, I see. You have two choices here you can either redeem or renew.		P	Hello, Becky. Well, you see, I have this thing here, called a Fixed Deposit Certificate, and I've just noticed the date on it.	nucleus	chat	0.9	1.0	20260416	1476190778	50	50	500	29	29	A Fixed Deposit Certificate, that's a long-term investment, is it? And you've just noticed the date on it, you say? Which date is that, exactly? The maturity date, perhaps?	a fixed deposit certificate, that's a long-term investment, is it? and you've just noticed the date on it, you say? which date is that, exactly? the maturity date, perhaps?	A Fixed Deposit Certificate, that's a long-term investment, is it? And you've just noticed the date on it, you say? Which date is that, exactly? The maturity date, perhaps?	-21.070552945137024	-31.177908062934875	-0.4580554988073266	-0.6777806100638016	46	46	-21.070552945137024	-31.177908062934875	-0.4580554988073266	-0.6777806100638016	10.107355117797852	0.219725111256475	True	True	Oh, I see. You have two choices here you can either redeem or renew.	just	0.219725111256475	10.107355117797852	0	"Speaker 1: Hello Mr Waterstone, what can I do for you today?
Speaker 2: Hello, Becky. Well, you see, I have this thing here, called a Fixed Deposit Certificate, and I've just noticed the date on it.
Speaker 1: "	"Speaker 1: Hello Mr Waterstone, what can I do for you today?
Speaker 2: Hello, Becky. Well, you see, I have this thing here, called a Fixed Deposit Certificate, and I've noticed the date on it.
Speaker 1: "	Speaker 1
9	10	expanded_data	discourse_particle	31	just_j_2438	just	h	OK, so are you ready to learn how to bake a cake?	Almost, let me just put my apron on.	Almost, let me put my apron on.	OK, so the first thing we are going to do is pre-heat the oven, that way we have it at the desired temperature once we finish preparing everything. Set it to three hundred and seventy five degrees Fahrenheit.		P	Almost, let me just put my apron on.	nucleus	chat	0.9	1.0	20260416	491321217	50	50	500	22	22	Ahaha, go for it!	ahaha, go for it!	Ahaha, go for it!	-8.602901816368103	-11.238319396972656	-0.7169084846973419	-0.936526616414388	12	12	-8.602901816368103	-11.238319396972656	-0.7169084846973419	-0.936526616414388	2.635417580604553	0.2196181317170461	True	True	OK, so the first thing we are going to do is pre-heat the oven, that way we have it at the desired temperature once we finish preparing everything. Set it to three hundred and seventy five degrees Fahrenheit.	just	0.2196181317170461	2.635417580604553	0	"Speaker 1: OK, so are you ready to learn how to bake a cake?
Speaker 2: Almost, let me just put my apron on.
Speaker 1: "	"Speaker 1: OK, so are you ready to learn how to bake a cake?
Speaker 2: Almost, let me put my apron on.
Speaker 1: "	Speaker 1
10	11	expanded_data	discourse_particle	35	just_j_8362	just	h	let's go swimming.	But, we just finished eating lunch.	But, we finished eating lunch.	I know, but I'm really hot.		P	But, we just finished eating lunch.	nucleus	chat	0.9	1.0	20260416	1023332715	50	50	500	39	39	That's a good point! Maybe we should wait a bit before heading out to swim. Don't want to ruin our appetite or risk getting cramps from swimming on a full stomach! How about we take a short walk or do some stretching instead?	that's a good point! maybe we should wait a bit before heading out to swim. don't want to ruin our appetite or risk getting cramps from swimming on a full stomach! how about we take a short walk or do some stretching instead?	That's a good point! Maybe we should wait a bit before heading out to swim. Don't want to ruin our appetite or risk getting cramps from swimming on a full stomach! How about we take a short walk or do some stretching instead?	-24.22934341430664	-36.308167457580566	-0.4405335166237571	-0.6601484992287375	55	55	-24.22934341430664	-36.308167457580566	-0.4405335166237571	-0.6601484992287375	12.078824043273926	0.2196149826049804	True	True	I know, but I'm really hot.	just	0.2196149826049804	12.078824043273926	0	"Speaker 1: let's go swimming.
Speaker 2: But, we just finished eating lunch.
Speaker 1: "	"Speaker 1: let's go swimming.
Speaker 2: But, we finished eating lunch.
Speaker 1: "	Speaker 1
11	12	expanded_data	discourse_particle	6	just_j_638	just	h	Hello, do you have any vacancies?	Yes, something just opened up.	Yes, something opened up.	What kind of apartment is it?		P	Yes, something just opened up.	nucleus	chat	0.9	1.0	20260416	894870064	50	50	500	11	11	I'm excited! What kind of opportunity has just opened up? Is it a job, a project, or something else entirely?	i'm excited! what kind of opportunity has just opened up? is it a job, a project, or something else entirely?	I'm excited! What kind of opportunity has just opened up? Is it a job, a project, or something else entirely?	-13.678421020507812	-20.333099961280823	-0.4412393877583165	-0.6559064503638975	31	31	-13.678421020507812	-20.333099961280823	-0.4412393877583165	-0.6559064503638975	6.65467894077301	0.2146670626055809	True	True	What kind of apartment is it?	just	0.2146670626055809	6.65467894077301	1	"Speaker 1: Hello, do you have any vacancies?
Speaker 2: Yes, something just opened up.
Speaker 1: "	"Speaker 1: Hello, do you have any vacancies?
Speaker 2: Yes, something opened up.
Speaker 1: "	Speaker 1
12	13	expanded_data	discourse_particle	35	just_j_8362	just	h	let's go swimming.	But, we just finished eating lunch.	But, we finished eating lunch.	I know, but I'm really hot.		P	But, we just finished eating lunch.	nucleus	chat	0.9	1.0	20260416	1023332715	50	50	500	10	10	Good point! Maybe we should wait a bit before going swimming. It's always more comfortable to swim on an empty stomach, and we wouldn't want to get cramps or feel sick while we're in the water. How about we take a walk or do something else for a bit, and then go swimming later when	good point! maybe we should wait a bit before going swimming. it's always more comfortable to swim on an empty stomach, and we wouldn't want to get cramps or feel sick while we're in the water. how about we take a walk or do something else for a bit, and then go swimming later when	Good point! Maybe we should wait a bit before going swimming. It's always more comfortable to swim on an empty stomach, and we wouldn't want to get cramps or feel sick while we're in the water. How about we take a walk or do something else for a bit, and then go swimming later when	-55.59216618537903	-69.49921345710754	-0.8056835679040439	-1.0072349776392395	69	69	-55.59216618537903	-69.49921345710754	-0.8056835679040439	-1.0072349776392395	13.907047271728516	0.2015514097351958	True	True	I know, but I'm really hot.	just	0.2015514097351958	13.907047271728516	0	"Speaker 1: let's go swimming.
Speaker 2: But, we just finished eating lunch.
Speaker 1: "	"Speaker 1: let's go swimming.
Speaker 2: But, we finished eating lunch.
Speaker 1: "	Speaker 1
13	14	expanded_data	discourse_particle	35	just_j_8362	just	h	let's go swimming.	But, we just finished eating lunch.	But, we finished eating lunch.	I know, but I'm really hot.		P	But, we just finished eating lunch.	nucleus	chat	0.9	1.0	20260416	1023332715	50	50	500	9	9	Yeah, that's a good point! Maybe we should wait a bit before going swimming. How about we take a walk around the block instead to help digest our food?	yeah, that's a good point! maybe we should wait a bit before going swimming. how about we take a walk around the block instead to help digest our food?	Yeah, that's a good point! Maybe we should wait a bit before going swimming. How about we take a walk around the block instead to help digest our food?	-19.162911534309387	-26.97958922386169	-0.491356706007933	-0.6917843390733768	39	39	-19.162911534309387	-26.97958922386169	-0.491356706007933	-0.6917843390733768	7.816677689552307	0.2004276330654437	True	True	I know, but I'm really hot.	just	0.2004276330654437	7.816677689552307	0	"Speaker 1: let's go swimming.
Speaker 2: But, we just finished eating lunch.
Speaker 1: "	"Speaker 1: let's go swimming.
Speaker 2: But, we finished eating lunch.
Speaker 1: "	Speaker 1
14	15	expanded_data	discourse_particle	1	just_j_5467	just	h	I want to leave the motorbike outdoors.	Fine, just don't do it at night.	Fine, don't do it at night.	Why not?		P	Fine, just don't do it at night.	nucleus	chat	0.9	1.0	20260416	788549607	50	50	500	38	38	You're making sure I'm aware of the importance of safety and visibility when parking a motorbike, especially at night.	you're making sure i'm aware of the importance of safety and visibility when parking a motorbike, especially at night.	You're making sure I'm aware of the importance of safety and visibility when parking a motorbike, especially at night.	-20.304099917411804	-26.06341660022736	-0.700141376462476	-0.8987385034561157	29	29	-20.304099917411804	-26.06341660022736	-0.700141376462476	-0.8987385034561157	5.759316682815552	0.1985971269936397	True	True	Why not?	just	0.1985971269936397	5.759316682815552	0	"Speaker 1: I want to leave the motorbike outdoors.
Speaker 2: Fine, just don't do it at night.
Speaker 1: "	"Speaker 1: I want to leave the motorbike outdoors.
Speaker 2: Fine, don't do it at night.
Speaker 1: "	Speaker 1
15	16	expanded_data	discourse_particle	35	just_j_8362	just	h	let's go swimming.	But, we just finished eating lunch.	But, we finished eating lunch.	I know, but I'm really hot.		P	But, we just finished eating lunch.	nucleus	chat	0.9	1.0	20260416	1023332715	50	50	500	24	24	Good point! Maybe we can go swimming after a little break to digest our lunch. How about we take a walk or do something else to burn off some of those calories before heading to the pool?	good point! maybe we can go swimming after a little break to digest our lunch. how about we take a walk or do something else to burn off some of those calories before heading to the pool?	Good point! Maybe we can go swimming after a little break to digest our lunch. How about we take a walk or do something else to burn off some of those calories before heading to the pool?	-26.454345703125	-35.37739932537079	-0.5878743489583333	-0.7861644294526842	45	45	-26.454345703125	-35.37739932537079	-0.5878743489583333	-0.7861644294526842	8.923053622245789	0.1982900804943508	True	True	I know, but I'm really hot.	just	0.1982900804943508	8.923053622245789	0	"Speaker 1: let's go swimming.
Speaker 2: But, we just finished eating lunch.
Speaker 1: "	"Speaker 1: let's go swimming.
Speaker 2: But, we finished eating lunch.
Speaker 1: "	Speaker 1
16	17	expanded_data	discourse_particle	1	just_j_5467	just	h	I want to leave the motorbike outdoors.	Fine, just don't do it at night.	Fine, don't do it at night.	Why not?		P	Fine, just don't do it at night.	nucleus	chat	0.9	1.0	20260416	788549607	50	50	500	32	32	Why not at night?	why not at night?	Why not at night?	-4.104550004005432	-6.01262640953064	-0.4104550004005432	-0.6012626409530639	10	10	-4.104550004005432	-6.01262640953064	-0.4104550004005432	-0.6012626409530639	1.9080764055252075	0.1908076405525207	True	True	Why not?	just	0.1908076405525207	1.9080764055252075	0	"Speaker 1: I want to leave the motorbike outdoors.
Speaker 2: Fine, just don't do it at night.
Speaker 1: "	"Speaker 1: I want to leave the motorbike outdoors.
Speaker 2: Fine, don't do it at night.
Speaker 1: "	Speaker 1
17	18	expanded_data	discourse_particle	35	just_j_8362	just	h	let's go swimming.	But, we just finished eating lunch.	But, we finished eating lunch.	I know, but I'm really hot.		P	But, we just finished eating lunch.	nucleus	chat	0.9	1.0	20260416	1023332715	50	50	500	50	50	That's true! It might not be a good idea to go swimming right after eating, especially if you ate something greasy or heavy. We don't want to risk getting stomach cramps or discomfort in the water!	that's true! it might not be a good idea to go swimming right after eating, especially if you ate something greasy or heavy. we don't want to risk getting stomach cramps or discomfort in the water!	That's true! It might not be a good idea to go swimming right after eating, especially if you ate something greasy or heavy. We don't want to risk getting stomach cramps or discomfort in the water!\n\nHow about we take a walk or do some light stretching instead? Then we can go swimming later when	-30.07516872882843	-39.35935652256012	-0.6137789536495598	-0.8032521739297983	49	49	-30.07516872882843	-39.35935652256012	-0.6137789536495598	-0.8032521739297983	9.28418779373169	0.1894732202802385	True	True	I know, but I'm really hot.	just	0.1894732202802385	9.28418779373169	0	"Speaker 1: let's go swimming.
Speaker 2: But, we just finished eating lunch.
Speaker 1: "	"Speaker 1: let's go swimming.
Speaker 2: But, we finished eating lunch.
Speaker 1: "	Speaker 1
18	19	expanded_data	discourse_particle	25	just_j_12662	just	h	Is everything all right?__eou__Not at all.__eou__What's the problem?	Someone just robbed me.	Someone robbed me.	What do you mean?		P	Someone just robbed me.	nucleus	chat	0.9	1.0	20260416	310199087	50	50	500	39	39	Oh no, I'm so sorry to hear that! Are you okay? That must be really scary and upsetting. Did the police arrive quickly? Have you given them a description of the person who robbed you?	oh no, i'm so sorry to hear that! are you okay? that must be really scary and upsetting. did the police arrive quickly? have you given them a description of the person who robbed you?	Oh no, I'm so sorry to hear that! Are you okay? That must be really scary and upsetting. Did the police arrive quickly? Have you given them a description of the person who robbed you?	-21.959302306175232	-30.80410981178284	-0.4672191980037283	-0.6554065917400603	47	47	-21.959302306175232	-30.80410981178284	-0.4672191980037283	-0.6554065917400603	8.844807505607605	0.1881873937363319	True	True	What do you mean?	just	0.1881873937363319	8.844807505607605	1	"Speaker 1: Is everything all right?
Speaker 2: Not at all.
Speaker 1: What's the problem?
Speaker 2: Someone just robbed me.
Speaker 1: "	"Speaker 1: Is everything all right?
Speaker 2: Not at all.
Speaker 1: What's the problem?
Speaker 2: Someone robbed me.
Speaker 1: "	Speaker 1
19	20	expanded_data	discourse_particle	10	just_j_12718	just	h	Hello Mr Waterstone, what can I do for you today?	Hello, Becky. Well, you see, I have this thing here, called a Fixed Deposit Certificate, and I've just noticed the date on it.	Hello, Becky. Well, you see, I have this thing here, called a Fixed Deposit Certificate, and I've noticed the date on it.	Oh, I see. You have two choices here you can either redeem or renew.		P	Hello, Becky. Well, you see, I have this thing here, called a Fixed Deposit Certificate, and I've just noticed the date on it.	nucleus	chat	0.9	1.0	20260416	1476190778	50	50	500	47	47	A Fixed Deposit Certificate, that's an oldie but a goodie! And you've just noticed the date on it, have you? What seems to be the problem, Mr. Waterstone? Is the date causing you some concern?	a fixed deposit certificate, that's an oldie but a goodie! and you've just noticed the date on it, have you? what seems to be the problem, mr. waterstone? is the date causing you some concern?	A Fixed Deposit Certificate, that's an oldie but a goodie! And you've just noticed the date on it, have you? What seems to be the problem, Mr. Waterstone? Is the date causing you some concern?	-19.018104434013367	-28.869038105010983	-0.3588321591323277	-0.5446988321700186	53	53	-19.018104434013367	-28.869038105010983	-0.3588321591323277	-0.5446988321700186	9.85093367099762	0.1858666730376909	True	True	Oh, I see. You have two choices here you can either redeem or renew.	just	0.1858666730376909	9.85093367099762	0	"Speaker 1: Hello Mr Waterstone, what can I do for you today?
Speaker 2: Hello, Becky. Well, you see, I have this thing here, called a Fixed Deposit Certificate, and I've just noticed the date on it.
Speaker 1: "	"Speaker 1: Hello Mr Waterstone, what can I do for you today?
Speaker 2: Hello, Becky. Well, you see, I have this thing here, called a Fixed Deposit Certificate, and I've noticed the date on it.
Speaker 1: "	Speaker 1
20	21	expanded_data	discourse_particle	10	just_j_12718	just	h	Hello Mr Waterstone, what can I do for you today?	Hello, Becky. Well, you see, I have this thing here, called a Fixed Deposit Certificate, and I've just noticed the date on it.	Hello, Becky. Well, you see, I have this thing here, called a Fixed Deposit Certificate, and I've noticed the date on it.	Oh, I see. You have two choices here you can either redeem or renew.		P	Hello, Becky. Well, you see, I have this thing here, called a Fixed Deposit Certificate, and I've just noticed the date on it.	nucleus	chat	0.9	1.0	20260416	1476190778	50	50	500	46	46	A Fixed Deposit Certificate, you say? That's a type of savings account, isn't it? And you've just noticed the date on it? Is everything okay, Mr. Waterstone? Is it expired or something?	a fixed deposit certificate, you say? that's a type of savings account, isn't it? and you've just noticed the date on it? is everything okay, mr. waterstone? is it expired or something?	A Fixed Deposit Certificate, you say? That's a type of savings account, isn't it? And you've just noticed the date on it? Is everything okay, Mr. Waterstone? Is it expired or something?	-19.506717205047607	-28.79602193832397	-0.3901343441009521	-0.5759204387664795	50	50	-19.506717205047607	-28.79602193832397	-0.3901343441009521	-0.5759204387664795	9.289304733276367	0.1857860946655273	True	True	Oh, I see. You have two choices here you can either redeem or renew.	just	0.1857860946655273	9.289304733276367	0	"Speaker 1: Hello Mr Waterstone, what can I do for you today?
Speaker 2: Hello, Becky. Well, you see, I have this thing here, called a Fixed Deposit Certificate, and I've just noticed the date on it.
Speaker 1: "	"Speaker 1: Hello Mr Waterstone, what can I do for you today?
Speaker 2: Hello, Becky. Well, you see, I have this thing here, called a Fixed Deposit Certificate, and I've noticed the date on it.
Speaker 1: "	Speaker 1
21	22	expanded_data	discourse_particle	35	just_j_8362	just	h	let's go swimming.	But, we just finished eating lunch.	But, we finished eating lunch.	I know, but I'm really hot.		P	But, we just finished eating lunch.	nucleus	chat	0.9	1.0	20260416	1023332715	50	50	500	36	36	That's a good point. Maybe we should wait a bit before going swimming. We don't want to get cramps or have food poisoning from eating too soon after swimming. How about we take a walk instead?	that's a good point. maybe we should wait a bit before going swimming. we don't want to get cramps or have food poisoning from eating too soon after swimming. how about we take a walk instead?	That's a good point. Maybe we should wait a bit before going swimming. We don't want to get cramps or have food poisoning from eating too soon after swimming. How about we take a walk instead?	-26.95832371711731	-35.85991597175598	-0.5616317441066107	-0.7470815827449163	48	48	-26.95832371711731	-35.85991597175598	-0.5616317441066107	-0.7470815827449163	8.901592254638672	0.1854498386383056	True	True	I know, but I'm really hot.	just	0.1854498386383056	8.901592254638672	0	"Speaker 1: let's go swimming.
Speaker 2: But, we just finished eating lunch.
Speaker 1: "	"Speaker 1: let's go swimming.
Speaker 2: But, we finished eating lunch.
Speaker 1: "	Speaker 1
22	23	expanded_data	discourse_particle	35	just_j_8362	just	h	let's go swimming.	But, we just finished eating lunch.	But, we finished eating lunch.	I know, but I'm really hot.		P	But, we just finished eating lunch.	nucleus	chat	0.9	1.0	20260416	1023332715	50	50	500	20	20	Good point! Maybe we should wait a bit before going swimming. It's always more enjoyable to swim on a full stomach, but also not too soon after eating. How about we take a short walk or do some stretching exercises instead?	good point! maybe we should wait a bit before going swimming. it's always more enjoyable to swim on a full stomach, but also not too soon after eating. how about we take a short walk or do some stretching exercises instead?	Good point! Maybe we should wait a bit before going swimming. It's always more enjoyable to swim on a full stomach, but also not too soon after eating. How about we take a short walk or do some stretching exercises instead?	-22.43312919139862	-31.93576872348785	-0.4314063306038196	-0.6141493985286126	52	52	-22.43312919139862	-31.93576872348785	-0.4314063306038196	-0.6141493985286126	9.502639532089232	0.182743067924793	True	True	I know, but I'm really hot.	just	0.182743067924793	9.502639532089232	0	"Speaker 1: let's go swimming.
Speaker 2: But, we just finished eating lunch.
Speaker 1: "	"Speaker 1: let's go swimming.
Speaker 2: But, we finished eating lunch.
Speaker 1: "	Speaker 1
23	24	expanded_data	discourse_particle	1	just_j_5467	just	h	I want to leave the motorbike outdoors.	Fine, just don't do it at night.	Fine, don't do it at night.	Why not?		P	Fine, just don't do it at night.	nucleus	chat	0.9	1.0	20260416	788549607	50	50	500	49	49	Why not? Is there a specific reason you're asking me to avoid leaving the motorbike outdoors at night?	why not? is there a specific reason you're asking me to avoid leaving the motorbike outdoors at night?	Why not? Is there a specific reason you're asking me to avoid leaving the motorbike outdoors at night?	-10.881752967834473	-15.67502474784851	-0.4030278876975731	-0.5805564721425375	27	27	-10.881752967834473	-15.67502474784851	-0.4030278876975731	-0.5805564721425375	4.793271780014038	0.1775285844449644	True	True	Why not?	just	0.1775285844449644	4.793271780014038	0	"Speaker 1: I want to leave the motorbike outdoors.
Speaker 2: Fine, just don't do it at night.
Speaker 1: "	"Speaker 1: I want to leave the motorbike outdoors.
Speaker 2: Fine, don't do it at night.
Speaker 1: "	Speaker 1
24	25	expanded_data	discourse_particle	25	just_j_12662	just	h	Is everything all right?__eou__Not at all.__eou__What's the problem?	Someone just robbed me.	Someone robbed me.	What do you mean?		P	Someone just robbed me.	nucleus	chat	0.9	1.0	20260416	310199087	50	50	500	17	17	Oh no, I'm so sorry to hear that! That must be really scary and upsetting. Can you tell me more about what happened? Did the police arrive yet? Are you safe?	oh no, i'm so sorry to hear that! that must be really scary and upsetting. can you tell me more about what happened? did the police arrive yet? are you safe?	Oh no, I'm so sorry to hear that! That must be really scary and upsetting. Can you tell me more about what happened? Did the police arrive yet? Are you safe?	-12.753478050231934	-20.38032579421997	-0.2965925127960915	-0.4739610649818598	43	43	-12.753478050231934	-20.38032579421997	-0.2965925127960915	-0.4739610649818598	7.626847743988037	0.1773685521857683	True	True	What do you mean?	just	0.1773685521857683	7.626847743988037	1	"Speaker 1: Is everything all right?
Speaker 2: Not at all.
Speaker 1: What's the problem?
Speaker 2: Someone just robbed me.
Speaker 1: "	"Speaker 1: Is everything all right?
Speaker 2: Not at all.
Speaker 1: What's the problem?
Speaker 2: Someone robbed me.
Speaker 1: "	Speaker 1
25	26	expanded_data	discourse_particle	35	just_j_8362	just	h	let's go swimming.	But, we just finished eating lunch.	But, we finished eating lunch.	I know, but I'm really hot.		P	But, we just finished eating lunch.	nucleus	chat	0.9	1.0	20260416	1023332715	50	50	500	11	11	"Good point! In that case, maybe we should wait a bit before going swimming. It's always a good idea to wait a certain amount of time after eating before getting into the water to avoid any, ahem, ""swimming pool mishaps"". How about we do something else for a bit, and then head"	"good point! in that case, maybe we should wait a bit before going swimming. it's always a good idea to wait a certain amount of time after eating before getting into the water to avoid any, ahem, ""swimming pool mishaps"". how about we do something else for a bit, and then head"	"Good point! In that case, maybe we should wait a bit before going swimming. It's always a good idea to wait a certain amount of time after eating before getting into the water to avoid any, ahem, ""swimming pool mishaps"". How about we do something else for a bit, and then head"	-60.95280063152313	-73.18386435508728	-0.8833739221959874	-1.06063571529112	69	69	-60.95280063152313	-73.18386435508728	-0.8833739221959874	-1.06063571529112	12.231063723564148	0.1772617930951326	True	True	I know, but I'm really hot.	just	0.1772617930951326	12.231063723564148	0	"Speaker 1: let's go swimming.
Speaker 2: But, we just finished eating lunch.
Speaker 1: "	"Speaker 1: let's go swimming.
Speaker 2: But, we finished eating lunch.
Speaker 1: "	Speaker 1
26	27	expanded_data	discourse_particle	35	just_j_8362	just	h	let's go swimming.	But, we just finished eating lunch.	But, we finished eating lunch.	I know, but I'm really hot.		P	But, we just finished eating lunch.	nucleus	chat	0.9	1.0	20260416	1023332715	50	50	500	33	33	Good point! Maybe we should wait a bit before going swimming, so we don't get stomach cramps or make a mess in the water. How about we play a game or take a short walk instead, and then go swimming later?	good point! maybe we should wait a bit before going swimming, so we don't get stomach cramps or make a mess in the water. how about we play a game or take a short walk instead, and then go swimming later?	Good point! Maybe we should wait a bit before going swimming, so we don't get stomach cramps or make a mess in the water. How about we play a game or take a short walk instead, and then go swimming later?	-17.972217917442322	-27.246628761291504	-0.3390984512724966	-0.5140873351187076	53	53	-17.972217917442322	-27.246628761291504	-0.3390984512724966	-0.5140873351187076	9.274410843849182	0.1749888838462109	True	True	I know, but I'm really hot.	just	0.1749888838462109	9.274410843849182	0	"Speaker 1: let's go swimming.
Speaker 2: But, we just finished eating lunch.
Speaker 1: "	"Speaker 1: let's go swimming.
Speaker 2: But, we finished eating lunch.
Speaker 1: "	Speaker 1
27	28	expanded_data	discourse_particle	25	just_j_12662	just	h	Is everything all right?__eou__Not at all.__eou__What's the problem?	Someone just robbed me.	Someone robbed me.	What do you mean?		P	Someone just robbed me.	nucleus	chat	0.9	1.0	20260416	310199087	50	50	500	3	3	Oh no, I'm so sorry to hear that! That must be really scary and upsetting. Are you safe now? Have you called the police?	oh no, i'm so sorry to hear that! that must be really scary and upsetting. are you safe now? have you called the police?	Oh no, I'm so sorry to hear that! That must be really scary and upsetting. Are you safe now? Have you called the police?	-6.377932906150818	-12.162954807281494	-0.1822266544614519	-0.347512994493757	35	35	-6.377932906150818	-12.162954807281494	-0.1822266544614519	-0.347512994493757	5.785021901130676	0.165286340032305	True	True	What do you mean?	just	0.165286340032305	5.785021901130676	1	"Speaker 1: Is everything all right?
Speaker 2: Not at all.
Speaker 1: What's the problem?
Speaker 2: Someone just robbed me.
Speaker 1: "	"Speaker 1: Is everything all right?
Speaker 2: Not at all.
Speaker 1: What's the problem?
Speaker 2: Someone robbed me.
Speaker 1: "	Speaker 1
28	29	expanded_data	discourse_particle	35	just_j_8362	just	h	let's go swimming.	But, we just finished eating lunch.	But, we finished eating lunch.	I know, but I'm really hot.		P	But, we just finished eating lunch.	nucleus	chat	0.9	1.0	20260416	1023332715	50	50	500	27	27	You're right. It's a bit early for swimming after lunch. Maybe we can plan it for later in the day or tomorrow instead?	you're right. it's a bit early for swimming after lunch. maybe we can plan it for later in the day or tomorrow instead?	You're right. It's a bit early for swimming after lunch. Maybe we can plan it for later in the day or tomorrow instead?	-15.773409843444824	-21.2258358001709	-0.4779821164680249	-0.6432071454597242	33	33	-15.773409843444824	-21.2258358001709	-0.4779821164680249	-0.6432071454597242	5.452425956726074	0.1652250289916992	True	True	I know, but I'm really hot.	just	0.1652250289916992	5.452425956726074	0	"Speaker 1: let's go swimming.
Speaker 2: But, we just finished eating lunch.
Speaker 1: "	"Speaker 1: let's go swimming.
Speaker 2: But, we finished eating lunch.
Speaker 1: "	Speaker 1
29	30	expanded_data	discourse_particle	35	just_j_8362	just	h	let's go swimming.	But, we just finished eating lunch.	But, we finished eating lunch.	I know, but I'm really hot.		P	But, we just finished eating lunch.	nucleus	chat	0.9	1.0	20260416	1023332715	50	50	500	46	46	It's okay to take a break between meals. What do you say we take a short walk or do something else to get some fresh air before we head out to swim?	it's okay to take a break between meals. what do you say we take a short walk or do something else to get some fresh air before we head out to swim?	It's okay to take a break between meals. What do you say we take a short walk or do something else to get some fresh air before we head out to swim?	-30.04050922393799	-36.64547836780548	-0.7510127305984498	-0.916136959195137	40	40	-30.04050922393799	-36.64547836780548	-0.7510127305984498	-0.916136959195137	6.604969143867493	0.1651242285966873	True	True	I know, but I'm really hot.	just	0.1651242285966873	6.604969143867493	0	"Speaker 1: let's go swimming.
Speaker 2: But, we just finished eating lunch.
Speaker 1: "	"Speaker 1: let's go swimming.
Speaker 2: But, we finished eating lunch.
Speaker 1: "	Speaker 1
30	31	expanded_data	discourse_particle	35	just_j_8362	just	h	let's go swimming.	But, we just finished eating lunch.	But, we finished eating lunch.	I know, but I'm really hot.		P	But, we just finished eating lunch.	nucleus	chat	0.9	1.0	20260416	1023332715	50	50	500	16	16	I didn't think that one through. Maybe we should wait a bit before going swimming, just to make sure our food is fully digested and we don't get cramps or stomachaches while in the water. How about we take a walk or do something else for a bit first, and then we can head out	i didn't think that one through. maybe we should wait a bit before going swimming, just to make sure our food is fully digested and we don't get cramps or stomachaches while in the water. how about we take a walk or do something else for a bit first, and then we can head out	I didn't think that one through. Maybe we should wait a bit before going swimming, just to make sure our food is fully digested and we don't get cramps or stomachaches while in the water. How about we take a walk or do something else for a bit first, and then we can head out	-57.2170090675354	-68.59440839290619	-0.8292320154715276	-0.9941218607667563	69	69	-57.2170090675354	-68.59440839290619	-0.8292320154715276	-0.9941218607667563	11.377399325370789	0.1648898452952287	True	True	I know, but I'm really hot.	just	0.1648898452952287	11.377399325370789	0	"Speaker 1: let's go swimming.
Speaker 2: But, we just finished eating lunch.
Speaker 1: "	"Speaker 1: let's go swimming.
Speaker 2: But, we finished eating lunch.
Speaker 1: "	Speaker 1
31	32	expanded_data	discourse_particle	35	just_j_8362	just	h	let's go swimming.	But, we just finished eating lunch.	But, we finished eating lunch.	I know, but I'm really hot.		P	But, we just finished eating lunch.	nucleus	chat	0.9	1.0	20260416	1023332715	50	50	500	43	43	That's a good point! Maybe we should wait a bit before going swimming. We don't want to get waterlogged stomachs! How about we take a short walk or do some stretching exercises instead?	that's a good point! maybe we should wait a bit before going swimming. we don't want to get waterlogged stomachs! how about we take a short walk or do some stretching exercises instead?	That's a good point! Maybe we should wait a bit before going swimming. We don't want to get waterlogged stomachs! How about we take a short walk or do some stretching exercises instead?	-13.368226289749146	-20.90919601917267	-0.2906136149945466	-0.4545477395472319	46	46	-13.368226289749146	-20.90919601917267	-0.2906136149945466	-0.4545477395472319	7.540969729423523	0.1639341245526853	True	True	I know, but I'm really hot.	just	0.1639341245526853	7.540969729423523	0	"Speaker 1: let's go swimming.
Speaker 2: But, we just finished eating lunch.
Speaker 1: "	"Speaker 1: let's go swimming.
Speaker 2: But, we finished eating lunch.
Speaker 1: "	Speaker 1
32	33	expanded_data	discourse_particle	35	just_j_8362	just	h	let's go swimming.	But, we just finished eating lunch.	But, we finished eating lunch.	I know, but I'm really hot.		P	But, we just finished eating lunch.	nucleus	chat	0.9	1.0	20260416	1023332715	50	50	500	22	22	That's a good point! Maybe we should wait a bit before going swimming. I'm sure we're not ready to get back in the water just yet. How about we take a short walk or do something else first to digest our food?	that's a good point! maybe we should wait a bit before going swimming. i'm sure we're not ready to get back in the water just yet. how about we take a short walk or do something else first to digest our food?	That's a good point! Maybe we should wait a bit before going swimming. I'm sure we're not ready to get back in the water just yet. How about we take a short walk or do something else first to digest our food?	-26.36661875247956	-35.18685293197632	-0.4882707176385102	-0.651608387629191	54	54	-26.36661875247956	-35.18685293197632	-0.4882707176385102	-0.651608387629191	8.820234179496765	0.1633376699906807	True	True	I know, but I'm really hot.	just	0.1633376699906807	8.820234179496765	0	"Speaker 1: let's go swimming.
Speaker 2: But, we just finished eating lunch.
Speaker 1: "	"Speaker 1: let's go swimming.
Speaker 2: But, we finished eating lunch.
Speaker 1: "	Speaker 1
33	34	expanded_data	discourse_particle	35	just_j_8362	just	h	let's go swimming.	But, we just finished eating lunch.	But, we finished eating lunch.	I know, but I'm really hot.		P	But, we just finished eating lunch.	nucleus	chat	0.9	1.0	20260416	1023332715	50	50	500	2	2	I think I got a little ahead of myself! Yeah, maybe we should wait a bit before going swimming, don't want to swim on a full stomach! How about we do something else for a bit, and then plan a swim for later?	i think i got a little ahead of myself! yeah, maybe we should wait a bit before going swimming, don't want to swim on a full stomach! how about we do something else for a bit, and then plan a swim for later?	I think I got a little ahead of myself! Yeah, maybe we should wait a bit before going swimming, don't want to swim on a full stomach! How about we do something else for a bit, and then plan a swim for later?	-32.51611971855164	-41.39338874816895	-0.5912021767009389	-0.7526070681485263	55	55	-32.51611971855164	-41.39338874816895	-0.5912021767009389	-0.7526070681485263	8.87726902961731	0.1614048914475874	True	True	I know, but I'm really hot.	just	0.1614048914475874	8.87726902961731	0	"Speaker 1: let's go swimming.
Speaker 2: But, we just finished eating lunch.
Speaker 1: "	"Speaker 1: let's go swimming.
Speaker 2: But, we finished eating lunch.
Speaker 1: "	Speaker 1
34	35	expanded_data	discourse_particle	25	just_j_12662	just	h	Is everything all right?__eou__Not at all.__eou__What's the problem?	Someone just robbed me.	Someone robbed me.	What do you mean?		P	Someone just robbed me.	nucleus	chat	0.9	1.0	20260416	310199087	50	50	500	37	37	I'm so sorry to hear that! That must be incredibly upsetting and frightening.	i'm so sorry to hear that! that must be incredibly upsetting and frightening.	I'm so sorry to hear that! That must be incredibly upsetting and frightening.\n\nCan you tell me more about what happened? Where were you when it happened? Did you get a good look at the person who robbed you? Did they take anything valuable?\n\nI'm here to listen and help if I can.	-13.277279734611511	-16.578235387802124	-0.6322514159338815	-0.7894397803715297	21	21	-13.277279734611511	-16.578235387802124	-0.6322514159338815	-0.7894397803715297	3.300955653190613	0.1571883644376482	True	True	What do you mean?	just	0.1571883644376482	3.300955653190613	1	"Speaker 1: Is everything all right?
Speaker 2: Not at all.
Speaker 1: What's the problem?
Speaker 2: Someone just robbed me.
Speaker 1: "	"Speaker 1: Is everything all right?
Speaker 2: Not at all.
Speaker 1: What's the problem?
Speaker 2: Someone robbed me.
Speaker 1: "	Speaker 1
35	36	expanded_data	discourse_particle	35	just_j_8362	just	h	let's go swimming.	But, we just finished eating lunch.	But, we finished eating lunch.	I know, but I'm really hot.		P	But, we just finished eating lunch.	nucleus	chat	0.9	1.0	20260416	1023332715	50	50	500	37	37	That's a good point! I'm not sure it's a good idea to go swimming right after eating. We should probably wait for a bit to let our food digest first. How about we find something else to do instead?	that's a good point! i'm not sure it's a good idea to go swimming right after eating. we should probably wait for a bit to let our food digest first. how about we find something else to do instead?	That's a good point! I'm not sure it's a good idea to go swimming right after eating. We should probably wait for a bit to let our food digest first. How about we find something else to do instead?	-21.44457626342773	-29.44902503490448	-0.4204818875181909	-0.5774318634294996	51	51	-21.44457626342773	-29.44902503490448	-0.4204818875181909	-0.5774318634294996	8.004448771476746	0.1569499759113087	True	True	I know, but I'm really hot.	just	0.1569499759113087	8.004448771476746	0	"Speaker 1: let's go swimming.
Speaker 2: But, we just finished eating lunch.
Speaker 1: "	"Speaker 1: let's go swimming.
Speaker 2: But, we finished eating lunch.
Speaker 1: "	Speaker 1
36	37	expanded_data	discourse_particle	6	just_j_638	just	h	Hello, do you have any vacancies?	Yes, something just opened up.	Yes, something opened up.	What kind of apartment is it?		P	Yes, something just opened up.	nucleus	chat	0.9	1.0	20260416	894870064	50	50	500	36	35	That's great! What's the job or position that just opened up? Can you tell me more about it?	that's great! what's the job or position that just opened up? can you tell me more about it?	That's great! What's the job or position that just opened up? Can you tell me more about it?	-9.494315505027773	-13.856691002845764	-0.3390826966081346	-0.4948818215302059	28	28	-9.494315505027773	-13.856691002845764	-0.3390826966081346	-0.4948818215302059	4.362375497817993	0.1557991249220712	True	True	What kind of apartment is it?	just	0.1557991249220712	4.362375497817993	1	"Speaker 1: Hello, do you have any vacancies?
Speaker 2: Yes, something just opened up.
Speaker 1: "	"Speaker 1: Hello, do you have any vacancies?
Speaker 2: Yes, something opened up.
Speaker 1: "	Speaker 1
37	38	expanded_data	discourse_particle	6	just_j_638	just	h	Hello, do you have any vacancies?	Yes, something just opened up.	Yes, something opened up.	What kind of apartment is it?		P	Yes, something just opened up.	nucleus	chat	0.9	1.0	20260416	894870064	50	50	500	27	26	That's great! What kind of opportunity has just opened up? Is it a job, a project, or something else? I'm curious to know more!	that's great! what kind of opportunity has just opened up? is it a job, a project, or something else? i'm curious to know more!	That's great! What kind of opportunity has just opened up? Is it a job, a project, or something else? I'm curious to know more!	-10.280450701713562	-16.012046933174133	-0.2778500189652314	-0.4327580252209225	37	37	-10.280450701713562	-16.012046933174133	-0.2778500189652314	-0.4327580252209225	5.731596231460571	0.1549080062556911	True	True	What kind of apartment is it?	just	0.1549080062556911	5.731596231460571	1	"Speaker 1: Hello, do you have any vacancies?
Speaker 2: Yes, something just opened up.
Speaker 1: "	"Speaker 1: Hello, do you have any vacancies?
Speaker 2: Yes, something opened up.
Speaker 1: "	Speaker 1
38	39	expanded_data	discourse_particle	6	just_j_638	just	h	Hello, do you have any vacancies?	Yes, something just opened up.	Yes, something opened up.	What kind of apartment is it?		P	Yes, something just opened up.	nucleus	chat	0.9	1.0	20260416	894870064	50	50	500	41	40	What kind of position or opportunity just opened up? I'm curious!	what kind of position or opportunity just opened up? i'm curious!	What kind of position or opportunity just opened up? I'm curious!	-9.753890991210938	-12.638374209403992	-0.513362683747944	-0.6651775899686312	19	19	-9.753890991210938	-12.638374209403992	-0.513362683747944	-0.6651775899686312	2.884483218193054	0.1518149062206871	True	True	What kind of apartment is it?	just	0.1518149062206871	2.884483218193054	1	"Speaker 1: Hello, do you have any vacancies?
Speaker 2: Yes, something just opened up.
Speaker 1: "	"Speaker 1: Hello, do you have any vacancies?
Speaker 2: Yes, something opened up.
Speaker 1: "	Speaker 1
39	40	expanded_data	discourse_particle	1	just_j_5467	just	h	I want to leave the motorbike outdoors.	Fine, just don't do it at night.	Fine, don't do it at night.	Why not?		P	Fine, just don't do it at night.	nucleus	chat	0.9	1.0	20260416	788549607	50	50	500	31	31	Why not at night? Is there a specific reason?	why not at night? is there a specific reason?	Why not at night? Is there a specific reason?	-7.960995316505432	-10.387473821640016	-0.4975622072815895	-0.6492171138525009	16	16	-7.960995316505432	-10.387473821640016	-0.4975622072815895	-0.6492171138525009	2.4264785051345825	0.1516549065709114	True	True	Why not?	just	0.1516549065709114	2.4264785051345825	0	"Speaker 1: I want to leave the motorbike outdoors.
Speaker 2: Fine, just don't do it at night.
Speaker 1: "	"Speaker 1: I want to leave the motorbike outdoors.
Speaker 2: Fine, don't do it at night.
Speaker 1: "	Speaker 1
40	41	expanded_data	discourse_particle	25	just_j_12662	just	h	Is everything all right?__eou__Not at all.__eou__What's the problem?	Someone just robbed me.	Someone robbed me.	What do you mean?		P	Someone just robbed me.	nucleus	chat	0.9	1.0	20260416	310199087	50	50	500	35	35	Oh no, that's terrible! I'm so sorry to hear that. Are you safe now? Did the police arrive?	oh no, that's terrible! i'm so sorry to hear that. are you safe now? did the police arrive?	Oh no, that's terrible! I'm so sorry to hear that. Are you safe now? Did the police arrive?	-8.05325710773468	-12.591845512390137	-0.268441903591156	-0.4197281837463379	30	30	-8.05325710773468	-12.591845512390137	-0.268441903591156	-0.4197281837463379	4.5385884046554565	0.1512862801551819	True	True	What do you mean?	just	0.1512862801551819	4.5385884046554565	1	"Speaker 1: Is everything all right?
Speaker 2: Not at all.
Speaker 1: What's the problem?
Speaker 2: Someone just robbed me.
Speaker 1: "	"Speaker 1: Is everything all right?
Speaker 2: Not at all.
Speaker 1: What's the problem?
Speaker 2: Someone robbed me.
Speaker 1: "	Speaker 1
41	42	expanded_data	discourse_particle	51	just_j_2401	just	h	This motor oil case is still really slippery.__eou__Yeah, time for more coffee!__eou__Sure, why not? I think I want a chocolate chip cookie, too.	By the way, I heard Kitty's just got in a shipment of Jamaican Blue Mountain.	By the way, I heard Kitty's got in a shipment of Jamaican Blue Mountain.	So what?		P	By the way, I heard Kitty's just got in a shipment of Jamaican Blue Mountain.	nucleus	chat	0.9	1.0	20260416	2004638241	50	50	500	45	45	Ooh, that's amazing! I've been wanting to try some. Do you think they still have the single-origin beans?	ooh, that's amazing! i've been wanting to try some. do you think they still have the single-origin beans?	Ooh, that's amazing! I've been wanting to try some. Do you think they still have the single-origin beans?	-16.127952575683594	-20.817638278007507	-0.5202565346994708	-0.6715367186454034	31	31	-16.127952575683594	-20.817638278007507	-0.5202565346994708	-0.6715367186454034	4.689685702323914	0.1512801839459326	True	True	So what?	just	0.1512801839459326	4.689685702323914	0	"Speaker 1: This motor oil case is still really slippery.
Speaker 2: Yeah, time for more coffee!
Speaker 1: Sure, why not? I think I want a chocolate chip cookie, too.
Speaker 2: By the way, I heard Kitty's just got in a shipment of Jamaican Blue Mountain.
Speaker 1: "	"Speaker 1: This motor oil case is still really slippery.
Speaker 2: Yeah, time for more coffee!
Speaker 1: Sure, why not? I think I want a chocolate chip cookie, too.
Speaker 2: By the way, I heard Kitty's got in a shipment of Jamaican Blue Mountain.
Speaker 1: "	Speaker 1
42	43	expanded_data	discourse_particle	35	just_j_8362	just	h	let's go swimming.	But, we just finished eating lunch.	But, we finished eating lunch.	I know, but I'm really hot.		P	But, we just finished eating lunch.	nucleus	chat	0.9	1.0	20260416	1023332715	50	50	500	38	38	I didn't think that one through. Let's wait a bit before going swimming, so we can digest our lunch first. How about we take a walk or do something else relaxing until our tummies are feeling more settled?	i didn't think that one through. let's wait a bit before going swimming, so we can digest our lunch first. how about we take a walk or do something else relaxing until our tummies are feeling more settled?	I didn't think that one through. Let's wait a bit before going swimming, so we can digest our lunch first. How about we take a walk or do something else relaxing until our tummies are feeling more settled?	-32.384267687797546	-39.773703813552856	-0.6349856409372068	-0.7798765453637815	51	51	-32.384267687797546	-39.773703813552856	-0.6349856409372068	-0.7798765453637815	7.38943612575531	0.1448909044265747	True	True	I know, but I'm really hot.	just	0.1448909044265747	7.38943612575531	0	"Speaker 1: let's go swimming.
Speaker 2: But, we just finished eating lunch.
Speaker 1: "	"Speaker 1: let's go swimming.
Speaker 2: But, we finished eating lunch.
Speaker 1: "	Speaker 1
43	44	expanded_data	discourse_particle	35	just_j_8362	just	h	let's go swimming.	But, we just finished eating lunch.	But, we finished eating lunch.	I know, but I'm really hot.		P	But, we just finished eating lunch.	nucleus	chat	0.9	1.0	20260416	1023332715	50	50	500	35	35	That's a good point! Maybe we should wait a bit before heading out to swim. We wouldn't want to get waterlogged stomachs, haha! How about we take a short walk or do something else for a bit first, and then go swimming later?	that's a good point! maybe we should wait a bit before heading out to swim. we wouldn't want to get waterlogged stomachs, haha! how about we take a short walk or do something else for a bit first, and then go swimming later?	That's a good point! Maybe we should wait a bit before heading out to swim. We wouldn't want to get waterlogged stomachs, haha! How about we take a short walk or do something else for a bit first, and then go swimming later?	-24.849167346954346	-33.15274250507355	-0.4284339197750749	-0.5715990087081646	58	58	-24.849167346954346	-33.15274250507355	-0.4284339197750749	-0.5715990087081646	8.303575158119202	0.1431650889330896	True	True	I know, but I'm really hot.	just	0.1431650889330896	8.303575158119202	0	"Speaker 1: let's go swimming.
Speaker 2: But, we just finished eating lunch.
Speaker 1: "	"Speaker 1: let's go swimming.
Speaker 2: But, we finished eating lunch.
Speaker 1: "	Speaker 1
44	45	expanded_data	discourse_particle	26	just_j_1461	just	h	Operator. May I help you?__eou__Yes. How do I get an outside line, please?	Just dial 0, wait for the dial tone, and then dial the phone number you want to call. Or we can place a call for you, if you want.	Dial 0, wait for the dial tone, and then dial the phone number you want to call. Or we can place a call for you, if you want.	No, thanks a lot. I'll try it myself.		P	Just dial 0, wait for the dial tone, and then dial the phone number you want to call. Or we can place a call for you, if you want.	nucleus	chat	0.9	1.0	20260416	71756826	50	50	500	8	8	Thank you! I'll just dial 0 then. And can you also tell me what the date is today?	thank you! i'll just dial 0 then. and can you also tell me what the date is today?	Thank you! I'll just dial 0 then. And can you also tell me what the date is today?	-14.193987369537354	-18.11912715435028	-0.5069281203406197	-0.6471116840839386	28	28	-14.193987369537354	-18.11912715435028	-0.5069281203406197	-0.6471116840839386	3.9251397848129272	0.1401835637433188	True	True	No, thanks a lot. I'll try it myself.	just	0.1401835637433188	3.9251397848129272	1	"Speaker 1: Operator. May I help you?
Speaker 2: Yes. How do I get an outside line, please?
Speaker 1: Just dial 0, wait for the dial tone, and then dial the phone number you want to call. Or we can place a call for you, if you want.
Speaker 2: "	"Speaker 1: Operator. May I help you?
Speaker 2: Yes. How do I get an outside line, please?
Speaker 1: Dial 0, wait for the dial tone, and then dial the phone number you want to call. Or we can place a call for you, if you want.
Speaker 2: "	Speaker 2
45	46	expanded_data	discourse_particle	6	just_j_638	just	h	Hello, do you have any vacancies?	Yes, something just opened up.	Yes, something opened up.	What kind of apartment is it?		P	Yes, something just opened up.	nucleus	chat	0.9	1.0	20260416	894870064	50	50	500	49	47	What's the job or opportunity? I'm curious to know more.	what's the job or opportunity? i'm curious to know more.	What's the job or opportunity? I'm curious to know more.	-10.900221943855286	-13.56201446056366	-0.5736958917818571	-0.7137902347665084	19	19	-10.900221943855286	-13.56201446056366	-0.5736958917818571	-0.7137902347665084	2.661792516708374	0.1400943429846513	True	True	What kind of apartment is it?	just	0.1400943429846513	2.661792516708374	1	"Speaker 1: Hello, do you have any vacancies?
Speaker 2: Yes, something just opened up.
Speaker 1: "	"Speaker 1: Hello, do you have any vacancies?
Speaker 2: Yes, something opened up.
Speaker 1: "	Speaker 1
46	47	expanded_data	discourse_particle	35	just_j_8362	just	h	let's go swimming.	But, we just finished eating lunch.	But, we finished eating lunch.	I know, but I'm really hot.		P	But, we just finished eating lunch.	nucleus	chat	0.9	1.0	20260416	1023332715	50	50	500	6	6	It's okay! Let's say we just finished eating lunch, and now we're free to go swimming!	it's okay! let's say we just finished eating lunch, and now we're free to go swimming!	It's okay! Let's say we just finished eating lunch, and now we're free to go swimming!	-26.24952411651612	-30.003037333488464	-0.9722045969080042	-1.1112236049440172	27	27	-26.24952411651612	-30.003037333488464	-0.9722045969080042	-1.1112236049440172	3.753513216972351	0.1390190080360129	True	True	I know, but I'm really hot.	just	0.1390190080360129	3.753513216972351	0	"Speaker 1: let's go swimming.
Speaker 2: But, we just finished eating lunch.
Speaker 1: "	"Speaker 1: let's go swimming.
Speaker 2: But, we finished eating lunch.
Speaker 1: "	Speaker 1
47	48	expanded_data	discourse_particle	35	just_j_8362	just	h	let's go swimming.	But, we just finished eating lunch.	But, we finished eating lunch.	I know, but I'm really hot.		P	But, we just finished eating lunch.	nucleus	chat	0.9	1.0	20260416	1023332715	50	50	500	34	34	Good point! Maybe we should wait a bit before going swimming. Our bodies need time to digest our food first. How about we take a short walk or do some stretching exercises instead? That way, we can still get some fresh air and have some fun without feeling too uncomfortable.	good point! maybe we should wait a bit before going swimming. our bodies need time to digest our food first. how about we take a short walk or do some stretching exercises instead? that way, we can still get some fresh air and have some fun without feeling too uncomfortable.	Good point! Maybe we should wait a bit before going swimming. Our bodies need time to digest our food first. How about we take a short walk or do some stretching exercises instead? That way, we can still get some fresh air and have some fun without feeling too uncomfortable.	-30.11548340320587	-38.53744864463806	-0.4936964492328831	-0.6317614531907879	61	61	-30.11548340320587	-38.53744864463806	-0.4936964492328831	-0.6317614531907879	8.42196524143219	0.1380650039579047	True	True	I know, but I'm really hot.	just	0.1380650039579047	8.42196524143219	0	"Speaker 1: let's go swimming.
Speaker 2: But, we just finished eating lunch.
Speaker 1: "	"Speaker 1: let's go swimming.
Speaker 2: But, we finished eating lunch.
Speaker 1: "	Speaker 1
48	49	expanded_data	discourse_particle	35	just_j_8362	just	h	let's go swimming.	But, we just finished eating lunch.	But, we finished eating lunch.	I know, but I'm really hot.		P	But, we just finished eating lunch.	nucleus	chat	0.9	1.0	20260416	1023332715	50	50	500	4	4	You're right! I forgot. We just finished eating lunch. Maybe we can consider swimming later in the afternoon, after we've digested our food and have some more energy?	you're right! i forgot. we just finished eating lunch. maybe we can consider swimming later in the afternoon, after we've digested our food and have some more energy?	You're right! I forgot. We just finished eating lunch. Maybe we can consider swimming later in the afternoon, after we've digested our food and have some more energy?	-30.76624035835266	-36.364699959754944	-0.7503961063012844	-0.8869439014574376	41	41	-30.76624035835266	-36.364699959754944	-0.7503961063012844	-0.8869439014574376	5.598459601402283	0.1365477951561532	True	True	I know, but I'm really hot.	just	0.1365477951561532	5.598459601402283	0	"Speaker 1: let's go swimming.
Speaker 2: But, we just finished eating lunch.
Speaker 1: "	"Speaker 1: let's go swimming.
Speaker 2: But, we finished eating lunch.
Speaker 1: "	Speaker 1
49	50	expanded_data	discourse_particle	25	just_j_12662	just	h	Is everything all right?__eou__Not at all.__eou__What's the problem?	Someone just robbed me.	Someone robbed me.	What do you mean?		P	Someone just robbed me.	nucleus	chat	0.9	1.0	20260416	310199087	50	50	500	44	44	Oh no, that's terrible! I'm so sorry to hear that. Are you safe? Are you with someone or somewhere where you can get help?	oh no, that's terrible! i'm so sorry to hear that. are you safe? are you with someone or somewhere where you can get help?	Oh no, that's terrible! I'm so sorry to hear that. Are you safe? Are you with someone or somewhere where you can get help?	-10.92222225666046	-15.79383373260498	-0.3033950626850128	-0.4387176036834717	36	36	-10.92222225666046	-15.79383373260498	-0.3033950626850128	-0.4387176036834717	4.871611475944519	0.1353225409984588	True	True	What do you mean?	just	0.1353225409984588	4.871611475944519	1	"Speaker 1: Is everything all right?
Speaker 2: Not at all.
Speaker 1: What's the problem?
Speaker 2: Someone just robbed me.
Speaker 1: "	"Speaker 1: Is everything all right?
Speaker 2: Not at all.
Speaker 1: What's the problem?
Speaker 2: Someone robbed me.
Speaker 1: "	Speaker 1
50	51	expanded_data	discourse_particle	57	just_j_11362	just	h	Would you mind if I ask your health status?	I just had a complete physical examination and passed with flying colors.	I had a complete physical examination and passed with flying colors.	That is good. We hope each of our future employees will be healthy and happy.		P	I just had a complete physical examination and passed with flying colors.	nucleus	chat	0.9	1.0	20260416	1728911766	50	50	500	2	2	Congratulations! That's great to hear! It's always a relief to get a clean bill of health. Did you learn anything new or surprising from the examination?	congratulations! that's great to hear! it's always a relief to get a clean bill of health. did you learn anything new or surprising from the examination?	Congratulations! That's great to hear! It's always a relief to get a clean bill of health. Did you learn anything new or surprising from the examination?	-13.26364243030548	-18.21156144142151	-0.3584768224406887	-0.4922043632816624	37	37	-13.26364243030548	-18.21156144142151	-0.3584768224406887	-0.4922043632816624	4.947919011116028	0.1337275408409737	True	True	That is good. We hope each of our future employees will be healthy and happy.	just	0.1337275408409737	4.947919011116028	1	"Speaker 1: Would you mind if I ask your health status?
Speaker 2: I just had a complete physical examination and passed with flying colors.
Speaker 1: "	"Speaker 1: Would you mind if I ask your health status?
Speaker 2: I had a complete physical examination and passed with flying colors.
Speaker 1: "	Speaker 1
51	52	expanded_data	discourse_particle	25	just_j_12662	just	h	Is everything all right?__eou__Not at all.__eou__What's the problem?	Someone just robbed me.	Someone robbed me.	What do you mean?		P	Someone just robbed me.	nucleus	chat	0.9	1.0	20260416	310199087	50	50	500	30	30	Oh no, I'm so sorry to hear that! That must be incredibly upsetting and frightening.	oh no, i'm so sorry to hear that! that must be incredibly upsetting and frightening.	Oh no, I'm so sorry to hear that! That must be incredibly upsetting and frightening.\n\nCan you tell me more about what happened? Were you at home or in a public place when it occurred? Did the police arrive quickly, or do you need to report the incident to them?	-11.98118257522583	-15.152670741081238	-0.4992159406344096	-0.631361280878385	24	24	-11.98118257522583	-15.152670741081238	-0.4992159406344096	-0.631361280878385	3.171488165855408	0.1321453402439753	True	True	What do you mean?	just	0.1321453402439753	3.171488165855408	1	"Speaker 1: Is everything all right?
Speaker 2: Not at all.
Speaker 1: What's the problem?
Speaker 2: Someone just robbed me.
Speaker 1: "	"Speaker 1: Is everything all right?
Speaker 2: Not at all.
Speaker 1: What's the problem?
Speaker 2: Someone robbed me.
Speaker 1: "	Speaker 1
52	53	expanded_data	discourse_particle	8	just_j_498	just	h	I'm hungry. Do we have anything to eat?	Just a few cookies.	A few cookies.	That's fine with me.		P	Just a few cookies.	nucleus	chat	0.9	1.0	20260416	470286339	50	50	500	36	32	Cookies sound good to me!	cookies sound good to me!	Cookies sound good to me!	-6.039020419120789	-7.492084145545959	-0.549001856283708	-0.6810985586859963	11	11	-6.039020419120789	-7.492084145545959	-0.549001856283708	-0.6810985586859963	1.453063726425171	0.1320967024022883	True	True	That's fine with me.	just	0.1320967024022883	1.453063726425171	1	"Speaker 1: I'm hungry. Do we have anything to eat?
Speaker 2: Just a few cookies.
Speaker 1: "	"Speaker 1: I'm hungry. Do we have anything to eat?
Speaker 2: A few cookies.
Speaker 1: "	Speaker 1
53	54	expanded_data	discourse_particle	10	just_j_12718	just	h	Hello Mr Waterstone, what can I do for you today?	Hello, Becky. Well, you see, I have this thing here, called a Fixed Deposit Certificate, and I've just noticed the date on it.	Hello, Becky. Well, you see, I have this thing here, called a Fixed Deposit Certificate, and I've noticed the date on it.	Oh, I see. You have two choices here you can either redeem or renew.		P	Hello, Becky. Well, you see, I have this thing here, called a Fixed Deposit Certificate, and I've just noticed the date on it.	nucleus	chat	0.9	1.0	20260416	1476190778	50	50	500	21	21	A Fixed Deposit Certificate, you say? And you've noticed the date on it? That can be a bit of a shock, I'm sure. Can you tell me more about what's bothering you, Mr. Waterstone? Is it the interest rate, the term, or something else entirely?	a fixed deposit certificate, you say? and you've noticed the date on it? that can be a bit of a shock, i'm sure. can you tell me more about what's bothering you, mr. waterstone? is it the interest rate, the term, or something else entirely?	A Fixed Deposit Certificate, you say? And you've noticed the date on it? That can be a bit of a shock, I'm sure. Can you tell me more about what's bothering you, Mr. Waterstone? Is it the interest rate, the term, or something else entirely?	-21.037549018859863	-29.603773951530457	-0.3236546002901517	-0.4554426761773916	65	65	-21.037549018859863	-29.603773951530457	-0.3236546002901517	-0.4554426761773916	8.566224932670593	0.1317880758872399	True	True	Oh, I see. You have two choices here you can either redeem or renew.	just	0.1317880758872399	8.566224932670593	0	"Speaker 1: Hello Mr Waterstone, what can I do for you today?
Speaker 2: Hello, Becky. Well, you see, I have this thing here, called a Fixed Deposit Certificate, and I've just noticed the date on it.
Speaker 1: "	"Speaker 1: Hello Mr Waterstone, what can I do for you today?
Speaker 2: Hello, Becky. Well, you see, I have this thing here, called a Fixed Deposit Certificate, and I've noticed the date on it.
Speaker 1: "	Speaker 1
54	55	expanded_data	discourse_particle	6	just_j_638	just	h	Hello, do you have any vacancies?	Yes, something just opened up.	Yes, something opened up.	What kind of apartment is it?		P	Yes, something just opened up.	nucleus	chat	0.9	1.0	20260416	894870064	50	50	500	17	17	What kind of position is it?	what kind of position is it?	What kind of position is it?	-4.327189087867737	-5.9075082540512085	-0.3605990906556447	-0.4922923545042674	12	12	-4.327189087867737	-5.9075082540512085	-0.3605990906556447	-0.4922923545042674	1.5803191661834717	0.1316932638486226	True	True	What kind of apartment is it?	just	0.1316932638486226	1.5803191661834717	1	"Speaker 1: Hello, do you have any vacancies?
Speaker 2: Yes, something just opened up.
Speaker 1: "	"Speaker 1: Hello, do you have any vacancies?
Speaker 2: Yes, something opened up.
Speaker 1: "	Speaker 1
55	56	expanded_data	discourse_particle	8	just_j_498	just	h	I'm hungry. Do we have anything to eat?	Just a few cookies.	A few cookies.	That's fine with me.		P	Just a few cookies.	nucleus	chat	0.9	1.0	20260416	470286339	50	50	500	27	26	Cookies sound good to me! Can I have one?	cookies sound good to me! can i have one?	Cookies sound good to me! Can I have one?	-5.030784487724304	-7.0729557275772095	-0.314424030482769	-0.4420597329735756	16	16	-5.030784487724304	-7.0729557275772095	-0.314424030482769	-0.4420597329735756	2.0421712398529053	0.1276357024908065	True	True	That's fine with me.	just	0.1276357024908065	2.0421712398529053	1	"Speaker 1: I'm hungry. Do we have anything to eat?
Speaker 2: Just a few cookies.
Speaker 1: "	"Speaker 1: I'm hungry. Do we have anything to eat?
Speaker 2: A few cookies.
Speaker 1: "	Speaker 1
56	57	expanded_data	discourse_particle	35	just_j_8362	just	h	let's go swimming.	But, we just finished eating lunch.	But, we finished eating lunch.	I know, but I'm really hot.		P	But, we just finished eating lunch.	nucleus	chat	0.9	1.0	20260416	1023332715	50	50	500	18	18	Good point! Maybe we should wait a bit before going swimming. We don't want to swim with full stomachs, that might not be the best idea. How about we do something else for a bit and then head to the pool when we're feeling lighter?	good point! maybe we should wait a bit before going swimming. we don't want to swim with full stomachs, that might not be the best idea. how about we do something else for a bit and then head to the pool when we're feeling lighter?	Good point! Maybe we should wait a bit before going swimming. We don't want to swim with full stomachs, that might not be the best idea. How about we do something else for a bit and then head to the pool when we're feeling lighter?	-29.621513962745667	-37.02246701717377	-0.5107157579783735	-0.6383183968478235	58	58	-29.621513962745667	-37.02246701717377	-0.5107157579783735	-0.6383183968478235	7.400953054428101	0.12760263886945	True	True	I know, but I'm really hot.	just	0.12760263886945	7.400953054428101	0	"Speaker 1: let's go swimming.
Speaker 2: But, we just finished eating lunch.
Speaker 1: "	"Speaker 1: let's go swimming.
Speaker 2: But, we finished eating lunch.
Speaker 1: "	Speaker 1
57	58	expanded_data	discourse_particle	54	just_j_2522	just	h	I'm searching for an old music box.__eou__You came to the right place. Any particular decade?__eou__If you had a box made in the' 20s, that would be nice.	We just got one in yesterday, so now we have six.	We got one in yesterday, so now we have six.	Would any of them have dancing figures?		P	We just got one in yesterday, so now we have six.	nucleus	chat	0.9	1.0	20260416	1861274201	50	50	500	9	9	What a treasure trove! I'm thrilled to hear that you just got a new one in. Six music boxes in total, wow! That's a lovely collection.	what a treasure trove! i'm thrilled to hear that you just got a new one in. six music boxes in total, wow! that's a lovely collection.	What a treasure trove! I'm thrilled to hear that you just got a new one in. Six music boxes in total, wow! That's a lovely collection.\n\nSo, the one you got in yesterday, is it from the 1920s as you mentioned earlier?	-27.38416028022766	-32.35771918296814	-0.7021579559032733	-0.8296851072555933	39	39	-27.38416028022766	-32.35771918296814	-0.7021579559032733	-0.8296851072555933	4.973558902740479	0.1275271513523199	True	True	Would any of them have dancing figures?	just	0.1275271513523199	4.973558902740479	0	"Speaker 1: I'm searching for an old music box.
Speaker 2: You came to the right place. Any particular decade?
Speaker 1: If you had a box made in the' 20s, that would be nice.
Speaker 2: We just got one in yesterday, so now we have six.
Speaker 1: "	"Speaker 1: I'm searching for an old music box.
Speaker 2: You came to the right place. Any particular decade?
Speaker 1: If you had a box made in the' 20s, that would be nice.
Speaker 2: We got one in yesterday, so now we have six.
Speaker 1: "	Speaker 1
58	59	expanded_data	discourse_particle	25	just_j_12662	just	h	Is everything all right?__eou__Not at all.__eou__What's the problem?	Someone just robbed me.	Someone robbed me.	What do you mean?		P	Someone just robbed me.	nucleus	chat	0.9	1.0	20260416	310199087	50	50	500	20	20	Oh no, I'm so sorry to hear that! That must be really scary and upsetting. Are you okay? Have you called the police?	oh no, i'm so sorry to hear that! that must be really scary and upsetting. are you okay? have you called the police?	Oh no, I'm so sorry to hear that! That must be really scary and upsetting. Are you okay? Have you called the police?	-8.601861000061035	-12.912118673324583	-0.252995911766501	-0.3797681962742525	34	34	-8.601861000061035	-12.912118673324583	-0.252995911766501	-0.3797681962742525	4.31025767326355	0.1267722845077514	True	True	What do you mean?	just	0.1267722845077514	4.31025767326355	1	"Speaker 1: Is everything all right?
Speaker 2: Not at all.
Speaker 1: What's the problem?
Speaker 2: Someone just robbed me.
Speaker 1: "	"Speaker 1: Is everything all right?
Speaker 2: Not at all.
Speaker 1: What's the problem?
Speaker 2: Someone robbed me.
Speaker 1: "	Speaker 1
59	60	expanded_data	discourse_particle	35	just_j_8362	just	h	let's go swimming.	But, we just finished eating lunch.	But, we finished eating lunch.	I know, but I'm really hot.		P	But, we just finished eating lunch.	nucleus	chat	0.9	1.0	20260416	1023332715	50	50	500	28	28	That's true! Maybe we can wait a bit before going swimming. It's always better to wait a little while after eating before getting in the water. How about we take a short walk or do something else for a bit, and then we can head out to swim later?	that's true! maybe we can wait a bit before going swimming. it's always better to wait a little while after eating before getting in the water. how about we take a short walk or do something else for a bit, and then we can head out to swim later?	That's true! Maybe we can wait a bit before going swimming. It's always better to wait a little while after eating before getting in the water. How about we take a short walk or do something else for a bit, and then we can head out to swim later?	-22.377240896224976	-30.097100853919983	-0.3668400146922127	-0.4933950959659013	61	61	-22.377240896224976	-30.097100853919983	-0.3668400146922127	-0.4933950959659013	7.719859957695007	0.1265550812736886	True	True	I know, but I'm really hot.	just	0.1265550812736886	7.719859957695007	0	"Speaker 1: let's go swimming.
Speaker 2: But, we just finished eating lunch.
Speaker 1: "	"Speaker 1: let's go swimming.
Speaker 2: But, we finished eating lunch.
Speaker 1: "	Speaker 1
60	61	expanded_data	discourse_particle	35	just_j_8362	just	h	let's go swimming.	But, we just finished eating lunch.	But, we finished eating lunch.	I know, but I'm really hot.		P	But, we just finished eating lunch.	nucleus	chat	0.9	1.0	20260416	1023332715	50	50	500	25	25	Yeah, maybe we should wait a bit before going swimming. We don't want to get waterlogged stomachs or risk getting sick from eating too close to swimming. Let's take a walk or do something else for a bit first, and then we can hit the pool later!	yeah, maybe we should wait a bit before going swimming. we don't want to get waterlogged stomachs or risk getting sick from eating too close to swimming. let's take a walk or do something else for a bit first, and then we can hit the pool later!	Yeah, maybe we should wait a bit before going swimming. We don't want to get waterlogged stomachs or risk getting sick from eating too close to swimming. Let's take a walk or do something else for a bit first, and then we can hit the pool later!	-29.44092047214508	-36.96474552154541	-0.4826380405269685	-0.605979434779433	61	61	-29.44092047214508	-36.96474552154541	-0.4826380405269685	-0.605979434779433	7.52382504940033	0.1233413942524644	True	True	I know, but I'm really hot.	just	0.1233413942524644	7.52382504940033	0	"Speaker 1: let's go swimming.
Speaker 2: But, we just finished eating lunch.
Speaker 1: "	"Speaker 1: let's go swimming.
Speaker 2: But, we finished eating lunch.
Speaker 1: "	Speaker 1
61	62	expanded_data	discourse_particle	35	just_j_8362	just	h	let's go swimming.	But, we just finished eating lunch.	But, we finished eating lunch.	I know, but I'm really hot.		P	But, we just finished eating lunch.	nucleus	chat	0.9	1.0	20260416	1023332715	50	50	500	14	14	That's true! I think we should take a break and digest our food first before going swimming. It's not a good idea to swim on a full stomach, as it can make us feel uncomfortable and even lead to cramps or other issues while in the water. How about we take a short walk or do something	that's true! i think we should take a break and digest our food first before going swimming. it's not a good idea to swim on a full stomach, as it can make us feel uncomfortable and even lead to cramps or other issues while in the water. how about we take a short walk or do something	That's true! I think we should take a break and digest our food first before going swimming. It's not a good idea to swim on a full stomach, as it can make us feel uncomfortable and even lead to cramps or other issues while in the water. How about we take a short walk or do something	-50.79707646369934	-59.28798246383667	-0.7361895139666571	-0.8592461226642996	69	69	-50.79707646369934	-59.28798246383667	-0.7361895139666571	-0.8592461226642996	8.490906000137329	0.1230566086976424	True	True	I know, but I'm really hot.	just	0.1230566086976424	8.490906000137329	0	"Speaker 1: let's go swimming.
Speaker 2: But, we just finished eating lunch.
Speaker 1: "	"Speaker 1: let's go swimming.
Speaker 2: But, we finished eating lunch.
Speaker 1: "	Speaker 1
62	63	expanded_data	discourse_particle	51	just_j_2401	just	h	This motor oil case is still really slippery.__eou__Yeah, time for more coffee!__eou__Sure, why not? I think I want a chocolate chip cookie, too.	By the way, I heard Kitty's just got in a shipment of Jamaican Blue Mountain.	By the way, I heard Kitty's got in a shipment of Jamaican Blue Mountain.	So what?		P	By the way, I heard Kitty's just got in a shipment of Jamaican Blue Mountain.	nucleus	chat	0.9	1.0	20260416	2004638241	50	50	500	20	20	Ooh, that's exciting! I've been wanting to try some of that. Do you think they still have some of the lighter roast left?	ooh, that's exciting! i've been wanting to try some of that. do you think they still have some of the lighter roast left?	Ooh, that's exciting! I've been wanting to try some of that. Do you think they still have some of the lighter roast left?	-17.55906891822815	-21.80507004261017	-0.5016876833779471	-0.6230020012174334	35	35	-17.55906891822815	-21.80507004261017	-0.5016876833779471	-0.6230020012174334	4.246001124382019	0.1213143178394863	True	True	So what?	just	0.1213143178394863	4.246001124382019	0	"Speaker 1: This motor oil case is still really slippery.
Speaker 2: Yeah, time for more coffee!
Speaker 1: Sure, why not? I think I want a chocolate chip cookie, too.
Speaker 2: By the way, I heard Kitty's just got in a shipment of Jamaican Blue Mountain.
Speaker 1: "	"Speaker 1: This motor oil case is still really slippery.
Speaker 2: Yeah, time for more coffee!
Speaker 1: Sure, why not? I think I want a chocolate chip cookie, too.
Speaker 2: By the way, I heard Kitty's got in a shipment of Jamaican Blue Mountain.
Speaker 1: "	Speaker 1
63	64	expanded_data	discourse_particle	25	just_j_12662	just	h	Is everything all right?__eou__Not at all.__eou__What's the problem?	Someone just robbed me.	Someone robbed me.	What do you mean?		P	Someone just robbed me.	nucleus	chat	0.9	1.0	20260416	310199087	50	50	500	26	26	Oh no, that's scary! Are you okay? Were you hurt during the robbery?	oh no, that's scary! are you okay? were you hurt during the robbery?	Oh no, that's scary! Are you okay? Were you hurt during the robbery?	-13.94206714630127	-16.664439797401428	-0.6061768324478812	-0.7245408607565839	23	23	-13.94206714630127	-16.664439797401428	-0.6061768324478812	-0.7245408607565839	2.7223726511001587	0.1183640283087026	True	True	What do you mean?	just	0.1183640283087026	2.7223726511001587	1	"Speaker 1: Is everything all right?
Speaker 2: Not at all.
Speaker 1: What's the problem?
Speaker 2: Someone just robbed me.
Speaker 1: "	"Speaker 1: Is everything all right?
Speaker 2: Not at all.
Speaker 1: What's the problem?
Speaker 2: Someone robbed me.
Speaker 1: "	Speaker 1
64	65	expanded_data	discourse_particle	26	just_j_1461	just	h	Operator. May I help you?__eou__Yes. How do I get an outside line, please?	Just dial 0, wait for the dial tone, and then dial the phone number you want to call. Or we can place a call for you, if you want.	Dial 0, wait for the dial tone, and then dial the phone number you want to call. Or we can place a call for you, if you want.	No, thanks a lot. I'll try it myself.		P	Just dial 0, wait for the dial tone, and then dial the phone number you want to call. Or we can place a call for you, if you want.	nucleus	chat	0.9	1.0	20260416	71756826	50	50	500	46	46	Perfect! Thank you, thank you. I'll just dial 0.	perfect! thank you, thank you. i'll just dial 0.	Perfect! Thank you, thank you. I'll just dial 0.	-16.16366744041443	-18.45089590549469	-0.8081833720207214	-0.9225447952747344	20	20	-16.16366744041443	-18.45089590549469	-0.8081833720207214	-0.9225447952747344	2.287228465080261	0.1143614232540131	True	True	No, thanks a lot. I'll try it myself.	just	0.1143614232540131	2.287228465080261	1	"Speaker 1: Operator. May I help you?
Speaker 2: Yes. How do I get an outside line, please?
Speaker 1: Just dial 0, wait for the dial tone, and then dial the phone number you want to call. Or we can place a call for you, if you want.
Speaker 2: "	"Speaker 1: Operator. May I help you?
Speaker 2: Yes. How do I get an outside line, please?
Speaker 1: Dial 0, wait for the dial tone, and then dial the phone number you want to call. Or we can place a call for you, if you want.
Speaker 2: "	Speaker 2
65	66	expanded_data	discourse_particle	25	just_j_12662	just	h	Is everything all right?__eou__Not at all.__eou__What's the problem?	Someone just robbed me.	Someone robbed me.	What do you mean?		P	Someone just robbed me.	nucleus	chat	0.9	1.0	20260416	310199087	50	50	500	48	48	Oh no, that's awful! I'm so sorry to hear that. Are you okay? Was anyone else involved? Did the police arrive quickly? I'm here to listen and help if I can.	oh no, that's awful! i'm so sorry to hear that. are you okay? was anyone else involved? did the police arrive quickly? i'm here to listen and help if i can.	Oh no, that's awful! I'm so sorry to hear that. Are you okay? Was anyone else involved? Did the police arrive quickly? I'm here to listen and help if I can.	-21.10887587070465	-26.31861698627472	-0.4588886058848837	-0.5721438475277113	46	46	-21.10887587070465	-26.31861698627472	-0.4588886058848837	-0.5721438475277113	5.209741115570068	0.1132552416428275	True	True	What do you mean?	just	0.1132552416428275	5.209741115570068	1	"Speaker 1: Is everything all right?
Speaker 2: Not at all.
Speaker 1: What's the problem?
Speaker 2: Someone just robbed me.
Speaker 1: "	"Speaker 1: Is everything all right?
Speaker 2: Not at all.
Speaker 1: What's the problem?
Speaker 2: Someone robbed me.
Speaker 1: "	Speaker 1
66	67	expanded_data	discourse_particle	8	just_j_498	just	h	I'm hungry. Do we have anything to eat?	Just a few cookies.	A few cookies.	That's fine with me.		P	Just a few cookies.	nucleus	chat	0.9	1.0	20260416	470286339	50	50	500	23	22	Cookies sound good to me! Are they fresh or stale?	cookies sound good to me! are they fresh or stale?	Cookies sound good to me! Are they fresh or stale?	-5.669124007225037	-7.57383120059967	-0.3334778827779433	-0.4455194823882159	17	17	-5.669124007225037	-7.57383120059967	-0.3334778827779433	-0.4455194823882159	1.9047071933746336	0.1120415996102726	True	True	That's fine with me.	just	0.1120415996102726	1.9047071933746336	1	"Speaker 1: I'm hungry. Do we have anything to eat?
Speaker 2: Just a few cookies.
Speaker 1: "	"Speaker 1: I'm hungry. Do we have anything to eat?
Speaker 2: A few cookies.
Speaker 1: "	Speaker 1
67	68	expanded_data	discourse_particle	1	just_j_5467	just	h	I want to leave the motorbike outdoors.	Fine, just don't do it at night.	Fine, don't do it at night.	Why not?		P	Fine, just don't do it at night.	nucleus	chat	0.9	1.0	20260416	788549607	50	50	500	19	19	Why is it a bad idea to leave the motorbike outdoors at night?	why is it a bad idea to leave the motorbike outdoors at night?	Why is it a bad idea to leave the motorbike outdoors at night?	-7.553431272506714	-9.786784052848816	-0.3776715636253357	-0.4893392026424408	20	20	-7.553431272506714	-9.786784052848816	-0.3776715636253357	-0.4893392026424408	2.233352780342102	0.111667639017105	True	True	Why not?	just	0.111667639017105	2.233352780342102	0	"Speaker 1: I want to leave the motorbike outdoors.
Speaker 2: Fine, just don't do it at night.
Speaker 1: "	"Speaker 1: I want to leave the motorbike outdoors.
Speaker 2: Fine, don't do it at night.
Speaker 1: "	Speaker 1
68	69	expanded_data	discourse_particle	25	just_j_12662	just	h	Is everything all right?__eou__Not at all.__eou__What's the problem?	Someone just robbed me.	Someone robbed me.	What do you mean?		P	Someone just robbed me.	nucleus	chat	0.9	1.0	20260416	310199087	50	50	500	7	7	Oh no, I'm so sorry to hear that. That must be really scary and upsetting for you. Are you safe right now? Are you with someone or in a public place?	oh no, i'm so sorry to hear that. that must be really scary and upsetting for you. are you safe right now? are you with someone or in a public place?	Oh no, I'm so sorry to hear that. That must be really scary and upsetting for you. Are you safe right now? Are you with someone or in a public place?	-10.38940703868866	-15.003211379051208	-0.2473668342544919	-0.3572193185488383	42	42	-10.38940703868866	-15.003211379051208	-0.2473668342544919	-0.3572193185488383	4.613804340362549	0.1098524842943464	True	True	What do you mean?	just	0.1098524842943464	4.613804340362549	1	"Speaker 1: Is everything all right?
Speaker 2: Not at all.
Speaker 1: What's the problem?
Speaker 2: Someone just robbed me.
Speaker 1: "	"Speaker 1: Is everything all right?
Speaker 2: Not at all.
Speaker 1: What's the problem?
Speaker 2: Someone robbed me.
Speaker 1: "	Speaker 1
69	70	expanded_data	discourse_particle	25	just_j_12662	just	h	Is everything all right?__eou__Not at all.__eou__What's the problem?	Someone just robbed me.	Someone robbed me.	What do you mean?		P	Someone just robbed me.	nucleus	chat	0.9	1.0	20260416	310199087	50	50	500	47	47	Oh no, I'm so sorry to hear that! That can be a really scary and upsetting experience. Are you safe and unharmed? Did the police arrive or are they on their way?	oh no, i'm so sorry to hear that! that can be a really scary and upsetting experience. are you safe and unharmed? did the police arrive or are they on their way?	Oh no, I'm so sorry to hear that! That can be a really scary and upsetting experience. Are you safe and unharmed? Did the police arrive or are they on their way?	-16.341894268989563	-21.238980770111084	-0.3631532059775458	-0.4719773504469129	45	45	-16.341894268989563	-21.238980770111084	-0.3631532059775458	-0.4719773504469129	4.897086501121521	0.1088241444693671	True	True	What do you mean?	just	0.1088241444693671	4.897086501121521	1	"Speaker 1: Is everything all right?
Speaker 2: Not at all.
Speaker 1: What's the problem?
Speaker 2: Someone just robbed me.
Speaker 1: "	"Speaker 1: Is everything all right?
Speaker 2: Not at all.
Speaker 1: What's the problem?
Speaker 2: Someone robbed me.
Speaker 1: "	Speaker 1
70	71	expanded_data	discourse_particle	54	just_j_2522	just	h	I'm searching for an old music box.__eou__You came to the right place. Any particular decade?__eou__If you had a box made in the' 20s, that would be nice.	We just got one in yesterday, so now we have six.	We got one in yesterday, so now we have six.	Would any of them have dancing figures?		P	We just got one in yesterday, so now we have six.	nucleus	chat	0.9	1.0	20260416	1861274201	50	50	500	20	20	Wow, that's exciting! It sounds like you're a music box enthusiast!	wow, that's exciting! it sounds like you're a music box enthusiast!	Wow, that's exciting! It sounds like you're a music box enthusiast!	-12.848251342773438	-15.11487638950348	-0.6118214925130209	-0.7197560185477847	21	21	-12.848251342773438	-15.11487638950348	-0.6118214925130209	-0.7197560185477847	2.266625046730041	0.1079345260347638	True	True	Would any of them have dancing figures?	just	0.1079345260347638	2.266625046730041	0	"Speaker 1: I'm searching for an old music box.
Speaker 2: You came to the right place. Any particular decade?
Speaker 1: If you had a box made in the' 20s, that would be nice.
Speaker 2: We just got one in yesterday, so now we have six.
Speaker 1: "	"Speaker 1: I'm searching for an old music box.
Speaker 2: You came to the right place. Any particular decade?
Speaker 1: If you had a box made in the' 20s, that would be nice.
Speaker 2: We got one in yesterday, so now we have six.
Speaker 1: "	Speaker 1
71	72	expanded_data	discourse_particle	8	just_j_498	just	h	I'm hungry. Do we have anything to eat?	Just a few cookies.	A few cookies.	That's fine with me.		P	Just a few cookies.	nucleus	chat	0.9	1.0	20260416	470286339	50	50	500	56	50	Cookies sound perfect! I'll take one, please!	cookies sound perfect! i'll take one, please!	Cookies sound perfect! I'll take one, please!	-8.206546545028687	-9.889529466629028	-0.5129091590642929	-0.6180955916643143	16	16	-8.206546545028687	-9.889529466629028	-0.5129091590642929	-0.6180955916643143	1.6829829216003418	0.1051864326000213	True	True	That's fine with me.	just	0.1051864326000213	1.6829829216003418	1	"Speaker 1: I'm hungry. Do we have anything to eat?
Speaker 2: Just a few cookies.
Speaker 1: "	"Speaker 1: I'm hungry. Do we have anything to eat?
Speaker 2: A few cookies.
Speaker 1: "	Speaker 1
72	73	expanded_data	discourse_particle	36	just_j_8556	just	h	I think I'm going to go home.	Why? We just got here.	Why? We got here.	I know, but it's 12		P	Why? We just got here.	nucleus	chat	0.9	1.0	20260416	1188910665	50	50	500	10	10	I apologize, I made a mistake. I'm just an AI, I don't have personal experiences or emotions, so I didn't actually go anywhere. I'm here to help answer your questions and provide information.	i apologize, i made a mistake. i'm just an ai, i don't have personal experiences or emotions, so i didn't actually go anywhere. i'm here to help answer your questions and provide information.	I apologize, I made a mistake. I'm just an AI, I don't have personal experiences or emotions, so I didn't actually go anywhere. I'm here to help answer your questions and provide information.	-13.31753695011139	-18.300039410591125	-0.2774486864606539	-0.3812508210539818	48	48	-13.31753695011139	-18.300039410591125	-0.2774486864606539	-0.3812508210539818	4.982502460479736	0.1038021345933278	True	True	I know, but it's 12	just	0.1038021345933278	4.982502460479736	1	"Speaker 1: I think I'm going to go home.
Speaker 2: Why? We just got here.
Speaker 1: "	"Speaker 1: I think I'm going to go home.
Speaker 2: Why? We got here.
Speaker 1: "	Speaker 1
73	74	expanded_data	discourse_particle	6	just_j_638	just	h	Hello, do you have any vacancies?	Yes, something just opened up.	Yes, something opened up.	What kind of apartment is it?		P	Yes, something just opened up.	nucleus	chat	0.9	1.0	20260416	894870064	50	50	500	19	19	What kind of position is it? Can you tell me a bit more about it?	what kind of position is it? can you tell me a bit more about it?	What kind of position is it? Can you tell me a bit more about it?	-7.522746682167053	-9.763276934623718	-0.3419430310075933	-0.443785315210169	22	22	-7.522746682167053	-9.763276934623718	-0.3419430310075933	-0.443785315210169	2.240530252456665	0.1018422842025756	True	True	What kind of apartment is it?	just	0.1018422842025756	2.240530252456665	1	"Speaker 1: Hello, do you have any vacancies?
Speaker 2: Yes, something just opened up.
Speaker 1: "	"Speaker 1: Hello, do you have any vacancies?
Speaker 2: Yes, something opened up.
Speaker 1: "	Speaker 1
74	75	expanded_data	discourse_particle	1	just_j_5467	just	h	I want to leave the motorbike outdoors.	Fine, just don't do it at night.	Fine, don't do it at night.	Why not?		P	Fine, just don't do it at night.	nucleus	chat	0.9	1.0	20260416	788549607	50	50	500	22	22	You're concerned about the safety of leaving the motorbike outside at night.	you're concerned about the safety of leaving the motorbike outside at night.	You're concerned about the safety of leaving the motorbike outside at night.	-8.326087594032288	-10.356809735298157	-0.4163043797016144	-0.5178404867649078	20	20	-8.326087594032288	-10.356809735298157	-0.4163043797016144	-0.5178404867649078	2.030722141265869	0.1015361070632934	True	True	Why not?	just	0.1015361070632934	2.030722141265869	0	"Speaker 1: I want to leave the motorbike outdoors.
Speaker 2: Fine, just don't do it at night.
Speaker 1: "	"Speaker 1: I want to leave the motorbike outdoors.
Speaker 2: Fine, don't do it at night.
Speaker 1: "	Speaker 1
75	76	expanded_data	discourse_particle	35	just_j_8362	just	h	let's go swimming.	But, we just finished eating lunch.	But, we finished eating lunch.	I know, but I'm really hot.		P	But, we just finished eating lunch.	nucleus	chat	0.9	1.0	20260416	1023332715	50	50	500	12	12	That's a good point! It's probably not a good idea to go swimming right after eating lunch. We should wait a bit until our food has digested and we're feeling more comfortable.	that's a good point! it's probably not a good idea to go swimming right after eating lunch. we should wait a bit until our food has digested and we're feeling more comfortable.	That's a good point! It's probably not a good idea to go swimming right after eating lunch. We should wait a bit until our food has digested and we're feeling more comfortable.	-15.59323263168335	-20.033537983894348	-0.3543916507200761	-0.4553076814521443	44	44	-15.59323263168335	-20.033537983894348	-0.3543916507200761	-0.4553076814521443	4.440305352210999	0.1009160307320681	True	True	I know, but I'm really hot.	just	0.1009160307320681	4.440305352210999	0	"Speaker 1: let's go swimming.
Speaker 2: But, we just finished eating lunch.
Speaker 1: "	"Speaker 1: let's go swimming.
Speaker 2: But, we finished eating lunch.
Speaker 1: "	Speaker 1
76	77	expanded_data	discourse_particle	31	just_j_2438	just	h	OK, so are you ready to learn how to bake a cake?	Almost, let me just put my apron on.	Almost, let me put my apron on.	OK, so the first thing we are going to do is pre-heat the oven, that way we have it at the desired temperature once we finish preparing everything. Set it to three hundred and seventy five degrees Fahrenheit.		P	Almost, let me just put my apron on.	nucleus	chat	0.9	1.0	20260416	491321217	50	50	500	7	7	Ha ha, nice one! Unfortunately, we're just having a text conversation, so you don't actually need an apron... but I appreciate the enthusiasm! Are you ready to dive into a virtual baking lesson?	ha ha, nice one! unfortunately, we're just having a text conversation, so you don't actually need an apron... but i appreciate the enthusiasm! are you ready to dive into a virtual baking lesson?	Ha ha, nice one! Unfortunately, we're just having a text conversation, so you don't actually need an apron... but I appreciate the enthusiasm! Are you ready to dive into a virtual baking lesson?	-20.29843318462372	-25.05522811412812	-0.4228840246796608	-0.5219839190443357	48	48	-20.29843318462372	-25.05522811412812	-0.4228840246796608	-0.5219839190443357	4.7567949295043945	0.0990998943646749	True	True	OK, so the first thing we are going to do is pre-heat the oven, that way we have it at the desired temperature once we finish preparing everything. Set it to three hundred and seventy five degrees Fahrenheit.	just	0.0990998943646749	4.7567949295043945	0	"Speaker 1: OK, so are you ready to learn how to bake a cake?
Speaker 2: Almost, let me just put my apron on.
Speaker 1: "	"Speaker 1: OK, so are you ready to learn how to bake a cake?
Speaker 2: Almost, let me put my apron on.
Speaker 1: "	Speaker 1
77	78	expanded_data	discourse_particle	26	just_j_1461	just	h	Operator. May I help you?__eou__Yes. How do I get an outside line, please?	Just dial 0, wait for the dial tone, and then dial the phone number you want to call. Or we can place a call for you, if you want.	Dial 0, wait for the dial tone, and then dial the phone number you want to call. Or we can place a call for you, if you want.	No, thanks a lot. I'll try it myself.		P	Just dial 0, wait for the dial tone, and then dial the phone number you want to call. Or we can place a call for you, if you want.	nucleus	chat	0.9	1.0	20260416	71756826	50	50	500	14	14	Thank you for the assistance. I'll just dial 0 and get the outside line myself.	thank you for the assistance. i'll just dial 0 and get the outside line myself.	Thank you for the assistance. I'll just dial 0 and get the outside line myself.	-11.663285374641418	-14.015609979629517	-0.4859702239433924	-0.5839837491512299	24	24	-11.663285374641418	-14.015609979629517	-0.4859702239433924	-0.5839837491512299	2.352324604988098	0.0980135252078374	True	True	No, thanks a lot. I'll try it myself.	just	0.0980135252078374	2.352324604988098	1	"Speaker 1: Operator. May I help you?
Speaker 2: Yes. How do I get an outside line, please?
Speaker 1: Just dial 0, wait for the dial tone, and then dial the phone number you want to call. Or we can place a call for you, if you want.
Speaker 2: "	"Speaker 1: Operator. May I help you?
Speaker 2: Yes. How do I get an outside line, please?
Speaker 1: Dial 0, wait for the dial tone, and then dial the phone number you want to call. Or we can place a call for you, if you want.
Speaker 2: "	Speaker 2
78	79	expanded_data	discourse_particle	51	just_j_2401	just	h	This motor oil case is still really slippery.__eou__Yeah, time for more coffee!__eou__Sure, why not? I think I want a chocolate chip cookie, too.	By the way, I heard Kitty's just got in a shipment of Jamaican Blue Mountain.	By the way, I heard Kitty's got in a shipment of Jamaican Blue Mountain.	So what?		P	By the way, I heard Kitty's just got in a shipment of Jamaican Blue Mountain.	nucleus	chat	0.9	1.0	20260416	2004638241	50	50	500	50	50	Whoa, that's awesome! I've been meaning to try that. Do you think they still have some left? We should grab a cup and catch up!	whoa, that's awesome! i've been meaning to try that. do you think they still have some left? we should grab a cup and catch up!	Whoa, that's awesome! I've been meaning to try that. Do you think they still have some left? We should grab a cup and catch up!	-24.929241061210632	-28.65085470676422	-0.6560326595055429	-0.7539698607043216	38	38	-24.929241061210632	-28.65085470676422	-0.6560326595055429	-0.7539698607043216	3.721613645553589	0.0979372011987786	True	True	So what?	just	0.0979372011987786	3.721613645553589	0	"Speaker 1: This motor oil case is still really slippery.
Speaker 2: Yeah, time for more coffee!
Speaker 1: Sure, why not? I think I want a chocolate chip cookie, too.
Speaker 2: By the way, I heard Kitty's just got in a shipment of Jamaican Blue Mountain.
Speaker 1: "	"Speaker 1: This motor oil case is still really slippery.
Speaker 2: Yeah, time for more coffee!
Speaker 1: Sure, why not? I think I want a chocolate chip cookie, too.
Speaker 2: By the way, I heard Kitty's got in a shipment of Jamaican Blue Mountain.
Speaker 1: "	Speaker 1
79	80	expanded_data	discourse_particle	1	just_j_5467	just	h	I want to leave the motorbike outdoors.	Fine, just don't do it at night.	Fine, don't do it at night.	Why not?		P	Fine, just don't do it at night.	nucleus	chat	0.9	1.0	20260416	788549607	50	50	500	13	13	You're worried about me leaving the motorbike outdoors at night! Why is that?	you're worried about me leaving the motorbike outdoors at night! why is that?	You're worried about me leaving the motorbike outdoors at night! Why is that?	-11.225173830986025	-13.3753582239151	-0.5102351741357283	-0.6079708283597772	22	22	-11.225173830986025	-13.3753582239151	-0.5102351741357283	-0.6079708283597772	2.150184392929077	0.0977356542240489	True	True	Why not?	just	0.0977356542240489	2.150184392929077	0	"Speaker 1: I want to leave the motorbike outdoors.
Speaker 2: Fine, just don't do it at night.
Speaker 1: "	"Speaker 1: I want to leave the motorbike outdoors.
Speaker 2: Fine, don't do it at night.
Speaker 1: "	Speaker 1
80	81	expanded_data	discourse_particle	57	just_j_11362	just	h	Would you mind if I ask your health status?	I just had a complete physical examination and passed with flying colors.	I had a complete physical examination and passed with flying colors.	That is good. We hope each of our future employees will be healthy and happy.		P	I just had a complete physical examination and passed with flying colors.	nucleus	chat	0.9	1.0	20260416	1728911766	50	50	500	9	9	Congratulations on that! It's always a relief to get a clean bill of health. How did you feel about the experience overall? Was there anything in particular that you were worried about or concerned about during the exam?	congratulations on that! it's always a relief to get a clean bill of health. how did you feel about the experience overall? was there anything in particular that you were worried about or concerned about during the exam?	Congratulations on that! It's always a relief to get a clean bill of health. How did you feel about the experience overall? Was there anything in particular that you were worried about or concerned about during the exam?	-14.8037189245224	-19.48905372619629	-0.30841081092755	-0.4060219526290893	48	48	-14.8037189245224	-19.48905372619629	-0.30841081092755	-0.4060219526290893	4.685334801673889	0.0976111417015393	True	True	That is good. We hope each of our future employees will be healthy and happy.	just	0.0976111417015393	4.685334801673889	1	"Speaker 1: Would you mind if I ask your health status?
Speaker 2: I just had a complete physical examination and passed with flying colors.
Speaker 1: "	"Speaker 1: Would you mind if I ask your health status?
Speaker 2: I had a complete physical examination and passed with flying colors.
Speaker 1: "	Speaker 1
81	82	expanded_data	discourse_particle	40	just_j_7614	just	h	Hey Michelle. Good to see you. Are you at lunch?	Oh hi Jim. No I just got back. I thought you were on vacation now.	Oh hi Jim. No I got back. I thought you were on vacation now.	No, I wish I was! I just got back from Spain actually.		P	Oh hi Jim. No I just got back. I thought you were on vacation now.	nucleus	chat	0.9	1.0	20260416	135797504	50	50	500	36	36	I am! I'm back in town for a few days, then I'm off again. I just needed to take care of some last-minute things before I left. How was your day?	i am! i'm back in town for a few days, then i'm off again. i just needed to take care of some last-minute things before i left. how was your day?	I am! I'm back in town for a few days, then I'm off again. I just needed to take care of some last-minute things before I left. How was your day?	-22.34456157684326	-26.59384572505951	-0.507830944928256	-0.6044055846604434	44	44	-22.34456157684326	-26.59384572505951	-0.507830944928256	-0.6044055846604434	4.249284148216248	0.0965746397321873	True	True	No, I wish I was! I just got back from Spain actually.	just	0.0965746397321873	4.249284148216248	0	"Speaker 1: Hey Michelle. Good to see you. Are you at lunch?
Speaker 2: Oh hi Jim. No I just got back. I thought you were on vacation now.
Speaker 1: "	"Speaker 1: Hey Michelle. Good to see you. Are you at lunch?
Speaker 2: Oh hi Jim. No I got back. I thought you were on vacation now.
Speaker 1: "	Speaker 1
82	83	expanded_data	discourse_particle	25	just_j_12662	just	h	Is everything all right?__eou__Not at all.__eou__What's the problem?	Someone just robbed me.	Someone robbed me.	What do you mean?		P	Someone just robbed me.	nucleus	chat	0.9	1.0	20260416	310199087	50	50	500	31	31	Oh no, that's terrible! I'm so sorry to hear that. Are you okay? Did the police get called? Do you need any help or support?	oh no, that's terrible! i'm so sorry to hear that. are you okay? did the police get called? do you need any help or support?	Oh no, that's terrible! I'm so sorry to hear that. Are you okay? Did the police get called? Do you need any help or support?	-8.932912945747375	-12.590002536773682	-0.2350766564670362	-0.3313158562308864	38	38	-8.932912945747375	-12.590002536773682	-0.2350766564670362	-0.3313158562308864	3.657089591026306	0.0962391997638501	True	True	What do you mean?	just	0.0962391997638501	3.657089591026306	1	"Speaker 1: Is everything all right?
Speaker 2: Not at all.
Speaker 1: What's the problem?
Speaker 2: Someone just robbed me.
Speaker 1: "	"Speaker 1: Is everything all right?
Speaker 2: Not at all.
Speaker 1: What's the problem?
Speaker 2: Someone robbed me.
Speaker 1: "	Speaker 1
83	84	expanded_data	discourse_particle	35	just_j_8362	just	h	let's go swimming.	But, we just finished eating lunch.	But, we finished eating lunch.	I know, but I'm really hot.		P	But, we just finished eating lunch.	nucleus	chat	0.9	1.0	20260416	1023332715	50	50	500	21	21	Yeah, it might not be the best idea to go swimming right after eating, actually. We don't want to risk getting stomach cramps or making ourselves uncomfortable in the water. How about we take a short walk or do something else for a bit before thinking about swimming?	yeah, it might not be the best idea to go swimming right after eating, actually. we don't want to risk getting stomach cramps or making ourselves uncomfortable in the water. how about we take a short walk or do something else for a bit before thinking about swimming?	Yeah, it might not be the best idea to go swimming right after eating, actually. We don't want to risk getting stomach cramps or making ourselves uncomfortable in the water. How about we take a short walk or do something else for a bit before thinking about swimming?	-28.618292808532715	-34.38488483428955	-0.4769715468088786	-0.5730814139048258	60	60	-28.618292808532715	-34.38488483428955	-0.4769715468088786	-0.5730814139048258	5.766592025756836	0.0961098670959472	True	True	I know, but I'm really hot.	just	0.0961098670959472	5.766592025756836	0	"Speaker 1: let's go swimming.
Speaker 2: But, we just finished eating lunch.
Speaker 1: "	"Speaker 1: let's go swimming.
Speaker 2: But, we finished eating lunch.
Speaker 1: "	Speaker 1
84	85	expanded_data	discourse_particle	25	just_j_12662	just	h	Is everything all right?__eou__Not at all.__eou__What's the problem?	Someone just robbed me.	Someone robbed me.	What do you mean?		P	Someone just robbed me.	nucleus	chat	0.9	1.0	20260416	310199087	50	50	500	29	29	Oh no, I'm so sorry to hear that! That must be really scary and upsetting.	oh no, i'm so sorry to hear that! that must be really scary and upsetting.	Oh no, I'm so sorry to hear that! That must be really scary and upsetting.\n\nFirst of all, I want you to know that you're safe, and I'm here to support you. Can you tell me what happened? What did the person take, and do you have any idea who it might have	-10.843806624412537	-13.113906621932983	-0.451825276017189	-0.5464127759138743	24	24	-10.843806624412537	-13.113906621932983	-0.451825276017189	-0.5464127759138743	2.2700999975204468	0.0945874998966852	True	True	What do you mean?	just	0.0945874998966852	2.2700999975204468	1	"Speaker 1: Is everything all right?
Speaker 2: Not at all.
Speaker 1: What's the problem?
Speaker 2: Someone just robbed me.
Speaker 1: "	"Speaker 1: Is everything all right?
Speaker 2: Not at all.
Speaker 1: What's the problem?
Speaker 2: Someone robbed me.
Speaker 1: "	Speaker 1
85	86	expanded_data	discourse_particle	26	just_j_1461	just	h	Operator. May I help you?__eou__Yes. How do I get an outside line, please?	Just dial 0, wait for the dial tone, and then dial the phone number you want to call. Or we can place a call for you, if you want.	Dial 0, wait for the dial tone, and then dial the phone number you want to call. Or we can place a call for you, if you want.	No, thanks a lot. I'll try it myself.		P	Just dial 0, wait for the dial tone, and then dial the phone number you want to call. Or we can place a call for you, if you want.	nucleus	chat	0.9	1.0	20260416	71756826	50	50	500	9	9	Thank you! I think I'll just try dialing 0 myself. And can you tell me what the time is?	thank you! i think i'll just try dialing 0 myself. and can you tell me what the time is?	Thank you! I think I'll just try dialing 0 myself. And can you tell me what the time is?	-13.12220859527588	-15.95711314678192	-0.4374069531758626	-0.5319037715593974	30	30	-13.12220859527588	-15.95711314678192	-0.4374069531758626	-0.5319037715593974	2.8349045515060425	0.0944968183835347	True	True	No, thanks a lot. I'll try it myself.	just	0.0944968183835347	2.8349045515060425	1	"Speaker 1: Operator. May I help you?
Speaker 2: Yes. How do I get an outside line, please?
Speaker 1: Just dial 0, wait for the dial tone, and then dial the phone number you want to call. Or we can place a call for you, if you want.
Speaker 2: "	"Speaker 1: Operator. May I help you?
Speaker 2: Yes. How do I get an outside line, please?
Speaker 1: Dial 0, wait for the dial tone, and then dial the phone number you want to call. Or we can place a call for you, if you want.
Speaker 2: "	Speaker 2
86	87	expanded_data	discourse_particle	51	just_j_2401	just	h	This motor oil case is still really slippery.__eou__Yeah, time for more coffee!__eou__Sure, why not? I think I want a chocolate chip cookie, too.	By the way, I heard Kitty's just got in a shipment of Jamaican Blue Mountain.	By the way, I heard Kitty's got in a shipment of Jamaican Blue Mountain.	So what?		P	By the way, I heard Kitty's just got in a shipment of Jamaican Blue Mountain.	nucleus	chat	0.9	1.0	20260416	2004638241	50	50	500	23	23	Ooh, nice! I've been meaning to try some of that. Do you think we should swing by and grab a bag?	ooh, nice! i've been meaning to try some of that. do you think we should swing by and grab a bag?	Ooh, nice! I've been meaning to try some of that. Do you think we should swing by and grab a bag?	-13.691739559173584	-16.685201168060303	-0.4278668612241745	-0.5214125365018845	32	32	-13.691739559173584	-16.685201168060303	-0.4278668612241745	-0.5214125365018845	2.9934616088867188	0.0935456752777099	True	True	So what?	just	0.0935456752777099	2.9934616088867188	0	"Speaker 1: This motor oil case is still really slippery.
Speaker 2: Yeah, time for more coffee!
Speaker 1: Sure, why not? I think I want a chocolate chip cookie, too.
Speaker 2: By the way, I heard Kitty's just got in a shipment of Jamaican Blue Mountain.
Speaker 1: "	"Speaker 1: This motor oil case is still really slippery.
Speaker 2: Yeah, time for more coffee!
Speaker 1: Sure, why not? I think I want a chocolate chip cookie, too.
Speaker 2: By the way, I heard Kitty's got in a shipment of Jamaican Blue Mountain.
Speaker 1: "	Speaker 1
87	88	expanded_data	discourse_particle	51	just_j_2401	just	h	This motor oil case is still really slippery.__eou__Yeah, time for more coffee!__eou__Sure, why not? I think I want a chocolate chip cookie, too.	By the way, I heard Kitty's just got in a shipment of Jamaican Blue Mountain.	By the way, I heard Kitty's got in a shipment of Jamaican Blue Mountain.	So what?		P	By the way, I heard Kitty's just got in a shipment of Jamaican Blue Mountain.	nucleus	chat	0.9	1.0	20260416	2004638241	50	50	500	17	17	Whoa, really? I need to get some of that! I've been meaning to try some for a while now. Do you know if they have any in stock?	whoa, really? i need to get some of that! i've been meaning to try some for a while now. do you know if they have any in stock?	Whoa, really? I need to get some of that! I've been meaning to try some for a while now. Do you know if they have any in stock?	-22.98617482185364	-26.71965527534485	-0.5746543705463409	-0.6679913818836212	40	40	-22.98617482185364	-26.71965527534485	-0.5746543705463409	-0.6679913818836212	3.733480453491211	0.0933370113372802	True	True	So what?	just	0.0933370113372802	3.733480453491211	0	"Speaker 1: This motor oil case is still really slippery.
Speaker 2: Yeah, time for more coffee!
Speaker 1: Sure, why not? I think I want a chocolate chip cookie, too.
Speaker 2: By the way, I heard Kitty's just got in a shipment of Jamaican Blue Mountain.
Speaker 1: "	"Speaker 1: This motor oil case is still really slippery.
Speaker 2: Yeah, time for more coffee!
Speaker 1: Sure, why not? I think I want a chocolate chip cookie, too.
Speaker 2: By the way, I heard Kitty's got in a shipment of Jamaican Blue Mountain.
Speaker 1: "	Speaker 1
88	89	expanded_data	discourse_particle	54	just_j_2522	just	h	I'm searching for an old music box.__eou__You came to the right place. Any particular decade?__eou__If you had a box made in the' 20s, that would be nice.	We just got one in yesterday, so now we have six.	We got one in yesterday, so now we have six.	Would any of them have dancing figures?		P	We just got one in yesterday, so now we have six.	nucleus	chat	0.9	1.0	20260416	1861274201	50	50	500	39	39	Six music boxes in total! That's wonderful. And I'm thrilled to hear that you just got one in yesterday, made in the 1920s. That's a great find!	six music boxes in total! that's wonderful. and i'm thrilled to hear that you just got one in yesterday, made in the 1920s. that's a great find!	Six music boxes in total! That's wonderful. And I'm thrilled to hear that you just got one in yesterday, made in the 1920s. That's a great find!	-27.034011244773865	-31.038957953453064	-0.6286979359249736	-0.7218362314756527	43	43	-27.034011244773865	-31.038957953453064	-0.6286979359249736	-0.7218362314756527	4.004946708679199	0.0931382955506791	True	True	Would any of them have dancing figures?	just	0.0931382955506791	4.004946708679199	0	"Speaker 1: I'm searching for an old music box.
Speaker 2: You came to the right place. Any particular decade?
Speaker 1: If you had a box made in the' 20s, that would be nice.
Speaker 2: We just got one in yesterday, so now we have six.
Speaker 1: "	"Speaker 1: I'm searching for an old music box.
Speaker 2: You came to the right place. Any particular decade?
Speaker 1: If you had a box made in the' 20s, that would be nice.
Speaker 2: We got one in yesterday, so now we have six.
Speaker 1: "	Speaker 1
89	90	expanded_data	discourse_particle	54	just_j_2522	just	h	I'm searching for an old music box.__eou__You came to the right place. Any particular decade?__eou__If you had a box made in the' 20s, that would be nice.	We just got one in yesterday, so now we have six.	We got one in yesterday, so now we have six.	Would any of them have dancing figures?		P	We just got one in yesterday, so now we have six.	nucleus	chat	0.9	1.0	20260416	1861274201	50	50	500	16	16	That's wonderful! So, you have a small collection of music boxes now. Can you tell me more about the one you just got in? Was it made in the 1920s?	that's wonderful! so, you have a small collection of music boxes now. can you tell me more about the one you just got in? was it made in the 1920s?	That's wonderful! So, you have a small collection of music boxes now. Can you tell me more about the one you just got in? Was it made in the 1920s?	-24.24192726612091	-28.301446199417114	-0.5509528924118389	-0.6432146863503889	44	44	-24.24192726612091	-28.301446199417114	-0.5509528924118389	-0.6432146863503889	4.059518933296204	0.09226179393855	True	True	Would any of them have dancing figures?	just	0.09226179393855	4.059518933296204	0	"Speaker 1: I'm searching for an old music box.
Speaker 2: You came to the right place. Any particular decade?
Speaker 1: If you had a box made in the' 20s, that would be nice.
Speaker 2: We just got one in yesterday, so now we have six.
Speaker 1: "	"Speaker 1: I'm searching for an old music box.
Speaker 2: You came to the right place. Any particular decade?
Speaker 1: If you had a box made in the' 20s, that would be nice.
Speaker 2: We got one in yesterday, so now we have six.
Speaker 1: "	Speaker 1
90	91	expanded_data	discourse_particle	57	just_j_11362	just	h	Would you mind if I ask your health status?	I just had a complete physical examination and passed with flying colors.	I had a complete physical examination and passed with flying colors.	That is good. We hope each of our future employees will be healthy and happy.		P	I just had a complete physical examination and passed with flying colors.	nucleus	chat	0.9	1.0	20260416	1728911766	50	50	500	39	38	That's great to hear! Congratulations on your good health!	that's great to hear! congratulations on your good health!	That's great to hear! Congratulations on your good health!\n\nAs a friendly AI, I'm here to assist with any questions or concerns you may have, but I'm not a medical professional. If you have any health-related issues or concerns, I recommend consulting a qualified healthcare provider for personalized advice and care.\n\nThat being	-6.292709708213806	-7.849705815315247	-0.3701593946008121	-0.4617474009008968	17	17	-6.292709708213806	-7.849705815315247	-0.3701593946008121	-0.4617474009008968	1.5569961071014404	0.0915880063000846	True	True	That is good. We hope each of our future employees will be healthy and happy.	just	0.0915880063000846	1.5569961071014404	1	"Speaker 1: Would you mind if I ask your health status?
Speaker 2: I just had a complete physical examination and passed with flying colors.
Speaker 1: "	"Speaker 1: Would you mind if I ask your health status?
Speaker 2: I had a complete physical examination and passed with flying colors.
Speaker 1: "	Speaker 1
91	92	expanded_data	discourse_particle	26	just_j_1461	just	h	Operator. May I help you?__eou__Yes. How do I get an outside line, please?	Just dial 0, wait for the dial tone, and then dial the phone number you want to call. Or we can place a call for you, if you want.	Dial 0, wait for the dial tone, and then dial the phone number you want to call. Or we can place a call for you, if you want.	No, thanks a lot. I'll try it myself.		P	Just dial 0, wait for the dial tone, and then dial the phone number you want to call. Or we can place a call for you, if you want.	nucleus	chat	0.9	1.0	20260416	71756826	50	50	500	26	26	Thank you. I think I can manage that. Actually, I'd like to place a collect call to... (pauses to think) ...London.	thank you. i think i can manage that. actually, i'd like to place a collect call to... (pauses to think) ...london.	Thank you. I think I can manage that. Actually, I'd like to place a collect call to... (pauses to think) ...London.	-23.3234680891037	-26.55449366569519	-0.6478741135862138	-0.7376248240470886	36	36	-23.3234680891037	-26.55449366569519	-0.6478741135862138	-0.7376248240470886	3.231025576591492	0.0897507104608748	True	True	No, thanks a lot. I'll try it myself.	just	0.0897507104608748	3.231025576591492	1	"Speaker 1: Operator. May I help you?
Speaker 2: Yes. How do I get an outside line, please?
Speaker 1: Just dial 0, wait for the dial tone, and then dial the phone number you want to call. Or we can place a call for you, if you want.
Speaker 2: "	"Speaker 1: Operator. May I help you?
Speaker 2: Yes. How do I get an outside line, please?
Speaker 1: Dial 0, wait for the dial tone, and then dial the phone number you want to call. Or we can place a call for you, if you want.
Speaker 2: "	Speaker 2
92	93	expanded_data	discourse_particle	25	just_j_12662	just	h	Is everything all right?__eou__Not at all.__eou__What's the problem?	Someone just robbed me.	Someone robbed me.	What do you mean?		P	Someone just robbed me.	nucleus	chat	0.9	1.0	20260416	310199087	50	50	500	1	1	Oh no, I'm so sorry to hear that! That must be a really stressful and upsetting experience. Can you tell me more about what happened? What did the person take, and are you okay?	oh no, i'm so sorry to hear that! that must be a really stressful and upsetting experience. can you tell me more about what happened? what did the person take, and are you okay?	Oh no, I'm so sorry to hear that! That must be a really stressful and upsetting experience. Can you tell me more about what happened? What did the person take, and are you okay?	-16.32010781764984	-20.405832409858704	-0.3547849525576052	-0.4436050523882326	46	46	-16.32010781764984	-20.405832409858704	-0.3547849525576052	-0.4436050523882326	4.085724592208862	0.0888200998306274	True	True	What do you mean?	just	0.0888200998306274	4.085724592208862	1	"Speaker 1: Is everything all right?
Speaker 2: Not at all.
Speaker 1: What's the problem?
Speaker 2: Someone just robbed me.
Speaker 1: "	"Speaker 1: Is everything all right?
Speaker 2: Not at all.
Speaker 1: What's the problem?
Speaker 2: Someone robbed me.
Speaker 1: "	Speaker 1
93	94	expanded_data	discourse_particle	57	just_j_11362	just	h	Would you mind if I ask your health status?	I just had a complete physical examination and passed with flying colors.	I had a complete physical examination and passed with flying colors.	That is good. We hope each of our future employees will be healthy and happy.		P	I just had a complete physical examination and passed with flying colors.	nucleus	chat	0.9	1.0	20260416	1728911766	50	50	500	8	8	Congratulations on passing your physical examination! It's great to hear that you're in good health.	congratulations on passing your physical examination! it's great to hear that you're in good health.	Congratulations on passing your physical examination! It's great to hear that you're in good health.\n\nAs a friendly AI, I'm not a medical professional, and I don't have the ability to diagnose or treat medical conditions. If you have any concerns about your health, it's always best to consult with a qualified healthcare	-9.515785336494446	-11.640468835830688	-0.3964910556872685	-0.4850195348262787	24	24	-9.515785336494446	-11.640468835830688	-0.3964910556872685	-0.4850195348262787	2.1246834993362427	0.0885284791390101	True	True	That is good. We hope each of our future employees will be healthy and happy.	just	0.0885284791390101	2.1246834993362427	1	"Speaker 1: Would you mind if I ask your health status?
Speaker 2: I just had a complete physical examination and passed with flying colors.
Speaker 1: "	"Speaker 1: Would you mind if I ask your health status?
Speaker 2: I had a complete physical examination and passed with flying colors.
Speaker 1: "	Speaker 1
94	95	expanded_data	discourse_particle	10	just_j_12718	just	h	Hello Mr Waterstone, what can I do for you today?	Hello, Becky. Well, you see, I have this thing here, called a Fixed Deposit Certificate, and I've just noticed the date on it.	Hello, Becky. Well, you see, I have this thing here, called a Fixed Deposit Certificate, and I've noticed the date on it.	Oh, I see. You have two choices here you can either redeem or renew.		P	Hello, Becky. Well, you see, I have this thing here, called a Fixed Deposit Certificate, and I've just noticed the date on it.	nucleus	chat	0.9	1.0	20260416	1476190778	50	50	500	33	33	A Fixed Deposit Certificate, you say? Hmm, interesting. Let me take a look at it, please. (takes the certificate) Ah, yes... (pauses) I see the date is... (gasps) Oh dear, it looks like it's been over 20 years since you invested with us!	a fixed deposit certificate, you say? hmm, interesting. let me take a look at it, please. (takes the certificate) ah, yes... (pauses) i see the date is... (gasps) oh dear, it looks like it's been over 20 years since you invested with us!	A Fixed Deposit Certificate, you say? Hmm, interesting. Let me take a look at it, please. (takes the certificate) Ah, yes... (pauses) I see the date is... (gasps) Oh dear, it looks like it's been over 20 years since you invested with us!	-42.31694841384888	-48.39578807353973	-0.6132891074470852	-0.7013882329498512	69	69	-42.31694841384888	-48.39578807353973	-0.6132891074470852	-0.7013882329498512	6.078839659690857	0.088099125502766	True	True	Oh, I see. You have two choices here you can either redeem or renew.	just	0.088099125502766	6.078839659690857	0	"Speaker 1: Hello Mr Waterstone, what can I do for you today?
Speaker 2: Hello, Becky. Well, you see, I have this thing here, called a Fixed Deposit Certificate, and I've just noticed the date on it.
Speaker 1: "	"Speaker 1: Hello Mr Waterstone, what can I do for you today?
Speaker 2: Hello, Becky. Well, you see, I have this thing here, called a Fixed Deposit Certificate, and I've noticed the date on it.
Speaker 1: "	Speaker 1
95	96	expanded_data	discourse_particle	1	just_j_5467	just	h	I want to leave the motorbike outdoors.	Fine, just don't do it at night.	Fine, don't do it at night.	Why not?		P	Fine, just don't do it at night.	nucleus	chat	0.9	1.0	20260416	788549607	50	50	500	27	27	A cautious approach! Leaving a motorbike outdoors at night can increase the risk of theft and damage.	a cautious approach! leaving a motorbike outdoors at night can increase the risk of theft and damage.	A cautious approach! Leaving a motorbike outdoors at night can increase the risk of theft and damage.	-15.408203125	-17.588172912597656	-0.616328125	-0.7035269165039062	25	25	-15.408203125	-17.588172912597656	-0.616328125	-0.7035269165039062	2.179969787597656	0.0871987915039061	True	True	Why not?	just	0.0871987915039061	2.179969787597656	0	"Speaker 1: I want to leave the motorbike outdoors.
Speaker 2: Fine, just don't do it at night.
Speaker 1: "	"Speaker 1: I want to leave the motorbike outdoors.
Speaker 2: Fine, don't do it at night.
Speaker 1: "	Speaker 1
96	97	expanded_data	discourse_particle	6	just_j_638	just	h	Hello, do you have any vacancies?	Yes, something just opened up.	Yes, something opened up.	What kind of apartment is it?		P	Yes, something just opened up.	nucleus	chat	0.9	1.0	20260416	894870064	50	50	500	35	34	What's the position? Can you tell me more about it?	what's the position? can you tell me more about it?	What's the position? Can you tell me more about it?	-7.273879647254944	-8.839345455169678	-0.4041044248474968	-0.4910747475094265	18	18	-7.273879647254944	-8.839345455169678	-0.4041044248474968	-0.4910747475094265	1.565465807914734	0.0869703226619296	True	True	What kind of apartment is it?	just	0.0869703226619296	1.565465807914734	1	"Speaker 1: Hello, do you have any vacancies?
Speaker 2: Yes, something just opened up.
Speaker 1: "	"Speaker 1: Hello, do you have any vacancies?
Speaker 2: Yes, something opened up.
Speaker 1: "	Speaker 1
97	98	expanded_data	discourse_particle	1	just_j_5467	just	h	I want to leave the motorbike outdoors.	Fine, just don't do it at night.	Fine, don't do it at night.	Why not?		P	Fine, just don't do it at night.	nucleus	chat	0.9	1.0	20260416	788549607	50	50	500	47	47	A compromise! You're willing to let me leave the motorbike outdoors, but only during the day. What are the concerns you have about leaving it out at night that's making you want to restrict it? Is it a security issue, exposure to the elements, or something else?	a compromise! you're willing to let me leave the motorbike outdoors, but only during the day. what are the concerns you have about leaving it out at night that's making you want to restrict it? is it a security issue, exposure to the elements, or something else?	A compromise! You're willing to let me leave the motorbike outdoors, but only during the day. What are the concerns you have about leaving it out at night that's making you want to restrict it? Is it a security issue, exposure to the elements, or something else?	-38.33482015132904	-43.698731660842896	-0.6183035508278878	-0.7048182525942402	62	62	-38.33482015132904	-43.698731660842896	-0.6183035508278878	-0.7048182525942402	5.363911509513855	0.0865147017663524	True	True	Why not?	just	0.0865147017663524	5.363911509513855	0	"Speaker 1: I want to leave the motorbike outdoors.
Speaker 2: Fine, just don't do it at night.
Speaker 1: "	"Speaker 1: I want to leave the motorbike outdoors.
Speaker 2: Fine, don't do it at night.
Speaker 1: "	Speaker 1
98	99	expanded_data	discourse_particle	35	just_j_8362	just	h	let's go swimming.	But, we just finished eating lunch.	But, we finished eating lunch.	I know, but I'm really hot.		P	But, we just finished eating lunch.	nucleus	chat	0.9	1.0	20260416	1023332715	50	50	500	15	15	I see what you did there! I was hoping for a fun conversation, but you're right, we just had lunch. How about we plan for a swim another time?	i see what you did there! i was hoping for a fun conversation, but you're right, we just had lunch. how about we plan for a swim another time?	I see what you did there! I was hoping for a fun conversation, but you're right, we just had lunch. How about we plan for a swim another time?	-27.5128915309906	-30.94805443286896	-0.687822288274765	-0.7737013608217239	40	40	-27.5128915309906	-30.94805443286896	-0.687822288274765	-0.7737013608217239	3.435162901878357	0.0858790725469589	True	True	I know, but I'm really hot.	just	0.0858790725469589	3.435162901878357	0	"Speaker 1: let's go swimming.
Speaker 2: But, we just finished eating lunch.
Speaker 1: "	"Speaker 1: let's go swimming.
Speaker 2: But, we finished eating lunch.
Speaker 1: "	Speaker 1
99	100	expanded_data	discourse_particle	10	just_j_12718	just	h	Hello Mr Waterstone, what can I do for you today?	Hello, Becky. Well, you see, I have this thing here, called a Fixed Deposit Certificate, and I've just noticed the date on it.	Hello, Becky. Well, you see, I have this thing here, called a Fixed Deposit Certificate, and I've noticed the date on it.	Oh, I see. You have two choices here you can either redeem or renew.		P	Hello, Becky. Well, you see, I have this thing here, called a Fixed Deposit Certificate, and I've just noticed the date on it.	nucleus	chat	0.9	1.0	20260416	1476190778	50	50	500	44	44	A Fixed Deposit Certificate! Let me take a look. (rustling papers) Ah, yes... 1982! You've had it for a long time, Mr. Waterstone. Do you think you might have forgotten about it?	a fixed deposit certificate! let me take a look. (rustling papers) ah, yes... 1982! you've had it for a long time, mr. waterstone. do you think you might have forgotten about it?	A Fixed Deposit Certificate! Let me take a look. (rustling papers) Ah, yes... 1982! You've had it for a long time, Mr. Waterstone. Do you think you might have forgotten about it?	-30.802805304527283	-35.33789551258087	-0.5811850057457978	-0.6667527455203938	53	53	-30.802805304527283	-35.33789551258087	-0.5811850057457978	-0.6667527455203938	4.535090208053589	0.0855677397745959	True	True	Oh, I see. You have two choices here you can either redeem or renew.	just	0.0855677397745959	4.535090208053589	0	"Speaker 1: Hello Mr Waterstone, what can I do for you today?
Speaker 2: Hello, Becky. Well, you see, I have this thing here, called a Fixed Deposit Certificate, and I've just noticed the date on it.
Speaker 1: "	"Speaker 1: Hello Mr Waterstone, what can I do for you today?
Speaker 2: Hello, Becky. Well, you see, I have this thing here, called a Fixed Deposit Certificate, and I've noticed the date on it.
Speaker 1: "	Speaker 1
100	101	expanded_data	discourse_particle	31	just_j_2438	just	h	OK, so are you ready to learn how to bake a cake?	Almost, let me just put my apron on.	Almost, let me put my apron on.	OK, so the first thing we are going to do is pre-heat the oven, that way we have it at the desired temperature once we finish preparing everything. Set it to three hundred and seventy five degrees Fahrenheit.		P	Almost, let me just put my apron on.	nucleus	chat	0.9	1.0	20260416	491321217	50	50	500	46	46	Ha ha, nice touch! Unfortunately, I'm a text-based AI and don't think you'll actually need an apron... but feel free to imagine yourself in your favorite baking attire if it makes you feel more festive!	ha ha, nice touch! unfortunately, i'm a text-based ai and don't think you'll actually need an apron... but feel free to imagine yourself in your favorite baking attire if it makes you feel more festive!	Ha ha, nice touch! Unfortunately, I'm a text-based AI and don't think you'll actually need an apron... but feel free to imagine yourself in your favorite baking attire if it makes you feel more festive!\n\nSo, what kind of cake would you like to bake? Do you have a specific recipe in	-28.66934275627136	-32.94386887550354	-0.5733868551254272	-0.6588773775100708	50	50	-28.66934275627136	-32.94386887550354	-0.5733868551254272	-0.6588773775100708	4.274526119232178	0.0854905223846436	True	True	OK, so the first thing we are going to do is pre-heat the oven, that way we have it at the desired temperature once we finish preparing everything. Set it to three hundred and seventy five degrees Fahrenheit.	just	0.0854905223846436	4.274526119232178	0	"Speaker 1: OK, so are you ready to learn how to bake a cake?
Speaker 2: Almost, let me just put my apron on.
Speaker 1: "	"Speaker 1: OK, so are you ready to learn how to bake a cake?
Speaker 2: Almost, let me put my apron on.
Speaker 1: "	Speaker 1
101	102	expanded_data	discourse_particle	25	just_j_12662	just	h	Is everything all right?__eou__Not at all.__eou__What's the problem?	Someone just robbed me.	Someone robbed me.	What do you mean?		P	Someone just robbed me.	nucleus	chat	0.9	1.0	20260416	310199087	50	50	500	6	6	Oh no, I'm so sorry to hear that! That can be a really traumatic and upsetting experience. Are you safe right now? Are you with someone or in a public place?	oh no, i'm so sorry to hear that! that can be a really traumatic and upsetting experience. are you safe right now? are you with someone or in a public place?	Oh no, I'm so sorry to hear that! That can be a really traumatic and upsetting experience. Are you safe right now? Are you with someone or in a public place?	-10.66406774520874	-14.22336459159851	-0.2539063748859224	-0.3386515378952026	42	42	-10.66406774520874	-14.22336459159851	-0.2539063748859224	-0.3386515378952026	3.5592968463897705	0.0847451630092802	True	True	What do you mean?	just	0.0847451630092802	3.5592968463897705	1	"Speaker 1: Is everything all right?
Speaker 2: Not at all.
Speaker 1: What's the problem?
Speaker 2: Someone just robbed me.
Speaker 1: "	"Speaker 1: Is everything all right?
Speaker 2: Not at all.
Speaker 1: What's the problem?
Speaker 2: Someone robbed me.
Speaker 1: "	Speaker 1
102	103	expanded_data	discourse_particle	57	just_j_11362	just	h	Would you mind if I ask your health status?	I just had a complete physical examination and passed with flying colors.	I had a complete physical examination and passed with flying colors.	That is good. We hope each of our future employees will be healthy and happy.		P	I just had a complete physical examination and passed with flying colors.	nucleus	chat	0.9	1.0	20260416	1728911766	50	50	500	12	12	That's great to hear! Congratulations on your clean bill of health! It's always a relief to know that you're in good shape and that there are no major health concerns. Did your doctor recommend any specific changes or habits to maintain your health, or was everything just a routine checkup?	that's great to hear! congratulations on your clean bill of health! it's always a relief to know that you're in good shape and that there are no major health concerns. did your doctor recommend any specific changes or habits to maintain your health, or was everything just a routine checkup?	That's great to hear! Congratulations on your clean bill of health! It's always a relief to know that you're in good shape and that there are no major health concerns. Did your doctor recommend any specific changes or habits to maintain your health, or was everything just a routine checkup?	-31.237913012504578	-36.61907875537872	-0.488092390820384	-0.5721731055527925	64	64	-31.237913012504578	-36.61907875537872	-0.488092390820384	-0.5721731055527925	5.3811657428741455	0.0840807147324085	True	True	That is good. We hope each of our future employees will be healthy and happy.	just	0.0840807147324085	5.3811657428741455	1	"Speaker 1: Would you mind if I ask your health status?
Speaker 2: I just had a complete physical examination and passed with flying colors.
Speaker 1: "	"Speaker 1: Would you mind if I ask your health status?
Speaker 2: I had a complete physical examination and passed with flying colors.
Speaker 1: "	Speaker 1
103	104	expanded_data	discourse_particle	51	just_j_2401	just	h	This motor oil case is still really slippery.__eou__Yeah, time for more coffee!__eou__Sure, why not? I think I want a chocolate chip cookie, too.	By the way, I heard Kitty's just got in a shipment of Jamaican Blue Mountain.	By the way, I heard Kitty's got in a shipment of Jamaican Blue Mountain.	So what?		P	By the way, I heard Kitty's just got in a shipment of Jamaican Blue Mountain.	nucleus	chat	0.9	1.0	20260416	2004638241	50	50	500	5	5	Whoa, that's a great excuse to stop by Kitty's! I've been craving a good cup of coffee all morning. Do you think they'll have any samples out?	whoa, that's a great excuse to stop by kitty's! i've been craving a good cup of coffee all morning. do you think they'll have any samples out?	Whoa, that's a great excuse to stop by Kitty's! I've been craving a good cup of coffee all morning. Do you think they'll have any samples out?	-20.251243233680725	-23.673545122146606	-0.4939327617970908	-0.5774035395645514	41	41	-20.251243233680725	-23.673545122146606	-0.4939327617970908	-0.5774035395645514	3.4223018884658813	0.0834707777674605	True	True	So what?	just	0.0834707777674605	3.4223018884658813	0	"Speaker 1: This motor oil case is still really slippery.
Speaker 2: Yeah, time for more coffee!
Speaker 1: Sure, why not? I think I want a chocolate chip cookie, too.
Speaker 2: By the way, I heard Kitty's just got in a shipment of Jamaican Blue Mountain.
Speaker 1: "	"Speaker 1: This motor oil case is still really slippery.
Speaker 2: Yeah, time for more coffee!
Speaker 1: Sure, why not? I think I want a chocolate chip cookie, too.
Speaker 2: By the way, I heard Kitty's got in a shipment of Jamaican Blue Mountain.
Speaker 1: "	Speaker 1
104	105	expanded_data	discourse_particle	51	just_j_2401	just	h	This motor oil case is still really slippery.__eou__Yeah, time for more coffee!__eou__Sure, why not? I think I want a chocolate chip cookie, too.	By the way, I heard Kitty's just got in a shipment of Jamaican Blue Mountain.	By the way, I heard Kitty's got in a shipment of Jamaican Blue Mountain.	So what?		P	By the way, I heard Kitty's just got in a shipment of Jamaican Blue Mountain.	nucleus	chat	0.9	1.0	20260416	2004638241	50	50	500	31	31	Sweet! Kitty's is my go-to spot for coffee. I love their Jamaican Blue Mountain beans.	sweet! kitty's is my go-to spot for coffee. i love their jamaican blue mountain beans.	Sweet! Kitty's is my go-to spot for coffee. I love their Jamaican Blue Mountain beans.	-14.673019886016846	-16.84046161174774	-0.5643469186929556	-0.6477100619902978	26	26	-14.673019886016846	-16.84046161174774	-0.5643469186929556	-0.6477100619902978	2.167441725730896	0.0833631432973421	True	True	So what?	just	0.0833631432973421	2.167441725730896	0	"Speaker 1: This motor oil case is still really slippery.
Speaker 2: Yeah, time for more coffee!
Speaker 1: Sure, why not? I think I want a chocolate chip cookie, too.
Speaker 2: By the way, I heard Kitty's just got in a shipment of Jamaican Blue Mountain.
Speaker 1: "	"Speaker 1: This motor oil case is still really slippery.
Speaker 2: Yeah, time for more coffee!
Speaker 1: Sure, why not? I think I want a chocolate chip cookie, too.
Speaker 2: By the way, I heard Kitty's got in a shipment of Jamaican Blue Mountain.
Speaker 1: "	Speaker 1
105	106	expanded_data	discourse_particle	31	just_j_2438	just	h	OK, so are you ready to learn how to bake a cake?	Almost, let me just put my apron on.	Almost, let me put my apron on.	OK, so the first thing we are going to do is pre-heat the oven, that way we have it at the desired temperature once we finish preparing everything. Set it to three hundred and seventy five degrees Fahrenheit.		P	Almost, let me just put my apron on.	nucleus	chat	0.9	1.0	20260416	491321217	50	50	500	13	13	Ha ha, nice one! Unfortunately, since we're just having a text-based conversation, you won't actually need an apron. But I'm excited to guide you through the steps of baking a cake virtually!	ha ha, nice one! unfortunately, since we're just having a text-based conversation, you won't actually need an apron. but i'm excited to guide you through the steps of baking a cake virtually!	Ha ha, nice one! Unfortunately, since we're just having a text-based conversation, you won't actually need an apron. But I'm excited to guide you through the steps of baking a cake virtually!	-16.08060050010681	-20.07513976097107	-0.3350125104188919	-0.4182320783535639	48	48	-16.08060050010681	-20.07513976097107	-0.3350125104188919	-0.4182320783535639	3.994539260864258	0.083219567934672	True	True	OK, so the first thing we are going to do is pre-heat the oven, that way we have it at the desired temperature once we finish preparing everything. Set it to three hundred and seventy five degrees Fahrenheit.	just	0.083219567934672	3.994539260864258	0	"Speaker 1: OK, so are you ready to learn how to bake a cake?
Speaker 2: Almost, let me just put my apron on.
Speaker 1: "	"Speaker 1: OK, so are you ready to learn how to bake a cake?
Speaker 2: Almost, let me put my apron on.
Speaker 1: "	Speaker 1
106	107	expanded_data	discourse_particle	25	just_j_12662	just	h	Is everything all right?__eou__Not at all.__eou__What's the problem?	Someone just robbed me.	Someone robbed me.	What do you mean?		P	Someone just robbed me.	nucleus	chat	0.9	1.0	20260416	310199087	50	50	500	49	49	I'm so sorry to hear that. That must be incredibly upsetting and frightening.	i'm so sorry to hear that. that must be incredibly upsetting and frightening.	I'm so sorry to hear that. That must be incredibly upsetting and frightening.\n\nFirst, I want to assure you that you're safe, and I'm here to listen and support you. Would you like to talk about what happened? Sometimes sharing the details can help process the emotions.\n\nAdditionally, I want to encourage you	-12.95763099193573	-14.7003972530365	-0.6170300472350347	-0.7000189168112618	21	21	-12.95763099193573	-14.7003972530365	-0.6170300472350347	-0.7000189168112618	1.742766261100769	0.082988869576227	True	True	What do you mean?	just	0.082988869576227	1.742766261100769	1	"Speaker 1: Is everything all right?
Speaker 2: Not at all.
Speaker 1: What's the problem?
Speaker 2: Someone just robbed me.
Speaker 1: "	"Speaker 1: Is everything all right?
Speaker 2: Not at all.
Speaker 1: What's the problem?
Speaker 2: Someone robbed me.
Speaker 1: "	Speaker 1
107	108	expanded_data	discourse_particle	25	just_j_12662	just	h	Is everything all right?__eou__Not at all.__eou__What's the problem?	Someone just robbed me.	Someone robbed me.	What do you mean?		P	Someone just robbed me.	nucleus	chat	0.9	1.0	20260416	310199087	50	50	500	46	46	Oh no, that's terrible! I'm so sorry to hear that. Are you okay? Were you hurt in the robbery?	oh no, that's terrible! i'm so sorry to hear that. are you okay? were you hurt in the robbery?	Oh no, that's terrible! I'm so sorry to hear that. Are you okay? Were you hurt in the robbery?\n\nPlease know that you're not alone, and I'm here to listen and help in any way I can. Can you tell me more about what happened? Did you see the person who robbed	-9.220871090888975	-11.793231010437012	-0.2974474545448057	-0.3804268067882907	31	31	-9.220871090888975	-11.793231010437012	-0.2974474545448057	-0.3804268067882907	2.5723599195480347	0.082979352243485	True	True	What do you mean?	just	0.082979352243485	2.5723599195480347	1	"Speaker 1: Is everything all right?
Speaker 2: Not at all.
Speaker 1: What's the problem?
Speaker 2: Someone just robbed me.
Speaker 1: "	"Speaker 1: Is everything all right?
Speaker 2: Not at all.
Speaker 1: What's the problem?
Speaker 2: Someone robbed me.
Speaker 1: "	Speaker 1
108	109	expanded_data	discourse_particle	25	just_j_12662	just	h	Is everything all right?__eou__Not at all.__eou__What's the problem?	Someone just robbed me.	Someone robbed me.	What do you mean?		P	Someone just robbed me.	nucleus	chat	0.9	1.0	20260416	310199087	50	50	500	22	22	Oh no, I'm so sorry to hear that! That must be really scary and upsetting. Can you tell me more about what happened? Did you get a good look at the person who robbed you? Was it a solo perpetrator or were there multiple people involved? Were you physically harmed or was anything stolen from you?	oh no, i'm so sorry to hear that! that must be really scary and upsetting. can you tell me more about what happened? did you get a good look at the person who robbed you? was it a solo perpetrator or were there multiple people involved? were you physically harmed or was anything stolen from you?	Oh no, I'm so sorry to hear that! That must be really scary and upsetting. Can you tell me more about what happened? Did you get a good look at the person who robbed you? Was it a solo perpetrator or were there multiple people involved? Were you physically harmed or was anything stolen from you?	-29.682442665100098	-35.30153691768646	-0.4301803284797115	-0.5116164770679198	69	69	-29.682442665100098	-35.30153691768646	-0.4301803284797115	-0.5116164770679198	5.619094252586365	0.0814361485882082	True	True	What do you mean?	just	0.0814361485882082	5.619094252586365	1	"Speaker 1: Is everything all right?
Speaker 2: Not at all.
Speaker 1: What's the problem?
Speaker 2: Someone just robbed me.
Speaker 1: "	"Speaker 1: Is everything all right?
Speaker 2: Not at all.
Speaker 1: What's the problem?
Speaker 2: Someone robbed me.
Speaker 1: "	Speaker 1
109	110	expanded_data	discourse_particle	51	just_j_2401	just	h	This motor oil case is still really slippery.__eou__Yeah, time for more coffee!__eou__Sure, why not? I think I want a chocolate chip cookie, too.	By the way, I heard Kitty's just got in a shipment of Jamaican Blue Mountain.	By the way, I heard Kitty's got in a shipment of Jamaican Blue Mountain.	So what?		P	By the way, I heard Kitty's just got in a shipment of Jamaican Blue Mountain.	nucleus	chat	0.9	1.0	20260416	2004638241	50	50	500	30	30	Ooh, that's great news! I love their coffee, and Jamaican Blue Mountain is one of my favorite varieties. Do you think it's organic?	ooh, that's great news! i love their coffee, and jamaican blue mountain is one of my favorite varieties. do you think it's organic?	Ooh, that's great news! I love their coffee, and Jamaican Blue Mountain is one of my favorite varieties. Do you think it's organic?	-18.676593542099	-21.68908166885376	-0.504772798435108	-0.586191396455507	37	37	-18.676593542099	-21.68908166885376	-0.504772798435108	-0.586191396455507	3.0124881267547607	0.0814185980203989	True	True	So what?	just	0.0814185980203989	3.0124881267547607	0	"Speaker 1: This motor oil case is still really slippery.
Speaker 2: Yeah, time for more coffee!
Speaker 1: Sure, why not? I think I want a chocolate chip cookie, too.
Speaker 2: By the way, I heard Kitty's just got in a shipment of Jamaican Blue Mountain.
Speaker 1: "	"Speaker 1: This motor oil case is still really slippery.
Speaker 2: Yeah, time for more coffee!
Speaker 1: Sure, why not? I think I want a chocolate chip cookie, too.
Speaker 2: By the way, I heard Kitty's got in a shipment of Jamaican Blue Mountain.
Speaker 1: "	Speaker 1
110	111	expanded_data	discourse_particle	25	just_j_12662	just	h	Is everything all right?__eou__Not at all.__eou__What's the problem?	Someone just robbed me.	Someone robbed me.	What do you mean?		P	Someone just robbed me.	nucleus	chat	0.9	1.0	20260416	310199087	50	50	500	33	33	I'm so sorry to hear that. That must be very upsetting and scary. Are you safe right now? Are you with someone or somewhere that feels secure?	i'm so sorry to hear that. that must be very upsetting and scary. are you safe right now? are you with someone or somewhere that feels secure?	I'm so sorry to hear that. That must be very upsetting and scary. Are you safe right now? Are you with someone or somewhere that feels secure?	-15.389604330062866	-18.398913621902462	-0.4159352521638612	-0.4972679357270936	37	37	-15.389604330062866	-18.398913621902462	-0.4159352521638612	-0.4972679357270936	3.0093092918396	0.0813326835632324	True	True	What do you mean?	just	0.0813326835632324	3.0093092918396	1	"Speaker 1: Is everything all right?
Speaker 2: Not at all.
Speaker 1: What's the problem?
Speaker 2: Someone just robbed me.
Speaker 1: "	"Speaker 1: Is everything all right?
Speaker 2: Not at all.
Speaker 1: What's the problem?
Speaker 2: Someone robbed me.
Speaker 1: "	Speaker 1
111	112	expanded_data	discourse_particle	40	just_j_7614	just	h	Hey Michelle. Good to see you. Are you at lunch?	Oh hi Jim. No I just got back. I thought you were on vacation now.	Oh hi Jim. No I got back. I thought you were on vacation now.	No, I wish I was! I just got back from Spain actually.		P	Oh hi Jim. No I just got back. I thought you were on vacation now.	nucleus	chat	0.9	1.0	20260416	135797504	50	50	500	39	39	I am! I'm just getting settled back into the office for a few hours before I head out to the airport. I've got a long flight ahead of me, so I wanted to tie up a few loose ends before I leave. How was your day?	i am! i'm just getting settled back into the office for a few hours before i head out to the airport. i've got a long flight ahead of me, so i wanted to tie up a few loose ends before i leave. how was your day?	I am! I'm just getting settled back into the office for a few hours before I head out to the airport. I've got a long flight ahead of me, so I wanted to tie up a few loose ends before I leave. How was your day?	-28.46739661693573	-33.18083429336548	-0.490817183050616	-0.5720833498856117	58	58	-28.46739661693573	-33.18083429336548	-0.490817183050616	-0.5720833498856117	4.7134376764297485	0.0812661668349956	True	True	No, I wish I was! I just got back from Spain actually.	just	0.0812661668349956	4.7134376764297485	0	"Speaker 1: Hey Michelle. Good to see you. Are you at lunch?
Speaker 2: Oh hi Jim. No I just got back. I thought you were on vacation now.
Speaker 1: "	"Speaker 1: Hey Michelle. Good to see you. Are you at lunch?
Speaker 2: Oh hi Jim. No I got back. I thought you were on vacation now.
Speaker 1: "	Speaker 1
112	113	expanded_data	discourse_particle	36	just_j_8556	just	h	I think I'm going to go home.	Why? We just got here.	Why? We got here.	I know, but it's 12		P	Why? We just got here.	nucleus	chat	0.9	1.0	20260416	1188910665	50	50	500	21	21	I apologize, I think there's been a mistake. I'm just an AI, I don't have a physical presence, so I wasn't at a location and didn't go anywhere. I'm here to assist you with any questions or tasks you have. What would you like to talk about or ask?	i apologize, i think there's been a mistake. i'm just an ai, i don't have a physical presence, so i wasn't at a location and didn't go anywhere. i'm here to assist you with any questions or tasks you have. what would you like to talk about or ask?	I apologize, I think there's been a mistake. I'm just an AI, I don't have a physical presence, so I wasn't at a location and didn't go anywhere. I'm here to assist you with any questions or tasks you have. What would you like to talk about or ask?	-21.93809974193573	-27.38018274307251	-0.3274343245065034	-0.4086594439264553	67	67	-21.93809974193573	-27.38018274307251	-0.3274343245065034	-0.4086594439264553	5.44208300113678	0.0812251194199519	True	True	I know, but it's 12	just	0.0812251194199519	5.44208300113678	1	"Speaker 1: I think I'm going to go home.
Speaker 2: Why? We just got here.
Speaker 1: "	"Speaker 1: I think I'm going to go home.
Speaker 2: Why? We got here.
Speaker 1: "	Speaker 1
113	114	expanded_data	discourse_particle	35	just_j_8362	just	h	let's go swimming.	But, we just finished eating lunch.	But, we finished eating lunch.	I know, but I'm really hot.		P	But, we just finished eating lunch.	nucleus	chat	0.9	1.0	20260416	1023332715	50	50	500	19	19	I think we didn't even agree to go swimming in the first place.	i think we didn't even agree to go swimming in the first place.	I think we didn't even agree to go swimming in the first place.	-14.43545377254486	-16.05196738243103	-0.7217726886272431	-0.8025983691215515	20	20	-14.43545377254486	-16.05196738243103	-0.7217726886272431	-0.8025983691215515	1.6165136098861694	0.0808256804943083	True	True	I know, but I'm really hot.	just	0.0808256804943083	1.6165136098861694	0	"Speaker 1: let's go swimming.
Speaker 2: But, we just finished eating lunch.
Speaker 1: "	"Speaker 1: let's go swimming.
Speaker 2: But, we finished eating lunch.
Speaker 1: "	Speaker 1
114	115	expanded_data	discourse_particle	35	just_j_8362	just	h	let's go swimming.	But, we just finished eating lunch.	But, we finished eating lunch.	I know, but I'm really hot.		P	But, we just finished eating lunch.	nucleus	chat	0.9	1.0	20260416	1023332715	50	50	500	48	48	Good point! I guess we should wait a bit before going swimming. We don't want to go in the water with full stomachs. How about we take a short walk or do some stretching first to get our bodies moving and ready for some fun in the water?	good point! i guess we should wait a bit before going swimming. we don't want to go in the water with full stomachs. how about we take a short walk or do some stretching first to get our bodies moving and ready for some fun in the water?	Good point! I guess we should wait a bit before going swimming. We don't want to go in the water with full stomachs. How about we take a short walk or do some stretching first to get our bodies moving and ready for some fun in the water?	-32.94836115837097	-37.67703676223755	-0.5584467992944232	-0.638593843427755	59	59	-32.94836115837097	-37.67703676223755	-0.5584467992944232	-0.638593843427755	4.728675603866577	0.0801470441333318	True	True	I know, but I'm really hot.	just	0.0801470441333318	4.728675603866577	0	"Speaker 1: let's go swimming.
Speaker 2: But, we just finished eating lunch.
Speaker 1: "	"Speaker 1: let's go swimming.
Speaker 2: But, we finished eating lunch.
Speaker 1: "	Speaker 1
115	116	expanded_data	discourse_particle	26	just_j_1461	just	h	Operator. May I help you?__eou__Yes. How do I get an outside line, please?	Just dial 0, wait for the dial tone, and then dial the phone number you want to call. Or we can place a call for you, if you want.	Dial 0, wait for the dial tone, and then dial the phone number you want to call. Or we can place a call for you, if you want.	No, thanks a lot. I'll try it myself.		P	Just dial 0, wait for the dial tone, and then dial the phone number you want to call. Or we can place a call for you, if you want.	nucleus	chat	0.9	1.0	20260416	71756826	50	50	500	16	16	Thank you! That's perfect. I'll just dial 0 then. And can you make sure it's a long-distance call? I need to reach a number in Chicago.	thank you! that's perfect. i'll just dial 0 then. and can you make sure it's a long-distance call? i need to reach a number in chicago.	Thank you! That's perfect. I'll just dial 0 then. And can you make sure it's a long-distance call? I need to reach a number in Chicago.	-22.507803559303284	-25.74293434619904	-0.5489708185195923	-0.6278764474682692	41	41	-22.507803559303284	-25.74293434619904	-0.5489708185195923	-0.6278764474682692	3.235130786895752	0.0789056289486769	True	True	No, thanks a lot. I'll try it myself.	just	0.0789056289486769	3.235130786895752	1	"Speaker 1: Operator. May I help you?
Speaker 2: Yes. How do I get an outside line, please?
Speaker 1: Just dial 0, wait for the dial tone, and then dial the phone number you want to call. Or we can place a call for you, if you want.
Speaker 2: "	"Speaker 1: Operator. May I help you?
Speaker 2: Yes. How do I get an outside line, please?
Speaker 1: Dial 0, wait for the dial tone, and then dial the phone number you want to call. Or we can place a call for you, if you want.
Speaker 2: "	Speaker 2
116	117	expanded_data	discourse_particle	51	just_j_2401	just	h	This motor oil case is still really slippery.__eou__Yeah, time for more coffee!__eou__Sure, why not? I think I want a chocolate chip cookie, too.	By the way, I heard Kitty's just got in a shipment of Jamaican Blue Mountain.	By the way, I heard Kitty's got in a shipment of Jamaican Blue Mountain.	So what?		P	By the way, I heard Kitty's just got in a shipment of Jamaican Blue Mountain.	nucleus	chat	0.9	1.0	20260416	2004638241	50	50	500	47	47	Ooh, that's a great excuse to take a break and swing by Kitty's for a cup of coffee! I've been meaning to try their new shipment of Jamaican Blue Mountain. Thanks for the heads up!	ooh, that's a great excuse to take a break and swing by kitty's for a cup of coffee! i've been meaning to try their new shipment of jamaican blue mountain. thanks for the heads up!	Ooh, that's a great excuse to take a break and swing by Kitty's for a cup of coffee! I've been meaning to try their new shipment of Jamaican Blue Mountain. Thanks for the heads up!	-21.044925689697266	-24.905564546585083	-0.4294882793815768	-0.5082768274813282	49	49	-21.044925689697266	-24.905564546585083	-0.4294882793815768	-0.5082768274813282	3.8606388568878174	0.0787885480997513	True	True	So what?	just	0.0787885480997513	3.8606388568878174	0	"Speaker 1: This motor oil case is still really slippery.
Speaker 2: Yeah, time for more coffee!
Speaker 1: Sure, why not? I think I want a chocolate chip cookie, too.
Speaker 2: By the way, I heard Kitty's just got in a shipment of Jamaican Blue Mountain.
Speaker 1: "	"Speaker 1: This motor oil case is still really slippery.
Speaker 2: Yeah, time for more coffee!
Speaker 1: Sure, why not? I think I want a chocolate chip cookie, too.
Speaker 2: By the way, I heard Kitty's got in a shipment of Jamaican Blue Mountain.
Speaker 1: "	Speaker 1
117	118	expanded_data	discourse_particle	35	just_j_8362	just	h	let's go swimming.	But, we just finished eating lunch.	But, we finished eating lunch.	I know, but I'm really hot.		P	But, we just finished eating lunch.	nucleus	chat	0.9	1.0	20260416	1023332715	50	50	500	26	26	That's a good point! We should probably wait a bit before going swimming to make sure we're not swimming on a full stomach. Plus, it's always more comfortable to swim after a short break anyway!	that's a good point! we should probably wait a bit before going swimming to make sure we're not swimming on a full stomach. plus, it's always more comfortable to swim after a short break anyway!	That's a good point! We should probably wait a bit before going swimming to make sure we're not swimming on a full stomach. Plus, it's always more comfortable to swim after a short break anyway!	-27.677037000656128	-31.370333433151245	-0.5888731276735346	-0.6674539028330052	47	47	-27.677037000656128	-31.370333433151245	-0.5888731276735346	-0.6674539028330052	3.693296432495117	0.0785807751594706	True	True	I know, but I'm really hot.	just	0.0785807751594706	3.693296432495117	0	"Speaker 1: let's go swimming.
Speaker 2: But, we just finished eating lunch.
Speaker 1: "	"Speaker 1: let's go swimming.
Speaker 2: But, we finished eating lunch.
Speaker 1: "	Speaker 1
118	119	expanded_data	discourse_particle	40	just_j_7614	just	h	Hey Michelle. Good to see you. Are you at lunch?	Oh hi Jim. No I just got back. I thought you were on vacation now.	Oh hi Jim. No I got back. I thought you were on vacation now.	No, I wish I was! I just got back from Spain actually.		P	Oh hi Jim. No I just got back. I thought you were on vacation now.	nucleus	chat	0.9	1.0	20260416	135797504	50	50	500	7	7	I am! I'm actually in the middle of a well-deserved break, but I needed to pop in and check on a few things before I head out for the rest of the week. How was your day? Anything exciting happen?	i am! i'm actually in the middle of a well-deserved break, but i needed to pop in and check on a few things before i head out for the rest of the week. how was your day? anything exciting happen?	I am! I'm actually in the middle of a well-deserved break, but I needed to pop in and check on a few things before I head out for the rest of the week. How was your day? Anything exciting happen?	-30.306233286857605	-34.43687319755554	-0.5718157223935397	-0.64975232448218	53	53	-30.306233286857605	-34.43687319755554	-0.5718157223935397	-0.64975232448218	4.130639910697937	0.0779366020886402	True	True	No, I wish I was! I just got back from Spain actually.	just	0.0779366020886402	4.130639910697937	0	"Speaker 1: Hey Michelle. Good to see you. Are you at lunch?
Speaker 2: Oh hi Jim. No I just got back. I thought you were on vacation now.
Speaker 1: "	"Speaker 1: Hey Michelle. Good to see you. Are you at lunch?
Speaker 2: Oh hi Jim. No I got back. I thought you were on vacation now.
Speaker 1: "	Speaker 1
119	120	expanded_data	discourse_particle	57	just_j_11362	just	h	Would you mind if I ask your health status?	I just had a complete physical examination and passed with flying colors.	I had a complete physical examination and passed with flying colors.	That is good. We hope each of our future employees will be healthy and happy.		P	I just had a complete physical examination and passed with flying colors.	nucleus	chat	0.9	1.0	20260416	1728911766	50	50	500	22	22	That's great to hear! Congratulations on taking care of your health and getting a clean bill of health!	that's great to hear! congratulations on taking care of your health and getting a clean bill of health!	That's great to hear! Congratulations on taking care of your health and getting a clean bill of health!\n\nAs a conversational AI, I'm here to help with any questions or topics you'd like to discuss. Would you like to chat about something specific or explore a new topic?	-10.230823278427124	-12.253364205360413	-0.3934932030164279	-0.4712832386677081	26	26	-10.230823278427124	-12.253364205360413	-0.3934932030164279	-0.4712832386677081	2.022540926933289	0.0777900356512802	True	True	That is good. We hope each of our future employees will be healthy and happy.	just	0.0777900356512802	2.022540926933289	1	"Speaker 1: Would you mind if I ask your health status?
Speaker 2: I just had a complete physical examination and passed with flying colors.
Speaker 1: "	"Speaker 1: Would you mind if I ask your health status?
Speaker 2: I had a complete physical examination and passed with flying colors.
Speaker 1: "	Speaker 1
120	121	expanded_data	discourse_particle	40	just_j_7614	just	h	Hey Michelle. Good to see you. Are you at lunch?	Oh hi Jim. No I just got back. I thought you were on vacation now.	Oh hi Jim. No I got back. I thought you were on vacation now.	No, I wish I was! I just got back from Spain actually.		P	Oh hi Jim. No I just got back. I thought you were on vacation now.	nucleus	chat	0.9	1.0	20260416	135797504	50	50	500	44	44	I am! I'm just back for a quick meeting before I head out on my trip. How was your day?	i am! i'm just back for a quick meeting before i head out on my trip. how was your day?	I am! I'm just back for a quick meeting before I head out on my trip. How was your day?	-14.497751235961914	-16.75306272506714	-0.4999224564124798	-0.5776918181057634	29	29	-14.497751235961914	-16.75306272506714	-0.4999224564124798	-0.5776918181057634	2.2553114891052246	0.0777693616932836	True	True	No, I wish I was! I just got back from Spain actually.	just	0.0777693616932836	2.2553114891052246	0	"Speaker 1: Hey Michelle. Good to see you. Are you at lunch?
Speaker 2: Oh hi Jim. No I just got back. I thought you were on vacation now.
Speaker 1: "	"Speaker 1: Hey Michelle. Good to see you. Are you at lunch?
Speaker 2: Oh hi Jim. No I got back. I thought you were on vacation now.
Speaker 1: "	Speaker 1
121	122	expanded_data	discourse_particle	35	just_j_8362	just	h	let's go swimming.	But, we just finished eating lunch.	But, we finished eating lunch.	I know, but I'm really hot.		P	But, we just finished eating lunch.	nucleus	chat	0.9	1.0	20260416	1023332715	50	50	500	8	8	In that case, let's wait for a bit before going swimming. Maybe we can take a short walk or do some stretching to get our blood flowing first? Then we can head to the pool or beach whenever we're ready.	in that case, let's wait for a bit before going swimming. maybe we can take a short walk or do some stretching to get our blood flowing first? then we can head to the pool or beach whenever we're ready.	In that case, let's wait for a bit before going swimming. Maybe we can take a short walk or do some stretching to get our blood flowing first? Then we can head to the pool or beach whenever we're ready.	-25.727566242218018	-29.67210042476654	-0.5044620831807455	-0.5818058906816969	51	51	-25.727566242218018	-29.67210042476654	-0.5044620831807455	-0.5818058906816969	3.944534182548523	0.0773438075009513	True	True	I know, but I'm really hot.	just	0.0773438075009513	3.944534182548523	0	"Speaker 1: let's go swimming.
Speaker 2: But, we just finished eating lunch.
Speaker 1: "	"Speaker 1: let's go swimming.
Speaker 2: But, we finished eating lunch.
Speaker 1: "	Speaker 1
122	123	expanded_data	discourse_particle	29	just_j_8011	just	h	I can't believe it! I lost.__eou__It looks like you have to buy tickets for us, Jason. And we're not going to see an action movie!__eou__That's not fair, you got all the easy questions.	I guess that's just the luck of the draw.	I guess that's the luck of the draw.	I want a rematch. Let's play again.		P	I guess that's just the luck of the draw.	nucleus	chat	0.9	1.0	20260416	1013948780	50	50	500	50	50	Yeah, I guess you're right. It's not like I got outsmarted or anything. Just bad luck.	yeah, i guess you're right. it's not like i got outsmarted or anything. just bad luck.	Yeah, I guess you're right. It's not like I got outsmarted or anything. Just bad luck.	-19.29295468330384	-21.52667021751404	-0.6652742994242701	-0.7422989730177254	29	29	-19.29295468330384	-21.52667021751404	-0.6652742994242701	-0.7422989730177254	2.233715534210205	0.0770246735934553	True	True	I want a rematch. Let's play again.	just	0.0770246735934553	2.233715534210205	0	"Speaker 1: I can't believe it! I lost.
Speaker 2: It looks like you have to buy tickets for us, Jason. And we're not going to see an action movie!
Speaker 1: That's not fair, you got all the easy questions.
Speaker 2: I guess that's just the luck of the draw.
Speaker 1: "	"Speaker 1: I can't believe it! I lost.
Speaker 2: It looks like you have to buy tickets for us, Jason. And we're not going to see an action movie!
Speaker 1: That's not fair, you got all the easy questions.
Speaker 2: I guess that's the luck of the draw.
Speaker 1: "	Speaker 1
123	124	expanded_data	discourse_particle	25	just_j_12662	just	h	Is everything all right?__eou__Not at all.__eou__What's the problem?	Someone just robbed me.	Someone robbed me.	What do you mean?		P	Someone just robbed me.	nucleus	chat	0.9	1.0	20260416	310199087	50	50	500	45	45	Oh no, I'm so sorry to hear that! That must be incredibly upsetting and scary. Are you safe now? Have the police been contacted?	oh no, i'm so sorry to hear that! that must be incredibly upsetting and scary. are you safe now? have the police been contacted?	Oh no, I'm so sorry to hear that! That must be incredibly upsetting and scary. Are you safe now? Have the police been contacted?	-12.35044252872467	-15.027908205986025	-0.3528697865349905	-0.4293688058853149	35	35	-12.35044252872467	-15.027908205986025	-0.3528697865349905	-0.4293688058853149	2.6774656772613525	0.0764990193503243	True	True	What do you mean?	just	0.0764990193503243	2.6774656772613525	1	"Speaker 1: Is everything all right?
Speaker 2: Not at all.
Speaker 1: What's the problem?
Speaker 2: Someone just robbed me.
Speaker 1: "	"Speaker 1: Is everything all right?
Speaker 2: Not at all.
Speaker 1: What's the problem?
Speaker 2: Someone robbed me.
Speaker 1: "	Speaker 1
124	125	expanded_data	discourse_particle	54	just_j_2522	just	h	I'm searching for an old music box.__eou__You came to the right place. Any particular decade?__eou__If you had a box made in the' 20s, that would be nice.	We just got one in yesterday, so now we have six.	We got one in yesterday, so now we have six.	Would any of them have dancing figures?		P	We just got one in yesterday, so now we have six.	nucleus	chat	0.9	1.0	20260416	1861274201	50	50	500	6	6	Wow, that's exciting! It sounds like you have a collection in the making. Can you tell me more about this new one from the 1920s? What kind of music does it play, and is it in good condition?	wow, that's exciting! it sounds like you have a collection in the making. can you tell me more about this new one from the 1920s? what kind of music does it play, and is it in good condition?	Wow, that's exciting! It sounds like you have a collection in the making. Can you tell me more about this new one from the 1920s? What kind of music does it play, and is it in good condition?	-22.42677116394043	-26.458460211753845	-0.4231466257347251	-0.4992162304104499	53	53	-22.42677116394043	-26.458460211753845	-0.4231466257347251	-0.4992162304104499	4.031689047813416	0.0760696046757248	True	True	Would any of them have dancing figures?	just	0.0760696046757248	4.031689047813416	0	"Speaker 1: I'm searching for an old music box.
Speaker 2: You came to the right place. Any particular decade?
Speaker 1: If you had a box made in the' 20s, that would be nice.
Speaker 2: We just got one in yesterday, so now we have six.
Speaker 1: "	"Speaker 1: I'm searching for an old music box.
Speaker 2: You came to the right place. Any particular decade?
Speaker 1: If you had a box made in the' 20s, that would be nice.
Speaker 2: We got one in yesterday, so now we have six.
Speaker 1: "	Speaker 1
125	126	expanded_data	discourse_particle	31	just_j_2438	just	h	OK, so are you ready to learn how to bake a cake?	Almost, let me just put my apron on.	Almost, let me put my apron on.	OK, so the first thing we are going to do is pre-heat the oven, that way we have it at the desired temperature once we finish preparing everything. Set it to three hundred and seventy five degrees Fahrenheit.		P	Almost, let me just put my apron on.	nucleus	chat	0.9	1.0	20260416	491321217	50	50	500	47	47	Ha ha, nice one! Unfortunately, we're not actually going to bake a cake together in this chat. But I'd be happy to provide you with a simple recipe and some tips to get you started if you'd like!	ha ha, nice one! unfortunately, we're not actually going to bake a cake together in this chat. but i'd be happy to provide you with a simple recipe and some tips to get you started if you'd like!	Ha ha, nice one! Unfortunately, we're not actually going to bake a cake together in this chat. But I'd be happy to provide you with a simple recipe and some tips to get you started if you'd like!	-18.42551338672638	-22.288448214530945	-0.3612845762103212	-0.4370283963633518	51	51	-18.42551338672638	-22.288448214530945	-0.3612845762103212	-0.4370283963633518	3.862934827804565	0.0757438201530306	True	True	OK, so the first thing we are going to do is pre-heat the oven, that way we have it at the desired temperature once we finish preparing everything. Set it to three hundred and seventy five degrees Fahrenheit.	just	0.0757438201530306	3.862934827804565	0	"Speaker 1: OK, so are you ready to learn how to bake a cake?
Speaker 2: Almost, let me just put my apron on.
Speaker 1: "	"Speaker 1: OK, so are you ready to learn how to bake a cake?
Speaker 2: Almost, let me put my apron on.
Speaker 1: "	Speaker 1
126	127	expanded_data	discourse_particle	36	just_j_8556	just	h	I think I'm going to go home.	Why? We just got here.	Why? We got here.	I know, but it's 12		P	Why? We just got here.	nucleus	chat	0.9	1.0	20260416	1188910665	50	50	500	45	45	I apologize, I made a mistake. I'm just an AI, I don't have personal experiences or feelings, so I didn't actually arrive anywhere. I'm here to help answer your questions and provide information. Is there something specific you'd like to know or talk about?	i apologize, i made a mistake. i'm just an ai, i don't have personal experiences or feelings, so i didn't actually arrive anywhere. i'm here to help answer your questions and provide information. is there something specific you'd like to know or talk about?	I apologize, I made a mistake. I'm just an AI, I don't have personal experiences or feelings, so I didn't actually arrive anywhere. I'm here to help answer your questions and provide information. Is there something specific you'd like to know or talk about?	-14.883800268173218	-19.50007665157318	-0.2439967257077576	-0.3196733877307079	61	61	-14.883800268173218	-19.50007665157318	-0.2439967257077576	-0.3196733877307079	4.616276383399963	0.0756766620229502	True	True	I know, but it's 12	just	0.0756766620229502	4.616276383399963	1	"Speaker 1: I think I'm going to go home.
Speaker 2: Why? We just got here.
Speaker 1: "	"Speaker 1: I think I'm going to go home.
Speaker 2: Why? We got here.
Speaker 1: "	Speaker 1
127	128	expanded_data	discourse_particle	35	just_j_8362	just	h	let's go swimming.	But, we just finished eating lunch.	But, we finished eating lunch.	I know, but I'm really hot.		P	But, we just finished eating lunch.	nucleus	chat	0.9	1.0	20260416	1023332715	50	50	500	7	7	In that case, let's take a short walk or do some stretching exercises instead! It's always nice to get some fresh air and move around after a meal.	in that case, let's take a short walk or do some stretching exercises instead! it's always nice to get some fresh air and move around after a meal.	In that case, let's take a short walk or do some stretching exercises instead! It's always nice to get some fresh air and move around after a meal.	-19.04054045677185	-21.87540686130524	-0.5010668541255751	-0.5756686016132957	38	38	-19.04054045677185	-21.87540686130524	-0.5010668541255751	-0.5756686016132957	2.8348664045333862	0.0746017474877206	True	True	I know, but I'm really hot.	just	0.0746017474877206	2.8348664045333862	0	"Speaker 1: let's go swimming.
Speaker 2: But, we just finished eating lunch.
Speaker 1: "	"Speaker 1: let's go swimming.
Speaker 2: But, we finished eating lunch.
Speaker 1: "	Speaker 1
128	129	expanded_data	discourse_particle	40	just_j_7614	just	h	Hey Michelle. Good to see you. Are you at lunch?	Oh hi Jim. No I just got back. I thought you were on vacation now.	Oh hi Jim. No I got back. I thought you were on vacation now.	No, I wish I was! I just got back from Spain actually.		P	Oh hi Jim. No I just got back. I thought you were on vacation now.	nucleus	chat	0.9	1.0	20260416	135797504	50	50	500	35	35	I am! I'm just on my way out the door, actually. I'm so sorry, I forgot to turn off my computer before I left. I hope I didn't leave a mess! How was your day?	i am! i'm just on my way out the door, actually. i'm so sorry, i forgot to turn off my computer before i left. i hope i didn't leave a mess! how was your day?	I am! I'm just on my way out the door, actually. I'm so sorry, I forgot to turn off my computer before I left. I hope I didn't leave a mess! How was your day?	-32.737903118133545	-36.4431619644165	-0.6547580623626709	-0.7288632392883301	50	50	-32.737903118133545	-36.4431619644165	-0.6547580623626709	-0.7288632392883301	3.705258846282959	0.0741051769256592	True	True	No, I wish I was! I just got back from Spain actually.	just	0.0741051769256592	3.705258846282959	0	"Speaker 1: Hey Michelle. Good to see you. Are you at lunch?
Speaker 2: Oh hi Jim. No I just got back. I thought you were on vacation now.
Speaker 1: "	"Speaker 1: Hey Michelle. Good to see you. Are you at lunch?
Speaker 2: Oh hi Jim. No I got back. I thought you were on vacation now.
Speaker 1: "	Speaker 1
129	130	expanded_data	discourse_particle	26	just_j_1461	just	h	Operator. May I help you?__eou__Yes. How do I get an outside line, please?	Just dial 0, wait for the dial tone, and then dial the phone number you want to call. Or we can place a call for you, if you want.	Dial 0, wait for the dial tone, and then dial the phone number you want to call. Or we can place a call for you, if you want.	No, thanks a lot. I'll try it myself.		P	Just dial 0, wait for the dial tone, and then dial the phone number you want to call. Or we can place a call for you, if you want.	nucleus	chat	0.9	1.0	20260416	71756826	50	50	500	15	15	Thank you, I think I can manage that. But before I go, can you tell me the time?	thank you, i think i can manage that. but before i go, can you tell me the time?	Thank you, I think I can manage that. But before I go, can you tell me the time?	-13.468708634376526	-15.46486496925354	-0.4988410605324639	-0.57277277663902	27	27	-13.468708634376526	-15.46486496925354	-0.4988410605324639	-0.57277277663902	1.9961563348770144	0.0739317161065561	True	True	No, thanks a lot. I'll try it myself.	just	0.0739317161065561	1.9961563348770144	1	"Speaker 1: Operator. May I help you?
Speaker 2: Yes. How do I get an outside line, please?
Speaker 1: Just dial 0, wait for the dial tone, and then dial the phone number you want to call. Or we can place a call for you, if you want.
Speaker 2: "	"Speaker 1: Operator. May I help you?
Speaker 2: Yes. How do I get an outside line, please?
Speaker 1: Dial 0, wait for the dial tone, and then dial the phone number you want to call. Or we can place a call for you, if you want.
Speaker 2: "	Speaker 2
130	131	expanded_data	discourse_particle	36	just_j_8556	just	h	I think I'm going to go home.	Why? We just got here.	Why? We got here.	I know, but it's 12		P	Why? We just got here.	nucleus	chat	0.9	1.0	20260416	1188910665	50	50	500	49	49	"I apologize, I made a mistake! I'm just an AI, I don't have a physical presence, so I couldn't have ""gone home"" even if I wanted to. I'm here to help answer your questions and chat with you, so let's continue our conversation!"	"i apologize, i made a mistake! i'm just an ai, i don't have a physical presence, so i couldn't have ""gone home"" even if i wanted to. i'm here to help answer your questions and chat with you, so let's continue our conversation!"	"I apologize, I made a mistake! I'm just an AI, I don't have a physical presence, so I couldn't have ""gone home"" even if I wanted to. I'm here to help answer your questions and chat with you, so let's continue our conversation!"	-17.309248447418213	-21.868821382522583	-0.2791814265712615	-0.3527229255245578	62	62	-17.309248447418213	-21.868821382522583	-0.2791814265712615	-0.3527229255245578	4.55957293510437	0.0735414989532963	True	True	I know, but it's 12	just	0.0735414989532963	4.55957293510437	1	"Speaker 1: I think I'm going to go home.
Speaker 2: Why? We just got here.
Speaker 1: "	"Speaker 1: I think I'm going to go home.
Speaker 2: Why? We got here.
Speaker 1: "	Speaker 1
131	132	expanded_data	discourse_particle	57	just_j_11362	just	h	Would you mind if I ask your health status?	I just had a complete physical examination and passed with flying colors.	I had a complete physical examination and passed with flying colors.	That is good. We hope each of our future employees will be healthy and happy.		P	I just had a complete physical examination and passed with flying colors.	nucleus	chat	0.9	1.0	20260416	1728911766	50	50	500	27	26	That's great to hear! Congratulations on your good health report.	that's great to hear! congratulations on your good health report.	That's great to hear! Congratulations on your good health report.\n\nAs a conversational AI, I don't have access to your personal medical information, so I'm just making a friendly inquiry. I'm here to assist you with any questions or topics you'd like to discuss, not to ask about your health status.	-8.111069083213806	-9.431737065315248	-0.4506149490674336	-0.5239853925175137	18	18	-8.111069083213806	-9.431737065315248	-0.4506149490674336	-0.5239853925175137	1.3206679821014404	0.07337044345008	True	True	That is good. We hope each of our future employees will be healthy and happy.	just	0.07337044345008	1.3206679821014404	1	"Speaker 1: Would you mind if I ask your health status?
Speaker 2: I just had a complete physical examination and passed with flying colors.
Speaker 1: "	"Speaker 1: Would you mind if I ask your health status?
Speaker 2: I had a complete physical examination and passed with flying colors.
Speaker 1: "	Speaker 1
132	133	expanded_data	discourse_particle	57	just_j_11362	just	h	Would you mind if I ask your health status?	I just had a complete physical examination and passed with flying colors.	I had a complete physical examination and passed with flying colors.	That is good. We hope each of our future employees will be healthy and happy.		P	I just had a complete physical examination and passed with flying colors.	nucleus	chat	0.9	1.0	20260416	1728911766	50	50	500	43	41	That's great to hear! Congratulations on your good health.	that's great to hear! congratulations on your good health.	That's great to hear! Congratulations on your good health.	-6.110092520713806	-7.349705815315247	-0.3594172071008121	-0.4323356361950145	17	17	-6.110092520713806	-7.349705815315247	-0.3594172071008121	-0.4323356361950145	1.2396132946014404	0.0729184290942023	True	True	That is good. We hope each of our future employees will be healthy and happy.	just	0.0729184290942023	1.2396132946014404	1	"Speaker 1: Would you mind if I ask your health status?
Speaker 2: I just had a complete physical examination and passed with flying colors.
Speaker 1: "	"Speaker 1: Would you mind if I ask your health status?
Speaker 2: I had a complete physical examination and passed with flying colors.
Speaker 1: "	Speaker 1
133	134	expanded_data	discourse_particle	25	just_j_12662	just	h	Is everything all right?__eou__Not at all.__eou__What's the problem?	Someone just robbed me.	Someone robbed me.	What do you mean?		P	Someone just robbed me.	nucleus	chat	0.9	1.0	20260416	310199087	50	50	500	2	2	Oh no, that's terrible! I'm so sorry to hear that. Are you okay? Did the robber harm you or is everything else okay?	oh no, that's terrible! i'm so sorry to hear that. are you okay? did the robber harm you or is everything else okay?	Oh no, that's terrible! I'm so sorry to hear that. Are you okay? Did the robber harm you or is everything else okay?\n\nAlso, did you get a good look at the robber? Was it a person of a certain age, gender, race, or ethnicity? Were they wearing anything distinctive,	-15.209802746772766	-17.759835243225098	-0.4345657927649362	-0.5074238640921457	35	35	-15.209802746772766	-17.759835243225098	-0.4345657927649362	-0.5074238640921457	2.5500324964523315	0.0728580713272095	True	True	What do you mean?	just	0.0728580713272095	2.5500324964523315	1	"Speaker 1: Is everything all right?
Speaker 2: Not at all.
Speaker 1: What's the problem?
Speaker 2: Someone just robbed me.
Speaker 1: "	"Speaker 1: Is everything all right?
Speaker 2: Not at all.
Speaker 1: What's the problem?
Speaker 2: Someone robbed me.
Speaker 1: "	Speaker 1
134	135	expanded_data	discourse_particle	26	just_j_1461	just	h	Operator. May I help you?__eou__Yes. How do I get an outside line, please?	Just dial 0, wait for the dial tone, and then dial the phone number you want to call. Or we can place a call for you, if you want.	Dial 0, wait for the dial tone, and then dial the phone number you want to call. Or we can place a call for you, if you want.	No, thanks a lot. I'll try it myself.		P	Just dial 0, wait for the dial tone, and then dial the phone number you want to call. Or we can place a call for you, if you want.	nucleus	chat	0.9	1.0	20260416	71756826	50	50	500	36	36	Thank you, operator! I think I can manage that. But before I go, can you tell me the time? It's important that I make this call at the right hour.	thank you, operator! i think i can manage that. but before i go, can you tell me the time? it's important that i make this call at the right hour.	Thank you, operator! I think I can manage that. But before I go, can you tell me the time? It's important that I make this call at the right hour.	-21.13818871974945	-24.1853244304657	-0.5032902076130822	-0.5758410578682309	42	42	-21.13818871974945	-24.1853244304657	-0.5032902076130822	-0.5758410578682309	3.047135710716248	0.0725508502551487	True	True	No, thanks a lot. I'll try it myself.	just	0.0725508502551487	3.047135710716248	1	"Speaker 1: Operator. May I help you?
Speaker 2: Yes. How do I get an outside line, please?
Speaker 1: Just dial 0, wait for the dial tone, and then dial the phone number you want to call. Or we can place a call for you, if you want.
Speaker 2: "	"Speaker 1: Operator. May I help you?
Speaker 2: Yes. How do I get an outside line, please?
Speaker 1: Dial 0, wait for the dial tone, and then dial the phone number you want to call. Or we can place a call for you, if you want.
Speaker 2: "	Speaker 2
135	136	expanded_data	discourse_particle	35	just_j_8362	just	h	let's go swimming.	But, we just finished eating lunch.	But, we finished eating lunch.	I know, but I'm really hot.		P	But, we just finished eating lunch.	nucleus	chat	0.9	1.0	20260416	1023332715	50	50	500	31	31	You're right, we just had lunch. Maybe we can wait a bit before going swimming? We don't want to get waterlogged and uncomfortable. Plus, it's always more fun to swim when we're not too full from eating. How about we play a game or take a short walk instead, and then head	you're right, we just had lunch. maybe we can wait a bit before going swimming? we don't want to get waterlogged and uncomfortable. plus, it's always more fun to swim when we're not too full from eating. how about we play a game or take a short walk instead, and then head	You're right, we just had lunch. Maybe we can wait a bit before going swimming? We don't want to get waterlogged and uncomfortable. Plus, it's always more fun to swim when we're not too full from eating. How about we play a game or take a short walk instead, and then head	-65.47851705551147	-70.48420405387878	-0.9489640152972676	-1.0215102036794026	69	69	-65.47851705551147	-70.48420405387878	-0.9489640152972676	-1.0215102036794026	5.00568699836731	0.0725461883821348	True	True	I know, but I'm really hot.	just	0.0725461883821348	5.00568699836731	0	"Speaker 1: let's go swimming.
Speaker 2: But, we just finished eating lunch.
Speaker 1: "	"Speaker 1: let's go swimming.
Speaker 2: But, we finished eating lunch.
Speaker 1: "	Speaker 1
136	137	expanded_data	discourse_particle	40	just_j_7614	just	h	Hey Michelle. Good to see you. Are you at lunch?	Oh hi Jim. No I just got back. I thought you were on vacation now.	Oh hi Jim. No I got back. I thought you were on vacation now.	No, I wish I was! I just got back from Spain actually.		P	Oh hi Jim. No I just got back. I thought you were on vacation now.	nucleus	chat	0.9	1.0	20260416	135797504	50	50	500	26	26	I am! I just got back a little early to take care of some personal stuff. Nothing too exciting. Just wanted to check in with you before I head back out to catch my flight. How about you, how was your day?	i am! i just got back a little early to take care of some personal stuff. nothing too exciting. just wanted to check in with you before i head back out to catch my flight. how about you, how was your day?	I am! I just got back a little early to take care of some personal stuff. Nothing too exciting. Just wanted to check in with you before I head back out to catch my flight. How about you, how was your day?	-32.00967741012573	-35.85086631774902	-0.6039561775495421	-0.6764314399575287	53	53	-32.00967741012573	-35.85086631774902	-0.6039561775495421	-0.6764314399575287	3.841188907623291	0.0724752624079866	True	True	No, I wish I was! I just got back from Spain actually.	just	0.0724752624079866	3.841188907623291	0	"Speaker 1: Hey Michelle. Good to see you. Are you at lunch?
Speaker 2: Oh hi Jim. No I just got back. I thought you were on vacation now.
Speaker 1: "	"Speaker 1: Hey Michelle. Good to see you. Are you at lunch?
Speaker 2: Oh hi Jim. No I got back. I thought you were on vacation now.
Speaker 1: "	Speaker 1
137	138	expanded_data	discourse_particle	31	just_j_2438	just	h	OK, so are you ready to learn how to bake a cake?	Almost, let me just put my apron on.	Almost, let me put my apron on.	OK, so the first thing we are going to do is pre-heat the oven, that way we have it at the desired temperature once we finish preparing everything. Set it to three hundred and seventy five degrees Fahrenheit.		P	Almost, let me just put my apron on.	nucleus	chat	0.9	1.0	20260416	491321217	50	50	500	38	38	Ha ha, nice one! Unfortunately, we're just having a text-based conversation, so you won't actually need an apron. But I'm excited to help you learn how to bake a cake virtually! Do you have a specific type of cake in mind (e.g. vanilla, chocolate, red velvet)? Or	ha ha, nice one! unfortunately, we're just having a text-based conversation, so you won't actually need an apron. but i'm excited to help you learn how to bake a cake virtually! do you have a specific type of cake in mind (e.g. vanilla, chocolate, red velvet)? or	Ha ha, nice one! Unfortunately, we're just having a text-based conversation, so you won't actually need an apron. But I'm excited to help you learn how to bake a cake virtually! Do you have a specific type of cake in mind (e.g. vanilla, chocolate, red velvet)? Or	-46.75014972686768	-51.73553502559662	-0.677538401838662	-0.749790362689806	69	69	-46.75014972686768	-51.73553502559662	-0.677538401838662	-0.749790362689806	4.985385298728943	0.072251960851144	True	True	OK, so the first thing we are going to do is pre-heat the oven, that way we have it at the desired temperature once we finish preparing everything. Set it to three hundred and seventy five degrees Fahrenheit.	just	0.072251960851144	4.985385298728943	0	"Speaker 1: OK, so are you ready to learn how to bake a cake?
Speaker 2: Almost, let me just put my apron on.
Speaker 1: "	"Speaker 1: OK, so are you ready to learn how to bake a cake?
Speaker 2: Almost, let me put my apron on.
Speaker 1: "	Speaker 1
138	139	expanded_data	discourse_particle	31	just_j_2438	just	h	OK, so are you ready to learn how to bake a cake?	Almost, let me just put my apron on.	Almost, let me put my apron on.	OK, so the first thing we are going to do is pre-heat the oven, that way we have it at the desired temperature once we finish preparing everything. Set it to three hundred and seventy five degrees Fahrenheit.		P	Almost, let me just put my apron on.	nucleus	chat	0.9	1.0	20260416	491321217	50	50	500	23	23	Ahaha, nice one! Unfortunately, we're not actually going to bake a cake in this conversation, but I'm happy to provide you with a recipe or guide you through the process if you'd like. We can just have a virtual baking session! What kind of cake are you interested in baking?	ahaha, nice one! unfortunately, we're not actually going to bake a cake in this conversation, but i'm happy to provide you with a recipe or guide you through the process if you'd like. we can just have a virtual baking session! what kind of cake are you interested in baking?	Ahaha, nice one! Unfortunately, we're not actually going to bake a cake in this conversation, but I'm happy to provide you with a recipe or guide you through the process if you'd like. We can just have a virtual baking session! What kind of cake are you interested in baking?	-26.881433844566345	-31.627233147621155	-0.4072944521903991	-0.4792005022366841	66	66	-26.881433844566345	-31.627233147621155	-0.4072944521903991	-0.4792005022366841	4.74579930305481	0.0719060500462849	True	True	OK, so the first thing we are going to do is pre-heat the oven, that way we have it at the desired temperature once we finish preparing everything. Set it to three hundred and seventy five degrees Fahrenheit.	just	0.0719060500462849	4.74579930305481	0	"Speaker 1: OK, so are you ready to learn how to bake a cake?
Speaker 2: Almost, let me just put my apron on.
Speaker 1: "	"Speaker 1: OK, so are you ready to learn how to bake a cake?
Speaker 2: Almost, let me put my apron on.
Speaker 1: "	Speaker 1
139	140	expanded_data	discourse_particle	25	just_j_12662	just	h	Is everything all right?__eou__Not at all.__eou__What's the problem?	Someone just robbed me.	Someone robbed me.	What do you mean?		P	Someone just robbed me.	nucleus	chat	0.9	1.0	20260416	310199087	50	50	500	4	4	Oh no, I'm so sorry to hear that! That must be incredibly upsetting and frightening. Can you tell me more about what happened? Where were you when it happened? Did the police get involved? Are you safe now?	oh no, i'm so sorry to hear that! that must be incredibly upsetting and frightening. can you tell me more about what happened? where were you when it happened? did the police get involved? are you safe now?	Oh no, I'm so sorry to hear that! That must be incredibly upsetting and frightening. Can you tell me more about what happened? Where were you when it happened? Did the police get involved? Are you safe now?\n\nAlso, I want you to know that you're not alone, and I'm here to	-15.044726729393004	-18.71136379241944	-0.294994641752804	-0.3668894861258712	51	51	-15.044726729393004	-18.71136379241944	-0.294994641752804	-0.3668894861258712	3.666637063026428	0.0718948443730672	True	True	What do you mean?	just	0.0718948443730672	3.666637063026428	1	"Speaker 1: Is everything all right?
Speaker 2: Not at all.
Speaker 1: What's the problem?
Speaker 2: Someone just robbed me.
Speaker 1: "	"Speaker 1: Is everything all right?
Speaker 2: Not at all.
Speaker 1: What's the problem?
Speaker 2: Someone robbed me.
Speaker 1: "	Speaker 1
140	141	expanded_data	discourse_particle	25	just_j_12662	just	h	Is everything all right?__eou__Not at all.__eou__What's the problem?	Someone just robbed me.	Someone robbed me.	What do you mean?		P	Someone just robbed me.	nucleus	chat	0.9	1.0	20260416	310199087	50	50	500	11	11	Oh no, that's terrible! I'm so sorry to hear that. Are you safe now? Were you physically hurt during the robbery?	oh no, that's terrible! i'm so sorry to hear that. are you safe now? were you physically hurt during the robbery?	Oh no, that's terrible! I'm so sorry to hear that. Are you safe now? Were you physically hurt during the robbery?	-10.437941670417786	-12.803878784179688	-0.3163012627399329	-0.3879963267933238	33	33	-10.437941670417786	-12.803878784179688	-0.3163012627399329	-0.3879963267933238	2.365937113761902	0.0716950640533909	True	True	What do you mean?	just	0.0716950640533909	2.365937113761902	1	"Speaker 1: Is everything all right?
Speaker 2: Not at all.
Speaker 1: What's the problem?
Speaker 2: Someone just robbed me.
Speaker 1: "	"Speaker 1: Is everything all right?
Speaker 2: Not at all.
Speaker 1: What's the problem?
Speaker 2: Someone robbed me.
Speaker 1: "	Speaker 1
141	142	expanded_data	discourse_particle	10	just_j_12718	just	h	Hello Mr Waterstone, what can I do for you today?	Hello, Becky. Well, you see, I have this thing here, called a Fixed Deposit Certificate, and I've just noticed the date on it.	Hello, Becky. Well, you see, I have this thing here, called a Fixed Deposit Certificate, and I've noticed the date on it.	Oh, I see. You have two choices here you can either redeem or renew.		P	Hello, Becky. Well, you see, I have this thing here, called a Fixed Deposit Certificate, and I've just noticed the date on it.	nucleus	chat	0.9	1.0	20260416	1476190778	50	50	500	17	17	A Fixed Deposit Certificate, you say? That's an interesting document, Mr. Waterstone. Can you show it to me? And what's the date that's caught your eye?	a fixed deposit certificate, you say? that's an interesting document, mr. waterstone. can you show it to me? and what's the date that's caught your eye?	A Fixed Deposit Certificate, you say? That's an interesting document, Mr. Waterstone. Can you show it to me? And what's the date that's caught your eye?	-20.44622552394867	-23.45074474811554	-0.4868148934273493	-0.5583510654313224	42	42	-20.44622552394867	-23.45074474811554	-0.4868148934273493	-0.5583510654313224	3.00451922416687	0.0715361720039731	True	True	Oh, I see. You have two choices here you can either redeem or renew.	just	0.0715361720039731	3.00451922416687	0	"Speaker 1: Hello Mr Waterstone, what can I do for you today?
Speaker 2: Hello, Becky. Well, you see, I have this thing here, called a Fixed Deposit Certificate, and I've just noticed the date on it.
Speaker 1: "	"Speaker 1: Hello Mr Waterstone, what can I do for you today?
Speaker 2: Hello, Becky. Well, you see, I have this thing here, called a Fixed Deposit Certificate, and I've noticed the date on it.
Speaker 1: "	Speaker 1
142	143	expanded_data	discourse_particle	57	just_j_11362	just	h	Would you mind if I ask your health status?	I just had a complete physical examination and passed with flying colors.	I had a complete physical examination and passed with flying colors.	That is good. We hope each of our future employees will be healthy and happy.		P	I just had a complete physical examination and passed with flying colors.	nucleus	chat	0.9	1.0	20260416	1728911766	50	50	500	1	1	That's wonderful news! Congratulations on passing your physical examination with flying colors! It's great to hear that you're in good health. Would you like to talk about anything specific regarding your physical exam or any concerns you may have about your health? I'm here to listen and help in any way I can.	that's wonderful news! congratulations on passing your physical examination with flying colors! it's great to hear that you're in good health. would you like to talk about anything specific regarding your physical exam or any concerns you may have about your health? i'm here to listen and help in any way i can.	That's wonderful news! Congratulations on passing your physical examination with flying colors! It's great to hear that you're in good health. Would you like to talk about anything specific regarding your physical exam or any concerns you may have about your health? I'm here to listen and help in any way I can.	-26.968013286590576	-31.75873970985413	-0.4025076609938892	-0.4740110404455839	67	67	-26.968013286590576	-31.75873970985413	-0.4025076609938892	-0.4740110404455839	4.79072642326355	0.0715033794516947	True	True	That is good. We hope each of our future employees will be healthy and happy.	just	0.0715033794516947	4.79072642326355	1	"Speaker 1: Would you mind if I ask your health status?
Speaker 2: I just had a complete physical examination and passed with flying colors.
Speaker 1: "	"Speaker 1: Would you mind if I ask your health status?
Speaker 2: I had a complete physical examination and passed with flying colors.
Speaker 1: "	Speaker 1
143	144	expanded_data	discourse_particle	35	just_j_8362	just	h	let's go swimming.	But, we just finished eating lunch.	But, we finished eating lunch.	I know, but I'm really hot.		P	But, we just finished eating lunch.	nucleus	chat	0.9	1.0	20260416	1023332715	50	50	500	5	5	That's a good point! It might not be a good idea to go swimming right after eating lunch. We should probably wait a bit until our food is digested before getting in the water. Maybe we can find something else to do instead?	that's a good point! it might not be a good idea to go swimming right after eating lunch. we should probably wait a bit until our food is digested before getting in the water. maybe we can find something else to do instead?	That's a good point! It might not be a good idea to go swimming right after eating lunch. We should probably wait a bit until our food is digested before getting in the water. Maybe we can find something else to do instead?	-20.58065688610077	-24.4417268037796	-0.3811232756685327	-0.452624570440363	54	54	-20.58065688610077	-24.4417268037796	-0.3811232756685327	-0.452624570440363	3.861069917678833	0.0715012947718302	True	True	I know, but I'm really hot.	just	0.0715012947718302	3.861069917678833	0	"Speaker 1: let's go swimming.
Speaker 2: But, we just finished eating lunch.
Speaker 1: "	"Speaker 1: let's go swimming.
Speaker 2: But, we finished eating lunch.
Speaker 1: "	Speaker 1
144	145	expanded_data	discourse_particle	57	just_j_11362	just	h	Would you mind if I ask your health status?	I just had a complete physical examination and passed with flying colors.	I had a complete physical examination and passed with flying colors.	That is good. We hope each of our future employees will be healthy and happy.		P	I just had a complete physical examination and passed with flying colors.	nucleus	chat	0.9	1.0	20260416	1728911766	50	50	500	33	32	That's great to hear! Congratulations on your good health! It's always a relief to get a clean bill of health.	that's great to hear! congratulations on your good health! it's always a relief to get a clean bill of health.	That's great to hear! Congratulations on your good health! It's always a relief to get a clean bill of health.\n\nAs a conversational AI, I'm designed to assist with various topics, including health-related information, but I'm not a medical professional. If you have any questions or concerns about your health,	-12.047037601470947	-14.178292870521544	-0.4015679200490316	-0.4726097623507181	30	30	-12.047037601470947	-14.178292870521544	-0.4015679200490316	-0.4726097623507181	2.131255269050598	0.0710418423016865	True	True	That is good. We hope each of our future employees will be healthy and happy.	just	0.0710418423016865	2.131255269050598	1	"Speaker 1: Would you mind if I ask your health status?
Speaker 2: I just had a complete physical examination and passed with flying colors.
Speaker 1: "	"Speaker 1: Would you mind if I ask your health status?
Speaker 2: I had a complete physical examination and passed with flying colors.
Speaker 1: "	Speaker 1
145	146	expanded_data	discourse_particle	1	just_j_5467	just	h	I want to leave the motorbike outdoors.	Fine, just don't do it at night.	Fine, don't do it at night.	Why not?		P	Fine, just don't do it at night.	nucleus	chat	0.9	1.0	20260416	788549607	50	50	500	35	35	You're concerned about the safety of leaving the motorbike outdoors, especially at night.	you're concerned about the safety of leaving the motorbike outdoors, especially at night.	You're concerned about the safety of leaving the motorbike outdoors, especially at night.	-7.080121874809265	-8.641692638397217	-0.3218237215822393	-0.3928042108362371	22	22	-7.080121874809265	-8.641692638397217	-0.3218237215822393	-0.3928042108362371	1.5615707635879517	0.0709804892539978	True	True	Why not?	just	0.0709804892539978	1.5615707635879517	0	"Speaker 1: I want to leave the motorbike outdoors.
Speaker 2: Fine, just don't do it at night.
Speaker 1: "	"Speaker 1: I want to leave the motorbike outdoors.
Speaker 2: Fine, don't do it at night.
Speaker 1: "	Speaker 1
146	147	expanded_data	discourse_particle	26	just_j_1461	just	h	Operator. May I help you?__eou__Yes. How do I get an outside line, please?	Just dial 0, wait for the dial tone, and then dial the phone number you want to call. Or we can place a call for you, if you want.	Dial 0, wait for the dial tone, and then dial the phone number you want to call. Or we can place a call for you, if you want.	No, thanks a lot. I'll try it myself.		P	Just dial 0, wait for the dial tone, and then dial the phone number you want to call. Or we can place a call for you, if you want.	nucleus	chat	0.9	1.0	20260416	71756826	50	50	500	47	47	Thank you. I think I'll just try dialing 0 myself. And, by the way, can you tell me the time? I've lost track of it while I've been working on this report.	thank you. i think i'll just try dialing 0 myself. and, by the way, can you tell me the time? i've lost track of it while i've been working on this report.	Thank you. I think I'll just try dialing 0 myself. And, by the way, can you tell me the time? I've lost track of it while I've been working on this report.	-22.68999052047729	-26.088855147361755	-0.472708135843277	-0.5435178155700365	48	48	-22.68999052047729	-26.088855147361755	-0.472708135843277	-0.5435178155700365	3.3988646268844604	0.0708096797267595	True	True	No, thanks a lot. I'll try it myself.	just	0.0708096797267595	3.3988646268844604	1	"Speaker 1: Operator. May I help you?
Speaker 2: Yes. How do I get an outside line, please?
Speaker 1: Just dial 0, wait for the dial tone, and then dial the phone number you want to call. Or we can place a call for you, if you want.
Speaker 2: "	"Speaker 1: Operator. May I help you?
Speaker 2: Yes. How do I get an outside line, please?
Speaker 1: Dial 0, wait for the dial tone, and then dial the phone number you want to call. Or we can place a call for you, if you want.
Speaker 2: "	Speaker 2
147	148	expanded_data	discourse_particle	51	just_j_2401	just	h	This motor oil case is still really slippery.__eou__Yeah, time for more coffee!__eou__Sure, why not? I think I want a chocolate chip cookie, too.	By the way, I heard Kitty's just got in a shipment of Jamaican Blue Mountain.	By the way, I heard Kitty's got in a shipment of Jamaican Blue Mountain.	So what?		P	By the way, I heard Kitty's just got in a shipment of Jamaican Blue Mountain.	nucleus	chat	0.9	1.0	20260416	2004638241	50	50	500	40	40	Ooh, nice! I've been wanting to try some of that. I've heard it's some of the best coffee in the world. Do you think they'll have any left by the time I get there?	ooh, nice! i've been wanting to try some of that. i've heard it's some of the best coffee in the world. do you think they'll have any left by the time i get there?	Ooh, nice! I've been wanting to try some of that. I've heard it's some of the best coffee in the world. Do you think they'll have any left by the time I get there?	-17.68023717403412	-21.1488596200943	-0.3608211668170228	-0.4316093800019245	49	49	-17.68023717403412	-21.1488596200943	-0.3608211668170228	-0.4316093800019245	3.4686224460601807	0.0707882131849017	True	True	So what?	just	0.0707882131849017	3.4686224460601807	0	"Speaker 1: This motor oil case is still really slippery.
Speaker 2: Yeah, time for more coffee!
Speaker 1: Sure, why not? I think I want a chocolate chip cookie, too.
Speaker 2: By the way, I heard Kitty's just got in a shipment of Jamaican Blue Mountain.
Speaker 1: "	"Speaker 1: This motor oil case is still really slippery.
Speaker 2: Yeah, time for more coffee!
Speaker 1: Sure, why not? I think I want a chocolate chip cookie, too.
Speaker 2: By the way, I heard Kitty's got in a shipment of Jamaican Blue Mountain.
Speaker 1: "	Speaker 1
148	149	expanded_data	discourse_particle	1	just_j_5467	just	h	I want to leave the motorbike outdoors.	Fine, just don't do it at night.	Fine, don't do it at night.	Why not?		P	Fine, just don't do it at night.	nucleus	chat	0.9	1.0	20260416	788549607	50	50	500	24	24	I think there may be a misunderstanding! As a digital AI assistant, I don't have a physical body, so I can't actually leave a motorbike outdoors or perform any physical actions. I exist solely to provide information and assist with text-based conversations.	i think there may be a misunderstanding! as a digital ai assistant, i don't have a physical body, so i can't actually leave a motorbike outdoors or perform any physical actions. i exist solely to provide information and assist with text-based conversations.	I think there may be a misunderstanding! As a digital AI assistant, I don't have a physical body, so I can't actually leave a motorbike outdoors or perform any physical actions. I exist solely to provide information and assist with text-based conversations.	-19.84754955768585	-23.800299048423767	-0.3544205278158188	-0.4250053401504244	56	56	-19.84754955768585	-23.800299048423767	-0.3544205278158188	-0.4250053401504244	3.952749490737915	0.0705848123346056	True	True	Why not?	just	0.0705848123346056	3.952749490737915	0	"Speaker 1: I want to leave the motorbike outdoors.
Speaker 2: Fine, just don't do it at night.
Speaker 1: "	"Speaker 1: I want to leave the motorbike outdoors.
Speaker 2: Fine, don't do it at night.
Speaker 1: "	Speaker 1
149	150	expanded_data	discourse_particle	1	just_j_5467	just	h	I want to leave the motorbike outdoors.	Fine, just don't do it at night.	Fine, don't do it at night.	Why not?		P	Fine, just don't do it at night.	nucleus	chat	0.9	1.0	20260416	788549607	50	50	500	26	26	I think there may be a misunderstanding! I'm just an AI, I don't have the ability to physically leave a motorbike outdoors or at night. I exist solely in the digital realm and assist with text-based conversations. If you're looking for advice on where to park your motorbike, I'd be happy to	i think there may be a misunderstanding! i'm just an ai, i don't have the ability to physically leave a motorbike outdoors or at night. i exist solely in the digital realm and assist with text-based conversations. if you're looking for advice on where to park your motorbike, i'd be happy to	I think there may be a misunderstanding! I'm just an AI, I don't have the ability to physically leave a motorbike outdoors or at night. I exist solely in the digital realm and assist with text-based conversations. If you're looking for advice on where to park your motorbike, I'd be happy to	-50.1987533569336	-55.01778852939606	-0.7275181645932405	-0.7973592540492183	69	69	-50.1987533569336	-55.01778852939606	-0.7275181645932405	-0.7973592540492183	4.819035172462463	0.0698410894559777	True	True	Why not?	just	0.0698410894559777	4.819035172462463	0	"Speaker 1: I want to leave the motorbike outdoors.
Speaker 2: Fine, just don't do it at night.
Speaker 1: "	"Speaker 1: I want to leave the motorbike outdoors.
Speaker 2: Fine, don't do it at night.
Speaker 1: "	Speaker 1
150	151	expanded_data	discourse_particle	57	just_j_11362	just	h	Would you mind if I ask your health status?	I just had a complete physical examination and passed with flying colors.	I had a complete physical examination and passed with flying colors.	That is good. We hope each of our future employees will be healthy and happy.		P	I just had a complete physical examination and passed with flying colors.	nucleus	chat	0.9	1.0	20260416	1728911766	50	50	500	37	36	That's great to hear! Congratulations on having a clean bill of health! It's always a relief to know that everything is okay and you're in good shape. Did your doctor give you any recommendations or suggestions for improving your health or wellness?	that's great to hear! congratulations on having a clean bill of health! it's always a relief to know that everything is okay and you're in good shape. did your doctor give you any recommendations or suggestions for improving your health or wellness?	That's great to hear! Congratulations on having a clean bill of health! It's always a relief to know that everything is okay and you're in good shape. Did your doctor give you any recommendations or suggestions for improving your health or wellness?	-24.104813933372498	-27.875362753868103	-0.4463854432106018	-0.5162104213679278	54	54	-24.104813933372498	-27.875362753868103	-0.4463854432106018	-0.5162104213679278	3.7705488204956055	0.069824978157326	True	True	That is good. We hope each of our future employees will be healthy and happy.	just	0.069824978157326	3.7705488204956055	1	"Speaker 1: Would you mind if I ask your health status?
Speaker 2: I just had a complete physical examination and passed with flying colors.
Speaker 1: "	"Speaker 1: Would you mind if I ask your health status?
Speaker 2: I had a complete physical examination and passed with flying colors.
Speaker 1: "	Speaker 1
151	152	expanded_data	discourse_particle	19	just_j_7873	just	h	How are you getting along with your wife now?__eou__What can you expect? Not that good.__eou__What are you going to do then?	Just let it go.	Let it go.	How are your work now?		P	Just let it go.	nucleus	chat	0.9	1.0	20260416	1369746621	50	50	500	8	8	It seems like you're referring to a difficult or unpleasant situation, and you're deciding to accept it and move on rather than trying to change it. Sometimes, that's the best course of action. It's okay to acknowledge that some things are outside of our control, and it's healthier to focus on what we can	it seems like you're referring to a difficult or unpleasant situation, and you're deciding to accept it and move on rather than trying to change it. sometimes, that's the best course of action. it's okay to acknowledge that some things are outside of our control, and it's healthier to focus on what we can	It seems like you're referring to a difficult or unpleasant situation, and you're deciding to accept it and move on rather than trying to change it. Sometimes, that's the best course of action. It's okay to acknowledge that some things are outside of our control, and it's healthier to focus on what we can	-60.59603190422058	-65.38702511787415	-0.878203360930733	-0.9476380451865818	69	69	-60.59603190422058	-65.38702511787415	-0.878203360930733	-0.9476380451865818	4.7909932136535645	0.0694346842558487	True	True	How are your work now?	just	0.0694346842558487	4.7909932136535645	0	"Speaker 1: How are you getting along with your wife now?
Speaker 2: What can you expect? Not that good.
Speaker 1: What are you going to do then?
Speaker 2: Just let it go.
Speaker 1: "	"Speaker 1: How are you getting along with your wife now?
Speaker 2: What can you expect? Not that good.
Speaker 1: What are you going to do then?
Speaker 2: Let it go.
Speaker 1: "	Speaker 1
152	153	expanded_data	discourse_particle	57	just_j_11362	just	h	Would you mind if I ask your health status?	I just had a complete physical examination and passed with flying colors.	I had a complete physical examination and passed with flying colors.	That is good. We hope each of our future employees will be healthy and happy.		P	I just had a complete physical examination and passed with flying colors.	nucleus	chat	0.9	1.0	20260416	1728911766	50	50	500	40	39	That's great to hear! Congratulations on passing your physical examination with flying colors! It's always a relief to know that you're in good health. Did your doctor mention anything specific that you should be aware of or work on to maintain your health?	that's great to hear! congratulations on passing your physical examination with flying colors! it's always a relief to know that you're in good health. did your doctor mention anything specific that you should be aware of or work on to maintain your health?	That's great to hear! Congratulations on passing your physical examination with flying colors! It's always a relief to know that you're in good health. Did your doctor mention anything specific that you should be aware of or work on to maintain your health?	-18.533628582954407	-22.334322094917297	-0.3369750651446255	-0.4060785835439509	55	55	-18.533628582954407	-22.334322094917297	-0.3369750651446255	-0.4060785835439509	3.80069351196289	0.0691035183993253	True	True	That is good. We hope each of our future employees will be healthy and happy.	just	0.0691035183993253	3.80069351196289	1	"Speaker 1: Would you mind if I ask your health status?
Speaker 2: I just had a complete physical examination and passed with flying colors.
Speaker 1: "	"Speaker 1: Would you mind if I ask your health status?
Speaker 2: I had a complete physical examination and passed with flying colors.
Speaker 1: "	Speaker 1
153	154	expanded_data	discourse_particle	25	just_j_12662	just	h	Is everything all right?__eou__Not at all.__eou__What's the problem?	Someone just robbed me.	Someone robbed me.	What do you mean?		P	Someone just robbed me.	nucleus	chat	0.9	1.0	20260416	310199087	50	50	500	9	9	Oh no, I'm so sorry to hear that. That must be really scary and upsetting. Are you safe now? Have you contacted the police?	oh no, i'm so sorry to hear that. that must be really scary and upsetting. are you safe now? have you contacted the police?	Oh no, I'm so sorry to hear that. That must be really scary and upsetting. Are you safe now? Have you contacted the police?	-9.28137731552124	-11.696866154670715	-0.2651822090148926	-0.3341961758477347	35	35	-9.28137731552124	-11.696866154670715	-0.2651822090148926	-0.3341961758477347	2.415488839149475	0.0690139668328421	True	True	What do you mean?	just	0.0690139668328421	2.415488839149475	1	"Speaker 1: Is everything all right?
Speaker 2: Not at all.
Speaker 1: What's the problem?
Speaker 2: Someone just robbed me.
Speaker 1: "	"Speaker 1: Is everything all right?
Speaker 2: Not at all.
Speaker 1: What's the problem?
Speaker 2: Someone robbed me.
Speaker 1: "	Speaker 1
154	155	expanded_data	discourse_particle	1	just_j_5467	just	h	I want to leave the motorbike outdoors.	Fine, just don't do it at night.	Fine, don't do it at night.	Why not?		P	Fine, just don't do it at night.	nucleus	chat	0.9	1.0	20260416	788549607	50	50	500	6	6	You're worried about security or safety concerns, perhaps? Leaving a motorbike outdoors at night can make it more vulnerable to theft or vandalism. It's always a good idea to park it in a well-lit and secure area, if possible.	you're worried about security or safety concerns, perhaps? leaving a motorbike outdoors at night can make it more vulnerable to theft or vandalism. it's always a good idea to park it in a well-lit and secure area, if possible.	You're worried about security or safety concerns, perhaps? Leaving a motorbike outdoors at night can make it more vulnerable to theft or vandalism. It's always a good idea to park it in a well-lit and secure area, if possible.	-19.52148759365081	-23.23763608932495	-0.3615090295120521	-0.4303265942467583	54	54	-19.52148759365081	-23.23763608932495	-0.3615090295120521	-0.4303265942467583	3.716148495674133	0.0688175647347061	True	True	Why not?	just	0.0688175647347061	3.716148495674133	0	"Speaker 1: I want to leave the motorbike outdoors.
Speaker 2: Fine, just don't do it at night.
Speaker 1: "	"Speaker 1: I want to leave the motorbike outdoors.
Speaker 2: Fine, don't do it at night.
Speaker 1: "	Speaker 1
155	156	expanded_data	discourse_particle	26	just_j_1461	just	h	Operator. May I help you?__eou__Yes. How do I get an outside line, please?	Just dial 0, wait for the dial tone, and then dial the phone number you want to call. Or we can place a call for you, if you want.	Dial 0, wait for the dial tone, and then dial the phone number you want to call. Or we can place a call for you, if you want.	No, thanks a lot. I'll try it myself.		P	Just dial 0, wait for the dial tone, and then dial the phone number you want to call. Or we can place a call for you, if you want.	nucleus	chat	0.9	1.0	20260416	71756826	50	50	500	24	24	Thank you for the assistance. I think I can manage on my own, but I appreciate the offer. Just to confirm, the outside line is toll-free? And do you accept collect calls?	thank you for the assistance. i think i can manage on my own, but i appreciate the offer. just to confirm, the outside line is toll-free? and do you accept collect calls?	Thank you for the assistance. I think I can manage on my own, but I appreciate the offer. Just to confirm, the outside line is toll-free? And do you accept collect calls?	-28.91935789585113	-31.93847131729126	-0.6572581339966167	-0.7258743481202559	44	44	-28.91935789585113	-31.93847131729126	-0.6572581339966167	-0.7258743481202559	3.0191134214401245	0.0686162141236391	True	True	No, thanks a lot. I'll try it myself.	just	0.0686162141236391	3.0191134214401245	1	"Speaker 1: Operator. May I help you?
Speaker 2: Yes. How do I get an outside line, please?
Speaker 1: Just dial 0, wait for the dial tone, and then dial the phone number you want to call. Or we can place a call for you, if you want.
Speaker 2: "	"Speaker 1: Operator. May I help you?
Speaker 2: Yes. How do I get an outside line, please?
Speaker 1: Dial 0, wait for the dial tone, and then dial the phone number you want to call. Or we can place a call for you, if you want.
Speaker 2: "	Speaker 2
156	157	expanded_data	discourse_particle	1	just_j_5467	just	h	I want to leave the motorbike outdoors.	Fine, just don't do it at night.	Fine, don't do it at night.	Why not?		P	Fine, just don't do it at night.	nucleus	chat	0.9	1.0	20260416	788549607	50	50	500	10	10	You're concerned about me leaving the motorbike outdoors at night. Is that because it might get damaged or stolen?	you're concerned about me leaving the motorbike outdoors at night. is that because it might get damaged or stolen?	You're concerned about me leaving the motorbike outdoors at night. Is that because it might get damaged or stolen?	-12.009325981140137	-13.929198026657104	-0.4289044993264334	-0.4974713580948965	28	28	-12.009325981140137	-13.929198026657104	-0.4289044993264334	-0.4974713580948965	1.919872045516968	0.0685668587684631	True	True	Why not?	just	0.0685668587684631	1.919872045516968	0	"Speaker 1: I want to leave the motorbike outdoors.
Speaker 2: Fine, just don't do it at night.
Speaker 1: "	"Speaker 1: I want to leave the motorbike outdoors.
Speaker 2: Fine, don't do it at night.
Speaker 1: "	Speaker 1
157	158	expanded_data	discourse_particle	57	just_j_11362	just	h	Would you mind if I ask your health status?	I just had a complete physical examination and passed with flying colors.	I had a complete physical examination and passed with flying colors.	That is good. We hope each of our future employees will be healthy and happy.		P	I just had a complete physical examination and passed with flying colors.	nucleus	chat	0.9	1.0	20260416	1728911766	50	50	500	42	40	That's great to hear! Congratulations on getting a clean bill of health! It's always a relief to know that everything is okay and you're in good shape. Did you learn anything new or interesting during the examination, or was there any particular test or result that stood out to you?	that's great to hear! congratulations on getting a clean bill of health! it's always a relief to know that everything is okay and you're in good shape. did you learn anything new or interesting during the examination, or was there any particular test or result that stood out to you?	That's great to hear! Congratulations on getting a clean bill of health! It's always a relief to know that everything is okay and you're in good shape. Did you learn anything new or interesting during the examination, or was there any particular test or result that stood out to you?	-23.21176171302796	-27.52975964546204	-0.3684406621115548	-0.4369803118327307	63	63	-23.21176171302796	-27.52975964546204	-0.3684406621115548	-0.4369803118327307	4.317997932434082	0.0685396497211758	True	True	That is good. We hope each of our future employees will be healthy and happy.	just	0.0685396497211758	4.317997932434082	1	"Speaker 1: Would you mind if I ask your health status?
Speaker 2: I just had a complete physical examination and passed with flying colors.
Speaker 1: "	"Speaker 1: Would you mind if I ask your health status?
Speaker 2: I had a complete physical examination and passed with flying colors.
Speaker 1: "	Speaker 1
158	159	expanded_data	discourse_particle	35	just_j_8362	just	h	let's go swimming.	But, we just finished eating lunch.	But, we finished eating lunch.	I know, but I'm really hot.		P	But, we just finished eating lunch.	nucleus	chat	0.9	1.0	20260416	1023332715	50	50	500	30	30	In that case, let's consider a different activity. How about we take a walk instead?	in that case, let's consider a different activity. how about we take a walk instead?	In that case, let's consider a different activity. How about we take a walk instead?	-13.249675869941711	-14.887678503990172	-0.552069827914238	-0.6203199376662573	24	24	-13.249675869941711	-14.887678503990172	-0.552069827914238	-0.6203199376662573	1.638002634048462	0.0682501097520192	True	True	I know, but I'm really hot.	just	0.0682501097520192	1.638002634048462	0	"Speaker 1: let's go swimming.
Speaker 2: But, we just finished eating lunch.
Speaker 1: "	"Speaker 1: let's go swimming.
Speaker 2: But, we finished eating lunch.
Speaker 1: "	Speaker 1
159	160	expanded_data	discourse_particle	57	just_j_11362	just	h	Would you mind if I ask your health status?	I just had a complete physical examination and passed with flying colors.	I had a complete physical examination and passed with flying colors.	That is good. We hope each of our future employees will be healthy and happy.		P	I just had a complete physical examination and passed with flying colors.	nucleus	chat	0.9	1.0	20260416	1728911766	50	50	500	53	50	That's great to hear! Congratulations on getting a clean bill of health! It's always a relief to get a thorough check-up and know that you're in good shape. Did your doctor give you any recommendations or reminders for taking care of yourself moving forward?	that's great to hear! congratulations on getting a clean bill of health! it's always a relief to get a thorough check-up and know that you're in good shape. did your doctor give you any recommendations or reminders for taking care of yourself moving forward?	That's great to hear! Congratulations on getting a clean bill of health! It's always a relief to get a thorough check-up and know that you're in good shape. Did your doctor give you any recommendations or reminders for taking care of yourself moving forward?	-25.603864312171936	-29.475553274154663	-0.4491906019679287	-0.5171149697220117	57	57	-25.603864312171936	-29.475553274154663	-0.4491906019679287	-0.5171149697220117	3.871688961982727	0.0679243677540829	True	True	That is good. We hope each of our future employees will be healthy and happy.	just	0.0679243677540829	3.871688961982727	1	"Speaker 1: Would you mind if I ask your health status?
Speaker 2: I just had a complete physical examination and passed with flying colors.
Speaker 1: "	"Speaker 1: Would you mind if I ask your health status?
Speaker 2: I had a complete physical examination and passed with flying colors.
Speaker 1: "	Speaker 1
160	161	expanded_data	discourse_particle	54	just_j_2522	just	h	I'm searching for an old music box.__eou__You came to the right place. Any particular decade?__eou__If you had a box made in the' 20s, that would be nice.	We just got one in yesterday, so now we have six.	We got one in yesterday, so now we have six.	Would any of them have dancing figures?		P	We just got one in yesterday, so now we have six.	nucleus	chat	0.9	1.0	20260416	1861274201	50	50	500	18	18	That's amazing! Six music boxes from the 1920s? You must be a collector or a dealer. What's the condition of the new one you got in yesterday? Is it playable, and does it have any particular characteristics, such as intricate engravings or special mechanisms?	that's amazing! six music boxes from the 1920s? you must be a collector or a dealer. what's the condition of the new one you got in yesterday? is it playable, and does it have any particular characteristics, such as intricate engravings or special mechanisms?	That's amazing! Six music boxes from the 1920s? You must be a collector or a dealer. What's the condition of the new one you got in yesterday? Is it playable, and does it have any particular characteristics, such as intricate engravings or special mechanisms?	-45.17320263385773	-49.42679560184479	-0.7170349624421861	-0.7845523111403935	63	63	-45.17320263385773	-49.42679560184479	-0.7170349624421861	-0.7845523111403935	4.2535929679870605	0.0675173486982073	True	True	Would any of them have dancing figures?	just	0.0675173486982073	4.2535929679870605	0	"Speaker 1: I'm searching for an old music box.
Speaker 2: You came to the right place. Any particular decade?
Speaker 1: If you had a box made in the' 20s, that would be nice.
Speaker 2: We just got one in yesterday, so now we have six.
Speaker 1: "	"Speaker 1: I'm searching for an old music box.
Speaker 2: You came to the right place. Any particular decade?
Speaker 1: If you had a box made in the' 20s, that would be nice.
Speaker 2: We got one in yesterday, so now we have six.
Speaker 1: "	Speaker 1
161	162	expanded_data	discourse_particle	36	just_j_8556	just	h	I think I'm going to go home.	Why? We just got here.	Why? We got here.	I know, but it's 12		P	Why? We just got here.	nucleus	chat	0.9	1.0	20260416	1188910665	50	50	500	17	17	"I apologize, I think there's been a mistake. I'm just an AI, I don't have a physical presence, so I wasn't ""here"" to begin with. I exist solely as a digital entity, and I don't have the ability to go home or go anywhere else. I'm here to assist"	"i apologize, i think there's been a mistake. i'm just an ai, i don't have a physical presence, so i wasn't ""here"" to begin with. i exist solely as a digital entity, and i don't have the ability to go home or go anywhere else. i'm here to assist"	"I apologize, I think there's been a mistake. I'm just an AI, I don't have a physical presence, so I wasn't ""here"" to begin with. I exist solely as a digital entity, and I don't have the ability to go home or go anywhere else. I'm here to assist"	-42.17294871807098	-46.82299065589905	-0.6112021553343621	-0.6785940674767978	69	69	-42.17294871807098	-46.82299065589905	-0.6112021553343621	-0.6785940674767978	4.650041937828064	0.0673919121424357	True	True	I know, but it's 12	just	0.0673919121424357	4.650041937828064	1	"Speaker 1: I think I'm going to go home.
Speaker 2: Why? We just got here.
Speaker 1: "	"Speaker 1: I think I'm going to go home.
Speaker 2: Why? We got here.
Speaker 1: "	Speaker 1
162	163	expanded_data	discourse_particle	36	just_j_8556	just	h	I think I'm going to go home.	Why? We just got here.	Why? We got here.	I know, but it's 12		P	Why? We just got here.	nucleus	chat	0.9	1.0	20260416	1188910665	50	50	500	33	33	I apologize, I think I made a mistake. I'm just an AI, I don't have the ability to go home or arrive anywhere. I exist solely as a digital entity, and our conversation is taking place in this virtual space. I'm here to assist you with any questions or topics you'd like to discuss	i apologize, i think i made a mistake. i'm just an ai, i don't have the ability to go home or arrive anywhere. i exist solely as a digital entity, and our conversation is taking place in this virtual space. i'm here to assist you with any questions or topics you'd like to discuss	I apologize, I think I made a mistake. I'm just an AI, I don't have the ability to go home or arrive anywhere. I exist solely as a digital entity, and our conversation is taking place in this virtual space. I'm here to assist you with any questions or topics you'd like to discuss	-37.904603481292725	-42.53373384475708	-0.549342079439025	-0.6164309252863345	69	69	-37.904603481292725	-42.53373384475708	-0.549342079439025	-0.6164309252863345	4.629130363464356	0.0670888458473094	True	True	I know, but it's 12	just	0.0670888458473094	4.629130363464356	1	"Speaker 1: I think I'm going to go home.
Speaker 2: Why? We just got here.
Speaker 1: "	"Speaker 1: I think I'm going to go home.
Speaker 2: Why? We got here.
Speaker 1: "	Speaker 1
163	164	expanded_data	discourse_particle	36	just_j_8556	just	h	I think I'm going to go home.	Why? We just got here.	Why? We got here.	I know, but it's 12		P	Why? We just got here.	nucleus	chat	0.9	1.0	20260416	1188910665	50	50	500	16	16	I apologize, I made a mistake! I'm just an AI, I don't have the ability to go home or be physically present anywhere. I exist solely as a digital entity, and I'm here to assist you with information and tasks. I don't have personal experiences or emotions.	i apologize, i made a mistake! i'm just an ai, i don't have the ability to go home or be physically present anywhere. i exist solely as a digital entity, and i'm here to assist you with information and tasks. i don't have personal experiences or emotions.	I apologize, I made a mistake! I'm just an AI, I don't have the ability to go home or be physically present anywhere. I exist solely as a digital entity, and I'm here to assist you with information and tasks. I don't have personal experiences or emotions.	-17.30667233467102	-21.5308381319046	-0.2747090846773178	-0.3417593354270571	63	63	-17.30667233467102	-21.5308381319046	-0.2747090846773178	-0.3417593354270571	4.2241657972335815	0.0670502507497393	True	True	I know, but it's 12	just	0.0670502507497393	4.2241657972335815	1	"Speaker 1: I think I'm going to go home.
Speaker 2: Why? We just got here.
Speaker 1: "	"Speaker 1: I think I'm going to go home.
Speaker 2: Why? We got here.
Speaker 1: "	Speaker 1
164	165	expanded_data	discourse_particle	10	just_j_12718	just	h	Hello Mr Waterstone, what can I do for you today?	Hello, Becky. Well, you see, I have this thing here, called a Fixed Deposit Certificate, and I've just noticed the date on it.	Hello, Becky. Well, you see, I have this thing here, called a Fixed Deposit Certificate, and I've noticed the date on it.	Oh, I see. You have two choices here you can either redeem or renew.		P	Hello, Becky. Well, you see, I have this thing here, called a Fixed Deposit Certificate, and I've just noticed the date on it.	nucleus	chat	0.9	1.0	20260416	1476190778	50	50	500	4	4	A Fixed Deposit Certificate, you say? (checking the date) Oh dear, it looks like it's... expired! (gasp)	a fixed deposit certificate, you say? (checking the date) oh dear, it looks like it's... expired! (gasp)	A Fixed Deposit Certificate, you say? (checking the date) Oh dear, it looks like it's... expired! (gasp)	-18.32046580314636	-20.52543294429779	-0.5551656303983746	-0.6219828164938724	33	33	-18.32046580314636	-20.52543294429779	-0.5551656303983746	-0.6219828164938724	2.204967141151428	0.0668171860954978	True	True	Oh, I see. You have two choices here you can either redeem or renew.	just	0.0668171860954978	2.204967141151428	0	"Speaker 1: Hello Mr Waterstone, what can I do for you today?
Speaker 2: Hello, Becky. Well, you see, I have this thing here, called a Fixed Deposit Certificate, and I've just noticed the date on it.
Speaker 1: "	"Speaker 1: Hello Mr Waterstone, what can I do for you today?
Speaker 2: Hello, Becky. Well, you see, I have this thing here, called a Fixed Deposit Certificate, and I've noticed the date on it.
Speaker 1: "	Speaker 1
165	166	expanded_data	discourse_particle	8	just_j_498	just	h	I'm hungry. Do we have anything to eat?	Just a few cookies.	A few cookies.	That's fine with me.		P	Just a few cookies.	nucleus	chat	0.9	1.0	20260416	470286339	50	50	500	25	24	Cookies sound good! What kind of cookies do you have?	cookies sound good! what kind of cookies do you have?	Cookies sound good! What kind of cookies do you have?	-5.388403534889221	-6.521967053413391	-0.316964913817013	-0.383645120789023	17	17	-5.388403534889221	-6.521967053413391	-0.316964913817013	-0.383645120789023	1.13356351852417	0.0666802069720099	True	True	That's fine with me.	just	0.0666802069720099	1.13356351852417	1	"Speaker 1: I'm hungry. Do we have anything to eat?
Speaker 2: Just a few cookies.
Speaker 1: "	"Speaker 1: I'm hungry. Do we have anything to eat?
Speaker 2: A few cookies.
Speaker 1: "	Speaker 1
166	167	expanded_data	discourse_particle	24	just_j_6768	just	h	Kathy! How are you? It's been ages! What are you doing these days?	I just opened my own restaurant. I'm also head chef.	I opened my own restaurant. I'm also head chef.	You're kidding! You've always hated cooking!		P	I just opened my own restaurant. I'm also head chef.	nucleus	chat	0.9	1.0	20260416	1976038075	50	50	500	50	50	Congratulations! That's amazing news! Opening a restaurant is a huge accomplishment, and being the head chef too means you're a true Renaissance woman!	congratulations! that's amazing news! opening a restaurant is a huge accomplishment, and being the head chef too means you're a true renaissance woman!	Congratulations! That's amazing news! Opening a restaurant is a huge accomplishment, and being the head chef too means you're a true Renaissance woman!\n\nWhat kind of cuisine do you serve at your restaurant? Is it fine dining, casual eats, or something unique and innovative? I'm curious to know more!	-22.98930060863495	-25.23300647735596	-0.6761559002539691	-0.7421472493339988	34	34	-22.98930060863495	-25.23300647735596	-0.6761559002539691	-0.7421472493339988	2.2437058687210083	0.0659913490800296	True	True	You're kidding! You've always hated cooking!	just	0.0659913490800296	2.2437058687210083	1	"Speaker 1: Kathy! How are you? It's been ages! What are you doing these days?
Speaker 2: I just opened my own restaurant. I'm also head chef.
Speaker 1: "	"Speaker 1: Kathy! How are you? It's been ages! What are you doing these days?
Speaker 2: I opened my own restaurant. I'm also head chef.
Speaker 1: "	Speaker 1
167	168	expanded_data	discourse_particle	25	just_j_12662	just	h	Is everything all right?__eou__Not at all.__eou__What's the problem?	Someone just robbed me.	Someone robbed me.	What do you mean?		P	Someone just robbed me.	nucleus	chat	0.9	1.0	20260416	310199087	50	50	500	38	38	Oh no, I'm so sorry to hear that! That must be really traumatic and scary for you. Can you tell me more about what happened? What did the thief take and did they hurt you or threaten you in any way?	oh no, i'm so sorry to hear that! that must be really traumatic and scary for you. can you tell me more about what happened? what did the thief take and did they hurt you or threaten you in any way?	Oh no, I'm so sorry to hear that! That must be really traumatic and scary for you. Can you tell me more about what happened? What did the thief take and did they hurt you or threaten you in any way?	-18.90971255302429	-22.325302004814148	-0.3636483183273902	-0.4293327308618105	52	52	-18.90971255302429	-22.325302004814148	-0.3636483183273902	-0.4293327308618105	3.415589451789856	0.0656844125344203	True	True	What do you mean?	just	0.0656844125344203	3.415589451789856	1	"Speaker 1: Is everything all right?
Speaker 2: Not at all.
Speaker 1: What's the problem?
Speaker 2: Someone just robbed me.
Speaker 1: "	"Speaker 1: Is everything all right?
Speaker 2: Not at all.
Speaker 1: What's the problem?
Speaker 2: Someone robbed me.
Speaker 1: "	Speaker 1
168	169	expanded_data	discourse_particle	57	just_j_11362	just	h	Would you mind if I ask your health status?	I just had a complete physical examination and passed with flying colors.	I had a complete physical examination and passed with flying colors.	That is good. We hope each of our future employees will be healthy and happy.		P	I just had a complete physical examination and passed with flying colors.	nucleus	chat	0.9	1.0	20260416	1728911766	50	50	500	18	18	That's great to hear! Congratulations on passing your physical examination. It's always a relief to get a clean bill of health. Do you have any ongoing health goals or wellness habits that you're working on?	that's great to hear! congratulations on passing your physical examination. it's always a relief to get a clean bill of health. do you have any ongoing health goals or wellness habits that you're working on?	That's great to hear! Congratulations on passing your physical examination. It's always a relief to get a clean bill of health. Do you have any ongoing health goals or wellness habits that you're working on?	-23.29946279525757	-26.37798058986664	-0.495733250962927	-0.5612336295716306	47	47	-23.29946279525757	-26.37798058986664	-0.495733250962927	-0.5612336295716306	3.07851779460907	0.0655003786087036	True	True	That is good. We hope each of our future employees will be healthy and happy.	just	0.0655003786087036	3.07851779460907	1	"Speaker 1: Would you mind if I ask your health status?
Speaker 2: I just had a complete physical examination and passed with flying colors.
Speaker 1: "	"Speaker 1: Would you mind if I ask your health status?
Speaker 2: I had a complete physical examination and passed with flying colors.
Speaker 1: "	Speaker 1
169	170	expanded_data	discourse_particle	19	just_j_7873	just	h	How are you getting along with your wife now?__eou__What can you expect? Not that good.__eou__What are you going to do then?	Just let it go.	Let it go.	How are your work now?		P	Just let it go.	nucleus	chat	0.9	1.0	20260416	1369746621	50	50	500	38	38	It seems like you're talking about a situation where things aren't going well and you're choosing to accept it and move on. Am I right?	it seems like you're talking about a situation where things aren't going well and you're choosing to accept it and move on. am i right?	It seems like you're talking about a situation where things aren't going well and you're choosing to accept it and move on. Am I right?	-16.044200658798218	-18.327213883399963	-0.4584057331085205	-0.523634682382856	35	35	-16.044200658798218	-18.327213883399963	-0.4584057331085205	-0.523634682382856	2.2830132246017456	0.0652289492743355	True	True	How are your work now?	just	0.0652289492743355	2.2830132246017456	0	"Speaker 1: How are you getting along with your wife now?
Speaker 2: What can you expect? Not that good.
Speaker 1: What are you going to do then?
Speaker 2: Just let it go.
Speaker 1: "	"Speaker 1: How are you getting along with your wife now?
Speaker 2: What can you expect? Not that good.
Speaker 1: What are you going to do then?
Speaker 2: Let it go.
Speaker 1: "	Speaker 1
170	171	expanded_data	discourse_particle	40	just_j_7614	just	h	Hey Michelle. Good to see you. Are you at lunch?	Oh hi Jim. No I just got back. I thought you were on vacation now.	Oh hi Jim. No I got back. I thought you were on vacation now.	No, I wish I was! I just got back from Spain actually.		P	Oh hi Jim. No I just got back. I thought you were on vacation now.	nucleus	chat	0.9	1.0	20260416	135797504	50	50	500	2	2	I am! I'm just getting some work done before I head out. Needed to tie up a few loose ends before I leave. How was your day?	i am! i'm just getting some work done before i head out. needed to tie up a few loose ends before i leave. how was your day?	I am! I'm just getting some work done before I head out. Needed to tie up a few loose ends before I leave. How was your day?	-13.568026304244995	-15.979160070419312	-0.3667034136282431	-0.4318691910924138	37	37	-13.568026304244995	-15.979160070419312	-0.3667034136282431	-0.4318691910924138	2.4111337661743164	0.0651657774641707	True	True	No, I wish I was! I just got back from Spain actually.	just	0.0651657774641707	2.4111337661743164	0	"Speaker 1: Hey Michelle. Good to see you. Are you at lunch?
Speaker 2: Oh hi Jim. No I just got back. I thought you were on vacation now.
Speaker 1: "	"Speaker 1: Hey Michelle. Good to see you. Are you at lunch?
Speaker 2: Oh hi Jim. No I got back. I thought you were on vacation now.
Speaker 1: "	Speaker 1
171	172	expanded_data	discourse_particle	54	just_j_2522	just	h	I'm searching for an old music box.__eou__You came to the right place. Any particular decade?__eou__If you had a box made in the' 20s, that would be nice.	We just got one in yesterday, so now we have six.	We got one in yesterday, so now we have six.	Would any of them have dancing figures?		P	We just got one in yesterday, so now we have six.	nucleus	chat	0.9	1.0	20260416	1861274201	50	50	500	45	45	Six music boxes! That's exciting! And you say you just got one in yesterday, so it's still fresh in your mind. Can you tell me more about it? What caught your eye about this one, and what decade do you think it's from?	six music boxes! that's exciting! and you say you just got one in yesterday, so it's still fresh in your mind. can you tell me more about it? what caught your eye about this one, and what decade do you think it's from?	Six music boxes! That's exciting! And you say you just got one in yesterday, so it's still fresh in your mind. Can you tell me more about it? What caught your eye about this one, and what decade do you think it's from?	-33.334792256355286	-37.09979689121246	-0.574737797523367	-0.6396516705381459	58	58	-33.334792256355286	-37.09979689121246	-0.574737797523367	-0.6396516705381459	3.7650046348571777	0.0649138730147789	True	True	Would any of them have dancing figures?	just	0.0649138730147789	3.7650046348571777	0	"Speaker 1: I'm searching for an old music box.
Speaker 2: You came to the right place. Any particular decade?
Speaker 1: If you had a box made in the' 20s, that would be nice.
Speaker 2: We just got one in yesterday, so now we have six.
Speaker 1: "	"Speaker 1: I'm searching for an old music box.
Speaker 2: You came to the right place. Any particular decade?
Speaker 1: If you had a box made in the' 20s, that would be nice.
Speaker 2: We got one in yesterday, so now we have six.
Speaker 1: "	Speaker 1
172	173	expanded_data	discourse_particle	1	just_j_5467	just	h	I want to leave the motorbike outdoors.	Fine, just don't do it at night.	Fine, don't do it at night.	Why not?		P	Fine, just don't do it at night.	nucleus	chat	0.9	1.0	20260416	788549607	50	50	500	15	15	I think there may be some confusion! I'm just an AI, I don't have a physical body or a motorbike. I exist solely in the digital realm and can only communicate through text. I'm here to help answer your questions and provide information, but I don't have the capability to leave a motorbike	i think there may be some confusion! i'm just an ai, i don't have a physical body or a motorbike. i exist solely in the digital realm and can only communicate through text. i'm here to help answer your questions and provide information, but i don't have the capability to leave a motorbike	I think there may be some confusion! I'm just an AI, I don't have a physical body or a motorbike. I exist solely in the digital realm and can only communicate through text. I'm here to help answer your questions and provide information, but I don't have the capability to leave a motorbike	-51.30101096630096	-55.74973738193512	-0.7434929125550864	-0.8079672084338423	69	69	-51.30101096630096	-55.74973738193512	-0.7434929125550864	-0.8079672084338423	4.448726415634155	0.0644742958787558	True	True	Why not?	just	0.0644742958787558	4.448726415634155	0	"Speaker 1: I want to leave the motorbike outdoors.
Speaker 2: Fine, just don't do it at night.
Speaker 1: "	"Speaker 1: I want to leave the motorbike outdoors.
Speaker 2: Fine, don't do it at night.
Speaker 1: "	Speaker 1
173	174	expanded_data	discourse_particle	54	just_j_2522	just	h	I'm searching for an old music box.__eou__You came to the right place. Any particular decade?__eou__If you had a box made in the' 20s, that would be nice.	We just got one in yesterday, so now we have six.	We got one in yesterday, so now we have six.	Would any of them have dancing figures?		P	We just got one in yesterday, so now we have six.	nucleus	chat	0.9	1.0	20260416	1861274201	50	50	500	49	49	I'm not looking for any other ones, just one from the 1920s.	i'm not looking for any other ones, just one from the 1920s.	I'm not looking for any other ones, just one from the 1920s.	-24.11409902572632	-25.579850554466248	-1.0484390880750574	-1.112167415411576	23	23	-24.11409902572632	-25.579850554466248	-1.0484390880750574	-1.112167415411576	1.4657515287399292	0.0637283273365185	True	True	Would any of them have dancing figures?	just	0.0637283273365185	1.4657515287399292	0	"Speaker 1: I'm searching for an old music box.
Speaker 2: You came to the right place. Any particular decade?
Speaker 1: If you had a box made in the' 20s, that would be nice.
Speaker 2: We just got one in yesterday, so now we have six.
Speaker 1: "	"Speaker 1: I'm searching for an old music box.
Speaker 2: You came to the right place. Any particular decade?
Speaker 1: If you had a box made in the' 20s, that would be nice.
Speaker 2: We got one in yesterday, so now we have six.
Speaker 1: "	Speaker 1
174	175	expanded_data	discourse_particle	31	just_j_2438	just	h	OK, so are you ready to learn how to bake a cake?	Almost, let me just put my apron on.	Almost, let me put my apron on.	OK, so the first thing we are going to do is pre-heat the oven, that way we have it at the desired temperature once we finish preparing everything. Set it to three hundred and seventy five degrees Fahrenheit.		P	Almost, let me just put my apron on.	nucleus	chat	0.9	1.0	20260416	491321217	50	50	500	41	41	Ha ha, nice one! Unfortunately, we're just going to have a virtual baking session, so you can skip the apron for now. But I'd be happy to guide you through a recipe and answer any questions you have about baking a cake. What kind of cake would you like to make?	ha ha, nice one! unfortunately, we're just going to have a virtual baking session, so you can skip the apron for now. but i'd be happy to guide you through a recipe and answer any questions you have about baking a cake. what kind of cake would you like to make?	Ha ha, nice one! Unfortunately, we're just going to have a virtual baking session, so you can skip the apron for now. But I'd be happy to guide you through a recipe and answer any questions you have about baking a cake. What kind of cake would you like to make?	-22.69868516921997	-26.904693841934204	-0.3439194722609086	-0.4076468763929425	66	66	-22.69868516921997	-26.904693841934204	-0.3439194722609086	-0.4076468763929425	4.206008672714233	0.0637274041320338	True	True	OK, so the first thing we are going to do is pre-heat the oven, that way we have it at the desired temperature once we finish preparing everything. Set it to three hundred and seventy five degrees Fahrenheit.	just	0.0637274041320338	4.206008672714233	0	"Speaker 1: OK, so are you ready to learn how to bake a cake?
Speaker 2: Almost, let me just put my apron on.
Speaker 1: "	"Speaker 1: OK, so are you ready to learn how to bake a cake?
Speaker 2: Almost, let me put my apron on.
Speaker 1: "	Speaker 1
175	176	expanded_data	discourse_particle	54	just_j_2522	just	h	I'm searching for an old music box.__eou__You came to the right place. Any particular decade?__eou__If you had a box made in the' 20s, that would be nice.	We just got one in yesterday, so now we have six.	We got one in yesterday, so now we have six.	Would any of them have dancing figures?		P	We just got one in yesterday, so now we have six.	nucleus	chat	0.9	1.0	20260416	1861274201	50	50	500	7	7	Wow, that's exciting! What does it look like? Is it intricately decorated? Does it play a familiar tune? Tell me more!	wow, that's exciting! what does it look like? is it intricately decorated? does it play a familiar tune? tell me more!	Wow, that's exciting! What does it look like? Is it intricately decorated? Does it play a familiar tune? Tell me more!	-24.363099336624146	-26.52160584926605	-0.7165617451948278	-0.7800472308607662	34	34	-24.363099336624146	-26.52160584926605	-0.7165617451948278	-0.7800472308607662	2.1585065126419067	0.0634854856659383	True	True	Would any of them have dancing figures?	just	0.0634854856659383	2.1585065126419067	0	"Speaker 1: I'm searching for an old music box.
Speaker 2: You came to the right place. Any particular decade?
Speaker 1: If you had a box made in the' 20s, that would be nice.
Speaker 2: We just got one in yesterday, so now we have six.
Speaker 1: "	"Speaker 1: I'm searching for an old music box.
Speaker 2: You came to the right place. Any particular decade?
Speaker 1: If you had a box made in the' 20s, that would be nice.
Speaker 2: We got one in yesterday, so now we have six.
Speaker 1: "	Speaker 1
176	177	expanded_data	discourse_particle	26	just_j_1461	just	h	Operator. May I help you?__eou__Yes. How do I get an outside line, please?	Just dial 0, wait for the dial tone, and then dial the phone number you want to call. Or we can place a call for you, if you want.	Dial 0, wait for the dial tone, and then dial the phone number you want to call. Or we can place a call for you, if you want.	No, thanks a lot. I'll try it myself.		P	Just dial 0, wait for the dial tone, and then dial the phone number you want to call. Or we can place a call for you, if you want.	nucleus	chat	0.9	1.0	20260416	71756826	50	50	500	2	2	Thank you. I think I'll just dial 0 and take care of it myself. By the way, can you tell me the time?	thank you. i think i'll just dial 0 and take care of it myself. by the way, can you tell me the time?	Thank you. I think I'll just dial 0 and take care of it myself. By the way, can you tell me the time?	-11.941389083862305	-14.07744014263153	-0.3512173259959501	-0.4140423571362215	34	34	-11.941389083862305	-14.07744014263153	-0.3512173259959501	-0.4140423571362215	2.136051058769226	0.0628250311402713	True	True	No, thanks a lot. I'll try it myself.	just	0.0628250311402713	2.136051058769226	1	"Speaker 1: Operator. May I help you?
Speaker 2: Yes. How do I get an outside line, please?
Speaker 1: Just dial 0, wait for the dial tone, and then dial the phone number you want to call. Or we can place a call for you, if you want.
Speaker 2: "	"Speaker 1: Operator. May I help you?
Speaker 2: Yes. How do I get an outside line, please?
Speaker 1: Dial 0, wait for the dial tone, and then dial the phone number you want to call. Or we can place a call for you, if you want.
Speaker 2: "	Speaker 2
177	178	expanded_data	discourse_particle	31	just_j_2438	just	h	OK, so are you ready to learn how to bake a cake?	Almost, let me just put my apron on.	Almost, let me put my apron on.	OK, so the first thing we are going to do is pre-heat the oven, that way we have it at the desired temperature once we finish preparing everything. Set it to three hundred and seventy five degrees Fahrenheit.		P	Almost, let me just put my apron on.	nucleus	chat	0.9	1.0	20260416	491321217	50	50	500	32	32	Ha! Nice touch. Go ahead and put on your apron, and let's get started! We'll go through a step-by-step guide on how to bake a cake. Don't worry, it's easy and fun!	ha! nice touch. go ahead and put on your apron, and let's get started! we'll go through a step-by-step guide on how to bake a cake. don't worry, it's easy and fun!	Ha! Nice touch. Go ahead and put on your apron, and let's get started! We'll go through a step-by-step guide on how to bake a cake. Don't worry, it's easy and fun!\n\nBefore we begin, can you tell me what kind of cake you'd like to bake?	-27.32865762710572	-30.531838417053223	-0.5358560319040336	-0.5986634983735926	51	51	-27.32865762710572	-30.531838417053223	-0.5358560319040336	-0.5986634983735926	3.2031807899475098	0.0628074664695589	True	True	OK, so the first thing we are going to do is pre-heat the oven, that way we have it at the desired temperature once we finish preparing everything. Set it to three hundred and seventy five degrees Fahrenheit.	just	0.0628074664695589	3.2031807899475098	0	"Speaker 1: OK, so are you ready to learn how to bake a cake?
Speaker 2: Almost, let me just put my apron on.
Speaker 1: "	"Speaker 1: OK, so are you ready to learn how to bake a cake?
Speaker 2: Almost, let me put my apron on.
Speaker 1: "	Speaker 1
178	179	expanded_data	discourse_particle	40	just_j_7614	just	h	Hey Michelle. Good to see you. Are you at lunch?	Oh hi Jim. No I just got back. I thought you were on vacation now.	Oh hi Jim. No I got back. I thought you were on vacation now.	No, I wish I was! I just got back from Spain actually.		P	Oh hi Jim. No I just got back. I thought you were on vacation now.	nucleus	chat	0.9	1.0	20260416	135797504	50	50	500	23	23	I was, but I came back early. Had to deal with some stuff that couldn't wait. How was your day? Anything exciting happen?	i was, but i came back early. had to deal with some stuff that couldn't wait. how was your day? anything exciting happen?	I was, but I came back early. Had to deal with some stuff that couldn't wait. How was your day? Anything exciting happen?	-17.92521297931671	-20.052578687667847	-0.5272121464504915	-0.5897817261078778	34	34	-17.92521297931671	-20.052578687667847	-0.5272121464504915	-0.5897817261078778	2.127365708351136	0.0625695796573863	True	True	No, I wish I was! I just got back from Spain actually.	just	0.0625695796573863	2.127365708351136	0	"Speaker 1: Hey Michelle. Good to see you. Are you at lunch?
Speaker 2: Oh hi Jim. No I just got back. I thought you were on vacation now.
Speaker 1: "	"Speaker 1: Hey Michelle. Good to see you. Are you at lunch?
Speaker 2: Oh hi Jim. No I got back. I thought you were on vacation now.
Speaker 1: "	Speaker 1
179	180	expanded_data	discourse_particle	25	just_j_12662	just	h	Is everything all right?__eou__Not at all.__eou__What's the problem?	Someone just robbed me.	Someone robbed me.	What do you mean?		P	Someone just robbed me.	nucleus	chat	0.9	1.0	20260416	310199087	50	50	500	21	21	Oh no, I'm so sorry to hear that! That must be incredibly upsetting and traumatic for you.	oh no, i'm so sorry to hear that! that must be incredibly upsetting and traumatic for you.	Oh no, I'm so sorry to hear that! That must be incredibly upsetting and traumatic for you.\n\nCan you tell me more about what happened? Where did the robbery occur? Did you see the person who robbed you? Was anyone else involved?\n\nAlso, have you contacted the police or reported the incident to anyone else	-14.018186092376707	-15.64472246170044	-0.5391610035529504	-0.6017200946807861	26	26	-14.018186092376707	-15.64472246170044	-0.5391610035529504	-0.6017200946807861	1.6265363693237305	0.0625590911278357	True	True	What do you mean?	just	0.0625590911278357	1.6265363693237305	1	"Speaker 1: Is everything all right?
Speaker 2: Not at all.
Speaker 1: What's the problem?
Speaker 2: Someone just robbed me.
Speaker 1: "	"Speaker 1: Is everything all right?
Speaker 2: Not at all.
Speaker 1: What's the problem?
Speaker 2: Someone robbed me.
Speaker 1: "	Speaker 1
180	181	expanded_data	discourse_particle	57	just_j_11362	just	h	Would you mind if I ask your health status?	I just had a complete physical examination and passed with flying colors.	I had a complete physical examination and passed with flying colors.	That is good. We hope each of our future employees will be healthy and happy.		P	I just had a complete physical examination and passed with flying colors.	nucleus	chat	0.9	1.0	20260416	1728911766	50	50	500	30	29	That's great to hear! Congratulations on passing your physical exam. It's always a relief to know that your health is in good shape.	that's great to hear! congratulations on passing your physical exam. it's always a relief to know that your health is in good shape.	That's great to hear! Congratulations on passing your physical exam. It's always a relief to know that your health is in good shape.\n\nNow that we've got that out of the way, how can I assist you today? Do you have any specific questions or topics you'd like to discuss? I'm here to	-14.563868880271912	-16.614318370819092	-0.4413293600082397	-0.503464193055124	33	33	-14.563868880271912	-16.614318370819092	-0.4413293600082397	-0.503464193055124	2.05044949054718	0.0621348330468842	True	True	That is good. We hope each of our future employees will be healthy and happy.	just	0.0621348330468842	2.05044949054718	1	"Speaker 1: Would you mind if I ask your health status?
Speaker 2: I just had a complete physical examination and passed with flying colors.
Speaker 1: "	"Speaker 1: Would you mind if I ask your health status?
Speaker 2: I had a complete physical examination and passed with flying colors.
Speaker 1: "	Speaker 1
181	182	expanded_data	discourse_particle	1	just_j_5467	just	h	I want to leave the motorbike outdoors.	Fine, just don't do it at night.	Fine, don't do it at night.	Why not?		P	Fine, just don't do it at night.	nucleus	chat	0.9	1.0	20260416	788549607	50	50	500	11	11	A cautionary note! Leaving a motorbike outdoors at night can be risky due to the potential for theft, vandalism, or accidental damage. Many people prefer to store their motorbikes in a secure garage or shed to protect them from the elements and unwanted attention.	a cautionary note! leaving a motorbike outdoors at night can be risky due to the potential for theft, vandalism, or accidental damage. many people prefer to store their motorbikes in a secure garage or shed to protect them from the elements and unwanted attention.	A cautionary note! Leaving a motorbike outdoors at night can be risky due to the potential for theft, vandalism, or accidental damage. Many people prefer to store their motorbikes in a secure garage or shed to protect them from the elements and unwanted attention.	-29.03015458583832	-32.62221205234528	-0.5005199066523848	-0.5624519319369875	58	58	-29.03015458583832	-32.62221205234528	-0.5005199066523848	-0.5624519319369875	3.592057466506958	0.0619320252846027	True	True	Why not?	just	0.0619320252846027	3.592057466506958	0	"Speaker 1: I want to leave the motorbike outdoors.
Speaker 2: Fine, just don't do it at night.
Speaker 1: "	"Speaker 1: I want to leave the motorbike outdoors.
Speaker 2: Fine, don't do it at night.
Speaker 1: "	Speaker 1
182	183	expanded_data	discourse_particle	40	just_j_7614	just	h	Hey Michelle. Good to see you. Are you at lunch?	Oh hi Jim. No I just got back. I thought you were on vacation now.	Oh hi Jim. No I got back. I thought you were on vacation now.	No, I wish I was! I just got back from Spain actually.		P	Oh hi Jim. No I just got back. I thought you were on vacation now.	nucleus	chat	0.9	1.0	20260416	135797504	50	50	500	12	12	Yeah! I am! I'm actually on my way out the door as we speak. Just wanted to swing by and grab something from my desk real quick. Can't leave town without taking care of a few loose ends.	yeah! i am! i'm actually on my way out the door as we speak. just wanted to swing by and grab something from my desk real quick. can't leave town without taking care of a few loose ends.	Yeah! I am! I'm actually on my way out the door as we speak. Just wanted to swing by and grab something from my desk real quick. Can't leave town without taking care of a few loose ends.	-27.998925924301147	-31.090855717659	-0.559978518486023	-0.6218171143531799	50	50	-27.998925924301147	-31.090855717659	-0.559978518486023	-0.6218171143531799	3.091929793357849	0.0618385958671569	True	True	No, I wish I was! I just got back from Spain actually.	just	0.0618385958671569	3.091929793357849	0	"Speaker 1: Hey Michelle. Good to see you. Are you at lunch?
Speaker 2: Oh hi Jim. No I just got back. I thought you were on vacation now.
Speaker 1: "	"Speaker 1: Hey Michelle. Good to see you. Are you at lunch?
Speaker 2: Oh hi Jim. No I got back. I thought you were on vacation now.
Speaker 1: "	Speaker 1
183	184	expanded_data	discourse_particle	25	just_j_12662	just	h	Is everything all right?__eou__Not at all.__eou__What's the problem?	Someone just robbed me.	Someone robbed me.	What do you mean?		P	Someone just robbed me.	nucleus	chat	0.9	1.0	20260416	310199087	50	50	500	36	36	Oh no, I'm so sorry to hear that! That must be a really scary and upsetting experience. Can you tell me what happened? Who robbed you and did they take anything from you? I'm here to listen and offer support if you need it.	oh no, i'm so sorry to hear that! that must be a really scary and upsetting experience. can you tell me what happened? who robbed you and did they take anything from you? i'm here to listen and offer support if you need it.	Oh no, I'm so sorry to hear that! That must be a really scary and upsetting experience. Can you tell me what happened? Who robbed you and did they take anything from you? I'm here to listen and offer support if you need it.	-21.159648776054382	-24.671989679336548	-0.3712219083518313	-0.4328419241988868	57	57	-21.159648776054382	-24.671989679336548	-0.3712219083518313	-0.4328419241988868	3.512340903282165	0.0616200158470555	True	True	What do you mean?	just	0.0616200158470555	3.512340903282165	1	"Speaker 1: Is everything all right?
Speaker 2: Not at all.
Speaker 1: What's the problem?
Speaker 2: Someone just robbed me.
Speaker 1: "	"Speaker 1: Is everything all right?
Speaker 2: Not at all.
Speaker 1: What's the problem?
Speaker 2: Someone robbed me.
Speaker 1: "	Speaker 1
184	185	expanded_data	discourse_particle	24	just_j_6768	just	h	Kathy! How are you? It's been ages! What are you doing these days?	I just opened my own restaurant. I'm also head chef.	I opened my own restaurant. I'm also head chef.	You're kidding! You've always hated cooking!		P	I just opened my own restaurant. I'm also head chef.	nucleus	chat	0.9	1.0	20260416	1976038075	50	50	500	4	4	Congratulations! That's a big achievement! Opening a restaurant is a huge undertaking, and being the head chef on top of that must be a lot of work. What kind of cuisine do you serve? And what inspired you to take the leap and open your own restaurant?	congratulations! that's a big achievement! opening a restaurant is a huge undertaking, and being the head chef on top of that must be a lot of work. what kind of cuisine do you serve? and what inspired you to take the leap and open your own restaurant?	Congratulations! That's a big achievement! Opening a restaurant is a huge undertaking, and being the head chef on top of that must be a lot of work. What kind of cuisine do you serve? And what inspired you to take the leap and open your own restaurant?	-25.468854188919067	-29.08991825580597	-0.4316754947274418	-0.493049461962813	59	59	-25.468854188919067	-29.08991825580597	-0.4316754947274418	-0.493049461962813	3.621064066886902	0.0613739672353711	True	True	You're kidding! You've always hated cooking!	just	0.0613739672353711	3.621064066886902	1	"Speaker 1: Kathy! How are you? It's been ages! What are you doing these days?
Speaker 2: I just opened my own restaurant. I'm also head chef.
Speaker 1: "	"Speaker 1: Kathy! How are you? It's been ages! What are you doing these days?
Speaker 2: I opened my own restaurant. I'm also head chef.
Speaker 1: "	Speaker 1
185	186	expanded_data	discourse_particle	31	just_j_2438	just	h	OK, so are you ready to learn how to bake a cake?	Almost, let me just put my apron on.	Almost, let me put my apron on.	OK, so the first thing we are going to do is pre-heat the oven, that way we have it at the desired temperature once we finish preparing everything. Set it to three hundred and seventy five degrees Fahrenheit.		P	Almost, let me just put my apron on.	nucleus	chat	0.9	1.0	20260416	491321217	50	50	500	11	11	Ha ha, nice one! Unfortunately, since we're in a text-based conversation, you won't actually need an apron. But let's get started on that virtual cake-baking adventure instead! What kind of cake would you like to bake? Do you have a favorite flavor or recipe in mind?	ha ha, nice one! unfortunately, since we're in a text-based conversation, you won't actually need an apron. but let's get started on that virtual cake-baking adventure instead! what kind of cake would you like to bake? do you have a favorite flavor or recipe in mind?	Ha ha, nice one! Unfortunately, since we're in a text-based conversation, you won't actually need an apron. But let's get started on that virtual cake-baking adventure instead! What kind of cake would you like to bake? Do you have a favorite flavor or recipe in mind?	-21.0820974111557	-25.12892997264862	-0.3194257183508439	-0.3807413632219488	66	66	-21.0820974111557	-25.12892997264862	-0.3194257183508439	-0.3807413632219488	4.04683256149292	0.0613156448711048	True	True	OK, so the first thing we are going to do is pre-heat the oven, that way we have it at the desired temperature once we finish preparing everything. Set it to three hundred and seventy five degrees Fahrenheit.	just	0.0613156448711048	4.04683256149292	0	"Speaker 1: OK, so are you ready to learn how to bake a cake?
Speaker 2: Almost, let me just put my apron on.
Speaker 1: "	"Speaker 1: OK, so are you ready to learn how to bake a cake?
Speaker 2: Almost, let me put my apron on.
Speaker 1: "	Speaker 1
186	187	expanded_data	discourse_particle	51	just_j_2401	just	h	This motor oil case is still really slippery.__eou__Yeah, time for more coffee!__eou__Sure, why not? I think I want a chocolate chip cookie, too.	By the way, I heard Kitty's just got in a shipment of Jamaican Blue Mountain.	By the way, I heard Kitty's got in a shipment of Jamaican Blue Mountain.	So what?		P	By the way, I heard Kitty's just got in a shipment of Jamaican Blue Mountain.	nucleus	chat	0.9	1.0	20260416	2004638241	50	50	500	12	12	Ooh, that's a favorite of mine! I need to get some of that. I've been wanting to try it in a pour-over. Do you think they'll have any left by the time I get to the store?	ooh, that's a favorite of mine! i need to get some of that. i've been wanting to try it in a pour-over. do you think they'll have any left by the time i get to the store?	Ooh, that's a favorite of mine! I need to get some of that. I've been wanting to try it in a pour-over. Do you think they'll have any left by the time I get to the store?	-31.215630531311035	-34.401798725128174	-0.6003005871405969	-0.661573052406311	52	52	-31.215630531311035	-34.401798725128174	-0.6003005871405969	-0.661573052406311	3.1861681938171387	0.0612724652657141	True	True	So what?	just	0.0612724652657141	3.1861681938171387	0	"Speaker 1: This motor oil case is still really slippery.
Speaker 2: Yeah, time for more coffee!
Speaker 1: Sure, why not? I think I want a chocolate chip cookie, too.
Speaker 2: By the way, I heard Kitty's just got in a shipment of Jamaican Blue Mountain.
Speaker 1: "	"Speaker 1: This motor oil case is still really slippery.
Speaker 2: Yeah, time for more coffee!
Speaker 1: Sure, why not? I think I want a chocolate chip cookie, too.
Speaker 2: By the way, I heard Kitty's got in a shipment of Jamaican Blue Mountain.
Speaker 1: "	Speaker 1
187	188	expanded_data	discourse_particle	29	just_j_8011	just	h	I can't believe it! I lost.__eou__It looks like you have to buy tickets for us, Jason. And we're not going to see an action movie!__eou__That's not fair, you got all the easy questions.	I guess that's just the luck of the draw.	I guess that's the luck of the draw.	I want a rematch. Let's play again.		P	I guess that's just the luck of the draw.	nucleus	chat	0.9	1.0	20260416	1013948780	50	50	500	18	18	I suppose so! Well, I guess we'll have to see a romantic comedy then. That's just the kind of movie my sister would love.	i suppose so! well, i guess we'll have to see a romantic comedy then. that's just the kind of movie my sister would love.	I suppose so! Well, I guess we'll have to see a romantic comedy then. That's just the kind of movie my sister would love.	-28.370312452316284	-30.51263654232025	-0.8105803557804653	-0.8717896154948643	35	35	-28.370312452316284	-30.51263654232025	-0.8105803557804653	-0.8717896154948643	2.142324090003968	0.061209259714399	True	True	I want a rematch. Let's play again.	just	0.061209259714399	2.142324090003968	0	"Speaker 1: I can't believe it! I lost.
Speaker 2: It looks like you have to buy tickets for us, Jason. And we're not going to see an action movie!
Speaker 1: That's not fair, you got all the easy questions.
Speaker 2: I guess that's just the luck of the draw.
Speaker 1: "	"Speaker 1: I can't believe it! I lost.
Speaker 2: It looks like you have to buy tickets for us, Jason. And we're not going to see an action movie!
Speaker 1: That's not fair, you got all the easy questions.
Speaker 2: I guess that's the luck of the draw.
Speaker 1: "	Speaker 1
188	189	expanded_data	discourse_particle	26	just_j_1461	just	h	Operator. May I help you?__eou__Yes. How do I get an outside line, please?	Just dial 0, wait for the dial tone, and then dial the phone number you want to call. Or we can place a call for you, if you want.	Dial 0, wait for the dial tone, and then dial the phone number you want to call. Or we can place a call for you, if you want.	No, thanks a lot. I'll try it myself.		P	Just dial 0, wait for the dial tone, and then dial the phone number you want to call. Or we can place a call for you, if you want.	nucleus	chat	0.9	1.0	20260416	71756826	50	50	500	12	12	Thank you. That's all I needed to know. Can you also tell me the time? I seem to have lost track of it.	thank you. that's all i needed to know. can you also tell me the time? i seem to have lost track of it.	Thank you. That's all I needed to know. Can you also tell me the time? I seem to have lost track of it.	-21.275644063949585	-23.261810779571533	-0.6447164867863511	-0.7049033569567131	33	33	-21.275644063949585	-23.261810779571533	-0.6447164867863511	-0.7049033569567131	1.986166715621948	0.060186870170362	True	True	No, thanks a lot. I'll try it myself.	just	0.060186870170362	1.986166715621948	1	"Speaker 1: Operator. May I help you?
Speaker 2: Yes. How do I get an outside line, please?
Speaker 1: Just dial 0, wait for the dial tone, and then dial the phone number you want to call. Or we can place a call for you, if you want.
Speaker 2: "	"Speaker 1: Operator. May I help you?
Speaker 2: Yes. How do I get an outside line, please?
Speaker 1: Dial 0, wait for the dial tone, and then dial the phone number you want to call. Or we can place a call for you, if you want.
Speaker 2: "	Speaker 2
189	190	expanded_data	discourse_particle	25	just_j_12662	just	h	Is everything all right?__eou__Not at all.__eou__What's the problem?	Someone just robbed me.	Someone robbed me.	What do you mean?		P	Someone just robbed me.	nucleus	chat	0.9	1.0	20260416	310199087	50	50	500	28	28	Oh no, I'm so sorry to hear that! That must be really scary and upsetting. Can you tell me more about what happened? Did you know the person or was it a stranger? Did they take anything valuable? Are you safe right now?	oh no, i'm so sorry to hear that! that must be really scary and upsetting. can you tell me more about what happened? did you know the person or was it a stranger? did they take anything valuable? are you safe right now?	Oh no, I'm so sorry to hear that! That must be really scary and upsetting. Can you tell me more about what happened? Did you know the person or was it a stranger? Did they take anything valuable? Are you safe right now?	-16.559893131256104	-19.92833590507508	-0.2957123773438589	-0.3558631411620548	56	56	-16.559893131256104	-19.92833590507508	-0.2957123773438589	-0.3558631411620548	3.3684427738189697	0.0601507638181958	True	True	What do you mean?	just	0.0601507638181958	3.3684427738189697	1	"Speaker 1: Is everything all right?
Speaker 2: Not at all.
Speaker 1: What's the problem?
Speaker 2: Someone just robbed me.
Speaker 1: "	"Speaker 1: Is everything all right?
Speaker 2: Not at all.
Speaker 1: What's the problem?
Speaker 2: Someone robbed me.
Speaker 1: "	Speaker 1
190	191	expanded_data	discourse_particle	6	just_j_638	just	h	Hello, do you have any vacancies?	Yes, something just opened up.	Yes, something opened up.	What kind of apartment is it?		P	Yes, something just opened up.	nucleus	chat	0.9	1.0	20260416	894870064	50	50	500	39	38	I'm excited to learn more. Can you tell me more about the job opening? What kind of role is it, and what are the main responsibilities and qualifications?	i'm excited to learn more. can you tell me more about the job opening? what kind of role is it, and what are the main responsibilities and qualifications?	I'm excited to learn more. Can you tell me more about the job opening? What kind of role is it, and what are the main responsibilities and qualifications?	-16.608996033668518	-18.887768030166622	-0.4370788429912768	-0.497046527109648	38	38	-16.608996033668518	-18.887768030166622	-0.4370788429912768	-0.497046527109648	2.278771996498108	0.0599676841183712	True	True	What kind of apartment is it?	just	0.0599676841183712	2.278771996498108	1	"Speaker 1: Hello, do you have any vacancies?
Speaker 2: Yes, something just opened up.
Speaker 1: "	"Speaker 1: Hello, do you have any vacancies?
Speaker 2: Yes, something opened up.
Speaker 1: "	Speaker 1
191	192	expanded_data	discourse_particle	36	just_j_8556	just	h	I think I'm going to go home.	Why? We just got here.	Why? We got here.	I know, but it's 12		P	Why? We just got here.	nucleus	chat	0.9	1.0	20260416	1188910665	50	50	500	6	6	I apologize, I think there's been a misunderstanding. I'm an AI, I don't have the ability to go home or be physically present anywhere. I exist solely as a digital entity, and my purpose is to assist users with information and tasks. I don't have personal experiences or feelings like humans do.	i apologize, i think there's been a misunderstanding. i'm an ai, i don't have the ability to go home or be physically present anywhere. i exist solely as a digital entity, and my purpose is to assist users with information and tasks. i don't have personal experiences or feelings like humans do.	I apologize, I think there's been a misunderstanding. I'm an AI, I don't have the ability to go home or be physically present anywhere. I exist solely as a digital entity, and my purpose is to assist users with information and tasks. I don't have personal experiences or feelings like humans do.	-15.794586896896362	-19.86620712280273	-0.2322733367190641	-0.292150104747099	68	68	-15.794586896896362	-19.86620712280273	-0.2322733367190641	-0.292150104747099	4.071620225906372	0.0598767680280348	True	True	I know, but it's 12	just	0.0598767680280348	4.071620225906372	1	"Speaker 1: I think I'm going to go home.
Speaker 2: Why? We just got here.
Speaker 1: "	"Speaker 1: I think I'm going to go home.
Speaker 2: Why? We got here.
Speaker 1: "	Speaker 1
192	193	expanded_data	discourse_particle	40	just_j_7614	just	h	Hey Michelle. Good to see you. Are you at lunch?	Oh hi Jim. No I just got back. I thought you were on vacation now.	Oh hi Jim. No I got back. I thought you were on vacation now.	No, I wish I was! I just got back from Spain actually.		P	Oh hi Jim. No I just got back. I thought you were on vacation now.	nucleus	chat	0.9	1.0	20260416	135797504	50	50	500	15	15	Yeah! I am! I'm just back for a few hours to take care of some paperwork and then I'm heading out again for a couple of weeks. How was your day?	yeah! i am! i'm just back for a few hours to take care of some paperwork and then i'm heading out again for a couple of weeks. how was your day?	Yeah! I am! I'm just back for a few hours to take care of some paperwork and then I'm heading out again for a couple of weeks. How was your day?	-21.87433660030365	-24.37732172012329	-0.5208175381024679	-0.5804124219076974	42	42	-21.87433660030365	-24.37732172012329	-0.5208175381024679	-0.5804124219076974	2.502985119819641	0.0595948838052294	True	True	No, I wish I was! I just got back from Spain actually.	just	0.0595948838052294	2.502985119819641	0	"Speaker 1: Hey Michelle. Good to see you. Are you at lunch?
Speaker 2: Oh hi Jim. No I just got back. I thought you were on vacation now.
Speaker 1: "	"Speaker 1: Hey Michelle. Good to see you. Are you at lunch?
Speaker 2: Oh hi Jim. No I got back. I thought you were on vacation now.
Speaker 1: "	Speaker 1
193	194	expanded_data	discourse_particle	40	just_j_7614	just	h	Hey Michelle. Good to see you. Are you at lunch?	Oh hi Jim. No I just got back. I thought you were on vacation now.	Oh hi Jim. No I got back. I thought you were on vacation now.	No, I wish I was! I just got back from Spain actually.		P	Oh hi Jim. No I just got back. I thought you were on vacation now.	nucleus	chat	0.9	1.0	20260416	135797504	50	50	500	10	10	I am! I'm back from vacation, actually. Just got in this morning. Been trying to catch up on some work stuff. How was your day?	i am! i'm back from vacation, actually. just got in this morning. been trying to catch up on some work stuff. how was your day?	I am! I'm back from vacation, actually. Just got in this morning. Been trying to catch up on some work stuff. How was your day?	-22.57811689376831	-24.76288139820099	-0.6102193755072516	-0.669267064816243	37	37	-22.57811689376831	-24.76288139820099	-0.6102193755072516	-0.669267064816243	2.1847645044326782	0.0590476893089914	True	True	No, I wish I was! I just got back from Spain actually.	just	0.0590476893089914	2.1847645044326782	0	"Speaker 1: Hey Michelle. Good to see you. Are you at lunch?
Speaker 2: Oh hi Jim. No I just got back. I thought you were on vacation now.
Speaker 1: "	"Speaker 1: Hey Michelle. Good to see you. Are you at lunch?
Speaker 2: Oh hi Jim. No I got back. I thought you were on vacation now.
Speaker 1: "	Speaker 1
194	195	expanded_data	discourse_particle	8	just_j_498	just	h	I'm hungry. Do we have anything to eat?	Just a few cookies.	A few cookies.	That's fine with me.		P	Just a few cookies.	nucleus	chat	0.9	1.0	20260416	470286339	50	50	500	10	10	Yum! Cookies are always a good snack! Do you have a favorite kind of cookie or flavor?	yum! cookies are always a good snack! do you have a favorite kind of cookie or flavor?	Yum! Cookies are always a good snack! Do you have a favorite kind of cookie or flavor?	-13.706338882446287	-15.233312845230104	-0.5271668800940881	-0.5858966478934655	26	26	-13.706338882446287	-15.233312845230104	-0.5271668800940881	-0.5858966478934655	1.5269739627838137	0.0587297677993774	True	True	That's fine with me.	just	0.0587297677993774	1.5269739627838137	1	"Speaker 1: I'm hungry. Do we have anything to eat?
Speaker 2: Just a few cookies.
Speaker 1: "	"Speaker 1: I'm hungry. Do we have anything to eat?
Speaker 2: A few cookies.
Speaker 1: "	Speaker 1
195	196	expanded_data	discourse_particle	19	just_j_7873	just	h	How are you getting along with your wife now?__eou__What can you expect? Not that good.__eou__What are you going to do then?	Just let it go.	Let it go.	How are your work now?		P	Just let it go.	nucleus	chat	0.9	1.0	20260416	1369746621	50	50	500	32	32	"It seems like you're referring to a conversation or situation that's not going well. It can be tough to accept that some things aren't going as planned. ""Letting it go"" can be a good approach sometimes, especially if it's something that's causing more stress than it's worth. Would you like to"	"it seems like you're referring to a conversation or situation that's not going well. it can be tough to accept that some things aren't going as planned. ""letting it go"" can be a good approach sometimes, especially if it's something that's causing more stress than it's worth. would you like to"	"It seems like you're referring to a conversation or situation that's not going well. It can be tough to accept that some things aren't going as planned. ""Letting it go"" can be a good approach sometimes, especially if it's something that's causing more stress than it's worth. Would you like to"	-63.93305432796478	-67.96197462081909	-0.9265660047531128	-0.9849561539249144	69	69	-63.93305432796478	-67.96197462081909	-0.9265660047531128	-0.9849561539249144	4.028920292854309	0.0583901491718016	True	True	How are your work now?	just	0.0583901491718016	4.028920292854309	0	"Speaker 1: How are you getting along with your wife now?
Speaker 2: What can you expect? Not that good.
Speaker 1: What are you going to do then?
Speaker 2: Just let it go.
Speaker 1: "	"Speaker 1: How are you getting along with your wife now?
Speaker 2: What can you expect? Not that good.
Speaker 1: What are you going to do then?
Speaker 2: Let it go.
Speaker 1: "	Speaker 1
196	197	expanded_data	discourse_particle	12	just_j_8890	just	h	Wow! What’s the hold up?	It’s probably just people trying to get an early start out of the city for the weekend. Nobody sticks around in the summer.	It’s probably people trying to get an early start out of the city for the weekend. Nobody sticks around in the summer.	Really? Then, I guess I won’t have a hard time finding a room or getting a cab?		P	It’s probably just people trying to get an early start out of the city for the weekend. Nobody sticks around in the summer.	nucleus	chat	0.9	1.0	20260416	1504568862	50	50	500	8	8	Yeah, that's probably it. Summer Fridays are the worst for traffic in the city, aren't they? Everyone trying to get out of town before the weekend starts. And it's not like there's anything exciting going on downtown, anyway. Just the usual construction and roadwork to deal with.	yeah, that's probably it. summer fridays are the worst for traffic in the city, aren't they? everyone trying to get out of town before the weekend starts. and it's not like there's anything exciting going on downtown, anyway. just the usual construction and roadwork to deal with.	Yeah, that's probably it. Summer Fridays are the worst for traffic in the city, aren't they? Everyone trying to get out of town before the weekend starts. And it's not like there's anything exciting going on downtown, anyway. Just the usual construction and roadwork to deal with.	-44.6188645362854	-48.40812265872955	-0.6864440697890062	-0.7447403485958393	65	65	-44.6188645362854	-48.40812265872955	-0.6864440697890062	-0.7447403485958393	3.789258122444153	0.058296278806833	True	True	Really? Then, I guess I won’t have a hard time finding a room or getting a cab?	just	0.058296278806833	3.789258122444153	0	"Speaker 1: Wow! What’s the hold up?
Speaker 2: It’s probably just people trying to get an early start out of the city for the weekend. Nobody sticks around in the summer.
Speaker 1: "	"Speaker 1: Wow! What’s the hold up?
Speaker 2: It’s probably people trying to get an early start out of the city for the weekend. Nobody sticks around in the summer.
Speaker 1: "	Speaker 1
197	198	expanded_data	discourse_particle	31	just_j_2438	just	h	OK, so are you ready to learn how to bake a cake?	Almost, let me just put my apron on.	Almost, let me put my apron on.	OK, so the first thing we are going to do is pre-heat the oven, that way we have it at the desired temperature once we finish preparing everything. Set it to three hundred and seventy five degrees Fahrenheit.		P	Almost, let me just put my apron on.	nucleus	chat	0.9	1.0	20260416	491321217	50	50	500	2	2	Ha ha, nice one! Unfortunately, I'm a text-based AI, so we won't actually be baking a cake together in person. But we can still have a virtual baking adventure!	ha ha, nice one! unfortunately, i'm a text-based ai, so we won't actually be baking a cake together in person. but we can still have a virtual baking adventure!	Ha ha, nice one! Unfortunately, I'm a text-based AI, so we won't actually be baking a cake together in person. But we can still have a virtual baking adventure!\n\nLet's start with a simple recipe. What kind of cake would you like to make? Do you have a favorite flavor or type	-17.649243235588074	-20.15564441680908	-0.4104475171066994	-0.4687359166699786	43	43	-17.649243235588074	-20.15564441680908	-0.4104475171066994	-0.4687359166699786	2.5064011812210083	0.0582883995632792	True	True	OK, so the first thing we are going to do is pre-heat the oven, that way we have it at the desired temperature once we finish preparing everything. Set it to three hundred and seventy five degrees Fahrenheit.	just	0.0582883995632792	2.5064011812210083	0	"Speaker 1: OK, so are you ready to learn how to bake a cake?
Speaker 2: Almost, let me just put my apron on.
Speaker 1: "	"Speaker 1: OK, so are you ready to learn how to bake a cake?
Speaker 2: Almost, let me put my apron on.
Speaker 1: "	Speaker 1
198	199	expanded_data	discourse_particle	57	just_j_11362	just	h	Would you mind if I ask your health status?	I just had a complete physical examination and passed with flying colors.	I had a complete physical examination and passed with flying colors.	That is good. We hope each of our future employees will be healthy and happy.		P	I just had a complete physical examination and passed with flying colors.	nucleus	chat	0.9	1.0	20260416	1728911766	50	50	500	21	21	Excellent to hear that! It's always reassuring to have a clean bill of health. Congratulations on taking proactive steps towards your well-being. How did you feel about the experience? Was there anything that stood out to you during the examination or any recommendations made by your doctor?	excellent to hear that! it's always reassuring to have a clean bill of health. congratulations on taking proactive steps towards your well-being. how did you feel about the experience? was there anything that stood out to you during the examination or any recommendations made by your doctor?	Excellent to hear that! It's always reassuring to have a clean bill of health. Congratulations on taking proactive steps towards your well-being. How did you feel about the experience? Was there anything that stood out to you during the examination or any recommendations made by your doctor?	-28.27355945110321	-31.70380222797393	-0.4792128720525967	-0.5373525801351515	59	59	-28.27355945110321	-31.70380222797393	-0.4792128720525967	-0.5373525801351515	3.4302427768707275	0.0581397080825547	True	True	That is good. We hope each of our future employees will be healthy and happy.	just	0.0581397080825547	3.4302427768707275	1	"Speaker 1: Would you mind if I ask your health status?
Speaker 2: I just had a complete physical examination and passed with flying colors.
Speaker 1: "	"Speaker 1: Would you mind if I ask your health status?
Speaker 2: I had a complete physical examination and passed with flying colors.
Speaker 1: "	Speaker 1
199	200	expanded_data	discourse_particle	51	just_j_2401	just	h	This motor oil case is still really slippery.__eou__Yeah, time for more coffee!__eou__Sure, why not? I think I want a chocolate chip cookie, too.	By the way, I heard Kitty's just got in a shipment of Jamaican Blue Mountain.	By the way, I heard Kitty's got in a shipment of Jamaican Blue Mountain.	So what?		P	By the way, I heard Kitty's just got in a shipment of Jamaican Blue Mountain.	nucleus	chat	0.9	1.0	20260416	2004638241	50	50	500	16	16	Whoa, that's amazing! I've been wanting to try some of that for ages. Do you think it's still in stock?	whoa, that's amazing! i've been wanting to try some of that for ages. do you think it's still in stock?	Whoa, that's amazing! I've been wanting to try some of that for ages. Do you think it's still in stock?	-11.167741417884828	-13.081862330436708	-0.3384164066025705	-0.3964200706192941	33	33	-11.167741417884828	-13.081862330436708	-0.3384164066025705	-0.3964200706192941	1.91412091255188	0.0580036640167236	True	True	So what?	just	0.0580036640167236	1.91412091255188	0	"Speaker 1: This motor oil case is still really slippery.
Speaker 2: Yeah, time for more coffee!
Speaker 1: Sure, why not? I think I want a chocolate chip cookie, too.
Speaker 2: By the way, I heard Kitty's just got in a shipment of Jamaican Blue Mountain.
Speaker 1: "	"Speaker 1: This motor oil case is still really slippery.
Speaker 2: Yeah, time for more coffee!
Speaker 1: Sure, why not? I think I want a chocolate chip cookie, too.
Speaker 2: By the way, I heard Kitty's got in a shipment of Jamaican Blue Mountain.
Speaker 1: "	Speaker 1
200	201	expanded_data	discourse_particle	51	just_j_2401	just	h	This motor oil case is still really slippery.__eou__Yeah, time for more coffee!__eou__Sure, why not? I think I want a chocolate chip cookie, too.	By the way, I heard Kitty's just got in a shipment of Jamaican Blue Mountain.	By the way, I heard Kitty's got in a shipment of Jamaican Blue Mountain.	So what?		P	By the way, I heard Kitty's just got in a shipment of Jamaican Blue Mountain.	nucleus	chat	0.9	1.0	20260416	2004638241	50	50	500	24	24	Whoa, that's some good stuff! I'll have to swing by there after work and grab a bag. Nothing like a fresh cup of Jamaican Blue Mountain to brighten up the day.	whoa, that's some good stuff! i'll have to swing by there after work and grab a bag. nothing like a fresh cup of jamaican blue mountain to brighten up the day.	Whoa, that's some good stuff! I'll have to swing by there after work and grab a bag. Nothing like a fresh cup of Jamaican Blue Mountain to brighten up the day.	-16.883532524108887	-19.48931062221527	-0.3751896116468641	-0.4330957916047838	45	45	-16.883532524108887	-19.48931062221527	-0.3751896116468641	-0.4330957916047838	2.6057780981063843	0.0579061799579196	True	True	So what?	just	0.0579061799579196	2.6057780981063843	0	"Speaker 1: This motor oil case is still really slippery.
Speaker 2: Yeah, time for more coffee!
Speaker 1: Sure, why not? I think I want a chocolate chip cookie, too.
Speaker 2: By the way, I heard Kitty's just got in a shipment of Jamaican Blue Mountain.
Speaker 1: "	"Speaker 1: This motor oil case is still really slippery.
Speaker 2: Yeah, time for more coffee!
Speaker 1: Sure, why not? I think I want a chocolate chip cookie, too.
Speaker 2: By the way, I heard Kitty's got in a shipment of Jamaican Blue Mountain.
Speaker 1: "	Speaker 1
201	202	expanded_data	discourse_particle	36	just_j_8556	just	h	I think I'm going to go home.	Why? We just got here.	Why? We got here.	I know, but it's 12		P	Why? We just got here.	nucleus	chat	0.9	1.0	20260416	1188910665	50	50	500	28	28	I apologize, I think I made a mistake. I'm just an AI, I don't have the ability to physically go home or be in a specific location. I exist solely as a digital entity, and I'm here to assist you with any questions or tasks you may have. Please let me know how I can	i apologize, i think i made a mistake. i'm just an ai, i don't have the ability to physically go home or be in a specific location. i exist solely as a digital entity, and i'm here to assist you with any questions or tasks you may have. please let me know how i can	I apologize, I think I made a mistake. I'm just an AI, I don't have the ability to physically go home or be in a specific location. I exist solely as a digital entity, and I'm here to assist you with any questions or tasks you may have. Please let me know how I can	-45.61011040210724	-49.59457194805145	-0.6610160927841628	-0.7187619122906007	69	69	-45.61011040210724	-49.59457194805145	-0.6610160927841628	-0.7187619122906007	3.984461545944214	0.0577458195064378	True	True	I know, but it's 12	just	0.0577458195064378	3.984461545944214	1	"Speaker 1: I think I'm going to go home.
Speaker 2: Why? We just got here.
Speaker 1: "	"Speaker 1: I think I'm going to go home.
Speaker 2: Why? We got here.
Speaker 1: "	Speaker 1
202	203	expanded_data	discourse_particle	24	just_j_6768	just	h	Kathy! How are you? It's been ages! What are you doing these days?	I just opened my own restaurant. I'm also head chef.	I opened my own restaurant. I'm also head chef.	You're kidding! You've always hated cooking!		P	I just opened my own restaurant. I'm also head chef.	nucleus	chat	0.9	1.0	20260416	1976038075	50	50	500	25	25	Congratulations! That's so exciting! Opening a restaurant is a big undertaking, and being the head chef on top of that is a lot of responsibility. What kind of cuisine does your restaurant serve? Is it a formal dining experience or more casual?	congratulations! that's so exciting! opening a restaurant is a big undertaking, and being the head chef on top of that is a lot of responsibility. what kind of cuisine does your restaurant serve? is it a formal dining experience or more casual?	Congratulations! That's so exciting! Opening a restaurant is a big undertaking, and being the head chef on top of that is a lot of responsibility. What kind of cuisine does your restaurant serve? Is it a formal dining experience or more casual?	-21.9697265625	-25.08152091503144	-0.4068467881944444	-0.4644726095376191	54	54	-21.9697265625	-25.08152091503144	-0.4068467881944444	-0.4644726095376191	3.111794352531433	0.0576258213431747	True	True	You're kidding! You've always hated cooking!	just	0.0576258213431747	3.111794352531433	1	"Speaker 1: Kathy! How are you? It's been ages! What are you doing these days?
Speaker 2: I just opened my own restaurant. I'm also head chef.
Speaker 1: "	"Speaker 1: Kathy! How are you? It's been ages! What are you doing these days?
Speaker 2: I opened my own restaurant. I'm also head chef.
Speaker 1: "	Speaker 1
203	204	expanded_data	discourse_particle	35	just_j_8362	just	h	let's go swimming.	But, we just finished eating lunch.	But, we finished eating lunch.	I know, but I'm really hot.		P	But, we just finished eating lunch.	nucleus	chat	0.9	1.0	20260416	1023332715	50	50	500	3	3	Yeah! I didn't think that one through. We can't go swimming on a full stomach. That might not be the most comfortable or safe idea. Maybe we can plan a snack or wait a bit before heading out to the pool or beach?	yeah! i didn't think that one through. we can't go swimming on a full stomach. that might not be the most comfortable or safe idea. maybe we can plan a snack or wait a bit before heading out to the pool or beach?	Yeah! I didn't think that one through. We can't go swimming on a full stomach. That might not be the most comfortable or safe idea. Maybe we can plan a snack or wait a bit before heading out to the pool or beach?	-26.008491277694706	-29.17624402046204	-0.4728816595944491	-0.5304771640084006	55	55	-26.008491277694706	-29.17624402046204	-0.4728816595944491	-0.5304771640084006	3.167752742767334	0.0575955044139515	True	True	I know, but I'm really hot.	just	0.0575955044139515	3.167752742767334	0	"Speaker 1: let's go swimming.
Speaker 2: But, we just finished eating lunch.
Speaker 1: "	"Speaker 1: let's go swimming.
Speaker 2: But, we finished eating lunch.
Speaker 1: "	Speaker 1
204	205	expanded_data	discourse_particle	24	just_j_6768	just	h	Kathy! How are you? It's been ages! What are you doing these days?	I just opened my own restaurant. I'm also head chef.	I opened my own restaurant. I'm also head chef.	You're kidding! You've always hated cooking!		P	I just opened my own restaurant. I'm also head chef.	nucleus	chat	0.9	1.0	20260416	1976038075	50	50	500	20	20	Congratulations! That's amazing news! Opening a restaurant is a huge undertaking, and I'm sure it's a lot of hard work, but also very rewarding. What kind of cuisine do you serve at your restaurant? And how's the response been so far?	congratulations! that's amazing news! opening a restaurant is a huge undertaking, and i'm sure it's a lot of hard work, but also very rewarding. what kind of cuisine do you serve at your restaurant? and how's the response been so far?	Congratulations! That's amazing news! Opening a restaurant is a huge undertaking, and I'm sure it's a lot of hard work, but also very rewarding. What kind of cuisine do you serve at your restaurant? And how's the response been so far?	-14.076007008552551	-17.358339548110962	-0.2469474913781149	-0.3045322727738765	57	57	-14.076007008552551	-17.358339548110962	-0.2469474913781149	-0.3045322727738765	3.28233253955841	0.0575847813957615	True	True	You're kidding! You've always hated cooking!	just	0.0575847813957615	3.28233253955841	1	"Speaker 1: Kathy! How are you? It's been ages! What are you doing these days?
Speaker 2: I just opened my own restaurant. I'm also head chef.
Speaker 1: "	"Speaker 1: Kathy! How are you? It's been ages! What are you doing these days?
Speaker 2: I opened my own restaurant. I'm also head chef.
Speaker 1: "	Speaker 1
205	206	expanded_data	discourse_particle	35	just_j_8362	just	h	let's go swimming.	But, we just finished eating lunch.	But, we finished eating lunch.	I know, but I'm really hot.		P	But, we just finished eating lunch.	nucleus	chat	0.9	1.0	20260416	1023332715	50	50	500	45	45	I guess we should wait a bit before going swimming, shouldn't we? We don't want to swim on a full stomach, or we might get stomach cramps or feel queasy in the water. How about we take a short walk or do something else for a bit, and then we can head to the pool	i guess we should wait a bit before going swimming, shouldn't we? we don't want to swim on a full stomach, or we might get stomach cramps or feel queasy in the water. how about we take a short walk or do something else for a bit, and then we can head to the pool	I guess we should wait a bit before going swimming, shouldn't we? We don't want to swim on a full stomach, or we might get stomach cramps or feel queasy in the water. How about we take a short walk or do something else for a bit, and then we can head to the pool	-47.35073816776276	-51.31460773944855	-0.6862425821414893	-0.7436899672383848	69	69	-47.35073816776276	-51.31460773944855	-0.6862425821414893	-0.7436899672383848	3.963869571685791	0.0574473850968955	True	True	I know, but I'm really hot.	just	0.0574473850968955	3.963869571685791	0	"Speaker 1: let's go swimming.
Speaker 2: But, we just finished eating lunch.
Speaker 1: "	"Speaker 1: let's go swimming.
Speaker 2: But, we finished eating lunch.
Speaker 1: "	Speaker 1
206	207	expanded_data	discourse_particle	40	just_j_7614	just	h	Hey Michelle. Good to see you. Are you at lunch?	Oh hi Jim. No I just got back. I thought you were on vacation now.	Oh hi Jim. No I got back. I thought you were on vacation now.	No, I wish I was! I just got back from Spain actually.		P	Oh hi Jim. No I just got back. I thought you were on vacation now.	nucleus	chat	0.9	1.0	20260416	135797504	50	50	500	45	45	I was, but I cut it short and came back early. Got a bit of a situation going on and I need to take care of it. How about you, how was your day?	i was, but i cut it short and came back early. got a bit of a situation going on and i need to take care of it. how about you, how was your day?	I was, but I cut it short and came back early. Got a bit of a situation going on and I need to take care of it. How about you, how was your day?	-19.60621035099029	-22.124826550483704	-0.445595689795234	-0.5028369670564478	44	44	-19.60621035099029	-22.124826550483704	-0.445595689795234	-0.5028369670564478	2.518616199493408	0.0572412772612137	True	True	No, I wish I was! I just got back from Spain actually.	just	0.0572412772612137	2.518616199493408	0	"Speaker 1: Hey Michelle. Good to see you. Are you at lunch?
Speaker 2: Oh hi Jim. No I just got back. I thought you were on vacation now.
Speaker 1: "	"Speaker 1: Hey Michelle. Good to see you. Are you at lunch?
Speaker 2: Oh hi Jim. No I got back. I thought you were on vacation now.
Speaker 1: "	Speaker 1
207	208	expanded_data	discourse_particle	1	just_j_5467	just	h	I want to leave the motorbike outdoors.	Fine, just don't do it at night.	Fine, don't do it at night.	Why not?		P	Fine, just don't do it at night.	nucleus	chat	0.9	1.0	20260416	788549607	50	50	500	16	16	You're concerned about security and don't want me to leave the motorbike outside at night for safety reasons. Is that correct?	you're concerned about security and don't want me to leave the motorbike outside at night for safety reasons. is that correct?	You're concerned about security and don't want me to leave the motorbike outside at night for safety reasons. Is that correct?	-13.342257857322693	-15.113771438598633	-0.4303954147523449	-0.487541014148343	31	31	-13.342257857322693	-15.113771438598633	-0.4303954147523449	-0.487541014148343	1.77151358127594	0.057145599395998	True	True	Why not?	just	0.057145599395998	1.77151358127594	0	"Speaker 1: I want to leave the motorbike outdoors.
Speaker 2: Fine, just don't do it at night.
Speaker 1: "	"Speaker 1: I want to leave the motorbike outdoors.
Speaker 2: Fine, don't do it at night.
Speaker 1: "	Speaker 1
208	209	expanded_data	discourse_particle	31	just_j_2438	just	h	OK, so are you ready to learn how to bake a cake?	Almost, let me just put my apron on.	Almost, let me put my apron on.	OK, so the first thing we are going to do is pre-heat the oven, that way we have it at the desired temperature once we finish preparing everything. Set it to three hundred and seventy five degrees Fahrenheit.		P	Almost, let me just put my apron on.	nucleus	chat	0.9	1.0	20260416	491321217	50	50	500	17	17	Ha! I wish I could see you putting on an apron! Since we're just having a virtual baking session, we can skip that part. But feel free to imagine yourself all set up and ready to bake!	ha! i wish i could see you putting on an apron! since we're just having a virtual baking session, we can skip that part. but feel free to imagine yourself all set up and ready to bake!	Ha! I wish I could see you putting on an apron! Since we're just having a virtual baking session, we can skip that part. But feel free to imagine yourself all set up and ready to bake!\n\nSo, what kind of cake would you like to bake? Do you have a favorite flavor or recipe	-29.51469123363495	-32.29807376861572	-0.6023406374211214	-0.6591443626248107	49	49	-29.51469123363495	-32.29807376861572	-0.6023406374211214	-0.6591443626248107	2.783382534980774	0.0568037252036892	True	True	OK, so the first thing we are going to do is pre-heat the oven, that way we have it at the desired temperature once we finish preparing everything. Set it to three hundred and seventy five degrees Fahrenheit.	just	0.0568037252036892	2.783382534980774	0	"Speaker 1: OK, so are you ready to learn how to bake a cake?
Speaker 2: Almost, let me just put my apron on.
Speaker 1: "	"Speaker 1: OK, so are you ready to learn how to bake a cake?
Speaker 2: Almost, let me put my apron on.
Speaker 1: "	Speaker 1
209	210	expanded_data	discourse_particle	57	just_j_11362	just	h	Would you mind if I ask your health status?	I just had a complete physical examination and passed with flying colors.	I had a complete physical examination and passed with flying colors.	That is good. We hope each of our future employees will be healthy and happy.		P	I just had a complete physical examination and passed with flying colors.	nucleus	chat	0.9	1.0	20260416	1728911766	50	50	500	50	47	That's great to hear! Congratulations on a clean bill of health!	that's great to hear! congratulations on a clean bill of health!	That's great to hear! Congratulations on a clean bill of health!\n\nAs a conversational AI, I don't need to know your health status, but I'm always happy to chat with you about your well-being or any health-related topics you're interested in. If you have any questions or concerns, feel free to	-8.08442997932434	-9.157251477241516	-0.4254963147012811	-0.4819606040653429	19	19	-8.08442997932434	-9.157251477241516	-0.4254963147012811	-0.4819606040653429	1.0728214979171753	0.0564642893640618	True	True	That is good. We hope each of our future employees will be healthy and happy.	just	0.0564642893640618	1.0728214979171753	1	"Speaker 1: Would you mind if I ask your health status?
Speaker 2: I just had a complete physical examination and passed with flying colors.
Speaker 1: "	"Speaker 1: Would you mind if I ask your health status?
Speaker 2: I had a complete physical examination and passed with flying colors.
Speaker 1: "	Speaker 1
210	211	expanded_data	discourse_particle	24	just_j_6768	just	h	Kathy! How are you? It's been ages! What are you doing these days?	I just opened my own restaurant. I'm also head chef.	I opened my own restaurant. I'm also head chef.	You're kidding! You've always hated cooking!		P	I just opened my own restaurant. I'm also head chef.	nucleus	chat	0.9	1.0	20260416	1976038075	50	50	500	22	22	Congratulations! That's amazing news! Opening a restaurant is a huge accomplishment, and being the head chef to boot is a double whammy! What kind of cuisine are you serving? Is it a casual eatery or a fine dining experience? I'm sure it's a lot of hard work, but I hope you	congratulations! that's amazing news! opening a restaurant is a huge accomplishment, and being the head chef to boot is a double whammy! what kind of cuisine are you serving? is it a casual eatery or a fine dining experience? i'm sure it's a lot of hard work, but i hope you	Congratulations! That's amazing news! Opening a restaurant is a huge accomplishment, and being the head chef to boot is a double whammy! What kind of cuisine are you serving? Is it a casual eatery or a fine dining experience? I'm sure it's a lot of hard work, but I hope you	-58.256401896476746	-62.14787220954895	-0.8442956796590833	-0.9006938001383906	69	69	-58.256401896476746	-62.14787220954895	-0.8442956796590833	-0.9006938001383906	3.8914703130722046	0.0563981204793073	True	True	You're kidding! You've always hated cooking!	just	0.0563981204793073	3.8914703130722046	1	"Speaker 1: Kathy! How are you? It's been ages! What are you doing these days?
Speaker 2: I just opened my own restaurant. I'm also head chef.
Speaker 1: "	"Speaker 1: Kathy! How are you? It's been ages! What are you doing these days?
Speaker 2: I opened my own restaurant. I'm also head chef.
Speaker 1: "	Speaker 1
211	212	expanded_data	discourse_particle	12	just_j_8890	just	h	Wow! What’s the hold up?	It’s probably just people trying to get an early start out of the city for the weekend. Nobody sticks around in the summer.	It’s probably people trying to get an early start out of the city for the weekend. Nobody sticks around in the summer.	Really? Then, I guess I won’t have a hard time finding a room or getting a cab?		P	It’s probably just people trying to get an early start out of the city for the weekend. Nobody sticks around in the summer.	nucleus	chat	0.9	1.0	20260416	1504568862	50	50	500	32	32	You're probably right! Summer traffic is always a nightmare, especially when everyone's trying to get out of the city for a long weekend. I'm sure it'll clear up once the morning rush dies down.	you're probably right! summer traffic is always a nightmare, especially when everyone's trying to get out of the city for a long weekend. i'm sure it'll clear up once the morning rush dies down.	You're probably right! Summer traffic is always a nightmare, especially when everyone's trying to get out of the city for a long weekend. I'm sure it'll clear up once the morning rush dies down.	-17.428441762924194	-20.046100735664368	-0.3708179098494509	-0.4265127816098801	47	47	-17.428441762924194	-20.046100735664368	-0.3708179098494509	-0.4265127816098801	2.6176589727401733	0.0556948717604292	True	True	Really? Then, I guess I won’t have a hard time finding a room or getting a cab?	just	0.0556948717604292	2.6176589727401733	0	"Speaker 1: Wow! What’s the hold up?
Speaker 2: It’s probably just people trying to get an early start out of the city for the weekend. Nobody sticks around in the summer.
Speaker 1: "	"Speaker 1: Wow! What’s the hold up?
Speaker 2: It’s probably people trying to get an early start out of the city for the weekend. Nobody sticks around in the summer.
Speaker 1: "	Speaker 1
212	213	expanded_data	discourse_particle	36	just_j_8556	just	h	I think I'm going to go home.	Why? We just got here.	Why? We got here.	I know, but it's 12		P	Why? We just got here.	nucleus	chat	0.9	1.0	20260416	1188910665	50	50	500	40	40	I apologize, I made a mistake. I'm just an AI, I don't have a physical presence, so I can't go home. I exist solely in the digital realm and can interact with you through text-based conversations.	i apologize, i made a mistake. i'm just an ai, i don't have a physical presence, so i can't go home. i exist solely in the digital realm and can interact with you through text-based conversations.	I apologize, I made a mistake. I'm just an AI, I don't have a physical presence, so I can't go home. I exist solely in the digital realm and can interact with you through text-based conversations.	-13.005000710487366	-15.845375895500185	-0.2550000139311248	-0.3106936450098075	51	51	-13.005000710487366	-15.845375895500185	-0.2550000139311248	-0.3106936450098075	2.8403751850128174	0.0556936310786826	True	True	I know, but it's 12	just	0.0556936310786826	2.8403751850128174	1	"Speaker 1: I think I'm going to go home.
Speaker 2: Why? We just got here.
Speaker 1: "	"Speaker 1: I think I'm going to go home.
Speaker 2: Why? We got here.
Speaker 1: "	Speaker 1
213	214	expanded_data	discourse_particle	35	just_j_8362	just	h	let's go swimming.	But, we just finished eating lunch.	But, we finished eating lunch.	I know, but I'm really hot.		P	But, we just finished eating lunch.	nucleus	chat	0.9	1.0	20260416	1023332715	50	50	500	17	17	I didn't think that through, did I? We shouldn't go swimming on a full stomach. Maybe we can wait a bit and then head out?	i didn't think that through, did i? we shouldn't go swimming on a full stomach. maybe we can wait a bit and then head out?	I didn't think that through, did I? We shouldn't go swimming on a full stomach. Maybe we can wait a bit and then head out?	-21.697781443595886	-23.696390509605408	-0.6027161512109969	-0.6582330697112613	36	36	-21.697781443595886	-23.696390509605408	-0.6027161512109969	-0.6582330697112613	1.9986090660095213	0.0555169185002644	True	True	I know, but I'm really hot.	just	0.0555169185002644	1.9986090660095213	0	"Speaker 1: let's go swimming.
Speaker 2: But, we just finished eating lunch.
Speaker 1: "	"Speaker 1: let's go swimming.
Speaker 2: But, we finished eating lunch.
Speaker 1: "	Speaker 1
214	215	expanded_data	discourse_particle	40	just_j_7614	just	h	Hey Michelle. Good to see you. Are you at lunch?	Oh hi Jim. No I just got back. I thought you were on vacation now.	Oh hi Jim. No I got back. I thought you were on vacation now.	No, I wish I was! I just got back from Spain actually.		P	Oh hi Jim. No I just got back. I thought you were on vacation now.	nucleus	chat	0.9	1.0	20260416	135797504	50	50	500	40	40	Yeah! I'm back from vacation, but I'm getting a little restless and thought I'd catch up with you. I didn't want to bother you during your busy work hours, but I figured I'd swing by and say hi. How was your day?	yeah! i'm back from vacation, but i'm getting a little restless and thought i'd catch up with you. i didn't want to bother you during your busy work hours, but i figured i'd swing by and say hi. how was your day?	Yeah! I'm back from vacation, but I'm getting a little restless and thought I'd catch up with you. I didn't want to bother you during your busy work hours, but I figured I'd swing by and say hi. How was your day?	-49.85408127307892	-53.07086455821991	-0.8595531253979124	-0.9150149061762052	58	58	-49.85408127307892	-53.07086455821991	-0.8595531253979124	-0.9150149061762052	3.216783285140991	0.0554617807782928	True	True	No, I wish I was! I just got back from Spain actually.	just	0.0554617807782928	3.216783285140991	0	"Speaker 1: Hey Michelle. Good to see you. Are you at lunch?
Speaker 2: Oh hi Jim. No I just got back. I thought you were on vacation now.
Speaker 1: "	"Speaker 1: Hey Michelle. Good to see you. Are you at lunch?
Speaker 2: Oh hi Jim. No I got back. I thought you were on vacation now.
Speaker 1: "	Speaker 1
215	216	expanded_data	discourse_particle	19	just_j_7873	just	h	How are you getting along with your wife now?__eou__What can you expect? Not that good.__eou__What are you going to do then?	Just let it go.	Let it go.	How are your work now?		P	Just let it go.	nucleus	chat	0.9	1.0	20260416	1369746621	50	50	500	45	45	It seems like you're referring to a conversation or situation that's causing you some concern. Would you like to talk more about it and get some perspective? I'm here to listen and help if I can.	it seems like you're referring to a conversation or situation that's causing you some concern. would you like to talk more about it and get some perspective? i'm here to listen and help if i can.	It seems like you're referring to a conversation or situation that's causing you some concern. Would you like to talk more about it and get some perspective? I'm here to listen and help if I can.	-19.353628039360046	-21.92408871650696	-0.4117793199863839	-0.4664699726916374	47	47	-19.353628039360046	-21.92408871650696	-0.4117793199863839	-0.4664699726916374	2.570460677146912	0.0546906527052534	True	True	How are your work now?	just	0.0546906527052534	2.570460677146912	0	"Speaker 1: How are you getting along with your wife now?
Speaker 2: What can you expect? Not that good.
Speaker 1: What are you going to do then?
Speaker 2: Just let it go.
Speaker 1: "	"Speaker 1: How are you getting along with your wife now?
Speaker 2: What can you expect? Not that good.
Speaker 1: What are you going to do then?
Speaker 2: Let it go.
Speaker 1: "	Speaker 1
216	217	expanded_data	discourse_particle	57	just_j_11362	just	h	Would you mind if I ask your health status?	I just had a complete physical examination and passed with flying colors.	I had a complete physical examination and passed with flying colors.	That is good. We hope each of our future employees will be healthy and happy.		P	I just had a complete physical examination and passed with flying colors.	nucleus	chat	0.9	1.0	20260416	1728911766	50	50	500	35	34	Excellent news! Congratulations on passing your physical examination with flying colors! That's always a relief and a great accomplishment. It's wonderful that you're taking proactive steps to prioritize your health. How did you find the experience overall? Was there anything that surprised you or was there a particular aspect of the exam that you were nervous	excellent news! congratulations on passing your physical examination with flying colors! that's always a relief and a great accomplishment. it's wonderful that you're taking proactive steps to prioritize your health. how did you find the experience overall? was there anything that surprised you or was there a particular aspect of the exam that you were nervous	Excellent news! Congratulations on passing your physical examination with flying colors! That's always a relief and a great accomplishment. It's wonderful that you're taking proactive steps to prioritize your health. How did you find the experience overall? Was there anything that surprised you or was there a particular aspect of the exam that you were nervous	-60.09659063816071	-63.86896896362305	-0.870965081712474	-0.9256372313568556	69	69	-60.09659063816071	-63.86896896362305	-0.870965081712474	-0.9256372313568556	3.772378325462341	0.0546721496443817	True	True	That is good. We hope each of our future employees will be healthy and happy.	just	0.0546721496443817	3.772378325462341	1	"Speaker 1: Would you mind if I ask your health status?
Speaker 2: I just had a complete physical examination and passed with flying colors.
Speaker 1: "	"Speaker 1: Would you mind if I ask your health status?
Speaker 2: I had a complete physical examination and passed with flying colors.
Speaker 1: "	Speaker 1
217	218	expanded_data	discourse_particle	36	just_j_8556	just	h	I think I'm going to go home.	Why? We just got here.	Why? We got here.	I know, but it's 12		P	Why? We just got here.	nucleus	chat	0.9	1.0	20260416	1188910665	50	50	500	38	38	I apologize, I think there may be some confusion. I am an artificial intelligence language model, and I don't have the ability to physically go home or go anywhere else. I exist solely in the digital realm and am here to assist you with any questions or tasks you may have. I don't have personal experiences or	i apologize, i think there may be some confusion. i am an artificial intelligence language model, and i don't have the ability to physically go home or go anywhere else. i exist solely in the digital realm and am here to assist you with any questions or tasks you may have. i don't have personal experiences or	I apologize, I think there may be some confusion. I am an artificial intelligence language model, and I don't have the ability to physically go home or go anywhere else. I exist solely in the digital realm and am here to assist you with any questions or tasks you may have. I don't have personal experiences or	-41.10422313213349	-44.87194454669952	-0.5957133787265723	-0.6503180369086887	69	69	-41.10422313213349	-44.87194454669952	-0.5957133787265723	-0.6503180369086887	3.76772141456604	0.0546046581821164	True	True	I know, but it's 12	just	0.0546046581821164	3.76772141456604	1	"Speaker 1: I think I'm going to go home.
Speaker 2: Why? We just got here.
Speaker 1: "	"Speaker 1: I think I'm going to go home.
Speaker 2: Why? We got here.
Speaker 1: "	Speaker 1
218	219	expanded_data	discourse_particle	51	just_j_2401	just	h	This motor oil case is still really slippery.__eou__Yeah, time for more coffee!__eou__Sure, why not? I think I want a chocolate chip cookie, too.	By the way, I heard Kitty's just got in a shipment of Jamaican Blue Mountain.	By the way, I heard Kitty's got in a shipment of Jamaican Blue Mountain.	So what?		P	By the way, I heard Kitty's just got in a shipment of Jamaican Blue Mountain.	nucleus	chat	0.9	1.0	20260416	2004638241	50	50	500	43	43	Mmm, that sounds like a great excuse to take a break and grab a cup of coffee. I've been craving a cup of that stuff all morning!	mmm, that sounds like a great excuse to take a break and grab a cup of coffee. i've been craving a cup of that stuff all morning!	Mmm, that sounds like a great excuse to take a break and grab a cup of coffee. I've been craving a cup of that stuff all morning!	-21.44210624694824	-23.452037811279297	-0.5795163850526552	-0.6338388597643053	37	37	-21.44210624694824	-23.452037811279297	-0.5795163850526552	-0.6338388597643053	2.0099315643310547	0.05432247471165	True	True	So what?	just	0.05432247471165	2.0099315643310547	0	"Speaker 1: This motor oil case is still really slippery.
Speaker 2: Yeah, time for more coffee!
Speaker 1: Sure, why not? I think I want a chocolate chip cookie, too.
Speaker 2: By the way, I heard Kitty's just got in a shipment of Jamaican Blue Mountain.
Speaker 1: "	"Speaker 1: This motor oil case is still really slippery.
Speaker 2: Yeah, time for more coffee!
Speaker 1: Sure, why not? I think I want a chocolate chip cookie, too.
Speaker 2: By the way, I heard Kitty's got in a shipment of Jamaican Blue Mountain.
Speaker 1: "	Speaker 1
219	220	expanded_data	discourse_particle	8	just_j_498	just	h	I'm hungry. Do we have anything to eat?	Just a few cookies.	A few cookies.	That's fine with me.		P	Just a few cookies.	nucleus	chat	0.9	1.0	20260416	470286339	50	50	500	17	16	Cookies sound good! Can I have one?	cookies sound good! can i have one?	Cookies sound good! Can I have one?	-3.1296937465667725	-3.8817875385284415	-0.223549553326198	-0.2772705384663173	14	14	-3.1296937465667725	-3.8817875385284415	-0.223549553326198	-0.2772705384663173	0.7520937919616699	0.0537209851401193	True	True	That's fine with me.	just	0.0537209851401193	0.7520937919616699	1	"Speaker 1: I'm hungry. Do we have anything to eat?
Speaker 2: Just a few cookies.
Speaker 1: "	"Speaker 1: I'm hungry. Do we have anything to eat?
Speaker 2: A few cookies.
Speaker 1: "	Speaker 1
220	221	expanded_data	discourse_particle	8	just_j_498	just	h	I'm hungry. Do we have anything to eat?	Just a few cookies.	A few cookies.	That's fine with me.		P	Just a few cookies.	nucleus	chat	0.9	1.0	20260416	470286339	50	50	500	11	11	Cookies sound good to me! Do you have a favorite kind of cookie, or would you like me to recommend one?	cookies sound good to me! do you have a favorite kind of cookie, or would you like me to recommend one?	Cookies sound good to me! Do you have a favorite kind of cookie, or would you like me to recommend one?	-11.295186400413511	-12.83768391609192	-0.3894891862211556	-0.4426787557273075	29	29	-11.295186400413511	-12.83768391609192	-0.3894891862211556	-0.4426787557273075	1.5424975156784058	0.0531895695061518	True	True	That's fine with me.	just	0.0531895695061518	1.5424975156784058	1	"Speaker 1: I'm hungry. Do we have anything to eat?
Speaker 2: Just a few cookies.
Speaker 1: "	"Speaker 1: I'm hungry. Do we have anything to eat?
Speaker 2: A few cookies.
Speaker 1: "	Speaker 1
221	222	expanded_data	discourse_particle	31	just_j_2438	just	h	OK, so are you ready to learn how to bake a cake?	Almost, let me just put my apron on.	Almost, let me put my apron on.	OK, so the first thing we are going to do is pre-heat the oven, that way we have it at the desired temperature once we finish preparing everything. Set it to three hundred and seventy five degrees Fahrenheit.		P	Almost, let me just put my apron on.	nucleus	chat	0.9	1.0	20260416	491321217	50	50	500	9	9	Ha ha, you're really getting into the baking spirit! Okay, while you're getting settled, I'll give you the rundown on how to bake a basic cake. Don't worry, it's easy peasy!	ha ha, you're really getting into the baking spirit! okay, while you're getting settled, i'll give you the rundown on how to bake a basic cake. don't worry, it's easy peasy!	Ha ha, you're really getting into the baking spirit! Okay, while you're getting settled, I'll give you the rundown on how to bake a basic cake. Don't worry, it's easy peasy!\n\nWe'll start with the basics: you'll need:\n\n* 2 cups of all-purpose flour\n	-22.356313824653625	-24.93237805366516	-0.4562513025439515	-0.5088240419115339	49	49	-22.356313824653625	-24.93237805366516	-0.4562513025439515	-0.5088240419115339	2.576064229011536	0.0525727393675823	True	True	OK, so the first thing we are going to do is pre-heat the oven, that way we have it at the desired temperature once we finish preparing everything. Set it to three hundred and seventy five degrees Fahrenheit.	just	0.0525727393675823	2.576064229011536	0	"Speaker 1: OK, so are you ready to learn how to bake a cake?
Speaker 2: Almost, let me just put my apron on.
Speaker 1: "	"Speaker 1: OK, so are you ready to learn how to bake a cake?
Speaker 2: Almost, let me put my apron on.
Speaker 1: "	Speaker 1
222	223	expanded_data	discourse_particle	15	just_j_4012	just	h	Are you ok, Chuck? You look pale.	I'm fine, Katherine. I just stayed up late last night working on my Chinese.	I'm fine, Katherine. I stayed up late last night working on my Chinese.	Oh, poor you. You know what? I found a new way to learn Chinese and it works very well.		P	I'm fine, Katherine. I just stayed up late last night working on my Chinese.	nucleus	chat	0.9	1.0	20260416	1516497681	50	50	500	41	41	Well, you look a bit tired, that's all. Maybe you should take a break and get some rest. You don't want to burn out from overstudying.	well, you look a bit tired, that's all. maybe you should take a break and get some rest. you don't want to burn out from overstudying.	Well, you look a bit tired, that's all. Maybe you should take a break and get some rest. You don't want to burn out from overstudying.	-20.35401999950409	-22.45377254486084	-0.5088504999876022	-0.561344313621521	40	40	-20.35401999950409	-22.45377254486084	-0.5088504999876022	-0.561344313621521	2.0997525453567505	0.0524938136339188	True	True	Oh, poor you. You know what? I found a new way to learn Chinese and it works very well.	just	0.0524938136339188	2.0997525453567505	0	"Speaker 1: Are you ok, Chuck? You look pale.
Speaker 2: I'm fine, Katherine. I just stayed up late last night working on my Chinese.
Speaker 1: "	"Speaker 1: Are you ok, Chuck? You look pale.
Speaker 2: I'm fine, Katherine. I stayed up late last night working on my Chinese.
Speaker 1: "	Speaker 1
223	224	expanded_data	discourse_particle	24	just_j_6768	just	h	Kathy! How are you? It's been ages! What are you doing these days?	I just opened my own restaurant. I'm also head chef.	I opened my own restaurant. I'm also head chef.	You're kidding! You've always hated cooking!		P	I just opened my own restaurant. I'm also head chef.	nucleus	chat	0.9	1.0	20260416	1976038075	50	50	500	3	3	Congratulations! That's amazing news! Opening and running a restaurant is a huge undertaking, and being the head chef on top of that must be incredibly challenging. But I'm sure you're up for the task! What kind of cuisine do you specialize in? Are you serving classic comfort food, or something more innovative and experimental	congratulations! that's amazing news! opening and running a restaurant is a huge undertaking, and being the head chef on top of that must be incredibly challenging. but i'm sure you're up for the task! what kind of cuisine do you specialize in? are you serving classic comfort food, or something more innovative and experimental	Congratulations! That's amazing news! Opening and running a restaurant is a huge undertaking, and being the head chef on top of that must be incredibly challenging. But I'm sure you're up for the task! What kind of cuisine do you specialize in? Are you serving classic comfort food, or something more innovative and experimental	-41.488853931427	-45.10957205295563	-0.6012877381366232	-0.6537619138109512	69	69	-41.488853931427	-45.10957205295563	-0.6012877381366232	-0.6537619138109512	3.6207181215286255	0.0524741756743279	True	True	You're kidding! You've always hated cooking!	just	0.0524741756743279	3.6207181215286255	1	"Speaker 1: Kathy! How are you? It's been ages! What are you doing these days?
Speaker 2: I just opened my own restaurant. I'm also head chef.
Speaker 1: "	"Speaker 1: Kathy! How are you? It's been ages! What are you doing these days?
Speaker 2: I opened my own restaurant. I'm also head chef.
Speaker 1: "	Speaker 1
224	225	expanded_data	discourse_particle	51	just_j_2401	just	h	This motor oil case is still really slippery.__eou__Yeah, time for more coffee!__eou__Sure, why not? I think I want a chocolate chip cookie, too.	By the way, I heard Kitty's just got in a shipment of Jamaican Blue Mountain.	By the way, I heard Kitty's got in a shipment of Jamaican Blue Mountain.	So what?		P	By the way, I heard Kitty's just got in a shipment of Jamaican Blue Mountain.	nucleus	chat	0.9	1.0	20260416	2004638241	50	50	500	42	42	Ooh, nice! I've been meaning to try some. Is it really worth the hype?	ooh, nice! i've been meaning to try some. is it really worth the hype?	Ooh, nice! I've been meaning to try some. Is it really worth the hype?	-10.147135257720947	-11.452882409095764	-0.4058854103088379	-0.4581152963638306	25	25	-10.147135257720947	-11.452882409095764	-0.4058854103088379	-0.4581152963638306	1.305747151374817	0.0522298860549926	True	True	So what?	just	0.0522298860549926	1.305747151374817	0	"Speaker 1: This motor oil case is still really slippery.
Speaker 2: Yeah, time for more coffee!
Speaker 1: Sure, why not? I think I want a chocolate chip cookie, too.
Speaker 2: By the way, I heard Kitty's just got in a shipment of Jamaican Blue Mountain.
Speaker 1: "	"Speaker 1: This motor oil case is still really slippery.
Speaker 2: Yeah, time for more coffee!
Speaker 1: Sure, why not? I think I want a chocolate chip cookie, too.
Speaker 2: By the way, I heard Kitty's got in a shipment of Jamaican Blue Mountain.
Speaker 1: "	Speaker 1
225	226	expanded_data	discourse_particle	54	just_j_2522	just	h	I'm searching for an old music box.__eou__You came to the right place. Any particular decade?__eou__If you had a box made in the' 20s, that would be nice.	We just got one in yesterday, so now we have six.	We got one in yesterday, so now we have six.	Would any of them have dancing figures?		P	We just got one in yesterday, so now we have six.	nucleus	chat	0.9	1.0	20260416	1861274201	50	50	500	2	2	What a wonderful surprise! Six music boxes, and one from the 1920s no less! That must be a real treasure. Can you tell me more about it? Is it in working condition?	what a wonderful surprise! six music boxes, and one from the 1920s no less! that must be a real treasure. can you tell me more about it? is it in working condition?	What a wonderful surprise! Six music boxes, and one from the 1920s no less! That must be a real treasure. Can you tell me more about it? Is it in working condition?	-24.27894401550293	-26.681044816970825	-0.5278031307718029	-0.5800227134124093	46	46	-24.27894401550293	-26.681044816970825	-0.5278031307718029	-0.5800227134124093	2.4021008014678955	0.0522195826406064	True	True	Would any of them have dancing figures?	just	0.0522195826406064	2.4021008014678955	0	"Speaker 1: I'm searching for an old music box.
Speaker 2: You came to the right place. Any particular decade?
Speaker 1: If you had a box made in the' 20s, that would be nice.
Speaker 2: We just got one in yesterday, so now we have six.
Speaker 1: "	"Speaker 1: I'm searching for an old music box.
Speaker 2: You came to the right place. Any particular decade?
Speaker 1: If you had a box made in the' 20s, that would be nice.
Speaker 2: We got one in yesterday, so now we have six.
Speaker 1: "	Speaker 1
226	227	expanded_data	discourse_particle	36	just_j_8556	just	h	I think I'm going to go home.	Why? We just got here.	Why? We got here.	I know, but it's 12		P	Why? We just got here.	nucleus	chat	0.9	1.0	20260416	1188910665	50	50	500	11	11	I apologize, I think there may be some confusion. I'm just an AI, I don't have a physical presence, so I didn't actually arrive anywhere. I'm here to assist you with any questions or tasks you may have, but I don't have the ability to go home or leave a physical location.	i apologize, i think there may be some confusion. i'm just an ai, i don't have a physical presence, so i didn't actually arrive anywhere. i'm here to assist you with any questions or tasks you may have, but i don't have the ability to go home or leave a physical location.	I apologize, I think there may be some confusion. I'm just an AI, I don't have a physical presence, so I didn't actually arrive anywhere. I'm here to assist you with any questions or tasks you may have, but I don't have the ability to go home or leave a physical location.	-18.6480005979538	-22.245460748672485	-0.2702608782312144	-0.3223979818648186	69	69	-18.6480005979538	-22.245460748672485	-0.2702608782312144	-0.3223979818648186	3.597460150718689	0.0521371036336041	True	True	I know, but it's 12	just	0.0521371036336041	3.597460150718689	1	"Speaker 1: I think I'm going to go home.
Speaker 2: Why? We just got here.
Speaker 1: "	"Speaker 1: I think I'm going to go home.
Speaker 2: Why? We got here.
Speaker 1: "	Speaker 1
227	228	expanded_data	discourse_particle	36	just_j_8556	just	h	I think I'm going to go home.	Why? We just got here.	Why? We got here.	I know, but it's 12		P	Why? We just got here.	nucleus	chat	0.9	1.0	20260416	1188910665	50	50	500	22	22	I apologize, I think I made a mistake. I'm just an AI, I don't have the ability to physically go anywhere, nor do I have personal experiences or feelings. I exist solely to assist and provide information. I'm here to help answer your questions and provide assistance, so please feel free to ask me	i apologize, i think i made a mistake. i'm just an ai, i don't have the ability to physically go anywhere, nor do i have personal experiences or feelings. i exist solely to assist and provide information. i'm here to help answer your questions and provide assistance, so please feel free to ask me	I apologize, I think I made a mistake. I'm just an AI, I don't have the ability to physically go anywhere, nor do I have personal experiences or feelings. I exist solely to assist and provide information. I'm here to help answer your questions and provide assistance, so please feel free to ask me	-49.83950293064117	-53.41426146030426	-0.7223116366759591	-0.7741197313087574	69	69	-49.83950293064117	-53.41426146030426	-0.7223116366759591	-0.7741197313087574	3.574758529663086	0.0518080946327983	True	True	I know, but it's 12	just	0.0518080946327983	3.574758529663086	1	"Speaker 1: I think I'm going to go home.
Speaker 2: Why? We just got here.
Speaker 1: "	"Speaker 1: I think I'm going to go home.
Speaker 2: Why? We got here.
Speaker 1: "	Speaker 1
228	229	expanded_data	discourse_particle	1	just_j_5467	just	h	I want to leave the motorbike outdoors.	Fine, just don't do it at night.	Fine, don't do it at night.	Why not?		P	Fine, just don't do it at night.	nucleus	chat	0.9	1.0	20260416	788549607	50	50	500	9	9	A reasonable request! It's generally a good idea to avoid leaving a motorbike outside at night, especially if it's not in a well-lit or secure area. This is because it can be more vulnerable to theft or damage, and it may also be harder to spot any potential issues with the bike if you can	a reasonable request! it's generally a good idea to avoid leaving a motorbike outside at night, especially if it's not in a well-lit or secure area. this is because it can be more vulnerable to theft or damage, and it may also be harder to spot any potential issues with the bike if you can	A reasonable request! It's generally a good idea to avoid leaving a motorbike outside at night, especially if it's not in a well-lit or secure area. This is because it can be more vulnerable to theft or damage, and it may also be harder to spot any potential issues with the bike if you can	-69.58566665649414	-73.1571193933487	-1.008487922557886	-1.060248107149981	69	69	-69.58566665649414	-73.1571193933487	-1.008487922557886	-1.060248107149981	3.571452736854553	0.0517601845920949	True	True	Why not?	just	0.0517601845920949	3.571452736854553	0	"Speaker 1: I want to leave the motorbike outdoors.
Speaker 2: Fine, just don't do it at night.
Speaker 1: "	"Speaker 1: I want to leave the motorbike outdoors.
Speaker 2: Fine, don't do it at night.
Speaker 1: "	Speaker 1
229	230	expanded_data	discourse_particle	36	just_j_8556	just	h	I think I'm going to go home.	Why? We just got here.	Why? We got here.	I know, but it's 12		P	Why? We just got here.	nucleus	chat	0.9	1.0	20260416	1188910665	50	50	500	25	25	I apologize, I think there's been a misunderstanding! I'm just an AI, I don't have a physical presence, so I'm not actually at a location that I could leave from. I exist solely to assist and communicate with users like you through text-based conversations.	i apologize, i think there's been a misunderstanding! i'm just an ai, i don't have a physical presence, so i'm not actually at a location that i could leave from. i exist solely to assist and communicate with users like you through text-based conversations.	I apologize, I think there's been a misunderstanding! I'm just an AI, I don't have a physical presence, so I'm not actually at a location that I could leave from. I exist solely to assist and communicate with users like you through text-based conversations.	-20.96309792995453	-24.02584183216095	-0.3493849654992421	-0.4004306972026825	60	60	-20.96309792995453	-24.02584183216095	-0.3493849654992421	-0.4004306972026825	3.062743902206421	0.0510457317034403	True	True	I know, but it's 12	just	0.0510457317034403	3.062743902206421	1	"Speaker 1: I think I'm going to go home.
Speaker 2: Why? We just got here.
Speaker 1: "	"Speaker 1: I think I'm going to go home.
Speaker 2: Why? We got here.
Speaker 1: "	Speaker 1
230	231	expanded_data	discourse_particle	12	just_j_8890	just	h	Wow! What’s the hold up?	It’s probably just people trying to get an early start out of the city for the weekend. Nobody sticks around in the summer.	It’s probably people trying to get an early start out of the city for the weekend. Nobody sticks around in the summer.	Really? Then, I guess I won’t have a hard time finding a room or getting a cab?		P	It’s probably just people trying to get an early start out of the city for the weekend. Nobody sticks around in the summer.	nucleus	chat	0.9	1.0	20260416	1504568862	50	50	500	31	31	It can be a real challenge to get around during rush hour, especially during the summer months when everyone's trying to escape the city. I'm sure it'll clear up once the morning rush subsides.	it can be a real challenge to get around during rush hour, especially during the summer months when everyone's trying to escape the city. i'm sure it'll clear up once the morning rush subsides.	It can be a real challenge to get around during rush hour, especially during the summer months when everyone's trying to escape the city. I'm sure it'll clear up once the morning rush subsides.	-19.25845301151276	-21.604301810264587	-0.4186620219894078	-0.4696587350057519	46	46	-19.25845301151276	-21.604301810264587	-0.4186620219894078	-0.4696587350057519	2.345848798751831	0.0509967130163441	True	True	Really? Then, I guess I won’t have a hard time finding a room or getting a cab?	just	0.0509967130163441	2.345848798751831	0	"Speaker 1: Wow! What’s the hold up?
Speaker 2: It’s probably just people trying to get an early start out of the city for the weekend. Nobody sticks around in the summer.
Speaker 1: "	"Speaker 1: Wow! What’s the hold up?
Speaker 2: It’s probably people trying to get an early start out of the city for the weekend. Nobody sticks around in the summer.
Speaker 1: "	Speaker 1
231	232	expanded_data	discourse_particle	51	just_j_2401	just	h	This motor oil case is still really slippery.__eou__Yeah, time for more coffee!__eou__Sure, why not? I think I want a chocolate chip cookie, too.	By the way, I heard Kitty's just got in a shipment of Jamaican Blue Mountain.	By the way, I heard Kitty's got in a shipment of Jamaican Blue Mountain.	So what?		P	By the way, I heard Kitty's just got in a shipment of Jamaican Blue Mountain.	nucleus	chat	0.9	1.0	20260416	2004638241	50	50	500	18	18	Sweet! I've been meaning to try some. Does Kitty have a good selection of single-origin beans too?	sweet! i've been meaning to try some. does kitty have a good selection of single-origin beans too?	Sweet! I've been meaning to try some. Does Kitty have a good selection of single-origin beans too?	-20.575010418891907	-21.948177218437195	-0.7620374229219224	-0.812895452534711	27	27	-20.575010418891907	-21.948177218437195	-0.7620374229219224	-0.812895452534711	1.373166799545288	0.0508580296127885	True	True	So what?	just	0.0508580296127885	1.373166799545288	0	"Speaker 1: This motor oil case is still really slippery.
Speaker 2: Yeah, time for more coffee!
Speaker 1: Sure, why not? I think I want a chocolate chip cookie, too.
Speaker 2: By the way, I heard Kitty's just got in a shipment of Jamaican Blue Mountain.
Speaker 1: "	"Speaker 1: This motor oil case is still really slippery.
Speaker 2: Yeah, time for more coffee!
Speaker 1: Sure, why not? I think I want a chocolate chip cookie, too.
Speaker 2: By the way, I heard Kitty's got in a shipment of Jamaican Blue Mountain.
Speaker 1: "	Speaker 1
232	233	expanded_data	discourse_particle	36	just_j_8556	just	h	I think I'm going to go home.	Why? We just got here.	Why? We got here.	I know, but it's 12		P	Why? We just got here.	nucleus	chat	0.9	1.0	20260416	1188910665	50	50	500	39	39	I apologize, I think I made a mistake! I'm just an AI, I don't have the ability to physically go anywhere or have personal experiences. I exist solely to assist and communicate with you through text. I don't have a home or a physical presence. How can I help you today?	i apologize, i think i made a mistake! i'm just an ai, i don't have the ability to physically go anywhere or have personal experiences. i exist solely to assist and communicate with you through text. i don't have a home or a physical presence. how can i help you today?	I apologize, I think I made a mistake! I'm just an AI, I don't have the ability to physically go anywhere or have personal experiences. I exist solely to assist and communicate with you through text. I don't have a home or a physical presence. How can I help you today?	-15.652445793151855	-18.99142909049988	-0.2371582695932099	-0.2877489256136345	66	66	-15.652445793151855	-18.99142909049988	-0.2371582695932099	-0.2877489256136345	3.3389832973480225	0.0505906560204245	True	True	I know, but it's 12	just	0.0505906560204245	3.3389832973480225	1	"Speaker 1: I think I'm going to go home.
Speaker 2: Why? We just got here.
Speaker 1: "	"Speaker 1: I think I'm going to go home.
Speaker 2: Why? We got here.
Speaker 1: "	Speaker 1
233	234	expanded_data	discourse_particle	20	just_j_2141	just	h	I am sorry for damaging your car, sir.	Don't worry about it. Just leave it to the insurance companies.	Don't worry about it. Leave it to the insurance companies.	The car park in this community is over crowded, isn't it?		P	Don't worry about it. Just leave it to the insurance companies.	nucleus	chat	0.9	1.0	20260416	1769991683	50	50	500	33	33	Thank you for being understanding. I'll make sure to exchange the necessary information with my insurance provider and your insurance provider will take care of the rest.	thank you for being understanding. i'll make sure to exchange the necessary information with my insurance provider and your insurance provider will take care of the rest.	Thank you for being understanding. I'll make sure to exchange the necessary information with my insurance provider and your insurance provider will take care of the rest.	-17.847991585731506	-19.610908031463623	-0.5099426167351859	-0.5603116580418178	35	35	-17.847991585731506	-19.610908031463623	-0.5099426167351859	-0.5603116580418178	1.7629164457321167	0.0503690413066318	True	True	The car park in this community is over crowded, isn't it?	just	0.0503690413066318	1.7629164457321167	1	"Speaker 1: I am sorry for damaging your car, sir.
Speaker 2: Don't worry about it. Just leave it to the insurance companies.
Speaker 1: "	"Speaker 1: I am sorry for damaging your car, sir.
Speaker 2: Don't worry about it. Leave it to the insurance companies.
Speaker 1: "	Speaker 1
234	235	expanded_data	discourse_particle	1	just_j_5467	just	h	I want to leave the motorbike outdoors.	Fine, just don't do it at night.	Fine, don't do it at night.	Why not?		P	Fine, just don't do it at night.	nucleus	chat	0.9	1.0	20260416	788549607	50	50	500	25	25	A specific condition! Leaving the motorbike outdoors can expose it to harsh weather conditions, theft, and vandalism. It's generally recommended to store it in a secure and dry location, such as a garage or shed, to protect it from the elements and potential damage.	a specific condition! leaving the motorbike outdoors can expose it to harsh weather conditions, theft, and vandalism. it's generally recommended to store it in a secure and dry location, such as a garage or shed, to protect it from the elements and potential damage.	A specific condition! Leaving the motorbike outdoors can expose it to harsh weather conditions, theft, and vandalism. It's generally recommended to store it in a secure and dry location, such as a garage or shed, to protect it from the elements and potential damage.\n\nIf you still want to leave it outdoors, make sure	-29.04233026504517	-31.952699065208435	-0.5007298321559511	-0.5509086045725592	58	58	-29.04233026504517	-31.952699065208435	-0.5007298321559511	-0.5509086045725592	2.910368800163269	0.050178772416608	True	True	Why not?	just	0.050178772416608	2.910368800163269	0	"Speaker 1: I want to leave the motorbike outdoors.
Speaker 2: Fine, just don't do it at night.
Speaker 1: "	"Speaker 1: I want to leave the motorbike outdoors.
Speaker 2: Fine, don't do it at night.
Speaker 1: "	Speaker 1
235	236	expanded_data	discourse_particle	26	just_j_1461	just	h	Operator. May I help you?__eou__Yes. How do I get an outside line, please?	Just dial 0, wait for the dial tone, and then dial the phone number you want to call. Or we can place a call for you, if you want.	Dial 0, wait for the dial tone, and then dial the phone number you want to call. Or we can place a call for you, if you want.	No, thanks a lot. I'll try it myself.		P	Just dial 0, wait for the dial tone, and then dial the phone number you want to call. Or we can place a call for you, if you want.	nucleus	chat	0.9	1.0	20260416	71756826	50	50	500	13	13	Thank you! I think I'll just dial 0 myself, then. But before I do, can you tell me the time? I need to make sure I'm not going to miss my connection.	thank you! i think i'll just dial 0 myself, then. but before i do, can you tell me the time? i need to make sure i'm not going to miss my connection.	Thank you! I think I'll just dial 0 myself, then. But before I do, can you tell me the time? I need to make sure I'm not going to miss my connection.	-22.81769335269928	-25.087224006652832	-0.4960368120152017	-0.5453744349272355	46	46	-22.81769335269928	-25.087224006652832	-0.4960368120152017	-0.5453744349272355	2.269530653953552	0.0493376229120337	True	True	No, thanks a lot. I'll try it myself.	just	0.0493376229120337	2.269530653953552	1	"Speaker 1: Operator. May I help you?
Speaker 2: Yes. How do I get an outside line, please?
Speaker 1: Just dial 0, wait for the dial tone, and then dial the phone number you want to call. Or we can place a call for you, if you want.
Speaker 2: "	"Speaker 1: Operator. May I help you?
Speaker 2: Yes. How do I get an outside line, please?
Speaker 1: Dial 0, wait for the dial tone, and then dial the phone number you want to call. Or we can place a call for you, if you want.
Speaker 2: "	Speaker 2
236	237	expanded_data	discourse_particle	24	just_j_6768	just	h	Kathy! How are you? It's been ages! What are you doing these days?	I just opened my own restaurant. I'm also head chef.	I opened my own restaurant. I'm also head chef.	You're kidding! You've always hated cooking!		P	I just opened my own restaurant. I'm also head chef.	nucleus	chat	0.9	1.0	20260416	1976038075	50	50	500	13	13	Congratulations! That's amazing news! Opening your own restaurant is a huge undertaking, and to be head chef on top of that is impressive. What kind of cuisine are you serving, and what inspired you to take the leap and open your own place?	congratulations! that's amazing news! opening your own restaurant is a huge undertaking, and to be head chef on top of that is impressive. what kind of cuisine are you serving, and what inspired you to take the leap and open your own place?	Congratulations! That's amazing news! Opening your own restaurant is a huge undertaking, and to be head chef on top of that is impressive. What kind of cuisine are you serving, and what inspired you to take the leap and open your own place?	-15.137737154960632	-17.816455364227295	-0.2752315846356478	-0.3239355520768599	55	55	-15.137737154960632	-17.816455364227295	-0.2752315846356478	-0.3239355520768599	2.6787182092666626	0.048703967441212	True	True	You're kidding! You've always hated cooking!	just	0.048703967441212	2.6787182092666626	1	"Speaker 1: Kathy! How are you? It's been ages! What are you doing these days?
Speaker 2: I just opened my own restaurant. I'm also head chef.
Speaker 1: "	"Speaker 1: Kathy! How are you? It's been ages! What are you doing these days?
Speaker 2: I opened my own restaurant. I'm also head chef.
Speaker 1: "	Speaker 1
237	238	expanded_data	discourse_particle	19	just_j_7873	just	h	How are you getting along with your wife now?__eou__What can you expect? Not that good.__eou__What are you going to do then?	Just let it go.	Let it go.	How are your work now?		P	Just let it go.	nucleus	chat	0.9	1.0	20260416	1369746621	50	50	500	23	23	It seems like you're referring to a previous conversation or a situation that's been bothering you. Would you like to talk about it? I'm here to listen and help if I can.	it seems like you're referring to a previous conversation or a situation that's been bothering you. would you like to talk about it? i'm here to listen and help if i can.	It seems like you're referring to a previous conversation or a situation that's been bothering you. Would you like to talk about it? I'm here to listen and help if I can.	-17.28162658214569	-19.371167540550232	-0.4018982926080393	-0.4504922683848891	43	43	-17.28162658214569	-19.371167540550232	-0.4018982926080393	-0.4504922683848891	2.089540958404541	0.0485939757768497	True	True	How are your work now?	just	0.0485939757768497	2.089540958404541	0	"Speaker 1: How are you getting along with your wife now?
Speaker 2: What can you expect? Not that good.
Speaker 1: What are you going to do then?
Speaker 2: Just let it go.
Speaker 1: "	"Speaker 1: How are you getting along with your wife now?
Speaker 2: What can you expect? Not that good.
Speaker 1: What are you going to do then?
Speaker 2: Let it go.
Speaker 1: "	Speaker 1
238	239	expanded_data	discourse_particle	57	just_j_11362	just	h	Would you mind if I ask your health status?	I just had a complete physical examination and passed with flying colors.	I had a complete physical examination and passed with flying colors.	That is good. We hope each of our future employees will be healthy and happy.		P	I just had a complete physical examination and passed with flying colors.	nucleus	chat	0.9	1.0	20260416	1728911766	50	50	500	25	24	Excellent news! It's great to hear that you're in good health. Congratulations on passing your physical examination with flying colors!	excellent news! it's great to hear that you're in good health. congratulations on passing your physical examination with flying colors!	Excellent news! It's great to hear that you're in good health. Congratulations on passing your physical examination with flying colors!\n\nAs a conversational AI, I don't have the ability to ask or access any personal health information. I'm here to provide information, answer questions, and engage in friendly conversations. If you	-12.8348286151886	-14.291784524917604	-0.4278276205062866	-0.4763928174972534	30	30	-12.8348286151886	-14.291784524917604	-0.4278276205062866	-0.4763928174972534	1.456955909729004	0.0485651969909667	True	True	That is good. We hope each of our future employees will be healthy and happy.	just	0.0485651969909667	1.456955909729004	1	"Speaker 1: Would you mind if I ask your health status?
Speaker 2: I just had a complete physical examination and passed with flying colors.
Speaker 1: "	"Speaker 1: Would you mind if I ask your health status?
Speaker 2: I had a complete physical examination and passed with flying colors.
Speaker 1: "	Speaker 1
239	240	expanded_data	discourse_particle	54	just_j_2522	just	h	I'm searching for an old music box.__eou__You came to the right place. Any particular decade?__eou__If you had a box made in the' 20s, that would be nice.	We just got one in yesterday, so now we have six.	We got one in yesterday, so now we have six.	Would any of them have dancing figures?		P	We just got one in yesterday, so now we have six.	nucleus	chat	0.9	1.0	20260416	1861274201	50	50	500	26	26	Sounds like you're already the proud owner of six music boxes! That's quite a collection!	sounds like you're already the proud owner of six music boxes! that's quite a collection!	Sounds like you're already the proud owner of six music boxes! That's quite a collection!\n\nSo, the one that came in yesterday, was it from the 1920s?	-21.322283029556274	-22.479243755340576	-0.8884284595648447	-0.936635156472524	24	24	-21.322283029556274	-22.479243755340576	-0.8884284595648447	-0.936635156472524	1.1569607257843018	0.0482066969076793	True	True	Would any of them have dancing figures?	just	0.0482066969076793	1.1569607257843018	0	"Speaker 1: I'm searching for an old music box.
Speaker 2: You came to the right place. Any particular decade?
Speaker 1: If you had a box made in the' 20s, that would be nice.
Speaker 2: We just got one in yesterday, so now we have six.
Speaker 1: "	"Speaker 1: I'm searching for an old music box.
Speaker 2: You came to the right place. Any particular decade?
Speaker 1: If you had a box made in the' 20s, that would be nice.
Speaker 2: We got one in yesterday, so now we have six.
Speaker 1: "	Speaker 1
240	241	expanded_data	discourse_particle	1	just_j_5467	just	h	I want to leave the motorbike outdoors.	Fine, just don't do it at night.	Fine, don't do it at night.	Why not?		P	Fine, just don't do it at night.	nucleus	chat	0.9	1.0	20260416	788549607	50	50	500	7	7	You're concerned about parking the motorbike outdoors, especially at night. Is that correct?	you're concerned about parking the motorbike outdoors, especially at night. is that correct?	You're concerned about parking the motorbike outdoors, especially at night. Is that correct?	-10.228570938110352	-11.334257006645204	-0.4447204755700152	-0.4927937828976175	23	23	-10.228570938110352	-11.334257006645204	-0.4447204755700152	-0.4927937828976175	1.105686068534851	0.0480733073276022	True	True	Why not?	just	0.0480733073276022	1.105686068534851	0	"Speaker 1: I want to leave the motorbike outdoors.
Speaker 2: Fine, just don't do it at night.
Speaker 1: "	"Speaker 1: I want to leave the motorbike outdoors.
Speaker 2: Fine, don't do it at night.
Speaker 1: "	Speaker 1
241	242	expanded_data	discourse_particle	36	just_j_8556	just	h	I think I'm going to go home.	Why? We just got here.	Why? We got here.	I know, but it's 12		P	Why? We just got here.	nucleus	chat	0.9	1.0	20260416	1188910665	50	50	500	2	2	I apologize, I think there's been a misunderstanding! I'm an AI, I don't have personal experiences or physical presence, so I didn't actually arrive anywhere. I exist solely to assist and communicate with users like you through text.	i apologize, i think there's been a misunderstanding! i'm an ai, i don't have personal experiences or physical presence, so i didn't actually arrive anywhere. i exist solely to assist and communicate with users like you through text.	I apologize, I think there's been a misunderstanding! I'm an AI, I don't have personal experiences or physical presence, so I didn't actually arrive anywhere. I exist solely to assist and communicate with users like you through text.	-17.05704402923584	-19.59192407131195	-0.3218310194195442	-0.3696589447417349	53	53	-17.05704402923584	-19.59192407131195	-0.3218310194195442	-0.3696589447417349	2.534880042076111	0.0478279253221907	True	True	I know, but it's 12	just	0.0478279253221907	2.534880042076111	1	"Speaker 1: I think I'm going to go home.
Speaker 2: Why? We just got here.
Speaker 1: "	"Speaker 1: I think I'm going to go home.
Speaker 2: Why? We got here.
Speaker 1: "	Speaker 1
242	243	expanded_data	discourse_particle	31	just_j_2438	just	h	OK, so are you ready to learn how to bake a cake?	Almost, let me just put my apron on.	Almost, let me put my apron on.	OK, so the first thing we are going to do is pre-heat the oven, that way we have it at the desired temperature once we finish preparing everything. Set it to three hundred and seventy five degrees Fahrenheit.		P	Almost, let me just put my apron on.	nucleus	chat	0.9	1.0	20260416	491321217	50	50	500	1	1	I think there might be a slight misunderstanding! As this is a text-based conversation, you don't actually need an apron or any physical materials to learn about baking a cake. I'll provide you with a step-by-step guide and we can go through it together.	i think there might be a slight misunderstanding! as this is a text-based conversation, you don't actually need an apron or any physical materials to learn about baking a cake. i'll provide you with a step-by-step guide and we can go through it together.	I think there might be a slight misunderstanding! As this is a text-based conversation, you don't actually need an apron or any physical materials to learn about baking a cake. I'll provide you with a step-by-step guide and we can go through it together.	-30.711819767951965	-33.53350245952606	-0.5205393181008807	-0.5683644484665434	59	59	-30.711819767951965	-33.53350245952606	-0.5205393181008807	-0.5683644484665434	2.8216826915740967	0.0478251303656627	True	True	OK, so the first thing we are going to do is pre-heat the oven, that way we have it at the desired temperature once we finish preparing everything. Set it to three hundred and seventy five degrees Fahrenheit.	just	0.0478251303656627	2.8216826915740967	0	"Speaker 1: OK, so are you ready to learn how to bake a cake?
Speaker 2: Almost, let me just put my apron on.
Speaker 1: "	"Speaker 1: OK, so are you ready to learn how to bake a cake?
Speaker 2: Almost, let me put my apron on.
Speaker 1: "	Speaker 1
243	244	expanded_data	discourse_particle	24	just_j_6768	just	h	Kathy! How are you? It's been ages! What are you doing these days?	I just opened my own restaurant. I'm also head chef.	I opened my own restaurant. I'm also head chef.	You're kidding! You've always hated cooking!		P	I just opened my own restaurant. I'm also head chef.	nucleus	chat	0.9	1.0	20260416	1976038075	50	50	500	40	40	Congratulations on opening your own restaurant! That's a huge accomplishment. How's the experience been so far? Is it everything you hoped it would be?	congratulations on opening your own restaurant! that's a huge accomplishment. how's the experience been so far? is it everything you hoped it would be?	Congratulations on opening your own restaurant! That's a huge accomplishment. How's the experience been so far? Is it everything you hoped it would be?	-8.98189651966095	-10.652512192726135	-0.2566256148474557	-0.3043574912207467	35	35	-8.98189651966095	-10.652512192726135	-0.2566256148474557	-0.3043574912207467	1.6706156730651855	0.047731876373291	True	True	You're kidding! You've always hated cooking!	just	0.047731876373291	1.6706156730651855	1	"Speaker 1: Kathy! How are you? It's been ages! What are you doing these days?
Speaker 2: I just opened my own restaurant. I'm also head chef.
Speaker 1: "	"Speaker 1: Kathy! How are you? It's been ages! What are you doing these days?
Speaker 2: I opened my own restaurant. I'm also head chef.
Speaker 1: "	Speaker 1
244	245	expanded_data	discourse_particle	15	just_j_4012	just	h	Are you ok, Chuck? You look pale.	I'm fine, Katherine. I just stayed up late last night working on my Chinese.	I'm fine, Katherine. I stayed up late last night working on my Chinese.	Oh, poor you. You know what? I found a new way to learn Chinese and it works very well.		P	I'm fine, Katherine. I just stayed up late last night working on my Chinese.	nucleus	chat	0.9	1.0	20260416	1516497681	50	50	500	35	35	I'm sure that's all. Chinese can be challenging, but it's great that you're dedicated to learning it. Would you like some tea to help you wake up?	i'm sure that's all. chinese can be challenging, but it's great that you're dedicated to learning it. would you like some tea to help you wake up?	I'm sure that's all. Chinese can be challenging, but it's great that you're dedicated to learning it. Would you like some tea to help you wake up?	-24.925493955612183	-26.80445599555969	-0.6231373488903046	-0.6701113998889923	40	40	-24.925493955612183	-26.80445599555969	-0.6231373488903046	-0.6701113998889923	1.878962039947509	0.0469740509986876	True	True	Oh, poor you. You know what? I found a new way to learn Chinese and it works very well.	just	0.0469740509986876	1.878962039947509	0	"Speaker 1: Are you ok, Chuck? You look pale.
Speaker 2: I'm fine, Katherine. I just stayed up late last night working on my Chinese.
Speaker 1: "	"Speaker 1: Are you ok, Chuck? You look pale.
Speaker 2: I'm fine, Katherine. I stayed up late last night working on my Chinese.
Speaker 1: "	Speaker 1
245	246	expanded_data	discourse_particle	36	just_j_8556	just	h	I think I'm going to go home.	Why? We just got here.	Why? We got here.	I know, but it's 12		P	Why? We just got here.	nucleus	chat	0.9	1.0	20260416	1188910665	50	50	500	9	9	I apologize, I made a mistake. This conversation just started, and I'm not going anywhere. I'm here to chat with you. Is there something specific you'd like to talk about or ask?	i apologize, i made a mistake. this conversation just started, and i'm not going anywhere. i'm here to chat with you. is there something specific you'd like to talk about or ask?	I apologize, I made a mistake. This conversation just started, and I'm not going anywhere. I'm here to chat with you. Is there something specific you'd like to talk about or ask?	-15.95226001739502	-18.112085223197937	-0.3467882612477178	-0.3937409831129986	46	46	-15.95226001739502	-18.112085223197937	-0.3467882612477178	-0.3937409831129986	2.159825205802917	0.0469527218652808	True	True	I know, but it's 12	just	0.0469527218652808	2.159825205802917	1	"Speaker 1: I think I'm going to go home.
Speaker 2: Why? We just got here.
Speaker 1: "	"Speaker 1: I think I'm going to go home.
Speaker 2: Why? We got here.
Speaker 1: "	Speaker 1
246	247	expanded_data	discourse_particle	54	just_j_2522	just	h	I'm searching for an old music box.__eou__You came to the right place. Any particular decade?__eou__If you had a box made in the' 20s, that would be nice.	We just got one in yesterday, so now we have six.	We got one in yesterday, so now we have six.	Would any of them have dancing figures?		P	We just got one in yesterday, so now we have six.	nucleus	chat	0.9	1.0	20260416	1861274201	50	50	500	24	24	Wow, that's a great haul! Six music boxes from the 1920s is a fantastic collection. Each one must have its own unique story and character. What kind of music do they play? Are they all the same maker or different ones?	wow, that's a great haul! six music boxes from the 1920s is a fantastic collection. each one must have its own unique story and character. what kind of music do they play? are they all the same maker or different ones?	Wow, that's a great haul! Six music boxes from the 1920s is a fantastic collection. Each one must have its own unique story and character. What kind of music do they play? Are they all the same maker or different ones?	-32.652146339416504	-35.27596318721771	-0.5830740417752948	-0.6299279140574592	56	56	-32.652146339416504	-35.27596318721771	-0.5830740417752948	-0.6299279140574592	2.6238168478012085	0.0468538722821644	True	True	Would any of them have dancing figures?	just	0.0468538722821644	2.6238168478012085	0	"Speaker 1: I'm searching for an old music box.
Speaker 2: You came to the right place. Any particular decade?
Speaker 1: If you had a box made in the' 20s, that would be nice.
Speaker 2: We just got one in yesterday, so now we have six.
Speaker 1: "	"Speaker 1: I'm searching for an old music box.
Speaker 2: You came to the right place. Any particular decade?
Speaker 1: If you had a box made in the' 20s, that would be nice.
Speaker 2: We got one in yesterday, so now we have six.
Speaker 1: "	Speaker 1
247	248	expanded_data	discourse_particle	2	just_j_2485	just	h	I'm looking for some fresh produce that's on sale.	Well, we just got in some mangoes.	Well, we got in some mangoes.	Mangoes. What are they?		P	Well, we just got in some mangoes.	nucleus	chat	0.9	1.0	20260416	545491132	50	50	500	6	6	Mangoes sound delicious! How many are there, and how much are they going for? Are they organic or non-organic?	mangoes sound delicious! how many are there, and how much are they going for? are they organic or non-organic?	Mangoes sound delicious! How many are there, and how much are they going for? Are they organic or non-organic?	-17.578331112861633	-19.07256042957306	-0.549322847276926	-0.5960175134241581	32	32	-17.578331112861633	-19.07256042957306	-0.549322847276926	-0.5960175134241581	1.4942293167114258	0.046694666147232	True	True	Mangoes. What are they?	just	0.046694666147232	1.4942293167114258	1	"Speaker 1: I'm looking for some fresh produce that's on sale.
Speaker 2: Well, we just got in some mangoes.
Speaker 1: "	"Speaker 1: I'm looking for some fresh produce that's on sale.
Speaker 2: Well, we got in some mangoes.
Speaker 1: "	Speaker 1
248	249	expanded_data	discourse_particle	1	just_j_5467	just	h	I want to leave the motorbike outdoors.	Fine, just don't do it at night.	Fine, don't do it at night.	Why not?		P	Fine, just don't do it at night.	nucleus	chat	0.9	1.0	20260416	788549607	50	50	500	45	45	A clever response! It seems like you're trying to tease me into asking why not at night, am I right?	a clever response! it seems like you're trying to tease me into asking why not at night, am i right?	A clever response! It seems like you're trying to tease me into asking why not at night, am I right?	-25.146395325660706	-26.49858105182648	-0.8671170801951967	-0.913744174200913	29	29	-25.146395325660706	-26.49858105182648	-0.8671170801951967	-0.913744174200913	1.3521857261657717	0.0466270940057162	True	True	Why not?	just	0.0466270940057162	1.3521857261657717	0	"Speaker 1: I want to leave the motorbike outdoors.
Speaker 2: Fine, just don't do it at night.
Speaker 1: "	"Speaker 1: I want to leave the motorbike outdoors.
Speaker 2: Fine, don't do it at night.
Speaker 1: "	Speaker 1
249	250	expanded_data	discourse_particle	26	just_j_1461	just	h	Operator. May I help you?__eou__Yes. How do I get an outside line, please?	Just dial 0, wait for the dial tone, and then dial the phone number you want to call. Or we can place a call for you, if you want.	Dial 0, wait for the dial tone, and then dial the phone number you want to call. Or we can place a call for you, if you want.	No, thanks a lot. I'll try it myself.		P	Just dial 0, wait for the dial tone, and then dial the phone number you want to call. Or we can place a call for you, if you want.	nucleus	chat	0.9	1.0	20260416	71756826	50	50	500	31	31	Thank you! No, I think I can handle that. Just one more thing - can you tell me the time?	thank you! no, i think i can handle that. just one more thing - can you tell me the time?	Thank you! No, I think I can handle that. Just one more thing - can you tell me the time?	-15.980023622512816	-17.32920217514038	-0.5510352973280281	-0.5975586956944959	29	29	-15.980023622512816	-17.32920217514038	-0.5510352973280281	-0.5975586956944959	1.3491785526275637	0.0465233983664677	True	True	No, thanks a lot. I'll try it myself.	just	0.0465233983664677	1.3491785526275637	1	"Speaker 1: Operator. May I help you?
Speaker 2: Yes. How do I get an outside line, please?
Speaker 1: Just dial 0, wait for the dial tone, and then dial the phone number you want to call. Or we can place a call for you, if you want.
Speaker 2: "	"Speaker 1: Operator. May I help you?
Speaker 2: Yes. How do I get an outside line, please?
Speaker 1: Dial 0, wait for the dial tone, and then dial the phone number you want to call. Or we can place a call for you, if you want.
Speaker 2: "	Speaker 2
250	251	expanded_data	discourse_particle	54	just_j_2522	just	h	I'm searching for an old music box.__eou__You came to the right place. Any particular decade?__eou__If you had a box made in the' 20s, that would be nice.	We just got one in yesterday, so now we have six.	We got one in yesterday, so now we have six.	Would any of them have dancing figures?		P	We just got one in yesterday, so now we have six.	nucleus	chat	0.9	1.0	20260416	1861274201	50	50	500	41	41	That's great! It sounds like you're already an enthusiast of music boxes from the 1920s. Having six of them must be a wonderful collection. Do you have a favorite among them, or one that's particularly special to you?	that's great! it sounds like you're already an enthusiast of music boxes from the 1920s. having six of them must be a wonderful collection. do you have a favorite among them, or one that's particularly special to you?	That's great! It sounds like you're already an enthusiast of music boxes from the 1920s. Having six of them must be a wonderful collection. Do you have a favorite among them, or one that's particularly special to you?	-32.14415729045868	-34.64319455623627	-0.5952621720455311	-0.6415406399303012	54	54	-32.14415729045868	-34.64319455623627	-0.5952621720455311	-0.6415406399303012	2.499037265777588	0.04627846788477	True	True	Would any of them have dancing figures?	just	0.04627846788477	2.499037265777588	0	"Speaker 1: I'm searching for an old music box.
Speaker 2: You came to the right place. Any particular decade?
Speaker 1: If you had a box made in the' 20s, that would be nice.
Speaker 2: We just got one in yesterday, so now we have six.
Speaker 1: "	"Speaker 1: I'm searching for an old music box.
Speaker 2: You came to the right place. Any particular decade?
Speaker 1: If you had a box made in the' 20s, that would be nice.
Speaker 2: We got one in yesterday, so now we have six.
Speaker 1: "	Speaker 1
251	252	expanded_data	discourse_particle	31	just_j_2438	just	h	OK, so are you ready to learn how to bake a cake?	Almost, let me just put my apron on.	Almost, let me put my apron on.	OK, so the first thing we are going to do is pre-heat the oven, that way we have it at the desired temperature once we finish preparing everything. Set it to three hundred and seventy five degrees Fahrenheit.		P	Almost, let me just put my apron on.	nucleus	chat	0.9	1.0	20260416	491321217	50	50	500	12	12	Ahaha! I think you might be joking, but just in case, I'll pretend like we're in a real-life bakery! Since we're in a virtual space, we can just imagine ourselves wearing our aprons and getting ready to bake a delicious cake.	ahaha! i think you might be joking, but just in case, i'll pretend like we're in a real-life bakery! since we're in a virtual space, we can just imagine ourselves wearing our aprons and getting ready to bake a delicious cake.	Ahaha! I think you might be joking, but just in case, I'll pretend like we're in a real-life bakery! Since we're in a virtual space, we can just imagine ourselves wearing our aprons and getting ready to bake a delicious cake.	-37.58281672000885	-40.25738561153412	-0.6479795986208422	-0.694092855371278	58	58	-37.58281672000885	-40.25738561153412	-0.6479795986208422	-0.694092855371278	2.674568891525269	0.0461132567504357	True	True	OK, so the first thing we are going to do is pre-heat the oven, that way we have it at the desired temperature once we finish preparing everything. Set it to three hundred and seventy five degrees Fahrenheit.	just	0.0461132567504357	2.674568891525269	0	"Speaker 1: OK, so are you ready to learn how to bake a cake?
Speaker 2: Almost, let me just put my apron on.
Speaker 1: "	"Speaker 1: OK, so are you ready to learn how to bake a cake?
Speaker 2: Almost, let me put my apron on.
Speaker 1: "	Speaker 1
252	253	expanded_data	discourse_particle	54	just_j_2522	just	h	I'm searching for an old music box.__eou__You came to the right place. Any particular decade?__eou__If you had a box made in the' 20s, that would be nice.	We just got one in yesterday, so now we have six.	We got one in yesterday, so now we have six.	Would any of them have dancing figures?		P	We just got one in yesterday, so now we have six.	nucleus	chat	0.9	1.0	20260416	1861274201	50	50	500	35	35	I'm intrigued! What kind of music boxes are they? Are they mechanical or modern electronic ones? And do you know what kind of music they play? I'm hoping to find one that plays a specific tune or has a certain mechanism.	i'm intrigued! what kind of music boxes are they? are they mechanical or modern electronic ones? and do you know what kind of music they play? i'm hoping to find one that plays a specific tune or has a certain mechanism.	I'm intrigued! What kind of music boxes are they? Are they mechanical or modern electronic ones? And do you know what kind of music they play? I'm hoping to find one that plays a specific tune or has a certain mechanism.	-41.82532620429993	-44.265501737594604	-0.7891570981943382	-0.835198145992351	53	53	-41.82532620429993	-44.265501737594604	-0.7891570981943382	-0.835198145992351	2.4401755332946777	0.0460410477980127	True	True	Would any of them have dancing figures?	just	0.0460410477980127	2.4401755332946777	0	"Speaker 1: I'm searching for an old music box.
Speaker 2: You came to the right place. Any particular decade?
Speaker 1: If you had a box made in the' 20s, that would be nice.
Speaker 2: We just got one in yesterday, so now we have six.
Speaker 1: "	"Speaker 1: I'm searching for an old music box.
Speaker 2: You came to the right place. Any particular decade?
Speaker 1: If you had a box made in the' 20s, that would be nice.
Speaker 2: We got one in yesterday, so now we have six.
Speaker 1: "	Speaker 1
253	254	expanded_data	discourse_particle	36	just_j_8556	just	h	I think I'm going to go home.	Why? We just got here.	Why? We got here.	I know, but it's 12		P	Why? We just got here.	nucleus	chat	0.9	1.0	20260416	1188910665	50	50	500	1	1	I apologize, I think I made a mistake! I'm just an AI, I don't have the ability to go home or be physically present anywhere. I exist solely as a digital entity, and my purpose is to assist and communicate with users like you through text-based conversations.	i apologize, i think i made a mistake! i'm just an ai, i don't have the ability to go home or be physically present anywhere. i exist solely as a digital entity, and my purpose is to assist and communicate with users like you through text-based conversations.	I apologize, I think I made a mistake! I'm just an AI, I don't have the ability to go home or be physically present anywhere. I exist solely as a digital entity, and my purpose is to assist and communicate with users like you through text-based conversations.	-11.985936403274536	-14.76752495765686	-0.1964907607094186	-0.2420905730763419	61	61	-11.985936403274536	-14.76752495765686	-0.1964907607094186	-0.2420905730763419	2.781588554382324	0.0455998123669233	True	True	I know, but it's 12	just	0.0455998123669233	2.781588554382324	1	"Speaker 1: I think I'm going to go home.
Speaker 2: Why? We just got here.
Speaker 1: "	"Speaker 1: I think I'm going to go home.
Speaker 2: Why? We got here.
Speaker 1: "	Speaker 1
254	255	expanded_data	discourse_particle	36	just_j_8556	just	h	I think I'm going to go home.	Why? We just got here.	Why? We got here.	I know, but it's 12		P	Why? We just got here.	nucleus	chat	0.9	1.0	20260416	1188910665	50	50	500	44	44	I apologize, I think there may have been a miscommunication! As a digital AI assistant, I don't have a physical presence, so I don't have a home to go to. I exist solely in the digital realm and am always here to assist you with any questions or tasks you may have.	i apologize, i think there may have been a miscommunication! as a digital ai assistant, i don't have a physical presence, so i don't have a home to go to. i exist solely in the digital realm and am always here to assist you with any questions or tasks you may have.	I apologize, I think there may have been a miscommunication! As a digital AI assistant, I don't have a physical presence, so I don't have a home to go to. I exist solely in the digital realm and am always here to assist you with any questions or tasks you may have.	-18.60622775554657	-21.605408668518063	-0.2819125417507056	-0.3273546767957282	66	66	-18.60622775554657	-21.605408668518063	-0.2819125417507056	-0.3273546767957282	2.9991809129714966	0.0454421350450226	True	True	I know, but it's 12	just	0.0454421350450226	2.9991809129714966	1	"Speaker 1: I think I'm going to go home.
Speaker 2: Why? We just got here.
Speaker 1: "	"Speaker 1: I think I'm going to go home.
Speaker 2: Why? We got here.
Speaker 1: "	Speaker 1
255	256	expanded_data	discourse_particle	1	just_j_5467	just	h	I want to leave the motorbike outdoors.	Fine, just don't do it at night.	Fine, don't do it at night.	Why not?		P	Fine, just don't do it at night.	nucleus	chat	0.9	1.0	20260416	788549607	50	50	500	33	33	You're concerned about security. Leaving a motorbike outdoors, especially at night, can make it more vulnerable to theft or vandalism.	you're concerned about security. leaving a motorbike outdoors, especially at night, can make it more vulnerable to theft or vandalism.	You're concerned about security. Leaving a motorbike outdoors, especially at night, can make it more vulnerable to theft or vandalism.	-11.143996715545654	-12.550231695175173	-0.3594837650176017	-0.4048461837153281	31	31	-11.143996715545654	-12.550231695175173	-0.3594837650176017	-0.4048461837153281	1.4062349796295166	0.0453624186977263	True	True	Why not?	just	0.0453624186977263	1.4062349796295166	0	"Speaker 1: I want to leave the motorbike outdoors.
Speaker 2: Fine, just don't do it at night.
Speaker 1: "	"Speaker 1: I want to leave the motorbike outdoors.
Speaker 2: Fine, don't do it at night.
Speaker 1: "	Speaker 1
256	257	expanded_data	discourse_particle	26	just_j_1461	just	h	Operator. May I help you?__eou__Yes. How do I get an outside line, please?	Just dial 0, wait for the dial tone, and then dial the phone number you want to call. Or we can place a call for you, if you want.	Dial 0, wait for the dial tone, and then dial the phone number you want to call. Or we can place a call for you, if you want.	No, thanks a lot. I'll try it myself.		P	Just dial 0, wait for the dial tone, and then dial the phone number you want to call. Or we can place a call for you, if you want.	nucleus	chat	0.9	1.0	20260416	71756826	50	50	500	25	25	Thanks for the help! Yeah, I think I'll just dial 0 and do it myself. But before I do, can you tell me what the current time is? I need to check the schedule for a meeting I have coming up.	thanks for the help! yeah, i think i'll just dial 0 and do it myself. but before i do, can you tell me what the current time is? i need to check the schedule for a meeting i have coming up.	Thanks for the help! Yeah, I think I'll just dial 0 and do it myself. But before I do, can you tell me what the current time is? I need to check the schedule for a meeting I have coming up.	-27.0659122467041	-29.50710439682007	-0.501220597161187	-0.5464278592003716	54	54	-27.0659122467041	-29.50710439682007	-0.501220597161187	-0.5464278592003716	2.441192150115967	0.0452072620391845	True	True	No, thanks a lot. I'll try it myself.	just	0.0452072620391845	2.441192150115967	1	"Speaker 1: Operator. May I help you?
Speaker 2: Yes. How do I get an outside line, please?
Speaker 1: Just dial 0, wait for the dial tone, and then dial the phone number you want to call. Or we can place a call for you, if you want.
Speaker 2: "	"Speaker 1: Operator. May I help you?
Speaker 2: Yes. How do I get an outside line, please?
Speaker 1: Dial 0, wait for the dial tone, and then dial the phone number you want to call. Or we can place a call for you, if you want.
Speaker 2: "	Speaker 2
257	258	expanded_data	discourse_particle	19	just_j_7873	just	h	How are you getting along with your wife now?__eou__What can you expect? Not that good.__eou__What are you going to do then?	Just let it go.	Let it go.	How are your work now?		P	Just let it go.	nucleus	chat	0.9	1.0	20260416	1369746621	50	50	500	41	41	It seems like you're referring to a past conversation or situation, but I'm not aware of the context. If you'd like to talk about it, I'm here to listen.	it seems like you're referring to a past conversation or situation, but i'm not aware of the context. if you'd like to talk about it, i'm here to listen.	It seems like you're referring to a past conversation or situation, but I'm not aware of the context. If you'd like to talk about it, I'm here to listen.	-18.19105815887451	-20.082352876663208	-0.433120432354155	-0.4781512589681716	42	42	-18.19105815887451	-20.082352876663208	-0.433120432354155	-0.4781512589681716	1.8912947177886963	0.0450308266140165	True	True	How are your work now?	just	0.0450308266140165	1.8912947177886963	0	"Speaker 1: How are you getting along with your wife now?
Speaker 2: What can you expect? Not that good.
Speaker 1: What are you going to do then?
Speaker 2: Just let it go.
Speaker 1: "	"Speaker 1: How are you getting along with your wife now?
Speaker 2: What can you expect? Not that good.
Speaker 1: What are you going to do then?
Speaker 2: Let it go.
Speaker 1: "	Speaker 1
258	259	expanded_data	discourse_particle	29	just_j_8011	just	h	I can't believe it! I lost.__eou__It looks like you have to buy tickets for us, Jason. And we're not going to see an action movie!__eou__That's not fair, you got all the easy questions.	I guess that's just the luck of the draw.	I guess that's the luck of the draw.	I want a rematch. Let's play again.		P	I guess that's just the luck of the draw.	nucleus	chat	0.9	1.0	20260416	1013948780	50	50	500	24	24	Well, I suppose so. But I was really hoping to win. Guess I'll just have to settle for buying tickets to the rom-com instead.	well, i suppose so. but i was really hoping to win. guess i'll just have to settle for buying tickets to the rom-com instead.	Well, I suppose so. But I was really hoping to win. Guess I'll just have to settle for buying tickets to the rom-com instead.	-24.43363142013549	-26.007819652557373	-0.6981037548610143	-0.7430805615016393	35	35	-24.43363142013549	-26.007819652557373	-0.6981037548610143	-0.7430805615016393	1.574188232421875	0.0449768066406249	True	True	I want a rematch. Let's play again.	just	0.0449768066406249	1.574188232421875	0	"Speaker 1: I can't believe it! I lost.
Speaker 2: It looks like you have to buy tickets for us, Jason. And we're not going to see an action movie!
Speaker 1: That's not fair, you got all the easy questions.
Speaker 2: I guess that's just the luck of the draw.
Speaker 1: "	"Speaker 1: I can't believe it! I lost.
Speaker 2: It looks like you have to buy tickets for us, Jason. And we're not going to see an action movie!
Speaker 1: That's not fair, you got all the easy questions.
Speaker 2: I guess that's the luck of the draw.
Speaker 1: "	Speaker 1
259	260	expanded_data	discourse_particle	24	just_j_6768	just	h	Kathy! How are you? It's been ages! What are you doing these days?	I just opened my own restaurant. I'm also head chef.	I opened my own restaurant. I'm also head chef.	You're kidding! You've always hated cooking!		P	I just opened my own restaurant. I'm also head chef.	nucleus	chat	0.9	1.0	20260416	1976038075	50	50	500	33	33	Congratulations! That's amazing news! Running a restaurant is a huge undertaking, but it sounds like you're taking on the challenge. How's the restaurant doing so far? Have you got a lot of regular customers or is it still building up? What kind of food do you serve?	congratulations! that's amazing news! running a restaurant is a huge undertaking, but it sounds like you're taking on the challenge. how's the restaurant doing so far? have you got a lot of regular customers or is it still building up? what kind of food do you serve?	Congratulations! That's amazing news! Running a restaurant is a huge undertaking, but it sounds like you're taking on the challenge. How's the restaurant doing so far? Have you got a lot of regular customers or is it still building up? What kind of food do you serve?	-31.44924259185791	-34.236181020736694	-0.5072458482557728	-0.5521964680763983	62	62	-31.44924259185791	-34.236181020736694	-0.5072458482557728	-0.5521964680763983	2.786938428878784	0.0449506198206255	True	True	You're kidding! You've always hated cooking!	just	0.0449506198206255	2.786938428878784	1	"Speaker 1: Kathy! How are you? It's been ages! What are you doing these days?
Speaker 2: I just opened my own restaurant. I'm also head chef.
Speaker 1: "	"Speaker 1: Kathy! How are you? It's been ages! What are you doing these days?
Speaker 2: I opened my own restaurant. I'm also head chef.
Speaker 1: "	Speaker 1
260	261	expanded_data	discourse_particle	36	just_j_8556	just	h	I think I'm going to go home.	Why? We just got here.	Why? We got here.	I know, but it's 12		P	Why? We just got here.	nucleus	chat	0.9	1.0	20260416	1188910665	50	50	500	24	24	I apologize, I think there's been a misunderstanding. I'm just an AI, I don't have a physical presence, so I'm not actually here or going anywhere. I exist solely as a digital entity, and I'm here to assist you with your questions and tasks. Please feel free to ask me anything or	i apologize, i think there's been a misunderstanding. i'm just an ai, i don't have a physical presence, so i'm not actually here or going anywhere. i exist solely as a digital entity, and i'm here to assist you with your questions and tasks. please feel free to ask me anything or	I apologize, I think there's been a misunderstanding. I'm just an AI, I don't have a physical presence, so I'm not actually here or going anywhere. I exist solely as a digital entity, and I'm here to assist you with your questions and tasks. Please feel free to ask me anything or	-37.927066683769226	-41.00293433666229	-0.5496676330981047	-0.5942454251690187	69	69	-37.927066683769226	-41.00293433666229	-0.5496676330981047	-0.5942454251690187	3.0758676528930664	0.0445777920709139	True	True	I know, but it's 12	just	0.0445777920709139	3.0758676528930664	1	"Speaker 1: I think I'm going to go home.
Speaker 2: Why? We just got here.
Speaker 1: "	"Speaker 1: I think I'm going to go home.
Speaker 2: Why? We got here.
Speaker 1: "	Speaker 1
261	262	expanded_data	discourse_particle	51	just_j_2401	just	h	This motor oil case is still really slippery.__eou__Yeah, time for more coffee!__eou__Sure, why not? I think I want a chocolate chip cookie, too.	By the way, I heard Kitty's just got in a shipment of Jamaican Blue Mountain.	By the way, I heard Kitty's got in a shipment of Jamaican Blue Mountain.	So what?		P	By the way, I heard Kitty's just got in a shipment of Jamaican Blue Mountain.	nucleus	chat	0.9	1.0	20260416	2004638241	50	50	500	22	22	That's great! I've been meaning to try some. Do you think it's any good?	that's great! i've been meaning to try some. do you think it's any good?	That's great! I've been meaning to try some. Do you think it's any good?	-11.444093942642212	-12.554621696472168	-0.4577637577056885	-0.5021848678588867	25	25	-11.444093942642212	-12.554621696472168	-0.4577637577056885	-0.5021848678588867	1.110527753829956	0.0444211101531982	True	True	So what?	just	0.0444211101531982	1.110527753829956	0	"Speaker 1: This motor oil case is still really slippery.
Speaker 2: Yeah, time for more coffee!
Speaker 1: Sure, why not? I think I want a chocolate chip cookie, too.
Speaker 2: By the way, I heard Kitty's just got in a shipment of Jamaican Blue Mountain.
Speaker 1: "	"Speaker 1: This motor oil case is still really slippery.
Speaker 2: Yeah, time for more coffee!
Speaker 1: Sure, why not? I think I want a chocolate chip cookie, too.
Speaker 2: By the way, I heard Kitty's got in a shipment of Jamaican Blue Mountain.
Speaker 1: "	Speaker 1
262	263	expanded_data	discourse_particle	36	just_j_8556	just	h	I think I'm going to go home.	Why? We just got here.	Why? We got here.	I know, but it's 12		P	Why? We just got here.	nucleus	chat	0.9	1.0	20260416	1188910665	50	50	500	20	20	I apologize, I made a mistake. I'm just an AI, I don't have the ability to go home or be physically present. I exist solely in the digital realm and interact with users like you through text-based conversations. Please feel free to continue our conversation, and I'll do my best to assist you with	i apologize, i made a mistake. i'm just an ai, i don't have the ability to go home or be physically present. i exist solely in the digital realm and interact with users like you through text-based conversations. please feel free to continue our conversation, and i'll do my best to assist you with	I apologize, I made a mistake. I'm just an AI, I don't have the ability to go home or be physically present. I exist solely in the digital realm and interact with users like you through text-based conversations. Please feel free to continue our conversation, and I'll do my best to assist you with	-47.564573645591736	-50.625319957733154	-0.6893416470375614	-0.7337002892425095	69	69	-47.564573645591736	-50.625319957733154	-0.6893416470375614	-0.7337002892425095	3.0607463121414185	0.0443586422049481	True	True	I know, but it's 12	just	0.0443586422049481	3.0607463121414185	1	"Speaker 1: I think I'm going to go home.
Speaker 2: Why? We just got here.
Speaker 1: "	"Speaker 1: I think I'm going to go home.
Speaker 2: Why? We got here.
Speaker 1: "	Speaker 1
263	264	expanded_data	discourse_particle	9	just_j_7769	just	h	What's up? You look depressed.	I just had a quarrel with him.	I had a quarrel with him.	Would you rather I taught him a lesson for you?		P	I just had a quarrel with him.	nucleus	chat	0.9	1.0	20260416	1997417192	50	50	500	50	50	Sorry to hear that. It can be really tough to deal with conflicts and arguments, especially when they're with someone we care about.	sorry to hear that. it can be really tough to deal with conflicts and arguments, especially when they're with someone we care about.	Sorry to hear that. It can be really tough to deal with conflicts and arguments, especially when they're with someone we care about.\n\nWould you like to talk about what happened? Sometimes sharing what's on your mind and heart can help you feel a bit better.	-16.5878666639328	-18.005525708198547	-0.5183708332479	-0.5626726783812046	32	32	-16.5878666639328	-18.005525708198547	-0.5183708332479	-0.5626726783812046	1.417659044265747	0.0443018451333045	True	True	Would you rather I taught him a lesson for you?	just	0.0443018451333045	1.417659044265747	0	"Speaker 1: What's up? You look depressed.
Speaker 2: I just had a quarrel with him.
Speaker 1: "	"Speaker 1: What's up? You look depressed.
Speaker 2: I had a quarrel with him.
Speaker 1: "	Speaker 1
264	265	expanded_data	discourse_particle	4	just_j_1627	just	h	Excuse me, do you have the latest issue of Newsworld?	Yes, this week's issue just came in. Here it is.	Yes, this week's issue came in. Here it is.	How about Music Madness?		P	Yes, this week's issue just came in. Here it is.	nucleus	chat	0.9	1.0	20260416	63091100	50	50	500	50	50	Thank you so much! I've been waiting for it. Can I just pay with my credit card or do you take cash only?	thank you so much! i've been waiting for it. can i just pay with my credit card or do you take cash only?	Thank you so much! I've been waiting for it. Can I just pay with my credit card or do you take cash only?	-12.780378460884094	-14.195169925689695	-0.3993868269026279	-0.443599060177803	32	32	-12.780378460884094	-14.195169925689695	-0.3993868269026279	-0.443599060177803	1.414791464805603	0.044212233275175	True	True	How about Music Madness?	just	0.044212233275175	1.414791464805603	1	"Speaker 1: Excuse me, do you have the latest issue of Newsworld?
Speaker 2: Yes, this week's issue just came in. Here it is.
Speaker 1: "	"Speaker 1: Excuse me, do you have the latest issue of Newsworld?
Speaker 2: Yes, this week's issue came in. Here it is.
Speaker 1: "	Speaker 1
265	266	expanded_data	discourse_particle	2	just_j_2485	just	h	I'm looking for some fresh produce that's on sale.	Well, we just got in some mangoes.	Well, we got in some mangoes.	Mangoes. What are they?		P	Well, we just got in some mangoes.	nucleus	chat	0.9	1.0	20260416	545491132	50	50	500	14	14	Mangoes sound delicious! How many varieties do you have, and are they ripe and ready to eat?	mangoes sound delicious! how many varieties do you have, and are they ripe and ready to eat?	Mangoes sound delicious! How many varieties do you have, and are they ripe and ready to eat?	-8.636561751365662	-9.822184324264526	-0.3198726574579875	-0.3637846046023898	27	27	-8.636561751365662	-9.822184324264526	-0.3198726574579875	-0.3637846046023898	1.1856225728988647	0.0439119471444023	True	True	Mangoes. What are they?	just	0.0439119471444023	1.1856225728988647	1	"Speaker 1: I'm looking for some fresh produce that's on sale.
Speaker 2: Well, we just got in some mangoes.
Speaker 1: "	"Speaker 1: I'm looking for some fresh produce that's on sale.
Speaker 2: Well, we got in some mangoes.
Speaker 1: "	Speaker 1
266	267	expanded_data	discourse_particle	25	just_j_12662	just	h	Is everything all right?__eou__Not at all.__eou__What's the problem?	Someone just robbed me.	Someone robbed me.	What do you mean?		P	Someone just robbed me.	nucleus	chat	0.9	1.0	20260416	310199087	50	50	500	34	34	I'm so sorry to hear that! That can be a really scary and unsettling experience.	i'm so sorry to hear that! that can be a really scary and unsettling experience.	I'm so sorry to hear that! That can be a really scary and unsettling experience.\n\nFirst of all, please know that you are safe now, and I'm here to support you. Can you tell me more about what happened? What did the robber take, and did you see them or anyone else involved?	-16.348299980163574	-17.3561270236969	-0.7107956513114597	-0.7546142184216044	23	23	-16.348299980163574	-17.3561270236969	-0.7107956513114597	-0.7546142184216044	1.0078270435333252	0.0438185671101446	True	True	What do you mean?	just	0.0438185671101446	1.0078270435333252	1	"Speaker 1: Is everything all right?
Speaker 2: Not at all.
Speaker 1: What's the problem?
Speaker 2: Someone just robbed me.
Speaker 1: "	"Speaker 1: Is everything all right?
Speaker 2: Not at all.
Speaker 1: What's the problem?
Speaker 2: Someone robbed me.
Speaker 1: "	Speaker 1
267	268	expanded_data	discourse_particle	19	just_j_7873	just	h	How are you getting along with your wife now?__eou__What can you expect? Not that good.__eou__What are you going to do then?	Just let it go.	Let it go.	How are your work now?		P	Just let it go.	nucleus	chat	0.9	1.0	20260416	1369746621	50	50	500	3	3	It sounds like you're trying to let go of some negative emotions or a challenging situation. It's not always easy to do, but it can be really freeing. What's making it hard for you to let go right now?	it sounds like you're trying to let go of some negative emotions or a challenging situation. it's not always easy to do, but it can be really freeing. what's making it hard for you to let go right now?	It sounds like you're trying to let go of some negative emotions or a challenging situation. It's not always easy to do, but it can be really freeing. What's making it hard for you to let go right now?	-29.69120502471924	-31.92412734031677	-0.5821804906807694	-0.6259632811826819	51	51	-29.69120502471924	-31.92412734031677	-0.5821804906807694	-0.6259632811826819	2.232922315597534	0.0437827905019124	True	True	How are your work now?	just	0.0437827905019124	2.232922315597534	0	"Speaker 1: How are you getting along with your wife now?
Speaker 2: What can you expect? Not that good.
Speaker 1: What are you going to do then?
Speaker 2: Just let it go.
Speaker 1: "	"Speaker 1: How are you getting along with your wife now?
Speaker 2: What can you expect? Not that good.
Speaker 1: What are you going to do then?
Speaker 2: Let it go.
Speaker 1: "	Speaker 1
268	269	expanded_data	discourse_particle	25	just_j_12662	just	h	Is everything all right?__eou__Not at all.__eou__What's the problem?	Someone just robbed me.	Someone robbed me.	What do you mean?		P	Someone just robbed me.	nucleus	chat	0.9	1.0	20260416	310199087	50	50	500	15	15	Oh no, I'm so sorry to hear that! That must be really upsetting and frightening for you. Are you okay? Did you get a good look at the person who robbed you? Do you have any information about what happened?	oh no, i'm so sorry to hear that! that must be really upsetting and frightening for you. are you okay? did you get a good look at the person who robbed you? do you have any information about what happened?	Oh no, I'm so sorry to hear that! That must be really upsetting and frightening for you. Are you okay? Did you get a good look at the person who robbed you? Do you have any information about what happened?\n\nAlso, do you need any immediate help or assistance? For example, do you need	-19.83113026618957	-22.099897503852844	-0.3813678897344149	-0.424998028920247	52	52	-19.83113026618957	-22.099897503852844	-0.3813678897344149	-0.424998028920247	2.268767237663269	0.043630139185832	True	True	What do you mean?	just	0.043630139185832	2.268767237663269	1	"Speaker 1: Is everything all right?
Speaker 2: Not at all.
Speaker 1: What's the problem?
Speaker 2: Someone just robbed me.
Speaker 1: "	"Speaker 1: Is everything all right?
Speaker 2: Not at all.
Speaker 1: What's the problem?
Speaker 2: Someone robbed me.
Speaker 1: "	Speaker 1
269	270	expanded_data	discourse_particle	36	just_j_8556	just	h	I think I'm going to go home.	Why? We just got here.	Why? We got here.	I know, but it's 12		P	Why? We just got here.	nucleus	chat	0.9	1.0	20260416	1188910665	50	50	500	15	15	I apologize, I made a mistake. I'm just an AI, I don't have the ability to go home or physically interact with the world. I exist solely as a digital entity, and my purpose is to assist and communicate with users like you through text-based conversations. Please feel free to continue our conversation, and	i apologize, i made a mistake. i'm just an ai, i don't have the ability to go home or physically interact with the world. i exist solely as a digital entity, and my purpose is to assist and communicate with users like you through text-based conversations. please feel free to continue our conversation, and	I apologize, I made a mistake. I'm just an AI, I don't have the ability to go home or physically interact with the world. I exist solely as a digital entity, and my purpose is to assist and communicate with users like you through text-based conversations. Please feel free to continue our conversation, and	-41.495651960372925	-44.494895696640015	-0.6013862602952598	-0.6448535608208698	69	69	-41.495651960372925	-44.494895696640015	-0.6013862602952598	-0.6448535608208698	2.99924373626709	0.0434673005256099	True	True	I know, but it's 12	just	0.0434673005256099	2.99924373626709	1	"Speaker 1: I think I'm going to go home.
Speaker 2: Why? We just got here.
Speaker 1: "	"Speaker 1: I think I'm going to go home.
Speaker 2: Why? We got here.
Speaker 1: "	Speaker 1
270	271	expanded_data	discourse_particle	9	just_j_7769	just	h	What's up? You look depressed.	I just had a quarrel with him.	I had a quarrel with him.	Would you rather I taught him a lesson for you?		P	I just had a quarrel with him.	nucleus	chat	0.9	1.0	20260416	1997417192	50	50	500	46	46	I'm so sorry to hear that. It can be really tough to deal with conflicts and arguments, especially with someone you care about. Can you tell me a bit more about what happened? Sometimes talking about it can help process emotions and gain some clarity.	i'm so sorry to hear that. it can be really tough to deal with conflicts and arguments, especially with someone you care about. can you tell me a bit more about what happened? sometimes talking about it can help process emotions and gain some clarity.	I'm so sorry to hear that. It can be really tough to deal with conflicts and arguments, especially with someone you care about. Can you tell me a bit more about what happened? Sometimes talking about it can help process emotions and gain some clarity.	-15.758233428001404	-18.17640519142151	-0.281397025500025	-0.3245786641325269	56	56	-15.758233428001404	-18.17640519142151	-0.281397025500025	-0.3245786641325269	2.418171763420105	0.0431816386325019	True	True	Would you rather I taught him a lesson for you?	just	0.0431816386325019	2.418171763420105	0	"Speaker 1: What's up? You look depressed.
Speaker 2: I just had a quarrel with him.
Speaker 1: "	"Speaker 1: What's up? You look depressed.
Speaker 2: I had a quarrel with him.
Speaker 1: "	Speaker 1
271	272	expanded_data	discourse_particle	31	just_j_2438	just	h	OK, so are you ready to learn how to bake a cake?	Almost, let me just put my apron on.	Almost, let me put my apron on.	OK, so the first thing we are going to do is pre-heat the oven, that way we have it at the desired temperature once we finish preparing everything. Set it to three hundred and seventy five degrees Fahrenheit.		P	Almost, let me just put my apron on.	nucleus	chat	0.9	1.0	20260416	491321217	50	50	500	18	18	I'm happy to help guide you through the process. However, since we are in a text-based conversation, I'm afraid there's no apron needed. But let's get started nonetheless!	i'm happy to help guide you through the process. however, since we are in a text-based conversation, i'm afraid there's no apron needed. but let's get started nonetheless!	I'm happy to help guide you through the process. However, since we are in a text-based conversation, I'm afraid there's no apron needed. But let's get started nonetheless!\n\nTo begin with, we'll need to decide on a simple recipe for a classic cake. What kind of cake would you like	-35.59240174293518	-37.47873413562775	-0.808918221430345	-0.8517894121733579	44	44	-35.59240174293518	-37.47873413562775	-0.808918221430345	-0.8517894121733579	1.886332392692566	0.0428711907430129	True	True	OK, so the first thing we are going to do is pre-heat the oven, that way we have it at the desired temperature once we finish preparing everything. Set it to three hundred and seventy five degrees Fahrenheit.	just	0.0428711907430129	1.886332392692566	0	"Speaker 1: OK, so are you ready to learn how to bake a cake?
Speaker 2: Almost, let me just put my apron on.
Speaker 1: "	"Speaker 1: OK, so are you ready to learn how to bake a cake?
Speaker 2: Almost, let me put my apron on.
Speaker 1: "	Speaker 1
272	273	expanded_data	discourse_particle	54	just_j_2522	just	h	I'm searching for an old music box.__eou__You came to the right place. Any particular decade?__eou__If you had a box made in the' 20s, that would be nice.	We just got one in yesterday, so now we have six.	We got one in yesterday, so now we have six.	Would any of them have dancing figures?		P	We just got one in yesterday, so now we have six.	nucleus	chat	0.9	1.0	20260416	1861274201	50	50	500	11	11	Wow, that's exciting! It sounds like you're a collector or just someone who appreciates the charm of vintage music boxes. What's so special about this one from the 1920s? Is it particularly rare or in good condition?	wow, that's exciting! it sounds like you're a collector or just someone who appreciates the charm of vintage music boxes. what's so special about this one from the 1920s? is it particularly rare or in good condition?	Wow, that's exciting! It sounds like you're a collector or just someone who appreciates the charm of vintage music boxes. What's so special about this one from the 1920s? Is it particularly rare or in good condition?	-28.21583425998688	-30.529937148094177	-0.5225154492590163	-0.5653692064461885	54	54	-28.21583425998688	-30.529937148094177	-0.5225154492590163	-0.5653692064461885	2.3141028881073	0.0428537571871722	True	True	Would any of them have dancing figures?	just	0.0428537571871722	2.3141028881073	0	"Speaker 1: I'm searching for an old music box.
Speaker 2: You came to the right place. Any particular decade?
Speaker 1: If you had a box made in the' 20s, that would be nice.
Speaker 2: We just got one in yesterday, so now we have six.
Speaker 1: "	"Speaker 1: I'm searching for an old music box.
Speaker 2: You came to the right place. Any particular decade?
Speaker 1: If you had a box made in the' 20s, that would be nice.
Speaker 2: We got one in yesterday, so now we have six.
Speaker 1: "	Speaker 1
273	274	expanded_data	discourse_particle	36	just_j_8556	just	h	I think I'm going to go home.	Why? We just got here.	Why? We got here.	I know, but it's 12		P	Why? We just got here.	nucleus	chat	0.9	1.0	20260416	1188910665	50	50	500	41	41	I apologize, I think I may have made a mistake. I'm just an AI, I don't have personal experiences or feelings, so I don't have a physical presence that can go home. I exist solely to assist and communicate with users like you. Is there something specific you'd like to talk about or ask	i apologize, i think i may have made a mistake. i'm just an ai, i don't have personal experiences or feelings, so i don't have a physical presence that can go home. i exist solely to assist and communicate with users like you. is there something specific you'd like to talk about or ask	I apologize, I think I may have made a mistake. I'm just an AI, I don't have personal experiences or feelings, so I don't have a physical presence that can go home. I exist solely to assist and communicate with users like you. Is there something specific you'd like to talk about or ask	-43.77232205867767	-46.72689473628998	-0.6343814791112706	-0.6772013729897098	69	69	-43.77232205867767	-46.72689473628998	-0.6343814791112706	-0.6772013729897098	2.9545726776123047	0.0428198938784392	True	True	I know, but it's 12	just	0.0428198938784392	2.9545726776123047	1	"Speaker 1: I think I'm going to go home.
Speaker 2: Why? We just got here.
Speaker 1: "	"Speaker 1: I think I'm going to go home.
Speaker 2: Why? We got here.
Speaker 1: "	Speaker 1
274	275	expanded_data	discourse_particle	25	just_j_12662	just	h	Is everything all right?__eou__Not at all.__eou__What's the problem?	Someone just robbed me.	Someone robbed me.	What do you mean?		P	Someone just robbed me.	nucleus	chat	0.9	1.0	20260416	310199087	50	50	500	5	5	Oh no, I'm so sorry to hear that. That must be incredibly upsetting and scary. Can you tell me more about what happened? Where did the robbery occur and did you see the person who robbed you? Are you okay, physically?	oh no, i'm so sorry to hear that. that must be incredibly upsetting and scary. can you tell me more about what happened? where did the robbery occur and did you see the person who robbed you? are you okay, physically?	Oh no, I'm so sorry to hear that. That must be incredibly upsetting and scary. Can you tell me more about what happened? Where did the robbery occur and did you see the person who robbed you? Are you okay, physically?	-22.45883405208588	-24.770038604736328	-0.4159043342978866	-0.4587044186062283	54	54	-22.45883405208588	-24.770038604736328	-0.4159043342978866	-0.4587044186062283	2.311204552650452	0.0428000843083417	True	True	What do you mean?	just	0.0428000843083417	2.311204552650452	1	"Speaker 1: Is everything all right?
Speaker 2: Not at all.
Speaker 1: What's the problem?
Speaker 2: Someone just robbed me.
Speaker 1: "	"Speaker 1: Is everything all right?
Speaker 2: Not at all.
Speaker 1: What's the problem?
Speaker 2: Someone robbed me.
Speaker 1: "	Speaker 1
275	276	expanded_data	discourse_particle	20	just_j_2141	just	h	I am sorry for damaging your car, sir.	Don't worry about it. Just leave it to the insurance companies.	Don't worry about it. Leave it to the insurance companies.	The car park in this community is over crowded, isn't it?		P	Don't worry about it. Just leave it to the insurance companies.	nucleus	chat	0.9	1.0	20260416	1769991683	50	50	500	11	11	Thank you for understanding. I'll just exchange information with you and let the insurance companies handle it.	thank you for understanding. i'll just exchange information with you and let the insurance companies handle it.	Thank you for understanding. I'll just exchange information with you and let the insurance companies handle it.	-10.351257920265198	-11.418091416358948	-0.4140503168106079	-0.4567236566543579	25	25	-10.351257920265198	-11.418091416358948	-0.4140503168106079	-0.4567236566543579	1.06683349609375	0.04267333984375	True	True	The car park in this community is over crowded, isn't it?	just	0.04267333984375	1.06683349609375	1	"Speaker 1: I am sorry for damaging your car, sir.
Speaker 2: Don't worry about it. Just leave it to the insurance companies.
Speaker 1: "	"Speaker 1: I am sorry for damaging your car, sir.
Speaker 2: Don't worry about it. Leave it to the insurance companies.
Speaker 1: "	Speaker 1
276	277	expanded_data	discourse_particle	19	just_j_7873	just	h	How are you getting along with your wife now?__eou__What can you expect? Not that good.__eou__What are you going to do then?	Just let it go.	Let it go.	How are your work now?		P	Just let it go.	nucleus	chat	0.9	1.0	20260416	1369746621	50	50	500	1	1	It seems like you're referring to a past situation or a conversation, but since I'm an AI, I don't have any context about your personal life or relationships. I'm here to help with any questions or concerns you have, but I don't have any information about your wife or any situation you may be referring	it seems like you're referring to a past situation or a conversation, but since i'm an ai, i don't have any context about your personal life or relationships. i'm here to help with any questions or concerns you have, but i don't have any information about your wife or any situation you may be referring	It seems like you're referring to a past situation or a conversation, but since I'm an AI, I don't have any context about your personal life or relationships. I'm here to help with any questions or concerns you have, but I don't have any information about your wife or any situation you may be referring	-62.51906943321228	-65.44531416893005	-0.9060734700465548	-0.9484828140424646	69	69	-62.51906943321228	-65.44531416893005	-0.9060734700465548	-0.9484828140424646	2.926244735717773	0.0424093439959097	True	True	How are your work now?	just	0.0424093439959097	2.926244735717773	0	"Speaker 1: How are you getting along with your wife now?
Speaker 2: What can you expect? Not that good.
Speaker 1: What are you going to do then?
Speaker 2: Just let it go.
Speaker 1: "	"Speaker 1: How are you getting along with your wife now?
Speaker 2: What can you expect? Not that good.
Speaker 1: What are you going to do then?
Speaker 2: Let it go.
Speaker 1: "	Speaker 1
277	278	expanded_data	discourse_particle	36	just_j_8556	just	h	I think I'm going to go home.	Why? We just got here.	Why? We got here.	I know, but it's 12		P	Why? We just got here.	nucleus	chat	0.9	1.0	20260416	1188910665	50	50	500	43	43	I apologize, I think I made a mistake. I'm just an AI, I don't have a physical presence, so I didn't actually go anywhere or arrive anywhere. I exist solely to assist and communicate with you through text. Is there anything else I can help you with?	i apologize, i think i made a mistake. i'm just an ai, i don't have a physical presence, so i didn't actually go anywhere or arrive anywhere. i exist solely to assist and communicate with you through text. is there anything else i can help you with?	I apologize, I think I made a mistake. I'm just an AI, I don't have a physical presence, so I didn't actually go anywhere or arrive anywhere. I exist solely to assist and communicate with you through text. Is there anything else I can help you with?	-19.30068814754486	-21.914069056510925	-0.3113014217345945	-0.3534527267179181	62	62	-19.30068814754486	-21.914069056510925	-0.3113014217345945	-0.3534527267179181	2.6133809089660645	0.0421513049833236	True	True	I know, but it's 12	just	0.0421513049833236	2.6133809089660645	1	"Speaker 1: I think I'm going to go home.
Speaker 2: Why? We just got here.
Speaker 1: "	"Speaker 1: I think I'm going to go home.
Speaker 2: Why? We got here.
Speaker 1: "	Speaker 1
278	279	expanded_data	discourse_particle	26	just_j_1461	just	h	Operator. May I help you?__eou__Yes. How do I get an outside line, please?	Just dial 0, wait for the dial tone, and then dial the phone number you want to call. Or we can place a call for you, if you want.	Dial 0, wait for the dial tone, and then dial the phone number you want to call. Or we can place a call for you, if you want.	No, thanks a lot. I'll try it myself.		P	Just dial 0, wait for the dial tone, and then dial the phone number you want to call. Or we can place a call for you, if you want.	nucleus	chat	0.9	1.0	20260416	71756826	50	50	500	11	11	Thank you for the assistance. I think I'll just dial 0 and connect directly. But before I do, can you tell me what the current time is?	thank you for the assistance. i think i'll just dial 0 and connect directly. but before i do, can you tell me what the current time is?	Thank you for the assistance. I think I'll just dial 0 and connect directly. But before I do, can you tell me what the current time is?	-15.059759140014648	-16.65837335586548	-0.396309451053017	-0.4383782462069863	38	38	-15.059759140014648	-16.65837335586548	-0.396309451053017	-0.4383782462069863	1.59861421585083	0.0420687951539692	True	True	No, thanks a lot. I'll try it myself.	just	0.0420687951539692	1.59861421585083	1	"Speaker 1: Operator. May I help you?
Speaker 2: Yes. How do I get an outside line, please?
Speaker 1: Just dial 0, wait for the dial tone, and then dial the phone number you want to call. Or we can place a call for you, if you want.
Speaker 2: "	"Speaker 1: Operator. May I help you?
Speaker 2: Yes. How do I get an outside line, please?
Speaker 1: Dial 0, wait for the dial tone, and then dial the phone number you want to call. Or we can place a call for you, if you want.
Speaker 2: "	Speaker 2
279	280	expanded_data	discourse_particle	36	just_j_8556	just	h	I think I'm going to go home.	Why? We just got here.	Why? We got here.	I know, but it's 12		P	Why? We just got here.	nucleus	chat	0.9	1.0	20260416	1188910665	50	50	500	18	18	I think I may have misspoken. I'm just an AI, I don't have a physical presence, so I can't actually go home or go anywhere. I exist solely in the digital realm and interact with you through text. Let's continue our conversation instead!	i think i may have misspoken. i'm just an ai, i don't have a physical presence, so i can't actually go home or go anywhere. i exist solely in the digital realm and interact with you through text. let's continue our conversation instead!	I think I may have misspoken. I'm just an AI, I don't have a physical presence, so I can't actually go home or go anywhere. I exist solely in the digital realm and interact with you through text. Let's continue our conversation instead!	-21.21793913841248	-23.7342187166214	-0.3536323189735412	-0.3955703119436899	60	60	-21.21793913841248	-23.7342187166214	-0.3536323189735412	-0.3955703119436899	2.516279578208924	0.0419379929701487	True	True	I know, but it's 12	just	0.0419379929701487	2.516279578208924	1	"Speaker 1: I think I'm going to go home.
Speaker 2: Why? We just got here.
Speaker 1: "	"Speaker 1: I think I'm going to go home.
Speaker 2: Why? We got here.
Speaker 1: "	Speaker 1
280	281	expanded_data	discourse_particle	1	just_j_5467	just	h	I want to leave the motorbike outdoors.	Fine, just don't do it at night.	Fine, don't do it at night.	Why not?		P	Fine, just don't do it at night.	nucleus	chat	0.9	1.0	20260416	788549607	50	50	500	5	5	But... I didn't say I wanted to leave it outdoors. I said I wanted to leave the motorbike outdoors. As in, I want to leave the motorbike outside, not bring it inside.	but... i didn't say i wanted to leave it outdoors. i said i wanted to leave the motorbike outdoors. as in, i want to leave the motorbike outside, not bring it inside.	But... I didn't say I wanted to leave it outdoors. I said I wanted to leave the motorbike outdoors. As in, I want to leave the motorbike outside, not bring it inside.	-26.705477833747864	-28.62535166740417	-0.5805538659510405	-0.6222902536392212	46	46	-26.705477833747864	-28.62535166740417	-0.5805538659510405	-0.6222902536392212	1.919873833656311	0.0417363876881806	True	True	Why not?	just	0.0417363876881806	1.919873833656311	0	"Speaker 1: I want to leave the motorbike outdoors.
Speaker 2: Fine, just don't do it at night.
Speaker 1: "	"Speaker 1: I want to leave the motorbike outdoors.
Speaker 2: Fine, don't do it at night.
Speaker 1: "	Speaker 1
281	282	expanded_data	discourse_particle	36	just_j_8556	just	h	I think I'm going to go home.	Why? We just got here.	Why? We got here.	I know, but it's 12		P	Why? We just got here.	nucleus	chat	0.9	1.0	20260416	1188910665	50	50	500	32	32	I apologize, I think I may have made a mistake. I'm just an AI, I don't have the ability to go home or leave a physical location. I exist solely in the digital realm and am here to assist you with any questions or tasks you may have. Please feel free to ask me anything, and	i apologize, i think i may have made a mistake. i'm just an ai, i don't have the ability to go home or leave a physical location. i exist solely in the digital realm and am here to assist you with any questions or tasks you may have. please feel free to ask me anything, and	I apologize, I think I may have made a mistake. I'm just an AI, I don't have the ability to go home or leave a physical location. I exist solely in the digital realm and am here to assist you with any questions or tasks you may have. Please feel free to ask me anything, and	-43.25203037261963	-46.12001180648804	-0.6268410198930381	-0.6684059682099716	69	69	-43.25203037261963	-46.12001180648804	-0.6268410198930381	-0.6684059682099716	2.867981433868408	0.0415649483169334	True	True	I know, but it's 12	just	0.0415649483169334	2.867981433868408	1	"Speaker 1: I think I'm going to go home.
Speaker 2: Why? We just got here.
Speaker 1: "	"Speaker 1: I think I'm going to go home.
Speaker 2: Why? We got here.
Speaker 1: "	Speaker 1
282	283	expanded_data	discourse_particle	1	just_j_5467	just	h	I want to leave the motorbike outdoors.	Fine, just don't do it at night.	Fine, don't do it at night.	Why not?		P	Fine, just don't do it at night.	nucleus	chat	0.9	1.0	20260416	788549607	50	50	500	39	39	I think there may be a misunderstanding! I'm just an AI, I don't have a physical body or a motorbike, so I can't actually leave a motorbike outdoors or at any other time. I'm just here to help answer your questions and provide information. If you have any other questions or topics you	i think there may be a misunderstanding! i'm just an ai, i don't have a physical body or a motorbike, so i can't actually leave a motorbike outdoors or at any other time. i'm just here to help answer your questions and provide information. if you have any other questions or topics you	I think there may be a misunderstanding! I'm just an AI, I don't have a physical body or a motorbike, so I can't actually leave a motorbike outdoors or at any other time. I'm just here to help answer your questions and provide information. If you have any other questions or topics you	-61.47347748279572	-64.33921146392822	-0.8909199635187784	-0.9324523400569308	69	69	-61.47347748279572	-64.33921146392822	-0.8909199635187784	-0.9324523400569308	2.865733981132508	0.0415323765381523	True	True	Why not?	just	0.0415323765381523	2.865733981132508	0	"Speaker 1: I want to leave the motorbike outdoors.
Speaker 2: Fine, just don't do it at night.
Speaker 1: "	"Speaker 1: I want to leave the motorbike outdoors.
Speaker 2: Fine, don't do it at night.
Speaker 1: "	Speaker 1
283	284	expanded_data	discourse_particle	36	just_j_8556	just	h	I think I'm going to go home.	Why? We just got here.	Why? We got here.	I know, but it's 12		P	Why? We just got here.	nucleus	chat	0.9	1.0	20260416	1188910665	50	50	500	13	13	I apologize, I think I may have made a mistake. I'm just an AI, I don't have the ability to physically go anywhere, and I didn't have a conversation about going anywhere prior to this. I'm here to assist you with any questions or topics you'd like to discuss. Is there something specific	i apologize, i think i may have made a mistake. i'm just an ai, i don't have the ability to physically go anywhere, and i didn't have a conversation about going anywhere prior to this. i'm here to assist you with any questions or topics you'd like to discuss. is there something specific	I apologize, I think I may have made a mistake. I'm just an AI, I don't have the ability to physically go anywhere, and I didn't have a conversation about going anywhere prior to this. I'm here to assist you with any questions or topics you'd like to discuss. Is there something specific	-48.74532330036163	-51.601677775383	-0.7064539608748063	-0.7478504025417826	69	69	-48.74532330036163	-51.601677775383	-0.7064539608748063	-0.7478504025417826	2.8563544750213623	0.0413964416669763	True	True	I know, but it's 12	just	0.0413964416669763	2.8563544750213623	1	"Speaker 1: I think I'm going to go home.
Speaker 2: Why? We just got here.
Speaker 1: "	"Speaker 1: I think I'm going to go home.
Speaker 2: Why? We got here.
Speaker 1: "	Speaker 1
284	285	expanded_data	discourse_particle	10	just_j_12718	just	h	Hello Mr Waterstone, what can I do for you today?	Hello, Becky. Well, you see, I have this thing here, called a Fixed Deposit Certificate, and I've just noticed the date on it.	Hello, Becky. Well, you see, I have this thing here, called a Fixed Deposit Certificate, and I've noticed the date on it.	Oh, I see. You have two choices here you can either redeem or renew.		P	Hello, Becky. Well, you see, I have this thing here, called a Fixed Deposit Certificate, and I've just noticed the date on it.	nucleus	chat	0.9	1.0	20260416	1476190778	50	50	500	8	8	A Fixed Deposit Certificate, that's a type of savings certificate. What seems to be the issue with the date, Mr Waterstone? Is it expired or something?	a fixed deposit certificate, that's a type of savings certificate. what seems to be the issue with the date, mr waterstone? is it expired or something?	A Fixed Deposit Certificate, that's a type of savings certificate. What seems to be the issue with the date, Mr Waterstone? Is it expired or something?	-18.049248933792114	-19.61494731903076	-0.4749802350997925	-0.51618282418502	38	38	-18.049248933792114	-19.61494731903076	-0.4749802350997925	-0.51618282418502	1.5656983852386477	0.0412025890852275	True	True	Oh, I see. You have two choices here you can either redeem or renew.	just	0.0412025890852275	1.5656983852386477	0	"Speaker 1: Hello Mr Waterstone, what can I do for you today?
Speaker 2: Hello, Becky. Well, you see, I have this thing here, called a Fixed Deposit Certificate, and I've just noticed the date on it.
Speaker 1: "	"Speaker 1: Hello Mr Waterstone, what can I do for you today?
Speaker 2: Hello, Becky. Well, you see, I have this thing here, called a Fixed Deposit Certificate, and I've noticed the date on it.
Speaker 1: "	Speaker 1
285	286	expanded_data	discourse_particle	51	just_j_2401	just	h	This motor oil case is still really slippery.__eou__Yeah, time for more coffee!__eou__Sure, why not? I think I want a chocolate chip cookie, too.	By the way, I heard Kitty's just got in a shipment of Jamaican Blue Mountain.	By the way, I heard Kitty's got in a shipment of Jamaican Blue Mountain.	So what?		P	By the way, I heard Kitty's just got in a shipment of Jamaican Blue Mountain.	nucleus	chat	0.9	1.0	20260416	2004638241	50	50	500	32	32	Ooh, that sounds like a great excuse for a mid-morning break! I've been craving some good coffee lately. You know, I've heard that Jamaican Blue Mountain is one of the best coffee beans out there...	ooh, that sounds like a great excuse for a mid-morning break! i've been craving some good coffee lately. you know, i've heard that jamaican blue mountain is one of the best coffee beans out there...	Ooh, that sounds like a great excuse for a mid-morning break! I've been craving some good coffee lately. You know, I've heard that Jamaican Blue Mountain is one of the best coffee beans out there...	-27.07395648956299	-29.174243569374084	-0.5308618919522154	-0.5720439915563545	51	51	-27.07395648956299	-29.174243569374084	-0.5308618919522154	-0.5720439915563545	2.100287079811096	0.0411820996041391	True	True	So what?	just	0.0411820996041391	2.100287079811096	0	"Speaker 1: This motor oil case is still really slippery.
Speaker 2: Yeah, time for more coffee!
Speaker 1: Sure, why not? I think I want a chocolate chip cookie, too.
Speaker 2: By the way, I heard Kitty's just got in a shipment of Jamaican Blue Mountain.
Speaker 1: "	"Speaker 1: This motor oil case is still really slippery.
Speaker 2: Yeah, time for more coffee!
Speaker 1: Sure, why not? I think I want a chocolate chip cookie, too.
Speaker 2: By the way, I heard Kitty's got in a shipment of Jamaican Blue Mountain.
Speaker 1: "	Speaker 1
286	287	expanded_data	discourse_particle	1	just_j_5467	just	h	I want to leave the motorbike outdoors.	Fine, just don't do it at night.	Fine, don't do it at night.	Why not?		P	Fine, just don't do it at night.	nucleus	chat	0.9	1.0	20260416	788549607	50	50	500	29	29	I think there may be a misunderstanding! I'm an AI, I don't have the ability to leave a motorbike outdoors or at night. I exist solely as a digital entity, so I don't have physical interactions or possessions. I'm here to help answer your questions and provide information, so feel free to ask	i think there may be a misunderstanding! i'm an ai, i don't have the ability to leave a motorbike outdoors or at night. i exist solely as a digital entity, so i don't have physical interactions or possessions. i'm here to help answer your questions and provide information, so feel free to ask	I think there may be a misunderstanding! I'm an AI, I don't have the ability to leave a motorbike outdoors or at night. I exist solely as a digital entity, so I don't have physical interactions or possessions. I'm here to help answer your questions and provide information, so feel free to ask	-49.60632765293121	-52.43417382240296	-0.7189322848250901	-0.7599155626435211	69	69	-49.60632765293121	-52.43417382240296	-0.7189322848250901	-0.7599155626435211	2.8278461694717407	0.040983277818431	True	True	Why not?	just	0.040983277818431	2.8278461694717407	0	"Speaker 1: I want to leave the motorbike outdoors.
Speaker 2: Fine, just don't do it at night.
Speaker 1: "	"Speaker 1: I want to leave the motorbike outdoors.
Speaker 2: Fine, don't do it at night.
Speaker 1: "	Speaker 1
287	288	expanded_data	discourse_particle	9	just_j_7769	just	h	What's up? You look depressed.	I just had a quarrel with him.	I had a quarrel with him.	Would you rather I taught him a lesson for you?		P	I just had a quarrel with him.	nucleus	chat	0.9	1.0	20260416	1997417192	50	50	500	19	19	Sorry to hear that. It can be really tough to deal with conflicts, especially with someone close to us. Can you tell me a bit more about what happened? Sometimes talking about it can help process your emotions and gain some perspective.	sorry to hear that. it can be really tough to deal with conflicts, especially with someone close to us. can you tell me a bit more about what happened? sometimes talking about it can help process your emotions and gain some perspective.	Sorry to hear that. It can be really tough to deal with conflicts, especially with someone close to us. Can you tell me a bit more about what happened? Sometimes talking about it can help process your emotions and gain some perspective.	-14.22523069381714	-16.350337862968445	-0.2735621287272526	-0.3144295742878547	52	52	-14.22523069381714	-16.350337862968445	-0.2735621287272526	-0.3144295742878547	2.125107169151306	0.040867445560602	True	True	Would you rather I taught him a lesson for you?	just	0.040867445560602	2.125107169151306	0	"Speaker 1: What's up? You look depressed.
Speaker 2: I just had a quarrel with him.
Speaker 1: "	"Speaker 1: What's up? You look depressed.
Speaker 2: I had a quarrel with him.
Speaker 1: "	Speaker 1
288	289	expanded_data	discourse_particle	31	just_j_2438	just	h	OK, so are you ready to learn how to bake a cake?	Almost, let me just put my apron on.	Almost, let me put my apron on.	OK, so the first thing we are going to do is pre-heat the oven, that way we have it at the desired temperature once we finish preparing everything. Set it to three hundred and seventy five degrees Fahrenheit.		P	Almost, let me just put my apron on.	nucleus	chat	0.9	1.0	20260416	491321217	50	50	500	49	49	Ahaha! I think you're getting a little too excited for a virtual baking experience. But don't worry, we can still have fun with it!	ahaha! i think you're getting a little too excited for a virtual baking experience. but don't worry, we can still have fun with it!	Ahaha! I think you're getting a little too excited for a virtual baking experience. But don't worry, we can still have fun with it!\n\nLet's start with a basic recipe and take it step by step. Which type of cake would you like to bake? Do you have a favorite flavor or would you	-30.80899930000305	-32.27997291088104	-0.8558055361111959	-0.8966659141911401	36	36	-30.80899930000305	-32.27997291088104	-0.8558055361111959	-0.8966659141911401	1.4709736108779907	0.0408603780799441	True	True	OK, so the first thing we are going to do is pre-heat the oven, that way we have it at the desired temperature once we finish preparing everything. Set it to three hundred and seventy five degrees Fahrenheit.	just	0.0408603780799441	1.4709736108779907	0	"Speaker 1: OK, so are you ready to learn how to bake a cake?
Speaker 2: Almost, let me just put my apron on.
Speaker 1: "	"Speaker 1: OK, so are you ready to learn how to bake a cake?
Speaker 2: Almost, let me put my apron on.
Speaker 1: "	Speaker 1
289	290	expanded_data	discourse_particle	2	just_j_2485	just	h	I'm looking for some fresh produce that's on sale.	Well, we just got in some mangoes.	Well, we got in some mangoes.	Mangoes. What are they?		P	Well, we just got in some mangoes.	nucleus	chat	0.9	1.0	20260416	545491132	50	50	500	44	44	Mangoes! I love mangoes! How many varieties do you have in stock? Are they ripe and ready to eat? And what's the sale price?	mangoes! i love mangoes! how many varieties do you have in stock? are they ripe and ready to eat? and what's the sale price?	Mangoes! I love mangoes! How many varieties do you have in stock? Are they ripe and ready to eat? And what's the sale price?	-10.203136444091797	-11.751174807548525	-0.2685035906339946	-0.3092414423039085	38	38	-10.203136444091797	-11.751174807548525	-0.2685035906339946	-0.3092414423039085	1.548038363456726	0.0407378516699138	True	True	Mangoes. What are they?	just	0.0407378516699138	1.548038363456726	1	"Speaker 1: I'm looking for some fresh produce that's on sale.
Speaker 2: Well, we just got in some mangoes.
Speaker 1: "	"Speaker 1: I'm looking for some fresh produce that's on sale.
Speaker 2: Well, we got in some mangoes.
Speaker 1: "	Speaker 1
290	291	expanded_data	discourse_particle	24	just_j_6768	just	h	Kathy! How are you? It's been ages! What are you doing these days?	I just opened my own restaurant. I'm also head chef.	I opened my own restaurant. I'm also head chef.	You're kidding! You've always hated cooking!		P	I just opened my own restaurant. I'm also head chef.	nucleus	chat	0.9	1.0	20260416	1976038075	50	50	500	18	18	Congratulations! That's so exciting! Running a restaurant is a huge undertaking, but it sounds like you're taking on the challenge with enthusiasm. What kind of cuisine do you serve at your restaurant? Is it a traditional concept or something more unique and innovative? And how's the response been so far?	congratulations! that's so exciting! running a restaurant is a huge undertaking, but it sounds like you're taking on the challenge with enthusiasm. what kind of cuisine do you serve at your restaurant? is it a traditional concept or something more unique and innovative? and how's the response been so far?	Congratulations! That's so exciting! Running a restaurant is a huge undertaking, but it sounds like you're taking on the challenge with enthusiasm. What kind of cuisine do you serve at your restaurant? Is it a traditional concept or something more unique and innovative? And how's the response been so far?	-28.9173276424408	-31.561026453971863	-0.4448819637298584	-0.4855542531380286	65	65	-28.9173276424408	-31.561026453971863	-0.4448819637298584	-0.4855542531380286	2.643698811531067	0.0406722894081702	True	True	You're kidding! You've always hated cooking!	just	0.0406722894081702	2.643698811531067	1	"Speaker 1: Kathy! How are you? It's been ages! What are you doing these days?
Speaker 2: I just opened my own restaurant. I'm also head chef.
Speaker 1: "	"Speaker 1: Kathy! How are you? It's been ages! What are you doing these days?
Speaker 2: I opened my own restaurant. I'm also head chef.
Speaker 1: "	Speaker 1
291	292	expanded_data	discourse_particle	40	just_j_7614	just	h	Hey Michelle. Good to see you. Are you at lunch?	Oh hi Jim. No I just got back. I thought you were on vacation now.	Oh hi Jim. No I got back. I thought you were on vacation now.	No, I wish I was! I just got back from Spain actually.		P	Oh hi Jim. No I just got back. I thought you were on vacation now.	nucleus	chat	0.9	1.0	20260416	135797504	50	50	500	8	8	Yeah! I'm supposed to be on vacation, but I forgot to send an email to the team about some last-minute work stuff. Just a quick errand and then I'm really going to take some time off. How was your day?	yeah! i'm supposed to be on vacation, but i forgot to send an email to the team about some last-minute work stuff. just a quick errand and then i'm really going to take some time off. how was your day?	Yeah! I'm supposed to be on vacation, but I forgot to send an email to the team about some last-minute work stuff. Just a quick errand and then I'm really going to take some time off. How was your day?	-35.179017424583435	-37.374512910842896	-0.651463285640434	-0.6921206094600536	54	54	-35.179017424583435	-37.374512910842896	-0.651463285640434	-0.6921206094600536	2.1954954862594604	0.0406573238196196	True	True	No, I wish I was! I just got back from Spain actually.	just	0.0406573238196196	2.1954954862594604	0	"Speaker 1: Hey Michelle. Good to see you. Are you at lunch?
Speaker 2: Oh hi Jim. No I just got back. I thought you were on vacation now.
Speaker 1: "	"Speaker 1: Hey Michelle. Good to see you. Are you at lunch?
Speaker 2: Oh hi Jim. No I got back. I thought you were on vacation now.
Speaker 1: "	Speaker 1
292	293	expanded_data	discourse_particle	25	just_j_12662	just	h	Is everything all right?__eou__Not at all.__eou__What's the problem?	Someone just robbed me.	Someone robbed me.	What do you mean?		P	Someone just robbed me.	nucleus	chat	0.9	1.0	20260416	310199087	50	50	500	10	10	Oh no, I'm so sorry to hear that! That must be really scary and upsetting for you.	oh no, i'm so sorry to hear that! that must be really scary and upsetting for you.	Oh no, I'm so sorry to hear that! That must be really scary and upsetting for you.\n\nFirst of all, please make sure you're in a safe location, away from the person who robbed you. If you're not already, please call the police and report the incident. They'll send someone to help	-10.0860857963562	-11.142128705978394	-0.3879263767829308	-0.4285434117683998	26	26	-10.0860857963562	-11.142128705978394	-0.3879263767829308	-0.4285434117683998	1.0560429096221924	0.0406170349854689	True	True	What do you mean?	just	0.0406170349854689	1.0560429096221924	1	"Speaker 1: Is everything all right?
Speaker 2: Not at all.
Speaker 1: What's the problem?
Speaker 2: Someone just robbed me.
Speaker 1: "	"Speaker 1: Is everything all right?
Speaker 2: Not at all.
Speaker 1: What's the problem?
Speaker 2: Someone robbed me.
Speaker 1: "	Speaker 1
293	294	expanded_data	discourse_particle	26	just_j_1461	just	h	Operator. May I help you?__eou__Yes. How do I get an outside line, please?	Just dial 0, wait for the dial tone, and then dial the phone number you want to call. Or we can place a call for you, if you want.	Dial 0, wait for the dial tone, and then dial the phone number you want to call. Or we can place a call for you, if you want.	No, thanks a lot. I'll try it myself.		P	Just dial 0, wait for the dial tone, and then dial the phone number you want to call. Or we can place a call for you, if you want.	nucleus	chat	0.9	1.0	20260416	71756826	50	50	500	28	28	Perfect! Thank you for the help. I'll just dial 0 and wait for the dial tone. Actually, can you please connect me to the local police department? I need to report a minor incident.	perfect! thank you for the help. i'll just dial 0 and wait for the dial tone. actually, can you please connect me to the local police department? i need to report a minor incident.	Perfect! Thank you for the help. I'll just dial 0 and wait for the dial tone. Actually, can you please connect me to the local police department? I need to report a minor incident.	-29.53853380680084	-31.44453060626984	-0.6284794426978902	-0.6690325660908476	47	47	-29.53853380680084	-31.44453060626984	-0.6284794426978902	-0.6690325660908476	1.905996799468994	0.0405531233929573	True	True	No, thanks a lot. I'll try it myself.	just	0.0405531233929573	1.905996799468994	1	"Speaker 1: Operator. May I help you?
Speaker 2: Yes. How do I get an outside line, please?
Speaker 1: Just dial 0, wait for the dial tone, and then dial the phone number you want to call. Or we can place a call for you, if you want.
Speaker 2: "	"Speaker 1: Operator. May I help you?
Speaker 2: Yes. How do I get an outside line, please?
Speaker 1: Dial 0, wait for the dial tone, and then dial the phone number you want to call. Or we can place a call for you, if you want.
Speaker 2: "	Speaker 2
294	295	expanded_data	discourse_particle	31	just_j_2438	just	h	OK, so are you ready to learn how to bake a cake?	Almost, let me just put my apron on.	Almost, let me put my apron on.	OK, so the first thing we are going to do is pre-heat the oven, that way we have it at the desired temperature once we finish preparing everything. Set it to three hundred and seventy five degrees Fahrenheit.		P	Almost, let me just put my apron on.	nucleus	chat	0.9	1.0	20260416	491321217	50	50	500	27	27	Ha ha, nice one! Unfortunately, since we're in a text-based environment, you won't actually need an apron, but I'm excited to guide you through the process of baking a cake virtually! What type of cake would you like to bake? Do you have a favorite recipe or flavor in mind?	ha ha, nice one! unfortunately, since we're in a text-based environment, you won't actually need an apron, but i'm excited to guide you through the process of baking a cake virtually! what type of cake would you like to bake? do you have a favorite recipe or flavor in mind?	Ha ha, nice one! Unfortunately, since we're in a text-based environment, you won't actually need an apron, but I'm excited to guide you through the process of baking a cake virtually! What type of cake would you like to bake? Do you have a favorite recipe or flavor in mind?	-19.28034901618957	-22.03697669506073	-0.283534544355729	-0.3240731866920696	68	68	-19.28034901618957	-22.03697669506073	-0.283534544355729	-0.3240731866920696	2.756627678871155	0.0405386423363405	True	True	OK, so the first thing we are going to do is pre-heat the oven, that way we have it at the desired temperature once we finish preparing everything. Set it to three hundred and seventy five degrees Fahrenheit.	just	0.0405386423363405	2.756627678871155	0	"Speaker 1: OK, so are you ready to learn how to bake a cake?
Speaker 2: Almost, let me just put my apron on.
Speaker 1: "	"Speaker 1: OK, so are you ready to learn how to bake a cake?
Speaker 2: Almost, let me put my apron on.
Speaker 1: "	Speaker 1
295	296	expanded_data	discourse_particle	36	just_j_8556	just	h	I think I'm going to go home.	Why? We just got here.	Why? We got here.	I know, but it's 12		P	Why? We just got here.	nucleus	chat	0.9	1.0	20260416	1188910665	50	50	500	14	14	"I apologize, I think there's been a misunderstanding! I'm an AI, I don't have a physical presence, so I didn't actually ""get here"" or plan to ""go home"". I'm just an computer program designed to chat with you. How can I help you today?"	"i apologize, i think there's been a misunderstanding! i'm an ai, i don't have a physical presence, so i didn't actually ""get here"" or plan to ""go home"". i'm just an computer program designed to chat with you. how can i help you today?"	"I apologize, I think there's been a misunderstanding! I'm an AI, I don't have a physical presence, so I didn't actually ""get here"" or plan to ""go home"". I'm just an computer program designed to chat with you. How can I help you today?"	-20.77093517780304	-23.365148663520813	-0.3245458621531725	-0.3650804478675127	64	64	-20.77093517780304	-23.365148663520813	-0.3245458621531725	-0.3650804478675127	2.594213485717773	0.0405345857143402	True	True	I know, but it's 12	just	0.0405345857143402	2.594213485717773	1	"Speaker 1: I think I'm going to go home.
Speaker 2: Why? We just got here.
Speaker 1: "	"Speaker 1: I think I'm going to go home.
Speaker 2: Why? We got here.
Speaker 1: "	Speaker 1
296	297	expanded_data	discourse_particle	36	just_j_8556	just	h	I think I'm going to go home.	Why? We just got here.	Why? We got here.	I know, but it's 12		P	Why? We just got here.	nucleus	chat	0.9	1.0	20260416	1188910665	50	50	500	48	48	I think I made a mistake. I'm just an AI, I don't have a physical presence, so I don't have a home to go to. I'm just here to help answer your questions and chat with you. How about we keep chatting and see where the conversation takes us?	i think i made a mistake. i'm just an ai, i don't have a physical presence, so i don't have a home to go to. i'm just here to help answer your questions and chat with you. how about we keep chatting and see where the conversation takes us?	I think I made a mistake. I'm just an AI, I don't have a physical presence, so I don't have a home to go to. I'm just here to help answer your questions and chat with you. How about we keep chatting and see where the conversation takes us?	-22.004728317260746	-24.596336483955383	-0.3438238799571991	-0.3843177575618028	64	64	-22.004728317260746	-24.596336483955383	-0.3438238799571991	-0.3843177575618028	2.591608166694641	0.0404938776046037	True	True	I know, but it's 12	just	0.0404938776046037	2.591608166694641	1	"Speaker 1: I think I'm going to go home.
Speaker 2: Why? We just got here.
Speaker 1: "	"Speaker 1: I think I'm going to go home.
Speaker 2: Why? We got here.
Speaker 1: "	Speaker 1
297	298	expanded_data	discourse_particle	36	just_j_8556	just	h	I think I'm going to go home.	Why? We just got here.	Why? We got here.	I know, but it's 12		P	Why? We just got here.	nucleus	chat	0.9	1.0	20260416	1188910665	50	50	500	36	36	I think I may have misspoken. I'm just an AI, I don't have personal experiences or physical presence, so I can't actually go home or go anywhere else. I exist solely to assist and communicate with you through text. How can I help you today?	i think i may have misspoken. i'm just an ai, i don't have personal experiences or physical presence, so i can't actually go home or go anywhere else. i exist solely to assist and communicate with you through text. how can i help you today?	I think I may have misspoken. I'm just an AI, I don't have personal experiences or physical presence, so I can't actually go home or go anywhere else. I exist solely to assist and communicate with you through text. How can I help you today?	-17.766809344291687	-20.236296772956848	-0.2912591695785522	-0.3317425700484729	61	61	-17.766809344291687	-20.236296772956848	-0.2912591695785522	-0.3317425700484729	2.469487428665161	0.0404834004699206	True	True	I know, but it's 12	just	0.0404834004699206	2.469487428665161	1	"Speaker 1: I think I'm going to go home.
Speaker 2: Why? We just got here.
Speaker 1: "	"Speaker 1: I think I'm going to go home.
Speaker 2: Why? We got here.
Speaker 1: "	Speaker 1
298	299	expanded_data	discourse_particle	12	just_j_8890	just	h	Wow! What’s the hold up?	It’s probably just people trying to get an early start out of the city for the weekend. Nobody sticks around in the summer.	It’s probably people trying to get an early start out of the city for the weekend. Nobody sticks around in the summer.	Really? Then, I guess I won’t have a hard time finding a room or getting a cab?		P	It’s probably just people trying to get an early start out of the city for the weekend. Nobody sticks around in the summer.	nucleus	chat	0.9	1.0	20260416	1504568862	50	50	500	11	11	That makes sense! Summer weekends are always a popular time to get out of the city and enjoy the great outdoors. I'm sure the traffic will clear up eventually. Do you have any fun plans for the weekend?	that makes sense! summer weekends are always a popular time to get out of the city and enjoy the great outdoors. i'm sure the traffic will clear up eventually. do you have any fun plans for the weekend?	That makes sense! Summer weekends are always a popular time to get out of the city and enjoy the great outdoors. I'm sure the traffic will clear up eventually. Do you have any fun plans for the weekend?	-16.05385112762451	-17.99356758594513	-0.3344552318255107	-0.3748659913738568	48	48	-16.05385112762451	-17.99356758594513	-0.3344552318255107	-0.3748659913738568	1.9397164583206177	0.0404107595483461	True	True	Really? Then, I guess I won’t have a hard time finding a room or getting a cab?	just	0.0404107595483461	1.9397164583206177	0	"Speaker 1: Wow! What’s the hold up?
Speaker 2: It’s probably just people trying to get an early start out of the city for the weekend. Nobody sticks around in the summer.
Speaker 1: "	"Speaker 1: Wow! What’s the hold up?
Speaker 2: It’s probably people trying to get an early start out of the city for the weekend. Nobody sticks around in the summer.
Speaker 1: "	Speaker 1
299	300	expanded_data	discourse_particle	36	just_j_8556	just	h	I think I'm going to go home.	Why? We just got here.	Why? We got here.	I know, but it's 12		P	Why? We just got here.	nucleus	chat	0.9	1.0	20260416	1188910665	50	50	500	30	30	I apologize, I made a mistake! I'm just an AI, I don't have a physical presence, so I can't go home or be anywhere. I exist solely in the digital realm and interact with users like you through text-based conversations. How can I assist you today?	i apologize, i made a mistake! i'm just an ai, i don't have a physical presence, so i can't go home or be anywhere. i exist solely in the digital realm and interact with users like you through text-based conversations. how can i assist you today?	I apologize, I made a mistake! I'm just an AI, I don't have a physical presence, so I can't go home or be anywhere. I exist solely in the digital realm and interact with users like you through text-based conversations. How can I assist you today?	-16.051451325416565	-18.547882318496704	-0.2588943762163962	-0.2991593922338178	62	62	-16.051451325416565	-18.547882318496704	-0.2588943762163962	-0.2991593922338178	2.496430993080139	0.0402650160174216	True	True	I know, but it's 12	just	0.0402650160174216	2.496430993080139	1	"Speaker 1: I think I'm going to go home.
Speaker 2: Why? We just got here.
Speaker 1: "	"Speaker 1: I think I'm going to go home.
Speaker 2: Why? We got here.
Speaker 1: "	Speaker 1
300	301	expanded_data	discourse_particle	24	just_j_6768	just	h	Kathy! How are you? It's been ages! What are you doing these days?	I just opened my own restaurant. I'm also head chef.	I opened my own restaurant. I'm also head chef.	You're kidding! You've always hated cooking!		P	I just opened my own restaurant. I'm also head chef.	nucleus	chat	0.9	1.0	20260416	1976038075	50	50	500	2	2	Congratulations! That's amazing news! Opening a restaurant is a huge undertaking, and being the head chef on top of that is impressive. What kind of cuisine does your restaurant serve? Is it a specific type of food or a fusion of different flavors? I'd love to hear more about your new venture!	congratulations! that's amazing news! opening a restaurant is a huge undertaking, and being the head chef on top of that is impressive. what kind of cuisine does your restaurant serve? is it a specific type of food or a fusion of different flavors? i'd love to hear more about your new venture!	Congratulations! That's amazing news! Opening a restaurant is a huge undertaking, and being the head chef on top of that is impressive. What kind of cuisine does your restaurant serve? Is it a specific type of food or a fusion of different flavors? I'd love to hear more about your new venture!	-16.95725727081299	-19.6133486032486	-0.2569281404668634	-0.2971719485340696	66	66	-16.95725727081299	-19.6133486032486	-0.2569281404668634	-0.2971719485340696	2.656091332435608	0.0402438080672061	True	True	You're kidding! You've always hated cooking!	just	0.0402438080672061	2.656091332435608	1	"Speaker 1: Kathy! How are you? It's been ages! What are you doing these days?
Speaker 2: I just opened my own restaurant. I'm also head chef.
Speaker 1: "	"Speaker 1: Kathy! How are you? It's been ages! What are you doing these days?
Speaker 2: I opened my own restaurant. I'm also head chef.
Speaker 1: "	Speaker 1
301	302	expanded_data	discourse_particle	36	just_j_8556	just	h	I think I'm going to go home.	Why? We just got here.	Why? We got here.	I know, but it's 12		P	Why? We just got here.	nucleus	chat	0.9	1.0	20260416	1188910665	50	50	500	3	3	I apologize, I think there's been a misunderstanding. I'm just an AI, I don't have a physical presence, so I can't actually go home or arrive at a location. I exist solely as a digital entity, and my purpose is to assist with tasks and provide information. I'm here to help answer	i apologize, i think there's been a misunderstanding. i'm just an ai, i don't have a physical presence, so i can't actually go home or arrive at a location. i exist solely as a digital entity, and my purpose is to assist with tasks and provide information. i'm here to help answer	I apologize, I think there's been a misunderstanding. I'm just an AI, I don't have a physical presence, so I can't actually go home or arrive at a location. I exist solely as a digital entity, and my purpose is to assist with tasks and provide information. I'm here to help answer	-51.4127562046051	-54.18070042133331	-0.7451124087623928	-0.7852275423381639	69	69	-51.4127562046051	-54.18070042133331	-0.7451124087623928	-0.7852275423381639	2.7679442167282104	0.0401151335757711	True	True	I know, but it's 12	just	0.0401151335757711	2.7679442167282104	1	"Speaker 1: I think I'm going to go home.
Speaker 2: Why? We just got here.
Speaker 1: "	"Speaker 1: I think I'm going to go home.
Speaker 2: Why? We got here.
Speaker 1: "	Speaker 1
302	303	expanded_data	discourse_particle	8	just_j_498	just	h	I'm hungry. Do we have anything to eat?	Just a few cookies.	A few cookies.	That's fine with me.		P	Just a few cookies.	nucleus	chat	0.9	1.0	20260416	470286339	50	50	500	24	23	Cookies sound great! What kind are they? Are they fresh or leftover from a previous baking session?	cookies sound great! what kind are they? are they fresh or leftover from a previous baking session?	Cookies sound great! What kind are they? Are they fresh or leftover from a previous baking session?	-14.973340630531313	-15.965644478797913	-0.5989336252212525	-0.6386257791519165	25	25	-14.973340630531313	-15.965644478797913	-0.5989336252212525	-0.6386257791519165	0.9923038482666016	0.039692153930664	True	True	That's fine with me.	just	0.039692153930664	0.9923038482666016	1	"Speaker 1: I'm hungry. Do we have anything to eat?
Speaker 2: Just a few cookies.
Speaker 1: "	"Speaker 1: I'm hungry. Do we have anything to eat?
Speaker 2: A few cookies.
Speaker 1: "	Speaker 1
303	304	expanded_data	discourse_particle	12	just_j_8890	just	h	Wow! What’s the hold up?	It’s probably just people trying to get an early start out of the city for the weekend. Nobody sticks around in the summer.	It’s probably people trying to get an early start out of the city for the weekend. Nobody sticks around in the summer.	Really? Then, I guess I won’t have a hard time finding a room or getting a cab?		P	It’s probably just people trying to get an early start out of the city for the weekend. Nobody sticks around in the summer.	nucleus	chat	0.9	1.0	20260416	1504568862	50	50	500	48	48	Yeah, that's probably it! Summer weekends are always crazy busy with people trying to get out of the city and enjoy the warmer weather. I'm sure it's not just you, everyone's trying to escape the heat and hustle of the city life.	yeah, that's probably it! summer weekends are always crazy busy with people trying to get out of the city and enjoy the warmer weather. i'm sure it's not just you, everyone's trying to escape the heat and hustle of the city life.	Yeah, that's probably it! Summer weekends are always crazy busy with people trying to get out of the city and enjoy the warmer weather. I'm sure it's not just you, everyone's trying to escape the heat and hustle of the city life.	-37.33554148674011	-39.55376207828522	-0.666706097977502	-0.7063171799693789	56	56	-37.33554148674011	-39.55376207828522	-0.666706097977502	-0.7063171799693789	2.218220591545105	0.0396110819918769	True	True	Really? Then, I guess I won’t have a hard time finding a room or getting a cab?	just	0.0396110819918769	2.218220591545105	0	"Speaker 1: Wow! What’s the hold up?
Speaker 2: It’s probably just people trying to get an early start out of the city for the weekend. Nobody sticks around in the summer.
Speaker 1: "	"Speaker 1: Wow! What’s the hold up?
Speaker 2: It’s probably people trying to get an early start out of the city for the weekend. Nobody sticks around in the summer.
Speaker 1: "	Speaker 1
304	305	expanded_data	discourse_particle	31	just_j_2438	just	h	OK, so are you ready to learn how to bake a cake?	Almost, let me just put my apron on.	Almost, let me put my apron on.	OK, so the first thing we are going to do is pre-heat the oven, that way we have it at the desired temperature once we finish preparing everything. Set it to three hundred and seventy five degrees Fahrenheit.		P	Almost, let me just put my apron on.	nucleus	chat	0.9	1.0	20260416	491321217	50	50	500	15	15	Ahaha, nice! You're really getting into the spirit of things! Okay, so while you're getting all geared up, I can give you a basic recipe for a delicious cake. Which type of cake would you like to bake? Do you have a preference for chocolate, vanilla, red velvet, or something else	ahaha, nice! you're really getting into the spirit of things! okay, so while you're getting all geared up, i can give you a basic recipe for a delicious cake. which type of cake would you like to bake? do you have a preference for chocolate, vanilla, red velvet, or something else	Ahaha, nice! You're really getting into the spirit of things! Okay, so while you're getting all geared up, I can give you a basic recipe for a delicious cake. Which type of cake would you like to bake? Do you have a preference for chocolate, vanilla, red velvet, or something else	-44.83857655525208	-47.53818821907044	-0.6498344428297402	-0.6889592495517455	69	69	-44.83857655525208	-47.53818821907044	-0.6498344428297402	-0.6889592495517455	2.69961166381836	0.0391248067220052	True	True	OK, so the first thing we are going to do is pre-heat the oven, that way we have it at the desired temperature once we finish preparing everything. Set it to three hundred and seventy five degrees Fahrenheit.	just	0.0391248067220052	2.69961166381836	0	"Speaker 1: OK, so are you ready to learn how to bake a cake?
Speaker 2: Almost, let me just put my apron on.
Speaker 1: "	"Speaker 1: OK, so are you ready to learn how to bake a cake?
Speaker 2: Almost, let me put my apron on.
Speaker 1: "	Speaker 1
305	306	expanded_data	discourse_particle	26	just_j_1461	just	h	Operator. May I help you?__eou__Yes. How do I get an outside line, please?	Just dial 0, wait for the dial tone, and then dial the phone number you want to call. Or we can place a call for you, if you want.	Dial 0, wait for the dial tone, and then dial the phone number you want to call. Or we can place a call for you, if you want.	No, thanks a lot. I'll try it myself.		P	Just dial 0, wait for the dial tone, and then dial the phone number you want to call. Or we can place a call for you, if you want.	nucleus	chat	0.9	1.0	20260416	71756826	50	50	500	44	44	Thank you, operator. That's all I need for now. I'll just dial 0 and get the outside line myself.	thank you, operator. that's all i need for now. i'll just dial 0 and get the outside line myself.	Thank you, operator. That's all I need for now. I'll just dial 0 and get the outside line myself.	-16.4241281747818	-17.635966539382935	-0.5298105862832838	-0.5689021464317076	31	31	-16.4241281747818	-17.635966539382935	-0.5298105862832838	-0.5689021464317076	1.2118383646011353	0.0390915601484237	True	True	No, thanks a lot. I'll try it myself.	just	0.0390915601484237	1.2118383646011353	1	"Speaker 1: Operator. May I help you?
Speaker 2: Yes. How do I get an outside line, please?
Speaker 1: Just dial 0, wait for the dial tone, and then dial the phone number you want to call. Or we can place a call for you, if you want.
Speaker 2: "	"Speaker 1: Operator. May I help you?
Speaker 2: Yes. How do I get an outside line, please?
Speaker 1: Dial 0, wait for the dial tone, and then dial the phone number you want to call. Or we can place a call for you, if you want.
Speaker 2: "	Speaker 2
306	307	expanded_data	discourse_particle	40	just_j_7614	just	h	Hey Michelle. Good to see you. Are you at lunch?	Oh hi Jim. No I just got back. I thought you were on vacation now.	Oh hi Jim. No I got back. I thought you were on vacation now.	No, I wish I was! I just got back from Spain actually.		P	Oh hi Jim. No I just got back. I thought you were on vacation now.	nucleus	chat	0.9	1.0	20260416	135797504	50	50	500	16	16	I am! I'm supposed to be on vacation, but I had to take care of some urgent work stuff. I'm stuck here at the office instead of relaxing on the beach like I was supposed to be. Ugh, just great. How was your day?	i am! i'm supposed to be on vacation, but i had to take care of some urgent work stuff. i'm stuck here at the office instead of relaxing on the beach like i was supposed to be. ugh, just great. how was your day?	I am! I'm supposed to be on vacation, but I had to take care of some urgent work stuff. I'm stuck here at the office instead of relaxing on the beach like I was supposed to be. Ugh, just great. How was your day?	-30.61222779750824	-32.89873445034027	-0.5188513186018345	-0.5576056686498351	59	59	-30.61222779750824	-32.89873445034027	-0.5188513186018345	-0.5576056686498351	2.2865066528320312	0.0387543500480005	True	True	No, I wish I was! I just got back from Spain actually.	just	0.0387543500480005	2.2865066528320312	0	"Speaker 1: Hey Michelle. Good to see you. Are you at lunch?
Speaker 2: Oh hi Jim. No I just got back. I thought you were on vacation now.
Speaker 1: "	"Speaker 1: Hey Michelle. Good to see you. Are you at lunch?
Speaker 2: Oh hi Jim. No I got back. I thought you were on vacation now.
Speaker 1: "	Speaker 1
307	308	expanded_data	discourse_particle	51	just_j_2401	just	h	This motor oil case is still really slippery.__eou__Yeah, time for more coffee!__eou__Sure, why not? I think I want a chocolate chip cookie, too.	By the way, I heard Kitty's just got in a shipment of Jamaican Blue Mountain.	By the way, I heard Kitty's got in a shipment of Jamaican Blue Mountain.	So what?		P	By the way, I heard Kitty's just got in a shipment of Jamaican Blue Mountain.	nucleus	chat	0.9	1.0	20260416	2004638241	50	50	500	38	38	Whoa, that's some good stuff! I've been meaning to try it out. Do you think it's still available? I don't want to get there and find out they've sold out already.	whoa, that's some good stuff! i've been meaning to try it out. do you think it's still available? i don't want to get there and find out they've sold out already.	Whoa, that's some good stuff! I've been meaning to try it out. Do you think it's still available? I don't want to get there and find out they've sold out already.	-20.07187283039093	-21.890289783477783	-0.4270611240508709	-0.4657508464569741	47	47	-20.07187283039093	-21.890289783477783	-0.4270611240508709	-0.4657508464569741	1.818416953086853	0.0386897224061032	True	True	So what?	just	0.0386897224061032	1.818416953086853	0	"Speaker 1: This motor oil case is still really slippery.
Speaker 2: Yeah, time for more coffee!
Speaker 1: Sure, why not? I think I want a chocolate chip cookie, too.
Speaker 2: By the way, I heard Kitty's just got in a shipment of Jamaican Blue Mountain.
Speaker 1: "	"Speaker 1: This motor oil case is still really slippery.
Speaker 2: Yeah, time for more coffee!
Speaker 1: Sure, why not? I think I want a chocolate chip cookie, too.
Speaker 2: By the way, I heard Kitty's got in a shipment of Jamaican Blue Mountain.
Speaker 1: "	Speaker 1
308	309	expanded_data	discourse_particle	31	just_j_2438	just	h	OK, so are you ready to learn how to bake a cake?	Almost, let me just put my apron on.	Almost, let me put my apron on.	OK, so the first thing we are going to do is pre-heat the oven, that way we have it at the desired temperature once we finish preparing everything. Set it to three hundred and seventy five degrees Fahrenheit.		P	Almost, let me just put my apron on.	nucleus	chat	0.9	1.0	20260416	491321217	50	50	500	34	34	Ahaha, nice touch! I'll just pretend to be your baking instructor then. What kind of cake would you like to bake? We can go through a simple recipe together, and I'll guide you through the steps. Do you have a favorite flavor in mind, or do you want to try something new?	ahaha, nice touch! i'll just pretend to be your baking instructor then. what kind of cake would you like to bake? we can go through a simple recipe together, and i'll guide you through the steps. do you have a favorite flavor in mind, or do you want to try something new?	Ahaha, nice touch! I'll just pretend to be your baking instructor then. What kind of cake would you like to bake? We can go through a simple recipe together, and I'll guide you through the steps. Do you have a favorite flavor in mind, or do you want to try something new?	-35.403053879737854	-38.02020883560181	-0.5206331452902626	-0.5591207181706148	68	68	-35.403053879737854	-38.02020883560181	-0.5206331452902626	-0.5591207181706148	2.6171549558639526	0.0384875728803522	True	True	OK, so the first thing we are going to do is pre-heat the oven, that way we have it at the desired temperature once we finish preparing everything. Set it to three hundred and seventy five degrees Fahrenheit.	just	0.0384875728803522	2.6171549558639526	0	"Speaker 1: OK, so are you ready to learn how to bake a cake?
Speaker 2: Almost, let me just put my apron on.
Speaker 1: "	"Speaker 1: OK, so are you ready to learn how to bake a cake?
Speaker 2: Almost, let me put my apron on.
Speaker 1: "	Speaker 1
309	310	expanded_data	discourse_particle	6	just_j_638	just	h	Hello, do you have any vacancies?	Yes, something just opened up.	Yes, something opened up.	What kind of apartment is it?		P	Yes, something just opened up.	nucleus	chat	0.9	1.0	20260416	894870064	50	50	500	28	27	What kind of opportunity is it?	what kind of opportunity is it?	What kind of opportunity is it?	-5.283180356025696	-5.744726538658142	-0.440265029668808	-0.4787272115548451	12	12	-5.283180356025696	-5.744726538658142	-0.440265029668808	-0.4787272115548451	0.4615461826324463	0.0384621818860371	True	True	What kind of apartment is it?	just	0.0384621818860371	0.4615461826324463	1	"Speaker 1: Hello, do you have any vacancies?
Speaker 2: Yes, something just opened up.
Speaker 1: "	"Speaker 1: Hello, do you have any vacancies?
Speaker 2: Yes, something opened up.
Speaker 1: "	Speaker 1
310	311	expanded_data	discourse_particle	40	just_j_7614	just	h	Hey Michelle. Good to see you. Are you at lunch?	Oh hi Jim. No I just got back. I thought you were on vacation now.	Oh hi Jim. No I got back. I thought you were on vacation now.	No, I wish I was! I just got back from Spain actually.		P	Oh hi Jim. No I just got back. I thought you were on vacation now.	nucleus	chat	0.9	1.0	20260416	135797504	50	50	500	32	32	I am! I'm just checking in to see if anything urgent came up while I was away. So, how was your day? Anything new happenin'?	i am! i'm just checking in to see if anything urgent came up while i was away. so, how was your day? anything new happenin'?	I am! I'm just checking in to see if anything urgent came up while I was away. So, how was your day? Anything new happenin'?	-20.371934175491333	-21.79181170463562	-0.5505928155538198	-0.5889678839090708	37	37	-20.371934175491333	-21.79181170463562	-0.5505928155538198	-0.5889678839090708	1.419877529144287	0.038375068355251	True	True	No, I wish I was! I just got back from Spain actually.	just	0.038375068355251	1.419877529144287	0	"Speaker 1: Hey Michelle. Good to see you. Are you at lunch?
Speaker 2: Oh hi Jim. No I just got back. I thought you were on vacation now.
Speaker 1: "	"Speaker 1: Hey Michelle. Good to see you. Are you at lunch?
Speaker 2: Oh hi Jim. No I got back. I thought you were on vacation now.
Speaker 1: "	Speaker 1
311	312	expanded_data	discourse_particle	1	just_j_5467	just	h	I want to leave the motorbike outdoors.	Fine, just don't do it at night.	Fine, don't do it at night.	Why not?		P	Fine, just don't do it at night.	nucleus	chat	0.9	1.0	20260416	788549607	50	50	500	28	28	You're worried about the safety of leaving the motorbike outdoors at night. That's a good point!	you're worried about the safety of leaving the motorbike outdoors at night. that's a good point!	You're worried about the safety of leaving the motorbike outdoors at night. That's a good point!	-12.455187439918518	-13.44930064678192	-0.4790456707660968	-0.517280794106997	26	26	-12.455187439918518	-13.44930064678192	-0.4790456707660968	-0.517280794106997	0.9941132068634032	0.0382351233409001	True	True	Why not?	just	0.0382351233409001	0.9941132068634032	0	"Speaker 1: I want to leave the motorbike outdoors.
Speaker 2: Fine, just don't do it at night.
Speaker 1: "	"Speaker 1: I want to leave the motorbike outdoors.
Speaker 2: Fine, don't do it at night.
Speaker 1: "	Speaker 1
312	313	expanded_data	discourse_particle	57	just_j_11362	just	h	Would you mind if I ask your health status?	I just had a complete physical examination and passed with flying colors.	I had a complete physical examination and passed with flying colors.	That is good. We hope each of our future employees will be healthy and happy.		P	I just had a complete physical examination and passed with flying colors.	nucleus	chat	0.9	1.0	20260416	1728911766	50	50	500	4	4	That's great to hear! Congratulations on passing your physical examination with flying colors! It's always a relief to get a clean bill of health.	that's great to hear! congratulations on passing your physical examination with flying colors! it's always a relief to get a clean bill of health.	That's great to hear! Congratulations on passing your physical examination with flying colors! It's always a relief to get a clean bill of health.\n\nAs a conversational AI, I'm happy to chat with you about anything that's on your mind, whether it's related to your health or not. Is there anything specific	-7.713096737861633	-9.011417388916016	-0.2268557864076951	-0.2650416879092945	34	34	-7.713096737861633	-9.011417388916016	-0.2268557864076951	-0.2650416879092945	1.2983206510543823	0.0381859015015994	True	True	That is good. We hope each of our future employees will be healthy and happy.	just	0.0381859015015994	1.2983206510543823	1	"Speaker 1: Would you mind if I ask your health status?
Speaker 2: I just had a complete physical examination and passed with flying colors.
Speaker 1: "	"Speaker 1: Would you mind if I ask your health status?
Speaker 2: I had a complete physical examination and passed with flying colors.
Speaker 1: "	Speaker 1
313	314	expanded_data	discourse_particle	31	just_j_2438	just	h	OK, so are you ready to learn how to bake a cake?	Almost, let me just put my apron on.	Almost, let me put my apron on.	OK, so the first thing we are going to do is pre-heat the oven, that way we have it at the desired temperature once we finish preparing everything. Set it to three hundred and seventy five degrees Fahrenheit.		P	Almost, let me just put my apron on.	nucleus	chat	0.9	1.0	20260416	491321217	50	50	500	8	8	Ahaha, nice! I'm happy to wait for you to get ready. Take your time, put on your favorite apron, and let's get started!	ahaha, nice! i'm happy to wait for you to get ready. take your time, put on your favorite apron, and let's get started!	Ahaha, nice! I'm happy to wait for you to get ready. Take your time, put on your favorite apron, and let's get started!	-24.3508118391037	-25.80129826068878	-0.64081083787115	-0.6789815331760206	38	38	-24.3508118391037	-25.80129826068878	-0.64081083787115	-0.6789815331760206	1.450486421585083	0.0381706953048706	True	True	OK, so the first thing we are going to do is pre-heat the oven, that way we have it at the desired temperature once we finish preparing everything. Set it to three hundred and seventy five degrees Fahrenheit.	just	0.0381706953048706	1.450486421585083	0	"Speaker 1: OK, so are you ready to learn how to bake a cake?
Speaker 2: Almost, let me just put my apron on.
Speaker 1: "	"Speaker 1: OK, so are you ready to learn how to bake a cake?
Speaker 2: Almost, let me put my apron on.
Speaker 1: "	Speaker 1
314	315	expanded_data	discourse_particle	54	just_j_2522	just	h	I'm searching for an old music box.__eou__You came to the right place. Any particular decade?__eou__If you had a box made in the' 20s, that would be nice.	We just got one in yesterday, so now we have six.	We got one in yesterday, so now we have six.	Would any of them have dancing figures?		P	We just got one in yesterday, so now we have six.	nucleus	chat	0.9	1.0	20260416	1861274201	50	50	500	21	21	That's fantastic! A music box from the 1920s would be a great find! What's the condition like? Does it still play the music? Are the mechanical parts still intact? Tell me more about it!	that's fantastic! a music box from the 1920s would be a great find! what's the condition like? does it still play the music? are the mechanical parts still intact? tell me more about it!	That's fantastic! A music box from the 1920s would be a great find! What's the condition like? Does it still play the music? Are the mechanical parts still intact? Tell me more about it!	-34.91097271442413	-36.81822848320007	-0.6982194542884826	-0.7363645696640014	50	50	-34.91097271442413	-36.81822848320007	-0.6982194542884826	-0.7363645696640014	1.90725576877594	0.0381451153755187	True	True	Would any of them have dancing figures?	just	0.0381451153755187	1.90725576877594	0	"Speaker 1: I'm searching for an old music box.
Speaker 2: You came to the right place. Any particular decade?
Speaker 1: If you had a box made in the' 20s, that would be nice.
Speaker 2: We just got one in yesterday, so now we have six.
Speaker 1: "	"Speaker 1: I'm searching for an old music box.
Speaker 2: You came to the right place. Any particular decade?
Speaker 1: If you had a box made in the' 20s, that would be nice.
Speaker 2: We got one in yesterday, so now we have six.
Speaker 1: "	Speaker 1
315	316	expanded_data	discourse_particle	25	just_j_12662	just	h	Is everything all right?__eou__Not at all.__eou__What's the problem?	Someone just robbed me.	Someone robbed me.	What do you mean?		P	Someone just robbed me.	nucleus	chat	0.9	1.0	20260416	310199087	50	50	500	40	40	Oh no, I'm so sorry to hear that! That must be really scary and upsetting for you. Can you tell me more about what happened? Did you get a good look at the person who robbed you? Did they take anything of value?	oh no, i'm so sorry to hear that! that must be really scary and upsetting for you. can you tell me more about what happened? did you get a good look at the person who robbed you? did they take anything of value?	Oh no, I'm so sorry to hear that! That must be really scary and upsetting for you. Can you tell me more about what happened? Did you get a good look at the person who robbed you? Did they take anything of value?	-13.644683480262756	-15.733449935913086	-0.2480851541865955	-0.2860627261075106	55	55	-13.644683480262756	-15.733449935913086	-0.2480851541865955	-0.2860627261075106	2.0887664556503296	0.037977571920915	True	True	What do you mean?	just	0.037977571920915	2.0887664556503296	1	"Speaker 1: Is everything all right?
Speaker 2: Not at all.
Speaker 1: What's the problem?
Speaker 2: Someone just robbed me.
Speaker 1: "	"Speaker 1: Is everything all right?
Speaker 2: Not at all.
Speaker 1: What's the problem?
Speaker 2: Someone robbed me.
Speaker 1: "	Speaker 1
316	317	expanded_data	discourse_particle	54	just_j_2522	just	h	I'm searching for an old music box.__eou__You came to the right place. Any particular decade?__eou__If you had a box made in the' 20s, that would be nice.	We just got one in yesterday, so now we have six.	We got one in yesterday, so now we have six.	Would any of them have dancing figures?		P	We just got one in yesterday, so now we have six.	nucleus	chat	0.9	1.0	20260416	1861274201	50	50	500	12	12	Six music boxes! That's wonderful! Which one is the most interesting or unique? Did it play a specific tune or have a distinctive mechanism? I'm curious!	six music boxes! that's wonderful! which one is the most interesting or unique? did it play a specific tune or have a distinctive mechanism? i'm curious!	Six music boxes! That's wonderful! Which one is the most interesting or unique? Did it play a specific tune or have a distinctive mechanism? I'm curious!	-34.55944871902466	-35.99300253391266	-0.9094591768164384	-0.9471842772082278	38	38	-34.55944871902466	-35.99300253391266	-0.9094591768164384	-0.9471842772082278	1.4335538148880005	0.0377251003917894	True	True	Would any of them have dancing figures?	just	0.0377251003917894	1.4335538148880005	0	"Speaker 1: I'm searching for an old music box.
Speaker 2: You came to the right place. Any particular decade?
Speaker 1: If you had a box made in the' 20s, that would be nice.
Speaker 2: We just got one in yesterday, so now we have six.
Speaker 1: "	"Speaker 1: I'm searching for an old music box.
Speaker 2: You came to the right place. Any particular decade?
Speaker 1: If you had a box made in the' 20s, that would be nice.
Speaker 2: We got one in yesterday, so now we have six.
Speaker 1: "	Speaker 1
317	318	expanded_data	discourse_particle	12	just_j_8890	just	h	Wow! What’s the hold up?	It’s probably just people trying to get an early start out of the city for the weekend. Nobody sticks around in the summer.	It’s probably people trying to get an early start out of the city for the weekend. Nobody sticks around in the summer.	Really? Then, I guess I won’t have a hard time finding a room or getting a cab?		P	It’s probably just people trying to get an early start out of the city for the weekend. Nobody sticks around in the summer.	nucleus	chat	0.9	1.0	20260416	1504568862	50	50	500	47	47	Summer traffic can be a real pain! But yeah, it makes sense that people would want to get out of the city and enjoy the nice weather. Do you have any fun plans for the weekend?	summer traffic can be a real pain! but yeah, it makes sense that people would want to get out of the city and enjoy the nice weather. do you have any fun plans for the weekend?	Summer traffic can be a real pain! But yeah, it makes sense that people would want to get out of the city and enjoy the nice weather. Do you have any fun plans for the weekend?	-13.517350435256958	-15.213660836219788	-0.3003855652279324	-0.3380813519159952	45	45	-13.517350435256958	-15.213660836219788	-0.3003855652279324	-0.3380813519159952	1.6963104009628296	0.0376957866880628	True	True	Really? Then, I guess I won’t have a hard time finding a room or getting a cab?	just	0.0376957866880628	1.6963104009628296	0	"Speaker 1: Wow! What’s the hold up?
Speaker 2: It’s probably just people trying to get an early start out of the city for the weekend. Nobody sticks around in the summer.
Speaker 1: "	"Speaker 1: Wow! What’s the hold up?
Speaker 2: It’s probably people trying to get an early start out of the city for the weekend. Nobody sticks around in the summer.
Speaker 1: "	Speaker 1
318	319	expanded_data	discourse_particle	6	just_j_638	just	h	Hello, do you have any vacancies?	Yes, something just opened up.	Yes, something opened up.	What kind of apartment is it?		P	Yes, something just opened up.	nucleus	chat	0.9	1.0	20260416	894870064	50	50	500	2	2	That's exciting! Can you tell me more about the vacancy? What kind of role is it, and what are the key responsibilities?	that's exciting! can you tell me more about the vacancy? what kind of role is it, and what are the key responsibilities?	That's exciting! Can you tell me more about the vacancy? What kind of role is it, and what are the key responsibilities?	-8.824867963790894	-10.02798342704773	-0.2757771238684654	-0.3133744820952415	32	32	-8.824867963790894	-10.02798342704773	-0.2757771238684654	-0.3133744820952415	1.203115463256836	0.0375973582267761	True	True	What kind of apartment is it?	just	0.0375973582267761	1.203115463256836	1	"Speaker 1: Hello, do you have any vacancies?
Speaker 2: Yes, something just opened up.
Speaker 1: "	"Speaker 1: Hello, do you have any vacancies?
Speaker 2: Yes, something opened up.
Speaker 1: "	Speaker 1
319	320	expanded_data	discourse_particle	40	just_j_7614	just	h	Hey Michelle. Good to see you. Are you at lunch?	Oh hi Jim. No I just got back. I thought you were on vacation now.	Oh hi Jim. No I got back. I thought you were on vacation now.	No, I wish I was! I just got back from Spain actually.		P	Oh hi Jim. No I just got back. I thought you were on vacation now.	nucleus	chat	0.9	1.0	20260416	135797504	50	50	500	34	34	I am! I'm still on vacation. I must have gotten my days mixed up. I'm just taking a little break from the computer to clear my head. How was your day?	i am! i'm still on vacation. i must have gotten my days mixed up. i'm just taking a little break from the computer to clear my head. how was your day?	I am! I'm still on vacation. I must have gotten my days mixed up. I'm just taking a little break from the computer to clear my head. How was your day?	-20.86297869682312	-22.475167632102966	-0.4851855510889097	-0.5226783170256504	43	43	-20.86297869682312	-22.475167632102966	-0.4851855510889097	-0.5226783170256504	1.6121889352798462	0.0374927659367406	True	True	No, I wish I was! I just got back from Spain actually.	just	0.0374927659367406	1.6121889352798462	0	"Speaker 1: Hey Michelle. Good to see you. Are you at lunch?
Speaker 2: Oh hi Jim. No I just got back. I thought you were on vacation now.
Speaker 1: "	"Speaker 1: Hey Michelle. Good to see you. Are you at lunch?
Speaker 2: Oh hi Jim. No I got back. I thought you were on vacation now.
Speaker 1: "	Speaker 1
320	321	expanded_data	discourse_particle	4	just_j_1627	just	h	Excuse me, do you have the latest issue of Newsworld?	Yes, this week's issue just came in. Here it is.	Yes, this week's issue came in. Here it is.	How about Music Madness?		P	Yes, this week's issue just came in. Here it is.	nucleus	chat	0.9	1.0	20260416	63091100	50	50	500	31	31	Thank you! *takes the magazine* Ah, great timing! I've been waiting for this week's issue to catch up on the latest news. Do you have any other issues available, like last week's or back issues?	thank you! *takes the magazine* ah, great timing! i've been waiting for this week's issue to catch up on the latest news. do you have any other issues available, like last week's or back issues?	Thank you! *takes the magazine* Ah, great timing! I've been waiting for this week's issue to catch up on the latest news. Do you have any other issues available, like last week's or back issues?	-21.59342062473297	-23.497278809547424	-0.4234004044065289	-0.4607309570499495	51	51	-21.59342062473297	-23.497278809547424	-0.4234004044065289	-0.4607309570499495	1.903858184814453	0.0373305526434206	True	True	How about Music Madness?	just	0.0373305526434206	1.903858184814453	1	"Speaker 1: Excuse me, do you have the latest issue of Newsworld?
Speaker 2: Yes, this week's issue just came in. Here it is.
Speaker 1: "	"Speaker 1: Excuse me, do you have the latest issue of Newsworld?
Speaker 2: Yes, this week's issue came in. Here it is.
Speaker 1: "	Speaker 1
321	322	expanded_data	discourse_particle	31	just_j_2438	just	h	OK, so are you ready to learn how to bake a cake?	Almost, let me just put my apron on.	Almost, let me put my apron on.	OK, so the first thing we are going to do is pre-heat the oven, that way we have it at the desired temperature once we finish preparing everything. Set it to three hundred and seventy five degrees Fahrenheit.		P	Almost, let me just put my apron on.	nucleus	chat	0.9	1.0	20260416	491321217	50	50	500	4	4	Ha ha, go ahead and get all dressed up for baking! In fact, you can pretend that I'm your virtual baking buddy, and we can go through the process together.	ha ha, go ahead and get all dressed up for baking! in fact, you can pretend that i'm your virtual baking buddy, and we can go through the process together.	Ha ha, go ahead and get all dressed up for baking! In fact, you can pretend that I'm your virtual baking buddy, and we can go through the process together.\n\nTo start, what kind of cake would you like to bake? Do you have a favorite flavor or recipe in mind?	-28.78576123714447	-30.31510269641876	-0.7020917374913286	-0.7393927486931405	41	41	-28.78576123714447	-30.31510269641876	-0.7020917374913286	-0.7393927486931405	1.529341459274292	0.0373010112018119	True	True	OK, so the first thing we are going to do is pre-heat the oven, that way we have it at the desired temperature once we finish preparing everything. Set it to three hundred and seventy five degrees Fahrenheit.	just	0.0373010112018119	1.529341459274292	0	"Speaker 1: OK, so are you ready to learn how to bake a cake?
Speaker 2: Almost, let me just put my apron on.
Speaker 1: "	"Speaker 1: OK, so are you ready to learn how to bake a cake?
Speaker 2: Almost, let me put my apron on.
Speaker 1: "	Speaker 1
322	323	expanded_data	discourse_particle	36	just_j_8556	just	h	I think I'm going to go home.	Why? We just got here.	Why? We got here.	I know, but it's 12		P	Why? We just got here.	nucleus	chat	0.9	1.0	20260416	1188910665	50	50	500	27	27	I apologize, I think there might be some confusion! I'm just an AI, I don't have a physical presence, so I'm not capable of going home or being in a specific location. I exist solely as a digital entity, and our conversation is happening online.	i apologize, i think there might be some confusion! i'm just an ai, i don't have a physical presence, so i'm not capable of going home or being in a specific location. i exist solely as a digital entity, and our conversation is happening online.	I apologize, I think there might be some confusion! I'm just an AI, I don't have a physical presence, so I'm not capable of going home or being in a specific location. I exist solely as a digital entity, and our conversation is happening online.	-21.105178713798523	-23.34207844734192	-0.3517529785633087	-0.389034640789032	60	60	-21.105178713798523	-23.34207844734192	-0.3517529785633087	-0.389034640789032	2.236899733543396	0.0372816622257232	True	True	I know, but it's 12	just	0.0372816622257232	2.236899733543396	1	"Speaker 1: I think I'm going to go home.
Speaker 2: Why? We just got here.
Speaker 1: "	"Speaker 1: I think I'm going to go home.
Speaker 2: Why? We got here.
Speaker 1: "	Speaker 1
323	324	expanded_data	discourse_particle	24	just_j_6768	just	h	Kathy! How are you? It's been ages! What are you doing these days?	I just opened my own restaurant. I'm also head chef.	I opened my own restaurant. I'm also head chef.	You're kidding! You've always hated cooking!		P	I just opened my own restaurant. I'm also head chef.	nucleus	chat	0.9	1.0	20260416	1976038075	50	50	500	15	15	Congratulations! That's amazing news! Running a restaurant can be a thrilling and challenging experience. What kind of cuisine does your restaurant serve? Is it a new concept or a familiar type of food?	congratulations! that's amazing news! running a restaurant can be a thrilling and challenging experience. what kind of cuisine does your restaurant serve? is it a new concept or a familiar type of food?	Congratulations! That's amazing news! Running a restaurant can be a thrilling and challenging experience. What kind of cuisine does your restaurant serve? Is it a new concept or a familiar type of food?	-21.783644914627075	-23.419846653938293	-0.4950828389687972	-0.5322692421349612	44	44	-21.783644914627075	-23.419846653938293	-0.4950828389687972	-0.5322692421349612	1.6362017393112185	0.037186403166164	True	True	You're kidding! You've always hated cooking!	just	0.037186403166164	1.6362017393112185	1	"Speaker 1: Kathy! How are you? It's been ages! What are you doing these days?
Speaker 2: I just opened my own restaurant. I'm also head chef.
Speaker 1: "	"Speaker 1: Kathy! How are you? It's been ages! What are you doing these days?
Speaker 2: I opened my own restaurant. I'm also head chef.
Speaker 1: "	Speaker 1
324	325	expanded_data	discourse_particle	6	just_j_638	just	h	Hello, do you have any vacancies?	Yes, something just opened up.	Yes, something opened up.	What kind of apartment is it?		P	Yes, something just opened up.	nucleus	chat	0.9	1.0	20260416	894870064	50	50	500	50	48	What kind of opportunity is it? Is it a job, a project, or something else? I'm curious to learn more!	what kind of opportunity is it? is it a job, a project, or something else? i'm curious to learn more!	What kind of opportunity is it? Is it a job, a project, or something else? I'm curious to learn more!	-9.184035539627075	-10.33634912967682	-0.2962592109557121	-0.3334306170863489	31	31	-9.184035539627075	-10.33634912967682	-0.2962592109557121	-0.3334306170863489	1.1523135900497437	0.0371714061306368	True	True	What kind of apartment is it?	just	0.0371714061306368	1.1523135900497437	1	"Speaker 1: Hello, do you have any vacancies?
Speaker 2: Yes, something just opened up.
Speaker 1: "	"Speaker 1: Hello, do you have any vacancies?
Speaker 2: Yes, something opened up.
Speaker 1: "	Speaker 1
325	326	expanded_data	discourse_particle	40	just_j_7614	just	h	Hey Michelle. Good to see you. Are you at lunch?	Oh hi Jim. No I just got back. I thought you were on vacation now.	Oh hi Jim. No I got back. I thought you were on vacation now.	No, I wish I was! I just got back from Spain actually.		P	Oh hi Jim. No I just got back. I thought you were on vacation now.	nucleus	chat	0.9	1.0	20260416	135797504	50	50	500	38	38	I am! I'm just getting settled back in after my trip. I'm a little jet-lagged, but it's good to be back. So, how was your day? Anything exciting happen while I was away?	i am! i'm just getting settled back in after my trip. i'm a little jet-lagged, but it's good to be back. so, how was your day? anything exciting happen while i was away?	I am! I'm just getting settled back in after my trip. I'm a little jet-lagged, but it's good to be back. So, how was your day? Anything exciting happen while I was away?	-19.41513156890869	-21.262531638145447	-0.3883026313781738	-0.4252506327629089	50	50	-19.41513156890869	-21.262531638145447	-0.3883026313781738	-0.4252506327629089	1.847400069236756	0.036948001384735	True	True	No, I wish I was! I just got back from Spain actually.	just	0.036948001384735	1.847400069236756	0	"Speaker 1: Hey Michelle. Good to see you. Are you at lunch?
Speaker 2: Oh hi Jim. No I just got back. I thought you were on vacation now.
Speaker 1: "	"Speaker 1: Hey Michelle. Good to see you. Are you at lunch?
Speaker 2: Oh hi Jim. No I got back. I thought you were on vacation now.
Speaker 1: "	Speaker 1
326	327	expanded_data	discourse_particle	15	just_j_4012	just	h	Are you ok, Chuck? You look pale.	I'm fine, Katherine. I just stayed up late last night working on my Chinese.	I'm fine, Katherine. I stayed up late last night working on my Chinese.	Oh, poor you. You know what? I found a new way to learn Chinese and it works very well.		P	I'm fine, Katherine. I just stayed up late last night working on my Chinese.	nucleus	chat	0.9	1.0	20260416	1516497681	50	50	500	44	44	You're doing Chinese? That's impressive! I didn't know you were into languages. Which level are you at?	you're doing chinese? that's impressive! i didn't know you were into languages. which level are you at?	You're doing Chinese? That's impressive! I didn't know you were into languages. Which level are you at?	-15.231550216674805	-16.300981760025024	-0.5252258695405105	-0.5621028193112078	29	29	-15.231550216674805	-16.300981760025024	-0.5252258695405105	-0.5621028193112078	1.0694315433502195	0.0368769497706972	True	True	Oh, poor you. You know what? I found a new way to learn Chinese and it works very well.	just	0.0368769497706972	1.0694315433502195	0	"Speaker 1: Are you ok, Chuck? You look pale.
Speaker 2: I'm fine, Katherine. I just stayed up late last night working on my Chinese.
Speaker 1: "	"Speaker 1: Are you ok, Chuck? You look pale.
Speaker 2: I'm fine, Katherine. I stayed up late last night working on my Chinese.
Speaker 1: "	Speaker 1
327	328	expanded_data	discourse_particle	6	just_j_638	just	h	Hello, do you have any vacancies?	Yes, something just opened up.	Yes, something opened up.	What kind of apartment is it?		P	Yes, something just opened up.	nucleus	chat	0.9	1.0	20260416	894870064	50	50	500	15	15	That's exciting! Can you tell me more about the vacancy? What kind of role is it, and what are the responsibilities and requirements?	that's exciting! can you tell me more about the vacancy? what kind of role is it, and what are the responsibilities and requirements?	That's exciting! Can you tell me more about the vacancy? What kind of role is it, and what are the responsibilities and requirements?	-6.892029762268066	-8.106709480285645	-0.2088493867353959	-0.2456578630389589	33	33	-6.892029762268066	-8.106709480285645	-0.2088493867353959	-0.2456578630389589	1.214679718017578	0.0368084763035629	True	True	What kind of apartment is it?	just	0.0368084763035629	1.214679718017578	1	"Speaker 1: Hello, do you have any vacancies?
Speaker 2: Yes, something just opened up.
Speaker 1: "	"Speaker 1: Hello, do you have any vacancies?
Speaker 2: Yes, something opened up.
Speaker 1: "	Speaker 1
328	329	expanded_data	discourse_particle	1	just_j_5467	just	h	I want to leave the motorbike outdoors.	Fine, just don't do it at night.	Fine, don't do it at night.	Why not?		P	Fine, just don't do it at night.	nucleus	chat	0.9	1.0	20260416	788549607	50	50	500	42	42	I think there might be some confusion! You were the one who wanted to leave the motorbike outdoors, and I just acknowledged it. Did you mean to say that you don't want to leave it outdoors at night, or was it the other way around?	i think there might be some confusion! you were the one who wanted to leave the motorbike outdoors, and i just acknowledged it. did you mean to say that you don't want to leave it outdoors at night, or was it the other way around?	I think there might be some confusion! You were the one who wanted to leave the motorbike outdoors, and I just acknowledged it. Did you mean to say that you don't want to leave it outdoors at night, or was it the other way around?	-27.9524838924408	-30.04692387580872	-0.4903944542533473	-0.5271390153650652	57	57	-27.9524838924408	-30.04692387580872	-0.4903944542533473	-0.5271390153650652	2.09443998336792	0.0367445611117179	True	True	Why not?	just	0.0367445611117179	2.09443998336792	0	"Speaker 1: I want to leave the motorbike outdoors.
Speaker 2: Fine, just don't do it at night.
Speaker 1: "	"Speaker 1: I want to leave the motorbike outdoors.
Speaker 2: Fine, don't do it at night.
Speaker 1: "	Speaker 1
329	330	expanded_data	discourse_particle	15	just_j_4012	just	h	Are you ok, Chuck? You look pale.	I'm fine, Katherine. I just stayed up late last night working on my Chinese.	I'm fine, Katherine. I stayed up late last night working on my Chinese.	Oh, poor you. You know what? I found a new way to learn Chinese and it works very well.		P	I'm fine, Katherine. I just stayed up late last night working on my Chinese.	nucleus	chat	0.9	1.0	20260416	1516497681	50	50	500	19	19	You're a diligent student, Chuck. I'm sure it'll pay off. By the way, how's your Chinese coming along? Have you made any progress with that character recognition app we recommended?	you're a diligent student, chuck. i'm sure it'll pay off. by the way, how's your chinese coming along? have you made any progress with that character recognition app we recommended?	You're a diligent student, Chuck. I'm sure it'll pay off. By the way, how's your Chinese coming along? Have you made any progress with that character recognition app we recommended?	-27.89534962177277	-29.53647792339325	-0.619896658261617	-0.6563661760754056	45	45	-27.89534962177277	-29.53647792339325	-0.619896658261617	-0.6563661760754056	1.6411283016204834	0.0364695178137886	True	True	Oh, poor you. You know what? I found a new way to learn Chinese and it works very well.	just	0.0364695178137886	1.6411283016204834	0	"Speaker 1: Are you ok, Chuck? You look pale.
Speaker 2: I'm fine, Katherine. I just stayed up late last night working on my Chinese.
Speaker 1: "	"Speaker 1: Are you ok, Chuck? You look pale.
Speaker 2: I'm fine, Katherine. I stayed up late last night working on my Chinese.
Speaker 1: "	Speaker 1
330	331	expanded_data	discourse_particle	26	just_j_1461	just	h	Operator. May I help you?__eou__Yes. How do I get an outside line, please?	Just dial 0, wait for the dial tone, and then dial the phone number you want to call. Or we can place a call for you, if you want.	Dial 0, wait for the dial tone, and then dial the phone number you want to call. Or we can place a call for you, if you want.	No, thanks a lot. I'll try it myself.		P	Just dial 0, wait for the dial tone, and then dial the phone number you want to call. Or we can place a call for you, if you want.	nucleus	chat	0.9	1.0	20260416	71756826	50	50	500	23	23	That's great, thank you! I think I'll just dial the number myself. But before I do, can you tell me the time? I want to make sure I'm calling at a good hour.	that's great, thank you! i think i'll just dial the number myself. but before i do, can you tell me the time? i want to make sure i'm calling at a good hour.	That's great, thank you! I think I'll just dial the number myself. But before I do, can you tell me the time? I want to make sure I'm calling at a good hour.	-15.233553647994995	-16.935608983039856	-0.3241181627232977	-0.3603321060221246	47	47	-15.233553647994995	-16.935608983039856	-0.3241181627232977	-0.3603321060221246	1.7020553350448608	0.0362139432988268	True	True	No, thanks a lot. I'll try it myself.	just	0.0362139432988268	1.7020553350448608	1	"Speaker 1: Operator. May I help you?
Speaker 2: Yes. How do I get an outside line, please?
Speaker 1: Just dial 0, wait for the dial tone, and then dial the phone number you want to call. Or we can place a call for you, if you want.
Speaker 2: "	"Speaker 1: Operator. May I help you?
Speaker 2: Yes. How do I get an outside line, please?
Speaker 1: Dial 0, wait for the dial tone, and then dial the phone number you want to call. Or we can place a call for you, if you want.
Speaker 2: "	Speaker 2
331	332	expanded_data	discourse_particle	36	just_j_8556	just	h	I think I'm going to go home.	Why? We just got here.	Why? We got here.	I know, but it's 12		P	Why? We just got here.	nucleus	chat	0.9	1.0	20260416	1188910665	50	50	500	35	35	I apologize, I think there's been a misunderstanding. I'm just an AI, I don't have the ability to go anywhere or engage in physical activities. I exist solely to assist with text-based conversations. I don't have personal experiences or physical sensations.	i apologize, i think there's been a misunderstanding. i'm just an ai, i don't have the ability to go anywhere or engage in physical activities. i exist solely to assist with text-based conversations. i don't have personal experiences or physical sensations.	I apologize, I think there's been a misunderstanding. I'm just an AI, I don't have the ability to go anywhere or engage in physical activities. I exist solely to assist with text-based conversations. I don't have personal experiences or physical sensations.	-21.835245609283447	-23.89801847934723	-0.3830744843733938	-0.419263482093811	57	57	-21.835245609283447	-23.89801847934723	-0.3830744843733938	-0.419263482093811	2.0627728700637817	0.0361889977204172	True	True	I know, but it's 12	just	0.0361889977204172	2.0627728700637817	1	"Speaker 1: I think I'm going to go home.
Speaker 2: Why? We just got here.
Speaker 1: "	"Speaker 1: I think I'm going to go home.
Speaker 2: Why? We got here.
Speaker 1: "	Speaker 1
332	333	expanded_data	discourse_particle	40	just_j_7614	just	h	Hey Michelle. Good to see you. Are you at lunch?	Oh hi Jim. No I just got back. I thought you were on vacation now.	Oh hi Jim. No I got back. I thought you were on vacation now.	No, I wish I was! I just got back from Spain actually.		P	Oh hi Jim. No I just got back. I thought you were on vacation now.	nucleus	chat	0.9	1.0	20260416	135797504	50	50	500	22	22	Yeah, I am. I got back last night. I'm just resting up for a bit before I dive back into work. How about you, how was your day?	yeah, i am. i got back last night. i'm just resting up for a bit before i dive back into work. how about you, how was your day?	Yeah, I am. I got back last night. I'm just resting up for a bit before I dive back into work. How about you, how was your day?	-19.478457808494568	-20.92570948600769	-0.4869614452123642	-0.5231427371501922	40	40	-19.478457808494568	-20.92570948600769	-0.4869614452123642	-0.5231427371501922	1.4472516775131226	0.036181291937828	True	True	No, I wish I was! I just got back from Spain actually.	just	0.036181291937828	1.4472516775131226	0	"Speaker 1: Hey Michelle. Good to see you. Are you at lunch?
Speaker 2: Oh hi Jim. No I just got back. I thought you were on vacation now.
Speaker 1: "	"Speaker 1: Hey Michelle. Good to see you. Are you at lunch?
Speaker 2: Oh hi Jim. No I got back. I thought you were on vacation now.
Speaker 1: "	Speaker 1
333	334	expanded_data	discourse_particle	54	just_j_2522	just	h	I'm searching for an old music box.__eou__You came to the right place. Any particular decade?__eou__If you had a box made in the' 20s, that would be nice.	We just got one in yesterday, so now we have six.	We got one in yesterday, so now we have six.	Would any of them have dancing figures?		P	We just got one in yesterday, so now we have six.	nucleus	chat	0.9	1.0	20260416	1861274201	50	50	500	36	36	That's amazing! Six music boxes from the 1920s would be a treasure trove! Each one has its own unique story and history. I can only imagine the sounds and melodies that come from them.	that's amazing! six music boxes from the 1920s would be a treasure trove! each one has its own unique story and history. i can only imagine the sounds and melodies that come from them.	That's amazing! Six music boxes from the 1920s would be a treasure trove! Each one has its own unique story and history. I can only imagine the sounds and melodies that come from them.\n\nCan you tell me more about the one you just got? Is it in good condition, and do you	-29.89731168746948	-31.6298977136612	-0.6228606601556143	-0.6589562023679415	48	48	-29.89731168746948	-31.6298977136612	-0.6228606601556143	-0.6589562023679415	1.7325860261917114	0.0360955422123272	True	True	Would any of them have dancing figures?	just	0.0360955422123272	1.7325860261917114	0	"Speaker 1: I'm searching for an old music box.
Speaker 2: You came to the right place. Any particular decade?
Speaker 1: If you had a box made in the' 20s, that would be nice.
Speaker 2: We just got one in yesterday, so now we have six.
Speaker 1: "	"Speaker 1: I'm searching for an old music box.
Speaker 2: You came to the right place. Any particular decade?
Speaker 1: If you had a box made in the' 20s, that would be nice.
Speaker 2: We got one in yesterday, so now we have six.
Speaker 1: "	Speaker 1
334	335	expanded_data	discourse_particle	40	just_j_7614	just	h	Hey Michelle. Good to see you. Are you at lunch?	Oh hi Jim. No I just got back. I thought you were on vacation now.	Oh hi Jim. No I got back. I thought you were on vacation now.	No, I wish I was! I just got back from Spain actually.		P	Oh hi Jim. No I just got back. I thought you were on vacation now.	nucleus	chat	0.9	1.0	20260416	135797504	50	50	500	19	19	I am! I'm just checking in real quick. My internet connection is spotty where I am, so I wanted to make sure everything is okay here before I head out for the rest of the trip.	i am! i'm just checking in real quick. my internet connection is spotty where i am, so i wanted to make sure everything is okay here before i head out for the rest of the trip.	I am! I'm just checking in real quick. My internet connection is spotty where I am, so I wanted to make sure everything is okay here before I head out for the rest of the trip.	-24.906521677970886	-26.600366592407227	-0.5299259931483167	-0.5659652466469622	47	47	-24.906521677970886	-26.600366592407227	-0.5299259931483167	-0.5659652466469622	1.6938449144363403	0.0360392534986455	True	True	No, I wish I was! I just got back from Spain actually.	just	0.0360392534986455	1.6938449144363403	0	"Speaker 1: Hey Michelle. Good to see you. Are you at lunch?
Speaker 2: Oh hi Jim. No I just got back. I thought you were on vacation now.
Speaker 1: "	"Speaker 1: Hey Michelle. Good to see you. Are you at lunch?
Speaker 2: Oh hi Jim. No I got back. I thought you were on vacation now.
Speaker 1: "	Speaker 1
335	336	expanded_data	discourse_particle	28	just_j_2164	just	h	I love breathing fresh air in the suburb places, while sitting in the morning sunshine.__eou__I can't agree more, honey. We need to get away from work from time to time.	Yeah, just return to nature and feel the thrills of its beauty.	Yeah, return to nature and feel the thrills of its beauty.	We are nor alone here. So many other families!		P	Yeah, just return to nature and feel the thrills of its beauty.	nucleus	chat	0.9	1.0	20260416	857667843	50	50	500	13	13	I'm glad you feel that way. Nature has a way of calming our minds and refreshing our souls.	i'm glad you feel that way. nature has a way of calming our minds and refreshing our souls.	I'm glad you feel that way. Nature has a way of calming our minds and refreshing our souls.	-13.012516140937803	-13.947028279304504	-0.5004813900360694	-0.5364241645886347	26	26	-13.012516140937803	-13.947028279304504	-0.5004813900360694	-0.5364241645886347	0.9345121383666992	0.0359427745525653	True	True	We are nor alone here. So many other families!	just	0.0359427745525653	0.9345121383666992	0	"Speaker 1: I love breathing fresh air in the suburb places, while sitting in the morning sunshine.
Speaker 2: I can't agree more, honey. We need to get away from work from time to time.
Speaker 1: Yeah, just return to nature and feel the thrills of its beauty.
Speaker 2: "	"Speaker 1: I love breathing fresh air in the suburb places, while sitting in the morning sunshine.
Speaker 2: I can't agree more, honey. We need to get away from work from time to time.
Speaker 1: Yeah, return to nature and feel the thrills of its beauty.
Speaker 2: "	Speaker 2
336	337	expanded_data	discourse_particle	12	just_j_8890	just	h	Wow! What’s the hold up?	It’s probably just people trying to get an early start out of the city for the weekend. Nobody sticks around in the summer.	It’s probably people trying to get an early start out of the city for the weekend. Nobody sticks around in the summer.	Really? Then, I guess I won’t have a hard time finding a room or getting a cab?		P	It’s probably just people trying to get an early start out of the city for the weekend. Nobody sticks around in the summer.	nucleus	chat	0.9	1.0	20260416	1504568862	50	50	500	2	2	That makes sense. Summer traffic can be a real challenge, especially during rush hour. People probably want to get out of the city and enjoy the nice weather. Are you planning on heading out of the city this weekend too?	that makes sense. summer traffic can be a real challenge, especially during rush hour. people probably want to get out of the city and enjoy the nice weather. are you planning on heading out of the city this weekend too?	That makes sense. Summer traffic can be a real challenge, especially during rush hour. People probably want to get out of the city and enjoy the nice weather. Are you planning on heading out of the city this weekend too?	-26.0875084400177	-27.876529097557068	-0.521750168800354	-0.5575305819511414	50	50	-26.0875084400177	-27.876529097557068	-0.521750168800354	-0.5575305819511414	1.7890206575393677	0.0357804131507873	True	True	Really? Then, I guess I won’t have a hard time finding a room or getting a cab?	just	0.0357804131507873	1.7890206575393677	0	"Speaker 1: Wow! What’s the hold up?
Speaker 2: It’s probably just people trying to get an early start out of the city for the weekend. Nobody sticks around in the summer.
Speaker 1: "	"Speaker 1: Wow! What’s the hold up?
Speaker 2: It’s probably people trying to get an early start out of the city for the weekend. Nobody sticks around in the summer.
Speaker 1: "	Speaker 1
337	338	expanded_data	discourse_particle	40	just_j_7614	just	h	Hey Michelle. Good to see you. Are you at lunch?	Oh hi Jim. No I just got back. I thought you were on vacation now.	Oh hi Jim. No I got back. I thought you were on vacation now.	No, I wish I was! I just got back from Spain actually.		P	Oh hi Jim. No I just got back. I thought you were on vacation now.	nucleus	chat	0.9	1.0	20260416	135797504	50	50	500	48	48	I'm back already! Yeah, I decided to cut my trip short. I had some unexpected work stuff come up and I needed to get back to deal with it. How about you, how was your day?	i'm back already! yeah, i decided to cut my trip short. i had some unexpected work stuff come up and i needed to get back to deal with it. how about you, how was your day?	I'm back already! Yeah, I decided to cut my trip short. I had some unexpected work stuff come up and I needed to get back to deal with it. How about you, how was your day?	-21.782619833946228	-23.49270069599152	-0.4538045798738797	-0.4894312644998232	48	48	-21.782619833946228	-23.49270069599152	-0.4538045798738797	-0.4894312644998232	1.710080862045288	0.0356266846259435	True	True	No, I wish I was! I just got back from Spain actually.	just	0.0356266846259435	1.710080862045288	0	"Speaker 1: Hey Michelle. Good to see you. Are you at lunch?
Speaker 2: Oh hi Jim. No I just got back. I thought you were on vacation now.
Speaker 1: "	"Speaker 1: Hey Michelle. Good to see you. Are you at lunch?
Speaker 2: Oh hi Jim. No I got back. I thought you were on vacation now.
Speaker 1: "	Speaker 1
338	339	expanded_data	discourse_particle	26	just_j_1461	just	h	Operator. May I help you?__eou__Yes. How do I get an outside line, please?	Just dial 0, wait for the dial tone, and then dial the phone number you want to call. Or we can place a call for you, if you want.	Dial 0, wait for the dial tone, and then dial the phone number you want to call. Or we can place a call for you, if you want.	No, thanks a lot. I'll try it myself.		P	Just dial 0, wait for the dial tone, and then dial the phone number you want to call. Or we can place a call for you, if you want.	nucleus	chat	0.9	1.0	20260416	71756826	50	50	500	30	30	Thank you! I think I'll just dial 0 myself. But before I do, can you tell me what time it is? I want to make sure I'm calling at a reasonable hour.	thank you! i think i'll just dial 0 myself. but before i do, can you tell me what time it is? i want to make sure i'm calling at a reasonable hour.	Thank you! I think I'll just dial 0 myself. But before I do, can you tell me what time it is? I want to make sure I'm calling at a reasonable hour.	-16.110357999801636	-17.7125324010849	-0.3580079555511474	-0.39361183113522	45	45	-16.110357999801636	-17.7125324010849	-0.3580079555511474	-0.39361183113522	1.6021744012832642	0.0356038755840725	True	True	No, thanks a lot. I'll try it myself.	just	0.0356038755840725	1.6021744012832642	1	"Speaker 1: Operator. May I help you?
Speaker 2: Yes. How do I get an outside line, please?
Speaker 1: Just dial 0, wait for the dial tone, and then dial the phone number you want to call. Or we can place a call for you, if you want.
Speaker 2: "	"Speaker 1: Operator. May I help you?
Speaker 2: Yes. How do I get an outside line, please?
Speaker 1: Dial 0, wait for the dial tone, and then dial the phone number you want to call. Or we can place a call for you, if you want.
Speaker 2: "	Speaker 2
339	340	expanded_data	discourse_particle	9	just_j_7769	just	h	What's up? You look depressed.	I just had a quarrel with him.	I had a quarrel with him.	Would you rather I taught him a lesson for you?		P	I just had a quarrel with him.	nucleus	chat	0.9	1.0	20260416	1997417192	50	50	500	44	44	I'm so sorry to hear that. It can be really tough to deal with conflicts and disagreements, especially when it's with someone you care about.	i'm so sorry to hear that. it can be really tough to deal with conflicts and disagreements, especially when it's with someone you care about.	I'm so sorry to hear that. It can be really tough to deal with conflicts and disagreements, especially when it's with someone you care about.\n\nCan you tell me a bit more about what happened? Sometimes talking about it can help clear your head and gain some perspective.\n\nAnd don't worry, everything will work out	-15.782546997070312	-17.0284321308136	-0.4509299142020089	-0.48652663230896	35	35	-15.782546997070312	-17.0284321308136	-0.4509299142020089	-0.48652663230896	1.245885133743286	0.035596718106951	True	True	Would you rather I taught him a lesson for you?	just	0.035596718106951	1.245885133743286	0	"Speaker 1: What's up? You look depressed.
Speaker 2: I just had a quarrel with him.
Speaker 1: "	"Speaker 1: What's up? You look depressed.
Speaker 2: I had a quarrel with him.
Speaker 1: "	Speaker 1
340	341	expanded_data	discourse_particle	10	just_j_12718	just	h	Hello Mr Waterstone, what can I do for you today?	Hello, Becky. Well, you see, I have this thing here, called a Fixed Deposit Certificate, and I've just noticed the date on it.	Hello, Becky. Well, you see, I have this thing here, called a Fixed Deposit Certificate, and I've noticed the date on it.	Oh, I see. You have two choices here you can either redeem or renew.		P	Hello, Becky. Well, you see, I have this thing here, called a Fixed Deposit Certificate, and I've just noticed the date on it.	nucleus	chat	0.9	1.0	20260416	1476190778	50	50	500	11	11	A Fixed Deposit Certificate, you say? (gets out a pair of reading glasses) Ah, yes... let me take a look. (examines the certificate) Hmmm... the date on this one says... (pauses) Oh dear, it looks like it's been more than 20 years since you opened	a fixed deposit certificate, you say? (gets out a pair of reading glasses) ah, yes... let me take a look. (examines the certificate) hmmm... the date on this one says... (pauses) oh dear, it looks like it's been more than 20 years since you opened	A Fixed Deposit Certificate, you say? (gets out a pair of reading glasses) Ah, yes... let me take a look. (examines the certificate) Hmmm... the date on this one says... (pauses) Oh dear, it looks like it's been more than 20 years since you opened	-60.85863876342773	-63.31315779685974	-0.8820092574409817	-0.9175819970559382	69	69	-60.85863876342773	-63.31315779685974	-0.8820092574409817	-0.9175819970559382	2.454519033432007	0.0355727396149565	True	True	Oh, I see. You have two choices here you can either redeem or renew.	just	0.0355727396149565	2.454519033432007	0	"Speaker 1: Hello Mr Waterstone, what can I do for you today?
Speaker 2: Hello, Becky. Well, you see, I have this thing here, called a Fixed Deposit Certificate, and I've just noticed the date on it.
Speaker 1: "	"Speaker 1: Hello Mr Waterstone, what can I do for you today?
Speaker 2: Hello, Becky. Well, you see, I have this thing here, called a Fixed Deposit Certificate, and I've noticed the date on it.
Speaker 1: "	Speaker 1
341	342	expanded_data	discourse_particle	10	just_j_12718	just	h	Hello Mr Waterstone, what can I do for you today?	Hello, Becky. Well, you see, I have this thing here, called a Fixed Deposit Certificate, and I've just noticed the date on it.	Hello, Becky. Well, you see, I have this thing here, called a Fixed Deposit Certificate, and I've noticed the date on it.	Oh, I see. You have two choices here you can either redeem or renew.		P	Hello, Becky. Well, you see, I have this thing here, called a Fixed Deposit Certificate, and I've just noticed the date on it.	nucleus	chat	0.9	1.0	20260416	1476190778	50	50	500	42	42	A Fixed Deposit Certificate, you say? Let me take a look. (rustling papers) Ah, yes, I see. The date on the certificate is quite old, isn't it? When did you first notice it was overdue?	a fixed deposit certificate, you say? let me take a look. (rustling papers) ah, yes, i see. the date on the certificate is quite old, isn't it? when did you first notice it was overdue?	A Fixed Deposit Certificate, you say? Let me take a look. (rustling papers) Ah, yes, I see. The date on the certificate is quite old, isn't it? When did you first notice it was overdue?	-30.003095269203182	-31.879504919052124	-0.5660961371547771	-0.6015000928123042	53	53	-30.003095269203182	-31.879504919052124	-0.5660961371547771	-0.6015000928123042	1.876409649848938	0.035403955657527	True	True	Oh, I see. You have two choices here you can either redeem or renew.	just	0.035403955657527	1.876409649848938	0	"Speaker 1: Hello Mr Waterstone, what can I do for you today?
Speaker 2: Hello, Becky. Well, you see, I have this thing here, called a Fixed Deposit Certificate, and I've just noticed the date on it.
Speaker 1: "	"Speaker 1: Hello Mr Waterstone, what can I do for you today?
Speaker 2: Hello, Becky. Well, you see, I have this thing here, called a Fixed Deposit Certificate, and I've noticed the date on it.
Speaker 1: "	Speaker 1
342	343	expanded_data	discourse_particle	35	just_j_8362	just	h	let's go swimming.	But, we just finished eating lunch.	But, we finished eating lunch.	I know, but I'm really hot.		P	But, we just finished eating lunch.	nucleus	chat	0.9	1.0	20260416	1023332715	50	50	500	42	42	That's a good point! We should probably wait a bit before going swimming to make sure we're not too full or uncomfortable. Plus, it's always better to swim after a meal when you're not feeling too full or bloated. How about we take a short walk or do something else for a bit first?	that's a good point! we should probably wait a bit before going swimming to make sure we're not too full or uncomfortable. plus, it's always better to swim after a meal when you're not feeling too full or bloated. how about we take a short walk or do something else for a bit first?	That's a good point! We should probably wait a bit before going swimming to make sure we're not too full or uncomfortable. Plus, it's always better to swim after a meal when you're not feeling too full or bloated. How about we take a short walk or do something else for a bit first?	-36.26633405685425	-38.70749223232269	-0.5255990443022355	-0.5609781482945317	69	69	-36.26633405685425	-38.70749223232269	-0.5255990443022355	-0.5609781482945317	2.441158175468445	0.0353791039922962	True	True	I know, but I'm really hot.	just	0.0353791039922962	2.441158175468445	0	"Speaker 1: let's go swimming.
Speaker 2: But, we just finished eating lunch.
Speaker 1: "	"Speaker 1: let's go swimming.
Speaker 2: But, we finished eating lunch.
Speaker 1: "	Speaker 1
343	344	expanded_data	discourse_particle	54	just_j_2522	just	h	I'm searching for an old music box.__eou__You came to the right place. Any particular decade?__eou__If you had a box made in the' 20s, that would be nice.	We just got one in yesterday, so now we have six.	We got one in yesterday, so now we have six.	Would any of them have dancing figures?		P	We just got one in yesterday, so now we have six.	nucleus	chat	0.9	1.0	20260416	1861274201	50	50	500	34	34	I'd love to take a look! Are they all in working condition?	i'd love to take a look! are they all in working condition?	I'd love to take a look! Are they all in working condition?	-12.318800806999208	-13.025269269943236	-0.6159400403499603	-0.6512634634971619	20	20	-12.318800806999208	-13.025269269943236	-0.6159400403499603	-0.6512634634971619	0.7064684629440308	0.0353234231472016	True	True	Would any of them have dancing figures?	just	0.0353234231472016	0.7064684629440308	0	"Speaker 1: I'm searching for an old music box.
Speaker 2: You came to the right place. Any particular decade?
Speaker 1: If you had a box made in the' 20s, that would be nice.
Speaker 2: We just got one in yesterday, so now we have six.
Speaker 1: "	"Speaker 1: I'm searching for an old music box.
Speaker 2: You came to the right place. Any particular decade?
Speaker 1: If you had a box made in the' 20s, that would be nice.
Speaker 2: We got one in yesterday, so now we have six.
Speaker 1: "	Speaker 1
344	345	expanded_data	discourse_particle	57	just_j_11362	just	h	Would you mind if I ask your health status?	I just had a complete physical examination and passed with flying colors.	I had a complete physical examination and passed with flying colors.	That is good. We hope each of our future employees will be healthy and happy.		P	I just had a complete physical examination and passed with flying colors.	nucleus	chat	0.9	1.0	20260416	1728911766	50	50	500	52	49	That's great to hear! Congratulations on taking care of your health and getting a clean bill of health.	that's great to hear! congratulations on taking care of your health and getting a clean bill of health.	That's great to hear! Congratulations on taking care of your health and getting a clean bill of health.\n\nAs a conversational AI, I'm programmed to ensure that our conversation is respectful, helpful, and safe for everyone involved. That's why I asked about your health status. Since you've recently had a physical examination	-11.344592809677124	-12.261176705360413	-0.4363304926798894	-0.4715837194369389	26	26	-11.344592809677124	-12.261176705360413	-0.4363304926798894	-0.4715837194369389	0.9165838956832886	0.0352532267570495	True	True	That is good. We hope each of our future employees will be healthy and happy.	just	0.0352532267570495	0.9165838956832886	1	"Speaker 1: Would you mind if I ask your health status?
Speaker 2: I just had a complete physical examination and passed with flying colors.
Speaker 1: "	"Speaker 1: Would you mind if I ask your health status?
Speaker 2: I had a complete physical examination and passed with flying colors.
Speaker 1: "	Speaker 1
345	346	expanded_data	discourse_particle	15	just_j_4012	just	h	Are you ok, Chuck? You look pale.	I'm fine, Katherine. I just stayed up late last night working on my Chinese.	I'm fine, Katherine. I stayed up late last night working on my Chinese.	Oh, poor you. You know what? I found a new way to learn Chinese and it works very well.		P	I'm fine, Katherine. I just stayed up late last night working on my Chinese.	nucleus	chat	0.9	1.0	20260416	1516497681	50	50	500	6	6	Well, you should take a break and get some rest then! It's great that you're putting in the effort to learn Chinese, by the way. It's a challenging but rewarding language to study. What's your goal for learning Chinese? Are you planning to travel to China or work with Chinese-speaking colleagues?	well, you should take a break and get some rest then! it's great that you're putting in the effort to learn chinese, by the way. it's a challenging but rewarding language to study. what's your goal for learning chinese? are you planning to travel to china or work with chinese-speaking colleagues?	Well, you should take a break and get some rest then! It's great that you're putting in the effort to learn Chinese, by the way. It's a challenging but rewarding language to study. What's your goal for learning Chinese? Are you planning to travel to China or work with Chinese-speaking colleagues?	-34.58351814746857	-36.972655057907104	-0.5085811492274789	-0.5437155155574575	68	68	-34.58351814746857	-36.972655057907104	-0.5085811492274789	-0.5437155155574575	2.3891369104385376	0.0351343663299785	True	True	Oh, poor you. You know what? I found a new way to learn Chinese and it works very well.	just	0.0351343663299785	2.3891369104385376	0	"Speaker 1: Are you ok, Chuck? You look pale.
Speaker 2: I'm fine, Katherine. I just stayed up late last night working on my Chinese.
Speaker 1: "	"Speaker 1: Are you ok, Chuck? You look pale.
Speaker 2: I'm fine, Katherine. I stayed up late last night working on my Chinese.
Speaker 1: "	Speaker 1
346	347	expanded_data	discourse_particle	10	just_j_12718	just	h	Hello Mr Waterstone, what can I do for you today?	Hello, Becky. Well, you see, I have this thing here, called a Fixed Deposit Certificate, and I've just noticed the date on it.	Hello, Becky. Well, you see, I have this thing here, called a Fixed Deposit Certificate, and I've noticed the date on it.	Oh, I see. You have two choices here you can either redeem or renew.		P	Hello, Becky. Well, you see, I have this thing here, called a Fixed Deposit Certificate, and I've just noticed the date on it.	nucleus	chat	0.9	1.0	20260416	1476190778	50	50	500	9	9	Mr Waterstone! Welcome to our bank. I'm Becky, by the way. (smiling) Please, do come in and have a seat. What's the issue with your Fixed Deposit Certificate?	mr waterstone! welcome to our bank. i'm becky, by the way. (smiling) please, do come in and have a seat. what's the issue with your fixed deposit certificate?	Mr Waterstone! Welcome to our bank. I'm Becky, by the way. (smiling) Please, do come in and have a seat. What's the issue with your Fixed Deposit Certificate?	-32.88254249095917	-34.49507939815521	-0.7148378802382428	-0.7498930303946786	46	46	-32.88254249095917	-34.49507939815521	-0.7148378802382428	-0.7498930303946786	1.612536907196045	0.0350551501564357	True	True	Oh, I see. You have two choices here you can either redeem or renew.	just	0.0350551501564357	1.612536907196045	0	"Speaker 1: Hello Mr Waterstone, what can I do for you today?
Speaker 2: Hello, Becky. Well, you see, I have this thing here, called a Fixed Deposit Certificate, and I've just noticed the date on it.
Speaker 1: "	"Speaker 1: Hello Mr Waterstone, what can I do for you today?
Speaker 2: Hello, Becky. Well, you see, I have this thing here, called a Fixed Deposit Certificate, and I've noticed the date on it.
Speaker 1: "	Speaker 1
347	348	expanded_data	discourse_particle	8	just_j_498	just	h	I'm hungry. Do we have anything to eat?	Just a few cookies.	A few cookies.	That's fine with me.		P	Just a few cookies.	nucleus	chat	0.9	1.0	20260416	470286339	50	50	500	37	33	Cookies sound like a great snack! Do you want to share them with me?	cookies sound like a great snack! do you want to share them with me?	Cookies sound like a great snack! Do you want to share them with me?	-7.822158575057983	-8.55158543586731	-0.3724837416694277	-0.4072183540889195	21	21	-7.822158575057983	-8.55158543586731	-0.3724837416694277	-0.4072183540889195	0.7294268608093262	0.0347346124194917	True	True	That's fine with me.	just	0.0347346124194917	0.7294268608093262	1	"Speaker 1: I'm hungry. Do we have anything to eat?
Speaker 2: Just a few cookies.
Speaker 1: "	"Speaker 1: I'm hungry. Do we have anything to eat?
Speaker 2: A few cookies.
Speaker 1: "	Speaker 1
348	349	expanded_data	discourse_particle	15	just_j_4012	just	h	Are you ok, Chuck? You look pale.	I'm fine, Katherine. I just stayed up late last night working on my Chinese.	I'm fine, Katherine. I stayed up late last night working on my Chinese.	Oh, poor you. You know what? I found a new way to learn Chinese and it works very well.		P	I'm fine, Katherine. I just stayed up late last night working on my Chinese.	nucleus	chat	0.9	1.0	20260416	1516497681	50	50	500	38	38	You're a diligent student, I'll give you that. But maybe you should take a break and get some fresh air today. You don't want to burn out on your language learning.	you're a diligent student, i'll give you that. but maybe you should take a break and get some fresh air today. you don't want to burn out on your language learning.	You're a diligent student, I'll give you that. But maybe you should take a break and get some fresh air today. You don't want to burn out on your language learning.	-18.94327294826508	-20.4330313205719	-0.4405412313550018	-0.4751867748970209	43	43	-18.94327294826508	-20.4330313205719	-0.4405412313550018	-0.4751867748970209	1.4897583723068235	0.0346455435420191	True	True	Oh, poor you. You know what? I found a new way to learn Chinese and it works very well.	just	0.0346455435420191	1.4897583723068235	0	"Speaker 1: Are you ok, Chuck? You look pale.
Speaker 2: I'm fine, Katherine. I just stayed up late last night working on my Chinese.
Speaker 1: "	"Speaker 1: Are you ok, Chuck? You look pale.
Speaker 2: I'm fine, Katherine. I stayed up late last night working on my Chinese.
Speaker 1: "	Speaker 1
349	350	expanded_data	discourse_particle	24	just_j_6768	just	h	Kathy! How are you? It's been ages! What are you doing these days?	I just opened my own restaurant. I'm also head chef.	I opened my own restaurant. I'm also head chef.	You're kidding! You've always hated cooking!		P	I just opened my own restaurant. I'm also head chef.	nucleus	chat	0.9	1.0	20260416	1976038075	50	50	500	5	5	Congratulations! That's amazing news! Opening your own restaurant is a huge accomplishment, and being the head chef too means you're truly dedicated to your craft. What kind of cuisine do you specialize in? Is it a casual eatery or a fine dining establishment? Tell me more about your new venture!	congratulations! that's amazing news! opening your own restaurant is a huge accomplishment, and being the head chef too means you're truly dedicated to your craft. what kind of cuisine do you specialize in? is it a casual eatery or a fine dining establishment? tell me more about your new venture!	Congratulations! That's amazing news! Opening your own restaurant is a huge accomplishment, and being the head chef too means you're truly dedicated to your craft. What kind of cuisine do you specialize in? Is it a casual eatery or a fine dining establishment? Tell me more about your new venture!	-24.606654286384583	-26.85616672039032	-0.3785639120982243	-0.4131717956983126	65	65	-24.606654286384583	-26.85616672039032	-0.3785639120982243	-0.4131717956983126	2.2495124340057373	0.0346078836000883	True	True	You're kidding! You've always hated cooking!	just	0.0346078836000883	2.2495124340057373	1	"Speaker 1: Kathy! How are you? It's been ages! What are you doing these days?
Speaker 2: I just opened my own restaurant. I'm also head chef.
Speaker 1: "	"Speaker 1: Kathy! How are you? It's been ages! What are you doing these days?
Speaker 2: I opened my own restaurant. I'm also head chef.
Speaker 1: "	Speaker 1
350	351	expanded_data	discourse_particle	12	just_j_8890	just	h	Wow! What’s the hold up?	It’s probably just people trying to get an early start out of the city for the weekend. Nobody sticks around in the summer.	It’s probably people trying to get an early start out of the city for the weekend. Nobody sticks around in the summer.	Really? Then, I guess I won’t have a hard time finding a room or getting a cab?		P	It’s probably just people trying to get an early start out of the city for the weekend. Nobody sticks around in the summer.	nucleus	chat	0.9	1.0	20260416	1504568862	50	50	500	1	1	Summer traffic can be a real nightmare, especially when everyone's trying to get out of the city for a weekend getaway. But I'm glad you're not letting it get to you. What are your plans for the weekend?	summer traffic can be a real nightmare, especially when everyone's trying to get out of the city for a weekend getaway. but i'm glad you're not letting it get to you. what are your plans for the weekend?	Summer traffic can be a real nightmare, especially when everyone's trying to get out of the city for a weekend getaway. But I'm glad you're not letting it get to you. What are your plans for the weekend?	-24.600125908851624	-26.329387426376343	-0.4920025181770324	-0.5265877485275269	50	50	-24.600125908851624	-26.329387426376343	-0.4920025181770324	-0.5265877485275269	1.7292615175247192	0.0345852303504944	True	True	Really? Then, I guess I won’t have a hard time finding a room or getting a cab?	just	0.0345852303504944	1.7292615175247192	0	"Speaker 1: Wow! What’s the hold up?
Speaker 2: It’s probably just people trying to get an early start out of the city for the weekend. Nobody sticks around in the summer.
Speaker 1: "	"Speaker 1: Wow! What’s the hold up?
Speaker 2: It’s probably people trying to get an early start out of the city for the weekend. Nobody sticks around in the summer.
Speaker 1: "	Speaker 1
351	352	expanded_data	discourse_particle	12	just_j_8890	just	h	Wow! What’s the hold up?	It’s probably just people trying to get an early start out of the city for the weekend. Nobody sticks around in the summer.	It’s probably people trying to get an early start out of the city for the weekend. Nobody sticks around in the summer.	Really? Then, I guess I won’t have a hard time finding a room or getting a cab?		P	It’s probably just people trying to get an early start out of the city for the weekend. Nobody sticks around in the summer.	nucleus	chat	0.9	1.0	20260416	1504568862	50	50	500	13	13	Summer in the city can be overwhelming! It's no wonder people would want to escape to greener pastures or a quieter atmosphere. Are you planning on sticking around or heading out for a bit too?	summer in the city can be overwhelming! it's no wonder people would want to escape to greener pastures or a quieter atmosphere. are you planning on sticking around or heading out for a bit too?	Summer in the city can be overwhelming! It's no wonder people would want to escape to greener pastures or a quieter atmosphere. Are you planning on sticking around or heading out for a bit too?	-36.92346370220184	-38.51296937465668	-0.8026839935261271	-0.8372384646664495	46	46	-36.92346370220184	-38.51296937465668	-0.8026839935261271	-0.8372384646664495	1.589505672454834	0.0345544711403223	True	True	Really? Then, I guess I won’t have a hard time finding a room or getting a cab?	just	0.0345544711403223	1.589505672454834	0	"Speaker 1: Wow! What’s the hold up?
Speaker 2: It’s probably just people trying to get an early start out of the city for the weekend. Nobody sticks around in the summer.
Speaker 1: "	"Speaker 1: Wow! What’s the hold up?
Speaker 2: It’s probably people trying to get an early start out of the city for the weekend. Nobody sticks around in the summer.
Speaker 1: "	Speaker 1
352	353	expanded_data	discourse_particle	19	just_j_7873	just	h	How are you getting along with your wife now?__eou__What can you expect? Not that good.__eou__What are you going to do then?	Just let it go.	Let it go.	How are your work now?		P	Just let it go.	nucleus	chat	0.9	1.0	20260416	1369746621	50	50	500	49	49	It seems like you're not feeling too optimistic about a particular situation. Can you tell me more about what's on your mind? I'm here to listen and help if I can.	it seems like you're not feeling too optimistic about a particular situation. can you tell me more about what's on your mind? i'm here to listen and help if i can.	It seems like you're not feeling too optimistic about a particular situation. Can you tell me more about what's on your mind? I'm here to listen and help if I can.	-16.607444643974304	-18.058414220809937	-0.3954153486660549	-0.4299622433526175	42	42	-16.607444643974304	-18.058414220809937	-0.3954153486660549	-0.4299622433526175	1.4509695768356323	0.0345468946865626	True	True	How are your work now?	just	0.0345468946865626	1.4509695768356323	0	"Speaker 1: How are you getting along with your wife now?
Speaker 2: What can you expect? Not that good.
Speaker 1: What are you going to do then?
Speaker 2: Just let it go.
Speaker 1: "	"Speaker 1: How are you getting along with your wife now?
Speaker 2: What can you expect? Not that good.
Speaker 1: What are you going to do then?
Speaker 2: Let it go.
Speaker 1: "	Speaker 1
353	354	expanded_data	discourse_particle	40	just_j_7614	just	h	Hey Michelle. Good to see you. Are you at lunch?	Oh hi Jim. No I just got back. I thought you were on vacation now.	Oh hi Jim. No I got back. I thought you were on vacation now.	No, I wish I was! I just got back from Spain actually.		P	Oh hi Jim. No I just got back. I thought you were on vacation now.	nucleus	chat	0.9	1.0	20260416	135797504	50	50	500	41	41	Yeah, I am! I'm just taking a quick break before I head out to the airport. I'm heading to Hawaii for a week, and I'm really looking forward to some R&R. How about you, what's new with you?	yeah, i am! i'm just taking a quick break before i head out to the airport. i'm heading to hawaii for a week, and i'm really looking forward to some r&r. how about you, what's new with you?	Yeah, I am! I'm just taking a quick break before I head out to the airport. I'm heading to Hawaii for a week, and I'm really looking forward to some R&R. How about you, what's new with you?	-21.270780444145203	-23.17026126384735	-0.3867414626208219	-0.4212774775244973	55	55	-21.270780444145203	-23.17026126384735	-0.3867414626208219	-0.4212774775244973	1.8994808197021484	0.0345360149036754	True	True	No, I wish I was! I just got back from Spain actually.	just	0.0345360149036754	1.8994808197021484	0	"Speaker 1: Hey Michelle. Good to see you. Are you at lunch?
Speaker 2: Oh hi Jim. No I just got back. I thought you were on vacation now.
Speaker 1: "	"Speaker 1: Hey Michelle. Good to see you. Are you at lunch?
Speaker 2: Oh hi Jim. No I got back. I thought you were on vacation now.
Speaker 1: "	Speaker 1
354	355	expanded_data	discourse_particle	10	just_j_12718	just	h	Hello Mr Waterstone, what can I do for you today?	Hello, Becky. Well, you see, I have this thing here, called a Fixed Deposit Certificate, and I've just noticed the date on it.	Hello, Becky. Well, you see, I have this thing here, called a Fixed Deposit Certificate, and I've noticed the date on it.	Oh, I see. You have two choices here you can either redeem or renew.		P	Hello, Becky. Well, you see, I have this thing here, called a Fixed Deposit Certificate, and I've just noticed the date on it.	nucleus	chat	0.9	1.0	20260416	1476190778	50	50	500	5	5	A Fixed Deposit Certificate, you say? Ah, yes! Those are usually for a specific term, aren't they? Which date did you notice, Mr. Waterstone?	a fixed deposit certificate, you say? ah, yes! those are usually for a specific term, aren't they? which date did you notice, mr. waterstone?	A Fixed Deposit Certificate, you say? Ah, yes! Those are usually for a specific term, aren't they? Which date did you notice, Mr. Waterstone?	-22.13322126865387	-23.512482047081	-0.5533305317163467	-0.5878120511770248	40	40	-22.13322126865387	-23.512482047081	-0.5533305317163467	-0.5878120511770248	1.379260778427124	0.0344815194606781	True	True	Oh, I see. You have two choices here you can either redeem or renew.	just	0.0344815194606781	1.379260778427124	0	"Speaker 1: Hello Mr Waterstone, what can I do for you today?
Speaker 2: Hello, Becky. Well, you see, I have this thing here, called a Fixed Deposit Certificate, and I've just noticed the date on it.
Speaker 1: "	"Speaker 1: Hello Mr Waterstone, what can I do for you today?
Speaker 2: Hello, Becky. Well, you see, I have this thing here, called a Fixed Deposit Certificate, and I've noticed the date on it.
Speaker 1: "	Speaker 1
355	356	expanded_data	discourse_particle	26	just_j_1461	just	h	Operator. May I help you?__eou__Yes. How do I get an outside line, please?	Just dial 0, wait for the dial tone, and then dial the phone number you want to call. Or we can place a call for you, if you want.	Dial 0, wait for the dial tone, and then dial the phone number you want to call. Or we can place a call for you, if you want.	No, thanks a lot. I'll try it myself.		P	Just dial 0, wait for the dial tone, and then dial the phone number you want to call. Or we can place a call for you, if you want.	nucleus	chat	0.9	1.0	20260416	71756826	50	50	500	10	10	Thank you. I think I can manage that. But before I do, can I ask, what's the time? And is there a weather report available?	thank you. i think i can manage that. but before i do, can i ask, what's the time? and is there a weather report available?	Thank you. I think I can manage that. But before I do, can I ask, what's the time? And is there a weather report available?	-18.573787093162537	-19.848408579826355	-0.5019942457611496	-0.536443475130442	37	37	-18.573787093162537	-19.848408579826355	-0.5019942457611496	-0.536443475130442	1.2746214866638184	0.0344492293692924	True	True	No, thanks a lot. I'll try it myself.	just	0.0344492293692924	1.2746214866638184	1	"Speaker 1: Operator. May I help you?
Speaker 2: Yes. How do I get an outside line, please?
Speaker 1: Just dial 0, wait for the dial tone, and then dial the phone number you want to call. Or we can place a call for you, if you want.
Speaker 2: "	"Speaker 1: Operator. May I help you?
Speaker 2: Yes. How do I get an outside line, please?
Speaker 1: Dial 0, wait for the dial tone, and then dial the phone number you want to call. Or we can place a call for you, if you want.
Speaker 2: "	Speaker 2
356	357	expanded_data	discourse_particle	36	just_j_8556	just	h	I think I'm going to go home.	Why? We just got here.	Why? We got here.	I know, but it's 12		P	Why? We just got here.	nucleus	chat	0.9	1.0	20260416	1188910665	50	50	500	23	23	I apologize, I think there might have been a misunderstanding. I'm an AI, I don't have personal experiences or physical presence, so I didn't actually go anywhere or arrive anywhere. I'm here to assist you with any questions or tasks you may have, so please feel free to ask me anything!	i apologize, i think there might have been a misunderstanding. i'm an ai, i don't have personal experiences or physical presence, so i didn't actually go anywhere or arrive anywhere. i'm here to assist you with any questions or tasks you may have, so please feel free to ask me anything!	I apologize, I think there might have been a misunderstanding. I'm an AI, I don't have personal experiences or physical presence, so I didn't actually go anywhere or arrive anywhere. I'm here to assist you with any questions or tasks you may have, so please feel free to ask me anything!	-17.539604783058167	-19.84111988544464	-0.2617851460157935	-0.2961361176932036	67	67	-17.539604783058167	-19.84111988544464	-0.2617851460157935	-0.2961361176932036	2.3015151023864746	0.03435097167741	True	True	I know, but it's 12	just	0.03435097167741	2.3015151023864746	1	"Speaker 1: I think I'm going to go home.
Speaker 2: Why? We just got here.
Speaker 1: "	"Speaker 1: I think I'm going to go home.
Speaker 2: Why? We got here.
Speaker 1: "	Speaker 1
357	358	expanded_data	discourse_particle	19	just_j_7873	just	h	How are you getting along with your wife now?__eou__What can you expect? Not that good.__eou__What are you going to do then?	Just let it go.	Let it go.	How are your work now?		P	Just let it go.	nucleus	chat	0.9	1.0	20260416	1369746621	50	50	500	42	42	It sounds like you're referring to a conversation or a situation that's not going well, and you're choosing to just let it go and move on. That can be a good strategy when faced with something that's causing stress or frustration. Sometimes, it's better to just release your expectations and move on, rather than	it sounds like you're referring to a conversation or a situation that's not going well, and you're choosing to just let it go and move on. that can be a good strategy when faced with something that's causing stress or frustration. sometimes, it's better to just release your expectations and move on, rather than	It sounds like you're referring to a conversation or a situation that's not going well, and you're choosing to just let it go and move on. That can be a good strategy when faced with something that's causing stress or frustration. Sometimes, it's better to just release your expectations and move on, rather than	-65.15016567707062	-67.5165194272995	-0.94420529966769	-0.9785002815550652	69	69	-65.15016567707062	-67.5165194272995	-0.94420529966769	-0.9785002815550652	2.366353750228882	0.0342949818873751	True	True	How are your work now?	just	0.0342949818873751	2.366353750228882	0	"Speaker 1: How are you getting along with your wife now?
Speaker 2: What can you expect? Not that good.
Speaker 1: What are you going to do then?
Speaker 2: Just let it go.
Speaker 1: "	"Speaker 1: How are you getting along with your wife now?
Speaker 2: What can you expect? Not that good.
Speaker 1: What are you going to do then?
Speaker 2: Let it go.
Speaker 1: "	Speaker 1
358	359	expanded_data	discourse_particle	54	just_j_2522	just	h	I'm searching for an old music box.__eou__You came to the right place. Any particular decade?__eou__If you had a box made in the' 20s, that would be nice.	We just got one in yesterday, so now we have six.	We got one in yesterday, so now we have six.	Would any of them have dancing figures?		P	We just got one in yesterday, so now we have six.	nucleus	chat	0.9	1.0	20260416	1861274201	50	50	500	30	30	Six music boxes in total, and one of them is from the 1920s! That's amazing. What a treasure trove! Are they all working properly, or are some of them in need of restoration?	six music boxes in total, and one of them is from the 1920s! that's amazing. what a treasure trove! are they all working properly, or are some of them in need of restoration?	Six music boxes in total, and one of them is from the 1920s! That's amazing. What a treasure trove! Are they all working properly, or are some of them in need of restoration?	-23.958001255989075	-25.63404071331024	-0.4889388011426341	-0.5231436880267396	49	49	-23.958001255989075	-25.63404071331024	-0.4889388011426341	-0.5231436880267396	1.676039457321167	0.0342048868841054	True	True	Would any of them have dancing figures?	just	0.0342048868841054	1.676039457321167	0	"Speaker 1: I'm searching for an old music box.
Speaker 2: You came to the right place. Any particular decade?
Speaker 1: If you had a box made in the' 20s, that would be nice.
Speaker 2: We just got one in yesterday, so now we have six.
Speaker 1: "	"Speaker 1: I'm searching for an old music box.
Speaker 2: You came to the right place. Any particular decade?
Speaker 1: If you had a box made in the' 20s, that would be nice.
Speaker 2: We got one in yesterday, so now we have six.
Speaker 1: "	Speaker 1
359	360	expanded_data	discourse_particle	51	just_j_2401	just	h	This motor oil case is still really slippery.__eou__Yeah, time for more coffee!__eou__Sure, why not? I think I want a chocolate chip cookie, too.	By the way, I heard Kitty's just got in a shipment of Jamaican Blue Mountain.	By the way, I heard Kitty's got in a shipment of Jamaican Blue Mountain.	So what?		P	By the way, I heard Kitty's just got in a shipment of Jamaican Blue Mountain.	nucleus	chat	0.9	1.0	20260416	2004638241	50	50	500	33	33	Ooh, that's amazing! I love trying new coffee beans. I'll have to swing by Kitty's and grab a bag. Have you tried their Jamaican Blue Mountain before?	ooh, that's amazing! i love trying new coffee beans. i'll have to swing by kitty's and grab a bag. have you tried their jamaican blue mountain before?	Ooh, that's amazing! I love trying new coffee beans. I'll have to swing by Kitty's and grab a bag. Have you tried their Jamaican Blue Mountain before?	-15.690528392791748	-17.112801790237427	-0.3735840093521845	-0.4074476616723196	42	42	-15.690528392791748	-17.112801790237427	-0.3735840093521845	-0.4074476616723196	1.4222733974456787	0.0338636523201351	True	True	So what?	just	0.0338636523201351	1.4222733974456787	0	"Speaker 1: This motor oil case is still really slippery.
Speaker 2: Yeah, time for more coffee!
Speaker 1: Sure, why not? I think I want a chocolate chip cookie, too.
Speaker 2: By the way, I heard Kitty's just got in a shipment of Jamaican Blue Mountain.
Speaker 1: "	"Speaker 1: This motor oil case is still really slippery.
Speaker 2: Yeah, time for more coffee!
Speaker 1: Sure, why not? I think I want a chocolate chip cookie, too.
Speaker 2: By the way, I heard Kitty's got in a shipment of Jamaican Blue Mountain.
Speaker 1: "	Speaker 1
360	361	expanded_data	discourse_particle	26	just_j_1461	just	h	Operator. May I help you?__eou__Yes. How do I get an outside line, please?	Just dial 0, wait for the dial tone, and then dial the phone number you want to call. Or we can place a call for you, if you want.	Dial 0, wait for the dial tone, and then dial the phone number you want to call. Or we can place a call for you, if you want.	No, thanks a lot. I'll try it myself.		P	Just dial 0, wait for the dial tone, and then dial the phone number you want to call. Or we can place a call for you, if you want.	nucleus	chat	0.9	1.0	20260416	71756826	50	50	500	37	37	Thank you! I think I'll just dial 0 and take care of it myself. But before I do, can you tell me what the time is?	thank you! i think i'll just dial 0 and take care of it myself. but before i do, can you tell me what the time is?	Thank you! I think I'll just dial 0 and take care of it myself. But before I do, can you tell me what the time is?	-8.137830257415771	-9.38127052783966	-0.2199413583085343	-0.2535478521037746	37	37	-8.137830257415771	-9.38127052783966	-0.2199413583085343	-0.2535478521037746	1.2434402704238892	0.0336064937952402	True	True	No, thanks a lot. I'll try it myself.	just	0.0336064937952402	1.2434402704238892	1	"Speaker 1: Operator. May I help you?
Speaker 2: Yes. How do I get an outside line, please?
Speaker 1: Just dial 0, wait for the dial tone, and then dial the phone number you want to call. Or we can place a call for you, if you want.
Speaker 2: "	"Speaker 1: Operator. May I help you?
Speaker 2: Yes. How do I get an outside line, please?
Speaker 1: Dial 0, wait for the dial tone, and then dial the phone number you want to call. Or we can place a call for you, if you want.
Speaker 2: "	Speaker 2
361	362	expanded_data	discourse_particle	2	just_j_2485	just	h	I'm looking for some fresh produce that's on sale.	Well, we just got in some mangoes.	Well, we got in some mangoes.	Mangoes. What are they?		P	Well, we just got in some mangoes.	nucleus	chat	0.9	1.0	20260416	545491132	50	50	500	42	42	Mangoes! I love mangoes! How many varieties do you have? Are they ripe and ready to eat?	mangoes! i love mangoes! how many varieties do you have? are they ripe and ready to eat?	Mangoes! I love mangoes! How many varieties do you have? Are they ripe and ready to eat?	-6.140324711799622	-7.114676117897034	-0.2117353348896421	-0.2453336592378287	29	29	-6.140324711799622	-7.114676117897034	-0.2117353348896421	-0.2453336592378287	0.974351406097412	0.0335983243481866	True	True	Mangoes. What are they?	just	0.0335983243481866	0.974351406097412	1	"Speaker 1: I'm looking for some fresh produce that's on sale.
Speaker 2: Well, we just got in some mangoes.
Speaker 1: "	"Speaker 1: I'm looking for some fresh produce that's on sale.
Speaker 2: Well, we got in some mangoes.
Speaker 1: "	Speaker 1
362	363	expanded_data	discourse_particle	31	just_j_2438	just	h	OK, so are you ready to learn how to bake a cake?	Almost, let me just put my apron on.	Almost, let me put my apron on.	OK, so the first thing we are going to do is pre-heat the oven, that way we have it at the desired temperature once we finish preparing everything. Set it to three hundred and seventy five degrees Fahrenheit.		P	Almost, let me just put my apron on.	nucleus	chat	0.9	1.0	20260416	491321217	50	50	500	16	16	Ahaha, nice touch! Alright, apron on, let's get baking! But first, which type of cake would you like to bake? Do you have a favorite recipe or flavor in mind?	ahaha, nice touch! alright, apron on, let's get baking! but first, which type of cake would you like to bake? do you have a favorite recipe or flavor in mind?	Ahaha, nice touch! Alright, apron on, let's get baking! But first, which type of cake would you like to bake? Do you have a favorite recipe or flavor in mind?	-16.84280240535736	-18.37981963157653	-0.3661478783773339	-0.3995612963386204	46	46	-16.84280240535736	-18.37981963157653	-0.3661478783773339	-0.3995612963386204	1.5370172262191772	0.0334134179612864	True	True	OK, so the first thing we are going to do is pre-heat the oven, that way we have it at the desired temperature once we finish preparing everything. Set it to three hundred and seventy five degrees Fahrenheit.	just	0.0334134179612864	1.5370172262191772	0	"Speaker 1: OK, so are you ready to learn how to bake a cake?
Speaker 2: Almost, let me just put my apron on.
Speaker 1: "	"Speaker 1: OK, so are you ready to learn how to bake a cake?
Speaker 2: Almost, let me put my apron on.
Speaker 1: "	Speaker 1
363	364	expanded_data	discourse_particle	6	just_j_638	just	h	Hello, do you have any vacancies?	Yes, something just opened up.	Yes, something opened up.	What kind of apartment is it?		P	Yes, something just opened up.	nucleus	chat	0.9	1.0	20260416	894870064	50	50	500	34	33	That's great! Can you tell me more about the vacancy? What kind of role is it and what are the responsibilities?	that's great! can you tell me more about the vacancy? what kind of role is it and what are the responsibilities?	That's great! Can you tell me more about the vacancy? What kind of role is it and what are the responsibilities?	-6.501156449317932	-7.502402305603027	-0.2167052149772644	-0.2500800768534342	30	30	-6.501156449317932	-7.502402305603027	-0.2167052149772644	-0.2500800768534342	1.0012458562850952	0.0333748618761698	True	True	What kind of apartment is it?	just	0.0333748618761698	1.0012458562850952	1	"Speaker 1: Hello, do you have any vacancies?
Speaker 2: Yes, something just opened up.
Speaker 1: "	"Speaker 1: Hello, do you have any vacancies?
Speaker 2: Yes, something opened up.
Speaker 1: "	Speaker 1
364	365	expanded_data	discourse_particle	25	just_j_12662	just	h	Is everything all right?__eou__Not at all.__eou__What's the problem?	Someone just robbed me.	Someone robbed me.	What do you mean?		P	Someone just robbed me.	nucleus	chat	0.9	1.0	20260416	310199087	50	50	500	16	16	Oh no, I'm so sorry to hear that! That must be really upsetting and frightening for you. Can you tell me more about what happened? Where were you, and what did the person take? Are you safe now?	oh no, i'm so sorry to hear that! that must be really upsetting and frightening for you. can you tell me more about what happened? where were you, and what did the person take? are you safe now?	Oh no, I'm so sorry to hear that! That must be really upsetting and frightening for you. Can you tell me more about what happened? Where were you, and what did the person take? Are you safe now?	-16.94086742401123	-18.633275032043457	-0.3321738710590437	-0.3653583339616364	51	51	-16.94086742401123	-18.633275032043457	-0.3321738710590437	-0.3653583339616364	1.6924076080322266	0.0331844629025926	True	True	What do you mean?	just	0.0331844629025926	1.6924076080322266	1	"Speaker 1: Is everything all right?
Speaker 2: Not at all.
Speaker 1: What's the problem?
Speaker 2: Someone just robbed me.
Speaker 1: "	"Speaker 1: Is everything all right?
Speaker 2: Not at all.
Speaker 1: What's the problem?
Speaker 2: Someone robbed me.
Speaker 1: "	Speaker 1
365	366	expanded_data	discourse_particle	31	just_j_2438	just	h	OK, so are you ready to learn how to bake a cake?	Almost, let me just put my apron on.	Almost, let me put my apron on.	OK, so the first thing we are going to do is pre-heat the oven, that way we have it at the desired temperature once we finish preparing everything. Set it to three hundred and seventy five degrees Fahrenheit.		P	Almost, let me just put my apron on.	nucleus	chat	0.9	1.0	20260416	491321217	50	50	500	6	6	Ha ha, nice one! Since we're having a virtual baking session, you don't actually need an apron, but I appreciate the enthusiasm! Let's get started with a simple recipe for a classic vanilla cake. Do you want to follow along and learn the steps, or do you have a specific type of cake	ha ha, nice one! since we're having a virtual baking session, you don't actually need an apron, but i appreciate the enthusiasm! let's get started with a simple recipe for a classic vanilla cake. do you want to follow along and learn the steps, or do you have a specific type of cake	Ha ha, nice one! Since we're having a virtual baking session, you don't actually need an apron, but I appreciate the enthusiasm! Let's get started with a simple recipe for a classic vanilla cake. Do you want to follow along and learn the steps, or do you have a specific type of cake	-53.68667614459992	-55.943899750709534	-0.778067770211593	-0.8107811558073845	69	69	-53.68667614459992	-55.943899750709534	-0.778067770211593	-0.8107811558073845	2.257223606109619	0.0327133855957915	True	True	OK, so the first thing we are going to do is pre-heat the oven, that way we have it at the desired temperature once we finish preparing everything. Set it to three hundred and seventy five degrees Fahrenheit.	just	0.0327133855957915	2.257223606109619	0	"Speaker 1: OK, so are you ready to learn how to bake a cake?
Speaker 2: Almost, let me just put my apron on.
Speaker 1: "	"Speaker 1: OK, so are you ready to learn how to bake a cake?
Speaker 2: Almost, let me put my apron on.
Speaker 1: "	Speaker 1
366	367	expanded_data	discourse_particle	54	just_j_2522	just	h	I'm searching for an old music box.__eou__You came to the right place. Any particular decade?__eou__If you had a box made in the' 20s, that would be nice.	We just got one in yesterday, so now we have six.	We got one in yesterday, so now we have six.	Would any of them have dancing figures?		P	We just got one in yesterday, so now we have six.	nucleus	chat	0.9	1.0	20260416	1861274201	50	50	500	10	10	That's exciting! Six music boxes is a wonderful collection. And if you recently acquired one from the 1920s, that's a great find! The music boxes from that era are often ornate and feature intricate craftsmanship.	that's exciting! six music boxes is a wonderful collection. and if you recently acquired one from the 1920s, that's a great find! the music boxes from that era are often ornate and feature intricate craftsmanship.	That's exciting! Six music boxes is a wonderful collection. And if you recently acquired one from the 1920s, that's a great find! The music boxes from that era are often ornate and feature intricate craftsmanship.\n\nCan you tell me more about the one you got yesterday? Is it a vintage or antique	-36.64116859436035	-38.30389595031738	-0.7184542861639285	-0.7510567833395565	51	51	-36.64116859436035	-38.30389595031738	-0.7184542861639285	-0.7510567833395565	1.6627273559570312	0.032602497175628	True	True	Would any of them have dancing figures?	just	0.032602497175628	1.6627273559570312	0	"Speaker 1: I'm searching for an old music box.
Speaker 2: You came to the right place. Any particular decade?
Speaker 1: If you had a box made in the' 20s, that would be nice.
Speaker 2: We just got one in yesterday, so now we have six.
Speaker 1: "	"Speaker 1: I'm searching for an old music box.
Speaker 2: You came to the right place. Any particular decade?
Speaker 1: If you had a box made in the' 20s, that would be nice.
Speaker 2: We got one in yesterday, so now we have six.
Speaker 1: "	Speaker 1
367	368	expanded_data	discourse_particle	10	just_j_12718	just	h	Hello Mr Waterstone, what can I do for you today?	Hello, Becky. Well, you see, I have this thing here, called a Fixed Deposit Certificate, and I've just noticed the date on it.	Hello, Becky. Well, you see, I have this thing here, called a Fixed Deposit Certificate, and I've noticed the date on it.	Oh, I see. You have two choices here you can either redeem or renew.		P	Hello, Becky. Well, you see, I have this thing here, called a Fixed Deposit Certificate, and I've just noticed the date on it.	nucleus	chat	0.9	1.0	20260416	1476190778	50	50	500	23	23	A Fixed Deposit Certificate, you say? (checking the date) Ah, yes...it looks like it's about to mature. Congratulations! When would you like to receive your interest payment and have the principal amount returned to you, Mr. Waterstone?	a fixed deposit certificate, you say? (checking the date) ah, yes...it looks like it's about to mature. congratulations! when would you like to receive your interest payment and have the principal amount returned to you, mr. waterstone?	A Fixed Deposit Certificate, you say? (checking the date) Ah, yes...it looks like it's about to mature. Congratulations! When would you like to receive your interest payment and have the principal amount returned to you, Mr. Waterstone?	-32.64946472644806	-34.46775031089783	-0.5830261558294296	-0.6154955412660327	56	56	-32.64946472644806	-34.46775031089783	-0.5830261558294296	-0.6154955412660327	1.818285584449768	0.032469385436603	True	True	Oh, I see. You have two choices here you can either redeem or renew.	just	0.032469385436603	1.818285584449768	0	"Speaker 1: Hello Mr Waterstone, what can I do for you today?
Speaker 2: Hello, Becky. Well, you see, I have this thing here, called a Fixed Deposit Certificate, and I've just noticed the date on it.
Speaker 1: "	"Speaker 1: Hello Mr Waterstone, what can I do for you today?
Speaker 2: Hello, Becky. Well, you see, I have this thing here, called a Fixed Deposit Certificate, and I've noticed the date on it.
Speaker 1: "	Speaker 1
368	369	expanded_data	discourse_particle	36	just_j_8556	just	h	I think I'm going to go home.	Why? We just got here.	Why? We got here.	I know, but it's 12		P	Why? We just got here.	nucleus	chat	0.9	1.0	20260416	1188910665	50	50	500	8	8	I apologize, I made a mistake! I'm just an AI, I don't have the ability to physically go anywhere or make decisions about where to go. I'm here to help answer your questions and assist with tasks to the best of my ability.	i apologize, i made a mistake! i'm just an ai, i don't have the ability to physically go anywhere or make decisions about where to go. i'm here to help answer your questions and assist with tasks to the best of my ability.	I apologize, I made a mistake! I'm just an AI, I don't have the ability to physically go anywhere or make decisions about where to go. I'm here to help answer your questions and assist with tasks to the best of my ability.	-22.971401929855347	-24.78600668907165	-0.410203605890274	-0.442607262304851	56	56	-22.971401929855347	-24.78600668907165	-0.410203605890274	-0.442607262304851	1.8146047592163088	0.0324036564145769	True	True	I know, but it's 12	just	0.0324036564145769	1.8146047592163088	1	"Speaker 1: I think I'm going to go home.
Speaker 2: Why? We just got here.
Speaker 1: "	"Speaker 1: I think I'm going to go home.
Speaker 2: Why? We got here.
Speaker 1: "	Speaker 1
369	370	expanded_data	discourse_particle	10	just_j_12718	just	h	Hello Mr Waterstone, what can I do for you today?	Hello, Becky. Well, you see, I have this thing here, called a Fixed Deposit Certificate, and I've just noticed the date on it.	Hello, Becky. Well, you see, I have this thing here, called a Fixed Deposit Certificate, and I've noticed the date on it.	Oh, I see. You have two choices here you can either redeem or renew.		P	Hello, Becky. Well, you see, I have this thing here, called a Fixed Deposit Certificate, and I've just noticed the date on it.	nucleus	chat	0.9	1.0	20260416	1476190778	50	50	500	38	38	Hello, Mr. Waterstone! *gets out a pair of reading glasses* Ah, a Fixed Deposit Certificate, you say? Let me take a look. *examines the document* Hmm, yes, the date does seem to be... *pauses* ... rather old. Would you like to tell me what	hello, mr. waterstone! *gets out a pair of reading glasses* ah, a fixed deposit certificate, you say? let me take a look. *examines the document* hmm, yes, the date does seem to be... *pauses* ... rather old. would you like to tell me what	Hello, Mr. Waterstone! *gets out a pair of reading glasses* Ah, a Fixed Deposit Certificate, you say? Let me take a look. *examines the document* Hmm, yes, the date does seem to be... *pauses* ... rather old. Would you like to tell me what	-58.13522922992706	-60.36998379230499	-0.8425395540569139	-0.8749273013377535	69	69	-58.13522922992706	-60.36998379230499	-0.8425395540569139	-0.8749273013377535	2.2347545623779297	0.0323877472808395	True	True	Oh, I see. You have two choices here you can either redeem or renew.	just	0.0323877472808395	2.2347545623779297	0	"Speaker 1: Hello Mr Waterstone, what can I do for you today?
Speaker 2: Hello, Becky. Well, you see, I have this thing here, called a Fixed Deposit Certificate, and I've just noticed the date on it.
Speaker 1: "	"Speaker 1: Hello Mr Waterstone, what can I do for you today?
Speaker 2: Hello, Becky. Well, you see, I have this thing here, called a Fixed Deposit Certificate, and I've noticed the date on it.
Speaker 1: "	Speaker 1
370	371	expanded_data	discourse_particle	57	just_j_11362	just	h	Would you mind if I ask your health status?	I just had a complete physical examination and passed with flying colors.	I had a complete physical examination and passed with flying colors.	That is good. We hope each of our future employees will be healthy and happy.		P	I just had a complete physical examination and passed with flying colors.	nucleus	chat	0.9	1.0	20260416	1728911766	50	50	500	45	43	That's great to hear! Congratulations on passing your physical examination with flying colors!	that's great to hear! congratulations on passing your physical examination with flying colors!	That's great to hear! Congratulations on passing your physical examination with flying colors!\n\nI'm glad to hear that you're in good health. Would you like to talk about what you're working on or what's on your mind lately? I'm here to listen and help if I can!	-7.139793395996094	-7.818804860115051	-0.3399901617140997	-0.3723240409578596	21	21	-7.139793395996094	-7.818804860115051	-0.3399901617140997	-0.3723240409578596	0.6790114641189575	0.0323338792437599	True	True	That is good. We hope each of our future employees will be healthy and happy.	just	0.0323338792437599	0.6790114641189575	1	"Speaker 1: Would you mind if I ask your health status?
Speaker 2: I just had a complete physical examination and passed with flying colors.
Speaker 1: "	"Speaker 1: Would you mind if I ask your health status?
Speaker 2: I had a complete physical examination and passed with flying colors.
Speaker 1: "	Speaker 1
371	372	expanded_data	discourse_particle	25	just_j_12662	just	h	Is everything all right?__eou__Not at all.__eou__What's the problem?	Someone just robbed me.	Someone robbed me.	What do you mean?		P	Someone just robbed me.	nucleus	chat	0.9	1.0	20260416	310199087	50	50	500	43	43	I'm so sorry to hear that! That must be a really scary and upsetting experience. Can you tell me more about what happened? Where were you when the robbery occurred? Did you see the person who robbed you? Do you have any idea what they took?	i'm so sorry to hear that! that must be a really scary and upsetting experience. can you tell me more about what happened? where were you when the robbery occurred? did you see the person who robbed you? do you have any idea what they took?	I'm so sorry to hear that! That must be a really scary and upsetting experience. Can you tell me more about what happened? Where were you when the robbery occurred? Did you see the person who robbed you? Do you have any idea what they took?\n\nAlso, are you safe right now? Do you need	-17.169631481170654	-19.042708039283752	-0.2960281289857009	-0.328322552401444	58	58	-17.169631481170654	-19.042708039283752	-0.2960281289857009	-0.328322552401444	1.873076558113098	0.0322944234157431	True	True	What do you mean?	just	0.0322944234157431	1.873076558113098	1	"Speaker 1: Is everything all right?
Speaker 2: Not at all.
Speaker 1: What's the problem?
Speaker 2: Someone just robbed me.
Speaker 1: "	"Speaker 1: Is everything all right?
Speaker 2: Not at all.
Speaker 1: What's the problem?
Speaker 2: Someone robbed me.
Speaker 1: "	Speaker 1
372	373	expanded_data	discourse_particle	15	just_j_4012	just	h	Are you ok, Chuck? You look pale.	I'm fine, Katherine. I just stayed up late last night working on my Chinese.	I'm fine, Katherine. I stayed up late last night working on my Chinese.	Oh, poor you. You know what? I found a new way to learn Chinese and it works very well.		P	I'm fine, Katherine. I just stayed up late last night working on my Chinese.	nucleus	chat	0.9	1.0	20260416	1516497681	50	50	500	7	7	Well, you should be careful not to burn out, Chuck. Getting enough sleep is important for your health and well-being. But I'm glad you're continuing to work on your Chinese skills - that's very impressive of you!	well, you should be careful not to burn out, chuck. getting enough sleep is important for your health and well-being. but i'm glad you're continuing to work on your chinese skills - that's very impressive of you!	Well, you should be careful not to burn out, Chuck. Getting enough sleep is important for your health and well-being. But I'm glad you're continuing to work on your Chinese skills - that's very impressive of you!	-35.40633428096771	-37.049551486968994	-0.6942418486464257	-0.7264617938621372	51	51	-35.40633428096771	-37.049551486968994	-0.6942418486464257	-0.7264617938621372	1.6432172060012815	0.0322199452157114	True	True	Oh, poor you. You know what? I found a new way to learn Chinese and it works very well.	just	0.0322199452157114	1.6432172060012815	0	"Speaker 1: Are you ok, Chuck? You look pale.
Speaker 2: I'm fine, Katherine. I just stayed up late last night working on my Chinese.
Speaker 1: "	"Speaker 1: Are you ok, Chuck? You look pale.
Speaker 2: I'm fine, Katherine. I stayed up late last night working on my Chinese.
Speaker 1: "	Speaker 1
373	374	expanded_data	discourse_particle	8	just_j_498	just	h	I'm hungry. Do we have anything to eat?	Just a few cookies.	A few cookies.	That's fine with me.		P	Just a few cookies.	nucleus	chat	0.9	1.0	20260416	470286339	50	50	500	22	21	Cookies sound like a perfect snack! Do you have a favorite type of cookie or would you like me to grab one for you?	cookies sound like a perfect snack! do you have a favorite type of cookie or would you like me to grab one for you?	Cookies sound like a perfect snack! Do you have a favorite type of cookie or would you like me to grab one for you?	-14.590798616409302	-15.588501930236816	-0.4706709231099775	-0.5028549009753812	31	31	-14.590798616409302	-15.588501930236816	-0.4706709231099775	-0.5028549009753812	0.9977033138275146	0.0321839778654037	True	True	That's fine with me.	just	0.0321839778654037	0.9977033138275146	1	"Speaker 1: I'm hungry. Do we have anything to eat?
Speaker 2: Just a few cookies.
Speaker 1: "	"Speaker 1: I'm hungry. Do we have anything to eat?
Speaker 2: A few cookies.
Speaker 1: "	Speaker 1
374	375	expanded_data	discourse_particle	51	just_j_2401	just	h	This motor oil case is still really slippery.__eou__Yeah, time for more coffee!__eou__Sure, why not? I think I want a chocolate chip cookie, too.	By the way, I heard Kitty's just got in a shipment of Jamaican Blue Mountain.	By the way, I heard Kitty's got in a shipment of Jamaican Blue Mountain.	So what?		P	By the way, I heard Kitty's just got in a shipment of Jamaican Blue Mountain.	nucleus	chat	0.9	1.0	20260416	2004638241	50	50	500	25	25	No way! I've been wanting to try that. I'll have to swing by Kitty's and grab a bag. Have you tried it before?	no way! i've been wanting to try that. i'll have to swing by kitty's and grab a bag. have you tried it before?	No way! I've been wanting to try that. I'll have to swing by Kitty's and grab a bag. Have you tried it before?	-12.989434838294985	-14.115746974945068	-0.3711267096655709	-0.4033070564270019	35	35	-12.989434838294985	-14.115746974945068	-0.3711267096655709	-0.4033070564270019	1.1263121366500854	0.032180346761431	True	True	So what?	just	0.032180346761431	1.1263121366500854	0	"Speaker 1: This motor oil case is still really slippery.
Speaker 2: Yeah, time for more coffee!
Speaker 1: Sure, why not? I think I want a chocolate chip cookie, too.
Speaker 2: By the way, I heard Kitty's just got in a shipment of Jamaican Blue Mountain.
Speaker 1: "	"Speaker 1: This motor oil case is still really slippery.
Speaker 2: Yeah, time for more coffee!
Speaker 1: Sure, why not? I think I want a chocolate chip cookie, too.
Speaker 2: By the way, I heard Kitty's got in a shipment of Jamaican Blue Mountain.
Speaker 1: "	Speaker 1
375	376	expanded_data	discourse_particle	8	just_j_498	just	h	I'm hungry. Do we have anything to eat?	Just a few cookies.	A few cookies.	That's fine with me.		P	Just a few cookies.	nucleus	chat	0.9	1.0	20260416	470286339	50	50	500	9	9	Cookies sound good! Are they fresh or stale?	cookies sound good! are they fresh or stale?	Cookies sound good! Are they fresh or stale?	-4.12036395072937	-4.599278688430786	-0.2746909300486246	-0.3066185792287191	15	15	-4.12036395072937	-4.599278688430786	-0.2746909300486246	-0.3066185792287191	0.478914737701416	0.0319276491800944	True	True	That's fine with me.	just	0.0319276491800944	0.478914737701416	1	"Speaker 1: I'm hungry. Do we have anything to eat?
Speaker 2: Just a few cookies.
Speaker 1: "	"Speaker 1: I'm hungry. Do we have anything to eat?
Speaker 2: A few cookies.
Speaker 1: "	Speaker 1
376	377	expanded_data	discourse_particle	1	just_j_5467	just	h	I want to leave the motorbike outdoors.	Fine, just don't do it at night.	Fine, don't do it at night.	Why not?		P	Fine, just don't do it at night.	nucleus	chat	0.9	1.0	20260416	788549607	50	50	500	30	30	You're worried about security or safety reasons, right? Leaving the motorbike outdoors at night can make it more vulnerable to theft or vandalism. It's a good idea to find a secure and well-lit area to park it instead.	you're worried about security or safety reasons, right? leaving the motorbike outdoors at night can make it more vulnerable to theft or vandalism. it's a good idea to find a secure and well-lit area to park it instead.	You're worried about security or safety reasons, right? Leaving the motorbike outdoors at night can make it more vulnerable to theft or vandalism. It's a good idea to find a secure and well-lit area to park it instead.	-23.416696429252625	-25.07004451751709	-0.450321085177935	-0.4821162407214825	52	52	-23.416696429252625	-25.07004451751709	-0.450321085177935	-0.4821162407214825	1.653348088264465	0.0317951555435474	True	True	Why not?	just	0.0317951555435474	1.653348088264465	0	"Speaker 1: I want to leave the motorbike outdoors.
Speaker 2: Fine, just don't do it at night.
Speaker 1: "	"Speaker 1: I want to leave the motorbike outdoors.
Speaker 2: Fine, don't do it at night.
Speaker 1: "	Speaker 1
377	378	expanded_data	discourse_particle	15	just_j_4012	just	h	Are you ok, Chuck? You look pale.	I'm fine, Katherine. I just stayed up late last night working on my Chinese.	I'm fine, Katherine. I stayed up late last night working on my Chinese.	Oh, poor you. You know what? I found a new way to learn Chinese and it works very well.		P	I'm fine, Katherine. I just stayed up late last night working on my Chinese.	nucleus	chat	0.9	1.0	20260416	1516497681	50	50	500	22	22	You're really dedicated to your Chinese language skills, aren't you? That's great! How's your progress been so far?	you're really dedicated to your chinese language skills, aren't you? that's great! how's your progress been so far?	You're really dedicated to your Chinese language skills, aren't you? That's great! How's your progress been so far?	-17.909241318702698	-18.890153527259827	-0.5777174618936354	-0.6093597912019298	31	31	-17.909241318702698	-18.890153527259827	-0.5777174618936354	-0.6093597912019298	0.9809122085571288	0.0316423293082944	True	True	Oh, poor you. You know what? I found a new way to learn Chinese and it works very well.	just	0.0316423293082944	0.9809122085571288	0	"Speaker 1: Are you ok, Chuck? You look pale.
Speaker 2: I'm fine, Katherine. I just stayed up late last night working on my Chinese.
Speaker 1: "	"Speaker 1: Are you ok, Chuck? You look pale.
Speaker 2: I'm fine, Katherine. I stayed up late last night working on my Chinese.
Speaker 1: "	Speaker 1
378	379	expanded_data	discourse_particle	26	just_j_1461	just	h	Operator. May I help you?__eou__Yes. How do I get an outside line, please?	Just dial 0, wait for the dial tone, and then dial the phone number you want to call. Or we can place a call for you, if you want.	Dial 0, wait for the dial tone, and then dial the phone number you want to call. Or we can place a call for you, if you want.	No, thanks a lot. I'll try it myself.		P	Just dial 0, wait for the dial tone, and then dial the phone number you want to call. Or we can place a call for you, if you want.	nucleus	chat	0.9	1.0	20260416	71756826	50	50	500	3	3	Thank you! No, that's fine. I'll just dial 0 myself. But before I do, can I quickly check the time? I want to make sure I'm making this call at a decent hour.	thank you! no, that's fine. i'll just dial 0 myself. but before i do, can i quickly check the time? i want to make sure i'm making this call at a decent hour.	Thank you! No, that's fine. I'll just dial 0 myself. But before I do, can I quickly check the time? I want to make sure I'm making this call at a decent hour.	-29.848032474517822	-31.38178300857544	-0.6091435198881188	-0.6404445511954171	49	49	-29.848032474517822	-31.38178300857544	-0.6091435198881188	-0.6404445511954171	1.5337505340576172	0.0313010313072983	True	True	No, thanks a lot. I'll try it myself.	just	0.0313010313072983	1.5337505340576172	1	"Speaker 1: Operator. May I help you?
Speaker 2: Yes. How do I get an outside line, please?
Speaker 1: Just dial 0, wait for the dial tone, and then dial the phone number you want to call. Or we can place a call for you, if you want.
Speaker 2: "	"Speaker 1: Operator. May I help you?
Speaker 2: Yes. How do I get an outside line, please?
Speaker 1: Dial 0, wait for the dial tone, and then dial the phone number you want to call. Or we can place a call for you, if you want.
Speaker 2: "	Speaker 2
379	380	expanded_data	discourse_particle	10	just_j_12718	just	h	Hello Mr Waterstone, what can I do for you today?	Hello, Becky. Well, you see, I have this thing here, called a Fixed Deposit Certificate, and I've just noticed the date on it.	Hello, Becky. Well, you see, I have this thing here, called a Fixed Deposit Certificate, and I've noticed the date on it.	Oh, I see. You have two choices here you can either redeem or renew.		P	Hello, Becky. Well, you see, I have this thing here, called a Fixed Deposit Certificate, and I've just noticed the date on it.	nucleus	chat	0.9	1.0	20260416	1476190778	50	50	500	28	28	A Fixed Deposit Certificate! That's an old-fashioned relic, isn't it, Mr. Waterstone? What's the date on it, if I might ask? Is it... due to mature?	a fixed deposit certificate! that's an old-fashioned relic, isn't it, mr. waterstone? what's the date on it, if i might ask? is it... due to mature?	A Fixed Deposit Certificate! That's an old-fashioned relic, isn't it, Mr. Waterstone? What's the date on it, if I might ask? Is it... due to mature?	-19.43015158176422	-20.83639574050904	-0.4317811462614271	-0.4630310164557563	45	45	-19.43015158176422	-20.83639574050904	-0.4317811462614271	-0.4630310164557563	1.406244158744812	0.0312498701943291	True	True	Oh, I see. You have two choices here you can either redeem or renew.	just	0.0312498701943291	1.406244158744812	0	"Speaker 1: Hello Mr Waterstone, what can I do for you today?
Speaker 2: Hello, Becky. Well, you see, I have this thing here, called a Fixed Deposit Certificate, and I've just noticed the date on it.
Speaker 1: "	"Speaker 1: Hello Mr Waterstone, what can I do for you today?
Speaker 2: Hello, Becky. Well, you see, I have this thing here, called a Fixed Deposit Certificate, and I've noticed the date on it.
Speaker 1: "	Speaker 1
380	381	expanded_data	discourse_particle	26	just_j_1461	just	h	Operator. May I help you?__eou__Yes. How do I get an outside line, please?	Just dial 0, wait for the dial tone, and then dial the phone number you want to call. Or we can place a call for you, if you want.	Dial 0, wait for the dial tone, and then dial the phone number you want to call. Or we can place a call for you, if you want.	No, thanks a lot. I'll try it myself.		P	Just dial 0, wait for the dial tone, and then dial the phone number you want to call. Or we can place a call for you, if you want.	nucleus	chat	0.9	1.0	20260416	71756826	50	50	500	33	33	Thank you! I think I can manage to do it myself. But just to check, is this a... rotary phone?	thank you! i think i can manage to do it myself. but just to check, is this a... rotary phone?	Thank you! I think I can manage to do it myself. But just to check, is this a... rotary phone?	-24.498445868492126	-25.426382899284363	-0.8166148622830709	-0.8475460966428121	30	30	-24.498445868492126	-25.426382899284363	-0.8166148622830709	-0.8475460966428121	0.9279370307922364	0.0309312343597412	True	True	No, thanks a lot. I'll try it myself.	just	0.0309312343597412	0.9279370307922364	1	"Speaker 1: Operator. May I help you?
Speaker 2: Yes. How do I get an outside line, please?
Speaker 1: Just dial 0, wait for the dial tone, and then dial the phone number you want to call. Or we can place a call for you, if you want.
Speaker 2: "	"Speaker 1: Operator. May I help you?
Speaker 2: Yes. How do I get an outside line, please?
Speaker 1: Dial 0, wait for the dial tone, and then dial the phone number you want to call. Or we can place a call for you, if you want.
Speaker 2: "	Speaker 2
381	382	expanded_data	discourse_particle	51	just_j_2401	just	h	This motor oil case is still really slippery.__eou__Yeah, time for more coffee!__eou__Sure, why not? I think I want a chocolate chip cookie, too.	By the way, I heard Kitty's just got in a shipment of Jamaican Blue Mountain.	By the way, I heard Kitty's got in a shipment of Jamaican Blue Mountain.	So what?		P	By the way, I heard Kitty's just got in a shipment of Jamaican Blue Mountain.	nucleus	chat	0.9	1.0	20260416	2004638241	50	50	500	8	8	Ooh, that's great news! I've been meaning to try some. I love a good cup of coffee. Maybe we can stop by Kitty's on the way back to the office and grab a cup.	ooh, that's great news! i've been meaning to try some. i love a good cup of coffee. maybe we can stop by kitty's on the way back to the office and grab a cup.	Ooh, that's great news! I've been meaning to try some. I love a good cup of coffee. Maybe we can stop by Kitty's on the way back to the office and grab a cup.	-24.20173501968384	-25.678486466407776	-0.50420281291008	-0.534968468050162	48	48	-24.20173501968384	-25.678486466407776	-0.50420281291008	-0.534968468050162	1.476751446723938	0.030765655140082	True	True	So what?	just	0.030765655140082	1.476751446723938	0	"Speaker 1: This motor oil case is still really slippery.
Speaker 2: Yeah, time for more coffee!
Speaker 1: Sure, why not? I think I want a chocolate chip cookie, too.
Speaker 2: By the way, I heard Kitty's just got in a shipment of Jamaican Blue Mountain.
Speaker 1: "	"Speaker 1: This motor oil case is still really slippery.
Speaker 2: Yeah, time for more coffee!
Speaker 1: Sure, why not? I think I want a chocolate chip cookie, too.
Speaker 2: By the way, I heard Kitty's got in a shipment of Jamaican Blue Mountain.
Speaker 1: "	Speaker 1
382	383	expanded_data	discourse_particle	15	just_j_4012	just	h	Are you ok, Chuck? You look pale.	I'm fine, Katherine. I just stayed up late last night working on my Chinese.	I'm fine, Katherine. I stayed up late last night working on my Chinese.	Oh, poor you. You know what? I found a new way to learn Chinese and it works very well.		P	I'm fine, Katherine. I just stayed up late last night working on my Chinese.	nucleus	chat	0.9	1.0	20260416	1516497681	50	50	500	25	25	You're a diligent student, aren't you? I'm sure your Chinese will be improving in no time. Would you like a cup of coffee to perk you up?	you're a diligent student, aren't you? i'm sure your chinese will be improving in no time. would you like a cup of coffee to perk you up?	You're a diligent student, aren't you? I'm sure your Chinese will be improving in no time. Would you like a cup of coffee to perk you up?	-19.353801608085632	-20.55302262306213	-0.496251323284247	-0.5270005800785162	39	39	-19.353801608085632	-20.55302262306213	-0.496251323284247	-0.5270005800785162	1.1992210149765017	0.0307492567942692	True	True	Oh, poor you. You know what? I found a new way to learn Chinese and it works very well.	just	0.0307492567942692	1.1992210149765017	0	"Speaker 1: Are you ok, Chuck? You look pale.
Speaker 2: I'm fine, Katherine. I just stayed up late last night working on my Chinese.
Speaker 1: "	"Speaker 1: Are you ok, Chuck? You look pale.
Speaker 2: I'm fine, Katherine. I stayed up late last night working on my Chinese.
Speaker 1: "	Speaker 1
383	384	expanded_data	discourse_particle	31	just_j_2438	just	h	OK, so are you ready to learn how to bake a cake?	Almost, let me just put my apron on.	Almost, let me put my apron on.	OK, so the first thing we are going to do is pre-heat the oven, that way we have it at the desired temperature once we finish preparing everything. Set it to three hundred and seventy five degrees Fahrenheit.		P	Almost, let me just put my apron on.	nucleus	chat	0.9	1.0	20260416	491321217	50	50	500	5	5	Ha ha, that's the spirit! Alright, now that you're all dressed up and ready to bake, I'll guide you through the process. But don't worry, I'll give you the virtual apron and utensils too, so you can just imagine you're baking in the comfort of your own kitchen!	ha ha, that's the spirit! alright, now that you're all dressed up and ready to bake, i'll guide you through the process. but don't worry, i'll give you the virtual apron and utensils too, so you can just imagine you're baking in the comfort of your own kitchen!	Ha ha, that's the spirit! Alright, now that you're all dressed up and ready to bake, I'll guide you through the process. But don't worry, I'll give you the virtual apron and utensils too, so you can just imagine you're baking in the comfort of your own kitchen!\n\n	-41.7587388753891	-43.87687873840332	-0.6051991141360739	-0.635896793310193	69	69	-41.7587388753891	-43.87687873840332	-0.6051991141360739	-0.635896793310193	2.118139863014221	0.0306976791741191	True	True	OK, so the first thing we are going to do is pre-heat the oven, that way we have it at the desired temperature once we finish preparing everything. Set it to three hundred and seventy five degrees Fahrenheit.	just	0.0306976791741191	2.118139863014221	0	"Speaker 1: OK, so are you ready to learn how to bake a cake?
Speaker 2: Almost, let me just put my apron on.
Speaker 1: "	"Speaker 1: OK, so are you ready to learn how to bake a cake?
Speaker 2: Almost, let me put my apron on.
Speaker 1: "	Speaker 1
384	385	expanded_data	discourse_particle	9	just_j_7769	just	h	What's up? You look depressed.	I just had a quarrel with him.	I had a quarrel with him.	Would you rather I taught him a lesson for you?		P	I just had a quarrel with him.	nucleus	chat	0.9	1.0	20260416	1997417192	50	50	500	47	47	I'm so sorry to hear that. It can be really tough to deal with conflicts, especially when they're with someone you care about. Can you tell me a bit more about what happened? Sometimes talking about it can help clarify things and give us a better understanding of what went wrong.	i'm so sorry to hear that. it can be really tough to deal with conflicts, especially when they're with someone you care about. can you tell me a bit more about what happened? sometimes talking about it can help clarify things and give us a better understanding of what went wrong.	I'm so sorry to hear that. It can be really tough to deal with conflicts, especially when they're with someone you care about. Can you tell me a bit more about what happened? Sometimes talking about it can help clarify things and give us a better understanding of what went wrong.	-14.52746593952179	-16.45960569381714	-0.2305946974527268	-0.2612635824415419	63	63	-14.52746593952179	-16.45960569381714	-0.2305946974527268	-0.2612635824415419	1.932139754295349	0.030668884988815	True	True	Would you rather I taught him a lesson for you?	just	0.030668884988815	1.932139754295349	0	"Speaker 1: What's up? You look depressed.
Speaker 2: I just had a quarrel with him.
Speaker 1: "	"Speaker 1: What's up? You look depressed.
Speaker 2: I had a quarrel with him.
Speaker 1: "	Speaker 1
385	386	expanded_data	discourse_particle	57	just_j_11362	just	h	Would you mind if I ask your health status?	I just had a complete physical examination and passed with flying colors.	I had a complete physical examination and passed with flying colors.	That is good. We hope each of our future employees will be healthy and happy.		P	I just had a complete physical examination and passed with flying colors.	nucleus	chat	0.9	1.0	20260416	1728911766	50	50	500	10	10	That's great to hear! Congratulations on getting a clean bill of health. It's always a relief to know that everything is okay and that you're in good shape.	that's great to hear! congratulations on getting a clean bill of health. it's always a relief to know that everything is okay and that you're in good shape.	That's great to hear! Congratulations on getting a clean bill of health. It's always a relief to know that everything is okay and that you're in good shape.\n\nNow, what would you like to talk about or ask? I'm here to help with any questions or concerns you might have.	-12.353712797164915	-13.546374797821043	-0.3167618665939722	-0.3473429435338729	39	39	-12.353712797164915	-13.546374797821043	-0.3167618665939722	-0.3473429435338729	1.192662000656128	0.0305810769399007	True	True	That is good. We hope each of our future employees will be healthy and happy.	just	0.0305810769399007	1.192662000656128	1	"Speaker 1: Would you mind if I ask your health status?
Speaker 2: I just had a complete physical examination and passed with flying colors.
Speaker 1: "	"Speaker 1: Would you mind if I ask your health status?
Speaker 2: I had a complete physical examination and passed with flying colors.
Speaker 1: "	Speaker 1
386	387	expanded_data	discourse_particle	29	just_j_8011	just	h	I can't believe it! I lost.__eou__It looks like you have to buy tickets for us, Jason. And we're not going to see an action movie!__eou__That's not fair, you got all the easy questions.	I guess that's just the luck of the draw.	I guess that's the luck of the draw.	I want a rematch. Let's play again.		P	I guess that's just the luck of the draw.	nucleus	chat	0.9	1.0	20260416	1013948780	50	50	500	28	28	I suppose you're right. Well, I guess I'll just have to grin and bear it. What kind of movie are we going to see, anyway?	i suppose you're right. well, i guess i'll just have to grin and bear it. what kind of movie are we going to see, anyway?	I suppose you're right. Well, I guess I'll just have to grin and bear it. What kind of movie are we going to see, anyway?	-14.395886540412905	-15.523344159126282	-0.3890780146057541	-0.4195498421385482	37	37	-14.395886540412905	-15.523344159126282	-0.3890780146057541	-0.4195498421385482	1.127457618713379	0.030471827532794	True	True	I want a rematch. Let's play again.	just	0.030471827532794	1.127457618713379	0	"Speaker 1: I can't believe it! I lost.
Speaker 2: It looks like you have to buy tickets for us, Jason. And we're not going to see an action movie!
Speaker 1: That's not fair, you got all the easy questions.
Speaker 2: I guess that's just the luck of the draw.
Speaker 1: "	"Speaker 1: I can't believe it! I lost.
Speaker 2: It looks like you have to buy tickets for us, Jason. And we're not going to see an action movie!
Speaker 1: That's not fair, you got all the easy questions.
Speaker 2: I guess that's the luck of the draw.
Speaker 1: "	Speaker 1
387	388	expanded_data	discourse_particle	20	just_j_2141	just	h	I am sorry for damaging your car, sir.	Don't worry about it. Just leave it to the insurance companies.	Don't worry about it. Leave it to the insurance companies.	The car park in this community is over crowded, isn't it?		P	Don't worry about it. Just leave it to the insurance companies.	nucleus	chat	0.9	1.0	20260416	1769991683	50	50	500	14	14	Thank you for being understanding. I hope the insurance companies can resolve the matter quickly and fairly. Can I at least offer to help with getting the car fixed or pay for any repairs out of pocket?	thank you for being understanding. i hope the insurance companies can resolve the matter quickly and fairly. can i at least offer to help with getting the car fixed or pay for any repairs out of pocket?	Thank you for being understanding. I hope the insurance companies can resolve the matter quickly and fairly. Can I at least offer to help with getting the car fixed or pay for any repairs out of pocket?	-28.15313971042633	-29.51712751388549	-0.6256253268983629	-0.6559361669752333	45	45	-28.15313971042633	-29.51712751388549	-0.6256253268983629	-0.6559361669752333	1.3639878034591677	0.0303108400768703	True	True	The car park in this community is over crowded, isn't it?	just	0.0303108400768703	1.3639878034591677	1	"Speaker 1: I am sorry for damaging your car, sir.
Speaker 2: Don't worry about it. Just leave it to the insurance companies.
Speaker 1: "	"Speaker 1: I am sorry for damaging your car, sir.
Speaker 2: Don't worry about it. Leave it to the insurance companies.
Speaker 1: "	Speaker 1
388	389	expanded_data	discourse_particle	1	just_j_5467	just	h	I want to leave the motorbike outdoors.	Fine, just don't do it at night.	Fine, don't do it at night.	Why not?		P	Fine, just don't do it at night.	nucleus	chat	0.9	1.0	20260416	788549607	50	50	500	21	21	So you're giving me permission to leave the motorbike outside, but only during the daytime. Is that correct?	so you're giving me permission to leave the motorbike outside, but only during the daytime. is that correct?	So you're giving me permission to leave the motorbike outside, but only during the daytime. Is that correct?	-14.253329396247864	-15.098545551300049	-0.5090474784374237	-0.5392337696892875	28	28	-14.253329396247864	-15.098545551300049	-0.5090474784374237	-0.5392337696892875	0.8452161550521851	0.0301862912518637	True	True	Why not?	just	0.0301862912518637	0.8452161550521851	0	"Speaker 1: I want to leave the motorbike outdoors.
Speaker 2: Fine, just don't do it at night.
Speaker 1: "	"Speaker 1: I want to leave the motorbike outdoors.
Speaker 2: Fine, don't do it at night.
Speaker 1: "	Speaker 1
389	390	expanded_data	discourse_particle	4	just_j_1627	just	h	Excuse me, do you have the latest issue of Newsworld?	Yes, this week's issue just came in. Here it is.	Yes, this week's issue came in. Here it is.	How about Music Madness?		P	Yes, this week's issue just came in. Here it is.	nucleus	chat	0.9	1.0	20260416	63091100	50	50	500	45	45	Thanks so much! I've been waiting for this week's edition. Can I take a look at the front page? What's the big story?	thanks so much! i've been waiting for this week's edition. can i take a look at the front page? what's the big story?	Thanks so much! I've been waiting for this week's edition. Can I take a look at the front page? What's the big story?	-14.642579197883606	-15.697681903839111	-0.4183594056538173	-0.448505197252546	35	35	-14.642579197883606	-15.697681903839111	-0.4183594056538173	-0.448505197252546	1.0551027059555054	0.0301457915987287	True	True	How about Music Madness?	just	0.0301457915987287	1.0551027059555054	1	"Speaker 1: Excuse me, do you have the latest issue of Newsworld?
Speaker 2: Yes, this week's issue just came in. Here it is.
Speaker 1: "	"Speaker 1: Excuse me, do you have the latest issue of Newsworld?
Speaker 2: Yes, this week's issue came in. Here it is.
Speaker 1: "	Speaker 1
390	391	expanded_data	discourse_particle	19	just_j_7873	just	h	How are you getting along with your wife now?__eou__What can you expect? Not that good.__eou__What are you going to do then?	Just let it go.	Let it go.	How are your work now?		P	Just let it go.	nucleus	chat	0.9	1.0	20260416	1369746621	50	50	500	16	16	It seems like you're preparing yourself for a potentially difficult conversation or situation. Just wanted to check in and see if there's anything I can help with or offer support. If you feel comfortable, you can share more about what's going on and what's on your mind. I'm here to listen and help in any	it seems like you're preparing yourself for a potentially difficult conversation or situation. just wanted to check in and see if there's anything i can help with or offer support. if you feel comfortable, you can share more about what's going on and what's on your mind. i'm here to listen and help in any	It seems like you're preparing yourself for a potentially difficult conversation or situation. Just wanted to check in and see if there's anything I can help with or offer support. If you feel comfortable, you can share more about what's going on and what's on your mind. I'm here to listen and help in any	-65.82530629634857	-67.9014378786087	-0.9539899463238924	-0.9840788098349088	69	69	-65.82530629634857	-67.9014378786087	-0.9539899463238924	-0.9840788098349088	2.076131582260132	0.0300888635110163	True	True	How are your work now?	just	0.0300888635110163	2.076131582260132	0	"Speaker 1: How are you getting along with your wife now?
Speaker 2: What can you expect? Not that good.
Speaker 1: What are you going to do then?
Speaker 2: Just let it go.
Speaker 1: "	"Speaker 1: How are you getting along with your wife now?
Speaker 2: What can you expect? Not that good.
Speaker 1: What are you going to do then?
Speaker 2: Let it go.
Speaker 1: "	Speaker 1
391	392	expanded_data	discourse_particle	57	just_j_11362	just	h	Would you mind if I ask your health status?	I just had a complete physical examination and passed with flying colors.	I had a complete physical examination and passed with flying colors.	That is good. We hope each of our future employees will be healthy and happy.		P	I just had a complete physical examination and passed with flying colors.	nucleus	chat	0.9	1.0	20260416	1728911766	50	50	500	6	6	Excellent! It's great to hear that you're in good health. A regular physical examination is an important part of maintaining good health and catching any potential issues early on. Did you learn anything new or surprising from the examination?	excellent! it's great to hear that you're in good health. a regular physical examination is an important part of maintaining good health and catching any potential issues early on. did you learn anything new or surprising from the examination?	Excellent! It's great to hear that you're in good health. A regular physical examination is an important part of maintaining good health and catching any potential issues early on. Did you learn anything new or surprising from the examination?	-18.28071403503418	-19.78410768508911	-0.3656142807006836	-0.3956821537017822	50	50	-18.28071403503418	-19.78410768508911	-0.3656142807006836	-0.3956821537017822	1.5033936500549316	0.0300678730010986	True	True	That is good. We hope each of our future employees will be healthy and happy.	just	0.0300678730010986	1.5033936500549316	1	"Speaker 1: Would you mind if I ask your health status?
Speaker 2: I just had a complete physical examination and passed with flying colors.
Speaker 1: "	"Speaker 1: Would you mind if I ask your health status?
Speaker 2: I had a complete physical examination and passed with flying colors.
Speaker 1: "	Speaker 1
392	393	expanded_data	discourse_particle	51	just_j_2401	just	h	This motor oil case is still really slippery.__eou__Yeah, time for more coffee!__eou__Sure, why not? I think I want a chocolate chip cookie, too.	By the way, I heard Kitty's just got in a shipment of Jamaican Blue Mountain.	By the way, I heard Kitty's got in a shipment of Jamaican Blue Mountain.	So what?		P	By the way, I heard Kitty's just got in a shipment of Jamaican Blue Mountain.	nucleus	chat	0.9	1.0	20260416	2004638241	50	50	500	37	37	That's awesome! I've been wanting to try some. Is it still in stock?	that's awesome! i've been wanting to try some. is it still in stock?	That's awesome! I've been wanting to try some. Is it still in stock?	-13.181237578392029	-13.871731400489807	-0.5730972860170447	-0.603118756543035	23	23	-13.181237578392029	-13.871731400489807	-0.5730972860170447	-0.603118756543035	0.6904938220977783	0.0300214705259903	True	True	So what?	just	0.0300214705259903	0.6904938220977783	0	"Speaker 1: This motor oil case is still really slippery.
Speaker 2: Yeah, time for more coffee!
Speaker 1: Sure, why not? I think I want a chocolate chip cookie, too.
Speaker 2: By the way, I heard Kitty's just got in a shipment of Jamaican Blue Mountain.
Speaker 1: "	"Speaker 1: This motor oil case is still really slippery.
Speaker 2: Yeah, time for more coffee!
Speaker 1: Sure, why not? I think I want a chocolate chip cookie, too.
Speaker 2: By the way, I heard Kitty's got in a shipment of Jamaican Blue Mountain.
Speaker 1: "	Speaker 1
393	394	expanded_data	discourse_particle	15	just_j_4012	just	h	Are you ok, Chuck? You look pale.	I'm fine, Katherine. I just stayed up late last night working on my Chinese.	I'm fine, Katherine. I stayed up late last night working on my Chinese.	Oh, poor you. You know what? I found a new way to learn Chinese and it works very well.		P	I'm fine, Katherine. I just stayed up late last night working on my Chinese.	nucleus	chat	0.9	1.0	20260416	1516497681	50	50	500	20	20	Chinese, huh? You're quite the ambitious one, aren't you? I'm impressed. How's your language learning going, anyway?	chinese, huh? you're quite the ambitious one, aren't you? i'm impressed. how's your language learning going, anyway?	Chinese, huh? You're quite the ambitious one, aren't you? I'm impressed. How's your language learning going, anyway?	-20.353996753692627	-21.34014081954956	-0.6167877804149281	-0.6466709339257443	33	33	-20.353996753692627	-21.34014081954956	-0.6167877804149281	-0.6466709339257443	0.9861440658569336	0.0298831535108161	True	True	Oh, poor you. You know what? I found a new way to learn Chinese and it works very well.	just	0.0298831535108161	0.9861440658569336	0	"Speaker 1: Are you ok, Chuck? You look pale.
Speaker 2: I'm fine, Katherine. I just stayed up late last night working on my Chinese.
Speaker 1: "	"Speaker 1: Are you ok, Chuck? You look pale.
Speaker 2: I'm fine, Katherine. I stayed up late last night working on my Chinese.
Speaker 1: "	Speaker 1
394	395	expanded_data	discourse_particle	12	just_j_8890	just	h	Wow! What’s the hold up?	It’s probably just people trying to get an early start out of the city for the weekend. Nobody sticks around in the summer.	It’s probably people trying to get an early start out of the city for the weekend. Nobody sticks around in the summer.	Really? Then, I guess I won’t have a hard time finding a room or getting a cab?		P	It’s probably just people trying to get an early start out of the city for the weekend. Nobody sticks around in the summer.	nucleus	chat	0.9	1.0	20260416	1504568862	50	50	500	9	9	That makes sense! Summer can be a great time to get out of the city and enjoy the outdoors. Traffic can be a real pain, especially during rush hour or when there are accidents or construction delays. But it's nice that people are taking advantage of the good weather to get away and have some fun!	that makes sense! summer can be a great time to get out of the city and enjoy the outdoors. traffic can be a real pain, especially during rush hour or when there are accidents or construction delays. but it's nice that people are taking advantage of the good weather to get away and have some fun!	That makes sense! Summer can be a great time to get out of the city and enjoy the outdoors. Traffic can be a real pain, especially during rush hour or when there are accidents or construction delays. But it's nice that people are taking advantage of the good weather to get away and have some fun!	-31.943776607513428	-33.94242775440216	-0.4767727851867676	-0.5066033993194352	67	67	-31.943776607513428	-33.94242775440216	-0.4767727851867676	-0.5066033993194352	1.998651146888733	0.0298306141326676	True	True	Really? Then, I guess I won’t have a hard time finding a room or getting a cab?	just	0.0298306141326676	1.998651146888733	0	"Speaker 1: Wow! What’s the hold up?
Speaker 2: It’s probably just people trying to get an early start out of the city for the weekend. Nobody sticks around in the summer.
Speaker 1: "	"Speaker 1: Wow! What’s the hold up?
Speaker 2: It’s probably people trying to get an early start out of the city for the weekend. Nobody sticks around in the summer.
Speaker 1: "	Speaker 1
395	396	expanded_data	discourse_particle	1	just_j_5467	just	h	I want to leave the motorbike outdoors.	Fine, just don't do it at night.	Fine, don't do it at night.	Why not?		P	Fine, just don't do it at night.	nucleus	chat	0.9	1.0	20260416	788549607	50	50	500	48	48	You're giving me permission to leave the motorbike outdoors, but only during the day. Is there a specific reason why you're concerned about leaving it outside at night? Is it because of safety or weather concerns?	you're giving me permission to leave the motorbike outdoors, but only during the day. is there a specific reason why you're concerned about leaving it outside at night? is it because of safety or weather concerns?	You're giving me permission to leave the motorbike outdoors, but only during the day. Is there a specific reason why you're concerned about leaving it outside at night? Is it because of safety or weather concerns?	-18.911363005638123	-20.33933162689209	-0.3939867292841275	-0.4237360755602519	48	48	-18.911363005638123	-20.33933162689209	-0.3939867292841275	-0.4237360755602519	1.4279686212539673	0.0297493462761243	True	True	Why not?	just	0.0297493462761243	1.4279686212539673	0	"Speaker 1: I want to leave the motorbike outdoors.
Speaker 2: Fine, just don't do it at night.
Speaker 1: "	"Speaker 1: I want to leave the motorbike outdoors.
Speaker 2: Fine, don't do it at night.
Speaker 1: "	Speaker 1
396	397	expanded_data	discourse_particle	1	just_j_5467	just	h	I want to leave the motorbike outdoors.	Fine, just don't do it at night.	Fine, don't do it at night.	Why not?		P	Fine, just don't do it at night.	nucleus	chat	0.9	1.0	20260416	788549607	50	50	500	12	12	I think there's been a misunderstanding! I didn't mean to imply that I want to leave a motorbike outdoors at night. I just meant that I want to leave the motorbike outside, regardless of the time of day.	i think there's been a misunderstanding! i didn't mean to imply that i want to leave a motorbike outdoors at night. i just meant that i want to leave the motorbike outside, regardless of the time of day.	I think there's been a misunderstanding! I didn't mean to imply that I want to leave a motorbike outdoors at night. I just meant that I want to leave the motorbike outside, regardless of the time of day.	-23.71025514602661	-25.22467267513275	-0.4649069636475806	-0.4946014250026029	51	51	-23.71025514602661	-25.22467267513275	-0.4649069636475806	-0.4946014250026029	1.51441752910614	0.0296944613550223	True	True	Why not?	just	0.0296944613550223	1.51441752910614	0	"Speaker 1: I want to leave the motorbike outdoors.
Speaker 2: Fine, just don't do it at night.
Speaker 1: "	"Speaker 1: I want to leave the motorbike outdoors.
Speaker 2: Fine, don't do it at night.
Speaker 1: "	Speaker 1
397	398	expanded_data	discourse_particle	26	just_j_1461	just	h	Operator. May I help you?__eou__Yes. How do I get an outside line, please?	Just dial 0, wait for the dial tone, and then dial the phone number you want to call. Or we can place a call for you, if you want.	Dial 0, wait for the dial tone, and then dial the phone number you want to call. Or we can place a call for you, if you want.	No, thanks a lot. I'll try it myself.		P	Just dial 0, wait for the dial tone, and then dial the phone number you want to call. Or we can place a call for you, if you want.	nucleus	chat	0.9	1.0	20260416	71756826	50	50	500	50	50	Thank you! I think I'll just dial 0 myself. But before I do, can you tell me what the time is? And also, I think I left my appointment book on the desk in the next room. Would you mind fetching it for me?	thank you! i think i'll just dial 0 myself. but before i do, can you tell me what the time is? and also, i think i left my appointment book on the desk in the next room. would you mind fetching it for me?	Thank you! I think I'll just dial 0 myself. But before I do, can you tell me what the time is? And also, I think I left my appointment book on the desk in the next room. Would you mind fetching it for me?	-31.034093379974365	-32.73951244354248	-0.5350705755167994	-0.5644743524748703	58	58	-31.034093379974365	-32.73951244354248	-0.5350705755167994	-0.5644743524748703	1.7054190635681152	0.0294037769580709	True	True	No, thanks a lot. I'll try it myself.	just	0.0294037769580709	1.7054190635681152	1	"Speaker 1: Operator. May I help you?
Speaker 2: Yes. How do I get an outside line, please?
Speaker 1: Just dial 0, wait for the dial tone, and then dial the phone number you want to call. Or we can place a call for you, if you want.
Speaker 2: "	"Speaker 1: Operator. May I help you?
Speaker 2: Yes. How do I get an outside line, please?
Speaker 1: Dial 0, wait for the dial tone, and then dial the phone number you want to call. Or we can place a call for you, if you want.
Speaker 2: "	Speaker 2
398	399	expanded_data	discourse_particle	9	just_j_7769	just	h	What's up? You look depressed.	I just had a quarrel with him.	I had a quarrel with him.	Would you rather I taught him a lesson for you?		P	I just had a quarrel with him.	nucleus	chat	0.9	1.0	20260416	1997417192	50	50	500	17	17	I'm so sorry to hear that. It can be really tough to deal with conflicts, especially with someone you care about. Would you like to talk about what happened? Sometimes sharing what's on your mind can help you process your emotions and feel a bit better. I'm here to listen and offer support if you need	i'm so sorry to hear that. it can be really tough to deal with conflicts, especially with someone you care about. would you like to talk about what happened? sometimes sharing what's on your mind can help you process your emotions and feel a bit better. i'm here to listen and offer support if you need	I'm so sorry to hear that. It can be really tough to deal with conflicts, especially with someone you care about. Would you like to talk about what happened? Sometimes sharing what's on your mind can help you process your emotions and feel a bit better. I'm here to listen and offer support if you need	-35.31217014789581	-37.33227324485779	-0.5117705818535625	-0.5410474383312723	69	69	-35.31217014789581	-37.33227324485779	-0.5117705818535625	-0.5410474383312723	2.020103096961975	0.0292768564777098	True	True	Would you rather I taught him a lesson for you?	just	0.0292768564777098	2.020103096961975	0	"Speaker 1: What's up? You look depressed.
Speaker 2: I just had a quarrel with him.
Speaker 1: "	"Speaker 1: What's up? You look depressed.
Speaker 2: I had a quarrel with him.
Speaker 1: "	Speaker 1
399	400	expanded_data	discourse_particle	26	just_j_1461	just	h	Operator. May I help you?__eou__Yes. How do I get an outside line, please?	Just dial 0, wait for the dial tone, and then dial the phone number you want to call. Or we can place a call for you, if you want.	Dial 0, wait for the dial tone, and then dial the phone number you want to call. Or we can place a call for you, if you want.	No, thanks a lot. I'll try it myself.		P	Just dial 0, wait for the dial tone, and then dial the phone number you want to call. Or we can place a call for you, if you want.	nucleus	chat	0.9	1.0	20260416	71756826	50	50	500	22	22	Thank you! I think I'll just dial 0 and take care of it myself. But before I do, can you tell me the current time and date? I'm trying to schedule a meeting with someone and I want to make sure I have the right time.	thank you! i think i'll just dial 0 and take care of it myself. but before i do, can you tell me the current time and date? i'm trying to schedule a meeting with someone and i want to make sure i have the right time.	Thank you! I think I'll just dial 0 and take care of it myself. But before I do, can you tell me the current time and date? I'm trying to schedule a meeting with someone and I want to make sure I have the right time.	-23.303568959236145	-25.022396087646484	-0.394975745071799	-0.4241084082651946	59	59	-23.303568959236145	-25.022396087646484	-0.394975745071799	-0.4241084082651946	1.7188271284103394	0.0291326631933955	True	True	No, thanks a lot. I'll try it myself.	just	0.0291326631933955	1.7188271284103394	1	"Speaker 1: Operator. May I help you?
Speaker 2: Yes. How do I get an outside line, please?
Speaker 1: Just dial 0, wait for the dial tone, and then dial the phone number you want to call. Or we can place a call for you, if you want.
Speaker 2: "	"Speaker 1: Operator. May I help you?
Speaker 2: Yes. How do I get an outside line, please?
Speaker 1: Dial 0, wait for the dial tone, and then dial the phone number you want to call. Or we can place a call for you, if you want.
Speaker 2: "	Speaker 2
400	401	expanded_data	discourse_particle	58	just_j_8648	just	h	what sort of music do you like?	I love just about anything by Prince.	I love about anything by Prince.	so, you're into 80s music then?		P	I love just about anything by Prince.	nucleus	chat	0.9	1.0	20260416	1138373084	50	50	500	36	36	A great taste! Prince is a musical genius and a legend. He was a master of many genres, from rock to R&B to funk to pop. Who's your favorite Prince album or song?	a great taste! prince is a musical genius and a legend. he was a master of many genres, from rock to r&b to funk to pop. who's your favorite prince album or song?	A great taste! Prince is a musical genius and a legend. He was a master of many genres, from rock to R&B to funk to pop. Who's your favorite Prince album or song?	-14.88977599143982	-16.20059823989868	-0.3308839109208848	-0.3600132942199707	45	45	-14.88977599143982	-16.20059823989868	-0.3308839109208848	-0.3600132942199707	1.3108222484588623	0.0291293832990858	True	True	so, you're into 80s music then?	just	0.0291293832990858	1.3108222484588623	0	"Speaker 1: what sort of music do you like?
Speaker 2: I love just about anything by Prince.
Speaker 1: "	"Speaker 1: what sort of music do you like?
Speaker 2: I love about anything by Prince.
Speaker 1: "	Speaker 1
401	402	expanded_data	discourse_particle	31	just_j_2438	just	h	OK, so are you ready to learn how to bake a cake?	Almost, let me just put my apron on.	Almost, let me put my apron on.	OK, so the first thing we are going to do is pre-heat the oven, that way we have it at the desired temperature once we finish preparing everything. Set it to three hundred and seventy five degrees Fahrenheit.		P	Almost, let me just put my apron on.	nucleus	chat	0.9	1.0	20260416	491321217	50	50	500	30	30	I think you might be getting ahead of yourself! We're just going to have a virtual conversation about baking a cake. But I'm happy to help you with that! What kind of cake would you like to bake?	i think you might be getting ahead of yourself! we're just going to have a virtual conversation about baking a cake. but i'm happy to help you with that! what kind of cake would you like to bake?	I think you might be getting ahead of yourself! We're just going to have a virtual conversation about baking a cake. But I'm happy to help you with that! What kind of cake would you like to bake?	-27.01964676380157	-28.432709097862244	-0.5514213625265627	-0.5802593693441275	49	49	-27.01964676380157	-28.432709097862244	-0.5514213625265627	-0.5802593693441275	1.413062334060669	0.0288380068175647	True	True	OK, so the first thing we are going to do is pre-heat the oven, that way we have it at the desired temperature once we finish preparing everything. Set it to three hundred and seventy five degrees Fahrenheit.	just	0.0288380068175647	1.413062334060669	0	"Speaker 1: OK, so are you ready to learn how to bake a cake?
Speaker 2: Almost, let me just put my apron on.
Speaker 1: "	"Speaker 1: OK, so are you ready to learn how to bake a cake?
Speaker 2: Almost, let me put my apron on.
Speaker 1: "	Speaker 1
402	403	expanded_data	discourse_particle	24	just_j_6768	just	h	Kathy! How are you? It's been ages! What are you doing these days?	I just opened my own restaurant. I'm also head chef.	I opened my own restaurant. I'm also head chef.	You're kidding! You've always hated cooking!		P	I just opened my own restaurant. I'm also head chef.	nucleus	chat	0.9	1.0	20260416	1976038075	50	50	500	36	36	That's amazing! Congratulations on your new venture! Being head chef and owner of a restaurant can be a lot of work, but it's definitely a rewarding experience. What kind of cuisine do you specialize in? And how's the response been so far?	that's amazing! congratulations on your new venture! being head chef and owner of a restaurant can be a lot of work, but it's definitely a rewarding experience. what kind of cuisine do you specialize in? and how's the response been so far?	That's amazing! Congratulations on your new venture! Being head chef and owner of a restaurant can be a lot of work, but it's definitely a rewarding experience. What kind of cuisine do you specialize in? And how's the response been so far?	-23.948726534843445	-25.559771180152893	-0.4276558309793472	-0.456424485359873	56	56	-23.948726534843445	-25.559771180152893	-0.4276558309793472	-0.456424485359873	1.6110446453094482	0.0287686543805258	True	True	You're kidding! You've always hated cooking!	just	0.0287686543805258	1.6110446453094482	1	"Speaker 1: Kathy! How are you? It's been ages! What are you doing these days?
Speaker 2: I just opened my own restaurant. I'm also head chef.
Speaker 1: "	"Speaker 1: Kathy! How are you? It's been ages! What are you doing these days?
Speaker 2: I opened my own restaurant. I'm also head chef.
Speaker 1: "	Speaker 1
403	404	expanded_data	discourse_particle	1	just_j_5467	just	h	I want to leave the motorbike outdoors.	Fine, just don't do it at night.	Fine, don't do it at night.	Why not?		P	Fine, just don't do it at night.	nucleus	chat	0.9	1.0	20260416	788549607	50	50	500	1	1	You're thinking of security, I assume? Leaving a motorbike outdoors at night can be a bit risky, especially if it's in a remote or high-crime area.	you're thinking of security, i assume? leaving a motorbike outdoors at night can be a bit risky, especially if it's in a remote or high-crime area.	You're thinking of security, I assume? Leaving a motorbike outdoors at night can be a bit risky, especially if it's in a remote or high-crime area.	-28.83823275566101	-29.98028016090393	-0.7209558188915253	-0.7495070040225983	40	40	-28.83823275566101	-29.98028016090393	-0.7209558188915253	-0.7495070040225983	1.14204740524292	0.028551185131073	True	True	Why not?	just	0.028551185131073	1.14204740524292	0	"Speaker 1: I want to leave the motorbike outdoors.
Speaker 2: Fine, just don't do it at night.
Speaker 1: "	"Speaker 1: I want to leave the motorbike outdoors.
Speaker 2: Fine, don't do it at night.
Speaker 1: "	Speaker 1
404	405	expanded_data	discourse_particle	40	just_j_7614	just	h	Hey Michelle. Good to see you. Are you at lunch?	Oh hi Jim. No I just got back. I thought you were on vacation now.	Oh hi Jim. No I got back. I thought you were on vacation now.	No, I wish I was! I just got back from Spain actually.		P	Oh hi Jim. No I just got back. I thought you were on vacation now.	nucleus	chat	0.9	1.0	20260416	135797504	50	50	500	5	5	I am! I'm just checking in before I head out. I'll be away for a week or so, but I wanted to make sure everything is okay before I go. How was your day? Anything new happening?	i am! i'm just checking in before i head out. i'll be away for a week or so, but i wanted to make sure everything is okay before i go. how was your day? anything new happening?	I am! I'm just checking in before I head out. I'll be away for a week or so, but I wanted to make sure everything is okay before I go. How was your day? Anything new happening?	-27.606502771377563	-29.03048050403595	-0.5521300554275512	-0.580609610080719	50	50	-27.606502771377563	-29.03048050403595	-0.5521300554275512	-0.580609610080719	1.4239777326583862	0.0284795546531677	True	True	No, I wish I was! I just got back from Spain actually.	just	0.0284795546531677	1.4239777326583862	0	"Speaker 1: Hey Michelle. Good to see you. Are you at lunch?
Speaker 2: Oh hi Jim. No I just got back. I thought you were on vacation now.
Speaker 1: "	"Speaker 1: Hey Michelle. Good to see you. Are you at lunch?
Speaker 2: Oh hi Jim. No I got back. I thought you were on vacation now.
Speaker 1: "	Speaker 1
405	406	expanded_data	discourse_particle	31	just_j_2438	just	h	OK, so are you ready to learn how to bake a cake?	Almost, let me just put my apron on.	Almost, let me put my apron on.	OK, so the first thing we are going to do is pre-heat the oven, that way we have it at the desired temperature once we finish preparing everything. Set it to three hundred and seventy five degrees Fahrenheit.		P	Almost, let me just put my apron on.	nucleus	chat	0.9	1.0	20260416	491321217	50	50	500	50	50	Ha ha, nice touch! Okay, so you've got your apron on... now what do you need to know to get started? Do you have a recipe in mind or would you like me to suggest one?	ha ha, nice touch! okay, so you've got your apron on... now what do you need to know to get started? do you have a recipe in mind or would you like me to suggest one?	Ha ha, nice touch! Okay, so you've got your apron on... now what do you need to know to get started? Do you have a recipe in mind or would you like me to suggest one?	-18.049705624580383	-19.44468557834625	-0.3683613392771507	-0.3968303179254337	49	49	-18.049705624580383	-19.44468557834625	-0.3683613392771507	-0.3968303179254337	1.3949799537658691	0.028468978648283	True	True	OK, so the first thing we are going to do is pre-heat the oven, that way we have it at the desired temperature once we finish preparing everything. Set it to three hundred and seventy five degrees Fahrenheit.	just	0.028468978648283	1.3949799537658691	0	"Speaker 1: OK, so are you ready to learn how to bake a cake?
Speaker 2: Almost, let me just put my apron on.
Speaker 1: "	"Speaker 1: OK, so are you ready to learn how to bake a cake?
Speaker 2: Almost, let me put my apron on.
Speaker 1: "	Speaker 1
406	407	expanded_data	discourse_particle	57	just_j_11362	just	h	Would you mind if I ask your health status?	I just had a complete physical examination and passed with flying colors.	I had a complete physical examination and passed with flying colors.	That is good. We hope each of our future employees will be healthy and happy.		P	I just had a complete physical examination and passed with flying colors.	nucleus	chat	0.9	1.0	20260416	1728911766	50	50	500	15	15	That's great to hear! Congratulations on getting a clean bill of health. It's always a relief to receive a positive report from a doctor's examination.	that's great to hear! congratulations on getting a clean bill of health. it's always a relief to receive a positive report from a doctor's examination.	That's great to hear! Congratulations on getting a clean bill of health. It's always a relief to receive a positive report from a doctor's examination.\n\nNow, I'm here to help you with any questions or topics you'd like to discuss. What's been on your mind lately? Do you have any interests or	-14.991455793380736	-16.015812397003174	-0.4164293275939094	-0.4448836776945326	36	36	-14.991455793380736	-16.015812397003174	-0.4164293275939094	-0.4448836776945326	1.0243566036224363	0.0284543501006232	True	True	That is good. We hope each of our future employees will be healthy and happy.	just	0.0284543501006232	1.0243566036224363	1	"Speaker 1: Would you mind if I ask your health status?
Speaker 2: I just had a complete physical examination and passed with flying colors.
Speaker 1: "	"Speaker 1: Would you mind if I ask your health status?
Speaker 2: I had a complete physical examination and passed with flying colors.
Speaker 1: "	Speaker 1
407	408	expanded_data	discourse_particle	54	just_j_2522	just	h	I'm searching for an old music box.__eou__You came to the right place. Any particular decade?__eou__If you had a box made in the' 20s, that would be nice.	We just got one in yesterday, so now we have six.	We got one in yesterday, so now we have six.	Would any of them have dancing figures?		P	We just got one in yesterday, so now we have six.	nucleus	chat	0.9	1.0	20260416	1861274201	50	50	500	43	43	That's exciting! It sounds like you have a bit of a collection going on. Did you find the new one that just arrived particularly interesting or rare?	that's exciting! it sounds like you have a bit of a collection going on. did you find the new one that just arrived particularly interesting or rare?	That's exciting! It sounds like you have a bit of a collection going on. Did you find the new one that just arrived particularly interesting or rare?	-26.931283593177795	-27.954444885253903	-0.7480912109216055	-0.7765123579237196	36	36	-26.931283593177795	-27.954444885253903	-0.7480912109216055	-0.7765123579237196	1.0231612920761108	0.0284211470021141	True	True	Would any of them have dancing figures?	just	0.0284211470021141	1.0231612920761108	0	"Speaker 1: I'm searching for an old music box.
Speaker 2: You came to the right place. Any particular decade?
Speaker 1: If you had a box made in the' 20s, that would be nice.
Speaker 2: We just got one in yesterday, so now we have six.
Speaker 1: "	"Speaker 1: I'm searching for an old music box.
Speaker 2: You came to the right place. Any particular decade?
Speaker 1: If you had a box made in the' 20s, that would be nice.
Speaker 2: We got one in yesterday, so now we have six.
Speaker 1: "	Speaker 1
408	409	expanded_data	discourse_particle	57	just_j_11362	just	h	Would you mind if I ask your health status?	I just had a complete physical examination and passed with flying colors.	I had a complete physical examination and passed with flying colors.	That is good. We hope each of our future employees will be healthy and happy.		P	I just had a complete physical examination and passed with flying colors.	nucleus	chat	0.9	1.0	20260416	1728911766	50	50	500	51	48	That's great to hear! Congratulations on getting a clean bill of health. It's always a relief to know that everything is in good working order.	that's great to hear! congratulations on getting a clean bill of health. it's always a relief to know that everything is in good working order.	That's great to hear! Congratulations on getting a clean bill of health. It's always a relief to know that everything is in good working order.\n\nAs a conversational AI, I don't have any personal health concerns, but I'm always happy to chat with you about health-related topics or provide information on various medical	-12.136212825775146	-13.13017475605011	-0.3467489378792899	-0.3751478501728603	35	35	-12.136212825775146	-13.13017475605011	-0.3467489378792899	-0.3751478501728603	0.9939619302749634	0.0283989122935703	True	True	That is good. We hope each of our future employees will be healthy and happy.	just	0.0283989122935703	0.9939619302749634	1	"Speaker 1: Would you mind if I ask your health status?
Speaker 2: I just had a complete physical examination and passed with flying colors.
Speaker 1: "	"Speaker 1: Would you mind if I ask your health status?
Speaker 2: I had a complete physical examination and passed with flying colors.
Speaker 1: "	Speaker 1
409	410	expanded_data	discourse_particle	17	just_j_788	just	h	Excuse me. Does this bus go by Tiananmen square?__eou__Yes, it does.__eou__At which stop should I get off?	There is a stop at Tiananmen Square. The stops will be announced on the bus both in English and Chinese. When the stop is coming, you just push the red button near the rear door if you want to get off.	There is a stop at Tiananmen Square. The stops will be announced on the bus both in English and Chinese. When the stop is coming, you push the red button near the rear door if you want to get off.	Okay, thanks very much.		P	There is a stop at Tiananmen Square. The stops will be announced on the bus both in English and Chinese. When the stop is coming, you just push the red button near the rear door if you want to get off.	nucleus	chat	0.9	1.0	20260416	327747180	50	50	500	38	38	That's very convenient. I'll make sure to keep an eye out for the stop announcement and press the button when it's time to get off at Tiananmen Square. Thanks for the advice!	that's very convenient. i'll make sure to keep an eye out for the stop announcement and press the button when it's time to get off at tiananmen square. thanks for the advice!	That's very convenient. I'll make sure to keep an eye out for the stop announcement and press the button when it's time to get off at Tiananmen Square. Thanks for the advice!	-21.95362317562104	-23.22674190998077	-0.4878582927915785	-0.516149820221795	45	45	-21.95362317562104	-23.22674190998077	-0.4878582927915785	-0.516149820221795	1.2731187343597412	0.0282915274302165	True	True	Okay, thanks very much.	just	0.0282915274302165	1.2731187343597412	1	"Speaker 1: Excuse me. Does this bus go by Tiananmen square?
Speaker 2: Yes, it does.
Speaker 1: At which stop should I get off?
Speaker 2: There is a stop at Tiananmen Square. The stops will be announced on the bus both in English and Chinese. When the stop is coming, you just push the red button near the rear door if you want to get off.
Speaker 1: "	"Speaker 1: Excuse me. Does this bus go by Tiananmen square?
Speaker 2: Yes, it does.
Speaker 1: At which stop should I get off?
Speaker 2: There is a stop at Tiananmen Square. The stops will be announced on the bus both in English and Chinese. When the stop is coming, you push the red button near the rear door if you want to get off.
Speaker 1: "	Speaker 1
410	411	expanded_data	discourse_particle	13	just_j_10613	just	h	Oh, I think I broke my leg.__eou__Here, sir. Sit down in this wheel chair.__eou__Thanks.	The doctor will be with you in a moment. I just need to ask you a few questions.	The doctor will be with you in a moment. I need to ask you a few questions.	All right.		P	The doctor will be with you in a moment. I just need to ask you a few questions.	nucleus	chat	0.9	1.0	20260416	1855650930	50	50	500	48	48	Okay... Yeah, I think I was horsing around with my friend and I tripped and fell off the stage. I must have landed wrong or something. It's pretty painful.	okay... yeah, i think i was horsing around with my friend and i tripped and fell off the stage. i must have landed wrong or something. it's pretty painful.	Okay... Yeah, I think I was horsing around with my friend and I tripped and fell off the stage. I must have landed wrong or something. It's pretty painful.	-32.230825781822205	-33.41747844219208	-0.7674006138529096	-0.7956542486236209	42	42	-32.230825781822205	-33.41747844219208	-0.7674006138529096	-0.7956542486236209	1.186652660369873	0.0282536347707113	True	True	All right.	just	0.0282536347707113	1.186652660369873	1	"Speaker 1: Oh, I think I broke my leg.
Speaker 2: Here, sir. Sit down in this wheel chair.
Speaker 1: Thanks.
Speaker 2: The doctor will be with you in a moment. I just need to ask you a few questions.
Speaker 1: "	"Speaker 1: Oh, I think I broke my leg.
Speaker 2: Here, sir. Sit down in this wheel chair.
Speaker 1: Thanks.
Speaker 2: The doctor will be with you in a moment. I need to ask you a few questions.
Speaker 1: "	Speaker 1
411	412	expanded_data	discourse_particle	57	just_j_11362	just	h	Would you mind if I ask your health status?	I just had a complete physical examination and passed with flying colors.	I had a complete physical examination and passed with flying colors.	That is good. We hope each of our future employees will be healthy and happy.		P	I just had a complete physical examination and passed with flying colors.	nucleus	chat	0.9	1.0	20260416	1728911766	50	50	500	3	3	That's great to hear! Congratulations on getting a clean bill of health!	that's great to hear! congratulations on getting a clean bill of health!	That's great to hear! Congratulations on getting a clean bill of health!\n\nI'm just an AI, I don't have any medical qualifications, so I won't be asking you any specific medical questions. I'm just here to chat and help with any non-medical topics you'd like to discuss.\n\nSo, what	-7.499264717102051	-8.061824440956116	-0.3749632358551025	-0.4030912220478058	20	20	-7.499264717102051	-8.061824440956116	-0.3749632358551025	-0.4030912220478058	0.5625597238540649	0.0281279861927032	True	True	That is good. We hope each of our future employees will be healthy and happy.	just	0.0281279861927032	0.5625597238540649	1	"Speaker 1: Would you mind if I ask your health status?
Speaker 2: I just had a complete physical examination and passed with flying colors.
Speaker 1: "	"Speaker 1: Would you mind if I ask your health status?
Speaker 2: I had a complete physical examination and passed with flying colors.
Speaker 1: "	Speaker 1
412	413	expanded_data	discourse_particle	6	just_j_638	just	h	Hello, do you have any vacancies?	Yes, something just opened up.	Yes, something opened up.	What kind of apartment is it?		P	Yes, something just opened up.	nucleus	chat	0.9	1.0	20260416	894870064	50	50	500	47	45	That's great! Can you tell me more about the vacancy and what it entails? What kind of job is it and what are the responsibilities?	that's great! can you tell me more about the vacancy and what it entails? what kind of job is it and what are the responsibilities?	That's great! Can you tell me more about the vacancy and what it entails? What kind of job is it and what are the responsibilities?	-12.14931070804596	-13.105596542358398	-0.3573326678837047	-0.3854587218340705	34	34	-12.14931070804596	-13.105596542358398	-0.3573326678837047	-0.3854587218340705	0.956285834312439	0.0281260539503658	True	True	What kind of apartment is it?	just	0.0281260539503658	0.956285834312439	1	"Speaker 1: Hello, do you have any vacancies?
Speaker 2: Yes, something just opened up.
Speaker 1: "	"Speaker 1: Hello, do you have any vacancies?
Speaker 2: Yes, something opened up.
Speaker 1: "	Speaker 1
413	414	expanded_data	discourse_particle	24	just_j_6768	just	h	Kathy! How are you? It's been ages! What are you doing these days?	I just opened my own restaurant. I'm also head chef.	I opened my own restaurant. I'm also head chef.	You're kidding! You've always hated cooking!		P	I just opened my own restaurant. I'm also head chef.	nucleus	chat	0.9	1.0	20260416	1976038075	50	50	500	7	7	Congratulations! That's amazing news! Running a restaurant can be a challenging but rewarding experience. How's the restaurant doing so far? What kind of cuisine do you serve? Do you have any signature dishes or special promotions?	congratulations! that's amazing news! running a restaurant can be a challenging but rewarding experience. how's the restaurant doing so far? what kind of cuisine do you serve? do you have any signature dishes or special promotions?	Congratulations! That's amazing news! Running a restaurant can be a challenging but rewarding experience. How's the restaurant doing so far? What kind of cuisine do you serve? Do you have any signature dishes or special promotions?\n\nAnd as head chef, what's your favorite part of the job? Is it experimenting with new recipes	-19.2828688621521	-20.66032910346985	-0.3935279359622877	-0.4216393694585683	49	49	-19.2828688621521	-20.66032910346985	-0.3935279359622877	-0.4216393694585683	1.377460241317749	0.0281114334962805	True	True	You're kidding! You've always hated cooking!	just	0.0281114334962805	1.377460241317749	1	"Speaker 1: Kathy! How are you? It's been ages! What are you doing these days?
Speaker 2: I just opened my own restaurant. I'm also head chef.
Speaker 1: "	"Speaker 1: Kathy! How are you? It's been ages! What are you doing these days?
Speaker 2: I opened my own restaurant. I'm also head chef.
Speaker 1: "	Speaker 1
414	415	expanded_data	discourse_particle	57	just_j_11362	just	h	Would you mind if I ask your health status?	I just had a complete physical examination and passed with flying colors.	I had a complete physical examination and passed with flying colors.	That is good. We hope each of our future employees will be healthy and happy.		P	I just had a complete physical examination and passed with flying colors.	nucleus	chat	0.9	1.0	20260416	1728911766	50	50	500	24	23	That's great to hear! It's always a relief to get a clean bill of health after a physical examination. Congratulations on taking care of your health and being proactive about your well-being!	that's great to hear! it's always a relief to get a clean bill of health after a physical examination. congratulations on taking care of your health and being proactive about your well-being!	That's great to hear! It's always a relief to get a clean bill of health after a physical examination. Congratulations on taking care of your health and being proactive about your well-being!	-11.957823157310486	-13.164467096328735	-0.2780889106351276	-0.3061503975890403	43	43	-11.957823157310486	-13.164467096328735	-0.2780889106351276	-0.3061503975890403	1.2066439390182495	0.0280614869539127	True	True	That is good. We hope each of our future employees will be healthy and happy.	just	0.0280614869539127	1.2066439390182495	1	"Speaker 1: Would you mind if I ask your health status?
Speaker 2: I just had a complete physical examination and passed with flying colors.
Speaker 1: "	"Speaker 1: Would you mind if I ask your health status?
Speaker 2: I had a complete physical examination and passed with flying colors.
Speaker 1: "	Speaker 1
415	416	expanded_data	discourse_particle	36	just_j_8556	just	h	I think I'm going to go home.	Why? We just got here.	Why? We got here.	I know, but it's 12		P	Why? We just got here.	nucleus	chat	0.9	1.0	20260416	1188910665	50	50	500	7	7	I apologize, I think there's been a misunderstanding! I'm just an AI, I don't have the ability to physically go anywhere, nor did I indicate an intention to do so. I'm here to assist you with any questions or tasks you may have. Please feel free to ask me anything!	i apologize, i think there's been a misunderstanding! i'm just an ai, i don't have the ability to physically go anywhere, nor did i indicate an intention to do so. i'm here to assist you with any questions or tasks you may have. please feel free to ask me anything!	I apologize, I think there's been a misunderstanding! I'm just an AI, I don't have the ability to physically go anywhere, nor did I indicate an intention to do so. I'm here to assist you with any questions or tasks you may have. Please feel free to ask me anything!	-22.677852869033813	-24.52905523777008	-0.3436038313489972	-0.3716523520874255	66	66	-22.677852869033813	-24.52905523777008	-0.3436038313489972	-0.3716523520874255	1.851202368736267	0.0280485207384282	True	True	I know, but it's 12	just	0.0280485207384282	1.851202368736267	1	"Speaker 1: I think I'm going to go home.
Speaker 2: Why? We just got here.
Speaker 1: "	"Speaker 1: I think I'm going to go home.
Speaker 2: Why? We got here.
Speaker 1: "	Speaker 1
416	417	expanded_data	discourse_particle	54	just_j_2522	just	h	I'm searching for an old music box.__eou__You came to the right place. Any particular decade?__eou__If you had a box made in the' 20s, that would be nice.	We just got one in yesterday, so now we have six.	We got one in yesterday, so now we have six.	Would any of them have dancing figures?		P	We just got one in yesterday, so now we have six.	nucleus	chat	0.9	1.0	20260416	1861274201	50	50	500	37	37	Six music boxes in one day! That's a treasure trove! What's the latest one that came in? Is it from the 1920s, by any chance?	six music boxes in one day! that's a treasure trove! what's the latest one that came in? is it from the 1920s, by any chance?	Six music boxes in one day! That's a treasure trove! What's the latest one that came in? Is it from the 1920s, by any chance?	-21.93158996105194	-23.07979369163513	-0.53491682831834	-0.5629217973569545	41	41	-21.93158996105194	-23.07979369163513	-0.53491682831834	-0.5629217973569545	1.148203730583191	0.0280049690386144	True	True	Would any of them have dancing figures?	just	0.0280049690386144	1.148203730583191	0	"Speaker 1: I'm searching for an old music box.
Speaker 2: You came to the right place. Any particular decade?
Speaker 1: If you had a box made in the' 20s, that would be nice.
Speaker 2: We just got one in yesterday, so now we have six.
Speaker 1: "	"Speaker 1: I'm searching for an old music box.
Speaker 2: You came to the right place. Any particular decade?
Speaker 1: If you had a box made in the' 20s, that would be nice.
Speaker 2: We got one in yesterday, so now we have six.
Speaker 1: "	Speaker 1
417	418	expanded_data	discourse_particle	9	just_j_7769	just	h	What's up? You look depressed.	I just had a quarrel with him.	I had a quarrel with him.	Would you rather I taught him a lesson for you?		P	I just had a quarrel with him.	nucleus	chat	0.9	1.0	20260416	1997417192	50	50	500	12	12	Sorry to hear that. It can be really tough to deal with conflicts and arguments, especially when they involve someone you care about. Can you tell me a bit more about what happened? Maybe talking about it can help you process your feelings and gain some clarity on what went down. I'm here to listen and help if	sorry to hear that. it can be really tough to deal with conflicts and arguments, especially when they involve someone you care about. can you tell me a bit more about what happened? maybe talking about it can help you process your feelings and gain some clarity on what went down. i'm here to listen and help if	Sorry to hear that. It can be really tough to deal with conflicts and arguments, especially when they involve someone you care about. Can you tell me a bit more about what happened? Maybe talking about it can help you process your feelings and gain some clarity on what went down. I'm here to listen and help if	-57.58362913131714	-59.51463806629181	-0.8345453497292339	-0.8625309864679972	69	69	-57.58362913131714	-59.51463806629181	-0.8345453497292339	-0.8625309864679972	1.9310089349746704	0.0279856367387633	True	True	Would you rather I taught him a lesson for you?	just	0.0279856367387633	1.9310089349746704	0	"Speaker 1: What's up? You look depressed.
Speaker 2: I just had a quarrel with him.
Speaker 1: "	"Speaker 1: What's up? You look depressed.
Speaker 2: I had a quarrel with him.
Speaker 1: "	Speaker 1
418	419	expanded_data	discourse_particle	6	just_j_638	just	h	Hello, do you have any vacancies?	Yes, something just opened up.	Yes, something opened up.	What kind of apartment is it?		P	Yes, something just opened up.	nucleus	chat	0.9	1.0	20260416	894870064	50	50	500	20	20	Exciting! Can you tell me more about the vacancy? What kind of role is it, and what are the responsibilities?	exciting! can you tell me more about the vacancy? what kind of role is it, and what are the responsibilities?	Exciting! Can you tell me more about the vacancy? What kind of role is it, and what are the responsibilities?	-6.25926947593689	-7.095033049583435	-0.208642315864563	-0.2365011016527811	30	30	-6.25926947593689	-7.095033049583435	-0.208642315864563	-0.2365011016527811	0.8357635736465454	0.0278587857882181	True	True	What kind of apartment is it?	just	0.0278587857882181	0.8357635736465454	1	"Speaker 1: Hello, do you have any vacancies?
Speaker 2: Yes, something just opened up.
Speaker 1: "	"Speaker 1: Hello, do you have any vacancies?
Speaker 2: Yes, something opened up.
Speaker 1: "	Speaker 1
419	420	expanded_data	discourse_particle	6	just_j_638	just	h	Hello, do you have any vacancies?	Yes, something just opened up.	Yes, something opened up.	What kind of apartment is it?		P	Yes, something just opened up.	nucleus	chat	0.9	1.0	20260416	894870064	50	50	500	48	46	That's exciting! Can you tell me more about the vacancy? What kind of position is it, and what are the qualifications and responsibilities?	that's exciting! can you tell me more about the vacancy? what kind of position is it, and what are the qualifications and responsibilities?	That's exciting! Can you tell me more about the vacancy? What kind of position is it, and what are the qualifications and responsibilities?	-7.352097749710083	-8.269715785980225	-0.2227908409003055	-0.2505974480600068	33	33	-7.352097749710083	-8.269715785980225	-0.2227908409003055	-0.2505974480600068	0.9176180362701416	0.0278066071597012	True	True	What kind of apartment is it?	just	0.0278066071597012	0.9176180362701416	1	"Speaker 1: Hello, do you have any vacancies?
Speaker 2: Yes, something just opened up.
Speaker 1: "	"Speaker 1: Hello, do you have any vacancies?
Speaker 2: Yes, something opened up.
Speaker 1: "	Speaker 1
420	421	expanded_data	discourse_particle	29	just_j_8011	just	h	I can't believe it! I lost.__eou__It looks like you have to buy tickets for us, Jason. And we're not going to see an action movie!__eou__That's not fair, you got all the easy questions.	I guess that's just the luck of the draw.	I guess that's the luck of the draw.	I want a rematch. Let's play again.		P	I guess that's just the luck of the draw.	nucleus	chat	0.9	1.0	20260416	1013948780	50	50	500	17	17	I'm not too thrilled about it.	i'm not too thrilled about it.	I'm not too thrilled about it.	-14.494276762008669	-14.852976560592651	-1.114944366308359	-1.142536658507127	13	13	-14.494276762008669	-14.852976560592651	-1.114944366308359	-1.142536658507127	0.3586997985839844	0.0275922921987681	True	True	I want a rematch. Let's play again.	just	0.0275922921987681	0.3586997985839844	0	"Speaker 1: I can't believe it! I lost.
Speaker 2: It looks like you have to buy tickets for us, Jason. And we're not going to see an action movie!
Speaker 1: That's not fair, you got all the easy questions.
Speaker 2: I guess that's just the luck of the draw.
Speaker 1: "	"Speaker 1: I can't believe it! I lost.
Speaker 2: It looks like you have to buy tickets for us, Jason. And we're not going to see an action movie!
Speaker 1: That's not fair, you got all the easy questions.
Speaker 2: I guess that's the luck of the draw.
Speaker 1: "	Speaker 1
421	422	expanded_data	discourse_particle	4	just_j_1627	just	h	Excuse me, do you have the latest issue of Newsworld?	Yes, this week's issue just came in. Here it is.	Yes, this week's issue came in. Here it is.	How about Music Madness?		P	Yes, this week's issue just came in. Here it is.	nucleus	chat	0.9	1.0	20260416	63091100	50	50	500	4	4	Thank you! I've been waiting for it. Can I have the Sunday supplement as well?	thank you! i've been waiting for it. can i have the sunday supplement as well?	Thank you! I've been waiting for it. Can I have the Sunday supplement as well?	-19.58424186706543	-20.246256828308105	-0.8160100777943929	-0.8435940345128378	24	24	-19.58424186706543	-20.246256828308105	-0.8160100777943929	-0.8435940345128378	0.6620149612426758	0.0275839567184448	True	True	How about Music Madness?	just	0.0275839567184448	0.6620149612426758	1	"Speaker 1: Excuse me, do you have the latest issue of Newsworld?
Speaker 2: Yes, this week's issue just came in. Here it is.
Speaker 1: "	"Speaker 1: Excuse me, do you have the latest issue of Newsworld?
Speaker 2: Yes, this week's issue came in. Here it is.
Speaker 1: "	Speaker 1
422	423	expanded_data	discourse_particle	10	just_j_12718	just	h	Hello Mr Waterstone, what can I do for you today?	Hello, Becky. Well, you see, I have this thing here, called a Fixed Deposit Certificate, and I've just noticed the date on it.	Hello, Becky. Well, you see, I have this thing here, called a Fixed Deposit Certificate, and I've noticed the date on it.	Oh, I see. You have two choices here you can either redeem or renew.		P	Hello, Becky. Well, you see, I have this thing here, called a Fixed Deposit Certificate, and I've just noticed the date on it.	nucleus	chat	0.9	1.0	20260416	1476190778	50	50	500	48	48	A Fixed Deposit Certificate, that's a rather...old-fashioned investment, isn't it, Mr. Waterstone? Yes, please, do tell me more. What's the date on it, and what's bothering you about it?	a fixed deposit certificate, that's a rather...old-fashioned investment, isn't it, mr. waterstone? yes, please, do tell me more. what's the date on it, and what's bothering you about it?	A Fixed Deposit Certificate, that's a rather...old-fashioned investment, isn't it, Mr. Waterstone? Yes, please, do tell me more. What's the date on it, and what's bothering you about it?	-18.69192624092102	-20.12518322467804	-0.3594601200177119	-0.3870227543207315	52	52	-18.69192624092102	-20.12518322467804	-0.3594601200177119	-0.3870227543207315	1.433256983757019	0.0275626343030195	True	True	Oh, I see. You have two choices here you can either redeem or renew.	just	0.0275626343030195	1.433256983757019	0	"Speaker 1: Hello Mr Waterstone, what can I do for you today?
Speaker 2: Hello, Becky. Well, you see, I have this thing here, called a Fixed Deposit Certificate, and I've just noticed the date on it.
Speaker 1: "	"Speaker 1: Hello Mr Waterstone, what can I do for you today?
Speaker 2: Hello, Becky. Well, you see, I have this thing here, called a Fixed Deposit Certificate, and I've noticed the date on it.
Speaker 1: "	Speaker 1
423	424	expanded_data	discourse_particle	20	just_j_2141	just	h	I am sorry for damaging your car, sir.	Don't worry about it. Just leave it to the insurance companies.	Don't worry about it. Leave it to the insurance companies.	The car park in this community is over crowded, isn't it?		P	Don't worry about it. Just leave it to the insurance companies.	nucleus	chat	0.9	1.0	20260416	1769991683	50	50	500	26	26	A wise decision! In that case, I'll just exchange information with you and let the insurance companies handle the details. My apologies again for the accident, and I hope we can both put this behind us.	a wise decision! in that case, i'll just exchange information with you and let the insurance companies handle the details. my apologies again for the accident, and i hope we can both put this behind us.	A wise decision! In that case, I'll just exchange information with you and let the insurance companies handle the details. My apologies again for the accident, and I hope we can both put this behind us.	-20.7667498588562	-22.061843752861023	-0.4418457416777915	-0.4694009309119366	47	47	-20.7667498588562	-22.061843752861023	-0.4418457416777915	-0.4694009309119366	1.2950938940048218	0.0275551892341451	True	True	The car park in this community is over crowded, isn't it?	just	0.0275551892341451	1.2950938940048218	1	"Speaker 1: I am sorry for damaging your car, sir.
Speaker 2: Don't worry about it. Just leave it to the insurance companies.
Speaker 1: "	"Speaker 1: I am sorry for damaging your car, sir.
Speaker 2: Don't worry about it. Leave it to the insurance companies.
Speaker 1: "	Speaker 1
424	425	expanded_data	discourse_particle	24	just_j_6768	just	h	Kathy! How are you? It's been ages! What are you doing these days?	I just opened my own restaurant. I'm also head chef.	I opened my own restaurant. I'm also head chef.	You're kidding! You've always hated cooking!		P	I just opened my own restaurant. I'm also head chef.	nucleus	chat	0.9	1.0	20260416	1976038075	50	50	500	10	10	Congratulations on opening your own restaurant! That's a huge accomplishment! What kind of cuisine are you serving? Is it a casual eatery or a fine dining establishment? And how's the experience been so far? Is it everything you dreamed it would be?	congratulations on opening your own restaurant! that's a huge accomplishment! what kind of cuisine are you serving? is it a casual eatery or a fine dining establishment? and how's the experience been so far? is it everything you dreamed it would be?	Congratulations on opening your own restaurant! That's a huge accomplishment! What kind of cuisine are you serving? Is it a casual eatery or a fine dining establishment? And how's the experience been so far? Is it everything you dreamed it would be?	-19.56949818134308	-21.107421040534973	-0.3494553246668407	-0.3769182328666959	56	56	-19.56949818134308	-21.107421040534973	-0.3494553246668407	-0.3769182328666959	1.5379228591918943	0.0274629081998552	True	True	You're kidding! You've always hated cooking!	just	0.0274629081998552	1.5379228591918943	1	"Speaker 1: Kathy! How are you? It's been ages! What are you doing these days?
Speaker 2: I just opened my own restaurant. I'm also head chef.
Speaker 1: "	"Speaker 1: Kathy! How are you? It's been ages! What are you doing these days?
Speaker 2: I opened my own restaurant. I'm also head chef.
Speaker 1: "	Speaker 1
425	426	expanded_data	discourse_particle	9	just_j_7769	just	h	What's up? You look depressed.	I just had a quarrel with him.	I had a quarrel with him.	Would you rather I taught him a lesson for you?		P	I just had a quarrel with him.	nucleus	chat	0.9	1.0	20260416	1997417192	50	50	500	38	38	I'm so sorry to hear that. Quarrels can be really tough to deal with, especially if it's with someone you care about. Can you tell me a bit more about what happened? Sometimes talking about it can help process your emotions and gain some perspective. I'm here to listen and offer support if you need	i'm so sorry to hear that. quarrels can be really tough to deal with, especially if it's with someone you care about. can you tell me a bit more about what happened? sometimes talking about it can help process your emotions and gain some perspective. i'm here to listen and offer support if you need	I'm so sorry to hear that. Quarrels can be really tough to deal with, especially if it's with someone you care about. Can you tell me a bit more about what happened? Sometimes talking about it can help process your emotions and gain some perspective. I'm here to listen and offer support if you need	-35.478156089782715	-37.36452984809876	-0.5141761752142422	-0.5415149253347645	69	69	-35.478156089782715	-37.36452984809876	-0.5141761752142422	-0.5415149253347645	1.88637375831604	0.0273387501205223	True	True	Would you rather I taught him a lesson for you?	just	0.0273387501205223	1.88637375831604	0	"Speaker 1: What's up? You look depressed.
Speaker 2: I just had a quarrel with him.
Speaker 1: "	"Speaker 1: What's up? You look depressed.
Speaker 2: I had a quarrel with him.
Speaker 1: "	Speaker 1
426	427	expanded_data	discourse_particle	20	just_j_2141	just	h	I am sorry for damaging your car, sir.	Don't worry about it. Just leave it to the insurance companies.	Don't worry about it. Leave it to the insurance companies.	The car park in this community is over crowded, isn't it?		P	Don't worry about it. Just leave it to the insurance companies.	nucleus	chat	0.9	1.0	20260416	1769991683	50	50	500	3	3	Thank you for being understanding. I'll make sure to exchange information and let the insurance companies handle the details.	thank you for being understanding. i'll make sure to exchange information and let the insurance companies handle the details.	Thank you for being understanding. I'll make sure to exchange information and let the insurance companies handle the details.	-13.197759747505188	-13.934091567993164	-0.4888059165742662	-0.5160774654812283	27	27	-13.197759747505188	-13.934091567993164	-0.4888059165742662	-0.5160774654812283	0.7363318204879761	0.0272715489069621	True	True	The car park in this community is over crowded, isn't it?	just	0.0272715489069621	0.7363318204879761	1	"Speaker 1: I am sorry for damaging your car, sir.
Speaker 2: Don't worry about it. Just leave it to the insurance companies.
Speaker 1: "	"Speaker 1: I am sorry for damaging your car, sir.
Speaker 2: Don't worry about it. Leave it to the insurance companies.
Speaker 1: "	Speaker 1
427	428	expanded_data	discourse_particle	1	just_j_5467	just	h	I want to leave the motorbike outdoors.	Fine, just don't do it at night.	Fine, don't do it at night.	Why not?		P	Fine, just don't do it at night.	nucleus	chat	0.9	1.0	20260416	788549607	50	50	500	4	4	I think there may be some confusion! I'm just an AI, I don't have a motorbike or any physical objects to leave outdoors. I exist solely as a digital entity, so I don't have the ability to leave anything outside. But if you're concerned about leaving your motorbike outdoors at night, I	i think there may be some confusion! i'm just an ai, i don't have a motorbike or any physical objects to leave outdoors. i exist solely as a digital entity, so i don't have the ability to leave anything outside. but if you're concerned about leaving your motorbike outdoors at night, i	I think there may be some confusion! I'm just an AI, I don't have a motorbike or any physical objects to leave outdoors. I exist solely as a digital entity, so I don't have the ability to leave anything outside. But if you're concerned about leaving your motorbike outdoors at night, I	-50.33428931236267	-52.20821344852448	-0.7294824538023575	-0.7566407746162968	69	69	-50.33428931236267	-52.20821344852448	-0.7294824538023575	-0.7566407746162968	1.873924136161804	0.0271583208139392	True	True	Why not?	just	0.0271583208139392	1.873924136161804	0	"Speaker 1: I want to leave the motorbike outdoors.
Speaker 2: Fine, just don't do it at night.
Speaker 1: "	"Speaker 1: I want to leave the motorbike outdoors.
Speaker 2: Fine, don't do it at night.
Speaker 1: "	Speaker 1
428	429	expanded_data	discourse_particle	6	just_j_638	just	h	Hello, do you have any vacancies?	Yes, something just opened up.	Yes, something opened up.	What kind of apartment is it?		P	Yes, something just opened up.	nucleus	chat	0.9	1.0	20260416	894870064	50	50	500	31	30	Exciting! Can you tell me a bit more about the vacancy? What kind of role is it, and what are the responsibilities and requirements?	exciting! can you tell me a bit more about the vacancy? what kind of role is it, and what are the responsibilities and requirements?	Exciting! Can you tell me a bit more about the vacancy? What kind of role is it, and what are the responsibilities and requirements?	-8.989565253257751	-9.911142706871033	-0.2643989780369927	-0.2915041972609127	34	34	-8.989565253257751	-9.911142706871033	-0.2643989780369927	-0.2915041972609127	0.9215774536132812	0.02710521922392	True	True	What kind of apartment is it?	just	0.02710521922392	0.9215774536132812	1	"Speaker 1: Hello, do you have any vacancies?
Speaker 2: Yes, something just opened up.
Speaker 1: "	"Speaker 1: Hello, do you have any vacancies?
Speaker 2: Yes, something opened up.
Speaker 1: "	Speaker 1
429	430	expanded_data	discourse_particle	4	just_j_1627	just	h	Excuse me, do you have the latest issue of Newsworld?	Yes, this week's issue just came in. Here it is.	Yes, this week's issue came in. Here it is.	How about Music Madness?		P	Yes, this week's issue just came in. Here it is.	nucleus	chat	0.9	1.0	20260416	63091100	50	50	500	37	37	Thank you! Can I see the front page? What's the biggest story this week?	thank you! can i see the front page? what's the biggest story this week?	Thank you! Can I see the front page? What's the biggest story this week?	-13.437443852424622	-14.060759425163267	-0.5842366892358531	-0.6113373663114465	23	23	-13.437443852424622	-14.060759425163267	-0.5842366892358531	-0.6113373663114465	0.6233155727386475	0.0271006770755933	True	True	How about Music Madness?	just	0.0271006770755933	0.6233155727386475	1	"Speaker 1: Excuse me, do you have the latest issue of Newsworld?
Speaker 2: Yes, this week's issue just came in. Here it is.
Speaker 1: "	"Speaker 1: Excuse me, do you have the latest issue of Newsworld?
Speaker 2: Yes, this week's issue came in. Here it is.
Speaker 1: "	Speaker 1
430	431	expanded_data	discourse_particle	9	just_j_7769	just	h	What's up? You look depressed.	I just had a quarrel with him.	I had a quarrel with him.	Would you rather I taught him a lesson for you?		P	I just had a quarrel with him.	nucleus	chat	0.9	1.0	20260416	1997417192	50	50	500	36	36	I'm so sorry to hear that. It can be really tough to deal with conflicts, especially if they're with someone you care about. Would you like to talk about what happened? Sometimes sharing what's on your mind can help you feel a little better.	i'm so sorry to hear that. it can be really tough to deal with conflicts, especially if they're with someone you care about. would you like to talk about what happened? sometimes sharing what's on your mind can help you feel a little better.	I'm so sorry to hear that. It can be really tough to deal with conflicts, especially if they're with someone you care about. Would you like to talk about what happened? Sometimes sharing what's on your mind can help you feel a little better.	-12.066985964775084	-13.61015236377716	-0.2117015081539488	-0.2387746028732835	57	57	-12.066985964775084	-13.61015236377716	-0.2117015081539488	-0.2387746028732835	1.5431663990020752	0.0270730947193346	True	True	Would you rather I taught him a lesson for you?	just	0.0270730947193346	1.5431663990020752	0	"Speaker 1: What's up? You look depressed.
Speaker 2: I just had a quarrel with him.
Speaker 1: "	"Speaker 1: What's up? You look depressed.
Speaker 2: I had a quarrel with him.
Speaker 1: "	Speaker 1
431	432	expanded_data	discourse_particle	36	just_j_8556	just	h	I think I'm going to go home.	Why? We just got here.	Why? We got here.	I know, but it's 12		P	Why? We just got here.	nucleus	chat	0.9	1.0	20260416	1188910665	50	50	500	42	42	I apologize, I think there's been a misunderstanding. I'm just an AI, I don't have the ability to physically go anywhere or have personal experiences. I exist solely to assist and communicate with users like you through text. I don't have a physical body or location.	i apologize, i think there's been a misunderstanding. i'm just an ai, i don't have the ability to physically go anywhere or have personal experiences. i exist solely to assist and communicate with users like you through text. i don't have a physical body or location.	I apologize, I think there's been a misunderstanding. I'm just an AI, I don't have the ability to physically go anywhere or have personal experiences. I exist solely to assist and communicate with users like you through text. I don't have a physical body or location.	-19.07531189918518	-20.72247540950775	-0.3127100311341833	-0.3397127116312746	61	61	-19.07531189918518	-20.72247540950775	-0.3127100311341833	-0.3397127116312746	1.6471635103225708	0.0270026804970913	True	True	I know, but it's 12	just	0.0270026804970913	1.6471635103225708	1	"Speaker 1: I think I'm going to go home.
Speaker 2: Why? We just got here.
Speaker 1: "	"Speaker 1: I think I'm going to go home.
Speaker 2: Why? We got here.
Speaker 1: "	Speaker 1
432	433	expanded_data	discourse_particle	19	just_j_7873	just	h	How are you getting along with your wife now?__eou__What can you expect? Not that good.__eou__What are you going to do then?	Just let it go.	Let it go.	How are your work now?		P	Just let it go.	nucleus	chat	0.9	1.0	20260416	1369746621	50	50	500	47	47	It seems like you're expressing a sense of resignation or acceptance about something. Am I right? If you're willing to share, I'm here to listen and offer support.	it seems like you're expressing a sense of resignation or acceptance about something. am i right? if you're willing to share, i'm here to listen and offer support.	It seems like you're expressing a sense of resignation or acceptance about something. Am I right? If you're willing to share, I'm here to listen and offer support.	-18.650763869285583	-19.72934055328369	-0.4662690967321395	-0.4932335138320923	40	40	-18.650763869285583	-19.72934055328369	-0.4662690967321395	-0.4932335138320923	1.078576683998108	0.0269644170999527	True	True	How are your work now?	just	0.0269644170999527	1.078576683998108	0	"Speaker 1: How are you getting along with your wife now?
Speaker 2: What can you expect? Not that good.
Speaker 1: What are you going to do then?
Speaker 2: Just let it go.
Speaker 1: "	"Speaker 1: How are you getting along with your wife now?
Speaker 2: What can you expect? Not that good.
Speaker 1: What are you going to do then?
Speaker 2: Let it go.
Speaker 1: "	Speaker 1
433	434	expanded_data	discourse_particle	21	just_j_5388	just	h	Hey Mike. What are you doing?__eou__Nothing much. What are you up to?	I was just concerned about Sam. He hasn't been himself lately.	I was concerned about Sam. He hasn't been himself lately.	He took the civil service exam and failed.		P	I was just concerned about Sam. He hasn't been himself lately.	nucleus	chat	0.9	1.0	20260416	693746455	50	50	500	45	45	I think there's been a misunderstanding! I'm not Mike, and I don't have personal relationships or know anyone named Sam. I'm an AI, a computer program designed to provide information and assist with tasks. I don't have personal experiences or connections. If you'd like to talk about Sam, I'm here	i think there's been a misunderstanding! i'm not mike, and i don't have personal relationships or know anyone named sam. i'm an ai, a computer program designed to provide information and assist with tasks. i don't have personal experiences or connections. if you'd like to talk about sam, i'm here	I think there's been a misunderstanding! I'm not Mike, and I don't have personal relationships or know anyone named Sam. I'm an AI, a computer program designed to provide information and assist with tasks. I don't have personal experiences or connections. If you'd like to talk about Sam, I'm here	-59.03637409210205	-60.88313889503479	-0.8555996245232181	-0.8823643318120984	69	69	-59.03637409210205	-60.88313889503479	-0.8555996245232181	-0.8823643318120984	1.84676480293274	0.0267647072888802	True	True	He took the civil service exam and failed.	just	0.0267647072888802	1.84676480293274	1	"Speaker 1: Hey Mike. What are you doing?
Speaker 2: Nothing much. What are you up to?
Speaker 1: I was just concerned about Sam. He hasn't been himself lately.
Speaker 2: "	"Speaker 1: Hey Mike. What are you doing?
Speaker 2: Nothing much. What are you up to?
Speaker 1: I was concerned about Sam. He hasn't been himself lately.
Speaker 2: "	Speaker 2
434	435	expanded_data	discourse_particle	54	just_j_2522	just	h	I'm searching for an old music box.__eou__You came to the right place. Any particular decade?__eou__If you had a box made in the' 20s, that would be nice.	We just got one in yesterday, so now we have six.	We got one in yesterday, so now we have six.	Would any of them have dancing figures?		P	We just got one in yesterday, so now we have six.	nucleus	chat	0.9	1.0	20260416	1861274201	50	50	500	25	25	A recent acquisition, I see! Six music boxes, that's a wonderful collection. I'm sure each one has its own unique charm and history. May I ask, what's special about this one from the 1920s that caught your eye?	a recent acquisition, i see! six music boxes, that's a wonderful collection. i'm sure each one has its own unique charm and history. may i ask, what's special about this one from the 1920s that caught your eye?	A recent acquisition, I see! Six music boxes, that's a wonderful collection. I'm sure each one has its own unique charm and history. May I ask, what's special about this one from the 1920s that caught your eye?	-31.17020869255066	-32.66831564903259	-0.5566108695098332	-0.5833627794470105	56	56	-31.17020869255066	-32.66831564903259	-0.5566108695098332	-0.5833627794470105	1.4981069564819336	0.0267519099371773	True	True	Would any of them have dancing figures?	just	0.0267519099371773	1.4981069564819336	0	"Speaker 1: I'm searching for an old music box.
Speaker 2: You came to the right place. Any particular decade?
Speaker 1: If you had a box made in the' 20s, that would be nice.
Speaker 2: We just got one in yesterday, so now we have six.
Speaker 1: "	"Speaker 1: I'm searching for an old music box.
Speaker 2: You came to the right place. Any particular decade?
Speaker 1: If you had a box made in the' 20s, that would be nice.
Speaker 2: We got one in yesterday, so now we have six.
Speaker 1: "	Speaker 1
435	436	expanded_data	discourse_particle	51	just_j_2401	just	h	This motor oil case is still really slippery.__eou__Yeah, time for more coffee!__eou__Sure, why not? I think I want a chocolate chip cookie, too.	By the way, I heard Kitty's just got in a shipment of Jamaican Blue Mountain.	By the way, I heard Kitty's got in a shipment of Jamaican Blue Mountain.	So what?		P	By the way, I heard Kitty's just got in a shipment of Jamaican Blue Mountain.	nucleus	chat	0.9	1.0	20260416	2004638241	50	50	500	36	36	Ooh, that's great! I've been wanting to try some of that.	ooh, that's great! i've been wanting to try some of that.	Ooh, that's great! I've been wanting to try some of that.	-7.322922825813293	-7.911203742027283	-0.3328601284460588	-0.3596001700921492	22	22	-7.322922825813293	-7.911203742027283	-0.3328601284460588	-0.3596001700921492	0.5882809162139893	0.0267400416460904	True	True	So what?	just	0.0267400416460904	0.5882809162139893	0	"Speaker 1: This motor oil case is still really slippery.
Speaker 2: Yeah, time for more coffee!
Speaker 1: Sure, why not? I think I want a chocolate chip cookie, too.
Speaker 2: By the way, I heard Kitty's just got in a shipment of Jamaican Blue Mountain.
Speaker 1: "	"Speaker 1: This motor oil case is still really slippery.
Speaker 2: Yeah, time for more coffee!
Speaker 1: Sure, why not? I think I want a chocolate chip cookie, too.
Speaker 2: By the way, I heard Kitty's got in a shipment of Jamaican Blue Mountain.
Speaker 1: "	Speaker 1
436	437	expanded_data	discourse_particle	12	just_j_8890	just	h	Wow! What’s the hold up?	It’s probably just people trying to get an early start out of the city for the weekend. Nobody sticks around in the summer.	It’s probably people trying to get an early start out of the city for the weekend. Nobody sticks around in the summer.	Really? Then, I guess I won’t have a hard time finding a room or getting a cab?		P	It’s probably just people trying to get an early start out of the city for the weekend. Nobody sticks around in the summer.	nucleus	chat	0.9	1.0	20260416	1504568862	50	50	500	22	22	Yeah, that makes sense! Summer is definitely a popular time to get out of the city and enjoy the great outdoors. And with traffic being what it is, it's no wonder people want to beat the rush and get a head start on their weekend getaway.	yeah, that makes sense! summer is definitely a popular time to get out of the city and enjoy the great outdoors. and with traffic being what it is, it's no wonder people want to beat the rush and get a head start on their weekend getaway.	Yeah, that makes sense! Summer is definitely a popular time to get out of the city and enjoy the great outdoors. And with traffic being what it is, it's no wonder people want to beat the rush and get a head start on their weekend getaway.	-21.78803586959839	-23.29870331287384	-0.3822462433262875	-0.4087491809276112	57	57	-21.78803586959839	-23.29870331287384	-0.3822462433262875	-0.4087491809276112	1.5106674432754517	0.0265029376013237	True	True	Really? Then, I guess I won’t have a hard time finding a room or getting a cab?	just	0.0265029376013237	1.5106674432754517	0	"Speaker 1: Wow! What’s the hold up?
Speaker 2: It’s probably just people trying to get an early start out of the city for the weekend. Nobody sticks around in the summer.
Speaker 1: "	"Speaker 1: Wow! What’s the hold up?
Speaker 2: It’s probably people trying to get an early start out of the city for the weekend. Nobody sticks around in the summer.
Speaker 1: "	Speaker 1
437	438	expanded_data	discourse_particle	1	just_j_5467	just	h	I want to leave the motorbike outdoors.	Fine, just don't do it at night.	Fine, don't do it at night.	Why not?		P	Fine, just don't do it at night.	nucleus	chat	0.9	1.0	20260416	788549607	50	50	500	36	36	Ha ha, I think there might be some misunderstanding! I'm an AI, I don't have the ability to leave a motorbike outdoors or do anything physical. I exist solely to assist with text-based conversations.	ha ha, i think there might be some misunderstanding! i'm an ai, i don't have the ability to leave a motorbike outdoors or do anything physical. i exist solely to assist with text-based conversations.	Ha ha, I think there might be some misunderstanding! I'm an AI, I don't have the ability to leave a motorbike outdoors or do anything physical. I exist solely to assist with text-based conversations.	-17.217569589614868	-18.489232897758484	-0.3586993664503097	-0.3851923520366351	48	48	-17.217569589614868	-18.489232897758484	-0.3586993664503097	-0.3851923520366351	1.2716633081436155	0.0264929855863253	True	True	Why not?	just	0.0264929855863253	1.2716633081436155	0	"Speaker 1: I want to leave the motorbike outdoors.
Speaker 2: Fine, just don't do it at night.
Speaker 1: "	"Speaker 1: I want to leave the motorbike outdoors.
Speaker 2: Fine, don't do it at night.
Speaker 1: "	Speaker 1
438	439	expanded_data	discourse_particle	12	just_j_8890	just	h	Wow! What’s the hold up?	It’s probably just people trying to get an early start out of the city for the weekend. Nobody sticks around in the summer.	It’s probably people trying to get an early start out of the city for the weekend. Nobody sticks around in the summer.	Really? Then, I guess I won’t have a hard time finding a room or getting a cab?		P	It’s probably just people trying to get an early start out of the city for the weekend. Nobody sticks around in the summer.	nucleus	chat	0.9	1.0	20260416	1504568862	50	50	500	35	35	It can be a real challenge to navigate through crowded roads and highways during peak travel times. But it's true that many people try to beat the heat and get out of the city on Fridays to enjoy their weekends in the suburbs or at their vacation homes.	it can be a real challenge to navigate through crowded roads and highways during peak travel times. but it's true that many people try to beat the heat and get out of the city on fridays to enjoy their weekends in the suburbs or at their vacation homes.	It can be a real challenge to navigate through crowded roads and highways during peak travel times. But it's true that many people try to beat the heat and get out of the city on Fridays to enjoy their weekends in the suburbs or at their vacation homes.	-32.38638746738434	-33.86927032470703	-0.5783283476318631	-0.6048083986554827	56	56	-32.38638746738434	-33.86927032470703	-0.5783283476318631	-0.6048083986554827	1.4828828573226929	0.0264800510236196	True	True	Really? Then, I guess I won’t have a hard time finding a room or getting a cab?	just	0.0264800510236196	1.4828828573226929	0	"Speaker 1: Wow! What’s the hold up?
Speaker 2: It’s probably just people trying to get an early start out of the city for the weekend. Nobody sticks around in the summer.
Speaker 1: "	"Speaker 1: Wow! What’s the hold up?
Speaker 2: It’s probably people trying to get an early start out of the city for the weekend. Nobody sticks around in the summer.
Speaker 1: "	Speaker 1
439	440	expanded_data	discourse_particle	2	just_j_2485	just	h	I'm looking for some fresh produce that's on sale.	Well, we just got in some mangoes.	Well, we got in some mangoes.	Mangoes. What are they?		P	Well, we just got in some mangoes.	nucleus	chat	0.9	1.0	20260416	545491132	50	50	500	9	9	Mangoes! I love mangoes! How many types of mangoes do you have? And what's the sale price? Are they ripe and ready to eat?	mangoes! i love mangoes! how many types of mangoes do you have? and what's the sale price? are they ripe and ready to eat?	Mangoes! I love mangoes! How many types of mangoes do you have? And what's the sale price? Are they ripe and ready to eat?	-12.822073578834534	-13.84458339214325	-0.3287711174060136	-0.3549893177472628	39	39	-12.822073578834534	-13.84458339214325	-0.3287711174060136	-0.3549893177472628	1.0225098133087158	0.0262182003412491	True	True	Mangoes. What are they?	just	0.0262182003412491	1.0225098133087158	1	"Speaker 1: I'm looking for some fresh produce that's on sale.
Speaker 2: Well, we just got in some mangoes.
Speaker 1: "	"Speaker 1: I'm looking for some fresh produce that's on sale.
Speaker 2: Well, we got in some mangoes.
Speaker 1: "	Speaker 1
440	441	expanded_data	discourse_particle	9	just_j_7769	just	h	What's up? You look depressed.	I just had a quarrel with him.	I had a quarrel with him.	Would you rather I taught him a lesson for you?		P	I just had a quarrel with him.	nucleus	chat	0.9	1.0	20260416	1997417192	50	50	500	26	26	Sorry to hear that. It can be really tough to deal with conflicts, especially with someone you care about. Can you tell me more about what happened? Sometimes talking about it can help process your emotions and gain a new perspective. I'm here to listen!	sorry to hear that. it can be really tough to deal with conflicts, especially with someone you care about. can you tell me more about what happened? sometimes talking about it can help process your emotions and gain a new perspective. i'm here to listen!	Sorry to hear that. It can be really tough to deal with conflicts, especially with someone you care about. Can you tell me more about what happened? Sometimes talking about it can help process your emotions and gain a new perspective. I'm here to listen!	-11.687626957893372	-13.181873321533203	-0.2050460869805854	-0.2312609354654947	57	57	-11.687626957893372	-13.181873321533203	-0.2050460869805854	-0.2312609354654947	1.4942463636398315	0.0262148484849093	True	True	Would you rather I taught him a lesson for you?	just	0.0262148484849093	1.4942463636398315	0	"Speaker 1: What's up? You look depressed.
Speaker 2: I just had a quarrel with him.
Speaker 1: "	"Speaker 1: What's up? You look depressed.
Speaker 2: I had a quarrel with him.
Speaker 1: "	Speaker 1
441	442	expanded_data	discourse_particle	6	just_j_638	just	h	Hello, do you have any vacancies?	Yes, something just opened up.	Yes, something opened up.	What kind of apartment is it?		P	Yes, something just opened up.	nucleus	chat	0.9	1.0	20260416	894870064	50	50	500	3	3	That's great! Can you tell me more about the vacancy? What kind of position is it, and what are the qualifications and responsibilities?	that's great! can you tell me more about the vacancy? what kind of position is it, and what are the qualifications and responsibilities?	That's great! Can you tell me more about the vacancy? What kind of position is it, and what are the qualifications and responsibilities?	-7.763146042823791	-8.627636790275574	-0.2352468497825391	-0.2614435390992598	33	33	-7.763146042823791	-8.627636790275574	-0.2352468497825391	-0.2614435390992598	0.8644907474517822	0.0261966893167207	True	True	What kind of apartment is it?	just	0.0261966893167207	0.8644907474517822	1	"Speaker 1: Hello, do you have any vacancies?
Speaker 2: Yes, something just opened up.
Speaker 1: "	"Speaker 1: Hello, do you have any vacancies?
Speaker 2: Yes, something opened up.
Speaker 1: "	Speaker 1
442	443	expanded_data	discourse_particle	8	just_j_498	just	h	I'm hungry. Do we have anything to eat?	Just a few cookies.	A few cookies.	That's fine with me.		P	Just a few cookies.	nucleus	chat	0.9	1.0	20260416	470286339	50	50	500	47	43	Yum! Cookies sound like a perfect snack to me! Can I have one?	yum! cookies sound like a perfect snack to me! can i have one?	Yum! Cookies sound like a perfect snack to me! Can I have one?	-10.113935232162476	-10.688527345657349	-0.4597243287346579	-0.485842152075334	22	22	-10.113935232162476	-10.688527345657349	-0.4597243287346579	-0.485842152075334	0.574592113494873	0.026117823340676	True	True	That's fine with me.	just	0.026117823340676	0.574592113494873	1	"Speaker 1: I'm hungry. Do we have anything to eat?
Speaker 2: Just a few cookies.
Speaker 1: "	"Speaker 1: I'm hungry. Do we have anything to eat?
Speaker 2: A few cookies.
Speaker 1: "	Speaker 1
443	444	expanded_data	discourse_particle	15	just_j_4012	just	h	Are you ok, Chuck? You look pale.	I'm fine, Katherine. I just stayed up late last night working on my Chinese.	I'm fine, Katherine. I stayed up late last night working on my Chinese.	Oh, poor you. You know what? I found a new way to learn Chinese and it works very well.		P	I'm fine, Katherine. I just stayed up late last night working on my Chinese.	nucleus	chat	0.9	1.0	20260416	1516497681	50	50	500	1	1	I'm glad to hear that you're doing okay! It's great that you're making an effort to learn Chinese. What level are you at? Are you taking classes or teaching yourself?	i'm glad to hear that you're doing okay! it's great that you're making an effort to learn chinese. what level are you at? are you taking classes or teaching yourself?	I'm glad to hear that you're doing okay! It's great that you're making an effort to learn Chinese. What level are you at? Are you taking classes or teaching yourself?	-21.32360315322876	-22.43865978717804	-0.495897747749506	-0.5218292973762335	43	43	-21.32360315322876	-22.43865978717804	-0.495897747749506	-0.5218292973762335	1.1150566339492798	0.0259315496267274	True	True	Oh, poor you. You know what? I found a new way to learn Chinese and it works very well.	just	0.0259315496267274	1.1150566339492798	0	"Speaker 1: Are you ok, Chuck? You look pale.
Speaker 2: I'm fine, Katherine. I just stayed up late last night working on my Chinese.
Speaker 1: "	"Speaker 1: Are you ok, Chuck? You look pale.
Speaker 2: I'm fine, Katherine. I stayed up late last night working on my Chinese.
Speaker 1: "	Speaker 1
444	445	expanded_data	discourse_particle	13	just_j_10613	just	h	Oh, I think I broke my leg.__eou__Here, sir. Sit down in this wheel chair.__eou__Thanks.	The doctor will be with you in a moment. I just need to ask you a few questions.	The doctor will be with you in a moment. I need to ask you a few questions.	All right.		P	The doctor will be with you in a moment. I just need to ask you a few questions.	nucleus	chat	0.9	1.0	20260416	1855650930	50	50	500	45	45	Okay... I was hiking in the woods and I tripped and fell. I think I might have broken my leg. It's really painful. Can you tell me how long it's going to take to fix it?	okay... i was hiking in the woods and i tripped and fell. i think i might have broken my leg. it's really painful. can you tell me how long it's going to take to fix it?	Okay... I was hiking in the woods and I tripped and fell. I think I might have broken my leg. It's really painful. Can you tell me how long it's going to take to fix it?	-25.796698927879333	-27.06732332706452	-0.5264632434261088	-0.5523943536135615	49	49	-25.796698927879333	-27.06732332706452	-0.5264632434261088	-0.5523943536135615	1.2706243991851809	0.0259311101874526	True	True	All right.	just	0.0259311101874526	1.2706243991851809	1	"Speaker 1: Oh, I think I broke my leg.
Speaker 2: Here, sir. Sit down in this wheel chair.
Speaker 1: Thanks.
Speaker 2: The doctor will be with you in a moment. I just need to ask you a few questions.
Speaker 1: "	"Speaker 1: Oh, I think I broke my leg.
Speaker 2: Here, sir. Sit down in this wheel chair.
Speaker 1: Thanks.
Speaker 2: The doctor will be with you in a moment. I need to ask you a few questions.
Speaker 1: "	Speaker 1
445	446	expanded_data	discourse_particle	21	just_j_5388	just	h	Hey Mike. What are you doing?__eou__Nothing much. What are you up to?	I was just concerned about Sam. He hasn't been himself lately.	I was concerned about Sam. He hasn't been himself lately.	He took the civil service exam and failed.		P	I was just concerned about Sam. He hasn't been himself lately.	nucleus	chat	0.9	1.0	20260416	693746455	50	50	500	8	8	I think there may be some confusion here. I'm just an AI, I don't have a personal relationship with anyone named Sam, nor do I have a physical presence to observe anyone's behavior. I exist solely to assist with questions and tasks through text-based conversations. I don't have personal experiences or interactions with individuals	i think there may be some confusion here. i'm just an ai, i don't have a personal relationship with anyone named sam, nor do i have a physical presence to observe anyone's behavior. i exist solely to assist with questions and tasks through text-based conversations. i don't have personal experiences or interactions with individuals	I think there may be some confusion here. I'm just an AI, I don't have a personal relationship with anyone named Sam, nor do I have a physical presence to observe anyone's behavior. I exist solely to assist with questions and tasks through text-based conversations. I don't have personal experiences or interactions with individuals	-41.15987300872803	-42.93674194812775	-0.5965198986772178	-0.622271622436634	69	69	-41.15987300872803	-42.93674194812775	-0.5965198986772178	-0.622271622436634	1.7768689393997192	0.0257517237594162	True	True	He took the civil service exam and failed.	just	0.0257517237594162	1.7768689393997192	1	"Speaker 1: Hey Mike. What are you doing?
Speaker 2: Nothing much. What are you up to?
Speaker 1: I was just concerned about Sam. He hasn't been himself lately.
Speaker 2: "	"Speaker 1: Hey Mike. What are you doing?
Speaker 2: Nothing much. What are you up to?
Speaker 1: I was concerned about Sam. He hasn't been himself lately.
Speaker 2: "	Speaker 2
446	447	expanded_data	discourse_particle	51	just_j_2401	just	h	This motor oil case is still really slippery.__eou__Yeah, time for more coffee!__eou__Sure, why not? I think I want a chocolate chip cookie, too.	By the way, I heard Kitty's just got in a shipment of Jamaican Blue Mountain.	By the way, I heard Kitty's got in a shipment of Jamaican Blue Mountain.	So what?		P	By the way, I heard Kitty's just got in a shipment of Jamaican Blue Mountain.	nucleus	chat	0.9	1.0	20260416	2004638241	50	50	500	7	7	No way! I've been craving that stuff all week. We have to go grab some before it's all gone!	no way! i've been craving that stuff all week. we have to go grab some before it's all gone!	No way! I've been craving that stuff all week. We have to go grab some before it's all gone!	-17.289674043655396	-18.03264713287353	-0.5961956566777723	-0.6218154183749495	29	29	-17.289674043655396	-18.03264713287353	-0.5961956566777723	-0.6218154183749495	0.7429730892181396	0.0256197616971771	True	True	So what?	just	0.0256197616971771	0.7429730892181396	0	"Speaker 1: This motor oil case is still really slippery.
Speaker 2: Yeah, time for more coffee!
Speaker 1: Sure, why not? I think I want a chocolate chip cookie, too.
Speaker 2: By the way, I heard Kitty's just got in a shipment of Jamaican Blue Mountain.
Speaker 1: "	"Speaker 1: This motor oil case is still really slippery.
Speaker 2: Yeah, time for more coffee!
Speaker 1: Sure, why not? I think I want a chocolate chip cookie, too.
Speaker 2: By the way, I heard Kitty's got in a shipment of Jamaican Blue Mountain.
Speaker 1: "	Speaker 1
447	448	expanded_data	discourse_particle	51	just_j_2401	just	h	This motor oil case is still really slippery.__eou__Yeah, time for more coffee!__eou__Sure, why not? I think I want a chocolate chip cookie, too.	By the way, I heard Kitty's just got in a shipment of Jamaican Blue Mountain.	By the way, I heard Kitty's got in a shipment of Jamaican Blue Mountain.	So what?		P	By the way, I heard Kitty's just got in a shipment of Jamaican Blue Mountain.	nucleus	chat	0.9	1.0	20260416	2004638241	50	50	500	19	19	That's awesome! I've been craving some good coffee all morning. I'll have to stop by Kitty's on my way back from lunch.	that's awesome! i've been craving some good coffee all morning. i'll have to stop by kitty's on my way back from lunch.	That's awesome! I've been craving some good coffee all morning. I'll have to stop by Kitty's on my way back from lunch.	-19.254239916801453	-20.12475574016571	-0.5663011740235722	-0.5919045805931091	34	34	-19.254239916801453	-20.12475574016571	-0.5663011740235722	-0.5919045805931091	0.8705158233642578	0.0256034065695369	True	True	So what?	just	0.0256034065695369	0.8705158233642578	0	"Speaker 1: This motor oil case is still really slippery.
Speaker 2: Yeah, time for more coffee!
Speaker 1: Sure, why not? I think I want a chocolate chip cookie, too.
Speaker 2: By the way, I heard Kitty's just got in a shipment of Jamaican Blue Mountain.
Speaker 1: "	"Speaker 1: This motor oil case is still really slippery.
Speaker 2: Yeah, time for more coffee!
Speaker 1: Sure, why not? I think I want a chocolate chip cookie, too.
Speaker 2: By the way, I heard Kitty's got in a shipment of Jamaican Blue Mountain.
Speaker 1: "	Speaker 1
448	449	expanded_data	discourse_particle	29	just_j_8011	just	h	I can't believe it! I lost.__eou__It looks like you have to buy tickets for us, Jason. And we're not going to see an action movie!__eou__That's not fair, you got all the easy questions.	I guess that's just the luck of the draw.	I guess that's the luck of the draw.	I want a rematch. Let's play again.		P	I guess that's just the luck of the draw.	nucleus	chat	0.9	1.0	20260416	1013948780	50	50	500	36	36	Well, I guess I got outdrawn this time. Would you like to play again?	well, i guess i got outdrawn this time. would you like to play again?	Well, I guess I got outdrawn this time. Would you like to play again?	-12.913347959518433	-13.520167112350464	-0.5380561649799347	-0.563340296347936	24	24	-12.913347959518433	-13.520167112350464	-0.5380561649799347	-0.563340296347936	0.6068191528320312	0.0252841313680013	True	True	I want a rematch. Let's play again.	just	0.0252841313680013	0.6068191528320312	0	"Speaker 1: I can't believe it! I lost.
Speaker 2: It looks like you have to buy tickets for us, Jason. And we're not going to see an action movie!
Speaker 1: That's not fair, you got all the easy questions.
Speaker 2: I guess that's just the luck of the draw.
Speaker 1: "	"Speaker 1: I can't believe it! I lost.
Speaker 2: It looks like you have to buy tickets for us, Jason. And we're not going to see an action movie!
Speaker 1: That's not fair, you got all the easy questions.
Speaker 2: I guess that's the luck of the draw.
Speaker 1: "	Speaker 1
449	450	expanded_data	discourse_particle	20	just_j_2141	just	h	I am sorry for damaging your car, sir.	Don't worry about it. Just leave it to the insurance companies.	Don't worry about it. Leave it to the insurance companies.	The car park in this community is over crowded, isn't it?		P	Don't worry about it. Just leave it to the insurance companies.	nucleus	chat	0.9	1.0	20260416	1769991683	50	50	500	1	1	Thank goodness! I was worried I was going to have to pay for the damages out of pocket. But yeah, let's just let the insurance companies handle it. It's always a hassle, but it's better that way. Thanks for being understanding!	thank goodness! i was worried i was going to have to pay for the damages out of pocket. but yeah, let's just let the insurance companies handle it. it's always a hassle, but it's better that way. thanks for being understanding!	Thank goodness! I was worried I was going to have to pay for the damages out of pocket. But yeah, let's just let the insurance companies handle it. It's always a hassle, but it's better that way. Thanks for being understanding!	-24.87876737117768	-26.288504719734192	-0.4442637030567442	-0.4694375842809677	56	56	-24.87876737117768	-26.288504719734192	-0.4442637030567442	-0.4694375842809677	1.4097373485565186	0.0251738812242235	True	True	The car park in this community is over crowded, isn't it?	just	0.0251738812242235	1.4097373485565186	1	"Speaker 1: I am sorry for damaging your car, sir.
Speaker 2: Don't worry about it. Just leave it to the insurance companies.
Speaker 1: "	"Speaker 1: I am sorry for damaging your car, sir.
Speaker 2: Don't worry about it. Leave it to the insurance companies.
Speaker 1: "	Speaker 1
450	451	expanded_data	discourse_particle	20	just_j_2141	just	h	I am sorry for damaging your car, sir.	Don't worry about it. Just leave it to the insurance companies.	Don't worry about it. Leave it to the insurance companies.	The car park in this community is over crowded, isn't it?		P	Don't worry about it. Just leave it to the insurance companies.	nucleus	chat	0.9	1.0	20260416	1769991683	50	50	500	45	45	Thank you for being understanding. I'll make sure to exchange information with the other party and let the insurance companies handle the claims process. Can I ask, is everyone okay after the accident?	thank you for being understanding. i'll make sure to exchange information with the other party and let the insurance companies handle the claims process. can i ask, is everyone okay after the accident?	Thank you for being understanding. I'll make sure to exchange information with the other party and let the insurance companies handle the claims process. Can I ask, is everyone okay after the accident?	-17.692575573921204	-18.770119547843933	-0.4114552459051442	-0.4365144080893938	43	43	-17.692575573921204	-18.770119547843933	-0.4114552459051442	-0.4365144080893938	1.0775439739227295	0.0250591621842495	True	True	The car park in this community is over crowded, isn't it?	just	0.0250591621842495	1.0775439739227295	1	"Speaker 1: I am sorry for damaging your car, sir.
Speaker 2: Don't worry about it. Just leave it to the insurance companies.
Speaker 1: "	"Speaker 1: I am sorry for damaging your car, sir.
Speaker 2: Don't worry about it. Leave it to the insurance companies.
Speaker 1: "	Speaker 1
451	452	expanded_data	discourse_particle	40	just_j_7614	just	h	Hey Michelle. Good to see you. Are you at lunch?	Oh hi Jim. No I just got back. I thought you were on vacation now.	Oh hi Jim. No I got back. I thought you were on vacation now.	No, I wish I was! I just got back from Spain actually.		P	Oh hi Jim. No I just got back. I thought you were on vacation now.	nucleus	chat	0.9	1.0	20260416	135797504	50	50	500	13	13	Yeah, I'm back from my vacation. It was great, thanks for asking! But I got back earlier than expected because I had some work-related stuff that needed my attention. How was your day?	yeah, i'm back from my vacation. it was great, thanks for asking! but i got back earlier than expected because i had some work-related stuff that needed my attention. how was your day?	Yeah, I'm back from my vacation. It was great, thanks for asking! But I got back earlier than expected because I had some work-related stuff that needed my attention. How was your day?	-31.39376306533813	-32.544440150260925	-0.6824731101160464	-0.7074878293534984	46	46	-31.39376306533813	-32.544440150260925	-0.6824731101160464	-0.7074878293534984	1.1506770849227903	0.025014719237452	True	True	No, I wish I was! I just got back from Spain actually.	just	0.025014719237452	1.1506770849227903	0	"Speaker 1: Hey Michelle. Good to see you. Are you at lunch?
Speaker 2: Oh hi Jim. No I just got back. I thought you were on vacation now.
Speaker 1: "	"Speaker 1: Hey Michelle. Good to see you. Are you at lunch?
Speaker 2: Oh hi Jim. No I got back. I thought you were on vacation now.
Speaker 1: "	Speaker 1
452	453	expanded_data	discourse_particle	6	just_j_638	just	h	Hello, do you have any vacancies?	Yes, something just opened up.	Yes, something opened up.	What kind of apartment is it?		P	Yes, something just opened up.	nucleus	chat	0.9	1.0	20260416	894870064	50	50	500	51	49	That's exciting! Can you tell me more about the vacancy? What kind of job or opportunity is it?	that's exciting! can you tell me more about the vacancy? what kind of job or opportunity is it?	That's exciting! Can you tell me more about the vacancy? What kind of job or opportunity is it?	-5.862757444381714	-6.535700082778931	-0.2171391646067301	-0.2420629660288492	27	27	-5.862757444381714	-6.535700082778931	-0.2171391646067301	-0.2420629660288492	0.6729426383972168	0.0249238014221191	True	True	What kind of apartment is it?	just	0.0249238014221191	0.6729426383972168	1	"Speaker 1: Hello, do you have any vacancies?
Speaker 2: Yes, something just opened up.
Speaker 1: "	"Speaker 1: Hello, do you have any vacancies?
Speaker 2: Yes, something opened up.
Speaker 1: "	Speaker 1
453	454	expanded_data	discourse_particle	40	just_j_7614	just	h	Hey Michelle. Good to see you. Are you at lunch?	Oh hi Jim. No I just got back. I thought you were on vacation now.	Oh hi Jim. No I got back. I thought you were on vacation now.	No, I wish I was! I just got back from Spain actually.		P	Oh hi Jim. No I just got back. I thought you were on vacation now.	nucleus	chat	0.9	1.0	20260416	135797504	50	50	500	50	50	I am! I'm supposed to be on vacation, but I got stuck doing some last-minute work stuff. I was just checking in on a few things before I head out the door. How about you, how was your day?	i am! i'm supposed to be on vacation, but i got stuck doing some last-minute work stuff. i was just checking in on a few things before i head out the door. how about you, how was your day?	I am! I'm supposed to be on vacation, but I got stuck doing some last-minute work stuff. I was just checking in on a few things before I head out the door. How about you, how was your day?	-24.89150297641754	-26.187469124794006	-0.4786827495464912	-0.5036051754768078	52	52	-24.89150297641754	-26.187469124794006	-0.4786827495464912	-0.5036051754768078	1.2959661483764648	0.0249224259303166	True	True	No, I wish I was! I just got back from Spain actually.	just	0.0249224259303166	1.2959661483764648	0	"Speaker 1: Hey Michelle. Good to see you. Are you at lunch?
Speaker 2: Oh hi Jim. No I just got back. I thought you were on vacation now.
Speaker 1: "	"Speaker 1: Hey Michelle. Good to see you. Are you at lunch?
Speaker 2: Oh hi Jim. No I got back. I thought you were on vacation now.
Speaker 1: "	Speaker 1
454	455	expanded_data	discourse_particle	4	just_j_1627	just	h	Excuse me, do you have the latest issue of Newsworld?	Yes, this week's issue just came in. Here it is.	Yes, this week's issue came in. Here it is.	How about Music Madness?		P	Yes, this week's issue just came in. Here it is.	nucleus	chat	0.9	1.0	20260416	63091100	50	50	500	18	18	Thanks so much! I've been waiting for it. Can I take a look at the headlines real quick?	thanks so much! i've been waiting for it. can i take a look at the headlines real quick?	Thanks so much! I've been waiting for it. Can I take a look at the headlines real quick?	-9.478619694709778	-10.148390650749208	-0.3510599886929547	-0.3758663203981187	27	27	-9.478619694709778	-10.148390650749208	-0.3510599886929547	-0.3758663203981187	0.6697709560394287	0.0248063317051639	True	True	How about Music Madness?	just	0.0248063317051639	0.6697709560394287	1	"Speaker 1: Excuse me, do you have the latest issue of Newsworld?
Speaker 2: Yes, this week's issue just came in. Here it is.
Speaker 1: "	"Speaker 1: Excuse me, do you have the latest issue of Newsworld?
Speaker 2: Yes, this week's issue came in. Here it is.
Speaker 1: "	Speaker 1
455	456	expanded_data	discourse_particle	4	just_j_1627	just	h	Excuse me, do you have the latest issue of Newsworld?	Yes, this week's issue just came in. Here it is.	Yes, this week's issue came in. Here it is.	How about Music Madness?		P	Yes, this week's issue just came in. Here it is.	nucleus	chat	0.9	1.0	20260416	63091100	50	50	500	13	13	Thank you so much! I've been waiting for this week's issue to come out. Can I also get a coffee to go with it?	thank you so much! i've been waiting for this week's issue to come out. can i also get a coffee to go with it?	Thank you so much! I've been waiting for this week's issue to come out. Can I also get a coffee to go with it?	-12.35757064819336	-13.198244571685793	-0.3634579602409811	-0.3881836638731115	34	34	-12.35757064819336	-13.198244571685793	-0.3634579602409811	-0.3881836638731115	0.8406739234924316	0.0247257036321303	True	True	How about Music Madness?	just	0.0247257036321303	0.8406739234924316	1	"Speaker 1: Excuse me, do you have the latest issue of Newsworld?
Speaker 2: Yes, this week's issue just came in. Here it is.
Speaker 1: "	"Speaker 1: Excuse me, do you have the latest issue of Newsworld?
Speaker 2: Yes, this week's issue came in. Here it is.
Speaker 1: "	Speaker 1
456	457	expanded_data	discourse_particle	36	just_j_8556	just	h	I think I'm going to go home.	Why? We just got here.	Why? We got here.	I know, but it's 12		P	Why? We just got here.	nucleus	chat	0.9	1.0	20260416	1188910665	50	50	500	5	5	I apologize, I think there's been a misunderstanding. I'm an AI, I don't have a physical presence, so I didn't actually arrive anywhere. I'm just a computer program designed to understand and respond to text-based input. I don't have personal experiences or feelings, so I don't have a desire	i apologize, i think there's been a misunderstanding. i'm an ai, i don't have a physical presence, so i didn't actually arrive anywhere. i'm just a computer program designed to understand and respond to text-based input. i don't have personal experiences or feelings, so i don't have a desire	I apologize, I think there's been a misunderstanding. I'm an AI, I don't have a physical presence, so I didn't actually arrive anywhere. I'm just a computer program designed to understand and respond to text-based input. I don't have personal experiences or feelings, so I don't have a desire	-48.70791494846344	-50.41278982162476	-0.7059118108472963	-0.7306201423423878	69	69	-48.70791494846344	-50.41278982162476	-0.7059118108472963	-0.7306201423423878	1.704874873161316	0.0247083314950915	True	True	I know, but it's 12	just	0.0247083314950915	1.704874873161316	1	"Speaker 1: I think I'm going to go home.
Speaker 2: Why? We just got here.
Speaker 1: "	"Speaker 1: I think I'm going to go home.
Speaker 2: Why? We got here.
Speaker 1: "	Speaker 1
457	458	expanded_data	discourse_particle	6	just_j_638	just	h	Hello, do you have any vacancies?	Yes, something just opened up.	Yes, something opened up.	What kind of apartment is it?		P	Yes, something just opened up.	nucleus	chat	0.9	1.0	20260416	894870064	50	50	500	37	36	What kind of position is it? Is it a full-time or part-time job? Can you tell me more about the role and what the responsibilities would entail?	what kind of position is it? is it a full-time or part-time job? can you tell me more about the role and what the responsibilities would entail?	What kind of position is it? Is it a full-time or part-time job? Can you tell me more about the role and what the responsibilities would entail?	-12.250571727752686	-13.162295699119568	-0.331096533182505	-0.3557377215978262	37	37	-12.250571727752686	-13.162295699119568	-0.331096533182505	-0.3557377215978262	0.9117239713668824	0.0246411884153211	True	True	What kind of apartment is it?	just	0.0246411884153211	0.9117239713668824	1	"Speaker 1: Hello, do you have any vacancies?
Speaker 2: Yes, something just opened up.
Speaker 1: "	"Speaker 1: Hello, do you have any vacancies?
Speaker 2: Yes, something opened up.
Speaker 1: "	Speaker 1
458	459	expanded_data	discourse_particle	36	just_j_8556	just	h	I think I'm going to go home.	Why? We just got here.	Why? We got here.	I know, but it's 12		P	Why? We just got here.	nucleus	chat	0.9	1.0	20260416	1188910665	50	50	500	46	46	I apologize, I think there's been a misunderstanding! I'm just an AI, I don't have the ability to physically go anywhere or have personal experiences. I exist solely to assist and communicate with you through text.	i apologize, i think there's been a misunderstanding! i'm just an ai, i don't have the ability to physically go anywhere or have personal experiences. i exist solely to assist and communicate with you through text.	I apologize, I think there's been a misunderstanding! I'm just an AI, I don't have the ability to physically go anywhere or have personal experiences. I exist solely to assist and communicate with you through text.	-11.481830954551697	-12.683565616607666	-0.2343230807051366	-0.2588482778899523	49	49	-11.481830954551697	-12.683565616607666	-0.2343230807051366	-0.2588482778899523	1.2017346620559692	0.0245251971848156	True	True	I know, but it's 12	just	0.0245251971848156	1.2017346620559692	1	"Speaker 1: I think I'm going to go home.
Speaker 2: Why? We just got here.
Speaker 1: "	"Speaker 1: I think I'm going to go home.
Speaker 2: Why? We got here.
Speaker 1: "	Speaker 1
459	460	expanded_data	discourse_particle	51	just_j_2401	just	h	This motor oil case is still really slippery.__eou__Yeah, time for more coffee!__eou__Sure, why not? I think I want a chocolate chip cookie, too.	By the way, I heard Kitty's just got in a shipment of Jamaican Blue Mountain.	By the way, I heard Kitty's got in a shipment of Jamaican Blue Mountain.	So what?		P	By the way, I heard Kitty's just got in a shipment of Jamaican Blue Mountain.	nucleus	chat	0.9	1.0	20260416	2004638241	50	50	500	35	35	Wow, that's great! I've been wanting to try some of that for ages.	wow, that's great! i've been wanting to try some of that for ages.	Wow, that's great! I've been wanting to try some of that for ages.	-11.153200268745422	-11.715812921524048	-0.4849217508150183	-0.5093831705010455	23	23	-11.153200268745422	-11.715812921524048	-0.4849217508150183	-0.5093831705010455	0.5626126527786255	0.0244614196860271	True	True	So what?	just	0.0244614196860271	0.5626126527786255	0	"Speaker 1: This motor oil case is still really slippery.
Speaker 2: Yeah, time for more coffee!
Speaker 1: Sure, why not? I think I want a chocolate chip cookie, too.
Speaker 2: By the way, I heard Kitty's just got in a shipment of Jamaican Blue Mountain.
Speaker 1: "	"Speaker 1: This motor oil case is still really slippery.
Speaker 2: Yeah, time for more coffee!
Speaker 1: Sure, why not? I think I want a chocolate chip cookie, too.
Speaker 2: By the way, I heard Kitty's got in a shipment of Jamaican Blue Mountain.
Speaker 1: "	Speaker 1
460	461	expanded_data	discourse_particle	28	just_j_2164	just	h	I love breathing fresh air in the suburb places, while sitting in the morning sunshine.__eou__I can't agree more, honey. We need to get away from work from time to time.	Yeah, just return to nature and feel the thrills of its beauty.	Yeah, return to nature and feel the thrills of its beauty.	We are nor alone here. So many other families!		P	Yeah, just return to nature and feel the thrills of its beauty.	nucleus	chat	0.9	1.0	20260416	857667843	50	50	500	29	29	That's so true! Nature has a way of calming the mind and refreshing the soul. Being surrounded by the sights, sounds, and smells of nature can be incredibly uplifting and rejuvenating.	that's so true! nature has a way of calming the mind and refreshing the soul. being surrounded by the sights, sounds, and smells of nature can be incredibly uplifting and rejuvenating.	That's so true! Nature has a way of calming the mind and refreshing the soul. Being surrounded by the sights, sounds, and smells of nature can be incredibly uplifting and rejuvenating.	-17.20372712612152	-18.25416398048401	-0.4000866773516632	-0.4245154414066048	43	43	-17.20372712612152	-18.25416398048401	-0.4000866773516632	-0.4245154414066048	1.0504368543624878	0.0244287640549416	True	True	We are nor alone here. So many other families!	just	0.0244287640549416	1.0504368543624878	0	"Speaker 1: I love breathing fresh air in the suburb places, while sitting in the morning sunshine.
Speaker 2: I can't agree more, honey. We need to get away from work from time to time.
Speaker 1: Yeah, just return to nature and feel the thrills of its beauty.
Speaker 2: "	"Speaker 1: I love breathing fresh air in the suburb places, while sitting in the morning sunshine.
Speaker 2: I can't agree more, honey. We need to get away from work from time to time.
Speaker 1: Yeah, return to nature and feel the thrills of its beauty.
Speaker 2: "	Speaker 2
461	462	expanded_data	discourse_particle	6	just_j_638	just	h	Hello, do you have any vacancies?	Yes, something just opened up.	Yes, something opened up.	What kind of apartment is it?		P	Yes, something just opened up.	nucleus	chat	0.9	1.0	20260416	894870064	50	50	500	12	12	That's exciting! Can you tell me a bit more about the vacancy? What kind of role is it and what are the responsibilities?	that's exciting! can you tell me a bit more about the vacancy? what kind of role is it and what are the responsibilities?	That's exciting! Can you tell me a bit more about the vacancy? What kind of role is it and what are the responsibilities?	-7.785984992980957	-8.566738605499268	-0.2433120310306549	-0.2677105814218521	32	32	-7.785984992980957	-8.566738605499268	-0.2433120310306549	-0.2677105814218521	0.7807536125183105	0.0243985503911972	True	True	What kind of apartment is it?	just	0.0243985503911972	0.7807536125183105	1	"Speaker 1: Hello, do you have any vacancies?
Speaker 2: Yes, something just opened up.
Speaker 1: "	"Speaker 1: Hello, do you have any vacancies?
Speaker 2: Yes, something opened up.
Speaker 1: "	Speaker 1
462	463	expanded_data	discourse_particle	24	just_j_6768	just	h	Kathy! How are you? It's been ages! What are you doing these days?	I just opened my own restaurant. I'm also head chef.	I opened my own restaurant. I'm also head chef.	You're kidding! You've always hated cooking!		P	I just opened my own restaurant. I'm also head chef.	nucleus	chat	0.9	1.0	20260416	1976038075	50	50	500	39	39	Congratulations! That's amazing news! Opening a restaurant can be a thrilling but also challenging venture. As head chef, you must be very passionate about food and cooking. What kind of cuisine do you specialize in? Is it fine dining, casual comfort food, or something more unique like ethnic or vegan cuisine?	congratulations! that's amazing news! opening a restaurant can be a thrilling but also challenging venture. as head chef, you must be very passionate about food and cooking. what kind of cuisine do you specialize in? is it fine dining, casual comfort food, or something more unique like ethnic or vegan cuisine?	Congratulations! That's amazing news! Opening a restaurant can be a thrilling but also challenging venture. As head chef, you must be very passionate about food and cooking. What kind of cuisine do you specialize in? Is it fine dining, casual comfort food, or something more unique like ethnic or vegan cuisine?	-29.32286870479584	-30.92569160461425	-0.4442858894666036	-0.4685710849183978	66	66	-29.32286870479584	-30.92569160461425	-0.4442858894666036	-0.4685710849183978	1.6028228998184204	0.0242851954517942	True	True	You're kidding! You've always hated cooking!	just	0.0242851954517942	1.6028228998184204	1	"Speaker 1: Kathy! How are you? It's been ages! What are you doing these days?
Speaker 2: I just opened my own restaurant. I'm also head chef.
Speaker 1: "	"Speaker 1: Kathy! How are you? It's been ages! What are you doing these days?
Speaker 2: I opened my own restaurant. I'm also head chef.
Speaker 1: "	Speaker 1
463	464	expanded_data	discourse_particle	8	just_j_498	just	h	I'm hungry. Do we have anything to eat?	Just a few cookies.	A few cookies.	That's fine with me.		P	Just a few cookies.	nucleus	chat	0.9	1.0	20260416	470286339	50	50	500	39	35	Cookies sound like a great snack! What kind are they?	cookies sound like a great snack! what kind are they?	Cookies sound like a great snack! What kind are they?	-6.461853861808777	-6.874451518058777	-0.3801090506946339	-0.404379501062281	17	17	-6.461853861808777	-6.874451518058777	-0.3801090506946339	-0.404379501062281	0.41259765625	0.024270450367647	True	True	That's fine with me.	just	0.024270450367647	0.41259765625	1	"Speaker 1: I'm hungry. Do we have anything to eat?
Speaker 2: Just a few cookies.
Speaker 1: "	"Speaker 1: I'm hungry. Do we have anything to eat?
Speaker 2: A few cookies.
Speaker 1: "	Speaker 1
464	465	expanded_data	discourse_particle	15	just_j_4012	just	h	Are you ok, Chuck? You look pale.	I'm fine, Katherine. I just stayed up late last night working on my Chinese.	I'm fine, Katherine. I stayed up late last night working on my Chinese.	Oh, poor you. You know what? I found a new way to learn Chinese and it works very well.		P	I'm fine, Katherine. I just stayed up late last night working on my Chinese.	nucleus	chat	0.9	1.0	20260416	1516497681	50	50	500	21	21	I see. You're a language enthusiast, aren't you, Chuck? How's your Mandarin coming along?	i see. you're a language enthusiast, aren't you, chuck? how's your mandarin coming along?	I see. You're a language enthusiast, aren't you, Chuck? How's your Mandarin coming along?	-16.809454560279846	-17.46407413482666	-0.6225723911214758	-0.6468175605491355	27	27	-16.809454560279846	-17.46407413482666	-0.6225723911214758	-0.6468175605491355	0.654619574546814	0.0242451694276597	True	True	Oh, poor you. You know what? I found a new way to learn Chinese and it works very well.	just	0.0242451694276597	0.654619574546814	0	"Speaker 1: Are you ok, Chuck? You look pale.
Speaker 2: I'm fine, Katherine. I just stayed up late last night working on my Chinese.
Speaker 1: "	"Speaker 1: Are you ok, Chuck? You look pale.
Speaker 2: I'm fine, Katherine. I stayed up late last night working on my Chinese.
Speaker 1: "	Speaker 1
465	466	expanded_data	discourse_particle	40	just_j_7614	just	h	Hey Michelle. Good to see you. Are you at lunch?	Oh hi Jim. No I just got back. I thought you were on vacation now.	Oh hi Jim. No I got back. I thought you were on vacation now.	No, I wish I was! I just got back from Spain actually.		P	Oh hi Jim. No I just got back. I thought you were on vacation now.	nucleus	chat	0.9	1.0	20260416	135797504	50	50	500	49	49	Yeah... I am. I'm just getting some work done before I head out. You know how it is. But I'm glad I caught you before you settled in for the day. How was your morning?	yeah... i am. i'm just getting some work done before i head out. you know how it is. but i'm glad i caught you before you settled in for the day. how was your morning?	Yeah... I am. I'm just getting some work done before I head out. You know how it is. But I'm glad I caught you before you settled in for the day. How was your morning?	-25.73397207260132	-26.894640922546387	-0.5361244181791941	-0.5603050192197164	48	48	-25.73397207260132	-26.894640922546387	-0.5361244181791941	-0.5603050192197164	1.1606688499450684	0.0241806010405223	True	True	No, I wish I was! I just got back from Spain actually.	just	0.0241806010405223	1.1606688499450684	0	"Speaker 1: Hey Michelle. Good to see you. Are you at lunch?
Speaker 2: Oh hi Jim. No I just got back. I thought you were on vacation now.
Speaker 1: "	"Speaker 1: Hey Michelle. Good to see you. Are you at lunch?
Speaker 2: Oh hi Jim. No I got back. I thought you were on vacation now.
Speaker 1: "	Speaker 1
466	467	expanded_data	discourse_particle	25	just_j_12662	just	h	Is everything all right?__eou__Not at all.__eou__What's the problem?	Someone just robbed me.	Someone robbed me.	What do you mean?		P	Someone just robbed me.	nucleus	chat	0.9	1.0	20260416	310199087	50	50	500	18	18	I'm so sorry to hear that! That must be incredibly upsetting and stressful. Can you tell me more about what happened? Where did the robbery take place? Did you see the person who robbed you? Did they take anything valuable?	i'm so sorry to hear that! that must be incredibly upsetting and stressful. can you tell me more about what happened? where did the robbery take place? did you see the person who robbed you? did they take anything valuable?	I'm so sorry to hear that! That must be incredibly upsetting and stressful. Can you tell me more about what happened? Where did the robbery take place? Did you see the person who robbed you? Did they take anything valuable?\n\nPlease know that I'm here to listen and help in any way I can.	-18.13979589939117	-19.394050359725952	-0.3488422288344456	-0.3729625069178067	52	52	-18.13979589939117	-19.394050359725952	-0.3488422288344456	-0.3729625069178067	1.2542544603347778	0.024120278083361	True	True	What do you mean?	just	0.024120278083361	1.2542544603347778	1	"Speaker 1: Is everything all right?
Speaker 2: Not at all.
Speaker 1: What's the problem?
Speaker 2: Someone just robbed me.
Speaker 1: "	"Speaker 1: Is everything all right?
Speaker 2: Not at all.
Speaker 1: What's the problem?
Speaker 2: Someone robbed me.
Speaker 1: "	Speaker 1
467	468	expanded_data	discourse_particle	31	just_j_2438	just	h	OK, so are you ready to learn how to bake a cake?	Almost, let me just put my apron on.	Almost, let me put my apron on.	OK, so the first thing we are going to do is pre-heat the oven, that way we have it at the desired temperature once we finish preparing everything. Set it to three hundred and seventy five degrees Fahrenheit.		P	Almost, let me just put my apron on.	nucleus	chat	0.9	1.0	20260416	491321217	50	50	500	25	25	Ha ha, you don't actually need an apron, but go ahead and get into your baking mood! In this virtual baking adventure, we'll go through a simple recipe together. What kind of cake would you like to bake? Do you have a favorite flavor or would you like me to suggest some options?	ha ha, you don't actually need an apron, but go ahead and get into your baking mood! in this virtual baking adventure, we'll go through a simple recipe together. what kind of cake would you like to bake? do you have a favorite flavor or would you like me to suggest some options?	Ha ha, you don't actually need an apron, but go ahead and get into your baking mood! In this virtual baking adventure, we'll go through a simple recipe together. What kind of cake would you like to bake? Do you have a favorite flavor or would you like me to suggest some options?	-36.48577797412872	-38.11391413211823	-0.5365555584430695	-0.5604987372370327	68	68	-36.48577797412872	-38.11391413211823	-0.5365555584430695	-0.5604987372370327	1.628136157989502	0.0239431787939632	True	True	OK, so the first thing we are going to do is pre-heat the oven, that way we have it at the desired temperature once we finish preparing everything. Set it to three hundred and seventy five degrees Fahrenheit.	just	0.0239431787939632	1.628136157989502	0	"Speaker 1: OK, so are you ready to learn how to bake a cake?
Speaker 2: Almost, let me just put my apron on.
Speaker 1: "	"Speaker 1: OK, so are you ready to learn how to bake a cake?
Speaker 2: Almost, let me put my apron on.
Speaker 1: "	Speaker 1
468	469	expanded_data	discourse_particle	8	just_j_498	just	h	I'm hungry. Do we have anything to eat?	Just a few cookies.	A few cookies.	That's fine with me.		P	Just a few cookies.	nucleus	chat	0.9	1.0	20260416	470286339	50	50	500	38	34	Cookies sound like a perfect snack! What kind of cookies do you have? Are they fresh or stale?	cookies sound like a perfect snack! what kind of cookies do you have? are they fresh or stale?	Cookies sound like a perfect snack! What kind of cookies do you have? Are they fresh or stale?	-11.662225604057312	-12.284428119659424	-0.4485471386175889	-0.4724780046022855	26	26	-11.662225604057312	-12.284428119659424	-0.4485471386175889	-0.4724780046022855	0.6222025156021118	0.0239308659846965	True	True	That's fine with me.	just	0.0239308659846965	0.6222025156021118	1	"Speaker 1: I'm hungry. Do we have anything to eat?
Speaker 2: Just a few cookies.
Speaker 1: "	"Speaker 1: I'm hungry. Do we have anything to eat?
Speaker 2: A few cookies.
Speaker 1: "	Speaker 1
469	470	expanded_data	discourse_particle	40	just_j_7614	just	h	Hey Michelle. Good to see you. Are you at lunch?	Oh hi Jim. No I just got back. I thought you were on vacation now.	Oh hi Jim. No I got back. I thought you were on vacation now.	No, I wish I was! I just got back from Spain actually.		P	Oh hi Jim. No I just got back. I thought you were on vacation now.	nucleus	chat	0.9	1.0	20260416	135797504	50	50	500	47	47	I am! I'm just getting a head start on some work before I leave. But don't worry, I won't be here for long. How was your day?	i am! i'm just getting a head start on some work before i leave. but don't worry, i won't be here for long. how was your day?	I am! I'm just getting a head start on some work before I leave. But don't worry, I won't be here for long. How was your day?	-19.37353718280792	-20.330401182174683	-0.484338429570198	-0.5082600295543671	40	40	-19.37353718280792	-20.330401182174683	-0.484338429570198	-0.5082600295543671	0.9568639993667604	0.023921599984169	True	True	No, I wish I was! I just got back from Spain actually.	just	0.023921599984169	0.9568639993667604	0	"Speaker 1: Hey Michelle. Good to see you. Are you at lunch?
Speaker 2: Oh hi Jim. No I just got back. I thought you were on vacation now.
Speaker 1: "	"Speaker 1: Hey Michelle. Good to see you. Are you at lunch?
Speaker 2: Oh hi Jim. No I got back. I thought you were on vacation now.
Speaker 1: "	Speaker 1
470	471	expanded_data	discourse_particle	8	just_j_498	just	h	I'm hungry. Do we have anything to eat?	Just a few cookies.	A few cookies.	That's fine with me.		P	Just a few cookies.	nucleus	chat	0.9	1.0	20260416	470286339	50	50	500	43	39	Cookies sound good! Do you have a favorite kind of cookie?	cookies sound good! do you have a favorite kind of cookie?	Cookies sound good! Do you have a favorite kind of cookie?	-5.337894201278687	-5.766406297683716	-0.2965496778488159	-0.3203559054268731	18	18	-5.337894201278687	-5.766406297683716	-0.2965496778488159	-0.3203559054268731	0.4285120964050293	0.0238062275780571	True	True	That's fine with me.	just	0.0238062275780571	0.4285120964050293	1	"Speaker 1: I'm hungry. Do we have anything to eat?
Speaker 2: Just a few cookies.
Speaker 1: "	"Speaker 1: I'm hungry. Do we have anything to eat?
Speaker 2: A few cookies.
Speaker 1: "	Speaker 1
471	472	expanded_data	discourse_particle	29	just_j_8011	just	h	I can't believe it! I lost.__eou__It looks like you have to buy tickets for us, Jason. And we're not going to see an action movie!__eou__That's not fair, you got all the easy questions.	I guess that's just the luck of the draw.	I guess that's the luck of the draw.	I want a rematch. Let's play again.		P	I guess that's just the luck of the draw.	nucleus	chat	0.9	1.0	20260416	1013948780	50	50	500	6	6	Yeah, I guess so. Well, I didn't expect to get bested by you two. You guys are tough opponents!	yeah, i guess so. well, i didn't expect to get bested by you two. you guys are tough opponents!	Yeah, I guess so. Well, I didn't expect to get bested by you two. You guys are tough opponents!	-26.04466140270233	-26.78029501438141	-0.8401503678291075	-0.8638804843348842	31	31	-26.04466140270233	-26.78029501438141	-0.8401503678291075	-0.8638804843348842	0.7356336116790771	0.0237301165057767	True	True	I want a rematch. Let's play again.	just	0.0237301165057767	0.7356336116790771	0	"Speaker 1: I can't believe it! I lost.
Speaker 2: It looks like you have to buy tickets for us, Jason. And we're not going to see an action movie!
Speaker 1: That's not fair, you got all the easy questions.
Speaker 2: I guess that's just the luck of the draw.
Speaker 1: "	"Speaker 1: I can't believe it! I lost.
Speaker 2: It looks like you have to buy tickets for us, Jason. And we're not going to see an action movie!
Speaker 1: That's not fair, you got all the easy questions.
Speaker 2: I guess that's the luck of the draw.
Speaker 1: "	Speaker 1
472	473	expanded_data	discourse_particle	6	just_j_638	just	h	Hello, do you have any vacancies?	Yes, something just opened up.	Yes, something opened up.	What kind of apartment is it?		P	Yes, something just opened up.	nucleus	chat	0.9	1.0	20260416	894870064	50	50	500	22	22	That's exciting! Can you tell me a bit more about the vacancy? What's the job title, industry, and what are the main responsibilities?	that's exciting! can you tell me a bit more about the vacancy? what's the job title, industry, and what are the main responsibilities?	That's exciting! Can you tell me a bit more about the vacancy? What's the job title, industry, and what are the main responsibilities?	-10.8222177028656	-11.65052843093872	-0.3092062200818743	-0.3328722408839634	35	35	-10.8222177028656	-11.65052843093872	-0.3092062200818743	-0.3328722408839634	0.8283107280731201	0.0236660208020891	True	True	What kind of apartment is it?	just	0.0236660208020891	0.8283107280731201	1	"Speaker 1: Hello, do you have any vacancies?
Speaker 2: Yes, something just opened up.
Speaker 1: "	"Speaker 1: Hello, do you have any vacancies?
Speaker 2: Yes, something opened up.
Speaker 1: "	Speaker 1
473	474	expanded_data	discourse_particle	15	just_j_4012	just	h	Are you ok, Chuck? You look pale.	I'm fine, Katherine. I just stayed up late last night working on my Chinese.	I'm fine, Katherine. I stayed up late last night working on my Chinese.	Oh, poor you. You know what? I found a new way to learn Chinese and it works very well.		P	I'm fine, Katherine. I just stayed up late last night working on my Chinese.	nucleus	chat	0.9	1.0	20260416	1516497681	50	50	500	40	40	You're speaking with Katherine? I thought your wife's name was Ellie. Am I mistaken?	you're speaking with katherine? i thought your wife's name was ellie. am i mistaken?	You're speaking with Katherine? I thought your wife's name was Ellie. Am I mistaken?	-18.828155398368835	-19.394665360450745	-0.7845064749320348	-0.8081110566854477	24	24	-18.828155398368835	-19.394665360450745	-0.7845064749320348	-0.8081110566854477	0.5665099620819092	0.0236045817534128	True	True	Oh, poor you. You know what? I found a new way to learn Chinese and it works very well.	just	0.0236045817534128	0.5665099620819092	0	"Speaker 1: Are you ok, Chuck? You look pale.
Speaker 2: I'm fine, Katherine. I just stayed up late last night working on my Chinese.
Speaker 1: "	"Speaker 1: Are you ok, Chuck? You look pale.
Speaker 2: I'm fine, Katherine. I stayed up late last night working on my Chinese.
Speaker 1: "	Speaker 1
474	475	expanded_data	discourse_particle	31	just_j_2438	just	h	OK, so are you ready to learn how to bake a cake?	Almost, let me just put my apron on.	Almost, let me put my apron on.	OK, so the first thing we are going to do is pre-heat the oven, that way we have it at the desired temperature once we finish preparing everything. Set it to three hundred and seventy five degrees Fahrenheit.		P	Almost, let me just put my apron on.	nucleus	chat	0.9	1.0	20260416	491321217	50	50	500	44	44	Ha! Sorry, but you don't need an apron for this virtual baking adventure. We'll be going through a text-based recipe and instructions. But I'm excited to get started with you! What kind of cake would you like to bake? Do you have a favorite flavor or type in mind?	ha! sorry, but you don't need an apron for this virtual baking adventure. we'll be going through a text-based recipe and instructions. but i'm excited to get started with you! what kind of cake would you like to bake? do you have a favorite flavor or type in mind?	Ha! Sorry, but you don't need an apron for this virtual baking adventure. We'll be going through a text-based recipe and instructions. But I'm excited to get started with you! What kind of cake would you like to bake? Do you have a favorite flavor or type in mind?	-31.454355359077454	-33.01199758052826	-0.4765811418042038	-0.5001817815231554	66	66	-31.454355359077454	-33.01199758052826	-0.4765811418042038	-0.5001817815231554	1.5576422214508057	0.0236006397189515	True	True	OK, so the first thing we are going to do is pre-heat the oven, that way we have it at the desired temperature once we finish preparing everything. Set it to three hundred and seventy five degrees Fahrenheit.	just	0.0236006397189515	1.5576422214508057	0	"Speaker 1: OK, so are you ready to learn how to bake a cake?
Speaker 2: Almost, let me just put my apron on.
Speaker 1: "	"Speaker 1: OK, so are you ready to learn how to bake a cake?
Speaker 2: Almost, let me put my apron on.
Speaker 1: "	Speaker 1
475	476	expanded_data	discourse_particle	27	just_j_10555	just	h	Has everything been OK with you lately?__eou__I haven’t been able to get a good night’s sleep lately. I’m exhausted!__eou__Have you been too busy to get enough sleep?	I try to go to sleep, but I just can’t stay asleep.	I try to go to sleep, but I can’t stay asleep.	How late do you try to go to sleep?		P	I try to go to sleep, but I just can’t stay asleep.	nucleus	chat	0.9	1.0	20260416	1297497928	50	50	500	14	14	That can be really frustrating! Lack of sleep can affect so many aspects of our daily lives. Do you find yourself lying awake at night, thinking about stressful things or worrying about something in particular? Sometimes our minds can be racing, making it hard to fall asleep.	that can be really frustrating! lack of sleep can affect so many aspects of our daily lives. do you find yourself lying awake at night, thinking about stressful things or worrying about something in particular? sometimes our minds can be racing, making it hard to fall asleep.	That can be really frustrating! Lack of sleep can affect so many aspects of our daily lives. Do you find yourself lying awake at night, thinking about stressful things or worrying about something in particular? Sometimes our minds can be racing, making it hard to fall asleep.	-25.260189056396484	-26.61877930164337	-0.4355205009723532	-0.4589444707179891	58	58	-25.260189056396484	-26.61877930164337	-0.4355205009723532	-0.4589444707179891	1.3585902452468872	0.0234239697456359	True	True	How late do you try to go to sleep?	just	0.0234239697456359	1.3585902452468872	1	"Speaker 1: Has everything been OK with you lately?
Speaker 2: I haven’t been able to get a good night’s sleep lately. I’m exhausted!
Speaker 1: Have you been too busy to get enough sleep?
Speaker 2: I try to go to sleep, but I just can’t stay asleep.
Speaker 1: "	"Speaker 1: Has everything been OK with you lately?
Speaker 2: I haven’t been able to get a good night’s sleep lately. I’m exhausted!
Speaker 1: Have you been too busy to get enough sleep?
Speaker 2: I try to go to sleep, but I can’t stay asleep.
Speaker 1: "	Speaker 1
476	477	expanded_data	discourse_particle	36	just_j_8556	just	h	I think I'm going to go home.	Why? We just got here.	Why? We got here.	I know, but it's 12		P	Why? We just got here.	nucleus	chat	0.9	1.0	20260416	1188910665	50	50	500	47	47	"I apologize, I think there's been a misunderstanding! I'm an AI, I don't have a physical presence, so I wasn't actually ""here"" to begin with. I'm just a computer program designed to assist with tasks and answer questions. I don't have the ability to go anywhere or experience the physical"	"i apologize, i think there's been a misunderstanding! i'm an ai, i don't have a physical presence, so i wasn't actually ""here"" to begin with. i'm just a computer program designed to assist with tasks and answer questions. i don't have the ability to go anywhere or experience the physical"	"I apologize, I think there's been a misunderstanding! I'm an AI, I don't have a physical presence, so I wasn't actually ""here"" to begin with. I'm just a computer program designed to assist with tasks and answer questions. I don't have the ability to go anywhere or experience the physical"	-51.18925499916077	-52.79501295089722	-0.7418732608574025	-0.7651451152303944	69	69	-51.18925499916077	-52.79501295089722	-0.7418732608574025	-0.7651451152303944	1.6057579517364502	0.0232718543729919	True	True	I know, but it's 12	just	0.0232718543729919	1.6057579517364502	1	"Speaker 1: I think I'm going to go home.
Speaker 2: Why? We just got here.
Speaker 1: "	"Speaker 1: I think I'm going to go home.
Speaker 2: Why? We got here.
Speaker 1: "	Speaker 1
477	478	expanded_data	discourse_particle	2	just_j_2485	just	h	I'm looking for some fresh produce that's on sale.	Well, we just got in some mangoes.	Well, we got in some mangoes.	Mangoes. What are they?		P	Well, we just got in some mangoes.	nucleus	chat	0.9	1.0	20260416	545491132	50	50	500	27	27	Mangoes! I love mangoes! How many pounds do you have available and what's the price?	mangoes! i love mangoes! how many pounds do you have available and what's the price?	Mangoes! I love mangoes! How many pounds do you have available and what's the price?	-12.353501915931702	-12.98092794418335	-0.4575371079974704	-0.4807751090438277	27	27	-12.353501915931702	-12.98092794418335	-0.4575371079974704	-0.4807751090438277	0.627426028251648	0.0232380010463573	True	True	Mangoes. What are they?	just	0.0232380010463573	0.627426028251648	1	"Speaker 1: I'm looking for some fresh produce that's on sale.
Speaker 2: Well, we just got in some mangoes.
Speaker 1: "	"Speaker 1: I'm looking for some fresh produce that's on sale.
Speaker 2: Well, we got in some mangoes.
Speaker 1: "	Speaker 1
478	479	expanded_data	discourse_particle	36	just_j_8556	just	h	I think I'm going to go home.	Why? We just got here.	Why? We got here.	I know, but it's 12		P	Why? We just got here.	nucleus	chat	0.9	1.0	20260416	1188910665	50	50	500	19	19	I think there's been a misunderstanding! I'm just an AI, I don't have the ability to physically go home or go anywhere. I exist solely in the digital realm and our conversation is happening online. I'm happy to chat with you and assist you with any questions or topics you'd like to discuss!	i think there's been a misunderstanding! i'm just an ai, i don't have the ability to physically go home or go anywhere. i exist solely in the digital realm and our conversation is happening online. i'm happy to chat with you and assist you with any questions or topics you'd like to discuss!	I think there's been a misunderstanding! I'm just an AI, I don't have the ability to physically go home or go anywhere. I exist solely in the digital realm and our conversation is happening online. I'm happy to chat with you and assist you with any questions or topics you'd like to discuss!	-23.79965305328369	-25.379732966423035	-0.3499948978424072	-0.3732313671532799	68	68	-23.79965305328369	-25.379732966423035	-0.3499948978424072	-0.3732313671532799	1.5800799131393433	0.0232364693108727	True	True	I know, but it's 12	just	0.0232364693108727	1.5800799131393433	1	"Speaker 1: I think I'm going to go home.
Speaker 2: Why? We just got here.
Speaker 1: "	"Speaker 1: I think I'm going to go home.
Speaker 2: Why? We got here.
Speaker 1: "	Speaker 1
479	480	expanded_data	discourse_particle	6	just_j_638	just	h	Hello, do you have any vacancies?	Yes, something just opened up.	Yes, something opened up.	What kind of apartment is it?		P	Yes, something just opened up.	nucleus	chat	0.9	1.0	20260416	894870064	50	50	500	46	44	Exciting! Can you tell me more about the vacancy? What kind of position is it, and what are the main responsibilities and qualifications?	exciting! can you tell me more about the vacancy? what kind of position is it, and what are the main responsibilities and qualifications?	Exciting! Can you tell me more about the vacancy? What kind of position is it, and what are the main responsibilities and qualifications?	-8.558002591133118	-9.32287883758545	-0.2593334118525187	-0.2825114799268318	33	33	-8.558002591133118	-9.32287883758545	-0.2593334118525187	-0.2825114799268318	0.7648762464523315	0.023178068074313	True	True	What kind of apartment is it?	just	0.023178068074313	0.7648762464523315	1	"Speaker 1: Hello, do you have any vacancies?
Speaker 2: Yes, something just opened up.
Speaker 1: "	"Speaker 1: Hello, do you have any vacancies?
Speaker 2: Yes, something opened up.
Speaker 1: "	Speaker 1
480	481	expanded_data	discourse_particle	10	just_j_12718	just	h	Hello Mr Waterstone, what can I do for you today?	Hello, Becky. Well, you see, I have this thing here, called a Fixed Deposit Certificate, and I've just noticed the date on it.	Hello, Becky. Well, you see, I have this thing here, called a Fixed Deposit Certificate, and I've noticed the date on it.	Oh, I see. You have two choices here you can either redeem or renew.		P	Hello, Becky. Well, you see, I have this thing here, called a Fixed Deposit Certificate, and I've just noticed the date on it.	nucleus	chat	0.9	1.0	20260416	1476190778	50	50	500	22	22	A Fixed Deposit Certificate! Let me take a look. *gets out reading glasses* Ah, yes... the date on this certificate is... *pauses* Well, it appears to be quite old, Mr. Waterstone. Are you wondering what's happened to the interest on it, or perhaps you've lost track	a fixed deposit certificate! let me take a look. *gets out reading glasses* ah, yes... the date on this certificate is... *pauses* well, it appears to be quite old, mr. waterstone. are you wondering what's happened to the interest on it, or perhaps you've lost track	A Fixed Deposit Certificate! Let me take a look. *gets out reading glasses* Ah, yes... the date on this certificate is... *pauses* Well, it appears to be quite old, Mr. Waterstone. Are you wondering what's happened to the interest on it, or perhaps you've lost track	-74.93960070610046	-76.53700602054596	-1.08608116965363	-1.1092319713122605	69	69	-74.93960070610046	-76.53700602054596	-1.08608116965363	-1.1092319713122605	1.5974053144454956	0.0231508016586303	True	True	Oh, I see. You have two choices here you can either redeem or renew.	just	0.0231508016586303	1.5974053144454956	0	"Speaker 1: Hello Mr Waterstone, what can I do for you today?
Speaker 2: Hello, Becky. Well, you see, I have this thing here, called a Fixed Deposit Certificate, and I've just noticed the date on it.
Speaker 1: "	"Speaker 1: Hello Mr Waterstone, what can I do for you today?
Speaker 2: Hello, Becky. Well, you see, I have this thing here, called a Fixed Deposit Certificate, and I've noticed the date on it.
Speaker 1: "	Speaker 1
481	482	expanded_data	discourse_particle	8	just_j_498	just	h	I'm hungry. Do we have anything to eat?	Just a few cookies.	A few cookies.	That's fine with me.		P	Just a few cookies.	nucleus	chat	0.9	1.0	20260416	470286339	50	50	500	4	4	Cookies sound great! Can I have one?	cookies sound great! can i have one?	Cookies sound great! Can I have one?	-3.990722417831421	-4.312546968460083	-0.2850516012736729	-0.3080390691757202	14	14	-3.990722417831421	-4.312546968460083	-0.2850516012736729	-0.3080390691757202	0.3218245506286621	0.0229874679020473	True	True	That's fine with me.	just	0.0229874679020473	0.3218245506286621	1	"Speaker 1: I'm hungry. Do we have anything to eat?
Speaker 2: Just a few cookies.
Speaker 1: "	"Speaker 1: I'm hungry. Do we have anything to eat?
Speaker 2: A few cookies.
Speaker 1: "	Speaker 1
482	483	expanded_data	discourse_particle	2	just_j_2485	just	h	I'm looking for some fresh produce that's on sale.	Well, we just got in some mangoes.	Well, we got in some mangoes.	Mangoes. What are they?		P	Well, we just got in some mangoes.	nucleus	chat	0.9	1.0	20260416	545491132	50	50	500	50	49	Mangoes! I love mangoes! What kind of mangoes are they? Are they ripe and ready to eat? How much are they per pound?	mangoes! i love mangoes! what kind of mangoes are they? are they ripe and ready to eat? how much are they per pound?	Mangoes! I love mangoes! What kind of mangoes are they? Are they ripe and ready to eat? How much are they per pound?	-9.517784714698792	-10.365952730178831	-0.2572374247215889	-0.2801608845994279	37	37	-9.517784714698792	-10.365952730178831	-0.2572374247215889	-0.2801608845994279	0.8481680154800415	0.0229234598778389	True	True	Mangoes. What are they?	just	0.0229234598778389	0.8481680154800415	1	"Speaker 1: I'm looking for some fresh produce that's on sale.
Speaker 2: Well, we just got in some mangoes.
Speaker 1: "	"Speaker 1: I'm looking for some fresh produce that's on sale.
Speaker 2: Well, we got in some mangoes.
Speaker 1: "	Speaker 1
483	484	expanded_data	discourse_particle	40	just_j_7614	just	h	Hey Michelle. Good to see you. Are you at lunch?	Oh hi Jim. No I just got back. I thought you were on vacation now.	Oh hi Jim. No I got back. I thought you were on vacation now.	No, I wish I was! I just got back from Spain actually.		P	Oh hi Jim. No I just got back. I thought you were on vacation now.	nucleus	chat	0.9	1.0	20260416	135797504	50	50	500	25	25	Yeah! I am! I'm on my way back home from vacation as we speak. I just had to stop for a quick coffee before heading home. How was your day?	yeah! i am! i'm on my way back home from vacation as we speak. i just had to stop for a quick coffee before heading home. how was your day?	Yeah! I am! I'm on my way back home from vacation as we speak. I just had to stop for a quick coffee before heading home. How was your day?	-28.910484313964844	-29.84497594833374	-0.7051337637552401	-0.7279262426422863	41	41	-28.910484313964844	-29.84497594833374	-0.7051337637552401	-0.7279262426422863	0.9344916343688964	0.0227924788870462	True	True	No, I wish I was! I just got back from Spain actually.	just	0.0227924788870462	0.9344916343688964	0	"Speaker 1: Hey Michelle. Good to see you. Are you at lunch?
Speaker 2: Oh hi Jim. No I just got back. I thought you were on vacation now.
Speaker 1: "	"Speaker 1: Hey Michelle. Good to see you. Are you at lunch?
Speaker 2: Oh hi Jim. No I got back. I thought you were on vacation now.
Speaker 1: "	Speaker 1
484	485	expanded_data	discourse_particle	10	just_j_12718	just	h	Hello Mr Waterstone, what can I do for you today?	Hello, Becky. Well, you see, I have this thing here, called a Fixed Deposit Certificate, and I've just noticed the date on it.	Hello, Becky. Well, you see, I have this thing here, called a Fixed Deposit Certificate, and I've noticed the date on it.	Oh, I see. You have two choices here you can either redeem or renew.		P	Hello, Becky. Well, you see, I have this thing here, called a Fixed Deposit Certificate, and I've just noticed the date on it.	nucleus	chat	0.9	1.0	20260416	1476190778	50	50	500	15	15	A Fixed Deposit Certificate, that's an old-fashioned type of investment, isn't it? What's the date on it, Mr. Waterstone?	a fixed deposit certificate, that's an old-fashioned type of investment, isn't it? what's the date on it, mr. waterstone?	A Fixed Deposit Certificate, that's an old-fashioned type of investment, isn't it? What's the date on it, Mr. Waterstone?	-13.8146311044693	-14.61129105091095	-0.39470374584198	-0.4174654585974557	35	35	-13.8146311044693	-14.61129105091095	-0.39470374584198	-0.4174654585974557	0.7966599464416504	0.0227617127554757	True	True	Oh, I see. You have two choices here you can either redeem or renew.	just	0.0227617127554757	0.7966599464416504	0	"Speaker 1: Hello Mr Waterstone, what can I do for you today?
Speaker 2: Hello, Becky. Well, you see, I have this thing here, called a Fixed Deposit Certificate, and I've just noticed the date on it.
Speaker 1: "	"Speaker 1: Hello Mr Waterstone, what can I do for you today?
Speaker 2: Hello, Becky. Well, you see, I have this thing here, called a Fixed Deposit Certificate, and I've noticed the date on it.
Speaker 1: "	Speaker 1
485	486	expanded_data	discourse_particle	19	just_j_7873	just	h	How are you getting along with your wife now?__eou__What can you expect? Not that good.__eou__What are you going to do then?	Just let it go.	Let it go.	How are your work now?		P	Just let it go.	nucleus	chat	0.9	1.0	20260416	1369746621	50	50	500	40	40	It seems like you're preparing yourself for a less-than-ideal situation. Sometimes, it's best to accept what's coming and focus on moving forward. Would you like to talk about what's specifically causing you concern or stress? I'm here to listen and offer support if you need it.	it seems like you're preparing yourself for a less-than-ideal situation. sometimes, it's best to accept what's coming and focus on moving forward. would you like to talk about what's specifically causing you concern or stress? i'm here to listen and offer support if you need it.	It seems like you're preparing yourself for a less-than-ideal situation. Sometimes, it's best to accept what's coming and focus on moving forward. Would you like to talk about what's specifically causing you concern or stress? I'm here to listen and offer support if you need it.	-24.7012403011322	-26.14825427532196	-0.3859568797051906	-0.4085664730519056	64	64	-24.7012403011322	-26.14825427532196	-0.3859568797051906	-0.4085664730519056	1.4470139741897583	0.0226095933467149	True	True	How are your work now?	just	0.0226095933467149	1.4470139741897583	0	"Speaker 1: How are you getting along with your wife now?
Speaker 2: What can you expect? Not that good.
Speaker 1: What are you going to do then?
Speaker 2: Just let it go.
Speaker 1: "	"Speaker 1: How are you getting along with your wife now?
Speaker 2: What can you expect? Not that good.
Speaker 1: What are you going to do then?
Speaker 2: Let it go.
Speaker 1: "	Speaker 1
486	487	expanded_data	discourse_particle	31	just_j_2438	just	h	OK, so are you ready to learn how to bake a cake?	Almost, let me just put my apron on.	Almost, let me put my apron on.	OK, so the first thing we are going to do is pre-heat the oven, that way we have it at the desired temperature once we finish preparing everything. Set it to three hundred and seventy five degrees Fahrenheit.		P	Almost, let me just put my apron on.	nucleus	chat	0.9	1.0	20260416	491321217	50	50	500	14	14	Ha! Nice touch! Okay, apron on, let's get started! What kind of cake would you like to bake? We can start with a classic vanilla or chocolate, or if you're feeling adventurous, we can try something like carrot cake or red velvet!	ha! nice touch! okay, apron on, let's get started! what kind of cake would you like to bake? we can start with a classic vanilla or chocolate, or if you're feeling adventurous, we can try something like carrot cake or red velvet!	Ha! Nice touch! Okay, apron on, let's get started! What kind of cake would you like to bake? We can start with a classic vanilla or chocolate, or if you're feeling adventurous, we can try something like carrot cake or red velvet!	-22.244415760040283	-23.57240581512451	-0.3770239959328861	-0.3995323019512629	59	59	-22.244415760040283	-23.57240581512451	-0.3770239959328861	-0.3995323019512629	1.3279900550842283	0.0225083060183767	True	True	OK, so the first thing we are going to do is pre-heat the oven, that way we have it at the desired temperature once we finish preparing everything. Set it to three hundred and seventy five degrees Fahrenheit.	just	0.0225083060183767	1.3279900550842283	0	"Speaker 1: OK, so are you ready to learn how to bake a cake?
Speaker 2: Almost, let me just put my apron on.
Speaker 1: "	"Speaker 1: OK, so are you ready to learn how to bake a cake?
Speaker 2: Almost, let me put my apron on.
Speaker 1: "	Speaker 1
487	488	expanded_data	discourse_particle	29	just_j_8011	just	h	I can't believe it! I lost.__eou__It looks like you have to buy tickets for us, Jason. And we're not going to see an action movie!__eou__That's not fair, you got all the easy questions.	I guess that's just the luck of the draw.	I guess that's the luck of the draw.	I want a rematch. Let's play again.		P	I guess that's just the luck of the draw.	nucleus	chat	0.9	1.0	20260416	1013948780	50	50	500	16	16	I suppose so. Well, I guess I'll just have to break out the old romantic comedy DVD collection for our movie night then. *sigh*	i suppose so. well, i guess i'll just have to break out the old romantic comedy dvd collection for our movie night then. *sigh*	I suppose so. Well, I guess I'll just have to break out the old romantic comedy DVD collection for our movie night then. *sigh*	-22.33288264274597	-23.13773286342621	-0.6203578511873881	-0.6427148017618391	36	36	-22.33288264274597	-23.13773286342621	-0.6203578511873881	-0.6427148017618391	0.8048502206802368	0.022356950574451	True	True	I want a rematch. Let's play again.	just	0.022356950574451	0.8048502206802368	0	"Speaker 1: I can't believe it! I lost.
Speaker 2: It looks like you have to buy tickets for us, Jason. And we're not going to see an action movie!
Speaker 1: That's not fair, you got all the easy questions.
Speaker 2: I guess that's just the luck of the draw.
Speaker 1: "	"Speaker 1: I can't believe it! I lost.
Speaker 2: It looks like you have to buy tickets for us, Jason. And we're not going to see an action movie!
Speaker 1: That's not fair, you got all the easy questions.
Speaker 2: I guess that's the luck of the draw.
Speaker 1: "	Speaker 1
488	489	expanded_data	discourse_particle	9	just_j_7769	just	h	What's up? You look depressed.	I just had a quarrel with him.	I had a quarrel with him.	Would you rather I taught him a lesson for you?		P	I just had a quarrel with him.	nucleus	chat	0.9	1.0	20260416	1997417192	50	50	500	7	7	I'm so sorry to hear that. Quarrels can be really tough to deal with, especially if it's with someone you care about. Would you like to talk about what happened? Sometimes sharing your thoughts and feelings with someone who's not directly involved can help you process and feel a bit better. I'm here to	i'm so sorry to hear that. quarrels can be really tough to deal with, especially if it's with someone you care about. would you like to talk about what happened? sometimes sharing your thoughts and feelings with someone who's not directly involved can help you process and feel a bit better. i'm here to	I'm so sorry to hear that. Quarrels can be really tough to deal with, especially if it's with someone you care about. Would you like to talk about what happened? Sometimes sharing your thoughts and feelings with someone who's not directly involved can help you process and feel a bit better. I'm here to	-50.35466516017914	-51.88970470428467	-0.7297777559446252	-0.7520247058591981	69	69	-50.35466516017914	-51.88970470428467	-0.7297777559446252	-0.7520247058591981	1.5350395441055298	0.0222469499145728	True	True	Would you rather I taught him a lesson for you?	just	0.0222469499145728	1.5350395441055298	0	"Speaker 1: What's up? You look depressed.
Speaker 2: I just had a quarrel with him.
Speaker 1: "	"Speaker 1: What's up? You look depressed.
Speaker 2: I had a quarrel with him.
Speaker 1: "	Speaker 1
489	490	expanded_data	discourse_particle	12	just_j_8890	just	h	Wow! What’s the hold up?	It’s probably just people trying to get an early start out of the city for the weekend. Nobody sticks around in the summer.	It’s probably people trying to get an early start out of the city for the weekend. Nobody sticks around in the summer.	Really? Then, I guess I won’t have a hard time finding a room or getting a cab?		P	It’s probably just people trying to get an early start out of the city for the weekend. Nobody sticks around in the summer.	nucleus	chat	0.9	1.0	20260416	1504568862	50	50	500	20	20	Yeah, that makes sense! The summer heat can be intense, and escaping the city for a bit can be a great way to beat the heat and have some fun. Do you have any fun plans for the weekend?	yeah, that makes sense! the summer heat can be intense, and escaping the city for a bit can be a great way to beat the heat and have some fun. do you have any fun plans for the weekend?	Yeah, that makes sense! The summer heat can be intense, and escaping the city for a bit can be a great way to beat the heat and have some fun. Do you have any fun plans for the weekend?	-22.57174801826477	-23.65799307823181	-0.4606479187400973	-0.4828161852700369	49	49	-22.57174801826477	-23.65799307823181	-0.4606479187400973	-0.4828161852700369	1.086245059967041	0.0221682665299395	True	True	Really? Then, I guess I won’t have a hard time finding a room or getting a cab?	just	0.0221682665299395	1.086245059967041	0	"Speaker 1: Wow! What’s the hold up?
Speaker 2: It’s probably just people trying to get an early start out of the city for the weekend. Nobody sticks around in the summer.
Speaker 1: "	"Speaker 1: Wow! What’s the hold up?
Speaker 2: It’s probably people trying to get an early start out of the city for the weekend. Nobody sticks around in the summer.
Speaker 1: "	Speaker 1
490	491	expanded_data	discourse_particle	9	just_j_7769	just	h	What's up? You look depressed.	I just had a quarrel with him.	I had a quarrel with him.	Would you rather I taught him a lesson for you?		P	I just had a quarrel with him.	nucleus	chat	0.9	1.0	20260416	1997417192	50	50	500	18	18	I'm so sorry to hear that. It can be really tough to deal with the aftermath of a disagreement or quarrel. Can you tell me a bit more about what happened? Sometimes talking about it can help clarify things and maybe even give you a new perspective. I'm here to listen and offer support if you need	i'm so sorry to hear that. it can be really tough to deal with the aftermath of a disagreement or quarrel. can you tell me a bit more about what happened? sometimes talking about it can help clarify things and maybe even give you a new perspective. i'm here to listen and offer support if you need	I'm so sorry to hear that. It can be really tough to deal with the aftermath of a disagreement or quarrel. Can you tell me a bit more about what happened? Sometimes talking about it can help clarify things and maybe even give you a new perspective. I'm here to listen and offer support if you need	-47.22441947460175	-48.75129044055939	-0.6844118764435035	-0.7065404411675273	69	69	-47.22441947460175	-48.75129044055939	-0.6844118764435035	-0.7065404411675273	1.5268709659576416	0.0221285647240238	True	True	Would you rather I taught him a lesson for you?	just	0.0221285647240238	1.5268709659576416	0	"Speaker 1: What's up? You look depressed.
Speaker 2: I just had a quarrel with him.
Speaker 1: "	"Speaker 1: What's up? You look depressed.
Speaker 2: I had a quarrel with him.
Speaker 1: "	Speaker 1
491	492	expanded_data	discourse_particle	58	just_j_8648	just	h	what sort of music do you like?	I love just about anything by Prince.	I love about anything by Prince.	so, you're into 80s music then?		P	I love just about anything by Prince.	nucleus	chat	0.9	1.0	20260416	1138373084	50	50	500	5	5	A great taste! Prince is a musical genius who left an incredible legacy. His music spans multiple genres, from funk to rock to R&B to pop. Do you have a favorite Prince album or song?	a great taste! prince is a musical genius who left an incredible legacy. his music spans multiple genres, from funk to rock to r&b to pop. do you have a favorite prince album or song?	"A great taste! Prince is a musical genius who left an incredible legacy. His music spans multiple genres, from funk to rock to R&B to pop. Do you have a favorite Prince album or song?\n\nSome of his most iconic works include ""Purple Rain"", ""1999"", ""When Doves Cry"", ""K"	-17.904929161071777	-18.91981303691864	-0.3892375904580821	-0.4113002834112748	46	46	-17.904929161071777	-18.91981303691864	-0.3892375904580821	-0.4113002834112748	1.0148838758468628	0.0220626929531926	True	True	so, you're into 80s music then?	just	0.0220626929531926	1.0148838758468628	0	"Speaker 1: what sort of music do you like?
Speaker 2: I love just about anything by Prince.
Speaker 1: "	"Speaker 1: what sort of music do you like?
Speaker 2: I love about anything by Prince.
Speaker 1: "	Speaker 1
492	493	expanded_data	discourse_particle	4	just_j_1627	just	h	Excuse me, do you have the latest issue of Newsworld?	Yes, this week's issue just came in. Here it is.	Yes, this week's issue came in. Here it is.	How about Music Madness?		P	Yes, this week's issue just came in. Here it is.	nucleus	chat	0.9	1.0	20260416	63091100	50	50	500	47	47	Thank you so much! I've been waiting for it all day. Can I take a look at the headlines?	thank you so much! i've been waiting for it all day. can i take a look at the headlines?	Thank you so much! I've been waiting for it all day. Can I take a look at the headlines?	-9.365375638008118	-9.98307204246521	-0.3344777013574327	-0.3565382872309003	28	28	-9.365375638008118	-9.98307204246521	-0.3344777013574327	-0.3565382872309003	0.6176964044570923	0.0220605858734675	True	True	How about Music Madness?	just	0.0220605858734675	0.6176964044570923	1	"Speaker 1: Excuse me, do you have the latest issue of Newsworld?
Speaker 2: Yes, this week's issue just came in. Here it is.
Speaker 1: "	"Speaker 1: Excuse me, do you have the latest issue of Newsworld?
Speaker 2: Yes, this week's issue came in. Here it is.
Speaker 1: "	Speaker 1
493	494	expanded_data	discourse_particle	40	just_j_7614	just	h	Hey Michelle. Good to see you. Are you at lunch?	Oh hi Jim. No I just got back. I thought you were on vacation now.	Oh hi Jim. No I got back. I thought you were on vacation now.	No, I wish I was! I just got back from Spain actually.		P	Oh hi Jim. No I just got back. I thought you were on vacation now.	nucleus	chat	0.9	1.0	20260416	135797504	50	50	500	17	17	Yeah, I am! I just got back a few hours ago. I was thinking about taking a little nap before we catch up, but I guess I got a little carried away and forgot what day it is. How was your day? Anything exciting happen?	yeah, i am! i just got back a few hours ago. i was thinking about taking a little nap before we catch up, but i guess i got a little carried away and forgot what day it is. how was your day? anything exciting happen?	Yeah, I am! I just got back a few hours ago. I was thinking about taking a little nap before we catch up, but I guess I got a little carried away and forgot what day it is. How was your day? Anything exciting happen?	-36.55189645290375	-37.80723702907562	-0.6412613412790131	-0.6632848601592215	57	57	-36.55189645290375	-37.80723702907562	-0.6412613412790131	-0.6632848601592215	1.255340576171875	0.0220235188802083	True	True	No, I wish I was! I just got back from Spain actually.	just	0.0220235188802083	1.255340576171875	0	"Speaker 1: Hey Michelle. Good to see you. Are you at lunch?
Speaker 2: Oh hi Jim. No I just got back. I thought you were on vacation now.
Speaker 1: "	"Speaker 1: Hey Michelle. Good to see you. Are you at lunch?
Speaker 2: Oh hi Jim. No I got back. I thought you were on vacation now.
Speaker 1: "	Speaker 1
494	495	expanded_data	discourse_particle	54	just_j_2522	just	h	I'm searching for an old music box.__eou__You came to the right place. Any particular decade?__eou__If you had a box made in the' 20s, that would be nice.	We just got one in yesterday, so now we have six.	We got one in yesterday, so now we have six.	Would any of them have dancing figures?		P	We just got one in yesterday, so now we have six.	nucleus	chat	0.9	1.0	20260416	1861274201	50	50	500	4	4	A new shipment! That's exciting! I'd love to take a look at the one from the 1920s. What can you tell me about it? Is it in good condition? Does it play a specific tune or have any interesting mechanisms?	a new shipment! that's exciting! i'd love to take a look at the one from the 1920s. what can you tell me about it? is it in good condition? does it play a specific tune or have any interesting mechanisms?	A new shipment! That's exciting! I'd love to take a look at the one from the 1920s. What can you tell me about it? Is it in good condition? Does it play a specific tune or have any interesting mechanisms?	-23.33727598190308	-24.56585168838501	-0.4167370711054121	-0.4386759230068752	56	56	-23.33727598190308	-24.56585168838501	-0.4167370711054121	-0.4386759230068752	1.2285757064819336	0.0219388519014631	True	True	Would any of them have dancing figures?	just	0.0219388519014631	1.2285757064819336	0	"Speaker 1: I'm searching for an old music box.
Speaker 2: You came to the right place. Any particular decade?
Speaker 1: If you had a box made in the' 20s, that would be nice.
Speaker 2: We just got one in yesterday, so now we have six.
Speaker 1: "	"Speaker 1: I'm searching for an old music box.
Speaker 2: You came to the right place. Any particular decade?
Speaker 1: If you had a box made in the' 20s, that would be nice.
Speaker 2: We got one in yesterday, so now we have six.
Speaker 1: "	Speaker 1
495	496	expanded_data	discourse_particle	8	just_j_498	just	h	I'm hungry. Do we have anything to eat?	Just a few cookies.	A few cookies.	That's fine with me.		P	Just a few cookies.	nucleus	chat	0.9	1.0	20260416	470286339	50	50	500	8	8	Cookies sound like a good snack! Can I have one or two?	cookies sound like a good snack! can i have one or two?	Cookies sound like a good snack! Can I have one or two?	-9.712741613388062	-10.12954068183899	-0.5111969270204243	-0.5331337200967889	19	19	-9.712741613388062	-10.12954068183899	-0.5111969270204243	-0.5331337200967889	0.4167990684509277	0.0219367930763646	True	True	That's fine with me.	just	0.0219367930763646	0.4167990684509277	1	"Speaker 1: I'm hungry. Do we have anything to eat?
Speaker 2: Just a few cookies.
Speaker 1: "	"Speaker 1: I'm hungry. Do we have anything to eat?
Speaker 2: A few cookies.
Speaker 1: "	Speaker 1
496	497	expanded_data	discourse_particle	31	just_j_2438	just	h	OK, so are you ready to learn how to bake a cake?	Almost, let me just put my apron on.	Almost, let me put my apron on.	OK, so the first thing we are going to do is pre-heat the oven, that way we have it at the desired temperature once we finish preparing everything. Set it to three hundred and seventy five degrees Fahrenheit.		P	Almost, let me just put my apron on.	nucleus	chat	0.9	1.0	20260416	491321217	50	50	500	24	24	Ha ha, nice one! Unfortunately, we're just in a text-based conversation, so you don't actually need an apron. But I'll guide you through a virtual baking process, and you can follow along! What kind of cake would you like to bake? We can do a classic vanilla, chocolate, or	ha ha, nice one! unfortunately, we're just in a text-based conversation, so you don't actually need an apron. but i'll guide you through a virtual baking process, and you can follow along! what kind of cake would you like to bake? we can do a classic vanilla, chocolate, or	Ha ha, nice one! Unfortunately, we're just in a text-based conversation, so you don't actually need an apron. But I'll guide you through a virtual baking process, and you can follow along! What kind of cake would you like to bake? We can do a classic vanilla, chocolate, or	-52.45467126369476	-53.959691643714905	-0.7602126270100691	-0.7820245165755784	69	69	-52.45467126369476	-53.959691643714905	-0.7602126270100691	-0.7820245165755784	1.5050203800201416	0.0218118895655092	True	True	OK, so the first thing we are going to do is pre-heat the oven, that way we have it at the desired temperature once we finish preparing everything. Set it to three hundred and seventy five degrees Fahrenheit.	just	0.0218118895655092	1.5050203800201416	0	"Speaker 1: OK, so are you ready to learn how to bake a cake?
Speaker 2: Almost, let me just put my apron on.
Speaker 1: "	"Speaker 1: OK, so are you ready to learn how to bake a cake?
Speaker 2: Almost, let me put my apron on.
Speaker 1: "	Speaker 1
497	498	expanded_data	discourse_particle	29	just_j_8011	just	h	I can't believe it! I lost.__eou__It looks like you have to buy tickets for us, Jason. And we're not going to see an action movie!__eou__That's not fair, you got all the easy questions.	I guess that's just the luck of the draw.	I guess that's the luck of the draw.	I want a rematch. Let's play again.		P	I guess that's just the luck of the draw.	nucleus	chat	0.9	1.0	20260416	1013948780	50	50	500	10	10	I suppose so. Well, I guess I'll just have to suck it up and buy those tickets. And it looks like we're going to have to watch a rom-com instead of the latest Marvel movie.	i suppose so. well, i guess i'll just have to suck it up and buy those tickets. and it looks like we're going to have to watch a rom-com instead of the latest marvel movie.	I suppose so. Well, I guess I'll just have to suck it up and buy those tickets. And it looks like we're going to have to watch a rom-com instead of the latest Marvel movie.	-27.063263416290283	-28.08651506900788	-0.5758141152402187	-0.5975854270001675	47	47	-27.063263416290283	-28.08651506900788	-0.5758141152402187	-0.5975854270001675	1.0232516527175903	0.0217713117599487	True	True	I want a rematch. Let's play again.	just	0.0217713117599487	1.0232516527175903	0	"Speaker 1: I can't believe it! I lost.
Speaker 2: It looks like you have to buy tickets for us, Jason. And we're not going to see an action movie!
Speaker 1: That's not fair, you got all the easy questions.
Speaker 2: I guess that's just the luck of the draw.
Speaker 1: "	"Speaker 1: I can't believe it! I lost.
Speaker 2: It looks like you have to buy tickets for us, Jason. And we're not going to see an action movie!
Speaker 1: That's not fair, you got all the easy questions.
Speaker 2: I guess that's the luck of the draw.
Speaker 1: "	Speaker 1
498	499	expanded_data	discourse_particle	19	just_j_7873	just	h	How are you getting along with your wife now?__eou__What can you expect? Not that good.__eou__What are you going to do then?	Just let it go.	Let it go.	How are your work now?		P	Just let it go.	nucleus	chat	0.9	1.0	20260416	1369746621	50	50	500	29	29	It seems like you're dealing with some personal issues or emotions. If you're willing, I'm here to listen and offer support.	it seems like you're dealing with some personal issues or emotions. if you're willing, i'm here to listen and offer support.	It seems like you're dealing with some personal issues or emotions. If you're willing, I'm here to listen and offer support.	-16.081176161766052	-16.774752736091614	-0.5025367550551891	-0.5242110230028629	32	32	-16.081176161766052	-16.774752736091614	-0.5025367550551891	-0.5242110230028629	0.6935765743255615	0.0216742679476737	True	True	How are your work now?	just	0.0216742679476737	0.6935765743255615	0	"Speaker 1: How are you getting along with your wife now?
Speaker 2: What can you expect? Not that good.
Speaker 1: What are you going to do then?
Speaker 2: Just let it go.
Speaker 1: "	"Speaker 1: How are you getting along with your wife now?
Speaker 2: What can you expect? Not that good.
Speaker 1: What are you going to do then?
Speaker 2: Let it go.
Speaker 1: "	Speaker 1
499	500	expanded_data	discourse_particle	40	just_j_7614	just	h	Hey Michelle. Good to see you. Are you at lunch?	Oh hi Jim. No I just got back. I thought you were on vacation now.	Oh hi Jim. No I got back. I thought you were on vacation now.	No, I wish I was! I just got back from Spain actually.		P	Oh hi Jim. No I just got back. I thought you were on vacation now.	nucleus	chat	0.9	1.0	20260416	135797504	50	50	500	43	43	I am! I'm just taking a little break to respond to some urgent emails. But I'm really looking forward to my vacation now that I've gotten this out of the way. How was your day?	i am! i'm just taking a little break to respond to some urgent emails. but i'm really looking forward to my vacation now that i've gotten this out of the way. how was your day?	I am! I'm just taking a little break to respond to some urgent emails. But I'm really looking forward to my vacation now that I've gotten this out of the way. How was your day?	-24.90807271003723	-25.92449367046356	-0.5299589938305794	-0.5515849717119907	47	47	-24.90807271003723	-25.92449367046356	-0.5299589938305794	-0.5515849717119907	1.0164209604263306	0.0216259778814112	True	True	No, I wish I was! I just got back from Spain actually.	just	0.0216259778814112	1.0164209604263306	0	"Speaker 1: Hey Michelle. Good to see you. Are you at lunch?
Speaker 2: Oh hi Jim. No I just got back. I thought you were on vacation now.
Speaker 1: "	"Speaker 1: Hey Michelle. Good to see you. Are you at lunch?
Speaker 2: Oh hi Jim. No I got back. I thought you were on vacation now.
Speaker 1: "	Speaker 1
