source_dataset	dataset_role	source_row_index	id	word	subset	generated_from	analysis_metric	n_candidates	n_items	mean_candidates_per_item	mean_own_context_log_prob_advantage	median_own_context_log_prob_advantage	mean_own_context_log_prob_advantage_per_token	median_own_context_log_prob_advantage_per_token	own_context_win_rate	own_context_win_rate_per_token	weighted_own_context_win_rate	weighted_own_context_win_rate_per_token	weighted_own_context_log_prob_advantage	weighted_own_context_log_prob_advantage_per_token	top1_own_context_win_rate	top1_own_context_win_rate_per_token	top1_mean_own_context_log_prob_advantage	top1_mean_own_context_log_prob_advantage_per_token	mean_unique_samples_obtained	min_unique_samples_obtained	mean_sample_draw
expanded_data	discourse_particle	0	just_e_1157	just	o	P	own_context_log_prob_advantage_per_token	50	1	50.0	-0.007039009922823512	-0.00387148346219735	-0.007039009922823512	-0.00387148346219735	0.42	0.42	0.43068099957513367	0.43068099957513367	-0.006404108444165344	-0.006404108444165344	0.0	0.0	-0.0199617661681829	-0.0199617661681829	50.0	50	25.5
expanded_data	discourse_particle	0	just_e_1157	just	o	P_prime	own_context_log_prob_advantage_per_token	50	1	50.0	0.02537815836321757	0.0249801973501841	0.02537815836321757	0.0249801973501841	0.86	0.86	0.8626495105868229	0.8626495105868229	0.02527584073919342	0.02527584073919342	1.0	1.0	0.0279239271626327	0.0279239271626327	50.0	50	25.5
expanded_data	discourse_particle	1	just_j_5467	just	h	P	own_context_log_prob_advantage_per_token	50	1	50.0	0.043654877554436505	0.03829397018794175	0.043654877554436505	0.03829397018794175	0.92	0.92	0.9198942540738236	0.9198942540738236	0.04223428855267564	0.04223428855267564	1.0	1.0	0.077389710936053	0.077389710936053	50.0	50	25.5
expanded_data	discourse_particle	1	just_j_5467	just	h	P_prime	own_context_log_prob_advantage_per_token	50	1	50.0	0.017752439705063666	0.017767455251443902	0.017752439705063666	0.017767455251443902	0.66	0.66	0.6680490214601291	0.6680490214601291	0.018551278139992914	0.018551278139992914	1.0	1.0	0.0872525599869813	0.0872525599869813	50.0	50	25.5
expanded_data	discourse_particle	2	just_j_2485	just	h	P	own_context_log_prob_advantage_per_token	50	1	50.0	0.025127912917312825	0.01300988683755365	0.025127912917312825	0.01300988683755365	0.7	0.7	0.6973888122658485	0.6973888122658485	0.022350510770293524	0.022350510770293524	1.0	1.0	0.0074680280685425	0.0074680280685425	50.0	50	25.5
expanded_data	discourse_particle	2	just_j_2485	just	h	P_prime	own_context_log_prob_advantage_per_token	50	1	50.0	0.023104173755833436	0.017047319312890198	0.023104173755833436	0.017047319312890198	0.82	0.82	0.8144429361181821	0.8144429361181821	0.023155067485706216	0.023155067485706216	0.0	0.0	-0.0133321822858323	-0.0133321822858323	50.0	50	25.5
expanded_data	discourse_particle	3	just_e_2798	just	o	P	own_context_log_prob_advantage_per_token	50	1	50.0	0.1683776820555821	0.1808045432494398	0.1683776820555821	0.1808045432494398	0.96	0.96	0.9707469427489209	0.9707469427489209	0.17074170825787346	0.17074170825787346	1.0	1.0	0.2901534810662269	0.2901534810662269	50.0	50	26.58
expanded_data	discourse_particle	3	just_e_2798	just	o	P_prime	own_context_log_prob_advantage_per_token	50	1	50.0	0.19473195455307843	0.19971745271308744	0.19473195455307843	0.19971745271308744	0.86	0.86	0.8959749511357024	0.8959749511357024	0.2003950700601254	0.2003950700601254	1.0	1.0	0.6217019246972124	0.6217019246972124	50.0	50	37.48
expanded_data	discourse_particle	4	just_j_1627	just	h	P	own_context_log_prob_advantage_per_token	50	1	50.0	0.004583676042581772	0.00355362366746965	0.004583676042581772	0.00355362366746965	0.64	0.64	0.6313137863999472	0.6313137863999472	0.0046646625690060645	0.0046646625690060645	1.0	1.0	0.0077896952629089	0.0077896952629089	50.0	50	25.5
expanded_data	discourse_particle	4	just_j_1627	just	h	P_prime	own_context_log_prob_advantage_per_token	50	1	50.0	0.0020952622247768955	0.0008474193960899	0.0020952622247768955	0.0008474193960899	0.56	0.56	0.5689730841401802	0.5689730841401802	0.0019387200771593513	0.0019387200771593513	1.0	1.0	0.0298161009947458	0.0298161009947458	50.0	50	25.5
expanded_data	discourse_particle	5	just_e_4508	just	o	P	own_context_log_prob_advantage_per_token	50	1	50.0	0.09014062523410468	0.08884960941443154	0.09014062523410468	0.08884960941443154	0.96	0.96	0.9536029567059178	0.9536029567059178	0.09048771087350245	0.09048771087350245	1.0	1.0	0.095528931231112	0.095528931231112	50.0	50	25.5
expanded_data	discourse_particle	5	just_e_4508	just	o	P_prime	own_context_log_prob_advantage_per_token	50	1	50.0	0.02681510357816272	0.026891442799416902	0.02681510357816272	0.026891442799416902	0.7	0.7	0.7276366227626141	0.7276366227626141	0.032166972355645154	0.032166972355645154	0.0	0.0	-0.046254970409252	-0.046254970409252	50.0	50	25.5
expanded_data	discourse_particle	6	just_j_638	just	h	P	own_context_log_prob_advantage_per_token	50	1	50.0	0.0064436666370598136	0.01380356205955165	0.0064436666370598136	0.01380356205955165	0.62	0.62	0.6340523223826183	0.6340523223826183	0.007836334471133084	0.007836334471133084	1.0	1.0	0.0145983866282871	0.0145983866282871	50.0	50	47.74
expanded_data	discourse_particle	6	just_j_638	just	h	P_prime	own_context_log_prob_advantage_per_token	50	1	50.0	0.013882426609186866	0.01670785604544335	0.013882426609186866	0.01670785604544335	0.74	0.74	0.7526463264187809	0.7526463264187809	0.01385772071474934	0.01385772071474934	1.0	1.0	0.0261454159213649	0.0261454159213649	50.0	50	39.0
expanded_data	discourse_particle	7	just_e_5138	just	o	P	own_context_log_prob_advantage_per_token	50	1	50.0	0.04500831542282024	0.04408506462068265	0.04500831542282024	0.04408506462068265	0.82	0.82	0.8152963352581065	0.8152963352581065	0.04287182429683892	0.04287182429683892	1.0	1.0	0.083100580701641	0.083100580701641	50.0	50	25.5
expanded_data	discourse_particle	7	just_e_5138	just	o	P_prime	own_context_log_prob_advantage_per_token	50	1	50.0	0.03799872213611515	0.041181706032662996	0.03799872213611515	0.041181706032662996	0.8	0.8	0.8032934645732415	0.8032934645732415	0.03787879061736968	0.03787879061736968	1.0	1.0	0.0135512728440133	0.0135512728440133	50.0	50	26.04
expanded_data	discourse_particle	8	just_j_498	just	h	P	own_context_log_prob_advantage_per_token	50	1	50.0	0.029930995530198762	0.0263849561727942	0.029930995530198762	0.0263849561727942	0.82	0.82	0.8169861726864105	0.8169861726864105	0.027616843206513704	0.027616843206513704	1.0	1.0	0.0495372008193623	0.0495372008193623	50.0	50	25.5
expanded_data	discourse_particle	8	just_j_498	just	h	P_prime	own_context_log_prob_advantage_per_token	50	1	50.0	0.008716803302003518	-0.0014434341825121499	0.008716803302003518	-0.0014434341825121499	0.48	0.48	0.5027884120328453	0.5027884120328453	0.01076815777015959	0.01076815777015959	1.0	1.0	0.0033153037230173	0.0033153037230173	50.0	50	25.5
expanded_data	discourse_particle	9	just_j_7769	just	h	P	own_context_log_prob_advantage_per_token	50	1	50.0	0.0038782786204456282	0.00337456034391885	0.0038782786204456282	0.00337456034391885	0.68	0.68	0.6903272654202356	0.6903272654202356	0.0037671358652581755	0.0037671358652581755	1.0	1.0	0.0232905934496623	0.0232905934496623	50.0	50	25.5
expanded_data	discourse_particle	9	just_j_7769	just	h	P_prime	own_context_log_prob_advantage_per_token	50	1	50.0	0.018040574220963525	0.0156744685335425	0.018040574220963525	0.0156744685335425	0.86	0.86	0.8696197401534148	0.8696197401534148	0.0179931562399925	0.0179931562399925	1.0	1.0	0.0127261793404295	0.0127261793404295	50.0	50	25.5
expanded_data	discourse_particle	10	just_j_12718	just	h	P	own_context_log_prob_advantage_per_token	50	1	50.0	-0.004426214871124086	-0.0076851571425481996	-0.004426214871124086	-0.0076851571425481996	0.38	0.38	0.37689950911535347	0.37689950911535347	-0.004973909432426502	-0.004973909432426502	0.0	0.0	-0.0462606996297836	-0.0462606996297836	50.0	50	29.76
expanded_data	discourse_particle	10	just_j_12718	just	h	P_prime	own_context_log_prob_advantage_per_token	50	1	50.0	0.008259660311785677	0.01075473855181435	0.008259660311785677	0.01075473855181435	0.68	0.68	0.6868225466377352	0.6868225466377352	0.00836548907013436	0.00836548907013436	1.0	1.0	0.0178743004798889	0.0178743004798889	50.0	50	30.78
expanded_data	discourse_particle	11	just_j_8242	just	h	P	own_context_log_prob_advantage_per_token	50	1	50.0	0.002797397691412934	0.0029022955838283	0.002797397691412934	0.0029022955838283	0.58	0.58	0.5972125906089326	0.5972125906089326	0.003431602878276489	0.003431602878276489	0.0	0.0	-0.0252789914608002	-0.0252789914608002	50.0	50	32.02
expanded_data	discourse_particle	11	just_j_8242	just	h	P_prime	own_context_log_prob_advantage_per_token	50	1	50.0	-0.00040807943084620213	-0.0006569660993315501	-0.00040807943084620213	-0.0006569660993315501	0.46	0.46	0.4752700801286836	0.4752700801286836	6.076310583504215e-08	6.076310583504215e-08	0.0	0.0	-0.0002792093488905	-0.0002792093488905	50.0	50	32.1
expanded_data	discourse_particle	12	just_j_8890	just	h	P	own_context_log_prob_advantage_per_token	50	1	50.0	0.0088560101191714	0.00967943668365475	0.0088560101191714	0.00967943668365475	0.68	0.68	0.6810937865022652	0.6810937865022652	0.008633745206270249	0.008633745206270249	0.0	0.0	-0.0009457457740351	-0.0009457457740351	50.0	50	25.5
expanded_data	discourse_particle	12	just_j_8890	just	h	P_prime	own_context_log_prob_advantage_per_token	50	1	50.0	0.006800896200628499	0.00705999135971065	0.006800896200628499	0.00705999135971065	0.7	0.7	0.716498705266229	0.716498705266229	0.007178808964587797	0.007178808964587797	0.0	0.0	-0.0175425914617686	-0.0175425914617686	50.0	50	25.5
expanded_data	discourse_particle	13	just_j_10613	just	h	P	own_context_log_prob_advantage_per_token	50	1	50.0	0.0025147311572103737	0.00021495457785970003	0.0025147311572103737	0.00021495457785970003	0.5	0.5	0.4742852276681895	0.4742852276681895	0.0007949045397333166	0.0007949045397333166	1.0	1.0	0.0216842783821953	0.0216842783821953	50.0	50	26.14
expanded_data	discourse_particle	13	just_j_10613	just	h	P_prime	own_context_log_prob_advantage_per_token	50	1	50.0	0.011240068858954264	0.0113833074768384	0.011240068858954264	0.0113833074768384	0.78	0.78	0.7869305166989742	0.7869305166989742	0.011549877872474251	0.011549877872474251	1.0	1.0	0.011816212109157	0.011816212109157	50.0	50	27.36
expanded_data	discourse_particle	14	just_e_6323	just	o	P	own_context_log_prob_advantage_per_token	50	1	50.0	0.026949679109928244	0.010018809811099549	0.026949679109928244	0.010018809811099549	0.7	0.7	0.7171834194839597	0.7171834194839597	0.031099974242766407	0.031099974242766407	1.0	1.0	0.0078872754460289	0.0078872754460289	50.0	50	25.5
expanded_data	discourse_particle	14	just_e_6323	just	o	P_prime	own_context_log_prob_advantage_per_token	50	1	50.0	0.008250388120534973	0.0030069579328638003	0.008250388120534973	0.0030069579328638003	0.7	0.7	0.6761835623599198	0.6761835623599198	0.007644562268366146	0.007644562268366146	1.0	1.0	0.0010044822153055	0.0010044822153055	50.0	50	25.5
expanded_data	discourse_particle	15	just_j_4012	just	h	P	own_context_log_prob_advantage_per_token	50	1	50.0	0.0037587473260231163	0.00365650810693435	0.0037587473260231163	0.00365650810693435	0.62	0.62	0.6200864849717448	0.6200864849717448	0.003683399366801574	0.003683399366801574	1.0	1.0	0.0013487594468253	0.0013487594468253	50.0	50	25.5
expanded_data	discourse_particle	15	just_j_4012	just	h	P_prime	own_context_log_prob_advantage_per_token	50	1	50.0	0.0068128823632358625	0.0055812096334175495	0.0068128823632358625	0.0055812096334175495	0.58	0.58	0.5897416831175573	0.5897416831175573	0.006910472140870882	0.006910472140870882	0.0	0.0	-0.0028928518295288	-0.0028928518295288	50.0	50	25.5
expanded_data	discourse_particle	16	just_e_9268	just	o	P	own_context_log_prob_advantage_per_token	50	1	50.0	0.025024146415659466	0.0234874631530016	0.025024146415659466	0.0234874631530016	0.92	0.92	0.9218712653654566	0.9218712653654566	0.02491754377700286	0.02491754377700286	1.0	1.0	0.0227974370906227	0.0227974370906227	50.0	50	25.5
expanded_data	discourse_particle	16	just_e_9268	just	o	P_prime	own_context_log_prob_advantage_per_token	50	1	50.0	-0.012593005402620417	-0.01285872784527865	-0.012593005402620417	-0.01285872784527865	0.28	0.28	0.2787795523677029	0.2787795523677029	-0.011943514923814024	-0.011943514923814024	0.0	0.0	-0.0237889865349079	-0.0237889865349079	50.0	50	25.5
expanded_data	discourse_particle	17	just_j_788	just	h	P	own_context_log_prob_advantage_per_token	50	1	50.0	0.000297013023718592	0.0017910574074192	0.000297013023718592	0.0017910574074192	0.56	0.56	0.5628952526242542	0.5628952526242542	0.00038555755757660947	0.00038555755757660947	1.0	1.0	0.003521775299648	0.003521775299648	50.0	50	25.5
expanded_data	discourse_particle	17	just_j_788	just	h	P_prime	own_context_log_prob_advantage_per_token	50	1	50.0	0.00318816322234784	0.0034914027349248	0.00318816322234784	0.0034914027349248	0.68	0.68	0.6833256041679834	0.6833256041679834	0.003184283029122809	0.003184283029122809	1.0	1.0	0.0034654642406262	0.0034654642406262	50.0	50	25.5
expanded_data	discourse_particle	18	just_e_5758	just	o	P	own_context_log_prob_advantage_per_token	50	1	50.0	9.035855689232208e-05	0.003721773759374	9.035855689232208e-05	0.003721773759374	0.52	0.52	0.5271967864991486	0.5271967864991486	0.001002647729503343	0.001002647729503343	1.0	1.0	0.0226124798258146	0.0226124798258146	50.0	50	25.5
expanded_data	discourse_particle	18	just_e_5758	just	o	P_prime	own_context_log_prob_advantage_per_token	50	1	50.0	0.035602078926106395	0.03977890736628495	0.035602078926106395	0.03977890736628495	0.92	0.92	0.9173332293434635	0.9173332293434635	0.035593711941492856	0.035593711941492856	1.0	1.0	0.0165722578763961	0.0165722578763961	50.0	50	25.5
expanded_data	discourse_particle	19	just_j_7873	just	h	P	own_context_log_prob_advantage_per_token	50	1	50.0	0.047582788699123836	0.0487787698520653	0.047582788699123836	0.0487787698520653	0.86	0.86	0.8484443173871948	0.8484443173871948	0.046551144831369635	0.046551144831369635	1.0	1.0	0.0527462549507617	0.0527462549507617	50.0	50	25.5
expanded_data	discourse_particle	19	just_j_7873	just	h	P_prime	own_context_log_prob_advantage_per_token	50	1	50.0	0.019256932715182147	0.01614495966653625	0.019256932715182147	0.01614495966653625	0.72	0.72	0.7312984845427297	0.7312984845427297	0.02015236826264844	0.02015236826264844	1.0	1.0	0.0305227835973103	0.0305227835973103	50.0	50	25.5
expanded_data	discourse_particle	20	just_j_2141	just	h	P	own_context_log_prob_advantage_per_token	50	1	50.0	0.0060326418122625125	0.0045612173172209	0.0060326418122625125	0.0045612173172209	0.74	0.74	0.7616282928442181	0.7616282928442181	0.006948882272319734	0.006948882272319734	0.0	0.0	-0.0285068088107639	-0.0285068088107639	50.0	50	25.56
expanded_data	discourse_particle	20	just_j_2141	just	h	P_prime	own_context_log_prob_advantage_per_token	50	1	50.0	0.010883278691446516	0.010256373786488249	0.010883278691446516	0.010256373786488249	0.86	0.86	0.8407223485692487	0.8407223485692487	0.009999225697953865	0.009999225697953865	1.0	1.0	0.0185856867809685	0.0185856867809685	50.0	50	25.5
expanded_data	discourse_particle	21	just_j_5388	just	h	P	own_context_log_prob_advantage_per_token	50	1	50.0	0.0014495918852436682	0.0011892364637091	0.0014495918852436682	0.0011892364637091	0.54	0.54	0.5193899838659278	0.5193899838659278	0.0009344089930251511	0.0009344089930251511	0.0	0.0	-0.0070387950310339	-0.0070387950310339	50.0	50	25.5
expanded_data	discourse_particle	21	just_j_5388	just	h	P_prime	own_context_log_prob_advantage_per_token	50	1	50.0	0.007059775551939381	0.0062137594286994	0.007059775551939381	0.0062137594286994	0.84	0.84	0.8307990165055721	0.8307990165055721	0.006922499042048014	0.006922499042048014	1.0	1.0	0.0057947495404412	0.0057947495404412	50.0	50	25.5
expanded_data	discourse_particle	22	just_e_1001	just	o	P	own_context_log_prob_advantage_per_token	50	1	50.0	0.034511573929523295	0.03189605571646095	0.034511573929523295	0.03189605571646095	0.92	0.92	0.922196892624134	0.922196892624134	0.034161166304266896	0.034161166304266896	0.0	0.0	-0.0138899872942668	-0.0138899872942668	50.0	50	25.5
expanded_data	discourse_particle	22	just_e_1001	just	o	P_prime	own_context_log_prob_advantage_per_token	50	1	50.0	0.02174419693236844	0.0200801383967351	0.02174419693236844	0.0200801383967351	0.72	0.72	0.7469347016173657	0.7469347016173657	0.02344385177215119	0.02344385177215119	0.0	0.0	-0.0117865800857543	-0.0117865800857543	50.0	50	25.5
expanded_data	discourse_particle	23	just_e_9687	just	o	P	own_context_log_prob_advantage_per_token	50	1	50.0	0.011894621769225311	0.0080669871691999	0.011894621769225311	0.0080669871691999	0.62	0.62	0.6204274952628677	0.6204274952628677	0.011732622952420505	0.011732622952420505	1.0	1.0	0.0279041324343	0.0279041324343	50.0	50	25.52
expanded_data	discourse_particle	23	just_e_9687	just	o	P_prime	own_context_log_prob_advantage_per_token	50	1	50.0	0.017179322367803142	0.0156448230703517	0.017179322367803142	0.0156448230703517	0.76	0.76	0.7557416963167872	0.7557416963167872	0.01750059699174756	0.01750059699174756	0.0	0.0	-0.0379215505388048	-0.0379215505388048	50.0	50	26.1
expanded_data	discourse_particle	24	just_j_6768	just	h	P	own_context_log_prob_advantage_per_token	50	1	50.0	0.005211170811995648	0.00595589826504385	0.005211170811995648	0.00595589826504385	0.64	0.64	0.6672956627523597	0.6672956627523597	0.006119297264242657	0.006119297264242657	0.0	0.0	-0.017618937312432	-0.017618937312432	50.0	50	25.5
expanded_data	discourse_particle	24	just_j_6768	just	h	P_prime	own_context_log_prob_advantage_per_token	50	1	50.0	0.0034747656242573094	0.00160481979897065	0.0034747656242573094	0.00160481979897065	0.52	0.52	0.5039363910322497	0.5039363910322497	0.0030677687698066982	0.0030677687698066982	0.0	0.0	-0.0057743411315115	-0.0057743411315115	50.0	50	26.18
expanded_data	discourse_particle	25	just_j_12662	just	h	P	own_context_log_prob_advantage_per_token	50	1	50.0	0.05248240157780511	0.0560979604721069	0.05248240157780511	0.0560979604721069	0.74	0.74	0.7273873112440524	0.7273873112440524	0.048536356231311986	0.048536356231311986	1.0	1.0	0.0637187590965857	0.0637187590965857	50.0	50	29.32
expanded_data	discourse_particle	25	just_j_12662	just	h	P_prime	own_context_log_prob_advantage_per_token	50	1	50.0	0.039020251153049273	0.034141711890697396	0.039020251153049273	0.034141711890697396	0.86	0.86	0.8635538619147842	0.8635538619147842	0.037918519515518924	0.037918519515518924	1.0	1.0	0.0881075143814087	0.0881075143814087	50.0	50	32.18
expanded_data	discourse_particle	26	just_j_1461	just	h	P	own_context_log_prob_advantage_per_token	50	1	50.0	0.024882510927072225	0.00611864188651895	0.024882510927072225	0.00611864188651895	0.62	0.62	0.600391063154889	0.600391063154889	0.022614721836107042	0.022614721836107042	1.0	1.0	0.0358316717725811	0.0358316717725811	50.0	50	25.5
expanded_data	discourse_particle	26	just_j_1461	just	h	P_prime	own_context_log_prob_advantage_per_token	50	1	50.0	0.023354394327512296	0.02400482332005215	0.023354394327512296	0.02400482332005215	0.84	0.84	0.8592865217966922	0.8592865217966922	0.025211092980073044	0.025211092980073044	1.0	1.0	0.0098611824214458	0.0098611824214458	50.0	50	25.5
expanded_data	discourse_particle	27	just_j_10555	just	h	P	own_context_log_prob_advantage_per_token	50	1	50.0	0.00054493718555266	0.0004601368373969	0.00054493718555266	0.0004601368373969	0.52	0.52	0.5143017833924856	0.5143017833924856	0.00042376947600240394	0.00042376947600240394	0.0	0.0	-0.0043876276296728	-0.0043876276296728	50.0	50	25.5
expanded_data	discourse_particle	27	just_j_10555	just	h	P_prime	own_context_log_prob_advantage_per_token	50	1	50.0	0.0028481635519922804	0.0019522715520678999	0.0028481635519922804	0.0019522715520678999	0.62	0.62	0.6205214473270686	0.6205214473270686	0.002749816030417318	0.002749816030417318	1.0	1.0	0.0015224862098693	0.0015224862098693	50.0	50	25.5
expanded_data	discourse_particle	28	just_j_2164	just	h	P	own_context_log_prob_advantage_per_token	50	1	50.0	0.031135408081497618	0.027018920518457848	0.031135408081497618	0.027018920518457848	1.0	1.0	1.0	1.0	0.030773017238571468	0.030773017238571468	1.0	1.0	0.0223955281319157	0.0223955281319157	50.0	50	25.5
expanded_data	discourse_particle	28	just_j_2164	just	h	P_prime	own_context_log_prob_advantage_per_token	50	1	50.0	-0.01106148010519165	-0.0092483136862592	-0.01106148010519165	-0.0092483136862592	0.22	0.22	0.22377348601529404	0.22377348601529404	-0.01105388297254314	-0.01105388297254314	1.0	1.0	0.0257654666900634	0.0257654666900634	50.0	50	25.5
expanded_data	discourse_particle	29	just_j_8011	just	h	P	own_context_log_prob_advantage_per_token	50	1	50.0	0.0032302440668277154	0.0033988090408663997	0.0032302440668277154	0.0033988090408663997	0.58	0.58	0.5591333230932445	0.5591333230932445	0.002733550709790712	0.002733550709790712	1.0	1.0	0.0022817055384317	0.0022817055384317	50.0	50	25.5
expanded_data	discourse_particle	29	just_j_8011	just	h	P_prime	own_context_log_prob_advantage_per_token	50	1	50.0	0.008776646340862728	0.0085225376215847	0.008776646340862728	0.0085225376215847	0.78	0.78	0.7868323683337504	0.7868323683337504	0.008858978027740102	0.008858978027740102	1.0	1.0	0.0079762289921442	0.0079762289921442	50.0	50	25.5
expanded_data	discourse_particle	30	just_e_3966	just	o	P	own_context_log_prob_advantage_per_token	50	1	50.0	0.027700546305553127	0.02534268876557705	0.027700546305553127	0.02534268876557705	0.82	0.82	0.8285413510891838	0.8285413510891838	0.0278572437722239	0.0278572437722239	1.0	1.0	0.052835321852139	0.052835321852139	50.0	50	25.5
expanded_data	discourse_particle	30	just_e_3966	just	o	P_prime	own_context_log_prob_advantage_per_token	50	1	50.0	0.02896247342810455	0.02958425644629575	0.02896247342810455	0.02958425644629575	0.78	0.78	0.7832882330422246	0.7832882330422246	0.02835357597867506	0.02835357597867506	1.0	1.0	0.079243807469384	0.079243807469384	50.0	50	25.5
expanded_data	discourse_particle	31	just_j_2438	just	h	P	own_context_log_prob_advantage_per_token	50	1	50.0	0.025230234626444147	0.02625461220741265	0.025230234626444147	0.02625461220741265	0.84	0.84	0.8349062652230939	0.8349062652230939	0.024775674657018375	0.024775674657018375	1.0	1.0	0.0083055396874746	0.0083055396874746	50.0	50	25.5
expanded_data	discourse_particle	31	just_j_2438	just	h	P_prime	own_context_log_prob_advantage_per_token	50	1	50.0	-0.010445220185325555	-0.01063028948340785	-0.010445220185325555	-0.01063028948340785	0.32	0.32	0.3328936046880579	0.3328936046880579	-0.009965025845743979	-0.009965025845743979	0.0	0.0	-0.0365098973979119	-0.0365098973979119	50.0	50	26.08
expanded_data	discourse_particle	32	just_e_1907	just	o	P	own_context_log_prob_advantage_per_token	50	1	50.0	0.009840221320737702	0.0074779298019463005	0.009840221320737702	0.0074779298019463005	0.66	0.66	0.6600169906393496	0.6600169906393496	0.009523092256056883	0.009523092256056883	0.0	0.0	-0.0112658363499053	-0.0112658363499053	50.0	50	25.5
expanded_data	discourse_particle	32	just_e_1907	just	o	P_prime	own_context_log_prob_advantage_per_token	50	1	50.0	0.0061297548600612395	0.007613939573282449	0.0061297548600612395	0.007613939573282449	0.68	0.68	0.6797204840777747	0.6797204840777747	0.006370173833961347	0.006370173833961347	0.0	0.0	-0.0018191270108492	-0.0018191270108492	50.0	50	25.5
expanded_data	discourse_particle	33	just_e_2717	just	o	P	own_context_log_prob_advantage_per_token	50	1	50.0	0.020702068295023066	0.021146032856959852	0.020702068295023066	0.021146032856959852	0.78	0.78	0.7693149827454286	0.7693149827454286	0.020280985371789458	0.020280985371789458	0.0	0.0	-0.0178885389776791	-0.0178885389776791	50.0	50	25.5
expanded_data	discourse_particle	33	just_e_2717	just	o	P_prime	own_context_log_prob_advantage_per_token	50	1	50.0	0.009113170009216555	0.0084088974835696	0.009113170009216555	0.0084088974835696	0.62	0.62	0.6205473570386979	0.6205473570386979	0.009111158884222677	0.009111158884222677	1.0	1.0	0.0167675603519786	0.0167675603519786	50.0	50	25.5
expanded_data	discourse_particle	34	just_j_4722	just	h	P	own_context_log_prob_advantage_per_token	50	1	50.0	0.00853508057293243	0.008420608463448751	0.00853508057293243	0.008420608463448751	0.68	0.68	0.6557735094119373	0.6557735094119373	0.008032591259122968	0.008032591259122968	0.0	0.0	-0.0089120149612426	-0.0089120149612426	50.0	50	25.5
expanded_data	discourse_particle	34	just_j_4722	just	h	P_prime	own_context_log_prob_advantage_per_token	50	1	50.0	-0.001241082547265856	-0.00130786068968095	-0.001241082547265856	-0.00130786068968095	0.44	0.44	0.47515708484588076	0.47515708484588076	3.377165945637612e-05	3.377165945637612e-05	1.0	1.0	0.0187739484450396	0.0187739484450396	50.0	50	26.66
expanded_data	discourse_particle	35	just_j_8362	just	h	P	own_context_log_prob_advantage_per_token	50	1	50.0	0.19213853050604132	0.18164156091456504	0.19213853050604132	0.18164156091456504	0.98	0.98	0.9764024403994849	0.9764024403994849	0.1884159726058735	0.1884159726058735	1.0	1.0	0.3569064631181606	0.3569064631181606	50.0	50	25.5
expanded_data	discourse_particle	35	just_j_8362	just	h	P_prime	own_context_log_prob_advantage_per_token	50	1	50.0	0.24120657453501393	0.23772719171312115	0.24120657453501393	0.23772719171312115	1.0	1.0	1.0	1.0	0.24092905412708657	0.24092905412708657	1.0	1.0	0.2818849831819534	0.2818849831819534	50.0	50	25.5
expanded_data	discourse_particle	36	just_j_8556	just	h	P	own_context_log_prob_advantage_per_token	50	1	50.0	0.19712252206146824	0.2003415579145604	0.19712252206146824	0.2003415579145604	1.0	1.0	1.0	1.0	0.18686045965150572	0.18686045965150572	1.0	1.0	0.0403257789819136	0.0403257789819136	50.0	50	25.5
expanded_data	discourse_particle	36	just_j_8556	just	h	P_prime	own_context_log_prob_advantage_per_token	50	1	50.0	0.19569159892642218	0.1885203952882803	0.19569159892642218	0.1885203952882803	0.96	0.96	0.9566922277651109	0.9566922277651109	0.19234566659487856	0.19234566659487856	1.0	1.0	0.3673707877888399	0.3673707877888399	50.0	50	25.5
expanded_data	discourse_particle	37	just_e_569	just	o	P	own_context_log_prob_advantage_per_token	50	1	50.0	0.03747249364478551	0.03694572595582485	0.03747249364478551	0.03694572595582485	0.92	0.92	0.9194167292717481	0.9194167292717481	0.037386526169013466	0.037386526169013466	1.0	1.0	0.0072101262899545	0.0072101262899545	50.0	50	25.5
expanded_data	discourse_particle	37	just_e_569	just	o	P_prime	own_context_log_prob_advantage_per_token	50	1	50.0	0.06805859383141424	0.0566364375669354	0.06805859383141424	0.0566364375669354	0.86	0.86	0.8632928510262434	0.8632928510262434	0.06824847132023024	0.06824847132023024	1.0	1.0	0.0785579019122653	0.0785579019122653	50.0	50	25.5
expanded_data	discourse_particle	38	just_e_1043	just	o	P	own_context_log_prob_advantage_per_token	50	1	50.0	0.06163482603158294	0.05840712704697955	0.06163482603158294	0.05840712704697955	0.94	0.94	0.9432400681640999	0.9432400681640999	0.06139153171924247	0.06139153171924247	1.0	1.0	0.0509391287539867	0.0509391287539867	50.0	50	25.5
expanded_data	discourse_particle	38	just_e_1043	just	o	P_prime	own_context_log_prob_advantage_per_token	50	1	50.0	0.06458940801588495	0.05671955803041795	0.06458940801588495	0.05671955803041795	0.8	0.8	0.7850429819831878	0.7850429819831878	0.06265136033023833	0.06265136033023833	1.0	1.0	0.1520305474599202	0.1520305474599202	50.0	50	25.5
expanded_data	discourse_particle	39	just_e_1246	just	o	P	own_context_log_prob_advantage_per_token	50	1	50.0	0.06747608496990648	0.0666432589433103	0.06747608496990648	0.0666432589433103	0.94	0.94	0.9376145849473679	0.9376145849473679	0.06679034818179434	0.06679034818179434	1.0	1.0	0.0451061068748941	0.0451061068748941	50.0	50	25.5
expanded_data	discourse_particle	39	just_e_1246	just	o	P_prime	own_context_log_prob_advantage_per_token	50	1	50.0	0.06245860355639553	0.0563517086960343	0.06245860355639553	0.0563517086960343	0.9	0.9	0.8948089368179144	0.8948089368179144	0.061524558387976824	0.061524558387976824	1.0	1.0	0.033995121717453	0.033995121717453	50.0	50	25.5
expanded_data	discourse_particle	40	just_j_7614	just	h	P	own_context_log_prob_advantage_per_token	50	1	50.0	0.021093294809395844	0.02336036695374375	0.021093294809395844	0.02336036695374375	0.76	0.76	0.7545705120375825	0.7545705120375825	0.021983432193877932	0.021983432193877932	0.0	0.0	-0.0250202161925179	-0.0250202161925179	50.0	50	25.5
expanded_data	discourse_particle	40	just_j_7614	just	h	P_prime	own_context_log_prob_advantage_per_token	50	1	50.0	0.027022321819404227	0.02639823538491065	0.027022321819404227	0.02639823538491065	0.76	0.76	0.7821901604117436	0.7821901604117436	0.027811603093307744	0.027811603093307744	1.0	1.0	0.0244701600843861	0.0244701600843861	50.0	50	25.5
expanded_data	discourse_particle	41	just_e_2612	just	o	P	own_context_log_prob_advantage_per_token	50	1	50.0	0.04451749286849325	0.04585225456580855	0.04451749286849325	0.04585225456580855	0.8	0.8	0.7975509815814983	0.7975509815814983	0.04307185331511724	0.04307185331511724	1.0	1.0	0.0749483644962309	0.0749483644962309	50.0	50	28.24
expanded_data	discourse_particle	41	just_e_2612	just	o	P_prime	own_context_log_prob_advantage_per_token	50	1	50.0	0.04815656225793671	0.051168211868831096	0.04815656225793671	0.051168211868831096	0.9	0.9	0.8947612828106335	0.8947612828106335	0.046422221931257314	0.046422221931257314	1.0	1.0	0.0275542395455496	0.0275542395455496	50.0	50	25.78
expanded_data	discourse_particle	42	just_e_4966	just	o	P	own_context_log_prob_advantage_per_token	50	1	50.0	0.050137253696377254	0.038878963239169145	0.050137253696377254	0.038878963239169145	0.86	0.86	0.8582266192502608	0.8582266192502608	0.04702517827503913	0.04702517827503913	1.0	1.0	0.1189493567256604	0.1189493567256604	50.0	50	25.5
expanded_data	discourse_particle	42	just_e_4966	just	o	P_prime	own_context_log_prob_advantage_per_token	50	1	50.0	0.04243580041573042	0.0467752199620008	0.04243580041573042	0.0467752199620008	0.68	0.68	0.6823854419025621	0.6823854419025621	0.04118573318718463	0.04118573318718463	1.0	1.0	0.1061087525807895	0.1061087525807895	50.0	50	25.5
expanded_data	discourse_particle	43	just_e_2762	just	o	P	own_context_log_prob_advantage_per_token	50	1	50.0	0.18443115794337825	0.18217313307622615	0.18443115794337825	0.18217313307622615	0.98	0.98	0.9811931523700275	0.9811931523700275	0.18376310555908848	0.18376310555908848	1.0	1.0	0.1372137195185611	0.1372137195185611	50.0	50	25.5
expanded_data	discourse_particle	43	just_e_2762	just	o	P_prime	own_context_log_prob_advantage_per_token	50	1	50.0	0.17986884887178814	0.19438275650982215	0.17986884887178814	0.19438275650982215	0.98	0.98	0.9784549320130381	0.9784549320130381	0.1793683675209378	0.1793683675209378	1.0	1.0	0.0513255985883566	0.0513255985883566	50.0	50	25.5
expanded_data	discourse_particle	44	just_e_472	just	o	P	own_context_log_prob_advantage_per_token	50	1	50.0	0.010821170071852926	0.008491850398307601	0.010821170071852926	0.008491850398307601	0.74	0.74	0.7393734715769267	0.7393734715769267	0.010862117816681137	0.010862117816681137	1.0	1.0	0.02826655904452	0.02826655904452	50.0	50	25.5
expanded_data	discourse_particle	44	just_e_472	just	o	P_prime	own_context_log_prob_advantage_per_token	50	1	50.0	0.006162242340084658	0.0065891167411952	0.006162242340084658	0.0065891167411952	0.62	0.62	0.6022583455526741	0.6022583455526741	0.005636106065041145	0.005636106065041145	0.0	0.0	-0.0242130684130119	-0.0242130684130119	50.0	50	25.5
expanded_data	discourse_particle	45	just_e_1267	just	o	P	own_context_log_prob_advantage_per_token	50	1	50.0	0.02341320807745265	0.02511406219425555	0.02341320807745265	0.02511406219425555	0.8	0.8	0.8076347233597142	0.8076347233597142	0.02351081374294914	0.02351081374294914	1.0	1.0	0.0398741422914991	0.0398741422914991	50.0	50	25.5
expanded_data	discourse_particle	45	just_e_1267	just	o	P_prime	own_context_log_prob_advantage_per_token	50	1	50.0	0.040027507623662244	0.037578478654225644	0.040027507623662244	0.037578478654225644	0.94	0.94	0.940904119360369	0.940904119360369	0.039740615827245855	0.039740615827245855	1.0	1.0	0.0541561877026277	0.0541561877026277	50.0	50	25.5
expanded_data	discourse_particle	46	just_e_9397	just	o	P	own_context_log_prob_advantage_per_token	50	1	50.0	0.04516518915535503	0.032668398125418247	0.04516518915535503	0.032668398125418247	0.9	0.9	0.9068200979623683	0.9068200979623683	0.04446559330108194	0.04446559330108194	1.0	1.0	0.0091538258961269	0.0091538258961269	50.0	50	25.5
expanded_data	discourse_particle	46	just_e_9397	just	o	P_prime	own_context_log_prob_advantage_per_token	50	1	50.0	0.047654018737481076	0.040879246414217196	0.047654018737481076	0.040879246414217196	0.82	0.82	0.8239296335555274	0.8239296335555274	0.045559561375306895	0.045559561375306895	1.0	1.0	0.0653886065554262	0.0653886065554262	50.0	50	25.5
expanded_data	discourse_particle	47	just_e_6664	just	o	P	own_context_log_prob_advantage_per_token	50	1	50.0	0.03432458961131824	0.0266997466379693	0.03432458961131824	0.0266997466379693	0.86	0.86	0.8627134932793186	0.8627134932793186	0.03371900604589387	0.03371900604589387	1.0	1.0	0.0714966732522717	0.0714966732522717	50.0	50	25.5
expanded_data	discourse_particle	47	just_e_6664	just	o	P_prime	own_context_log_prob_advantage_per_token	50	1	50.0	0.021266574483081762	0.0175870232273009	0.021266574483081762	0.0175870232273009	0.76	0.76	0.7741661269087972	0.7741661269087972	0.021552558340966338	0.021552558340966338	1.0	1.0	0.0068179615612687	0.0068179615612687	50.0	50	25.5
expanded_data	discourse_particle	48	just_e_976	just	o	P	own_context_log_prob_advantage_per_token	50	1	50.0	0.49833747210348006	0.5071674141036723	0.49833747210348006	0.5071674141036723	1.0	1.0	1.0	1.0	0.46384850829227653	0.46384850829227653	1.0	1.0	0.3833641827106476	0.3833641827106476	50.0	50	26.98
expanded_data	discourse_particle	48	just_e_976	just	o	P_prime	own_context_log_prob_advantage_per_token	50	1	50.0	0.30143595196735223	0.2757959295497937	0.30143595196735223	0.2757959295497937	1.0	1.0	1.0	1.0	0.29579196063541635	0.29579196063541635	1.0	1.0	0.4720920970042546	0.4720920970042546	50.0	50	26.36
expanded_data	discourse_particle	49	just_e_9416	just	o	P	own_context_log_prob_advantage_per_token	50	1	50.0	0.020218688148202383	0.01708559390850535	0.020218688148202383	0.01708559390850535	0.78	0.78	0.786774994029286	0.786774994029286	0.019946617962060317	0.019946617962060317	1.0	1.0	0.0102935983584477	0.0102935983584477	50.0	50	25.5
expanded_data	discourse_particle	49	just_e_9416	just	o	P_prime	own_context_log_prob_advantage_per_token	50	1	50.0	0.017643975420972933	0.007178012264488951	0.017643975420972933	0.007178012264488951	0.64	0.64	0.6272824237612834	0.6272824237612834	0.015679979965061302	0.015679979965061302	0.0	0.0	-0.0025859951972961	-0.0025859951972961	50.0	50	25.5
expanded_data	discourse_particle	50	just_e_12686	just	o	P	own_context_log_prob_advantage_per_token	50	1	50.0	0.019153249215284652	0.02041753249035935	0.019153249215284652	0.02041753249035935	0.8	0.8	0.7918631542810121	0.7918631542810121	0.01828693569444261	0.01828693569444261	1.0	1.0	0.0194595169138025	0.0194595169138025	50.0	50	25.5
expanded_data	discourse_particle	50	just_e_12686	just	o	P_prime	own_context_log_prob_advantage_per_token	50	1	50.0	0.006969114951863012	0.00678189453074475	0.006969114951863012	0.00678189453074475	0.66	0.66	0.6782444650222283	0.6782444650222283	0.008075067865885943	0.008075067865885943	0.0	0.0	-0.0002932969261618	-0.0002932969261618	50.0	50	25.5
expanded_data	discourse_particle	51	just_j_2401	just	h	P	own_context_log_prob_advantage_per_token	50	1	50.0	0.02150970311762967	0.0178763216959508	0.02150970311762967	0.0178763216959508	0.8	0.8	0.7874654672046856	0.7874654672046856	0.020954376125634912	0.020954376125634912	0.0	0.0	-0.0123190586684179	-0.0123190586684179	50.0	50	25.5
expanded_data	discourse_particle	51	just_j_2401	just	h	P_prime	own_context_log_prob_advantage_per_token	50	1	50.0	0.012883303482394637	0.012024504220348651	0.012883303482394637	0.012024504220348651	0.66	0.66	0.6729792338512223	0.6729792338512223	0.013623942509672084	0.013623942509672084	1.0	1.0	0.0148988572450784	0.0148988572450784	50.0	50	25.5
expanded_data	discourse_particle	52	just_e_11908	just	o	P	own_context_log_prob_advantage_per_token	50	1	50.0	0.020181528039593565	0.0147115839016133	0.020181528039593565	0.0147115839016133	0.84	0.84	0.8587322200294736	0.8587322200294736	0.021398578413119252	0.021398578413119252	1.0	1.0	0.0405290837471302	0.0405290837471302	50.0	50	25.5
expanded_data	discourse_particle	52	just_e_11908	just	o	P_prime	own_context_log_prob_advantage_per_token	50	1	50.0	0.01264210114957653	0.0063325614842942995	0.01264210114957653	0.0063325614842942995	0.6	0.6	0.597523390233464	0.597523390233464	0.012426303776415851	0.012426303776415851	0.0	0.0	-0.008148244909338	-0.008148244909338	50.0	50	25.5
expanded_data	discourse_particle	53	just_e_4632	just	o	P	own_context_log_prob_advantage_per_token	50	1	50.0	0.007002721887934978	0.0072664381706551	0.007002721887934978	0.0072664381706551	0.72	0.72	0.7340897698942055	0.7340897698942055	0.007357021646308001	0.007357021646308001	1.0	1.0	0.0328966395495688	0.0328966395495688	50.0	50	25.5
expanded_data	discourse_particle	53	just_e_4632	just	o	P_prime	own_context_log_prob_advantage_per_token	50	1	50.0	0.009637251050885764	0.0080574666333991	0.009637251050885764	0.0080574666333991	0.68	0.68	0.671681613571722	0.671681613571722	0.009329711848824682	0.009329711848824682	1.0	1.0	0.0077698998255272	0.0077698998255272	50.0	50	25.5
expanded_data	discourse_particle	54	just_j_2522	just	h	P	own_context_log_prob_advantage_per_token	50	1	50.0	0.042321041701940336	0.034520706783047556	0.042321041701940336	0.034520706783047556	0.96	0.96	0.9588677911857373	0.9588677911857373	0.04066664299364137	0.04066664299364137	0.0	0.0	-0.007248888935959	-0.007248888935959	50.0	50	25.5
expanded_data	discourse_particle	54	just_j_2522	just	h	P_prime	own_context_log_prob_advantage_per_token	50	1	50.0	-0.007522393061346793	-0.005246219054298951	-0.007522393061346793	-0.005246219054298951	0.4	0.4	0.3660364723549851	0.3660364723549851	-0.008260240098979051	-0.008260240098979051	0.0	0.0	-0.056353285908699	-0.056353285908699	50.0	50	25.5
expanded_data	discourse_particle	55	just_e_5739	just	o	P	own_context_log_prob_advantage_per_token	50	1	50.0	0.0038116374258262285	0.0025041359392079	0.0038116374258262285	0.0025041359392079	0.56	0.56	0.5555099939471141	0.5555099939471141	0.0037273161303711566	0.0037273161303711566	1.0	1.0	0.0100523928801219	0.0100523928801219	50.0	50	25.5
expanded_data	discourse_particle	55	just_e_5739	just	o	P_prime	own_context_log_prob_advantage_per_token	50	1	50.0	0.002674851478851676	0.00242205622110195	0.002674851478851676	0.00242205622110195	0.58	0.58	0.575977555433006	0.575977555433006	0.0024334087460760622	0.0024334087460760622	1.0	1.0	0.0013584634090991	0.0013584634090991	50.0	50	25.5
expanded_data	discourse_particle	56	just_e_7244	just	o	P	own_context_log_prob_advantage_per_token	50	1	50.0	0.04011520285433314	0.029813238147667648	0.04011520285433314	0.029813238147667648	0.9	0.9	0.919163909441494	0.919163909441494	0.03934372331041876	0.03934372331041876	1.0	1.0	0.0292137158222687	0.0292137158222687	50.0	50	25.5
expanded_data	discourse_particle	56	just_e_7244	just	o	P_prime	own_context_log_prob_advantage_per_token	50	1	50.0	0.008649037010257633	0.0034674935539180498	0.008649037010257633	0.0034674935539180498	0.56	0.56	0.5387516955983238	0.5387516955983238	0.006378306009462012	0.006378306009462012	0.0	0.0	-0.01720500155671	-0.01720500155671	50.0	50	25.5
expanded_data	discourse_particle	57	just_j_11362	just	h	P	own_context_log_prob_advantage_per_token	50	1	50.0	0.0009450832973442983	-0.0012952979391542	0.0009450832973442983	-0.0012952979391542	0.48	0.48	0.46772658997899036	0.46772658997899036	0.0006474097424474511	0.0006474097424474511	0.0	0.0	-0.0238901001435739	-0.0238901001435739	50.0	50	25.5
expanded_data	discourse_particle	57	just_j_11362	just	h	P_prime	own_context_log_prob_advantage_per_token	50	1	50.0	0.019383057939420793	0.019686712460084348	0.019383057939420793	0.019686712460084348	0.9	0.9	0.9075252876750863	0.9075252876750863	0.019588887188599042	0.019588887188599042	1.0	1.0	0.0275707807181015	0.0275707807181015	50.0	50	25.5
expanded_data	discourse_particle	58	just_j_8648	just	h	P	own_context_log_prob_advantage_per_token	50	1	50.0	0.07633711961714189	0.0482569713785191	0.07633711961714189	0.0482569713785191	0.84	0.84	0.8376892344711558	0.8376892344711558	0.07787878385748331	0.07787878385748331	1.0	1.0	0.017465991633279	0.017465991633279	50.0	50	25.5
expanded_data	discourse_particle	58	just_j_8648	just	h	P_prime	own_context_log_prob_advantage_per_token	50	1	50.0	0.06077627351794188	0.05833066181434865	0.06077627351794188	0.05833066181434865	0.94	0.94	0.9407523329644363	0.9407523329644363	0.05964627656127685	0.05964627656127685	1.0	1.0	0.1104359450163663	0.1104359450163663	50.0	50	25.5
expanded_data	discourse_particle	59	just_e_5473	just	o	P	own_context_log_prob_advantage_per_token	50	1	50.0	0.028590857450578287	0.02416435940656065	0.028590857450578287	0.02416435940656065	0.82	0.82	0.83552302715644	0.83552302715644	0.027370377693059066	0.027370377693059066	1.0	1.0	0.0624322429780036	0.0624322429780036	50.0	50	25.5
expanded_data	discourse_particle	59	just_e_5473	just	o	P_prime	own_context_log_prob_advantage_per_token	50	1	50.0	0.001126116981220144	-0.0008085229202875	0.001126116981220144	-0.0008085229202875	0.46	0.46	0.4525199622680501	0.4525199622680501	0.00060008318543762	0.00060008318543762	1.0	1.0	0.01907612880071	0.01907612880071	50.0	50	25.5
expanded_data	discourse_particle	60	only_315	only	h	P	own_context_log_prob_advantage_per_token	50	1	50.0	0.07437045345176423	0.06797161129018245	0.07437045345176423	0.06797161129018245	0.96	0.96	0.9620131806957204	0.9620131806957204	0.07536694890143242	0.07536694890143242	1.0	1.0	0.1296418058244806	0.1296418058244806	50.0	50	25.5
expanded_data	discourse_particle	60	only_315	only	h	P_prime	own_context_log_prob_advantage_per_token	50	1	50.0	0.07992725121601221	0.08603163134484054	0.07992725121601221	0.08603163134484054	0.8	0.8	0.7943843254246196	0.7943843254246196	0.08087608427988187	0.08087608427988187	0.0	0.0	-0.0328773716662792	-0.0328773716662792	50.0	50	25.5
expanded_data	discourse_particle	61	only_491	only	h	P	own_context_log_prob_advantage_per_token	50	1	50.0	0.02426297614165982	0.02569098083950505	0.02426297614165982	0.02569098083950505	0.72	0.72	0.7357604052289889	0.7357604052289889	0.02543839678158209	0.02543839678158209	1.0	1.0	0.0240278060619647	0.0240278060619647	50.0	50	25.92
expanded_data	discourse_particle	61	only_491	only	h	P_prime	own_context_log_prob_advantage_per_token	50	1	50.0	0.013827621987581203	0.01292538185090325	0.013827621987581203	0.01292538185090325	0.74	0.74	0.7342018757506846	0.7342018757506846	0.013327653744250491	0.013327653744250491	1.0	1.0	0.0355140304565429	0.0355140304565429	50.0	50	25.5
expanded_data	discourse_particle	62	only_501	only	h	P	own_context_log_prob_advantage_per_token	50	1	50.0	0.004769827251887572	0.00463463436989545	0.004769827251887572	0.00463463436989545	0.7	0.7	0.6830560403651479	0.6830560403651479	0.004560378444449927	0.004560378444449927	1.0	1.0	0.0057479637973713	0.0057479637973713	50.0	50	25.5
expanded_data	discourse_particle	62	only_501	only	h	P_prime	own_context_log_prob_advantage_per_token	50	1	50.0	0.0025243642437429597	0.0027991790084468003	0.0025243642437429597	0.0027991790084468003	0.62	0.62	0.6314620697141895	0.6314620697141895	0.0029272530070155443	0.0029272530070155443	0.0	0.0	-0.005175286776399	-0.005175286776399	50.0	50	25.5
expanded_data	discourse_particle	63	only_649	only	h	P	own_context_log_prob_advantage_per_token	50	1	50.0	0.03934609944758848	0.037487293147060896	0.03934609944758848	0.037487293147060896	0.88	0.88	0.8860371741338287	0.8860371741338287	0.039174332613299376	0.039174332613299376	1.0	1.0	0.0621860101819038	0.0621860101819038	50.0	50	25.5
expanded_data	discourse_particle	63	only_649	only	h	P_prime	own_context_log_prob_advantage_per_token	50	1	50.0	0.0022581306850021016	0.00602669308499455	0.0022581306850021016	0.00602669308499455	0.58	0.58	0.5789911720253107	0.5789911720253107	0.0021948439193361664	0.0021948439193361664	1.0	1.0	0.0515622121316415	0.0515622121316415	50.0	50	25.5
expanded_data	discourse_particle	64	only_660	only	h	P	own_context_log_prob_advantage_per_token	50	1	50.0	0.02774767203661497	0.0244949923826322	0.02774767203661497	0.0244949923826322	0.74	0.74	0.7481747150778753	0.7481747150778753	0.02804991725440469	0.02804991725440469	1.0	1.0	0.1220571452921088	0.1220571452921088	50.0	50	25.5
expanded_data	discourse_particle	64	only_660	only	h	P_prime	own_context_log_prob_advantage_per_token	50	1	50.0	0.02382925143647656	0.02254277064993575	0.02382925143647656	0.02254277064993575	0.82	0.82	0.8324877197108884	0.8324877197108884	0.02305654837187635	0.02305654837187635	1.0	1.0	0.0301106452941894	0.0301106452941894	50.0	50	25.5
expanded_data	discourse_particle	65	only_687	only	h	P	own_context_log_prob_advantage_per_token	50	1	50.0	0.03144516826879817	0.025852984669564753	0.03144516826879817	0.025852984669564753	0.72	0.72	0.7189850630340926	0.7189850630340926	0.03210203307529281	0.03210203307529281	1.0	1.0	0.0938486970704177	0.0938486970704177	50.0	50	30.72
expanded_data	discourse_particle	65	only_687	only	h	P_prime	own_context_log_prob_advantage_per_token	50	1	50.0	0.019607556716792842	0.0217821285128593	0.019607556716792842	0.0217821285128593	0.76	0.76	0.7586123521652446	0.7586123521652446	0.01917316329958284	0.01917316329958284	1.0	1.0	0.0605489337766492	0.0605489337766492	50.0	50	26.44
expanded_data	discourse_particle	66	only_745	only	h	P	own_context_log_prob_advantage_per_token	50	1	50.0	0.005144304095799047	0.0052871127649431	0.005144304095799047	0.0052871127649431	0.68	0.68	0.7092533159957698	0.7092533159957698	0.005646186705097596	0.005646186705097596	1.0	1.0	0.0312781778036379	0.0312781778036379	50.0	50	25.78
expanded_data	discourse_particle	66	only_745	only	h	P_prime	own_context_log_prob_advantage_per_token	50	1	50.0	0.006574940886189037	0.0054137029907622	0.006574940886189037	0.0054137029907622	0.68	0.68	0.6689280798985932	0.6689280798985932	0.006337256906758796	0.006337256906758796	0.0	0.0	-0.0147568782170612	-0.0147568782170612	50.0	50	25.9
expanded_data	discourse_particle	67	only_794	only	h	P	own_context_log_prob_advantage_per_token	50	1	50.0	0.05603261101944048	0.039643126770966	0.05603261101944048	0.039643126770966	0.86	0.86	0.8533648319807486	0.8533648319807486	0.05516450111941759	0.05516450111941759	1.0	1.0	0.0904097190270056	0.0904097190270056	50.0	50	25.5
expanded_data	discourse_particle	67	only_794	only	h	P_prime	own_context_log_prob_advantage_per_token	50	1	50.0	0.09378415097530526	0.08528690431632249	0.09378415097530526	0.08528690431632249	0.82	0.82	0.8307539198980274	0.8307539198980274	0.09596381322381335	0.09596381322381335	1.0	1.0	0.2187925611223493	0.2187925611223493	50.0	50	25.5
expanded_data	discourse_particle	68	only_965	only	h	P	own_context_log_prob_advantage_per_token	50	1	50.0	0.036693812860219104	0.0245298862457275	0.036693812860219104	0.0245298862457275	0.9	0.9	0.9175109398964759	0.9175109398964759	0.03833300860541047	0.03833300860541047	1.0	1.0	0.0524874002702774	0.0524874002702774	50.0	50	25.5
expanded_data	discourse_particle	68	only_965	only	h	P_prime	own_context_log_prob_advantage_per_token	50	1	50.0	0.01808332595145082	0.0041432349119571495	0.01808332595145082	0.0041432349119571495	0.6	0.6	0.5599032557540735	0.5599032557540735	0.016127116351576185	0.016127116351576185	1.0	1.0	0.0002900560696919	0.0002900560696919	50.0	50	25.5
expanded_data	discourse_particle	69	only_966	only	h	P	own_context_log_prob_advantage_per_token	50	1	50.0	0.002874068992367236	0.0015973462964842498	0.002874068992367236	0.0015973462964842498	0.52	0.52	0.4983444997931297	0.4983444997931297	0.002404895988200317	0.002404895988200317	0.0	0.0	-0.000439258984157	-0.000439258984157	50.0	50	25.5
expanded_data	discourse_particle	69	only_966	only	h	P_prime	own_context_log_prob_advantage_per_token	50	1	50.0	0.006876722395169403	0.00599839304174685	0.006876722395169403	0.00599839304174685	0.68	0.68	0.6939250747718069	0.6939250747718069	0.0073262238110407924	0.0073262238110407924	0.0	0.0	-0.0092927632124527	-0.0092927632124527	50.0	50	25.88
expanded_data	discourse_particle	70	only_1038	only	h	P	own_context_log_prob_advantage_per_token	50	1	50.0	0.10352184362714882	0.0795317486576411	0.10352184362714882	0.0795317486576411	0.96	0.96	0.9521935663325365	0.9521935663325365	0.10124447150900662	0.10124447150900662	1.0	1.0	0.0350556290426919	0.0350556290426919	50.0	50	25.5
expanded_data	discourse_particle	70	only_1038	only	h	P_prime	own_context_log_prob_advantage_per_token	50	1	50.0	0.05571995976709017	0.03772222312788165	0.05571995976709017	0.03772222312788165	0.72	0.72	0.7392207152069284	0.7392207152069284	0.056412835915787836	0.056412835915787836	1.0	1.0	0.3165784835815429	0.3165784835815429	50.0	50	26.34
expanded_data	discourse_particle	71	only_1142	only	h	P	own_context_log_prob_advantage_per_token	50	1	50.0	0.09120715954972997	0.09917050792055625	0.09120715954972997	0.09917050792055625	0.9	0.9	0.9103609220698929	0.9103609220698929	0.09228668519334528	0.09228668519334528	1.0	1.0	0.1375072633518892	0.1375072633518892	50.0	50	25.5
expanded_data	discourse_particle	71	only_1142	only	h	P_prime	own_context_log_prob_advantage_per_token	50	1	50.0	0.1491394489515888	0.13621032900280425	0.1491394489515888	0.13621032900280425	1.0	1.0	1.0	1.0	0.14775070427867432	0.14775070427867432	1.0	1.0	0.0823775943782596	0.0823775943782596	50.0	50	25.5
expanded_data	discourse_particle	72	only_1272	only	h	P	own_context_log_prob_advantage_per_token	50	1	50.0	0.04621701566036891	0.05432565808296195	0.04621701566036891	0.05432565808296195	0.78	0.78	0.793161131749619	0.793161131749619	0.04810817606038599	0.04810817606038599	1.0	1.0	0.1088763773441314	0.1088763773441314	50.0	50	26.16
expanded_data	discourse_particle	72	only_1272	only	h	P_prime	own_context_log_prob_advantage_per_token	50	1	50.0	0.03335601729686371	0.0278948065809127	0.03335601729686371	0.0278948065809127	0.86	0.86	0.8610081063731384	0.8610081063731384	0.03341870130475741	0.03341870130475741	1.0	1.0	0.1116406005971572	0.1116406005971572	50.0	50	25.74
expanded_data	discourse_particle	73	only_1368	only	h	P	own_context_log_prob_advantage_per_token	50	1	50.0	0.09567357057583753	0.09846629947423935	0.09567357057583753	0.09846629947423935	0.94	0.94	0.9350991434217246	0.9350991434217246	0.09598760603593337	0.09598760603593337	1.0	1.0	0.147933894733213	0.147933894733213	50.0	50	25.5
expanded_data	discourse_particle	73	only_1368	only	h	P_prime	own_context_log_prob_advantage_per_token	50	1	50.0	0.08654267096205903	0.0711078296105067	0.08654267096205903	0.0711078296105067	0.94	0.94	0.9527170848575558	0.9527170848575558	0.08895304473709853	0.08895304473709853	1.0	1.0	0.1192869316963922	0.1192869316963922	50.0	50	25.5
expanded_data	discourse_particle	74	only_1446	only	h	P	own_context_log_prob_advantage_per_token	50	1	50.0	0.09381897625140366	0.08677394577750455	0.09381897625140366	0.08677394577750455	0.96	0.96	0.9555506473482537	0.9555506473482537	0.09225304475278845	0.09225304475278845	1.0	1.0	0.0180054461514508	0.0180054461514508	50.0	50	25.5
expanded_data	discourse_particle	74	only_1446	only	h	P_prime	own_context_log_prob_advantage_per_token	50	1	50.0	0.12250018816899713	0.10394321031848695	0.12250018816899713	0.10394321031848695	0.94	0.94	0.9435943641087888	0.9435943641087888	0.11848237728816462	0.11848237728816462	0.0	0.0	-0.0485568903386592	-0.0485568903386592	50.0	50	25.5
expanded_data	discourse_particle	75	only_1493	only	h	P	own_context_log_prob_advantage_per_token	50	1	50.0	0.015663688480442483	0.0198297271933857	0.015663688480442483	0.0198297271933857	0.74	0.74	0.7374819259690569	0.7374819259690569	0.0149006554740397	0.0149006554740397	1.0	1.0	0.0520243314986532	0.0520243314986532	50.0	50	25.5
expanded_data	discourse_particle	75	only_1493	only	h	P_prime	own_context_log_prob_advantage_per_token	50	1	50.0	0.019638252006913527	0.0204842370438885	0.019638252006913527	0.0204842370438885	0.82	0.82	0.806748141866056	0.806748141866056	0.018553963140320467	0.018553963140320467	1.0	1.0	0.0560590082948858	0.0560590082948858	50.0	50	25.5
expanded_data	discourse_particle	76	only_1538	only	h	P	own_context_log_prob_advantage_per_token	50	1	50.0	0.0026303087058766363	0.00023502111434935	0.0026303087058766363	0.00023502111434935	0.56	0.56	0.5686935569156791	0.5686935569156791	0.0027141816923943072	0.0027141816923943072	1.0	1.0	0.001768415921355	0.001768415921355	50.0	50	25.5
expanded_data	discourse_particle	76	only_1538	only	h	P_prime	own_context_log_prob_advantage_per_token	50	1	50.0	0.0010550990362836775	0.0014620062561079	0.0010550990362836775	0.0014620062561079	0.62	0.62	0.6118739775033176	0.6118739775033176	0.0009900755563350006	0.0009900755563350006	1.0	1.0	0.0020781412516555	0.0020781412516555	50.0	50	25.5
expanded_data	discourse_particle	77	only_1577	only	h	P	own_context_log_prob_advantage_per_token	50	1	50.0	0.010178268491709967	0.01661260510847815	0.010178268491709967	0.01661260510847815	0.68	0.68	0.6869607581143808	0.6869607581143808	0.01065433718785008	0.01065433718785008	0.0	0.0	-0.0125684363501412	-0.0125684363501412	50.0	50	25.5
expanded_data	discourse_particle	77	only_1577	only	h	P_prime	own_context_log_prob_advantage_per_token	50	1	50.0	0.008456838354295173	0.0107581648369168	0.008456838354295173	0.0107581648369168	0.72	0.72	0.7248186646069962	0.7248186646069962	0.008703105284183967	0.008703105284183967	0.0	0.0	-0.035906583070755	-0.035906583070755	50.0	50	25.5
expanded_data	discourse_particle	78	only_1579	only	h	P	own_context_log_prob_advantage_per_token	50	1	50.0	0.008547608771296896	0.0057358493745462	0.008547608771296896	0.0057358493745462	0.68	0.68	0.6822156370372847	0.6822156370372847	0.009016965971066977	0.009016965971066977	1.0	1.0	0.0280917501449584	0.0280917501449584	50.0	50	25.5
expanded_data	discourse_particle	78	only_1579	only	h	P_prime	own_context_log_prob_advantage_per_token	50	1	50.0	0.003832020212056432	0.00512377694005445	0.003832020212056432	0.00512377694005445	0.7	0.7	0.6945763172568392	0.6945763172568392	0.0039318322952735935	0.0039318322952735935	1.0	1.0	0.0270576707778438	0.0270576707778438	50.0	50	25.5
expanded_data	discourse_particle	79	only_1602	only	h	P	own_context_log_prob_advantage_per_token	50	1	50.0	0.021161686701600048	0.022183227364690902	0.021161686701600048	0.022183227364690902	0.88	0.88	0.880400854706622	0.880400854706622	0.021069962820426922	0.021069962820426922	1.0	1.0	0.0252590938047928	0.0252590938047928	50.0	50	25.5
expanded_data	discourse_particle	79	only_1602	only	h	P_prime	own_context_log_prob_advantage_per_token	50	1	50.0	0.03594141900679038	0.0302833169571137	0.03594141900679038	0.0302833169571137	0.92	0.92	0.9200746987802984	0.9200746987802984	0.03600238713531732	0.03600238713531732	1.0	1.0	0.0379232543788545	0.0379232543788545	50.0	50	25.5
expanded_data	discourse_particle	80	only_1624	only	h	P	own_context_log_prob_advantage_per_token	50	1	50.0	0.020128233941980413	0.0141313984738669	0.020128233941980413	0.0141313984738669	0.64	0.64	0.6443808900035886	0.6443808900035886	0.018844286417304828	0.018844286417304828	1.0	1.0	0.0978789435965674	0.0978789435965674	50.0	50	25.5
expanded_data	discourse_particle	80	only_1624	only	h	P_prime	own_context_log_prob_advantage_per_token	50	1	50.0	0.026419619677997903	0.02645842961612195	0.026419619677997903	0.02645842961612195	0.76	0.76	0.7742623347969723	0.7742623347969723	0.026552389819772024	0.026552389819772024	0.0	0.0	-0.019723894921216	-0.019723894921216	50.0	50	25.5
expanded_data	discourse_particle	81	only_1817	only	h	P	own_context_log_prob_advantage_per_token	50	1	50.0	0.007161173733347091	0.0050615049279606	0.007161173733347091	0.0050615049279606	0.72	0.72	0.7214249541293278	0.7214249541293278	0.007372580039171648	0.007372580039171648	1.0	1.0	0.0251356782139957	0.0251356782139957	50.0	50	25.5
expanded_data	discourse_particle	81	only_1817	only	h	P_prime	own_context_log_prob_advantage_per_token	50	1	50.0	9.65712003727701e-05	-0.0014574446438951	9.65712003727701e-05	-0.0014574446438951	0.48	0.48	0.4646809582083872	0.4646809582083872	-0.00016419483172099025	-0.00016419483172099025	0.0	0.0	-0.0074521089211488	-0.0074521089211488	50.0	50	25.5
expanded_data	discourse_particle	82	only_1888	only	h	P	own_context_log_prob_advantage_per_token	50	1	50.0	0.01648219441762832	0.01379192417318165	0.01648219441762832	0.01379192417318165	0.68	0.68	0.6570657237209377	0.6570657237209377	0.013981695492410262	0.013981695492410262	1.0	1.0	0.0400190157433079	0.0400190157433079	50.0	50	25.5
expanded_data	discourse_particle	82	only_1888	only	h	P_prime	own_context_log_prob_advantage_per_token	50	1	50.0	0.018885271973536087	0.0164896711618137	0.018885271973536087	0.0164896711618137	0.76	0.76	0.7688220052441883	0.7688220052441883	0.01934195641914517	0.01934195641914517	0.0	0.0	-0.0155646432848538	-0.0155646432848538	50.0	50	25.5
expanded_data	discourse_particle	83	only_1891	only	h	P	own_context_log_prob_advantage_per_token	50	1	50.0	0.0040238644397847054	0.0035266136867202	0.0040238644397847054	0.0035266136867202	0.62	0.62	0.6453771173008692	0.6453771173008692	0.00474891149674082	0.00474891149674082	1.0	1.0	0.0057135858233012	0.0057135858233012	50.0	50	25.5
expanded_data	discourse_particle	83	only_1891	only	h	P_prime	own_context_log_prob_advantage_per_token	50	1	50.0	0.00432946796269695	0.0081278794082409	0.00432946796269695	0.0081278794082409	0.68	0.68	0.677669824072875	0.677669824072875	0.004373413203064089	0.004373413203064089	1.0	1.0	0.0109067942998181	0.0109067942998181	50.0	50	25.5
expanded_data	discourse_particle	84	only_2032	only	h	P	own_context_log_prob_advantage_per_token	50	1	50.0	0.03583551848615284	0.03272762124737095	0.03583551848615284	0.03272762124737095	0.96	0.96	0.9594122576121632	0.9594122576121632	0.03517258524597258	0.03517258524597258	1.0	1.0	0.0972244353855358	0.0972244353855358	50.0	50	25.5
expanded_data	discourse_particle	84	only_2032	only	h	P_prime	own_context_log_prob_advantage_per_token	50	1	50.0	0.014870591721216454	0.009075549808708401	0.014870591721216454	0.009075549808708401	0.62	0.62	0.6169760286330377	0.6169760286330377	0.013606870399591433	0.013606870399591433	1.0	1.0	0.0806462295127636	0.0806462295127636	50.0	50	25.5
expanded_data	discourse_particle	85	only_2038	only	h	P	own_context_log_prob_advantage_per_token	50	1	50.0	0.04104200050681474	0.0277808040472663	0.04104200050681474	0.0277808040472663	0.7	0.7	0.7327643316779661	0.7327643316779661	0.047343860392453564	0.047343860392453564	1.0	1.0	0.1315993756464082	0.1315993756464082	50.0	50	25.5
expanded_data	discourse_particle	85	only_2038	only	h	P_prime	own_context_log_prob_advantage_per_token	50	1	50.0	0.1502978387840311	0.1292992604084504	0.1502978387840311	0.1292992604084504	1.0	1.0	1.0	1.0	0.15294949521506804	0.15294949521506804	1.0	1.0	0.1451393238135747	0.1451393238135747	50.0	50	25.5
expanded_data	discourse_particle	86	only_2118	only	h	P	own_context_log_prob_advantage_per_token	50	1	50.0	0.035806878638198654	0.033179612135058906	0.035806878638198654	0.033179612135058906	0.82	0.82	0.8133190324978938	0.8133190324978938	0.03396136861954596	0.03396136861954596	1.0	1.0	0.0420993222640111	0.0420993222640111	50.0	50	25.5
expanded_data	discourse_particle	86	only_2118	only	h	P_prime	own_context_log_prob_advantage_per_token	50	1	50.0	0.04899921603002163	0.04858338809202585	0.04899921603002163	0.04858338809202585	0.88	0.88	0.8815006959436558	0.8815006959436558	0.04905787636079902	0.04905787636079902	1.0	1.0	0.0192463994026184	0.0192463994026184	50.0	50	25.5
expanded_data	discourse_particle	87	only_2232	only	h	P	own_context_log_prob_advantage_per_token	50	1	50.0	0.011958329087219397	0.00893541558148105	0.011958329087219397	0.00893541558148105	0.74	0.74	0.7498032477128997	0.7498032477128997	0.012642130026107009	0.012642130026107009	0.0	0.0	-0.0026313834271188	-0.0026313834271188	50.0	50	25.5
expanded_data	discourse_particle	87	only_2232	only	h	P_prime	own_context_log_prob_advantage_per_token	50	1	50.0	0.015584106969980797	0.0162855411229068	0.015584106969980797	0.0162855411229068	0.68	0.68	0.6859842660773008	0.6859842660773008	0.016257449126995612	0.016257449126995612	0.0	0.0	-0.0035125164136494	-0.0035125164136494	50.0	50	25.5
expanded_data	discourse_particle	88	only_2333	only	h	P	own_context_log_prob_advantage_per_token	50	1	50.0	0.07641878786974776	0.0902871283971273	0.07641878786974776	0.0902871283971273	0.9	0.9	0.9002944803326073	0.9002944803326073	0.07826079695225777	0.07826079695225777	1.0	1.0	0.1939525251035337	0.1939525251035337	50.0	50	25.5
expanded_data	discourse_particle	88	only_2333	only	h	P_prime	own_context_log_prob_advantage_per_token	50	1	50.0	0.06672873625505389	0.07032405055409545	0.06672873625505389	0.07032405055409545	0.8	0.8	0.812776421683778	0.812776421683778	0.07077703639806245	0.07077703639806245	1.0	1.0	0.091764158216016	0.091764158216016	50.0	50	25.5
expanded_data	discourse_particle	89	only_2405	only	h	P	own_context_log_prob_advantage_per_token	50	1	50.0	0.035110029276672006	0.0273237898510667	0.035110029276672006	0.0273237898510667	0.96	0.96	0.9529410670094447	0.9529410670094447	0.034281177301160176	0.034281177301160176	1.0	1.0	0.0365515053272247	0.0365515053272247	50.0	50	25.5
expanded_data	discourse_particle	89	only_2405	only	h	P_prime	own_context_log_prob_advantage_per_token	50	1	50.0	0.02451117464191386	0.02082820039577575	0.02451117464191386	0.02082820039577575	0.82	0.82	0.8403860396465174	0.8403860396465174	0.025747225333636332	0.025747225333636332	1.0	1.0	0.0061197971042833	0.0061197971042833	50.0	50	25.5
expanded_data	discourse_particle	90	only_2470	only	h	P	own_context_log_prob_advantage_per_token	50	1	50.0	0.059644184604586176	0.03529102569276635	0.059644184604586176	0.03529102569276635	0.94	0.94	0.9392198278829413	0.9392198278829413	0.057646735295231316	0.057646735295231316	1.0	1.0	0.0280948361354087	0.0280948361354087	50.0	50	25.5
expanded_data	discourse_particle	90	only_2470	only	h	P_prime	own_context_log_prob_advantage_per_token	50	1	50.0	0.03786074642861147	0.0331599834687025	0.03786074642861147	0.0331599834687025	0.82	0.82	0.8356868587404743	0.8356868587404743	0.040020175008497194	0.040020175008497194	1.0	1.0	0.0810870362652672	0.0810870362652672	50.0	50	25.5
expanded_data	discourse_particle	91	only_2627	only	h	P	own_context_log_prob_advantage_per_token	50	1	50.0	0.12129223303586617	0.1259069736712636	0.12129223303586617	0.1259069736712636	0.96	0.96	0.9617360973523029	0.9617360973523029	0.12071464650793558	0.12071464650793558	1.0	1.0	0.1293678970047921	0.1293678970047921	50.0	50	25.5
expanded_data	discourse_particle	91	only_2627	only	h	P_prime	own_context_log_prob_advantage_per_token	50	1	50.0	0.16911733203697968	0.1675298974613829	0.16911733203697968	0.1675298974613829	0.94	0.94	0.9398513338984955	0.9398513338984955	0.1715641120972289	0.1715641120972289	1.0	1.0	0.2750793085541836	0.2750793085541836	50.0	50	25.5
expanded_data	discourse_particle	92	only_2678	only	h	P	own_context_log_prob_advantage_per_token	50	1	50.0	0.014343541052942119	0.0081945600240035	0.014343541052942119	0.0081945600240035	0.74	0.74	0.7302026988755432	0.7302026988755432	0.01404243867994693	0.01404243867994693	1.0	1.0	0.0188643871209559	0.0188643871209559	50.0	50	25.5
expanded_data	discourse_particle	92	only_2678	only	h	P_prime	own_context_log_prob_advantage_per_token	50	1	50.0	0.00966761513783073	0.00959069535401085	0.00966761513783073	0.00959069535401085	0.8	0.8	0.7991422445200335	0.7991422445200335	0.009943730625865694	0.009943730625865694	1.0	1.0	0.0085449011429494	0.0085449011429494	50.0	50	25.5
expanded_data	discourse_particle	93	only_2682	only	h	P	own_context_log_prob_advantage_per_token	50	1	50.0	0.13031786174713963	0.1314518858516027	0.13031786174713963	0.1314518858516027	0.98	0.98	0.9794229960839267	0.9794229960839267	0.1305915296317103	0.1305915296317103	1.0	1.0	0.1259440079979273	0.1259440079979273	50.0	50	25.5
expanded_data	discourse_particle	93	only_2682	only	h	P_prime	own_context_log_prob_advantage_per_token	50	1	50.0	0.13580674739117826	0.13941103058229942	0.13580674739117826	0.13941103058229942	1.0	1.0	1.0	1.0	0.1385510375449453	0.1385510375449453	1.0	1.0	0.0517970637271277	0.0517970637271277	50.0	50	25.5
expanded_data	discourse_particle	94	only_2695	only	h	P	own_context_log_prob_advantage_per_token	50	1	50.0	0.02478487699270195	0.0196260666122307	0.02478487699270195	0.0196260666122307	0.86	0.86	0.8638581675472976	0.8638581675472976	0.025247385294020312	0.025247385294020312	1.0	1.0	0.0518372830222633	0.0518372830222633	50.0	50	25.5
expanded_data	discourse_particle	94	only_2695	only	h	P_prime	own_context_log_prob_advantage_per_token	50	1	50.0	-0.0020977257754430847	-0.00382499251884835	-0.0020977257754430847	-0.00382499251884835	0.42	0.42	0.4365450798247699	0.4365450798247699	-0.0017134626244191852	-0.0017134626244191852	1.0	1.0	0.0163911444241882	0.0163911444241882	50.0	50	25.5
expanded_data	discourse_particle	95	only_2703	only	h	P	own_context_log_prob_advantage_per_token	50	1	50.0	0.0039292434391568955	0.0033785953888525503	0.0039292434391568955	0.0033785953888525503	0.56	0.56	0.55097400443789	0.55097400443789	0.002999222937330945	0.002999222937330945	0.0	0.0	-0.0604326052543444	-0.0604326052543444	50.0	50	25.62
expanded_data	discourse_particle	95	only_2703	only	h	P_prime	own_context_log_prob_advantage_per_token	50	1	50.0	0.013897614661870379	0.021546357948529	0.013897614661870379	0.021546357948529	0.66	0.66	0.6941539574536737	0.6941539574536737	0.015297877509612307	0.015297877509612307	0.0	0.0	-0.0046867446766959	-0.0046867446766959	50.0	50	25.5
expanded_data	discourse_particle	96	only_2903	only	h	P	own_context_log_prob_advantage_per_token	50	1	50.0	7.96409475769259e-05	0.0009736817330122	7.96409475769259e-05	0.0009736817330122	0.52	0.52	0.5054816401581209	0.5054816401581209	-0.0003453388478579626	-0.0003453388478579626	1.0	1.0	0.0099505024987298	0.0099505024987298	50.0	50	26.52
expanded_data	discourse_particle	96	only_2903	only	h	P_prime	own_context_log_prob_advantage_per_token	50	1	50.0	0.0037267143116221503	0.00415011156689035	0.0037267143116221503	0.00415011156689035	0.6	0.6	0.6187063248715123	0.6187063248715123	0.004464173953694028	0.004464173953694028	1.0	1.0	0.0094212180092221	0.0094212180092221	50.0	50	25.5
expanded_data	discourse_particle	97	only_3267	only	h	P	own_context_log_prob_advantage_per_token	50	1	50.0	0.00225287069825546	0.0015622424237059498	0.00225287069825546	0.0015622424237059498	0.54	0.54	0.5605335505356244	0.5605335505356244	0.002834266000348348	0.002834266000348348	0.0	0.0	-0.0110597570737203	-0.0110597570737203	50.0	50	25.5
expanded_data	discourse_particle	97	only_3267	only	h	P_prime	own_context_log_prob_advantage_per_token	50	1	50.0	0.002496549755756026	0.0026616959189248003	0.002496549755756026	0.0026616959189248003	0.58	0.58	0.5509309967892156	0.5509309967892156	0.0018064272492118248	0.0018064272492118248	1.0	1.0	0.0091116968190895	0.0091116968190895	50.0	50	25.5
expanded_data	discourse_particle	98	only_3302	only	h	P	own_context_log_prob_advantage_per_token	50	1	50.0	0.019661481588906696	0.017422744164279802	0.019661481588906696	0.017422744164279802	0.84	0.84	0.8420063779424617	0.8420063779424617	0.019721143236497277	0.019721143236497277	1.0	1.0	0.0256087466290122	0.0256087466290122	50.0	50	25.5
expanded_data	discourse_particle	98	only_3302	only	h	P_prime	own_context_log_prob_advantage_per_token	50	1	50.0	0.023159605443448004	0.02845368891546165	0.023159605443448004	0.02845368891546165	0.74	0.74	0.7447487335146324	0.7447487335146324	0.022998715416445756	0.022998715416445756	1.0	1.0	0.0293396543711423	0.0293396543711423	50.0	50	25.5
expanded_data	discourse_particle	99	only_3332	only	h	P	own_context_log_prob_advantage_per_token	50	1	50.0	0.04031938912927683	0.034358360717346645	0.04031938912927683	0.034358360717346645	0.72	0.72	0.7253965133024463	0.7253965133024463	0.04056009675124914	0.04056009675124914	1.0	1.0	0.0034220634944854	0.0034220634944854	50.0	50	25.5
expanded_data	discourse_particle	99	only_3332	only	h	P_prime	own_context_log_prob_advantage_per_token	50	1	50.0	0.08683655003174966	0.0841906773547331	0.08683655003174966	0.0841906773547331	0.94	0.94	0.9473554799834916	0.9473554799834916	0.08494247088936543	0.08494247088936543	1.0	1.0	0.102313134405348	0.102313134405348	50.0	50	25.5
expanded_data	discourse_particle	100	only_3340	only	h	P	own_context_log_prob_advantage_per_token	50	1	50.0	0.1686978219043932	0.11778939312673625	0.1686978219043932	0.11778939312673625	0.94	0.94	0.9361959347242025	0.9361959347242025	0.15537725297756913	0.15537725297756913	1.0	1.0	0.0292999253553503	0.0292999253553503	50.0	50	25.5
expanded_data	discourse_particle	100	only_3340	only	h	P_prime	own_context_log_prob_advantage_per_token	50	1	50.0	0.040254069692884274	0.046499458867676396	0.040254069692884274	0.046499458867676396	0.8	0.8	0.7997962616874436	0.7997962616874436	0.039084118077780027	0.039084118077780027	1.0	1.0	0.0161955937361106	0.0161955937361106	50.0	50	25.5
expanded_data	discourse_particle	101	only_3385	only	h	P	own_context_log_prob_advantage_per_token	50	1	50.0	0.05612213724487322	0.03523949851766655	0.05612213724487322	0.03523949851766655	0.84	0.84	0.8403256530480437	0.8403256530480437	0.05677550327050866	0.05677550327050866	1.0	1.0	0.0465187604610737	0.0465187604610737	50.0	50	25.5
expanded_data	discourse_particle	101	only_3385	only	h	P_prime	own_context_log_prob_advantage_per_token	50	1	50.0	0.032824100494523695	0.0300261474349776	0.032824100494523695	0.0300261474349776	0.8	0.8	0.8130636907661545	0.8130636907661545	0.034125786046987794	0.034125786046987794	0.0	0.0	-0.0060540342330932	-0.0060540342330932	50.0	50	25.5
expanded_data	discourse_particle	102	only_3392	only	h	P	own_context_log_prob_advantage_per_token	50	1	50.0	0.07485528784903384	0.0746519672344414	0.07485528784903384	0.0746519672344414	0.92	0.92	0.9162363161801477	0.9162363161801477	0.07411063557109387	0.07411063557109387	0.0	0.0	-0.008906178176403	-0.008906178176403	50.0	50	25.5
expanded_data	discourse_particle	102	only_3392	only	h	P_prime	own_context_log_prob_advantage_per_token	50	1	50.0	0.16302530896570291	0.15963499858925906	0.16302530896570291	0.15963499858925906	1.0	1.0	1.0	1.0	0.16057284435331093	0.16057284435331093	1.0	1.0	0.0852041608757442	0.0852041608757442	50.0	50	25.5
expanded_data	discourse_particle	103	only_3393	only	h	P	own_context_log_prob_advantage_per_token	50	1	50.0	0.2753707773584969	0.2497702997177838	0.2753707773584969	0.2497702997177838	0.98	0.98	0.9803168233770981	0.9803168233770981	0.2786783486347398	0.2786783486347398	1.0	1.0	0.2187858933494204	0.2187858933494204	50.0	50	25.5
expanded_data	discourse_particle	103	only_3393	only	h	P_prime	own_context_log_prob_advantage_per_token	50	1	50.0	0.35527155841434	0.33048689551423494	0.35527155841434	0.33048689551423494	1.0	1.0	1.0	1.0	0.3579172474109481	0.3579172474109481	1.0	1.0	0.4436882300810381	0.4436882300810381	50.0	50	25.5
expanded_data	discourse_particle	104	only_3394	only	h	P	own_context_log_prob_advantage_per_token	50	1	50.0	0.015286656562574552	0.02252287306684125	0.015286656562574552	0.02252287306684125	0.74	0.74	0.7344495368526349	0.7344495368526349	0.015052915982196064	0.015052915982196064	1.0	1.0	0.0409721921129924	0.0409721921129924	50.0	50	25.5
expanded_data	discourse_particle	104	only_3394	only	h	P_prime	own_context_log_prob_advantage_per_token	50	1	50.0	0.019889147774688934	0.01892105227465915	0.019889147774688934	0.01892105227465915	0.74	0.74	0.7485268798756323	0.7485268798756323	0.02057997768015308	0.02057997768015308	1.0	1.0	0.0361615126987673	0.0361615126987673	50.0	50	25.5
expanded_data	discourse_particle	105	only_3465	only	h	P	own_context_log_prob_advantage_per_token	50	1	50.0	0.08274896788772051	0.06977337335000189	0.08274896788772051	0.06977337335000189	0.88	0.88	0.8811170889699268	0.8811170889699268	0.07892111434200869	0.07892111434200869	1.0	1.0	0.0465702494578574	0.0465702494578574	50.0	50	25.5
expanded_data	discourse_particle	105	only_3465	only	h	P_prime	own_context_log_prob_advantage_per_token	50	1	50.0	0.049709840597757564	0.04980698921958075	0.049709840597757564	0.04980698921958075	0.9	0.9	0.908941994094959	0.908941994094959	0.050425980357511654	0.050425980357511654	1.0	1.0	0.0505801614593056	0.0505801614593056	50.0	50	25.5
expanded_data	discourse_particle	106	only_3483	only	h	P	own_context_log_prob_advantage_per_token	50	1	50.0	0.02681938421940129	0.02624914488893865	0.02681938421940129	0.02624914488893865	0.84	0.84	0.8422659274861689	0.8422659274861689	0.026938144831153445	0.026938144831153445	1.0	1.0	0.0230945565483786	0.0230945565483786	50.0	50	25.5
expanded_data	discourse_particle	106	only_3483	only	h	P_prime	own_context_log_prob_advantage_per_token	50	1	50.0	0.02953160703827075	0.0286421239738506	0.02953160703827075	0.0286421239738506	0.92	0.92	0.9198951352008777	0.9198951352008777	0.028789113705616973	0.028789113705616973	1.0	1.0	0.0208243212916634	0.0208243212916634	50.0	50	25.5
expanded_data	discourse_particle	107	only_3484	only	h	P	own_context_log_prob_advantage_per_token	50	1	50.0	0.13029209300807618	0.05041141262380175	0.13029209300807618	0.05041141262380175	0.76	0.76	0.7412368872628945	0.7412368872628945	0.12157285457359	0.12157285457359	1.0	1.0	0.1879419969475788	0.1879419969475788	50.0	50	25.5
expanded_data	discourse_particle	107	only_3484	only	h	P_prime	own_context_log_prob_advantage_per_token	50	1	50.0	0.13445710034571623	0.14242271650018107	0.13445710034571623	0.14242271650018107	1.0	1.0	1.0	1.0	0.13531689638561595	0.13531689638561595	1.0	1.0	0.1967074354489644	0.1967074354489644	50.0	50	25.5
expanded_data	discourse_particle	108	only_3568	only	h	P	own_context_log_prob_advantage_per_token	50	1	50.0	0.13860253731604258	0.13188002151879896	0.13860253731604258	0.13188002151879896	1.0	1.0	1.0	1.0	0.13706493272177636	0.13706493272177636	1.0	1.0	0.125868010520935	0.125868010520935	50.0	50	25.5
expanded_data	discourse_particle	108	only_3568	only	h	P_prime	own_context_log_prob_advantage_per_token	50	1	50.0	0.1253674911521644	0.11685793444343	0.1253674911521644	0.11685793444343	0.92	0.92	0.9389684258580212	0.9389684258580212	0.1258493710625919	0.1258493710625919	1.0	1.0	0.0740784739339074	0.0740784739339074	50.0	50	25.5
expanded_data	discourse_particle	109	only_3570	only	h	P	own_context_log_prob_advantage_per_token	50	1	50.0	0.05623522706583579	0.05489499258148005	0.05623522706583579	0.05489499258148005	0.94	0.94	0.9393394171084666	0.9393394171084666	0.05558054662028701	0.05558054662028701	1.0	1.0	0.0280865473406655	0.0280865473406655	50.0	50	26.12
expanded_data	discourse_particle	109	only_3570	only	h	P_prime	own_context_log_prob_advantage_per_token	50	1	50.0	0.04031175037388949	0.0314455425430988	0.04031175037388949	0.0314455425430988	0.74	0.74	0.7310738981474076	0.7310738981474076	0.03987854390919503	0.03987854390919503	1.0	1.0	0.111296942893495	0.111296942893495	50.0	50	26.08
expanded_data	discourse_particle	110	only_3674	only	h	P	own_context_log_prob_advantage_per_token	50	1	50.0	0.0813917681978916	0.06874540385331085	0.0813917681978916	0.06874540385331085	0.96	0.96	0.9610515452344911	0.9610515452344911	0.08184132026617766	0.08184132026617766	1.0	1.0	0.1496326265663935	0.1496326265663935	50.0	50	25.96
expanded_data	discourse_particle	110	only_3674	only	h	P_prime	own_context_log_prob_advantage_per_token	50	1	50.0	0.0880863900516044	0.07928183162823695	0.0880863900516044	0.07928183162823695	0.86	0.86	0.8496764113712033	0.8496764113712033	0.08235696195409704	0.08235696195409704	1.0	1.0	0.2547847383162556	0.2547847383162556	50.0	50	25.5
expanded_data	discourse_particle	111	only_3779	only	h	P	own_context_log_prob_advantage_per_token	50	1	50.0	0.0625905520775683	0.0616620019500554	0.0625905520775683	0.0616620019500554	0.94	0.94	0.9307309206725419	0.9307309206725419	0.0592497276649421	0.0592497276649421	1.0	1.0	0.112803766601964	0.112803766601964	50.0	50	25.5
expanded_data	discourse_particle	111	only_3779	only	h	P_prime	own_context_log_prob_advantage_per_token	50	1	50.0	0.0496912817899945	0.05930746483429735	0.0496912817899945	0.05930746483429735	0.88	0.88	0.8912868063620499	0.8912868063620499	0.050850180347096784	0.050850180347096784	1.0	1.0	0.0847881817426838	0.0847881817426838	50.0	50	26.08
expanded_data	discourse_particle	112	only_3792	only	h	P	own_context_log_prob_advantage_per_token	50	1	50.0	0.017079475985224822	0.01391275273462005	0.017079475985224822	0.01391275273462005	0.78	0.78	0.7812445628289515	0.7812445628289515	0.01719522268787389	0.01719522268787389	1.0	1.0	0.029058531920115	0.029058531920115	50.0	50	25.5
expanded_data	discourse_particle	112	only_3792	only	h	P_prime	own_context_log_prob_advantage_per_token	50	1	50.0	0.010877521373500437	0.00806925527736855	0.010877521373500437	0.00806925527736855	0.64	0.64	0.6454935627638783	0.6454935627638783	0.0111461443238183	0.0111461443238183	1.0	1.0	0.0082992962428501	0.0082992962428501	50.0	50	25.5
expanded_data	discourse_particle	113	only_3843	only	h	P	own_context_log_prob_advantage_per_token	50	1	50.0	0.0043625052112456235	0.00918230130558925	0.0043625052112456235	0.00918230130558925	0.6	0.6	0.6005719201322794	0.6005719201322794	0.004200317317350422	0.004200317317350422	1.0	1.0	0.0249314105735635	0.0249314105735635	50.0	50	25.56
expanded_data	discourse_particle	113	only_3843	only	h	P_prime	own_context_log_prob_advantage_per_token	50	1	50.0	0.008347443239511946	0.0074991526729182	0.008347443239511946	0.0074991526729182	0.68	0.68	0.686674285897421	0.686674285897421	0.008307514340887077	0.008307514340887077	0.0	0.0	-0.0069986698674222	-0.0069986698674222	50.0	50	25.5
expanded_data	discourse_particle	114	only_3867	only	h	P	own_context_log_prob_advantage_per_token	50	1	50.0	0.13616086429864718	0.1368479372847453	0.13616086429864718	0.1368479372847453	1.0	1.0	1.0	1.0	0.13403064317146998	0.13403064317146998	1.0	1.0	0.0801396807845757	0.0801396807845757	50.0	50	25.5
expanded_data	discourse_particle	114	only_3867	only	h	P_prime	own_context_log_prob_advantage_per_token	50	1	50.0	0.17596206538878184	0.15762428196508488	0.17596206538878184	0.15762428196508488	1.0	1.0	1.0	1.0	0.17225834552136035	0.17225834552136035	1.0	1.0	0.3538923099123198	0.3538923099123198	50.0	50	25.5
expanded_data	discourse_particle	115	only_3896	only	h	P	own_context_log_prob_advantage_per_token	50	1	50.0	0.03821157339328673	0.02662298205780645	0.03821157339328673	0.02662298205780645	0.8	0.8	0.7961097666883952	0.7961097666883952	0.03604611224975966	0.03604611224975966	0.0	0.0	-0.02147434998865	-0.02147434998865	50.0	50	25.5
expanded_data	discourse_particle	115	only_3896	only	h	P_prime	own_context_log_prob_advantage_per_token	50	1	50.0	0.04005419693835479	0.0337355201894586	0.04005419693835479	0.0337355201894586	0.92	0.92	0.925730208511361	0.925730208511361	0.04021334067963191	0.04021334067963191	1.0	1.0	0.0599225087043565	0.0599225087043565	50.0	50	25.5
expanded_data	discourse_particle	116	only_3930	only	h	P	own_context_log_prob_advantage_per_token	50	1	50.0	0.013977274877798943	0.0119963469222569	0.013977274877798943	0.0119963469222569	0.72	0.72	0.7186943367657298	0.7186943367657298	0.013896701242118899	0.013896701242118899	1.0	1.0	0.0115427060560746	0.0115427060560746	50.0	50	25.5
expanded_data	discourse_particle	116	only_3930	only	h	P_prime	own_context_log_prob_advantage_per_token	50	1	50.0	0.01804871187086325	0.01441638459330015	0.01804871187086325	0.01441638459330015	0.84	0.84	0.8538621088882026	0.8538621088882026	0.018008959095463097	0.018008959095463097	1.0	1.0	0.0274462620417277	0.0274462620417277	50.0	50	25.5
expanded_data	discourse_particle	117	only_3999	only	h	P	own_context_log_prob_advantage_per_token	50	1	50.0	0.1893989370308015	0.19225993011710157	0.1893989370308015	0.19225993011710157	0.92	0.92	0.9099823274027422	0.9099823274027422	0.1801702988308835	0.1801702988308835	1.0	1.0	0.1232273117188484	0.1232273117188484	50.0	50	25.5
expanded_data	discourse_particle	117	only_3999	only	h	P_prime	own_context_log_prob_advantage_per_token	50	1	50.0	0.08903066551886177	0.08516574744135134	0.08903066551886177	0.08516574744135134	0.98	0.98	0.9802542870330936	0.9802542870330936	0.08855716688272917	0.08855716688272917	1.0	1.0	0.0999175413795139	0.0999175413795139	50.0	50	25.66
expanded_data	discourse_particle	118	only_4003	only	h	P	own_context_log_prob_advantage_per_token	50	1	50.0	0.013994438197086621	0.01164275918688085	0.013994438197086621	0.01164275918688085	0.72	0.72	0.7312686140433264	0.7312686140433264	0.014259889668439463	0.014259889668439463	1.0	1.0	0.0267327743418076	0.0267327743418076	50.0	50	25.5
expanded_data	discourse_particle	118	only_4003	only	h	P_prime	own_context_log_prob_advantage_per_token	50	1	50.0	0.01650359155522031	0.0157877804761264	0.01650359155522031	0.0157877804761264	0.78	0.78	0.7794833933259832	0.7794833933259832	0.016616906553658828	0.016616906553658828	1.0	1.0	0.0156263958324085	0.0156263958324085	50.0	50	25.5
expanded_data	discourse_particle	119	only_4172	only	h	P	own_context_log_prob_advantage_per_token	50	1	50.0	0.024159768546937625	0.028156479158592297	0.024159768546937625	0.028156479158592297	0.78	0.78	0.7814799342044885	0.7814799342044885	0.02407883579317945	0.02407883579317945	1.0	1.0	0.0614268647299872	0.0614268647299872	50.0	50	25.5
expanded_data	discourse_particle	119	only_4172	only	h	P_prime	own_context_log_prob_advantage_per_token	50	1	50.0	0.018695011646714162	0.015476761866990551	0.018695011646714162	0.015476761866990551	0.82	0.82	0.8160142156038818	0.8160142156038818	0.01836311161848609	0.01836311161848609	1.0	1.0	0.0111452157680804	0.0111452157680804	50.0	50	25.5
expanded_data	meaning_control	120	not_5	not	h	P	own_context_log_prob_advantage_per_token	50	1	50.0	0.19248905492675872	0.1748337137675821	0.19248905492675872	0.1748337137675821	1.0	1.0	1.0	1.0	0.20312896239508943	0.20312896239508943	1.0	1.0	0.0780069415385904	0.0780069415385904	50.0	50	25.5
expanded_data	meaning_control	120	not_5	not	h	P_prime	own_context_log_prob_advantage_per_token	50	1	50.0	0.2123286342424231	0.20097465229808195	0.2123286342424231	0.20097465229808195	0.98	0.98	0.9843563160552885	0.9843563160552885	0.2167380925651656	0.2167380925651656	1.0	1.0	0.2641677137923566	0.2641677137923566	50.0	50	25.5
expanded_data	meaning_control	121	not_7	not	h	P	own_context_log_prob_advantage_per_token	50	1	50.0	0.1073162619493972	0.09601368266714815	0.1073162619493972	0.09601368266714815	0.9	0.9	0.90031483352586	0.90031483352586	0.10580100452157515	0.10580100452157515	1.0	1.0	0.1902447044849395	0.1902447044849395	50.0	50	25.5
expanded_data	meaning_control	121	not_7	not	h	P_prime	own_context_log_prob_advantage_per_token	50	1	50.0	0.17032872668283405	0.12630424542086455	0.17032872668283405	0.12630424542086455	0.94	0.94	0.9544110641902886	0.9544110641902886	0.15734708358429025	0.15734708358429025	1.0	1.0	0.0934725821018219	0.0934725821018219	50.0	50	25.5
expanded_data	meaning_control	122	not_15	not	h	P	own_context_log_prob_advantage_per_token	50	1	50.0	0.4058882184960669	0.40399885892170917	0.4058882184960669	0.40399885892170917	1.0	1.0	1.0	1.0	0.410041744498473	0.410041744498473	1.0	1.0	0.5064348578453063	0.5064348578453063	50.0	50	26.72
expanded_data	meaning_control	122	not_15	not	h	P_prime	own_context_log_prob_advantage_per_token	50	1	50.0	0.6967874050990901	0.7101872460408645	0.6967874050990901	0.7101872460408645	1.0	1.0	1.0	1.0	0.691811123744407	0.691811123744407	1.0	1.0	0.7886181182639543	0.7886181182639543	50.0	50	25.5
expanded_data	meaning_control	123	not_71	not	h	P	own_context_log_prob_advantage_per_token	50	1	50.0	0.17116859322822314	0.14693768389941686	0.17116859322822314	0.14693768389941686	1.0	1.0	1.0	1.0	0.16955731858667675	0.16955731858667675	1.0	1.0	0.2142694668336349	0.2142694668336349	50.0	50	25.5
expanded_data	meaning_control	123	not_71	not	h	P_prime	own_context_log_prob_advantage_per_token	50	1	50.0	0.17417996789552587	0.1700262910223262	0.17417996789552587	0.1700262910223262	0.94	0.94	0.9291711571555532	0.9291711571555532	0.17315196400541313	0.17315196400541313	1.0	1.0	0.263569271990231	0.263569271990231	50.0	50	25.5
expanded_data	meaning_control	124	not_81	not	h	P	own_context_log_prob_advantage_per_token	50	1	50.0	0.5175369901876121	0.544667251202567	0.5175369901876121	0.544667251202567	1.0	1.0	1.0	1.0	0.5204644742927189	0.5204644742927189	1.0	1.0	0.574944445490837	0.574944445490837	50.0	50	44.32
expanded_data	meaning_control	124	not_81	not	h	P_prime	own_context_log_prob_advantage_per_token	50	1	50.0	0.9103446596441997	0.8996390240724718	0.9103446596441997	0.8996390240724718	1.0	1.0	1.0	1.0	0.9061779802855556	0.9061779802855556	1.0	1.0	0.9220013925007412	0.9220013925007412	50.0	50	25.86
expanded_data	meaning_control	125	not_226	not	h	P	own_context_log_prob_advantage_per_token	50	1	50.0	0.1453776213303097	0.13616906464701944	0.1453776213303097	0.13616906464701944	0.98	0.98	0.9824848287541396	0.9824848287541396	0.14456815601369893	0.14456815601369893	1.0	1.0	0.1561376674851373	0.1561376674851373	50.0	50	25.5
expanded_data	meaning_control	125	not_226	not	h	P_prime	own_context_log_prob_advantage_per_token	50	1	50.0	0.21913631517440205	0.21699640245560992	0.21913631517440205	0.21699640245560992	1.0	1.0	1.0	1.0	0.22100175783804898	0.22100175783804898	1.0	1.0	0.2597063514921399	0.2597063514921399	50.0	50	25.5
expanded_data	meaning_control	126	not_244	not	h	P	own_context_log_prob_advantage_per_token	50	1	50.0	0.4575497539617009	0.48780803860452315	0.4575497539617009	0.48780803860452315	1.0	1.0	1.0	1.0	0.4594479982866525	0.4594479982866525	1.0	1.0	0.4960981347344139	0.4960981347344139	50.0	50	25.5
expanded_data	meaning_control	126	not_244	not	h	P_prime	own_context_log_prob_advantage_per_token	50	1	50.0	0.5711054668769261	0.5717661459024364	0.5711054668769261	0.5717661459024364	1.0	1.0	1.0	1.0	0.5749682605402373	0.5749682605402373	1.0	1.0	0.3550774186265235	0.3550774186265235	50.0	50	25.5
expanded_data	meaning_control	127	not_272	not	h	P	own_context_log_prob_advantage_per_token	50	1	50.0	0.11819551696270424	0.10676601651596695	0.11819551696270424	0.10676601651596695	0.96	0.96	0.9670115925394203	0.9670115925394203	0.11770146279186681	0.11770146279186681	0.0	0.0	-0.0383636279539629	-0.0383636279539629	50.0	50	25.5
expanded_data	meaning_control	127	not_272	not	h	P_prime	own_context_log_prob_advantage_per_token	50	1	50.0	0.16279102455940972	0.1358247730758163	0.16279102455940972	0.1358247730758163	1.0	1.0	1.0	1.0	0.1594238713983423	0.1594238713983423	1.0	1.0	0.1653895378112793	0.1653895378112793	50.0	50	25.5
expanded_data	meaning_control	128	not_302	not	h	P	own_context_log_prob_advantage_per_token	50	1	50.0	0.05859884288527226	0.0642534324101039	0.05859884288527226	0.0642534324101039	0.82	0.82	0.8309872599862017	0.8309872599862017	0.0593257438062077	0.0593257438062077	1.0	1.0	0.1618917689603917	0.1618917689603917	50.0	50	25.5
expanded_data	meaning_control	128	not_302	not	h	P_prime	own_context_log_prob_advantage_per_token	50	1	50.0	0.03121134130304946	0.02491979481330625	0.03121134130304946	0.02491979481330625	0.64	0.64	0.6317119352198827	0.6317119352198827	0.0275414945462097	0.0275414945462097	0.0	0.0	-0.1517090573906898	-0.1517090573906898	50.0	50	25.5
expanded_data	meaning_control	129	not_309	not	h	P	own_context_log_prob_advantage_per_token	50	1	50.0	0.1715318317003961	0.16637613205395962	0.1715318317003961	0.16637613205395962	1.0	1.0	1.0	1.0	0.16891925811364225	0.16891925811364225	1.0	1.0	0.1250624078692811	0.1250624078692811	50.0	50	25.5
expanded_data	meaning_control	129	not_309	not	h	P_prime	own_context_log_prob_advantage_per_token	50	1	50.0	0.39710925883404175	0.3858882336784709	0.39710925883404175	0.3858882336784709	0.98	0.98	0.9792403230685413	0.9792403230685413	0.40309828653659535	0.40309828653659535	1.0	1.0	0.3840882969754082	0.3840882969754082	50.0	50	25.5
expanded_data	meaning_control	130	not_319	not	h	P	own_context_log_prob_advantage_per_token	50	1	50.0	0.8329883922218868	0.832654112026471	0.8329883922218868	0.832654112026471	1.0	1.0	1.0	1.0	0.8325378727567709	0.8325378727567709	1.0	1.0	1.1125928785489954	1.1125928785489954	50.0	50	25.5
expanded_data	meaning_control	130	not_319	not	h	P_prime	own_context_log_prob_advantage_per_token	50	1	50.0	0.6432911556389064	0.6286722602229691	0.6432911556389064	0.6286722602229691	1.0	1.0	1.0	1.0	0.6453342916703453	0.6453342916703453	1.0	1.0	0.850916016101837	0.850916016101837	50.0	50	25.5
expanded_data	meaning_control	131	not_367	not	h	P	own_context_log_prob_advantage_per_token	50	1	50.0	0.12005437917058406	0.11866330548723811	0.12005437917058406	0.11866330548723811	0.94	0.94	0.9497766429963185	0.9497766429963185	0.12359186076650637	0.12359186076650637	1.0	1.0	0.052698666049588	0.052698666049588	50.0	50	25.78
expanded_data	meaning_control	131	not_367	not	h	P_prime	own_context_log_prob_advantage_per_token	50	1	50.0	0.16258411588051438	0.14549993901025676	0.16258411588051438	0.14549993901025676	0.92	0.92	0.9138235598015464	0.9138235598015464	0.15711295910635004	0.15711295910635004	1.0	1.0	0.0588752134986545	0.0588752134986545	50.0	50	25.5
expanded_data	meaning_control	132	not_379	not	h	P	own_context_log_prob_advantage_per_token	50	1	50.0	0.4123155345040282	0.4172795650750061	0.4123155345040282	0.4172795650750061	1.0	1.0	1.0	1.0	0.4105322026187424	0.4105322026187424	1.0	1.0	0.3138456073674288	0.3138456073674288	50.0	50	25.5
expanded_data	meaning_control	132	not_379	not	h	P_prime	own_context_log_prob_advantage_per_token	50	1	50.0	0.5166918582785298	0.5050082941251257	0.5166918582785298	0.5050082941251257	1.0	1.0	1.0	1.0	0.5114904184782181	0.5114904184782181	1.0	1.0	0.7488869703733004	0.7488869703733004	50.0	50	25.5
expanded_data	meaning_control	133	not_383	not	h	P	own_context_log_prob_advantage_per_token	50	1	50.0	0.13648657912921958	0.12629846427639854	0.13648657912921958	0.12629846427639854	0.9	0.9	0.9025101758259192	0.9025101758259192	0.13519035358464734	0.13519035358464734	1.0	1.0	0.2162746496689624	0.2162746496689624	50.0	50	25.5
expanded_data	meaning_control	133	not_383	not	h	P_prime	own_context_log_prob_advantage_per_token	50	1	50.0	0.1556350085269119	0.14807858566443122	0.1556350085269119	0.14807858566443122	0.92	0.92	0.91542986764158	0.91542986764158	0.1567949707410811	0.1567949707410811	1.0	1.0	0.2351598963141441	0.2351598963141441	50.0	50	25.5
expanded_data	meaning_control	134	not_460	not	h	P	own_context_log_prob_advantage_per_token	50	1	50.0	0.33300952014475327	0.32461807403494325	0.33300952014475327	0.32461807403494325	1.0	1.0	1.0	1.0	0.32767503675697707	0.32767503675697707	1.0	1.0	0.4032783614737647	0.4032783614737647	50.0	50	25.5
expanded_data	meaning_control	134	not_460	not	h	P_prime	own_context_log_prob_advantage_per_token	50	1	50.0	0.6201897407198498	0.6033062388716102	0.6201897407198498	0.6033062388716102	1.0	1.0	1.0	1.0	0.6179678255097261	0.6179678255097261	1.0	1.0	0.8069783040455409	0.8069783040455409	50.0	50	25.5
expanded_data	meaning_control	135	not_686	not	h	P	own_context_log_prob_advantage_per_token	50	1	50.0	0.24448968449640118	0.23287741074581508	0.24448968449640118	0.23287741074581508	0.98	0.98	0.9705150120350304	0.9705150120350304	0.23532150486873565	0.23532150486873565	1.0	1.0	0.2115435742620212	0.2115435742620212	50.0	50	25.5
expanded_data	meaning_control	135	not_686	not	h	P_prime	own_context_log_prob_advantage_per_token	50	1	50.0	0.19055139839208457	0.16539715502796504	0.19055139839208457	0.16539715502796504	1.0	1.0	1.0	1.0	0.18465469211636143	0.18465469211636143	1.0	1.0	0.1887303231513664	0.1887303231513664	50.0	50	25.5
expanded_data	meaning_control	136	not_698	not	h	P	own_context_log_prob_advantage_per_token	50	1	50.0	0.2423871253229413	0.1818354296234419	0.2423871253229413	0.1818354296234419	0.98	0.98	0.9762443734063875	0.9762443734063875	0.2345520024897018	0.2345520024897018	1.0	1.0	0.107421521870595	0.107421521870595	50.0	50	25.5
expanded_data	meaning_control	136	not_698	not	h	P_prime	own_context_log_prob_advantage_per_token	50	1	50.0	0.41917728863328113	0.44279065528334105	0.41917728863328113	0.44279065528334105	1.0	1.0	1.0	1.0	0.42270077832736463	0.42270077832736463	1.0	1.0	0.2730344208804043	0.2730344208804043	50.0	50	25.5
expanded_data	meaning_control	137	not_702	not	h	P	own_context_log_prob_advantage_per_token	50	1	50.0	0.016467376207588494	0.01769633296468895	0.016467376207588494	0.01769633296468895	0.76	0.76	0.7587203055853595	0.7587203055853595	0.01557030160880998	0.01557030160880998	1.0	1.0	0.0251288997366072	0.0251288997366072	50.0	50	25.5
expanded_data	meaning_control	137	not_702	not	h	P_prime	own_context_log_prob_advantage_per_token	50	1	50.0	0.006181103911574708	0.00622658936873715	0.006181103911574708	0.00622658936873715	0.64	0.64	0.6711327898627545	0.6711327898627545	0.0070650964147486815	0.0070650964147486815	1.0	1.0	0.0156602206684294	0.0156602206684294	50.0	50	25.6
expanded_data	meaning_control	138	not_729	not	h	P	own_context_log_prob_advantage_per_token	50	1	50.0	0.6327202559503248	0.6268697112174306	0.6327202559503248	0.6268697112174306	1.0	1.0	1.0	1.0	0.6242264175371243	0.6242264175371243	1.0	1.0	0.6909448904533908	0.6909448904533908	50.0	50	26.8
expanded_data	meaning_control	138	not_729	not	h	P_prime	own_context_log_prob_advantage_per_token	50	1	50.0	0.7646582924787491	0.7772000371193399	0.7646582924787491	0.7772000371193399	1.0	1.0	1.0	1.0	0.7593970031292379	0.7593970031292379	1.0	1.0	0.6516642415965045	0.6516642415965045	50.0	50	25.5
expanded_data	meaning_control	139	not_768	not	h	P	own_context_log_prob_advantage_per_token	50	1	50.0	0.3660808895114201	0.3710537092496292	0.3660808895114201	0.3710537092496292	1.0	1.0	1.0	1.0	0.369965639618705	0.369965639618705	1.0	1.0	0.3243890535540696	0.3243890535540696	50.0	50	25.5
expanded_data	meaning_control	139	not_768	not	h	P_prime	own_context_log_prob_advantage_per_token	50	1	50.0	0.45702504268170907	0.4878551377980638	0.45702504268170907	0.4878551377980638	1.0	1.0	1.0	1.0	0.4659465975225329	0.4659465975225329	1.0	1.0	0.368152704503801	0.368152704503801	50.0	50	25.5
expanded_data	meaning_control	140	not_865	not	h	P	own_context_log_prob_advantage_per_token	50	1	50.0	0.22249279610205158	0.19949561861655746	0.22249279610205158	0.19949561861655746	0.96	0.96	0.9536231118465475	0.9536231118465475	0.21340067075169655	0.21340067075169655	0.0	0.0	-0.0011087324884202	-0.0011087324884202	50.0	50	25.5
expanded_data	meaning_control	140	not_865	not	h	P_prime	own_context_log_prob_advantage_per_token	50	1	50.0	0.17400377764398264	0.11970434118379913	0.17400377764398264	0.11970434118379913	1.0	1.0	1.0	1.0	0.17500719638871562	0.17500719638871562	1.0	1.0	0.0830122751574362	0.0830122751574362	50.0	50	25.5
expanded_data	meaning_control	141	not_949	not	h	P	own_context_log_prob_advantage_per_token	50	1	50.0	0.6152262709127281	0.620498642905966	0.6152262709127281	0.620498642905966	1.0	1.0	1.0	1.0	0.604403653631789	0.604403653631789	1.0	1.0	0.4171811237054712	0.4171811237054712	50.0	50	25.5
expanded_data	meaning_control	141	not_949	not	h	P_prime	own_context_log_prob_advantage_per_token	50	1	50.0	0.7420901712066267	0.6988315950179922	0.7420901712066267	0.6988315950179922	1.0	1.0	1.0	1.0	0.7527788616034506	0.7527788616034506	1.0	1.0	0.951331552118063	0.951331552118063	50.0	50	25.5
expanded_data	meaning_control	142	not_969	not	h	P	own_context_log_prob_advantage_per_token	50	1	50.0	0.05133126267345785	0.048951259516833004	0.05133126267345785	0.048951259516833004	0.92	0.92	0.9272249127846048	0.9272249127846048	0.05097331784635712	0.05097331784635712	1.0	1.0	0.0311497157080131	0.0311497157080131	50.0	50	25.5
expanded_data	meaning_control	142	not_969	not	h	P_prime	own_context_log_prob_advantage_per_token	50	1	50.0	0.06070814135013692	0.06488957710690416	0.06070814135013692	0.06488957710690416	0.86	0.86	0.8591781587897214	0.8591781587897214	0.05948743572657051	0.05948743572657051	1.0	1.0	0.1454653808048793	0.1454653808048793	50.0	50	25.5
expanded_data	meaning_control	143	not_1154	not	h	P	own_context_log_prob_advantage_per_token	50	1	50.0	0.014414085163493476	0.0113944138203219	0.014414085163493476	0.0113944138203219	0.66	0.66	0.6950082361684868	0.6950082361684868	0.016712235211668997	0.016712235211668997	1.0	1.0	0.0415110504904459	0.0415110504904459	50.0	50	25.5
expanded_data	meaning_control	143	not_1154	not	h	P_prime	own_context_log_prob_advantage_per_token	50	1	50.0	0.019080440708848945	0.02107317188159135	0.019080440708848945	0.02107317188159135	0.7	0.7	0.7079850241769884	0.7079850241769884	0.018365940315690492	0.018365940315690492	0.0	0.0	-0.0317644902638027	-0.0317644902638027	50.0	50	25.5
expanded_data	meaning_control	144	not_1270	not	h	P	own_context_log_prob_advantage_per_token	50	1	50.0	0.4844859535274289	0.48782071843743324	0.4844859535274289	0.48782071843743324	1.0	1.0	1.0	1.0	0.4802520529080967	0.4802520529080967	1.0	1.0	0.6158634424209595	0.6158634424209595	50.0	50	26.12
expanded_data	meaning_control	144	not_1270	not	h	P_prime	own_context_log_prob_advantage_per_token	50	1	50.0	0.6982076051514025	0.6967714582027409	0.6982076051514025	0.6967714582027409	1.0	1.0	1.0	1.0	0.6962330228389265	0.6962330228389265	1.0	1.0	0.6065919435385501	0.6065919435385501	50.0	50	25.5
expanded_data	meaning_control	145	not_1286	not	h	P	own_context_log_prob_advantage_per_token	50	1	50.0	0.07836642277733018	0.06592534325401325	0.07836642277733018	0.06592534325401325	0.9	0.9	0.9049533161895977	0.9049533161895977	0.07867441728777184	0.07867441728777184	1.0	1.0	0.084031739601722	0.084031739601722	50.0	50	26.48
expanded_data	meaning_control	145	not_1286	not	h	P_prime	own_context_log_prob_advantage_per_token	50	1	50.0	0.09951395865665781	0.08725975381395525	0.09951395865665781	0.08725975381395525	0.84	0.84	0.8334798099782456	0.8334798099782456	0.0971572825356771	0.0971572825356771	1.0	1.0	0.1365521512925624	0.1365521512925624	50.0	50	26.36
expanded_data	meaning_control	146	not_1347	not	h	P	own_context_log_prob_advantage_per_token	50	1	50.0	0.074543572402485	0.06906762755314905	0.074543572402485	0.06906762755314905	1.0	1.0	1.0	1.0	0.07487510458718429	0.07487510458718429	1.0	1.0	0.1225659785599544	0.1225659785599544	50.0	50	25.5
expanded_data	meaning_control	146	not_1347	not	h	P_prime	own_context_log_prob_advantage_per_token	50	1	50.0	0.18334515087099285	0.1430001186037605	0.18334515087099285	0.1430001186037605	0.92	0.92	0.904829311408297	0.904829311408297	0.16249853930495023	0.16249853930495023	1.0	1.0	0.1825534354808718	0.1825534354808718	50.0	50	25.5
expanded_data	meaning_control	147	not_1353	not	h	P	own_context_log_prob_advantage_per_token	50	1	50.0	0.04957410896209673	0.039148851444846755	0.04957410896209673	0.039148851444846755	0.94	0.94	0.9464910622230874	0.9464910622230874	0.04689379123314995	0.04689379123314995	1.0	1.0	0.0939482562243938	0.0939482562243938	50.0	50	25.5
expanded_data	meaning_control	147	not_1353	not	h	P_prime	own_context_log_prob_advantage_per_token	50	1	50.0	0.01804209509319364	0.01185452636591215	0.01804209509319364	0.01185452636591215	0.7	0.7	0.6646925509558813	0.6646925509558813	0.015493911406264577	0.015493911406264577	0.0	0.0	-0.0898321247100828	-0.0898321247100828	50.0	50	25.5
expanded_data	meaning_control	148	not_1385	not	h	P	own_context_log_prob_advantage_per_token	50	1	50.0	0.7420845199246354	0.7186821869441442	0.7420845199246354	0.7186821869441442	1.0	1.0	1.0	1.0	0.7392523429490254	0.7392523429490254	1.0	1.0	0.7559637626012167	0.7559637626012167	50.0	50	25.5
expanded_data	meaning_control	148	not_1385	not	h	P_prime	own_context_log_prob_advantage_per_token	50	1	50.0	0.747141937169649	0.7159598372818956	0.747141937169649	0.7159598372818956	1.0	1.0	1.0	1.0	0.7460768421738248	0.7460768421738248	1.0	1.0	0.5978796104105507	0.5978796104105507	50.0	50	25.5
expanded_data	meaning_control	149	not_1406	not	h	P	own_context_log_prob_advantage_per_token	50	1	50.0	0.25114888424936743	0.2283147145269186	0.25114888424936743	0.2283147145269186	1.0	1.0	1.0	1.0	0.2512778044191074	0.2512778044191074	1.0	1.0	0.2984121700502791	0.2984121700502791	50.0	50	25.5
expanded_data	meaning_control	149	not_1406	not	h	P_prime	own_context_log_prob_advantage_per_token	50	1	50.0	0.26887104155791197	0.2381374321200631	0.26887104155791197	0.2381374321200631	0.96	0.96	0.9653829214997861	0.9653829214997861	0.27523306082260274	0.27523306082260274	1.0	1.0	0.4541871100664139	0.4541871100664139	50.0	50	25.5
expanded_data	meaning_control	150	not_1570	not	h	P	own_context_log_prob_advantage_per_token	50	1	50.0	0.1572488219426963	0.15471808197846915	0.1572488219426963	0.15471808197846915	0.98	0.98	0.9861994733427656	0.9861994733427656	0.15966604895260944	0.15966604895260944	1.0	1.0	0.0359586869200616	0.0359586869200616	50.0	50	25.5
expanded_data	meaning_control	150	not_1570	not	h	P_prime	own_context_log_prob_advantage_per_token	50	1	50.0	0.14762275433178604	0.1439068836794383	0.14762275433178604	0.1439068836794383	1.0	1.0	1.0	1.0	0.14574384266786808	0.14574384266786808	1.0	1.0	0.0570434386913593	0.0570434386913593	50.0	50	25.5
expanded_data	meaning_control	151	not_1602	not	h	P	own_context_log_prob_advantage_per_token	50	1	50.0	0.09639886310791454	0.0922516394883047	0.09639886310791454	0.0922516394883047	0.96	0.96	0.9652404554655822	0.9652404554655822	0.09886462004933777	0.09886462004933777	1.0	1.0	0.0923739653080701	0.0923739653080701	50.0	50	25.5
expanded_data	meaning_control	151	not_1602	not	h	P_prime	own_context_log_prob_advantage_per_token	50	1	50.0	0.136905333539387	0.1294789881868796	0.136905333539387	0.1294789881868796	0.98	0.98	0.9880548902905195	0.9880548902905195	0.13511488526594442	0.13511488526594442	1.0	1.0	0.0973105709603492	0.0973105709603492	50.0	50	25.5
expanded_data	meaning_control	152	not_1608	not	h	P	own_context_log_prob_advantage_per_token	50	1	50.0	0.07949098145372059	0.07285099714884265	0.07949098145372059	0.07285099714884265	0.98	0.98	0.980125931576007	0.980125931576007	0.08005697843605197	0.08005697843605197	1.0	1.0	0.0960443275315421	0.0960443275315421	50.0	50	25.5
expanded_data	meaning_control	152	not_1608	not	h	P_prime	own_context_log_prob_advantage_per_token	50	1	50.0	0.06830475583563556	0.0696351656623856	0.06830475583563556	0.0696351656623856	0.86	0.86	0.8451174204428633	0.8451174204428633	0.06682488023814548	0.06682488023814548	1.0	1.0	0.053754257829222	0.053754257829222	50.0	50	25.5
expanded_data	meaning_control	153	not_1647	not	h	P	own_context_log_prob_advantage_per_token	50	1	50.0	0.2696839806033055	0.25646326047916934	0.2696839806033055	0.25646326047916934	1.0	1.0	1.0	1.0	0.2744195296555651	0.2744195296555651	1.0	1.0	0.2490650828068074	0.2490650828068074	50.0	50	25.5
expanded_data	meaning_control	153	not_1647	not	h	P_prime	own_context_log_prob_advantage_per_token	50	1	50.0	0.35683684838717744	0.34942870800832965	0.35683684838717744	0.34942870800832965	1.0	1.0	1.0	1.0	0.364464758932638	0.364464758932638	1.0	1.0	0.3490222194301549	0.3490222194301549	50.0	50	25.5
expanded_data	meaning_control	154	not_1663	not	h	P	own_context_log_prob_advantage_per_token	50	1	50.0	0.010512698421069439	0.00773146831628045	0.010512698421069439	0.00773146831628045	0.78	0.78	0.7911439949481325	0.7911439949481325	0.010137673991540985	0.010137673991540985	1.0	1.0	0.028469781721792	0.028469781721792	50.0	50	25.5
expanded_data	meaning_control	154	not_1663	not	h	P_prime	own_context_log_prob_advantage_per_token	50	1	50.0	0.014855137200782569	0.0111178699165883	0.014855137200782569	0.0111178699165883	0.7	0.7	0.7272980493499144	0.7272980493499144	0.016039833737934387	0.016039833737934387	0.0	0.0	-0.0156265713951804	-0.0156265713951804	50.0	50	25.5
expanded_data	meaning_control	155	not_1668	not	h	P	own_context_log_prob_advantage_per_token	50	1	50.0	0.18216412669458187	0.18114879191217584	0.18216412669458187	0.18114879191217584	1.0	1.0	1.0	1.0	0.1822782756866264	0.1822782756866264	1.0	1.0	0.1602603393058255	0.1602603393058255	50.0	50	25.5
expanded_data	meaning_control	155	not_1668	not	h	P_prime	own_context_log_prob_advantage_per_token	50	1	50.0	0.16258889306947066	0.1672213037335682	0.16258889306947066	0.1672213037335682	1.0	1.0	1.0	1.0	0.1648735783710606	0.1648735783710606	1.0	1.0	0.2305308726369119	0.2305308726369119	50.0	50	25.5
expanded_data	meaning_control	156	not_1686	not	h	P	own_context_log_prob_advantage_per_token	50	1	50.0	0.42116818025481073	0.40942809222511534	0.42116818025481073	0.40942809222511534	1.0	1.0	1.0	1.0	0.418216775560601	0.418216775560601	1.0	1.0	0.4110376335853752	0.4110376335853752	50.0	50	26.06
expanded_data	meaning_control	156	not_1686	not	h	P_prime	own_context_log_prob_advantage_per_token	50	1	50.0	0.47762377033901543	0.4597552369134339	0.47762377033901543	0.4597552369134339	1.0	1.0	1.0	1.0	0.4720640386843734	0.4720640386843734	1.0	1.0	0.3117041752256195	0.3117041752256195	50.0	50	25.5
expanded_data	meaning_control	157	not_1697	not	h	P	own_context_log_prob_advantage_per_token	50	1	50.0	0.030480449425336998	0.02170301657734485	0.030480449425336998	0.02170301657734485	0.78	0.78	0.7834681644619559	0.7834681644619559	0.031190324851458825	0.031190324851458825	1.0	1.0	0.0157346388568049	0.0157346388568049	50.0	50	25.5
expanded_data	meaning_control	157	not_1697	not	h	P_prime	own_context_log_prob_advantage_per_token	50	1	50.0	0.08624393182298494	0.0805789340091379	0.08624393182298494	0.0805789340091379	0.9	0.9	0.9035325210202534	0.9035325210202534	0.08663733612343154	0.08663733612343154	1.0	1.0	0.0386612934450949	0.0386612934450949	50.0	50	25.5
expanded_data	meaning_control	158	not_1700	not	h	P	own_context_log_prob_advantage_per_token	50	1	50.0	0.07871432999275178	0.06125213013652665	0.07871432999275178	0.06125213013652665	0.9	0.9	0.8866416400476534	0.8866416400476534	0.07652114444952007	0.07652114444952007	1.0	1.0	0.036611545085907	0.036611545085907	50.0	50	26.12
expanded_data	meaning_control	158	not_1700	not	h	P_prime	own_context_log_prob_advantage_per_token	50	1	50.0	0.07214296122756222	0.0647946465298147	0.07214296122756222	0.0647946465298147	0.84	0.84	0.8275555999424735	0.8275555999424735	0.0684329221668054	0.0684329221668054	1.0	1.0	0.0069633044979788	0.0069633044979788	50.0	50	25.5
expanded_data	meaning_control	159	not_1721	not	h	P	own_context_log_prob_advantage_per_token	50	1	50.0	0.036329604183770986	0.0304813480296102	0.036329604183770986	0.0304813480296102	0.8	0.8	0.7939802735929662	0.7939802735929662	0.03530744457379909	0.03530744457379909	1.0	1.0	0.0162750190618087	0.0162750190618087	50.0	50	25.5
expanded_data	meaning_control	159	not_1721	not	h	P_prime	own_context_log_prob_advantage_per_token	50	1	50.0	0.03237645293377434	0.01307533923969705	0.03237645293377434	0.01307533923969705	0.76	0.76	0.7497822582143816	0.7497822582143816	0.02962891430849493	0.02962891430849493	1.0	1.0	0.0120143446811409	0.0120143446811409	50.0	50	25.5
expanded_data	meaning_control	160	not_1754	not	h	P	own_context_log_prob_advantage_per_token	50	1	50.0	0.009561273977387947	0.01096890762059825	0.009561273977387947	0.01096890762059825	0.66	0.66	0.6289455249433162	0.6289455249433162	0.008442877055526123	0.008442877055526123	1.0	1.0	0.0316725442042717	0.0316725442042717	50.0	50	25.5
expanded_data	meaning_control	160	not_1754	not	h	P_prime	own_context_log_prob_advantage_per_token	50	1	50.0	0.011588996723890528	0.00978965138735845	0.011588996723890528	0.00978965138735845	0.72	0.72	0.7397444475582129	0.7397444475582129	0.011843081091922779	0.011843081091922779	0.0	0.0	-0.0125322453677654	-0.0125322453677654	50.0	50	25.5
expanded_data	meaning_control	161	not_1760	not	h	P	own_context_log_prob_advantage_per_token	50	1	50.0	0.19247228304732947	0.18706586634938088	0.19247228304732947	0.18706586634938088	0.96	0.96	0.9643976759188774	0.9643976759188774	0.20198850536664031	0.20198850536664031	1.0	1.0	0.032393314117609	0.032393314117609	50.0	50	25.5
expanded_data	meaning_control	161	not_1760	not	h	P_prime	own_context_log_prob_advantage_per_token	50	1	50.0	0.432507477761489	0.4272158203586456	0.432507477761489	0.4272158203586456	1.0	1.0	1.0	1.0	0.43278335755913183	0.43278335755913183	1.0	1.0	0.4584335186710098	0.4584335186710098	50.0	50	25.5
expanded_data	meaning_control	162	not_1761	not	h	P	own_context_log_prob_advantage_per_token	50	1	50.0	0.46948496897694836	0.4856340329389315	0.46948496897694836	0.4856340329389315	1.0	1.0	1.0	1.0	0.46864818300489386	0.46864818300489386	1.0	1.0	0.3309154453731719	0.3309154453731719	50.0	50	25.5
expanded_data	meaning_control	162	not_1761	not	h	P_prime	own_context_log_prob_advantage_per_token	50	1	50.0	0.48311575941102786	0.47507832023084806	0.48311575941102786	0.47507832023084806	1.0	1.0	1.0	1.0	0.48256869925230855	0.48256869925230855	1.0	1.0	0.4938238515303685	0.4938238515303685	50.0	50	26.1
expanded_data	meaning_control	163	not_1774	not	h	P	own_context_log_prob_advantage_per_token	50	1	50.0	0.20046571973989508	0.2029238440276343	0.20046571973989508	0.2029238440276343	1.0	1.0	1.0	1.0	0.2057191904941058	0.2057191904941058	1.0	1.0	0.1494803875684738	0.1494803875684738	50.0	50	25.5
expanded_data	meaning_control	163	not_1774	not	h	P_prime	own_context_log_prob_advantage_per_token	50	1	50.0	0.6373810153220308	0.6122944479873057	0.6373810153220308	0.6122944479873057	1.0	1.0	1.0	1.0	0.6312556856356898	0.6312556856356898	1.0	1.0	0.615761350612251	0.615761350612251	50.0	50	25.5
expanded_data	meaning_control	164	not_1776	not	h	P	own_context_log_prob_advantage_per_token	50	1	50.0	0.5109217369165933	0.5009361158080281	0.5109217369165933	0.5009361158080281	1.0	1.0	1.0	1.0	0.5102854943254121	0.5102854943254121	1.0	1.0	0.38032850894061	0.38032850894061	50.0	50	25.5
expanded_data	meaning_control	164	not_1776	not	h	P_prime	own_context_log_prob_advantage_per_token	50	1	50.0	0.6083799653107202	0.6029864841151145	0.6083799653107202	0.6029864841151145	1.0	1.0	1.0	1.0	0.6192401808071057	0.6192401808071057	1.0	1.0	0.408937986080463	0.408937986080463	50.0	50	25.5
expanded_data	meaning_control	165	not_1804	not	h	P	own_context_log_prob_advantage_per_token	50	1	50.0	0.48162086889674394	0.470645003266387	0.48162086889674394	0.470645003266387	1.0	1.0	1.0	1.0	0.4867297079411819	0.4867297079411819	1.0	1.0	0.2298153723989213	0.2298153723989213	50.0	50	25.5
expanded_data	meaning_control	165	not_1804	not	h	P_prime	own_context_log_prob_advantage_per_token	50	1	50.0	0.4069639497052876	0.42557315223819614	0.4069639497052876	0.42557315223819614	0.98	0.98	0.9842519986332419	0.9842519986332419	0.4224323208893687	0.4224323208893687	1.0	1.0	0.2099294256080279	0.2099294256080279	50.0	50	25.5
expanded_data	meaning_control	166	not_1819	not	h	P	own_context_log_prob_advantage_per_token	50	1	50.0	0.00968257866937618	0.011833037112070049	0.00968257866937618	0.011833037112070049	0.76	0.76	0.7663124918144221	0.7663124918144221	0.00981445746274951	0.00981445746274951	0.0	0.0	-0.0305678463996724	-0.0305678463996724	50.0	50	25.5
expanded_data	meaning_control	166	not_1819	not	h	P_prime	own_context_log_prob_advantage_per_token	50	1	50.0	0.008949657898817432	0.0110631833404176	0.008949657898817432	0.0110631833404176	0.66	0.66	0.6573913446486868	0.6573913446486868	0.008899092564200935	0.008899092564200935	1.0	1.0	7.754717117702814e-05	7.754717117702814e-05	50.0	50	25.5
expanded_data	meaning_control	167	not_2047	not	h	P	own_context_log_prob_advantage_per_token	50	1	50.0	0.24099911262852192	0.21763685661203713	0.24099911262852192	0.21763685661203713	1.0	1.0	1.0	1.0	0.22658081039438546	0.22658081039438546	1.0	1.0	0.0972023543558622	0.0972023543558622	50.0	50	25.5
expanded_data	meaning_control	167	not_2047	not	h	P_prime	own_context_log_prob_advantage_per_token	50	1	50.0	0.31747001891014953	0.31485682252853636	0.31747001891014953	0.31485682252853636	0.98	0.98	0.978964800881849	0.978964800881849	0.2969165797233703	0.2969165797233703	1.0	1.0	0.0969412528862386	0.0969412528862386	50.0	50	25.5
expanded_data	meaning_control	168	not_2138	not	h	P	own_context_log_prob_advantage_per_token	50	1	50.0	0.010314293370910334	0.00865663370609	0.010314293370910334	0.00865663370609	0.74	0.74	0.757722294971065	0.757722294971065	0.01060108635458515	0.01060108635458515	0.0	0.0	-0.0094989538192749	-0.0094989538192749	50.0	50	25.5
expanded_data	meaning_control	168	not_2138	not	h	P_prime	own_context_log_prob_advantage_per_token	50	1	50.0	0.0064903586150232	0.0049017481215588	0.0064903586150232	0.0049017481215588	0.68	0.68	0.6535341923811704	0.6535341923811704	0.004976268355405459	0.004976268355405459	1.0	1.0	0.0173229721725963	0.0173229721725963	50.0	50	25.5
expanded_data	meaning_control	169	not_2142	not	h	P	own_context_log_prob_advantage_per_token	50	1	50.0	0.04431247973156176	0.023838340875311552	0.04431247973156176	0.023838340875311552	0.72	0.72	0.734489841761506	0.734489841761506	0.04643828388676854	0.04643828388676854	1.0	1.0	0.0992790209619621	0.0992790209619621	50.0	50	25.5
expanded_data	meaning_control	169	not_2142	not	h	P_prime	own_context_log_prob_advantage_per_token	50	1	50.0	0.06813874447627401	0.05292147773672165	0.06813874447627401	0.05292147773672165	0.92	0.92	0.9320552929946688	0.9320552929946688	0.06445727420578488	0.06445727420578488	1.0	1.0	0.0320659173678045	0.0320659173678045	50.0	50	25.5
expanded_data	meaning_control	170	not_2148	not	h	P	own_context_log_prob_advantage_per_token	50	1	50.0	1.1661839003008554	1.1846303468341182	1.1661839003008554	1.1846303468341182	1.0	1.0	1.0	1.0	1.1572349530757744	1.1572349530757744	1.0	1.0	1.4071937308591955	1.4071937308591955	50.0	50	25.5
expanded_data	meaning_control	170	not_2148	not	h	P_prime	own_context_log_prob_advantage_per_token	50	1	50.0	0.7767489345322169	0.752291555779572	0.7767489345322169	0.752291555779572	1.0	1.0	1.0	1.0	0.7721453872958799	0.7721453872958799	1.0	1.0	0.4002615090074209	0.4002615090074209	50.0	50	25.5
expanded_data	meaning_control	171	not_2160	not	h	P	own_context_log_prob_advantage_per_token	50	1	50.0	0.11224086985393482	0.1260842698604818	0.11224086985393482	0.1260842698604818	0.98	0.98	0.9850625306283844	0.9850625306283844	0.11331609183888482	0.11331609183888482	1.0	1.0	0.1024481803178787	0.1024481803178787	50.0	50	25.5
expanded_data	meaning_control	171	not_2160	not	h	P_prime	own_context_log_prob_advantage_per_token	50	1	50.0	0.18961145062071602	0.1567912526326637	0.18961145062071602	0.1567912526326637	1.0	1.0	1.0	1.0	0.18220899316354067	0.18220899316354067	1.0	1.0	0.1941852683890355	0.1941852683890355	50.0	50	25.5
expanded_data	meaning_control	172	not_2168	not	h	P	own_context_log_prob_advantage_per_token	50	1	50.0	0.015231017655381913	0.0051578266296516	0.015231017655381913	0.0051578266296516	0.56	0.56	0.530388325657216	0.530388325657216	0.01287361699352449	0.01287361699352449	1.0	1.0	0.071866363286972	0.071866363286972	50.0	50	25.5
expanded_data	meaning_control	172	not_2168	not	h	P_prime	own_context_log_prob_advantage_per_token	50	1	50.0	0.020911749994749332	0.0187185825891608	0.020911749994749332	0.0187185825891608	0.84	0.84	0.8438283135356988	0.8438283135356988	0.02046266887819605	0.02046266887819605	1.0	1.0	0.0329087840186224	0.0329087840186224	50.0	50	25.5
expanded_data	meaning_control	173	not_2378	not	h	P	own_context_log_prob_advantage_per_token	50	1	50.0	0.002268582692489267	0.00182480022794785	0.002268582692489267	0.00182480022794785	0.62	0.62	0.6265626013451622	0.6265626013451622	0.0022723585199693045	0.0022723585199693045	1.0	1.0	0.0006301843956725	0.0006301843956725	50.0	50	25.5
expanded_data	meaning_control	173	not_2378	not	h	P_prime	own_context_log_prob_advantage_per_token	50	1	50.0	0.004116664349918168	0.0023343456097138	0.004116664349918168	0.0023343456097138	0.6	0.6	0.6054047025234056	0.6054047025234056	0.004405915461585448	0.004405915461585448	1.0	1.0	0.0097170699210393	0.0097170699210393	50.0	50	25.5
expanded_data	meaning_control	174	not_2405	not	h	P	own_context_log_prob_advantage_per_token	50	1	50.0	0.22605791098452552	0.22174503136269416	0.22605791098452552	0.22174503136269416	0.98	0.98	0.9812395706004843	0.9812395706004843	0.22143657653337484	0.22143657653337484	0.0	0.0	-0.0397909832000731	-0.0397909832000731	50.0	50	25.5
expanded_data	meaning_control	174	not_2405	not	h	P_prime	own_context_log_prob_advantage_per_token	50	1	50.0	0.23099950365400052	0.20040629875332305	0.23099950365400052	0.20040629875332305	1.0	1.0	1.0	1.0	0.22767987483172628	0.22767987483172628	1.0	1.0	0.1821539712988813	0.1821539712988813	50.0	50	25.5
expanded_data	meaning_control	175	not_2456	not	h	P	own_context_log_prob_advantage_per_token	50	1	50.0	0.045137042343128014	0.043981390312542154	0.045137042343128014	0.043981390312542154	0.92	0.92	0.9197198280221257	0.9197198280221257	0.04313328128288575	0.04313328128288575	1.0	1.0	0.0768582480294364	0.0768582480294364	50.0	50	25.5
expanded_data	meaning_control	175	not_2456	not	h	P_prime	own_context_log_prob_advantage_per_token	50	1	50.0	0.0677238060630516	0.052112571238384295	0.0677238060630516	0.052112571238384295	0.9	0.9	0.9015221546179266	0.9015221546179266	0.06689750104022248	0.06689750104022248	1.0	1.0	0.0569824617202967	0.0569824617202967	50.0	50	25.5
expanded_data	meaning_control	176	not_2467	not	h	P	own_context_log_prob_advantage_per_token	50	1	50.0	0.3319663149033867	0.32208732421102093	0.3319663149033867	0.32208732421102093	1.0	1.0	1.0	1.0	0.32893096666597643	0.32893096666597643	1.0	1.0	0.2977829641766017	0.2977829641766017	50.0	50	25.5
expanded_data	meaning_control	176	not_2467	not	h	P_prime	own_context_log_prob_advantage_per_token	50	1	50.0	0.6085672571964613	0.5477488360739795	0.6085672571964613	0.5477488360739795	1.0	1.0	1.0	1.0	0.6000486361904745	0.6000486361904745	1.0	1.0	0.4870457916843649	0.4870457916843649	50.0	50	25.5
expanded_data	meaning_control	177	not_2497	not	h	P	own_context_log_prob_advantage_per_token	50	1	50.0	0.5646471369197524	0.5485710921959999	0.5646471369197524	0.5485710921959999	1.0	1.0	1.0	1.0	0.5596691186956981	0.5596691186956981	1.0	1.0	0.5583669200856636	0.5583669200856636	50.0	50	25.52
expanded_data	meaning_control	177	not_2497	not	h	P_prime	own_context_log_prob_advantage_per_token	50	1	50.0	0.9542224761131058	0.9826122932304623	0.9542224761131058	0.9826122932304623	1.0	1.0	1.0	1.0	0.9396129715472826	0.9396129715472826	1.0	1.0	0.9978334283828736	0.9978334283828736	50.0	50	25.82
expanded_data	meaning_control	178	not_2551	not	h	P	own_context_log_prob_advantage_per_token	50	1	50.0	0.26191907790810914	0.2449731310433472	0.26191907790810914	0.2449731310433472	1.0	1.0	1.0	1.0	0.2622943066848162	0.2622943066848162	1.0	1.0	0.2549061392034802	0.2549061392034802	50.0	50	25.5
expanded_data	meaning_control	178	not_2551	not	h	P_prime	own_context_log_prob_advantage_per_token	50	1	50.0	0.5370030883029795	0.5377175238270027	0.5370030883029795	0.5377175238270027	1.0	1.0	1.0	1.0	0.5381889944321152	0.5381889944321152	1.0	1.0	0.1807364122620944	0.1807364122620944	50.0	50	25.5
expanded_data	meaning_control	179	not_2698	not	h	P	own_context_log_prob_advantage_per_token	50	1	50.0	0.09881278813942453	0.09182810710642181	0.09881278813942453	0.09182810710642181	1.0	1.0	1.0	1.0	0.09769360532895424	0.09769360532895424	1.0	1.0	0.1389326140994118	0.1389326140994118	50.0	50	25.5
expanded_data	meaning_control	179	not_2698	not	h	P_prime	own_context_log_prob_advantage_per_token	50	1	50.0	0.1389025443649988	0.1283532469295987	0.1389025443649988	0.1283532469295987	0.84	0.84	0.8444264079973409	0.8444264079973409	0.13855991771101653	0.13855991771101653	1.0	1.0	0.0972267503607764	0.0972267503607764	50.0	50	25.5
