pool_row_index	pool_rank	source_dataset	dataset_role	source_row_index	id	word	subset	context	w_word	wo_word	followup_metadata_only	with_without_diff	generated_from	generated_from_text	sampling_strategy	prompt_mode	top_p	temperature	base_seed	condition_seed	samples_requested	unique_samples_obtained	max_sample_draws	sample_draw	unique_rank	response	normalized_response	raw_generation	log_prob_given_P	log_prob_given_P_prime	log_prob_given_P_per_token	log_prob_given_P_prime_per_token	token_count_given_P	token_count_given_P_prime	own_log_prob	other_log_prob	own_log_prob_per_token	other_log_prob_per_token	own_context_log_prob_advantage	own_context_log_prob_advantage_per_token	own_context_win	include_context	followup	particle	selection_score_per_token	selection_score_raw	fold_id	prompt_with	prompt_without	next_speaker
0	1	expanded_data	discourse_particle	25	just_j_12662	just	h	Is everything all right?__eou__Not at all.__eou__What's the problem?	Someone just robbed me.	Someone robbed me.	What do you mean?		P	Someone just robbed me.	nucleus	base	0.9	1.0	20260416	310199087	50	50	200	30	27	911	911	911\nWe are the Emergency Ambulance Service (EAS) and the person on the phone is a volunteer. He is going to help us assess the seriousness of the situation. We ask:\nHow old is the patient? What is their gender? What is the primary complaint? Any other important medical history? What are	-0.82861328125	-4.09765625	-0.82861328125	-4.09765625	1	1	-0.82861328125	-4.09765625	-0.82861328125	-4.09765625	3.26904296875	3.26904296875	True	True	What do you mean?	just	3.26904296875	3.26904296875	0	"Speaker 1: Is everything all right?
Speaker 2: Not at all.
Speaker 1: What's the problem?
Speaker 2: Someone just robbed me.
Speaker 1: "	"Speaker 1: Is everything all right?
Speaker 2: Not at all.
Speaker 1: What's the problem?
Speaker 2: Someone robbed me.
Speaker 1: "	Speaker 1
1	2	expanded_data	discourse_particle	25	just_j_12662	just	h	Is everything all right?__eou__Not at all.__eou__What's the problem?	Someone just robbed me.	Someone robbed me.	What do you mean?		P	Someone just robbed me.	nucleus	base	0.9	1.0	20260416	310199087	50	50	200	29	26	112.	112.	112.\nSpeaker 2: The man had a knife.\nSpeaker 2: I'm bleeding, and I'm dizzy.\nSpeaker 1: What is your name?\nSpeaker 2: Sally Marshall.\nSpeaker 1: Miss Sally Marshall? Are you all right?\nSpeaker 1: Sally, stay on the phone	-5.515625	-9.015625	-2.7578125	-4.5078125	2	2	-5.515625	-9.015625	-2.7578125	-4.5078125	3.5	1.75	True	True	What do you mean?	just	1.75	3.5	0	"Speaker 1: Is everything all right?
Speaker 2: Not at all.
Speaker 1: What's the problem?
Speaker 2: Someone just robbed me.
Speaker 1: "	"Speaker 1: Is everything all right?
Speaker 2: Not at all.
Speaker 1: What's the problem?
Speaker 2: Someone robbed me.
Speaker 1: "	Speaker 1
2	3	expanded_data	discourse_particle	25	just_j_12662	just	h	Is everything all right?__eou__Not at all.__eou__What's the problem?	Someone just robbed me.	Someone robbed me.	What do you mean?		P	Someone just robbed me.	nucleus	base	0.9	1.0	20260416	310199087	50	50	200	13	12	911.	911.	911.\nSpeaker 1: 911.\nSpeaker 2: Robbery.\nSpeaker 1: Let's start from the beginning.\nSpeaker 2: It was about 10 o'clock at night.\nSpeaker 1: What was your position when you saw the robbers?\nSpeaker 2: I was walking home	-2.41845703125	-5.6005859375	-1.209228515625	-2.80029296875	2	2	-2.41845703125	-5.6005859375	-1.209228515625	-2.80029296875	3.18212890625	1.591064453125	True	True	What do you mean?	just	1.591064453125	3.18212890625	0	"Speaker 1: Is everything all right?
Speaker 2: Not at all.
Speaker 1: What's the problem?
Speaker 2: Someone just robbed me.
Speaker 1: "	"Speaker 1: Is everything all right?
Speaker 2: Not at all.
Speaker 1: What's the problem?
Speaker 2: Someone robbed me.
Speaker 1: "	Speaker 1
3	4	expanded_data	discourse_particle	25	just_j_12662	just	h	Is everything all right?__eou__Not at all.__eou__What's the problem?	Someone just robbed me.	Someone robbed me.	What do you mean?		P	Someone just robbed me.	nucleus	base	0.9	1.0	20260416	310199087	50	50	200	20	18	9 11 emergency.	9 11 emergency.	9 11 emergency.\nSpeaker 2: Hello.\nSpeaker 1: Is everything all right?\nSpeaker 2: Not at all.\nSpeaker 1: What's the problem?\nSpeaker 2: Someone just robbed me.\nSpeaker 1: 9 11 emergency.\nSpeaker 2: Hello.\nSpeaker 	-13.7421875	-20.0712890625	-2.7484375	-4.0142578125	5	5	-13.7421875	-20.0712890625	-2.7484375	-4.0142578125	6.3291015625	1.2658203125000005	True	True	What do you mean?	just	1.2658203125000005	6.3291015625	0	"Speaker 1: Is everything all right?
Speaker 2: Not at all.
Speaker 1: What's the problem?
Speaker 2: Someone just robbed me.
Speaker 1: "	"Speaker 1: Is everything all right?
Speaker 2: Not at all.
Speaker 1: What's the problem?
Speaker 2: Someone robbed me.
Speaker 1: "	Speaker 1
4	5	expanded_data	discourse_particle	25	just_j_12662	just	h	Is everything all right?__eou__Not at all.__eou__What's the problem?	Someone just robbed me.	Someone robbed me.	What do you mean?		P	Someone just robbed me.	nucleus	base	0.9	1.0	20260416	310199087	50	50	200	60	50	911 operator.	911 operator.	911 operator.\nSpeaker 2: They stole my laptop.\nSpeaker 1: Where did this happen?\nSpeaker 2: I was walking home from the university.\nSpeaker 1: What did they look like?\nSpeaker 2: The suspect is a man. He's about six feet tall. He's wearing dark	-5.25927734375	-8.609375	-1.7530924479166667	-2.8697916666666665	3	3	-5.25927734375	-8.609375	-1.7530924479166667	-2.8697916666666665	3.35009765625	1.1166992187499998	True	True	What do you mean?	just	1.1166992187499998	3.35009765625	0	"Speaker 1: Is everything all right?
Speaker 2: Not at all.
Speaker 1: What's the problem?
Speaker 2: Someone just robbed me.
Speaker 1: "	"Speaker 1: Is everything all right?
Speaker 2: Not at all.
Speaker 1: What's the problem?
Speaker 2: Someone robbed me.
Speaker 1: "	Speaker 1
5	6	expanded_data	discourse_particle	25	just_j_12662	just	h	Is everything all right?__eou__Not at all.__eou__What's the problem?	Someone just robbed me.	Someone robbed me.	What do you mean?		P	Someone just robbed me.	nucleus	base	0.9	1.0	20260416	310199087	50	50	200	51	43	911 is calling.	911 is calling.	911 is calling.\nIt can be summed up in three words: not enough data.\nOur data teams are constantly going on the hunt to acquire more data about the criminal justice system. When I say the criminal justice system, I mean the entire system, from the court system to the prisons. Where we see data holes is	-6.51611328125	-9.9775390625	-1.6290283203125	-2.494384765625	4	4	-6.51611328125	-9.9775390625	-1.6290283203125	-2.494384765625	3.46142578125	0.8653564453125	True	True	What do you mean?	just	0.8653564453125	3.46142578125	0	"Speaker 1: Is everything all right?
Speaker 2: Not at all.
Speaker 1: What's the problem?
Speaker 2: Someone just robbed me.
Speaker 1: "	"Speaker 1: Is everything all right?
Speaker 2: Not at all.
Speaker 1: What's the problem?
Speaker 2: Someone robbed me.
Speaker 1: "	Speaker 1
6	7	expanded_data	discourse_particle	57	just_j_11362	just	h	Would you mind if I ask your health status?	I just had a complete physical examination and passed with flying colors.	I had a complete physical examination and passed with flying colors.	That is good. We hope each of our future employees will be healthy and happy.		P	I just had a complete physical examination and passed with flying colors.	nucleus	base	0.9	1.0	20260416	1728911766	50	50	200	48	48	。。。I just had a complete physical examination and passed with flying colors。。	。。。i just had a complete physical examination and passed with flying colors。。	。。。I just had a complete physical examination and passed with flying colors。。\nQuestion:：Do you mind if I ask your health status?\nAnswer：1、I have health status 2、I'm absolutely fine 3、I'm very well thank you 4、I'm as well as I could be	-18.589614868164062	-29.212432861328125	-1.239307657877604	-1.9474955240885417	15	15	-18.589614868164062	-29.212432861328125	-1.239307657877604	-1.9474955240885417	10.622817993164062	0.7081878662109375	True	True	That is good. We hope each of our future employees will be healthy and happy.	just	0.7081878662109375	10.622817993164062	0	"Speaker 1: Would you mind if I ask your health status?
Speaker 2: I just had a complete physical examination and passed with flying colors.
Speaker 1: "	"Speaker 1: Would you mind if I ask your health status?
Speaker 2: I had a complete physical examination and passed with flying colors.
Speaker 1: "	Speaker 1
7	8	expanded_data	discourse_particle	48	just_e_976	just	o	Is there anything I can do for you?__eou__I'm looking for a black, leather bag.__eou__How's this?	I'm just looking.	I'm looking.	If you need any help, let me know.		P	I'm just looking.	nucleus	base	0.9	1.0	20260416	711530636	50	50	200	19	19	0h, OK.	0h, ok.	0h, OK.\n[Scene: Hill Street Precinct]\nOfficer: So what's going on?\nFrank: We need to check every single car in this garage.\nOfficer: So what is it? Someone's stolen the queen's jewels? Well, so that's a little bit of an exaggeration.\n	-12.52490234375	-15.330810546875	-2.50498046875	-3.066162109375	5	5	-12.52490234375	-15.330810546875	-2.50498046875	-3.066162109375	2.805908203125	0.5611816406250001	True	True	If you need any help, let me know.	just	0.5611816406250001	2.805908203125	1	"Speaker 1: Is there anything I can do for you?
Speaker 2: I'm looking for a black, leather bag.
Speaker 1: How's this?
Speaker 2: I'm just looking.
Speaker 1: "	"Speaker 1: Is there anything I can do for you?
Speaker 2: I'm looking for a black, leather bag.
Speaker 1: How's this?
Speaker 2: I'm looking.
Speaker 1: "	Speaker 1
8	9	expanded_data	discourse_particle	43	just_e_2762	just	o	Hi, can I help you?	No, thanks. I'm just looking.	No, thanks. I'm looking.	All right. If you need any help, just let me know. My name is Greg.		P	No, thanks. I'm just looking.	nucleus	base	0.9	1.0	20260416	892431323	50	50	200	15	15	24-inch monitor. Full HD.	24-inch monitor. full hd.	24-inch monitor. Full HD.\nSpeaker 2: Does it have a USB port?\nSpeaker 1: No. But you can buy one separately.\nSpeaker 2: Oh, and how much is it?\nSpeaker 1: £74.99.\nSpeaker 2: I think I'll just wait and see	-17.2236328125	-21.0001220703125	-2.4605189732142856	-3.000017438616072	7	7	-17.2236328125	-21.0001220703125	-2.4605189732142856	-3.000017438616072	3.7764892578125	0.539498465401786	True	True	All right. If you need any help, just let me know. My name is Greg.	just	0.539498465401786	3.7764892578125	0	"Speaker 1: Hi, can I help you?
Speaker 2: No, thanks. I'm just looking.
Speaker 1: "	"Speaker 1: Hi, can I help you?
Speaker 2: No, thanks. I'm looking.
Speaker 1: "	Speaker 1
9	10	expanded_data	discourse_particle	25	just_j_12662	just	h	Is everything all right?__eou__Not at all.__eou__What's the problem?	Someone just robbed me.	Someone robbed me.	What do you mean?		P	Someone just robbed me.	nucleus	base	0.9	1.0	20260416	310199087	50	50	200	38	34	9-1-1 what's your emergency?	9-1-1 what's your emergency?	9-1-1 what's your emergency?\nIf you are under the age of 18, you may call this number to report an emergency.	-8.375308990478516	-13.630134582519531	-0.8375308990478516	-1.363013458251953	10	10	-8.375308990478516	-13.630134582519531	-0.8375308990478516	-1.363013458251953	5.254825592041016	0.5254825592041015	True	True	What do you mean?	just	0.5254825592041015	5.254825592041016	0	"Speaker 1: Is everything all right?
Speaker 2: Not at all.
Speaker 1: What's the problem?
Speaker 2: Someone just robbed me.
Speaker 1: "	"Speaker 1: Is everything all right?
Speaker 2: Not at all.
Speaker 1: What's the problem?
Speaker 2: Someone robbed me.
Speaker 1: "	Speaker 1
10	11	expanded_data	discourse_particle	38	just_e_1043	just	o	May I help you?	No, thank you. I'm just looking. Maybe later I might need your help.	No, thank you. I'm looking. Maybe later I might need your help.	I hope you will! Take your time. We have a lot more upstairs.		P	No, thank you. I'm just looking. Maybe later I might need your help.	nucleus	base	0.9	1.0	20260416	182747895	50	50	200	45	45	100% human hair.	100% human hair.	100% human hair.\nSpeaker 2: I was going to say human hair. What does 100% mean?\nSpeaker 1: Well, the wig is made from natural human hair, and therefore 100% human hair.\nSpeaker 2: Yeah, but what else could it be made from?\nSpeaker 	-13.1142578125	-15.6083984375	-2.6228515625	-3.1216796875	5	5	-13.1142578125	-15.6083984375	-2.6228515625	-3.1216796875	2.494140625	0.4988281249999997	True	True	I hope you will! Take your time. We have a lot more upstairs.	just	0.4988281249999997	2.494140625	1	"Speaker 1: May I help you?
Speaker 2: No, thank you. I'm just looking. Maybe later I might need your help.
Speaker 1: "	"Speaker 1: May I help you?
Speaker 2: No, thank you. I'm looking. Maybe later I might need your help.
Speaker 1: "	Speaker 1
11	12	expanded_data	discourse_particle	25	just_j_12662	just	h	Is everything all right?__eou__Not at all.__eou__What's the problem?	Someone just robbed me.	Someone robbed me.	What do you mean?		P	Someone just robbed me.	nucleus	base	0.9	1.0	20260416	310199087	50	50	200	10	9	911, what's your emergency?	911, what's your emergency?	911, what's your emergency?\nSpeaker 2: Someone just robbed me.\nSpeaker 1: Please, describe what happened.\nSpeaker 2: I'm at the corner of Fifth and Main.\nSpeaker 1: Can you tell me what happened?\nSpeaker 2: I was just robbed.\nSpeaker 1:	-5.13214111328125	-8.5416259765625	-0.7331630161830357	-1.2202322823660714	7	7	-5.13214111328125	-8.5416259765625	-0.7331630161830357	-1.2202322823660714	3.40948486328125	0.4870692661830357	True	True	What do you mean?	just	0.4870692661830357	3.40948486328125	0	"Speaker 1: Is everything all right?
Speaker 2: Not at all.
Speaker 1: What's the problem?
Speaker 2: Someone just robbed me.
Speaker 1: "	"Speaker 1: Is everything all right?
Speaker 2: Not at all.
Speaker 1: What's the problem?
Speaker 2: Someone robbed me.
Speaker 1: "	Speaker 1
12	13	expanded_data	discourse_particle	25	just_j_12662	just	h	Is everything all right?__eou__Not at all.__eou__What's the problem?	Someone just robbed me.	Someone robbed me.	What do you mean?		P	Someone just robbed me.	nucleus	base	0.9	1.0	20260416	310199087	50	50	200	4	4	911, what is your emergency?	911, what is your emergency?	911, what is your emergency?\nSpeaker 2: Someone robbed me, I'm in front of The Warehouse, in the United States of Colombia.\nSpeaker 1: Can you describe him, the robber?\nSpeaker 2: It was an unknown young person.\nSpeaker 1: What did the robber take?\nSpeaker	-6.0682373046875	-9.4776611328125	-0.8668910435267857	-1.3539515904017858	7	7	-6.0682373046875	-9.4776611328125	-0.8668910435267857	-1.3539515904017858	3.409423828125	0.4870605468750001	True	True	What do you mean?	just	0.4870605468750001	3.409423828125	0	"Speaker 1: Is everything all right?
Speaker 2: Not at all.
Speaker 1: What's the problem?
Speaker 2: Someone just robbed me.
Speaker 1: "	"Speaker 1: Is everything all right?
Speaker 2: Not at all.
Speaker 1: What's the problem?
Speaker 2: Someone robbed me.
Speaker 1: "	Speaker 1
13	14	expanded_data	discourse_particle	25	just_j_12662	just	h	Is everything all right?__eou__Not at all.__eou__What's the problem?	Someone just robbed me.	Someone robbed me.	What do you mean?		P	Someone just robbed me.	nucleus	base	0.9	1.0	20260416	310199087	50	50	200	3	3	911. What's your emergency?	911. what's your emergency?	911. What's your emergency?\nSpeaker 2: I've been attacked.\nSpeaker 1: Who has attacked you?\nSpeaker 2: Someone just broke into my house.\nSpeaker 1: And you're not injured?\nSpeaker 2: Yes, I am.\nSpeaker 1: Is there blood?\nSpeaker	-6.291748046875	-9.63360595703125	-0.8988211495535714	-1.3762294224330358	7	7	-6.291748046875	-9.63360595703125	-0.8988211495535714	-1.3762294224330358	3.34185791015625	0.4774082728794644	True	True	What do you mean?	just	0.4774082728794644	3.34185791015625	0	"Speaker 1: Is everything all right?
Speaker 2: Not at all.
Speaker 1: What's the problem?
Speaker 2: Someone just robbed me.
Speaker 1: "	"Speaker 1: Is everything all right?
Speaker 2: Not at all.
Speaker 1: What's the problem?
Speaker 2: Someone robbed me.
Speaker 1: "	Speaker 1
14	15	expanded_data	discourse_particle	25	just_j_12662	just	h	Is everything all right?__eou__Not at all.__eou__What's the problem?	Someone just robbed me.	Someone robbed me.	What do you mean?		P	Someone just robbed me.	nucleus	base	0.9	1.0	20260416	310199087	50	50	200	32	29	9-1-1, what's your emergency?	9-1-1, what's your emergency?	9-1-1, what's your emergency?\nSpeaker 2: I just got robbed.\nSpeaker 1: What's going on?\nSpeaker 2: My wallet was stolen. I don't know the address of my apartment. Can I give the address of the ATM that I was using when the robbery occurred	-6.807682037353516	-12.012733459472656	-0.6188801852139559	-1.092066678133878	11	11	-6.807682037353516	-12.012733459472656	-0.6188801852139559	-1.092066678133878	5.205051422119141	0.473186492919922	True	True	What do you mean?	just	0.473186492919922	5.205051422119141	0	"Speaker 1: Is everything all right?
Speaker 2: Not at all.
Speaker 1: What's the problem?
Speaker 2: Someone just robbed me.
Speaker 1: "	"Speaker 1: Is everything all right?
Speaker 2: Not at all.
Speaker 1: What's the problem?
Speaker 2: Someone robbed me.
Speaker 1: "	Speaker 1
15	16	expanded_data	discourse_particle	25	just_j_12662	just	h	Is everything all right?__eou__Not at all.__eou__What's the problem?	Someone just robbed me.	Someone robbed me.	What do you mean?		P	Someone just robbed me.	nucleus	base	0.9	1.0	20260416	310199087	50	50	200	16	14	911. Where is the robbery?	911. where is the robbery?	911. Where is the robbery?\nSpeaker 2: In the jewelry store. Help!\nSpeaker 1: The police is on the way. Can you describe the robber?\nSpeaker 2: He was wearing a mask and a hat. He was thin.\nSpeaker 1: What did he do with the jewelry?\n	-11.99267578125	-15.23779296875	-1.7132393973214286	-2.1768275669642856	7	7	-11.99267578125	-15.23779296875	-1.7132393973214286	-2.1768275669642856	3.2451171875	0.463588169642857	True	True	What do you mean?	just	0.463588169642857	3.2451171875	0	"Speaker 1: Is everything all right?
Speaker 2: Not at all.
Speaker 1: What's the problem?
Speaker 2: Someone just robbed me.
Speaker 1: "	"Speaker 1: Is everything all right?
Speaker 2: Not at all.
Speaker 1: What's the problem?
Speaker 2: Someone robbed me.
Speaker 1: "	Speaker 1
16	17	expanded_data	discourse_particle	25	just_j_12662	just	h	Is everything all right?__eou__Not at all.__eou__What's the problem?	Someone just robbed me.	Someone robbed me.	What do you mean?		P	Someone just robbed me.	nucleus	base	0.9	1.0	20260416	310199087	50	50	200	7	6	9-1-1. What is your emergency?	9-1-1. what is your emergency?	9-1-1. What is your emergency?\nSpeaker 2: Someone stole my phone.\nSpeaker 1: It wasn't that long ago you lost your keys and your wallet.\nSpeaker 2: I know, but my phone is also my wallet and my keys. Please call the police.\nSpeaker 1	-8.688297271728516	-13.698982238769531	-0.7898452065207742	-1.245362021706321	11	11	-8.688297271728516	-13.698982238769531	-0.7898452065207742	-1.245362021706321	5.010684967041016	0.4555168151855469	True	True	What do you mean?	just	0.4555168151855469	5.010684967041016	0	"Speaker 1: Is everything all right?
Speaker 2: Not at all.
Speaker 1: What's the problem?
Speaker 2: Someone just robbed me.
Speaker 1: "	"Speaker 1: Is everything all right?
Speaker 2: Not at all.
Speaker 1: What's the problem?
Speaker 2: Someone robbed me.
Speaker 1: "	Speaker 1
17	18	expanded_data	discourse_particle	43	just_e_2762	just	o	Hi, can I help you?	No, thanks. I'm just looking.	No, thanks. I'm looking.	All right. If you need any help, just let me know. My name is Greg.		P	No, thanks. I'm just looking.	nucleus	base	0.9	1.0	20260416	892431323	50	50	200	8	8	100% Portuguese wool.	100% portuguese wool.	100% Portuguese wool.\nSpeaker 2: Can I help you?\nSpeaker 1: Do you have your photo taken by a friend?\nSpeaker 2: What's going on?\nSpeaker 1: I'm sorry, do you have your photo taken by a friend?\nSpeaker 2: Well, I would rather	-16.818115234375	-19.0927734375	-3.363623046875	-3.8185546875	5	5	-16.818115234375	-19.0927734375	-3.363623046875	-3.8185546875	2.274658203125	0.4549316406249999	True	True	All right. If you need any help, just let me know. My name is Greg.	just	0.4549316406249999	2.274658203125	0	"Speaker 1: Hi, can I help you?
Speaker 2: No, thanks. I'm just looking.
Speaker 1: "	"Speaker 1: Hi, can I help you?
Speaker 2: No, thanks. I'm looking.
Speaker 1: "	Speaker 1
18	19	expanded_data	discourse_particle	25	just_j_12662	just	h	Is everything all right?__eou__Not at all.__eou__What's the problem?	Someone just robbed me.	Someone robbed me.	What do you mean?		P	Someone just robbed me.	nucleus	base	0.9	1.0	20260416	310199087	50	50	200	31	28	911, do you need medical assistance?	911, do you need medical assistance?	911, do you need medical assistance?\nSpeaker 2: Yes.\nSpeaker 1: Is there a suspect on the scene?\nSpeaker 2: No.\nSpeaker 1: Do you know who the suspect is?\nSpeaker 2: Yes.\nSpeaker 1: Who?\nSpeaker 2: A black man with	-12.909912109375	-16.45086669921875	-1.613739013671875	-2.056358337402344	8	8	-12.909912109375	-16.45086669921875	-1.613739013671875	-2.056358337402344	3.54095458984375	0.4426193237304687	True	True	What do you mean?	just	0.4426193237304687	3.54095458984375	0	"Speaker 1: Is everything all right?
Speaker 2: Not at all.
Speaker 1: What's the problem?
Speaker 2: Someone just robbed me.
Speaker 1: "	"Speaker 1: Is everything all right?
Speaker 2: Not at all.
Speaker 1: What's the problem?
Speaker 2: Someone robbed me.
Speaker 1: "	Speaker 1
19	20	expanded_data	discourse_particle	25	just_j_12662	just	h	Is everything all right?__eou__Not at all.__eou__What's the problem?	Someone just robbed me.	Someone robbed me.	What do you mean?		P	Someone just robbed me.	nucleus	base	0.9	1.0	20260416	310199087	50	50	200	17	15	911 emergency dispatch, what is your emergency?	911 emergency dispatch, what is your emergency?	911 emergency dispatch, what is your emergency?\nSpeaker 2: Someone just robbed me, I think.\nSpeaker 1: It's 911 emergency dispatch. What's your emergency?\nSpeaker 2: I was just robbed.\nSpeaker 1: Is there anything you need us to do?\nSpeaker 2: What	-14.4464111328125	-18.348876953125	-1.6051567925347223	-2.0387641059027777	9	9	-14.4464111328125	-18.348876953125	-1.6051567925347223	-2.0387641059027777	3.9024658203125	0.4336073133680553	True	True	What do you mean?	just	0.4336073133680553	3.9024658203125	0	"Speaker 1: Is everything all right?
Speaker 2: Not at all.
Speaker 1: What's the problem?
Speaker 2: Someone just robbed me.
Speaker 1: "	"Speaker 1: Is everything all right?
Speaker 2: Not at all.
Speaker 1: What's the problem?
Speaker 2: Someone robbed me.
Speaker 1: "	Speaker 1
20	21	expanded_data	discourse_particle	25	just_j_12662	just	h	Is everything all right?__eou__Not at all.__eou__What's the problem?	Someone just robbed me.	Someone robbed me.	What do you mean?		P	Someone just robbed me.	nucleus	base	0.9	1.0	20260416	310199087	50	50	200	14	13	111, emergency services.	111, emergency services.	"111, emergency services.\nSpeaker 1: The phone number you have called is out of service.\nWe use the words ""off"" and ""on"" with a lot of things. We use them with light switches and with things that go on the radio or the TV, or we say that trains are on time or"	-11.677734375	-13.7861328125	-2.335546875	-2.7572265625	5	5	-11.677734375	-13.7861328125	-2.335546875	-2.7572265625	2.1083984375	0.4216796875000002	True	True	What do you mean?	just	0.4216796875000002	2.1083984375	0	"Speaker 1: Is everything all right?
Speaker 2: Not at all.
Speaker 1: What's the problem?
Speaker 2: Someone just robbed me.
Speaker 1: "	"Speaker 1: Is everything all right?
Speaker 2: Not at all.
Speaker 1: What's the problem?
Speaker 2: Someone robbed me.
Speaker 1: "	Speaker 1
21	22	expanded_data	discourse_particle	25	just_j_12662	just	h	Is everything all right?__eou__Not at all.__eou__What's the problem?	Someone just robbed me.	Someone robbed me.	What do you mean?		P	Someone just robbed me.	nucleus	base	0.9	1.0	20260416	310199087	50	50	200	37	33	911 emergency. What is your emergency?	911 emergency. what is your emergency?	911 emergency. What is your emergency?\nSpeaker 2: My wallet's been stolen.\nSpeaker 1: I'm on my way.\nSpeaker 2: That's very kind of you.\nSpeaker 1: Where are you?\nSpeaker 2: I'm at the bus stop on the High Street.\nSpeaker 	-10.3460693359375	-13.710693359375	-1.2932586669921875	-1.713836669921875	8	8	-10.3460693359375	-13.710693359375	-1.2932586669921875	-1.713836669921875	3.3646240234375	0.4205780029296875	True	True	What do you mean?	just	0.4205780029296875	3.3646240234375	0	"Speaker 1: Is everything all right?
Speaker 2: Not at all.
Speaker 1: What's the problem?
Speaker 2: Someone just robbed me.
Speaker 1: "	"Speaker 1: Is everything all right?
Speaker 2: Not at all.
Speaker 1: What's the problem?
Speaker 2: Someone robbed me.
Speaker 1: "	Speaker 1
22	23	expanded_data	discourse_particle	25	just_j_12662	just	h	Is everything all right?__eou__Not at all.__eou__What's the problem?	Someone just robbed me.	Someone robbed me.	What do you mean?		P	Someone just robbed me.	nucleus	base	0.9	1.0	20260416	310199087	50	50	200	39	35	911. I got a robbery.	911. i got a robbery.	911. I got a robbery.\nSpeaker 1: Caller?\nSpeaker 1: Go ahead.\nSpeaker 2: I'm in a situation.\nSpeaker 1: All right, what's happening?\nSpeaker 2: There's a woman in front of my apartment building.\nSpeaker 1: What does she look	-15.640625	-18.54345703125	-2.234375	-2.649065290178572	7	7	-15.640625	-18.54345703125	-2.234375	-2.649065290178572	2.90283203125	0.4146902901785716	True	True	What do you mean?	just	0.4146902901785716	2.90283203125	0	"Speaker 1: Is everything all right?
Speaker 2: Not at all.
Speaker 1: What's the problem?
Speaker 2: Someone just robbed me.
Speaker 1: "	"Speaker 1: Is everything all right?
Speaker 2: Not at all.
Speaker 1: What's the problem?
Speaker 2: Someone robbed me.
Speaker 1: "	Speaker 1
23	24	expanded_data	discourse_particle	25	just_j_12662	just	h	Is everything all right?__eou__Not at all.__eou__What's the problem?	Someone just robbed me.	Someone robbed me.	What do you mean?		P	Someone just robbed me.	nucleus	base	0.9	1.0	20260416	310199087	50	50	200	24	21	911. Please, please.	911. please, please.	911. Please, please.\nSpeaker 2: Thank you. I just got robbed on the corner of Seventh Avenue.\nSpeaker 1: And that's where you are now?\nSpeaker 2: Yes.\nSpeaker 1: And what exactly happened?\nSpeaker 2: I just took out some money to pay the	-16.57666015625	-19.0576171875	-2.762776692708333	-3.17626953125	6	6	-16.57666015625	-19.0576171875	-2.762776692708333	-3.17626953125	2.48095703125	0.4134928385416665	True	True	What do you mean?	just	0.4134928385416665	2.48095703125	0	"Speaker 1: Is everything all right?
Speaker 2: Not at all.
Speaker 1: What's the problem?
Speaker 2: Someone just robbed me.
Speaker 1: "	"Speaker 1: Is everything all right?
Speaker 2: Not at all.
Speaker 1: What's the problem?
Speaker 2: Someone robbed me.
Speaker 1: "	Speaker 1
24	25	expanded_data	discourse_particle	25	just_j_12662	just	h	Is everything all right?__eou__Not at all.__eou__What's the problem?	Someone just robbed me.	Someone robbed me.	What do you mean?		P	Someone just robbed me.	nucleus	base	0.9	1.0	20260416	310199087	50	50	200	12	11	911, what's the emergency?	911, what's the emergency?	911, what's the emergency?\nSpeaker 2: I've been attacked by a mugger. He was carrying a gun. Help me! Call the police!\nSpeaker 1: Call them yourself. You've got a mobile phone. Press three to speak to the police.\nSpeaker 1: Yes. Who am	-9.177734375	-11.983154296875	-1.3111049107142858	-1.7118791852678572	7	7	-9.177734375	-11.983154296875	-1.3111049107142858	-1.7118791852678572	2.805419921875	0.4007742745535714	True	True	What do you mean?	just	0.4007742745535714	2.805419921875	0	"Speaker 1: Is everything all right?
Speaker 2: Not at all.
Speaker 1: What's the problem?
Speaker 2: Someone just robbed me.
Speaker 1: "	"Speaker 1: Is everything all right?
Speaker 2: Not at all.
Speaker 1: What's the problem?
Speaker 2: Someone robbed me.
Speaker 1: "	Speaker 1
25	26	expanded_data	discourse_particle	35	just_j_8362	just	h	let's go swimming.	But, we just finished eating lunch.	But, we finished eating lunch.	I know, but I'm really hot.		P	But, we just finished eating lunch.	nucleus	base	0.9	1.0	20260416	1023332715	50	50	200	42	42	14 degrees outside.	14 degrees outside.	14 degrees outside.\nSpeaker 2: Yeah. But last night it was - 2 degrees.\nSpeaker 1: Yes. So? Let's go swimming. I have a tank and it's full of water.	-14.0654296875	-15.59765625	-3.516357421875	-3.8994140625	4	4	-14.0654296875	-15.59765625	-3.516357421875	-3.8994140625	1.5322265625	0.383056640625	True	True	I know, but I'm really hot.	just	0.383056640625	1.5322265625	1	"Speaker 1: let's go swimming.
Speaker 2: But, we just finished eating lunch.
Speaker 1: "	"Speaker 1: let's go swimming.
Speaker 2: But, we finished eating lunch.
Speaker 1: "	Speaker 1
26	27	expanded_data	discourse_particle	25	just_j_12662	just	h	Is everything all right?__eou__Not at all.__eou__What's the problem?	Someone just robbed me.	Someone robbed me.	What do you mean?		P	Someone just robbed me.	nucleus	base	0.9	1.0	20260416	310199087	50	50	200	1	1	9-1-1, what is the nature of your emergency?	9-1-1, what is the nature of your emergency?	9-1-1, what is the nature of your emergency?\nSpeaker 2: Someone stole my purse.\nSpeaker 1: Are you hurt?\nSpeaker 2: No, but my ID and credit cards are in there.\nSpeaker 1: How did this happen?\nSpeaker 2: I went into a	-10.092769622802734	-15.335006713867188	-0.720912115914481	-1.0953576224190849	14	14	-10.092769622802734	-15.335006713867188	-0.720912115914481	-1.0953576224190849	5.242237091064453	0.3744455065046038	True	True	What do you mean?	just	0.3744455065046038	5.242237091064453	0	"Speaker 1: Is everything all right?
Speaker 2: Not at all.
Speaker 1: What's the problem?
Speaker 2: Someone just robbed me.
Speaker 1: "	"Speaker 1: Is everything all right?
Speaker 2: Not at all.
Speaker 1: What's the problem?
Speaker 2: Someone robbed me.
Speaker 1: "	Speaker 1
27	28	expanded_data	discourse_particle	25	just_j_12662	just	h	Is everything all right?__eou__Not at all.__eou__What's the problem?	Someone just robbed me.	Someone robbed me.	What do you mean?		P	Someone just robbed me.	nucleus	base	0.9	1.0	20260416	310199087	50	50	200	28	25	911. What is the problem?	911. what is the problem?	911. What is the problem?\nSpeaker 2: Someone robbed me.\nSpeaker 1: How long ago?\nSpeaker 2: Just now.\nSpeaker 1: Where did it happen?\nSpeaker 2: At the ATM machine on the corner of First and Tenth.\nSpeaker 1: What is your name	-11.1923828125	-13.7841796875	-1.5989118303571428	-1.9691685267857144	7	7	-11.1923828125	-13.7841796875	-1.5989118303571428	-1.9691685267857144	2.591796875	0.3702566964285714	True	True	What do you mean?	just	0.3702566964285714	2.591796875	0	"Speaker 1: Is everything all right?
Speaker 2: Not at all.
Speaker 1: What's the problem?
Speaker 2: Someone just robbed me.
Speaker 1: "	"Speaker 1: Is everything all right?
Speaker 2: Not at all.
Speaker 1: What's the problem?
Speaker 2: Someone robbed me.
Speaker 1: "	Speaker 1
28	29	expanded_data	discourse_particle	36	just_j_8556	just	h	I think I'm going to go home.	Why? We just got here.	Why? We got here.	I know, but it's 12		P	Why? We just got here.	nucleus	base	0.9	1.0	20260416	1188910665	50	50	200	21	21	26° just isn't cold enough.	26° just isn't cold enough.	26° just isn't cold enough.\nSpeaker 3: Actually, it is.\nSpeaker 4: What? No, it's not. We need more snow.\nSpeaker 1: What do we need snow for? It's already cold.\nSpeaker 2: Do you think Elsa from Frozen can make it snow	-24.349517822265625	-27.173629760742188	-3.043689727783203	-3.396703720092773	8	8	-24.349517822265625	-27.173629760742188	-3.043689727783203	-3.396703720092773	2.8241119384765625	0.3530139923095703	True	True	I know, but it's 12	just	0.3530139923095703	2.8241119384765625	1	"Speaker 1: I think I'm going to go home.
Speaker 2: Why? We just got here.
Speaker 1: "	"Speaker 1: I think I'm going to go home.
Speaker 2: Why? We got here.
Speaker 1: "	Speaker 1
29	30	expanded_data	discourse_particle	25	just_j_12662	just	h	Is everything all right?__eou__Not at all.__eou__What's the problem?	Someone just robbed me.	Someone robbed me.	What do you mean?		P	Someone just robbed me.	nucleus	base	0.9	1.0	20260416	310199087	50	50	200	54	46	911 is calling. What's the problem?	911 is calling. what's the problem?	911 is calling. What's the problem?\nSpeaker 2: I've just been robbed.\nSpeaker 1: I've just been robbed.\nSpeaker 2: What's the problem? Someone's just robbed me.\nSpeaker 1: What is the problem?\nSpeaker 2: Someone's just robbed me.\nSpeaker	-13.457763671875	-16.6298828125	-1.4953070746527777	-1.8477647569444444	9	9	-13.457763671875	-16.6298828125	-1.4953070746527777	-1.8477647569444444	3.172119140625	0.3524576822916667	True	True	What do you mean?	just	0.3524576822916667	3.172119140625	0	"Speaker 1: Is everything all right?
Speaker 2: Not at all.
Speaker 1: What's the problem?
Speaker 2: Someone just robbed me.
Speaker 1: "	"Speaker 1: Is everything all right?
Speaker 2: Not at all.
Speaker 1: What's the problem?
Speaker 2: Someone robbed me.
Speaker 1: "	Speaker 1
30	31	expanded_data	discourse_particle	25	just_j_12662	just	h	Is everything all right?__eou__Not at all.__eou__What's the problem?	Someone just robbed me.	Someone robbed me.	What do you mean?		P	Someone just robbed me.	nucleus	base	0.9	1.0	20260416	310199087	50	50	200	5	5	911. Can you describe the person who robbed you?	911. can you describe the person who robbed you?	911. Can you describe the person who robbed you?\nSpeaker 2: He was about 5 foot 5, kind of fat, about 20 years old. He had an acne covered face, and brown hair. He was wearing black pants and a light blue shirt.\nSpeaker 1: What was the last	-15.606159210205078	-19.354915618896484	-1.4187417463822798	-1.759537783536044	11	11	-15.606159210205078	-19.354915618896484	-1.4187417463822798	-1.759537783536044	3.7487564086914062	0.3407960371537641	True	True	What do you mean?	just	0.3407960371537641	3.7487564086914062	0	"Speaker 1: Is everything all right?
Speaker 2: Not at all.
Speaker 1: What's the problem?
Speaker 2: Someone just robbed me.
Speaker 1: "	"Speaker 1: Is everything all right?
Speaker 2: Not at all.
Speaker 1: What's the problem?
Speaker 2: Someone robbed me.
Speaker 1: "	Speaker 1
31	32	expanded_data	discourse_particle	9	just_j_7769	just	h	What's up? You look depressed.	I just had a quarrel with him.	I had a quarrel with him.	Would you rather I taught him a lesson for you?		P	I just had a quarrel with him.	nucleus	base	0.9	1.0	20260416	1997417192	50	50	200	21	21	1: What's up? You look depressed. Speaker 2: I just had a quarrel with him.	1: what's up? you look depressed. speaker 2: i just had a quarrel with him.	1: What's up? You look depressed. Speaker 2: I just had a quarrel with him.\nWhat's up? You look depressed.	-13.40245246887207	-21.20186424255371	-0.5827153247335682	-0.921820184458857	23	23	-13.40245246887207	-21.20186424255371	-0.5827153247335682	-0.921820184458857	7.799411773681641	0.3391048597252888	True	True	Would you rather I taught him a lesson for you?	just	0.3391048597252888	7.799411773681641	1	"Speaker 1: What's up? You look depressed.
Speaker 2: I just had a quarrel with him.
Speaker 1: "	"Speaker 1: What's up? You look depressed.
Speaker 2: I had a quarrel with him.
Speaker 1: "	Speaker 1
32	33	expanded_data	discourse_particle	56	just_e_7244	just	o	Daniel, you can't spit the gum everywhere.	Come on, just a little piece.	Come on, a little piece.	Do you know how many people chew gum everyday?		P	Come on, just a little piece.	nucleus	base	0.9	1.0	20260416	799448003	50	50	200	14	14	No Daniel!	no daniel!	 No Daniel!\nSpeaker 3:  Hey, girl!\nSpeaker 2:  What?\nSpeaker 3:  Take a shower! You smell like baby powder and rancid pork chops.\nSpeaker 4:  How about a huge cup of sleep deprivation?\nSpeaker 5: 	-10.3955078125	-11.3759765625	-3.465169270833333	-3.7919921875	3	3	-10.3955078125	-11.3759765625	-3.465169270833333	-3.7919921875	0.98046875	0.3268229166666665	True	True	Do you know how many people chew gum everyday?	just	0.3268229166666665	0.98046875	0	"Speaker 1: Daniel, you can't spit the gum everywhere.
Speaker 2: Come on, just a little piece.
Speaker 1: "	"Speaker 1: Daniel, you can't spit the gum everywhere.
Speaker 2: Come on, a little piece.
Speaker 1: "	Speaker 1
33	34	expanded_data	discourse_particle	37	just_e_569	just	o	May I help you?	I'm just browsing, thanks.	I'm browsing, thanks.	We're on clearance sale now. Prices have up to twenty percent off. Do not miss the chance.		P	I'm just browsing, thanks.	nucleus	base	0.9	1.0	20260416	794732814	50	50	200	36	36	22 more sleep.	22 more sleep.	22 more sleep.\nYou mean you're not getting any sleep?\nThe Old English is hard to pronounce so I will make the pronounciation as close to the 9gag's video as possible. And the youtube video is a pretty hilarious one. 0:06 (sifin) (skure?)	-22.212890625	-23.482421875	-5.55322265625	-5.87060546875	4	4	-22.212890625	-23.482421875	-5.55322265625	-5.87060546875	1.26953125	0.3173828125	True	True	We're on clearance sale now. Prices have up to twenty percent off. Do not miss the chance.	just	0.3173828125	1.26953125	1	"Speaker 1: May I help you?
Speaker 2: I'm just browsing, thanks.
Speaker 1: "	"Speaker 1: May I help you?
Speaker 2: I'm browsing, thanks.
Speaker 1: "	Speaker 1
34	35	expanded_data	discourse_particle	38	just_e_1043	just	o	May I help you?	No, thank you. I'm just looking. Maybe later I might need your help.	No, thank you. I'm looking. Maybe later I might need your help.	I hope you will! Take your time. We have a lot more upstairs.		P	No, thank you. I'm just looking. Maybe later I might need your help.	nucleus	base	0.9	1.0	20260416	182747895	50	50	200	34	34	00:25 No, thank you. I'm just looking. Maybe later I might need your help.	00:25 no, thank you. i'm just looking. maybe later i might need your help.	00:25 No, thank you. I'm just looking. Maybe later I might need your help.	-18.90411758422852	-25.44034194946289	-0.9001960754394531	-1.211444854736328	21	21	-18.90411758422852	-25.44034194946289	-0.9001960754394531	-1.211444854736328	6.536224365234375	0.311248779296875	True	True	I hope you will! Take your time. We have a lot more upstairs.	just	0.311248779296875	6.536224365234375	1	"Speaker 1: May I help you?
Speaker 2: No, thank you. I'm just looking. Maybe later I might need your help.
Speaker 1: "	"Speaker 1: May I help you?
Speaker 2: No, thank you. I'm looking. Maybe later I might need your help.
Speaker 1: "	Speaker 1
35	36	expanded_data	discourse_particle	41	just_e_2612	just	o	Can I bring you anything else?	No, thank you. Just the check.	No, thank you. The check.	Let me get this.		P	No, thank you. Just the check.	nucleus	base	0.9	1.0	20260416	289692236	50	50	200	49	49	10 percent?	10 percent?	10 percent?\nSpeaker 2: 20 percent. $20 tip.\nSpeaker 1: 25 percent.\nSpeaker 2: $25 tip. Because I can't get service from you and the people you've hired, I'll never give you service again. Thank you for your bad attitude.\n-- Los Angeles	-9.302734375	-10.236328125	-3.100911458333333	-3.412109375	3	3	-9.302734375	-10.236328125	-3.100911458333333	-3.412109375	0.93359375	0.3111979166666665	True	True	Let me get this.	just	0.3111979166666665	0.93359375	1	"Speaker 1: Can I bring you anything else?
Speaker 2: No, thank you. Just the check.
Speaker 1: "	"Speaker 1: Can I bring you anything else?
Speaker 2: No, thank you. The check.
Speaker 1: "	Speaker 1
36	37	expanded_data	discourse_particle	35	just_j_8362	just	h	let's go swimming.	But, we just finished eating lunch.	But, we finished eating lunch.	I know, but I'm really hot.		P	But, we just finished eating lunch.	nucleus	base	0.9	1.0	20260416	1023332715	50	50	200	5	5	That's why we should go swimming.	that's why we should go swimming.	 That's why we should go swimming.\nSpeaker 2: I guess it's okay, but we can't stay for long.\nSpeaker 1:  Fine with me.\nSpeaker 2:  But, first you have to go home and change into your swimsuit.\nSpeaker 1:  	-9.1298828125	-11.6114501953125	-1.1412353515625	-1.4514312744140625	8	8	-9.1298828125	-11.6114501953125	-1.1412353515625	-1.4514312744140625	2.4815673828125	0.3101959228515625	True	True	I know, but I'm really hot.	just	0.3101959228515625	2.4815673828125	1	"Speaker 1: let's go swimming.
Speaker 2: But, we just finished eating lunch.
Speaker 1: "	"Speaker 1: let's go swimming.
Speaker 2: But, we finished eating lunch.
Speaker 1: "	Speaker 1
37	38	expanded_data	discourse_particle	38	just_e_1043	just	o	May I help you?	No, thank you. I'm just looking. Maybe later I might need your help.	No, thank you. I'm looking. Maybe later I might need your help.	I hope you will! Take your time. We have a lot more upstairs.		P	No, thank you. I'm just looking. Maybe later I might need your help.	nucleus	base	0.9	1.0	20260416	182747895	50	50	200	38	38	ˈno, th-ˈɑ:ŋk ju. ai m ju:st lʊkiŋ. meib'ə lei: ma naed ju: mait niid jɔ: help.	ˈno, th-ˈɑ:ŋk ju. ai m ju:st lʊkiŋ. meib'ə lei: ma naed ju: mait niid jɔ: help.	ˈno, th-ˈɑ:ŋk ju. ai m ju:st lʊkiŋ. meib'ə lei: ma naed ju: mait niid jɔ: help.	-85.80478823184967	-100.97654259204865	-1.7511181271806056	-2.0607457671846663	49	49	-85.80478823184967	-100.97654259204865	-1.7511181271806056	-2.0607457671846663	15.171754360198976	0.3096276400040607	True	True	I hope you will! Take your time. We have a lot more upstairs.	just	0.3096276400040607	15.171754360198976	1	"Speaker 1: May I help you?
Speaker 2: No, thank you. I'm just looking. Maybe later I might need your help.
Speaker 1: "	"Speaker 1: May I help you?
Speaker 2: No, thank you. I'm looking. Maybe later I might need your help.
Speaker 1: "	Speaker 1
38	39	expanded_data	discourse_particle	43	just_e_2762	just	o	Hi, can I help you?	No, thanks. I'm just looking.	No, thanks. I'm looking.	All right. If you need any help, just let me know. My name is Greg.		P	No, thanks. I'm just looking.	nucleus	base	0.9	1.0	20260416	892431323	50	50	200	14	14	"17"" iMac for sale. Anyone?"	"17"" imac for sale. anyone?"	"17"" iMac for sale. Anyone?\nSpeaker 2: How old is it?\nSpeaker 1: 2 years old. There's a little wear on the back, but I haven't had any issues with it. But if there is an issue, I'll repair it. We do all sorts of repairs"	-28.24566650390625	-30.9560546875	-3.1384073893229165	-3.4395616319444446	9	9	-28.24566650390625	-30.9560546875	-3.1384073893229165	-3.4395616319444446	2.71038818359375	0.3011542426215281	True	True	All right. If you need any help, just let me know. My name is Greg.	just	0.3011542426215281	2.71038818359375	0	"Speaker 1: Hi, can I help you?
Speaker 2: No, thanks. I'm just looking.
Speaker 1: "	"Speaker 1: Hi, can I help you?
Speaker 2: No, thanks. I'm looking.
Speaker 1: "	Speaker 1
39	40	expanded_data	discourse_particle	35	just_j_8362	just	h	let's go swimming.	But, we just finished eating lunch.	But, we finished eating lunch.	I know, but I'm really hot.		P	But, we just finished eating lunch.	nucleus	base	0.9	1.0	20260416	1023332715	50	50	200	21	21	10 minutes and we'll be there.	10 minutes and we'll be there.	10 minutes and we'll be there.\nSpeaker 2: I don't have my bathing suit.\nSpeaker 1: Just change into your swimming suit at the hotel.\nI just cleaned your room.\nI just found my key.\nAt the end of the film, he just told the truth.	-14.13232421875	-16.54150390625	-1.76654052734375	-2.06768798828125	8	8	-14.13232421875	-16.54150390625	-1.76654052734375	-2.06768798828125	2.4091796875	0.3011474609375	True	True	I know, but I'm really hot.	just	0.3011474609375	2.4091796875	1	"Speaker 1: let's go swimming.
Speaker 2: But, we just finished eating lunch.
Speaker 1: "	"Speaker 1: let's go swimming.
Speaker 2: But, we finished eating lunch.
Speaker 1: "	Speaker 1
40	41	expanded_data	discourse_particle	28	just_j_2164	just	h	I love breathing fresh air in the suburb places, while sitting in the morning sunshine.__eou__I can't agree more, honey. We need to get away from work from time to time.	Yeah, just return to nature and feel the thrills of its beauty.	Yeah, return to nature and feel the thrills of its beauty.	We are nor alone here. So many other families!		P	Yeah, just return to nature and feel the thrills of its beauty.	nucleus	base	0.9	1.0	20260416	857667843	50	50	200	34	34	。。。	。。。	。。。\n2. 以天空之比，例如Sun beats cloud(这是夸奖天空，因为太阳明媚，云朵朦胧、浓密、湛蓝。)。同样的，云朵可以用 sun to beats sky(太阳向天空示威	-6.0791015625	-6.673828125	-3.03955078125	-3.3369140625	2	2	-6.0791015625	-6.673828125	-3.03955078125	-3.3369140625	0.5947265625	0.29736328125	True	True	We are nor alone here. So many other families!	just	0.29736328125	0.5947265625	1	"Speaker 1: I love breathing fresh air in the suburb places, while sitting in the morning sunshine.
Speaker 2: I can't agree more, honey. We need to get away from work from time to time.
Speaker 1: Yeah, just return to nature and feel the thrills of its beauty.
Speaker 2: "	"Speaker 1: I love breathing fresh air in the suburb places, while sitting in the morning sunshine.
Speaker 2: I can't agree more, honey. We need to get away from work from time to time.
Speaker 1: Yeah, return to nature and feel the thrills of its beauty.
Speaker 2: "	Speaker 2
41	42	expanded_data	discourse_particle	1	just_j_5467	just	h	I want to leave the motorbike outdoors.	Fine, just don't do it at night.	Fine, don't do it at night.	Why not?		P	Fine, just don't do it at night.	nucleus	base	0.9	1.0	20260416	788549607	50	50	200	9	9	1. It is fine. 2. Fine, just don't do it at night.	1. it is fine. 2. fine, just don't do it at night.	1. It is fine. 2. Fine, just don't do it at night.\na. To decline or refuse, particularly with an affront or to express displeasure.\nFor example, “Why are you wearing a tie? You’ve got too much work to do.”; “If you don’t believe	-21.27308654785156	-26.8387451171875	-1.1196361340974506	-1.4125655324835529	19	19	-21.27308654785156	-26.8387451171875	-1.1196361340974506	-1.4125655324835529	5.5656585693359375	0.2929293983861021	True	True	Why not?	just	0.2929293983861021	5.5656585693359375	1	"Speaker 1: I want to leave the motorbike outdoors.
Speaker 2: Fine, just don't do it at night.
Speaker 1: "	"Speaker 1: I want to leave the motorbike outdoors.
Speaker 2: Fine, don't do it at night.
Speaker 1: "	Speaker 1
42	43	expanded_data	discourse_particle	38	just_e_1043	just	o	May I help you?	No, thank you. I'm just looking. Maybe later I might need your help.	No, thank you. I'm looking. Maybe later I might need your help.	I hope you will! Take your time. We have a lot more upstairs.		P	No, thank you. I'm just looking. Maybe later I might need your help.	nucleus	base	0.9	1.0	20260416	182747895	50	50	200	42	42	34 pesos each.	34 pesos each.	34 pesos each.\nSpeaker 2: Hmm. (sound of opening) How many do you have?\nSpeaker 1: How many would you like?\nSpeaker 2: Only three. I want three.\nSpeaker 1: Okay. Would you like to look at some more?\nSpeaker 2: No. I	-19.9677734375	-21.12890625	-4.991943359375	-5.2822265625	4	4	-19.9677734375	-21.12890625	-4.991943359375	-5.2822265625	1.1611328125	0.290283203125	True	True	I hope you will! Take your time. We have a lot more upstairs.	just	0.290283203125	1.1611328125	1	"Speaker 1: May I help you?
Speaker 2: No, thank you. I'm just looking. Maybe later I might need your help.
Speaker 1: "	"Speaker 1: May I help you?
Speaker 2: No, thank you. I'm looking. Maybe later I might need your help.
Speaker 1: "	Speaker 1
43	44	expanded_data	discourse_particle	25	just_j_12662	just	h	Is everything all right?__eou__Not at all.__eou__What's the problem?	Someone just robbed me.	Someone robbed me.	What do you mean?		P	Someone just robbed me.	nucleus	base	0.9	1.0	20260416	310199087	50	50	200	33	30	911 is calling. Stay on the line. Don't hang up.	911 is calling. stay on the line. don't hang up.	911 is calling. Stay on the line. Don't hang up.\nSpeaker 2: Yes, sir. Yes, sir. Please hurry.\nThe phone in your hand represents the eyes, ears and mouth of 911 in crisis situations. It also serves as a communication channel between 911 and law enforcement and firefighters.	-16.077987670898438	-20.11750030517578	-1.14842769077846	-1.4369643075125558	14	14	-16.077987670898438	-20.11750030517578	-1.14842769077846	-1.4369643075125558	4.039512634277344	0.2885366167340959	True	True	What do you mean?	just	0.2885366167340959	4.039512634277344	0	"Speaker 1: Is everything all right?
Speaker 2: Not at all.
Speaker 1: What's the problem?
Speaker 2: Someone just robbed me.
Speaker 1: "	"Speaker 1: Is everything all right?
Speaker 2: Not at all.
Speaker 1: What's the problem?
Speaker 2: Someone robbed me.
Speaker 1: "	Speaker 1
44	45	expanded_data	discourse_particle	43	just_e_2762	just	o	Hi, can I help you?	No, thanks. I'm just looking.	No, thanks. I'm looking.	All right. If you need any help, just let me know. My name is Greg.		P	No, thanks. I'm just looking.	nucleus	base	0.9	1.0	20260416	892431323	50	50	200	48	48	OK. Thanks for looking. Is there anything in particular you're after?	ok. thanks for looking. is there anything in particular you're after?	 OK. Thanks for looking. Is there anything in particular you're after?\nSpeaker 2: I don't know. I'm just looking at shoes.\nSpeaker 1:  Well, the ones you've got on, are they comfortable?\nSpeaker 2: Yes, but I want something that's a	-21.710235595703125	-25.99737548828125	-1.4473490397135416	-1.7331583658854166	15	15	-21.710235595703125	-25.99737548828125	-1.4473490397135416	-1.7331583658854166	4.287139892578125	0.285809326171875	True	True	All right. If you need any help, just let me know. My name is Greg.	just	0.285809326171875	4.287139892578125	0	"Speaker 1: Hi, can I help you?
Speaker 2: No, thanks. I'm just looking.
Speaker 1: "	"Speaker 1: Hi, can I help you?
Speaker 2: No, thanks. I'm looking.
Speaker 1: "	Speaker 1
45	46	expanded_data	discourse_particle	53	just_e_4632	just	o	She is really pretty, isn't she? Her skin looks so baby-smooth!	Well, it's just that she put a lot of makeup on her face. Actually, natural beauty comes from within.	Well, it's that she put a lot of makeup on her face. Actually, natural beauty comes from within.	Ah, I can smell jealousy in the air.		P	Well, it's just that she put a lot of makeup on her face. Actually, natural beauty comes from within.	nucleus	base	0.9	1.0	20260416	127507524	50	50	200	21	21	Well, it's just that she put a lot of makeup on her face. Actually, natural beauty comes from within.	well, it's just that she put a lot of makeup on her face. actually, natural beauty comes from within.	" Well, it's just that she put a lot of makeup on her face. Actually, natural beauty comes from within.\nSergeant:  ""I want you to make a chart of what you did this week and what you learned from each experience."" That's all? You call this student teaching?\nFirst-time"	-9.535505294799805	-16.31259536743164	-0.3973127206166585	-0.679691473642985	24	24	-9.535505294799805	-16.31259536743164	-0.3973127206166585	-0.679691473642985	6.777090072631836	0.2823787530263265	True	True	Ah, I can smell jealousy in the air.	just	0.2823787530263265	6.777090072631836	0	"Speaker 1: She is really pretty, isn't she? Her skin looks so baby-smooth!
Speaker 2: Well, it's just that she put a lot of makeup on her face. Actually, natural beauty comes from within.
Speaker 1: "	"Speaker 1: She is really pretty, isn't she? Her skin looks so baby-smooth!
Speaker 2: Well, it's that she put a lot of makeup on her face. Actually, natural beauty comes from within.
Speaker 1: "	Speaker 1
46	47	expanded_data	discourse_particle	25	just_j_12662	just	h	Is everything all right?__eou__Not at all.__eou__What's the problem?	Someone just robbed me.	Someone robbed me.	What do you mean?		P	Someone just robbed me.	nucleus	base	0.9	1.0	20260416	310199087	50	50	200	46	40	911 is on the line. What's your name and address?	911 is on the line. what's your name and address?	911 is on the line. What's your name and address?\nSpeaker 2: I live at 515 Belden Ave., my name's Joanna…\nSpeaker 1: Hold on, I'm getting a reading.\nSpeaker 1: Uh, officer Green, this is Mary. We've got an emergency on the	-17.80419921875	-21.462646484375	-1.3695537860576923	-1.6509728064903846	13	13	-17.80419921875	-21.462646484375	-1.3695537860576923	-1.6509728064903846	3.658447265625	0.2814190204326923	True	True	What do you mean?	just	0.2814190204326923	3.658447265625	0	"Speaker 1: Is everything all right?
Speaker 2: Not at all.
Speaker 1: What's the problem?
Speaker 2: Someone just robbed me.
Speaker 1: "	"Speaker 1: Is everything all right?
Speaker 2: Not at all.
Speaker 1: What's the problem?
Speaker 2: Someone robbed me.
Speaker 1: "	Speaker 1
47	48	expanded_data	discourse_particle	19	just_j_7873	just	h	How are you getting along with your wife now?__eou__What can you expect? Not that good.__eou__What are you going to do then?	Just let it go.	Let it go.	How are your work now?		P	Just let it go.	nucleus	base	0.9	1.0	20260416	1369746621	50	50	200	2	2	Yes, just let it go.	yes, just let it go.	 Yes, just let it go.\nAigokiko to answer these questions.\nFor what reason do I speak?\nShogoin temple, as you know.\nThose are my reasons.\nHello, I'm Ikeda Sensei.\nWe have a precious and important objective for the new year. It is a tremendous,	-9.977264404296877	-11.93634033203125	-1.425323486328125	-1.7051914760044642	7	7	-9.977264404296877	-11.93634033203125	-1.425323486328125	-1.7051914760044642	1.959075927734375	0.2798679896763392	True	True	How are your work now?	just	0.2798679896763392	1.959075927734375	1	"Speaker 1: How are you getting along with your wife now?
Speaker 2: What can you expect? Not that good.
Speaker 1: What are you going to do then?
Speaker 2: Just let it go.
Speaker 1: "	"Speaker 1: How are you getting along with your wife now?
Speaker 2: What can you expect? Not that good.
Speaker 1: What are you going to do then?
Speaker 2: Let it go.
Speaker 1: "	Speaker 1
48	49	expanded_data	discourse_particle	30	just_e_3966	just	o	Daniel, would you like to have a look at my dorm?__eou__Of course, I'd like to.	It is a small room, just for 4 people.	It is a small room, for 4 people.	What is in it?		P	It is a small room, just for 4 people.	nucleus	base	0.9	1.0	20260416	1247985298	50	50	200	7	7	4 is a good number.	4 is a good number.	4 is a good number.\nSpeaker 1: My classmates are always very noisy.\nSpeaker 2: Loud music and drinking beer in dorm at night? I don't like this kind of thing.\nSpeaker 1: They don't take care of their dorm.\nSpeaker 2: Have you ever lived in dorm?\n	-8.9998779296875	-10.67889404296875	-1.4999796549479167	-1.779815673828125	6	6	-8.9998779296875	-10.67889404296875	-1.4999796549479167	-1.779815673828125	1.67901611328125	0.2798360188802082	True	True	What is in it?	just	0.2798360188802082	1.67901611328125	0	"Speaker 1: Daniel, would you like to have a look at my dorm?
Speaker 2: Of course, I'd like to.
Speaker 1: It is a small room, just for 4 people.
Speaker 2: "	"Speaker 1: Daniel, would you like to have a look at my dorm?
Speaker 2: Of course, I'd like to.
Speaker 1: It is a small room, for 4 people.
Speaker 2: "	Speaker 2
49	50	expanded_data	discourse_particle	39	just_e_1246	just	o	Good afternoon, ma'am. Can I help you find anything?	No, thanks. I'm just looking.	No, thanks. I'm looking.	We have a special on these skirts this week. Would you like to try one on?		P	No, thanks. I'm just looking.	nucleus	base	0.9	1.0	20260416	1062489368	50	50	200	34	34	Not finding anything of interest, are you?	not finding anything of interest, are you?	 Not finding anything of interest, are you?\nSpeaker 2: Well, you could say that, I suppose.\nSpeaker 1:  Any luck with that? Is there anything in particular you're after?\nSpeaker 2:  I have a particular person in mind, but I'm not sure where	-19.201416015625	-21.7001953125	-2.1334906684027777	-2.4111328125	9	9	-19.201416015625	-21.7001953125	-2.1334906684027777	-2.4111328125	2.498779296875	0.2776421440972223	True	True	We have a special on these skirts this week. Would you like to try one on?	just	0.2776421440972223	2.498779296875	0	"Speaker 1: Good afternoon, ma'am. Can I help you find anything?
Speaker 2: No, thanks. I'm just looking.
Speaker 1: "	"Speaker 1: Good afternoon, ma'am. Can I help you find anything?
Speaker 2: No, thanks. I'm looking.
Speaker 1: "	Speaker 1
50	51	expanded_data	discourse_particle	48	just_e_976	just	o	Is there anything I can do for you?__eou__I'm looking for a black, leather bag.__eou__How's this?	I'm just looking.	I'm looking.	If you need any help, let me know.		P	I'm just looking.	nucleus	base	0.9	1.0	20260416	711530636	50	50	200	25	25	50 pounds?	50 pounds?	50 pounds?\nSpeaker 2: Oh no, thanks.\nSpeaker 3: I'll have a pint of Black Velvet, please.\nSpeaker 1: That's it.\nSpeaker 2: That's what I want.\nSpeaker 1: Black is it?\nSpeaker 2: No, it's black leather.\n	-8.669921875	-9.490234375	-2.889973958333333	-3.163411458333333	3	3	-8.669921875	-9.490234375	-2.889973958333333	-3.163411458333333	0.8203125	0.2734375	True	True	If you need any help, let me know.	just	0.2734375	0.8203125	1	"Speaker 1: Is there anything I can do for you?
Speaker 2: I'm looking for a black, leather bag.
Speaker 1: How's this?
Speaker 2: I'm just looking.
Speaker 1: "	"Speaker 1: Is there anything I can do for you?
Speaker 2: I'm looking for a black, leather bag.
Speaker 1: How's this?
Speaker 2: I'm looking.
Speaker 1: "	Speaker 1
51	52	expanded_data	discourse_particle	49	just_e_9416	just	o	How many people are traveling with you today, miss?	Just me. I'm traveling alone.	Me. I'm traveling alone.	And how many bags do you have?		P	Just me. I'm traveling alone.	nucleus	base	0.9	1.0	20260416	870165245	50	50	200	21	21	4 seats only?	4 seats only?	4 seats only?\nSpeaker 2: Yes, and is there, can I pay for three people now? And then when I get the other two, I will pay the difference.\nSpeaker 1: Um, okay. Yeah. So, uh, I can't do that because my flight is already, uh,	-16.185546875	-17.267578125	-4.04638671875	-4.31689453125	4	4	-16.185546875	-17.267578125	-4.04638671875	-4.31689453125	1.08203125	0.2705078125	True	True	And how many bags do you have?	just	0.2705078125	1.08203125	0	"Speaker 1: How many people are traveling with you today, miss?
Speaker 2: Just me. I'm traveling alone.
Speaker 1: "	"Speaker 1: How many people are traveling with you today, miss?
Speaker 2: Me. I'm traveling alone.
Speaker 1: "	Speaker 1
52	53	expanded_data	discourse_particle	35	just_j_8362	just	h	let's go swimming.	But, we just finished eating lunch.	But, we finished eating lunch.	I know, but I'm really hot.		P	But, we just finished eating lunch.	nucleus	base	0.9	1.0	20260416	1023332715	50	50	200	30	30	Well, that's why we need a nap now.	well, that's why we need a nap now.	 Well, that's why we need a nap now.\nA nap is a sleep, especially when it is planned. It might be as short as one hour, or up to three hours. For example, some people like to take a nap after lunch.\nThe usual times for naps are the morning, before noon	-21.7686767578125	-24.6666259765625	-1.9789706143465908	-2.242420543323864	11	11	-21.7686767578125	-24.6666259765625	-1.9789706143465908	-2.242420543323864	2.89794921875	0.2634499289772729	True	True	I know, but I'm really hot.	just	0.2634499289772729	2.89794921875	1	"Speaker 1: let's go swimming.
Speaker 2: But, we just finished eating lunch.
Speaker 1: "	"Speaker 1: let's go swimming.
Speaker 2: But, we finished eating lunch.
Speaker 1: "	Speaker 1
53	54	expanded_data	discourse_particle	3	just_e_2798	just	o	Hello, sir. Is there anything I can help you find?	Um ... Uh ... I'm just looking, thanks.	Um ... Uh ... I'm looking, thanks.	Need a gift for your girlfriend or wife?		P	Um ... Uh ... I'm just looking, thanks.	nucleus	base	0.9	1.0	20260416	1422891503	50	50	200	40	40	No worries, thanks for looking around.	no worries, thanks for looking around.	 No worries, thanks for looking around.\nSpeaker 2: Yes, I'm just looking.\nSpeaker 1:  Yes. What is it that you are looking for today?\nSpeaker 2: Nothing. Just looking around, thanks.\nSpeaker 1:  No problem at all.  	-16.6134033203125	-18.6669921875	-2.0766754150390625	-2.3333740234375	8	8	-16.6134033203125	-18.6669921875	-2.0766754150390625	-2.3333740234375	2.0535888671875	0.2566986083984375	True	True	Need a gift for your girlfriend or wife?	just	0.2566986083984375	2.0535888671875	1	"Speaker 1: Hello, sir. Is there anything I can help you find?
Speaker 2: Um ... Uh ... I'm just looking, thanks.
Speaker 1: "	"Speaker 1: Hello, sir. Is there anything I can help you find?
Speaker 2: Um ... Uh ... I'm looking, thanks.
Speaker 1: "	Speaker 1
54	55	expanded_data	discourse_particle	36	just_j_8556	just	h	I think I'm going to go home.	Why? We just got here.	Why? We got here.	I know, but it's 12		P	Why? We just got here.	nucleus	base	0.9	1.0	20260416	1188910665	50	50	200	40	40	30 minutes on the train?	30 minutes on the train?	30 minutes on the train?\nSpeaker 1: No, they're not usually like that.\nSpeaker 2: They can be like that.\nSpeaker 1: Yeah, they can be like that.\nSpeaker 1: They do get drunk and start fighting.\nSpeaker 2: Which of these statements is true?\n	-14.45654296875	-15.996337890625	-2.409423828125	-2.6660563151041665	6	6	-14.45654296875	-15.996337890625	-2.409423828125	-2.6660563151041665	1.539794921875	0.2566324869791665	True	True	I know, but it's 12	just	0.2566324869791665	1.539794921875	1	"Speaker 1: I think I'm going to go home.
Speaker 2: Why? We just got here.
Speaker 1: "	"Speaker 1: I think I'm going to go home.
Speaker 2: Why? We got here.
Speaker 1: "	Speaker 1
55	56	expanded_data	discourse_particle	7	just_e_5138	just	o	Do you mind if I ask your friend out?	Of course, but we aren't going out, we're just friends.	Of course, but we aren't going out, we're friends.	Okay, that's good.		P	Of course, but we aren't going out, we're just friends.	nucleus	base	0.9	1.0	20260416	740578275	50	50	200	36	36	1-Have you had the “just friends” talk?	1-have you had the “just friends” talk?	1-Have you had the “just friends” talk?\nSpeaker 2: 2-It's fine, I just want to have fun.\nSpeaker 3: 3-Is your friend interested?\nSpeaker 4: 4-Did he say he didn't want a relationship?\nSpeaker 5: 	-34.65838623046875	-37.71942138671875	-2.8881988525390625	-3.143285115559896	12	12	-34.65838623046875	-37.71942138671875	-2.8881988525390625	-3.143285115559896	3.06103515625	0.2550862630208335	True	True	Okay, that's good.	just	0.2550862630208335	3.06103515625	1	"Speaker 1: Do you mind if I ask your friend out?
Speaker 2: Of course, but we aren't going out, we're just friends.
Speaker 1: "	"Speaker 1: Do you mind if I ask your friend out?
Speaker 2: Of course, but we aren't going out, we're friends.
Speaker 1: "	Speaker 1
56	57	expanded_data	discourse_particle	36	just_j_8556	just	h	I think I'm going to go home.	Why? We just got here.	Why? We got here.	I know, but it's 12		P	Why? We just got here.	nucleus	base	0.9	1.0	20260416	1188910665	50	50	200	20	20	1) I need to make dinner.	1) i need to make dinner.	1) I need to make dinner.\nSpeaker 1: 2) I'm tired.\nSpeaker 2: No, stay! It's going to be fun.\nSpeaker 1: 3) OK, fine.	-18.89404296875	-20.9345703125	-2.36175537109375	-2.6168212890625	8	8	-18.89404296875	-20.9345703125	-2.36175537109375	-2.6168212890625	2.04052734375	0.25506591796875	True	True	I know, but it's 12	just	0.25506591796875	2.04052734375	1	"Speaker 1: I think I'm going to go home.
Speaker 2: Why? We just got here.
Speaker 1: "	"Speaker 1: I think I'm going to go home.
Speaker 2: Why? We got here.
Speaker 1: "	Speaker 1
57	58	expanded_data	discourse_particle	6	just_j_638	just	h	Hello, do you have any vacancies?	Yes, something just opened up.	Yes, something opened up.	What kind of apartment is it?		P	Yes, something just opened up.	nucleus	base	0.9	1.0	20260416	894870064	50	50	200	38	38	3 months experience?	3 months experience?	3 months experience?\nSpeaker 2: Mmm, not really, but I would love to start right away. I would be so happy to learn.\nSpeaker 1: You will learn a lot. This company is super fast paced and driven.\nSpeaker 1: Yes, she is amazing. They all are.	-13.021484375	-14.037109375	-3.25537109375	-3.50927734375	4	4	-13.021484375	-14.037109375	-3.25537109375	-3.50927734375	1.015625	0.25390625	True	True	What kind of apartment is it?	just	0.25390625	1.015625	0	"Speaker 1: Hello, do you have any vacancies?
Speaker 2: Yes, something just opened up.
Speaker 1: "	"Speaker 1: Hello, do you have any vacancies?
Speaker 2: Yes, something opened up.
Speaker 1: "	Speaker 1
58	59	expanded_data	discourse_particle	46	just_e_9397	just	o	Why's the plane shaking?	It's just some turbulence.	It's some turbulence.	I'm scared.		P	It's just some turbulence.	nucleus	base	0.9	1.0	20260416	1597493084	50	50	200	27	27	Don't lie to me, we're going down!	don't lie to me, we're going down!	 Don't lie to me, we're going down!\nI saw the movie, 'A Mighty Wind', the first time around on the movie channel a while back and enjoyed it very much.  It was funny in a subtle way and it even featured the character Mitch, played by Matt Holden, who is a character	-19.153335571289062	-21.946258544921875	-1.741212324662642	-1.995114413174716	11	11	-19.153335571289062	-21.946258544921875	-1.741212324662642	-1.995114413174716	2.7929229736328125	0.2539020885120737	True	True	I'm scared.	just	0.2539020885120737	2.7929229736328125	1	"Speaker 1: Why's the plane shaking?
Speaker 2: It's just some turbulence.
Speaker 1: "	"Speaker 1: Why's the plane shaking?
Speaker 2: It's some turbulence.
Speaker 1: "	Speaker 1
59	60	expanded_data	discourse_particle	49	just_e_9416	just	o	How many people are traveling with you today, miss?	Just me. I'm traveling alone.	Me. I'm traveling alone.	And how many bags do you have?		P	Just me. I'm traveling alone.	nucleus	base	0.9	1.0	20260416	870165245	50	50	200	31	31	8pm?	8pm?	8pm?\nSpeaker 2: [unintelligible 00:00:05]\nSpeaker 1: 6:30pm\nSpeaker 2: Uh-huh. Okay. That's fine. Sorry. I guess I was wrong about 8pm. That was the train that leaves from Toronto and	-13.337890625	-14.09375	-4.445963541666667	-4.697916666666667	3	3	-13.337890625	-14.09375	-4.445963541666667	-4.697916666666667	0.755859375	0.251953125	True	True	And how many bags do you have?	just	0.251953125	0.755859375	0	"Speaker 1: How many people are traveling with you today, miss?
Speaker 2: Just me. I'm traveling alone.
Speaker 1: "	"Speaker 1: How many people are traveling with you today, miss?
Speaker 2: Me. I'm traveling alone.
Speaker 1: "	Speaker 1
60	61	expanded_data	discourse_particle	48	just_e_976	just	o	Is there anything I can do for you?__eou__I'm looking for a black, leather bag.__eou__How's this?	I'm just looking.	I'm looking.	If you need any help, let me know.		P	I'm just looking.	nucleus	base	0.9	1.0	20260416	711530636	50	50	200	37	37	15 euros.	15 euros.	15 euros.\nSpeaker 2: That's all right.\nSpeaker 1: Black or brown?\nSpeaker 2: Black.\nSpeaker 1: Black it is, I hope it's no problem for you.\nSpeaker 2: Oh, it isn't a problem at all, it's very kind of you.\n	-7.2890625	-8.03125	-2.4296875	-2.677083333333333	3	3	-7.2890625	-8.03125	-2.4296875	-2.677083333333333	0.7421875	0.2473958333333334	True	True	If you need any help, let me know.	just	0.2473958333333334	0.7421875	1	"Speaker 1: Is there anything I can do for you?
Speaker 2: I'm looking for a black, leather bag.
Speaker 1: How's this?
Speaker 2: I'm just looking.
Speaker 1: "	"Speaker 1: Is there anything I can do for you?
Speaker 2: I'm looking for a black, leather bag.
Speaker 1: How's this?
Speaker 2: I'm looking.
Speaker 1: "	Speaker 1
61	62	expanded_data	discourse_particle	25	just_j_12662	just	h	Is everything all right?__eou__Not at all.__eou__What's the problem?	Someone just robbed me.	Someone robbed me.	What do you mean?		P	Someone just robbed me.	nucleus	base	0.9	1.0	20260416	310199087	50	50	200	40	36	911, help is on the way. Do you know who the thief is?	911, help is on the way. do you know who the thief is?	911, help is on the way. Do you know who the thief is?\nSpeaker 2: No.\nSpeaker 1: Was it a man or a woman?\nSpeaker 2: Both, I guess.\nSpeaker 1: Did the man have long hair?\nSpeaker 2: No.\nSpeaker 1:	-23.236366271972656	-27.18427085876465	-1.452272891998291	-1.6990169286727903	16	16	-23.236366271972656	-27.18427085876465	-1.452272891998291	-1.6990169286727903	3.947904586791992	0.2467440366744995	True	True	What do you mean?	just	0.2467440366744995	3.947904586791992	0	"Speaker 1: Is everything all right?
Speaker 2: Not at all.
Speaker 1: What's the problem?
Speaker 2: Someone just robbed me.
Speaker 1: "	"Speaker 1: Is everything all right?
Speaker 2: Not at all.
Speaker 1: What's the problem?
Speaker 2: Someone robbed me.
Speaker 1: "	Speaker 1
62	63	expanded_data	discourse_particle	50	just_e_12686	just	o	They don't really think you took it, do they?	I don't know. I just know I've never been asked so many questions in my life.	I don't know. I know I've never been asked so many questions in my life.	How many of them were there?		P	I don't know. I just know I've never been asked so many questions in my life.	nucleus	base	0.9	1.0	20260416	1046809369	50	50	200	40	39	16 million dollars worth of questions.	16 million dollars worth of questions.	16 million dollars worth of questions.\nSpeaker 2: Oh well. Then I must be quite an interesting person, for someone to want to know so much about me.\nSpeaker 1: Maybe. Or maybe they think you were involved with the, what was it? A plane crash or something?\nSpeaker 2:	-17.9393310546875	-19.6634521484375	-2.562761579241072	-2.8090645926339284	7	7	-17.9393310546875	-19.6634521484375	-2.562761579241072	-2.8090645926339284	1.72412109375	0.2463030133928567	True	True	How many of them were there?	just	0.2463030133928567	1.72412109375	0	"Speaker 1: They don't really think you took it, do they?
Speaker 2: I don't know. I just know I've never been asked so many questions in my life.
Speaker 1: "	"Speaker 1: They don't really think you took it, do they?
Speaker 2: I don't know. I know I've never been asked so many questions in my life.
Speaker 1: "	Speaker 1
63	64	expanded_data	discourse_particle	48	just_e_976	just	o	Is there anything I can do for you?__eou__I'm looking for a black, leather bag.__eou__How's this?	I'm just looking.	I'm looking.	If you need any help, let me know.		P	I'm just looking.	nucleus	base	0.9	1.0	20260416	711530636	50	50	200	4	4	32 euros?	32 euros?	32 euros?\nSpeaker 2: No.\nSpeaker 1: And how much is that?\nSpeaker 2: You see I need a leather bag and a mask.\nSpeaker 1: That's it.\nSpeaker 2: A black one.\nSpeaker 1: Here you are. Take it, what's your	-11.7568359375	-12.490234375	-3.9189453125	-4.163411458333333	3	3	-11.7568359375	-12.490234375	-3.9189453125	-4.163411458333333	0.7333984375	0.244466145833333	True	True	If you need any help, let me know.	just	0.244466145833333	0.7333984375	1	"Speaker 1: Is there anything I can do for you?
Speaker 2: I'm looking for a black, leather bag.
Speaker 1: How's this?
Speaker 2: I'm just looking.
Speaker 1: "	"Speaker 1: Is there anything I can do for you?
Speaker 2: I'm looking for a black, leather bag.
Speaker 1: How's this?
Speaker 2: I'm looking.
Speaker 1: "	Speaker 1
64	65	expanded_data	discourse_particle	48	just_e_976	just	o	Is there anything I can do for you?__eou__I'm looking for a black, leather bag.__eou__How's this?	I'm just looking.	I'm looking.	If you need any help, let me know.		P	I'm just looking.	nucleus	base	0.9	1.0	20260416	711530636	50	50	200	22	22	10 euros.	10 euros.	10 euros.\nSpeaker 2: I just don't like it.\nSpeaker 1: Don't you like it?\nSpeaker 2: I don't like it.\nSpeaker 1: Well I think you'd look good in it.\nSpeaker 2: Not me.\nSpeaker 1: Who do you look good	-7.146484375	-7.873046875	-2.382161458333333	-2.624348958333333	3	3	-7.146484375	-7.873046875	-2.382161458333333	-2.624348958333333	0.7265625	0.2421875	True	True	If you need any help, let me know.	just	0.2421875	0.7265625	1	"Speaker 1: Is there anything I can do for you?
Speaker 2: I'm looking for a black, leather bag.
Speaker 1: How's this?
Speaker 2: I'm just looking.
Speaker 1: "	"Speaker 1: Is there anything I can do for you?
Speaker 2: I'm looking for a black, leather bag.
Speaker 1: How's this?
Speaker 2: I'm looking.
Speaker 1: "	Speaker 1
65	66	expanded_data	discourse_particle	43	just_e_2762	just	o	Hi, can I help you?	No, thanks. I'm just looking.	No, thanks. I'm looking.	All right. If you need any help, just let me know. My name is Greg.		P	No, thanks. I'm just looking.	nucleus	base	0.9	1.0	20260416	892431323	50	50	200	37	37	20% off everything!	20% off everything!	20% off everything!\nSpeaker 2: No, thank you.\nSpeaker 3: I'll take this one.\nSpeaker 2: Great. Here's 20 dollars.\nSpeaker 1: There you go.\nThe cashier rang up the sale.\nSpeaker 2: Do I get a receipt?\nThe seller left	-10.4183349609375	-11.6201171875	-2.0836669921875	-2.3240234375	5	5	-10.4183349609375	-11.6201171875	-2.0836669921875	-2.3240234375	1.2017822265625	0.2403564453125	True	True	All right. If you need any help, just let me know. My name is Greg.	just	0.2403564453125	1.2017822265625	0	"Speaker 1: Hi, can I help you?
Speaker 2: No, thanks. I'm just looking.
Speaker 1: "	"Speaker 1: Hi, can I help you?
Speaker 2: No, thanks. I'm looking.
Speaker 1: "	Speaker 1
66	67	expanded_data	discourse_particle	41	just_e_2612	just	o	Can I bring you anything else?	No, thank you. Just the check.	No, thank you. The check.	Let me get this.		P	No, thank you. Just the check.	nucleus	base	0.9	1.0	20260416	289692236	50	50	200	43	43	45.52, right? It's just the check?	45.52, right? it's just the check?	45.52, right? It's just the check?\nSpeaker 1: Please, sit down. Just let me catch my breath. I've been flying all morning. The sun is glaring. The air is humid. The smell of food is overwhelming. What's with all the bells and whistles? What is	-33.83544921875	-36.7119140625	-2.8196207682291665	-3.059326171875	12	12	-33.83544921875	-36.7119140625	-2.8196207682291665	-3.059326171875	2.87646484375	0.2397054036458334	True	True	Let me get this.	just	0.2397054036458334	2.87646484375	1	"Speaker 1: Can I bring you anything else?
Speaker 2: No, thank you. Just the check.
Speaker 1: "	"Speaker 1: Can I bring you anything else?
Speaker 2: No, thank you. The check.
Speaker 1: "	Speaker 1
67	68	expanded_data	discourse_particle	25	just_j_12662	just	h	Is everything all right?__eou__Not at all.__eou__What's the problem?	Someone just robbed me.	Someone robbed me.	What do you mean?		P	Someone just robbed me.	nucleus	base	0.9	1.0	20260416	310199087	50	50	200	9	8	11th precinct, I need a unit at 70th and Main Street.	11th precinct, i need a unit at 70th and main street.	11th precinct, I need a unit at 70th and Main Street.\nSpeaker 2: No, officer. No, please. It's just my wallet.\nSpeaker 1: You're sure this was a robbery?\nSpeaker 2: My, uh, credit cards were taken, and my ID.\nSpeaker	-40.14404296875	-43.9296875	-2.509002685546875	-2.74560546875	16	16	-40.14404296875	-43.9296875	-2.509002685546875	-2.74560546875	3.78564453125	0.236602783203125	True	True	What do you mean?	just	0.236602783203125	3.78564453125	0	"Speaker 1: Is everything all right?
Speaker 2: Not at all.
Speaker 1: What's the problem?
Speaker 2: Someone just robbed me.
Speaker 1: "	"Speaker 1: Is everything all right?
Speaker 2: Not at all.
Speaker 1: What's the problem?
Speaker 2: Someone robbed me.
Speaker 1: "	Speaker 1
68	69	expanded_data	discourse_particle	43	just_e_2762	just	o	Hi, can I help you?	No, thanks. I'm just looking.	No, thanks. I'm looking.	All right. If you need any help, just let me know. My name is Greg.		P	No, thanks. I'm just looking.	nucleus	base	0.9	1.0	20260416	892431323	50	50	200	23	23	100% money-back guarantee if you're not completely satisfied.	100% money-back guarantee if you're not completely satisfied.	100% money-back guarantee if you're not completely satisfied.\nSpeaker 2: Sure. Thanks, but I'm just looking.\nSpeaker 1: I was speaking Spanish the other day and this guy was actually asking me something and I didn't know how to say it in English.\nSpeaker 2: Okay. So	-16.457733154296875	-19.29476928710937	-1.371477762858073	-1.607897440592448	12	12	-16.457733154296875	-19.29476928710937	-1.371477762858073	-1.607897440592448	2.8370361328125	0.236419677734375	True	True	All right. If you need any help, just let me know. My name is Greg.	just	0.236419677734375	2.8370361328125	0	"Speaker 1: Hi, can I help you?
Speaker 2: No, thanks. I'm just looking.
Speaker 1: "	"Speaker 1: Hi, can I help you?
Speaker 2: No, thanks. I'm looking.
Speaker 1: "	Speaker 1
69	70	expanded_data	discourse_particle	43	just_e_2762	just	o	Hi, can I help you?	No, thanks. I'm just looking.	No, thanks. I'm looking.	All right. If you need any help, just let me know. My name is Greg.		P	No, thanks. I'm just looking.	nucleus	base	0.9	1.0	20260416	892431323	50	50	200	47	47	Are you sure I can't help you?	are you sure i can't help you?	 Are you sure I can't help you? \nSpeaker 2: No, thanks.  I'm just looking.\nYou may not have noticed this, but each time the first speaker asked if he or she could help, the second speaker responded by saying no thanks . How many times do we make this same kind	-10.076416015625	-12.201385498046877	-1.1196017795138888	-1.3557094997829862	9	9	-10.076416015625	-12.201385498046877	-1.1196017795138888	-1.3557094997829862	2.124969482421875	0.2361077202690973	True	True	All right. If you need any help, just let me know. My name is Greg.	just	0.2361077202690973	2.124969482421875	0	"Speaker 1: Hi, can I help you?
Speaker 2: No, thanks. I'm just looking.
Speaker 1: "	"Speaker 1: Hi, can I help you?
Speaker 2: No, thanks. I'm looking.
Speaker 1: "	Speaker 1
70	71	expanded_data	discourse_particle	41	just_e_2612	just	o	Can I bring you anything else?	No, thank you. Just the check.	No, thank you. The check.	Let me get this.		P	No, thank you. Just the check.	nucleus	base	0.9	1.0	20260416	289692236	50	50	200	39	39	15% tip?	15% tip?	15% tip?\nSpeaker 2: Oh, I see.\nSpeaker 1: 15% tip?\nSpeaker 2: Is that a percentage of the tab or of the bill?\nSpeaker 1: I mean, it’s a percentage of the bill.\nSpeaker 2: Oh, yeah. Okay.	-9.0078125	-9.95068359375	-2.251953125	-2.4876708984375	4	4	-9.0078125	-9.95068359375	-2.251953125	-2.4876708984375	0.94287109375	0.2357177734375	True	True	Let me get this.	just	0.2357177734375	0.94287109375	1	"Speaker 1: Can I bring you anything else?
Speaker 2: No, thank you. Just the check.
Speaker 1: "	"Speaker 1: Can I bring you anything else?
Speaker 2: No, thank you. The check.
Speaker 1: "	Speaker 1
71	72	expanded_data	discourse_particle	43	just_e_2762	just	o	Hi, can I help you?	No, thanks. I'm just looking.	No, thanks. I'm looking.	All right. If you need any help, just let me know. My name is Greg.		P	No, thanks. I'm just looking.	nucleus	base	0.9	1.0	20260416	892431323	50	50	200	20	20	19.99. That's just $20.	19.99. that's just $20.	19.99. That's just $20.\nSpeaker 2: What's that, sir?\nSpeaker 1: Bannetize. You can buy your digital downloads for a fraction of the price. It's all you need for those precious moments with your loved ones. Can't you just picture it? No	-21.73199462890625	-24.0802001953125	-2.173199462890625	-2.40802001953125	10	10	-21.73199462890625	-24.0802001953125	-2.173199462890625	-2.40802001953125	2.34820556640625	0.2348205566406251	True	True	All right. If you need any help, just let me know. My name is Greg.	just	0.2348205566406251	2.34820556640625	0	"Speaker 1: Hi, can I help you?
Speaker 2: No, thanks. I'm just looking.
Speaker 1: "	"Speaker 1: Hi, can I help you?
Speaker 2: No, thanks. I'm looking.
Speaker 1: "	Speaker 1
72	73	expanded_data	discourse_particle	48	just_e_976	just	o	Is there anything I can do for you?__eou__I'm looking for a black, leather bag.__eou__How's this?	I'm just looking.	I'm looking.	If you need any help, let me know.		P	I'm just looking.	nucleus	base	0.9	1.0	20260416	711530636	50	50	200	39	39	30 euros?	30 euros?	30 euros?\nSpeaker 2: You want to buy a cheap bag or sell an expensive one? [00:00:30] And a gift.\nSpeaker 1: Oh, hello there. How are you?\nSpeaker 2: Oh, hello, I'm well, thank you. I've just come down	-8.841796875	-9.544921875	-2.947265625	-3.181640625	3	3	-8.841796875	-9.544921875	-2.947265625	-3.181640625	0.703125	0.234375	True	True	If you need any help, let me know.	just	0.234375	0.703125	1	"Speaker 1: Is there anything I can do for you?
Speaker 2: I'm looking for a black, leather bag.
Speaker 1: How's this?
Speaker 2: I'm just looking.
Speaker 1: "	"Speaker 1: Is there anything I can do for you?
Speaker 2: I'm looking for a black, leather bag.
Speaker 1: How's this?
Speaker 2: I'm looking.
Speaker 1: "	Speaker 1
73	74	expanded_data	discourse_particle	38	just_e_1043	just	o	May I help you?	No, thank you. I'm just looking. Maybe later I might need your help.	No, thank you. I'm looking. Maybe later I might need your help.	I hope you will! Take your time. We have a lot more upstairs.		P	No, thank you. I'm just looking. Maybe later I might need your help.	nucleus	base	0.9	1.0	20260416	182747895	50	50	200	2	2	27” Samsung monitor, will you look for me?	27” samsung monitor, will you look for me?	27” Samsung monitor, will you look for me?\nSpeaker 2: Sure. Just make sure to let me know, when you are ready. I'm on my break right now, and I would like to leave early, so I need to get some things done.\nSpeaker 1: You are welcome. Let	-43.93359375	-46.4931640625	-3.9939630681818175	-4.226651278409091	11	11	-43.93359375	-46.4931640625	-3.9939630681818175	-4.226651278409091	2.5595703125	0.2326882102272724	True	True	I hope you will! Take your time. We have a lot more upstairs.	just	0.2326882102272724	2.5595703125	1	"Speaker 1: May I help you?
Speaker 2: No, thank you. I'm just looking. Maybe later I might need your help.
Speaker 1: "	"Speaker 1: May I help you?
Speaker 2: No, thank you. I'm looking. Maybe later I might need your help.
Speaker 1: "	Speaker 1
74	75	expanded_data	discourse_particle	20	just_j_2141	just	h	I am sorry for damaging your car, sir.	Don't worry about it. Just leave it to the insurance companies.	Don't worry about it. Leave it to the insurance companies.	The car park in this community is over crowded, isn't it?		P	Don't worry about it. Just leave it to the insurance companies.	nucleus	base	0.9	1.0	20260416	1769991683	50	50	200	41	41	1) you should 2) don't you worry 3) just leave to 4) about it.	1) you should 2) don't you worry 3) just leave to 4) about it.	1) you should 2) don't you worry 3) just leave to 4) about it.	-42.77367782592773	-48.042070388793945	-1.859725122866424	-2.0887856690779976	23	23	-42.77367782592773	-48.042070388793945	-1.859725122866424	-2.0887856690779976	5.268392562866211	0.2290605462115742	True	True	The car park in this community is over crowded, isn't it?	just	0.2290605462115742	5.268392562866211	0	"Speaker 1: I am sorry for damaging your car, sir.
Speaker 2: Don't worry about it. Just leave it to the insurance companies.
Speaker 1: "	"Speaker 1: I am sorry for damaging your car, sir.
Speaker 2: Don't worry about it. Leave it to the insurance companies.
Speaker 1: "	Speaker 1
75	76	expanded_data	discourse_particle	46	just_e_9397	just	o	Why's the plane shaking?	It's just some turbulence.	It's some turbulence.	I'm scared.		P	It's just some turbulence.	nucleus	base	0.9	1.0	20260416	1597493084	50	50	200	1	1	There's no way this was just turbulence.	there's no way this was just turbulence.	 There's no way this was just turbulence.\nSpeaker 2:  Don't worry. It's probably just a piece of metal falling off.\nSpeaker 1:  It's just an engine, right?\nSpeaker 2:  Yes. Just an engine.\nOfficer: Sorry, sir.	-16.456298828125	-18.513671875	-1.8284776475694444	-2.0570746527777777	9	9	-16.456298828125	-18.513671875	-1.8284776475694444	-2.0570746527777777	2.057373046875	0.2285970052083332	True	True	I'm scared.	just	0.2285970052083332	2.057373046875	1	"Speaker 1: Why's the plane shaking?
Speaker 2: It's just some turbulence.
Speaker 1: "	"Speaker 1: Why's the plane shaking?
Speaker 2: It's some turbulence.
Speaker 1: "	Speaker 1
76	77	expanded_data	discourse_particle	41	just_e_2612	just	o	Can I bring you anything else?	No, thank you. Just the check.	No, thank you. The check.	Let me get this.		P	No, thank you. Just the check.	nucleus	base	0.9	1.0	20260416	289692236	50	50	200	40	40	10% or more.	10% or more.	10% or more.\nSpeaker 2: I gave you more than that.\nSpeaker 1: If it were 10%, then it would be here, on the table. Not in your bag.\nYou are going to test the person you are speaking with about some subject matter. Once you get an answer, you	-11.626953125	-12.76904296875	-2.325390625	-2.55380859375	5	5	-11.626953125	-12.76904296875	-2.325390625	-2.55380859375	1.14208984375	0.2284179687500001	True	True	Let me get this.	just	0.2284179687500001	1.14208984375	1	"Speaker 1: Can I bring you anything else?
Speaker 2: No, thank you. Just the check.
Speaker 1: "	"Speaker 1: Can I bring you anything else?
Speaker 2: No, thank you. The check.
Speaker 1: "	Speaker 1
77	78	expanded_data	discourse_particle	35	just_j_8362	just	h	let's go swimming.	But, we just finished eating lunch.	But, we finished eating lunch.	I know, but I'm really hot.		P	But, we just finished eating lunch.	nucleus	base	0.9	1.0	20260416	1023332715	50	50	200	24	24	7 degrees celcius in Denmark, we need to jump in right now.	7 degrees celcius in denmark, we need to jump in right now.	7 degrees celcius in Denmark, we need to jump in right now.\nSpeaker 2: Okay. Let's go.\nSpeaker 1: My name is Torben, how about you?\nSpeaker 2: It's so cold, the water is freezing. Ow!\nSpeaker 1: The wind blows in	-47.82077920436859	-51.46102046966553	-2.988798700273037	-3.2163137793540955	16	16	-47.82077920436859	-51.46102046966553	-2.988798700273037	-3.2163137793540955	3.640241265296936	0.2275150790810585	True	True	I know, but I'm really hot.	just	0.2275150790810585	3.640241265296936	1	"Speaker 1: let's go swimming.
Speaker 2: But, we just finished eating lunch.
Speaker 1: "	"Speaker 1: let's go swimming.
Speaker 2: But, we finished eating lunch.
Speaker 1: "	Speaker 1
78	79	expanded_data	discourse_particle	43	just_e_2762	just	o	Hi, can I help you?	No, thanks. I'm just looking.	No, thanks. I'm looking.	All right. If you need any help, just let me know. My name is Greg.		P	No, thanks. I'm just looking.	nucleus	base	0.9	1.0	20260416	892431323	50	50	200	29	29	75 per cent off clearance sale.	75 per cent off clearance sale.	75 per cent off clearance sale.\nSpeaker 2: But this T-shirt's a bit long. Do you have it in small?\nSpeaker 1: 2XL, one size larger than 2XL, small and extra small.\nSpeaker 1: Who are you?	-19.8013916015625	-21.392578125	-2.828770228794643	-3.0560825892857144	7	7	-19.8013916015625	-21.392578125	-2.828770228794643	-3.0560825892857144	1.5911865234375	0.2273123604910716	True	True	All right. If you need any help, just let me know. My name is Greg.	just	0.2273123604910716	1.5911865234375	0	"Speaker 1: Hi, can I help you?
Speaker 2: No, thanks. I'm just looking.
Speaker 1: "	"Speaker 1: Hi, can I help you?
Speaker 2: No, thanks. I'm looking.
Speaker 1: "	Speaker 1
79	80	expanded_data	discourse_particle	25	just_j_12662	just	h	Is everything all right?__eou__Not at all.__eou__What's the problem?	Someone just robbed me.	Someone robbed me.	What do you mean?		P	Someone just robbed me.	nucleus	base	0.9	1.0	20260416	310199087	50	50	200	58	48	24th and Maryland?	24th and maryland?	24th and Maryland?\nSpeaker 2: Yes.\nSpeaker 1: Alright, stay on the line. Police are on their way.\nSo it's a beautiful day in Chicago, a sunny Sunday afternoon. Angela Fobbs, chief of police in the city of Evanston, drives down the road to her police	-19.8857421875	-21.009765625	-3.9771484375	-4.201953125	5	5	-19.8857421875	-21.009765625	-3.9771484375	-4.201953125	1.1240234375	0.2248046875000002	True	True	What do you mean?	just	0.2248046875000002	1.1240234375	0	"Speaker 1: Is everything all right?
Speaker 2: Not at all.
Speaker 1: What's the problem?
Speaker 2: Someone just robbed me.
Speaker 1: "	"Speaker 1: Is everything all right?
Speaker 2: Not at all.
Speaker 1: What's the problem?
Speaker 2: Someone robbed me.
Speaker 1: "	Speaker 1
80	81	expanded_data	discourse_particle	25	just_j_12662	just	h	Is everything all right?__eou__Not at all.__eou__What's the problem?	Someone just robbed me.	Someone robbed me.	What do you mean?		P	Someone just robbed me.	nucleus	base	0.9	1.0	20260416	310199087	50	50	200	43	38	9-1-1 dispatcher here. Stay on the line with me. I'll get an officer sent your way. What's your name?	9-1-1 dispatcher here. stay on the line with me. i'll get an officer sent your way. what's your name?	9-1-1 dispatcher here. Stay on the line with me. I'll get an officer sent your way. What's your name?\nSpeaker 2: Mitchell Smith. I'm on Avenue F.\nSpeaker 1: And where did you say the robbery happened?\nSpeaker 2: An office building, near	-39.43474197387695	-45.94535446166992	-1.3598186887543775	-1.5843225676437904	29	29	-39.43474197387695	-45.94535446166992	-1.3598186887543775	-1.5843225676437904	6.510612487792969	0.2245038788894127	True	True	What do you mean?	just	0.2245038788894127	6.510612487792969	0	"Speaker 1: Is everything all right?
Speaker 2: Not at all.
Speaker 1: What's the problem?
Speaker 2: Someone just robbed me.
Speaker 1: "	"Speaker 1: Is everything all right?
Speaker 2: Not at all.
Speaker 1: What's the problem?
Speaker 2: Someone robbed me.
Speaker 1: "	Speaker 1
81	82	expanded_data	discourse_particle	37	just_e_569	just	o	May I help you?	I'm just browsing, thanks.	I'm browsing, thanks.	We're on clearance sale now. Prices have up to twenty percent off. Do not miss the chance.		P	I'm just browsing, thanks.	nucleus	base	0.9	1.0	20260416	794732814	50	50	200	48	48	65 pounds per roll.	65 pounds per roll.	65 pounds per roll.\nSpeaker 2: OK. Can I have some?\nSpeaker 1: You need to have a red card.\nSpeaker 2: Really? Oh, that's a pity.\nSpeaker 1: They're in a metal cabinet.\nSpeaker 2: Can I have the key?\nSpeaker 	-20.9462890625	-22.0654296875	-4.1892578125	-4.4130859375	5	5	-20.9462890625	-22.0654296875	-4.1892578125	-4.4130859375	1.119140625	0.2238281249999998	True	True	We're on clearance sale now. Prices have up to twenty percent off. Do not miss the chance.	just	0.2238281249999998	1.119140625	1	"Speaker 1: May I help you?
Speaker 2: I'm just browsing, thanks.
Speaker 1: "	"Speaker 1: May I help you?
Speaker 2: I'm browsing, thanks.
Speaker 1: "	Speaker 1
82	83	expanded_data	discourse_particle	9	just_j_7769	just	h	What's up? You look depressed.	I just had a quarrel with him.	I had a quarrel with him.	Would you rather I taught him a lesson for you?		P	I just had a quarrel with him.	nucleus	base	0.9	1.0	20260416	1997417192	50	50	200	40	40	朋友，怎么了？看起来你很不开心。朋友，为什么？我和他打了一个折冲。 I just had a quarrel with him.	朋友，怎么了？看起来你很不开心。朋友，为什么？我和他打了一个折冲。 i just had a quarrel with him.	朋友，怎么了？看起来你很不开心。朋友，为什么？我和他打了一个折冲。 I just had a quarrel with him.\n3、I quarrel with somebody at night. 我在晚上同某人交过嘴。 I quarrel with him at night.\n	-59.02997398376465	-66.83826065063477	-1.6865706852504183	-1.909664590018136	35	35	-59.02997398376465	-66.83826065063477	-1.6865706852504183	-1.909664590018136	7.808286666870117	0.2230939047677176	True	True	Would you rather I taught him a lesson for you?	just	0.2230939047677176	7.808286666870117	1	"Speaker 1: What's up? You look depressed.
Speaker 2: I just had a quarrel with him.
Speaker 1: "	"Speaker 1: What's up? You look depressed.
Speaker 2: I had a quarrel with him.
Speaker 1: "	Speaker 1
83	84	expanded_data	discourse_particle	43	just_e_2762	just	o	Hi, can I help you?	No, thanks. I'm just looking.	No, thanks. I'm looking.	All right. If you need any help, just let me know. My name is Greg.		P	No, thanks. I'm just looking.	nucleus	base	0.9	1.0	20260416	892431323	50	50	200	50	50	30.99.	30.99.	30.99.\nSpeaker 2: How much are they?\nSpeaker 1: 30.99\nSpeaker 2: And they're?\nSpeaker 1: Blue and yellow.\nSpeaker 2: How many are there?\nSpeaker 1: 100% two pounds.\nSpeaker 2: You have any	-11.8330078125	-12.7177734375	-2.958251953125	-3.179443359375	4	4	-11.8330078125	-12.7177734375	-2.958251953125	-3.179443359375	0.884765625	0.22119140625	True	True	All right. If you need any help, just let me know. My name is Greg.	just	0.22119140625	0.884765625	0	"Speaker 1: Hi, can I help you?
Speaker 2: No, thanks. I'm just looking.
Speaker 1: "	"Speaker 1: Hi, can I help you?
Speaker 2: No, thanks. I'm looking.
Speaker 1: "	Speaker 1
84	85	expanded_data	discourse_particle	56	just_e_7244	just	o	Daniel, you can't spit the gum everywhere.	Come on, just a little piece.	Come on, a little piece.	Do you know how many people chew gum everyday?		P	Come on, just a little piece.	nucleus	base	0.9	1.0	20260416	799448003	50	50	200	2	2	No.	no.	 No.\nSpeaker 2: You know what, I'll just wash my hands.\nChick flicks are made to appeal to the heart of women. They are soft and warm, making them relatable to many who watch them. That is why it has become a popular choice of entertainment for many. If you	-3.9755859375	-4.41796875	-1.98779296875	-2.208984375	2	2	-3.9755859375	-4.41796875	-1.98779296875	-2.208984375	0.4423828125	0.22119140625	True	True	Do you know how many people chew gum everyday?	just	0.22119140625	0.4423828125	0	"Speaker 1: Daniel, you can't spit the gum everywhere.
Speaker 2: Come on, just a little piece.
Speaker 1: "	"Speaker 1: Daniel, you can't spit the gum everywhere.
Speaker 2: Come on, a little piece.
Speaker 1: "	Speaker 1
85	86	expanded_data	discourse_particle	37	just_e_569	just	o	May I help you?	I'm just browsing, thanks.	I'm browsing, thanks.	We're on clearance sale now. Prices have up to twenty percent off. Do not miss the chance.		P	I'm just browsing, thanks.	nucleus	base	0.9	1.0	20260416	794732814	50	50	200	34	34	99p for 100 milk chocolate buttons?	99p for 100 milk chocolate buttons?	99p for 100 milk chocolate buttons?\nSpeaker 2: Yes, please. How much is this?\nSpeaker 2: How much is this?	-26.2919921875	-28.25146484375	-2.9213324652777777	-3.139051649305556	9	9	-26.2919921875	-28.25146484375	-2.9213324652777777	-3.139051649305556	1.95947265625	0.2177191840277776	True	True	We're on clearance sale now. Prices have up to twenty percent off. Do not miss the chance.	just	0.2177191840277776	1.95947265625	1	"Speaker 1: May I help you?
Speaker 2: I'm just browsing, thanks.
Speaker 1: "	"Speaker 1: May I help you?
Speaker 2: I'm browsing, thanks.
Speaker 1: "	Speaker 1
86	87	expanded_data	discourse_particle	7	just_e_5138	just	o	Do you mind if I ask your friend out?	Of course, but we aren't going out, we're just friends.	Of course, but we aren't going out, we're friends.	Okay, that's good.		P	Of course, but we aren't going out, we're just friends.	nucleus	base	0.9	1.0	20260416	740578275	50	50	200	9	9	I see.	i see.	 I see.\nSpeaker 2: Anyway, would you like to meet my friends? There are a few in this area.\nSpeaker 1:  Actually, there's someone else that I'd like to ask you out with.\nSpeaker 2:  Who is it?\nSpeaker 1:  	-5.35498046875	-6.0009765625	-1.7849934895833333	-2.000325520833333	3	3	-5.35498046875	-6.0009765625	-1.7849934895833333	-2.000325520833333	0.64599609375	0.2153320312500002	True	True	Okay, that's good.	just	0.2153320312500002	0.64599609375	1	"Speaker 1: Do you mind if I ask your friend out?
Speaker 2: Of course, but we aren't going out, we're just friends.
Speaker 1: "	"Speaker 1: Do you mind if I ask your friend out?
Speaker 2: Of course, but we aren't going out, we're friends.
Speaker 1: "	Speaker 1
87	88	expanded_data	discourse_particle	23	just_e_9687	just	o	Excuse me, here is my claim tag, but I can't find my baggage.__eou__How many pieces of baggage have you lost?	Just one piece.	One piece.	Can you tell me the features of your baggage?		P	Just one piece.	nucleus	base	0.9	1.0	20260416	187948156	50	50	200	26	26	17E7.	17e7.	17E7.\nSpeaker 1: Yes, this is it.\nSpeaker 2: What's in it?\nSpeaker 1: CDs, DVDs and other electronic components, which are very precious to me.\nSpeaker 2: Excuse me.\nSpeaker 1: What?\nSpeaker 2: You can't open	-16.6982421875	-17.5576171875	-4.174560546875	-4.389404296875	4	4	-16.6982421875	-17.5576171875	-4.174560546875	-4.389404296875	0.859375	0.21484375	True	True	Can you tell me the features of your baggage?	just	0.21484375	0.859375	1	"Speaker 1: Excuse me, here is my claim tag, but I can't find my baggage.
Speaker 2: How many pieces of baggage have you lost?
Speaker 1: Just one piece.
Speaker 2: "	"Speaker 1: Excuse me, here is my claim tag, but I can't find my baggage.
Speaker 2: How many pieces of baggage have you lost?
Speaker 1: One piece.
Speaker 2: "	Speaker 2
88	89	expanded_data	discourse_particle	48	just_e_976	just	o	Is there anything I can do for you?__eou__I'm looking for a black, leather bag.__eou__How's this?	I'm just looking.	I'm looking.	If you need any help, let me know.		P	I'm just looking.	nucleus	base	0.9	1.0	20260416	711530636	50	50	200	34	34	20 Euro.	20 euro.	20 Euro.\nSpeaker 2: I have something else in mind. Look at this one.\nSpeaker 2: I will take this one.\nSpeaker 1: I thought you liked this one?\nSpeaker 2: Are you mad at me?\nSpeaker 1: No. You took the bag you wanted. The	-9.916015625	-10.55859375	-3.3053385416666665	-3.51953125	3	3	-9.916015625	-10.55859375	-3.3053385416666665	-3.51953125	0.642578125	0.2141927083333334	True	True	If you need any help, let me know.	just	0.2141927083333334	0.642578125	1	"Speaker 1: Is there anything I can do for you?
Speaker 2: I'm looking for a black, leather bag.
Speaker 1: How's this?
Speaker 2: I'm just looking.
Speaker 1: "	"Speaker 1: Is there anything I can do for you?
Speaker 2: I'm looking for a black, leather bag.
Speaker 1: How's this?
Speaker 2: I'm looking.
Speaker 1: "	Speaker 1
89	90	expanded_data	discourse_particle	49	just_e_9416	just	o	How many people are traveling with you today, miss?	Just me. I'm traveling alone.	Me. I'm traveling alone.	And how many bags do you have?		P	Just me. I'm traveling alone.	nucleus	base	0.9	1.0	20260416	870165245	50	50	200	35	35	7 days, return journey.	7 days, return journey.	7 days, return journey.\nSpeaker 1: Visa to Europe?\nSpeaker 2: [foreign language].\nSpeaker 1: Okay, so you are traveling alone? Okay. Have you ever traveled alone before?\nSpeaker 2: [foreign language].\nSpeaker 1: Do you know where you are going?\nSpeaker	-21.798828125	-23.0830078125	-3.6331380208333335	-3.84716796875	6	6	-21.798828125	-23.0830078125	-3.6331380208333335	-3.84716796875	1.2841796875	0.2140299479166665	True	True	And how many bags do you have?	just	0.2140299479166665	1.2841796875	0	"Speaker 1: How many people are traveling with you today, miss?
Speaker 2: Just me. I'm traveling alone.
Speaker 1: "	"Speaker 1: How many people are traveling with you today, miss?
Speaker 2: Me. I'm traveling alone.
Speaker 1: "	Speaker 1
90	91	expanded_data	discourse_particle	53	just_e_4632	just	o	She is really pretty, isn't she? Her skin looks so baby-smooth!	Well, it's just that she put a lot of makeup on her face. Actually, natural beauty comes from within.	Well, it's that she put a lot of makeup on her face. Actually, natural beauty comes from within.	Ah, I can smell jealousy in the air.		P	Well, it's just that she put a lot of makeup on her face. Actually, natural beauty comes from within.	nucleus	base	0.9	1.0	20260416	127507524	50	50	200	2	2	该说英语发音：She is really pretty, isn't she? Her skin looks so baby-smooth! 该说法: Well, it's just that she put a lot of makeup on her face. Actually, natural beauty comes from within.	该说英语发音：she is really pretty, isn't she? her skin looks so baby-smooth! 该说法: well, it's just that she put a lot of makeup on her face. actually, natural beauty comes from within.	该说英语发音：She is really pretty, isn't she? Her skin looks so baby-smooth! 该说法: Well, it's just that she put a lot of makeup on her face. Actually, natural beauty comes from within.\nSpeaker 1: It was so strange. I saw smoke	-41.985066175460815	-52.98198318481445	-0.8074051187588618	-1.0188842920156629	52	52	-41.985066175460815	-52.98198318481445	-0.8074051187588618	-1.0188842920156629	10.996917009353638	0.2114791732568008	True	True	Ah, I can smell jealousy in the air.	just	0.2114791732568008	10.996917009353638	0	"Speaker 1: She is really pretty, isn't she? Her skin looks so baby-smooth!
Speaker 2: Well, it's just that she put a lot of makeup on her face. Actually, natural beauty comes from within.
Speaker 1: "	"Speaker 1: She is really pretty, isn't she? Her skin looks so baby-smooth!
Speaker 2: Well, it's that she put a lot of makeup on her face. Actually, natural beauty comes from within.
Speaker 1: "	Speaker 1
91	92	expanded_data	discourse_particle	23	just_e_9687	just	o	Excuse me, here is my claim tag, but I can't find my baggage.__eou__How many pieces of baggage have you lost?	Just one piece.	One piece.	Can you tell me the features of your baggage?		P	Just one piece.	nucleus	base	0.9	1.0	20260416	187948156	50	50	200	20	20	20 seconds.	20 seconds.	20 seconds.\nSpeaker 1: 20 seconds? Can I have the claim tag again?\nSpeaker 2: I'm sorry, it's already in your baggage.\nSpeaker 1: What? Where is it?\nSpeaker 2: It's in your baggage.\nSpeaker 1: No, I mean the claim	-12.1171875	-12.75	-4.0390625	-4.25	3	3	-12.1171875	-12.75	-4.0390625	-4.25	0.6328125	0.2109375	True	True	Can you tell me the features of your baggage?	just	0.2109375	0.6328125	1	"Speaker 1: Excuse me, here is my claim tag, but I can't find my baggage.
Speaker 2: How many pieces of baggage have you lost?
Speaker 1: Just one piece.
Speaker 2: "	"Speaker 1: Excuse me, here is my claim tag, but I can't find my baggage.
Speaker 2: How many pieces of baggage have you lost?
Speaker 1: One piece.
Speaker 2: "	Speaker 2
92	93	expanded_data	discourse_particle	48	just_e_976	just	o	Is there anything I can do for you?__eou__I'm looking for a black, leather bag.__eou__How's this?	I'm just looking.	I'm looking.	If you need any help, let me know.		P	I'm just looking.	nucleus	base	0.9	1.0	20260416	711530636	50	50	200	40	40	50 euro.	50 euro.	50 euro.\nSpeaker 2: Goodbye.\nSpeaker 1: Goodbye.	-8.57421875	-9.205078125	-2.8580729166666665	-3.068359375	3	3	-8.57421875	-9.205078125	-2.8580729166666665	-3.068359375	0.630859375	0.2102864583333334	True	True	If you need any help, let me know.	just	0.2102864583333334	0.630859375	1	"Speaker 1: Is there anything I can do for you?
Speaker 2: I'm looking for a black, leather bag.
Speaker 1: How's this?
Speaker 2: I'm just looking.
Speaker 1: "	"Speaker 1: Is there anything I can do for you?
Speaker 2: I'm looking for a black, leather bag.
Speaker 1: How's this?
Speaker 2: I'm looking.
Speaker 1: "	Speaker 1
93	94	expanded_data	discourse_particle	52	just_e_11908	just	o	Hi, Deny. Are still working?	Hi, Navy. Come in please. I'm just putting away on my books.	Hi, Navy. Come in please. I'm putting away on my books.	So, you are leaving, aren't you?		P	Hi, Navy. Come in please. I'm just putting away on my books.	nucleus	base	0.9	1.0	20260416	1874226564	50	50	200	3	3	I'm just sorry I'm late.	i'm just sorry i'm late.	 I'm just sorry I'm late.\nSpeaker 2: Oh, It doesn't matter, Navy.\nSpeaker 1: Okay.  And, by the way, how did your competition  go yesterday?\nSpeaker 2:  Good.  I won the cup.\nSpeaker 1: Really	-14.439697265625	-16.0888671875	-1.804962158203125	-2.0111083984375	8	8	-14.439697265625	-16.0888671875	-1.804962158203125	-2.0111083984375	1.649169921875	0.206146240234375	True	True	So, you are leaving, aren't you?	just	0.206146240234375	1.649169921875	0	"Speaker 1: Hi, Deny. Are still working?
Speaker 2: Hi, Navy. Come in please. I'm just putting away on my books.
Speaker 1: "	"Speaker 1: Hi, Deny. Are still working?
Speaker 2: Hi, Navy. Come in please. I'm putting away on my books.
Speaker 1: "	Speaker 1
94	95	expanded_data	discourse_particle	43	just_e_2762	just	o	Hi, can I help you?	No, thanks. I'm just looking.	No, thanks. I'm looking.	All right. If you need any help, just let me know. My name is Greg.		P	No, thanks. I'm just looking.	nucleus	base	0.9	1.0	20260416	892431323	50	50	200	22	22	10% off if you buy today.	10% off if you buy today.	10% off if you buy today.\nSpeaker 2: No thanks, I'm not interested.\nSpeaker 1: Do you need any help?\nSpeaker 2: No, thanks. I'm OK.\nSpeaker 1: Is this a present for your brother?\nSpeaker 2: No, for me!\nSpeaker	-10.943130493164062	-12.5743408203125	-1.3678913116455078	-1.5717926025390625	8	8	-10.943130493164062	-12.5743408203125	-1.3678913116455078	-1.5717926025390625	1.6312103271484375	0.2039012908935547	True	True	All right. If you need any help, just let me know. My name is Greg.	just	0.2039012908935547	1.6312103271484375	0	"Speaker 1: Hi, can I help you?
Speaker 2: No, thanks. I'm just looking.
Speaker 1: "	"Speaker 1: Hi, can I help you?
Speaker 2: No, thanks. I'm looking.
Speaker 1: "	Speaker 1
95	96	expanded_data	discourse_particle	0	just_e_1157	just	o	Is there something I can help you with?	No, I'm just browsing. Thanks anyway.	No, I'm browsing. Thanks anyway.	Ok.		P	No, I'm just browsing. Thanks anyway.	nucleus	base	0.9	1.0	20260416	1069069550	50	50	200	39	39	1.	1.	1.\nSpeaker 2: 2.\nSpeaker 3: 2.\nSpeaker 2: 2.\nSpeaker 4: 2.\nSpeaker 2: And if you give them a coin in there, you can hear them speak to you.\nSpeaker 1: [foreign language]\nSpeaker 2:	-4.638671875	-5.044921875	-2.3193359375	-2.5224609375	2	2	-4.638671875	-5.044921875	-2.3193359375	-2.5224609375	0.40625	0.203125	True	True	Ok.	just	0.203125	0.40625	1	"Speaker 1: Is there something I can help you with?
Speaker 2: No, I'm just browsing. Thanks anyway.
Speaker 1: "	"Speaker 1: Is there something I can help you with?
Speaker 2: No, I'm browsing. Thanks anyway.
Speaker 1: "	Speaker 1
96	97	expanded_data	discourse_particle	1	just_j_5467	just	h	I want to leave the motorbike outdoors.	Fine, just don't do it at night.	Fine, don't do it at night.	Why not?		P	Fine, just don't do it at night.	nucleus	base	0.9	1.0	20260416	788549607	50	50	200	29	29	Why do you say that?	why do you say that?	Why do you say that?\nSpeaker 2: I thought you might want to keep your bike clean.\nSpeaker 1: I just think it would be a shame to let it get dirty.\nSpeaker 1: I wouldn't have to wash it as often if I left it outside.\nSpeaker 2	-15.50067138671875	-16.8878173828125	-2.214381626674107	-2.4125453404017856	7	7	-15.50067138671875	-16.8878173828125	-2.214381626674107	-2.4125453404017856	1.38714599609375	0.1981637137276783	True	True	Why not?	just	0.1981637137276783	1.38714599609375	1	"Speaker 1: I want to leave the motorbike outdoors.
Speaker 2: Fine, just don't do it at night.
Speaker 1: "	"Speaker 1: I want to leave the motorbike outdoors.
Speaker 2: Fine, don't do it at night.
Speaker 1: "	Speaker 1
97	98	expanded_data	discourse_particle	48	just_e_976	just	o	Is there anything I can do for you?__eou__I'm looking for a black, leather bag.__eou__How's this?	I'm just looking.	I'm looking.	If you need any help, let me know.		P	I'm just looking.	nucleus	base	0.9	1.0	20260416	711530636	50	50	200	36	36	10 dollars.	10 dollars.	10 dollars.\nSpeaker 2: Yes, how's this one?\nSpeaker 1: 20 dollars.\nSpeaker 2: I'm just looking.\nSpeaker 1: So what are you, then? Some sort of cheapo thug? Let me tell you something. It's not too hard to find a	-7.5859375	-8.1796875	-2.528645833333333	-2.7265625	3	3	-7.5859375	-8.1796875	-2.528645833333333	-2.7265625	0.59375	0.1979166666666665	True	True	If you need any help, let me know.	just	0.1979166666666665	0.59375	1	"Speaker 1: Is there anything I can do for you?
Speaker 2: I'm looking for a black, leather bag.
Speaker 1: How's this?
Speaker 2: I'm just looking.
Speaker 1: "	"Speaker 1: Is there anything I can do for you?
Speaker 2: I'm looking for a black, leather bag.
Speaker 1: How's this?
Speaker 2: I'm looking.
Speaker 1: "	Speaker 1
98	99	expanded_data	discourse_particle	0	just_e_1157	just	o	Is there something I can help you with?	No, I'm just browsing. Thanks anyway.	No, I'm browsing. Thanks anyway.	Ok.		P	No, I'm just browsing. Thanks anyway.	nucleus	base	0.9	1.0	20260416	1069069550	50	50	200	11	11	1-Have a nice day!	1-have a nice day!	1-Have a nice day!\nSpeaker 2: I didn't ask you to.	-18.224517822265625	-19.598876953125	-2.6035025460379466	-2.799839564732143	7	7	-18.224517822265625	-19.598876953125	-2.6035025460379466	-2.799839564732143	1.374359130859375	0.1963370186941961	True	True	Ok.	just	0.1963370186941961	1.374359130859375	1	"Speaker 1: Is there something I can help you with?
Speaker 2: No, I'm just browsing. Thanks anyway.
Speaker 1: "	"Speaker 1: Is there something I can help you with?
Speaker 2: No, I'm browsing. Thanks anyway.
Speaker 1: "	Speaker 1
99	100	expanded_data	discourse_particle	36	just_j_8556	just	h	I think I'm going to go home.	Why? We just got here.	Why? We got here.	I know, but it's 12		P	Why? We just got here.	nucleus	base	0.9	1.0	20260416	1188910665	50	50	200	38	38	They have bigger screens at home.	they have bigger screens at home.	 They have bigger screens at home.\nSpeaker 2: How many times do we have to go through this? You're not allowed to use that in an argument.\nSpeaker 1:  It's not an argument. I want to go home.\nSpeaker 2:  Just go. Go! We	-22.785400390625	-24.15625	-3.2550571986607144	-3.450892857142857	7	7	-22.785400390625	-24.15625	-3.2550571986607144	-3.450892857142857	1.370849609375	0.1958356584821428	True	True	I know, but it's 12	just	0.1958356584821428	1.370849609375	1	"Speaker 1: I think I'm going to go home.
Speaker 2: Why? We just got here.
Speaker 1: "	"Speaker 1: I think I'm going to go home.
Speaker 2: Why? We got here.
Speaker 1: "	Speaker 1
100	101	expanded_data	discourse_particle	36	just_j_8556	just	h	I think I'm going to go home.	Why? We just got here.	Why? We got here.	I know, but it's 12		P	Why? We just got here.	nucleus	base	0.9	1.0	20260416	1188910665	50	50	200	35	35	10 minutes.	10 minutes.	10 minutes.\nSpeaker 2: You know, you don't have a GPS.\nSpeaker 1: Don't need one.\nSpeaker 2: I saw something on the Discovery Channel.\nSpeaker 1: Why do you have to have a GPS?\nSpeaker 2: To get me where I'm going, baby	-7.3115234375	-7.8974609375	-2.4371744791666665	-2.6324869791666665	3	3	-7.3115234375	-7.8974609375	-2.4371744791666665	-2.6324869791666665	0.5859375	0.1953125	True	True	I know, but it's 12	just	0.1953125	0.5859375	1	"Speaker 1: I think I'm going to go home.
Speaker 2: Why? We just got here.
Speaker 1: "	"Speaker 1: I think I'm going to go home.
Speaker 2: Why? We got here.
Speaker 1: "	Speaker 1
101	102	expanded_data	discourse_particle	42	just_e_4966	just	o	Is my hair done yet?	Yeah, I just need to make the final touches.	Yeah, I need to make the final touches.	How long until you're finished?		P	Yeah, I just need to make the final touches.	nucleus	base	0.9	1.0	20260416	1831970959	50	50	200	41	41	5 more minutes?	5 more minutes?	5 more minutes?\nSpeaker 2: I think so.\nSpeaker 1: Finally, it’s done.\nThis small speech sample has 4 vowels, 12 consonants and 6 syllables. The word count is 19. Words are used here to describe the sounds, and are not part of the language	-7.281951904296875	-8.057159423828125	-1.8204879760742188	-2.0142898559570312	4	4	-7.281951904296875	-8.057159423828125	-1.8204879760742188	-2.0142898559570312	0.77520751953125	0.1938018798828125	True	True	How long until you're finished?	just	0.1938018798828125	0.77520751953125	0	"Speaker 1: Is my hair done yet?
Speaker 2: Yeah, I just need to make the final touches.
Speaker 1: "	"Speaker 1: Is my hair done yet?
Speaker 2: Yeah, I need to make the final touches.
Speaker 1: "	Speaker 1
102	103	expanded_data	discourse_particle	5	just_e_4508	just	o	Mom, have we got any cookies?	Cookies? You just ate an hour ago.	Cookies? You ate an hour ago.	I know, but I'm hungry.		P	Cookies? You just ate an hour ago.	nucleus	base	0.9	1.0	20260416	1255810015	50	50	200	6	6	I’m never full when I’m around food.	i’m never full when i’m around food.	 I’m never full when I’m around food.\nSpeaker 2:  They’re really good, though, aren’t they?\nSpeaker 1:  Yeah, we’ve got a good, good cookie here.\nWe’ve all been there. My wife and I, we love cookies. I used to	-24.5966796875	-26.53173828125	-2.45966796875	-2.653173828125	10	10	-24.5966796875	-26.53173828125	-2.45966796875	-2.653173828125	1.93505859375	0.1935058593750001	True	True	I know, but I'm hungry.	just	0.1935058593750001	1.93505859375	0	"Speaker 1: Mom, have we got any cookies?
Speaker 2: Cookies? You just ate an hour ago.
Speaker 1: "	"Speaker 1: Mom, have we got any cookies?
Speaker 2: Cookies? You ate an hour ago.
Speaker 1: "	Speaker 1
103	104	expanded_data	discourse_particle	36	just_j_8556	just	h	I think I'm going to go home.	Why? We just got here.	Why? We got here.	I know, but it's 12		P	Why? We just got here.	nucleus	base	0.9	1.0	20260416	1188910665	50	50	200	41	41	I don't feel well.	i don't feel well.	 I don't feel well.\nSpeaker 2:  Is there something wrong with you?\nSpeaker 1:  I'm starting to think so. I might be sick.\nSpeaker 2:  What should I do? Is there anything I can do?\nSpeaker 1:  Yes.	-6.744293212890625	-7.897544860839844	-1.1240488688151042	-1.3162574768066406	6	6	-6.744293212890625	-7.897544860839844	-1.1240488688151042	-1.3162574768066406	1.1532516479492188	0.1922086079915363	True	True	I know, but it's 12	just	0.1922086079915363	1.1532516479492188	1	"Speaker 1: I think I'm going to go home.
Speaker 2: Why? We just got here.
Speaker 1: "	"Speaker 1: I think I'm going to go home.
Speaker 2: Why? We got here.
Speaker 1: "	Speaker 1
104	105	expanded_data	discourse_particle	43	just_e_2762	just	o	Hi, can I help you?	No, thanks. I'm just looking.	No, thanks. I'm looking.	All right. If you need any help, just let me know. My name is Greg.		P	No, thanks. I'm just looking.	nucleus	base	0.9	1.0	20260416	892431323	50	50	200	17	17	40% off shoes.	40% off shoes.	40% off shoes.\nSpeaker 2: What are they?\nSpeaker 1: Nike's and Adidas. Brand new.\nSpeaker 2: Are they good shoes?\nSpeaker 1: They are excellent shoes.\nSpeaker 2: I'm not buying any shoes. It's too early.\nSpeaker 1: They	-12.807861328125	-13.767333984375	-2.561572265625	-2.753466796875	5	5	-12.807861328125	-13.767333984375	-2.561572265625	-2.753466796875	0.95947265625	0.19189453125	True	True	All right. If you need any help, just let me know. My name is Greg.	just	0.19189453125	0.95947265625	0	"Speaker 1: Hi, can I help you?
Speaker 2: No, thanks. I'm just looking.
Speaker 1: "	"Speaker 1: Hi, can I help you?
Speaker 2: No, thanks. I'm looking.
Speaker 1: "	Speaker 1
105	106	expanded_data	discourse_particle	39	just_e_1246	just	o	Good afternoon, ma'am. Can I help you find anything?	No, thanks. I'm just looking.	No, thanks. I'm looking.	We have a special on these skirts this week. Would you like to try one on?		P	No, thanks. I'm just looking.	nucleus	base	0.9	1.0	20260416	1062489368	50	50	200	43	43	40% off cardigans.	40% off cardigans.	40% off cardigans.\nSpeaker 2: OK.\nSpeaker 1: 40% off jeans.\nSpeaker 2: Do you have one in a 42?\nSpeaker 1: Yes, ma'am.\nSpeaker 2: Are there any discounts for jackets?\nSpeaker 1: No, ma'am,	-14.6776123046875	-15.8192138671875	-2.4462687174479165	-2.63653564453125	6	6	-14.6776123046875	-15.8192138671875	-2.4462687174479165	-2.63653564453125	1.1416015625	0.1902669270833334	True	True	We have a special on these skirts this week. Would you like to try one on?	just	0.1902669270833334	1.1416015625	0	"Speaker 1: Good afternoon, ma'am. Can I help you find anything?
Speaker 2: No, thanks. I'm just looking.
Speaker 1: "	"Speaker 1: Good afternoon, ma'am. Can I help you find anything?
Speaker 2: No, thanks. I'm looking.
Speaker 1: "	Speaker 1
106	107	expanded_data	discourse_particle	48	just_e_976	just	o	Is there anything I can do for you?__eou__I'm looking for a black, leather bag.__eou__How's this?	I'm just looking.	I'm looking.	If you need any help, let me know.		P	I'm just looking.	nucleus	base	0.9	1.0	20260416	711530636	50	50	200	9	9	6€.	6€.	6€.\nSpeaker 2: Why so cheap?\nSpeaker 1: They don't sell. Do you want it?\nSpeaker 2: Mm, No. Thank you.\nSpeaker 1: [in Polish] Ciao. See you soon.\nSpeaker 2: [in Polish] [not understood]	-13.09375	-13.6640625	-4.364583333333333	-4.5546875	3	3	-13.09375	-13.6640625	-4.364583333333333	-4.5546875	0.5703125	0.1901041666666669	True	True	If you need any help, let me know.	just	0.1901041666666669	0.5703125	1	"Speaker 1: Is there anything I can do for you?
Speaker 2: I'm looking for a black, leather bag.
Speaker 1: How's this?
Speaker 2: I'm just looking.
Speaker 1: "	"Speaker 1: Is there anything I can do for you?
Speaker 2: I'm looking for a black, leather bag.
Speaker 1: How's this?
Speaker 2: I'm looking.
Speaker 1: "	Speaker 1
107	108	expanded_data	discourse_particle	35	just_j_8362	just	h	let's go swimming.	But, we just finished eating lunch.	But, we finished eating lunch.	I know, but I'm really hot.		P	But, we just finished eating lunch.	nucleus	base	0.9	1.0	20260416	1023332715	50	50	200	48	48	Of course.	of course.	 Of course.\nSpeaker 1:  Let's go back to the house, wash off and then go swimming.\nSpeaker 2: Okay.\nSpeaker 3: Hi! Is this the original Star Wars movie?\nSpeaker 1: Yes. It's A New Hope . The first Star Wars movie.\nSpeaker	-9.239997863769531	-9.804054260253906	-3.079999287923177	-3.2680180867513022	3	3	-9.239997863769531	-9.804054260253906	-3.079999287923177	-3.2680180867513022	0.564056396484375	0.188018798828125	True	True	I know, but I'm really hot.	just	0.188018798828125	0.564056396484375	1	"Speaker 1: let's go swimming.
Speaker 2: But, we just finished eating lunch.
Speaker 1: "	"Speaker 1: let's go swimming.
Speaker 2: But, we finished eating lunch.
Speaker 1: "	Speaker 1
108	109	expanded_data	discourse_particle	43	just_e_2762	just	o	Hi, can I help you?	No, thanks. I'm just looking.	No, thanks. I'm looking.	All right. If you need any help, just let me know. My name is Greg.		P	No, thanks. I'm just looking.	nucleus	base	0.9	1.0	20260416	892431323	50	50	200	31	31	10% off today.	10% off today.	10% off today.\nSpeaker 2: Oh, is that for the sale?\nSpeaker 1: Yes, how about these? You can have 50% off.\nSpeaker 2: Oh, the time in a credit card?\nSpeaker 2: Uh, there's not a lot of people here now.	-7.702880859375	-8.63427734375	-1.540576171875	-1.72685546875	5	5	-7.702880859375	-8.63427734375	-1.540576171875	-1.72685546875	0.931396484375	0.186279296875	True	True	All right. If you need any help, just let me know. My name is Greg.	just	0.186279296875	0.931396484375	0	"Speaker 1: Hi, can I help you?
Speaker 2: No, thanks. I'm just looking.
Speaker 1: "	"Speaker 1: Hi, can I help you?
Speaker 2: No, thanks. I'm looking.
Speaker 1: "	Speaker 1
109	110	expanded_data	discourse_particle	48	just_e_976	just	o	Is there anything I can do for you?__eou__I'm looking for a black, leather bag.__eou__How's this?	I'm just looking.	I'm looking.	If you need any help, let me know.		P	I'm just looking.	nucleus	base	0.9	1.0	20260416	711530636	50	50	200	2	2	100 euros.	100 euros.	"100 euros.\nSpeaker 2: No, I said I'm just looking.\nSpeaker 1: What did you say?\nSpeaker 2: I said, ""I'm just looking.""\nSpeaker 1: Good morning.\nSpeaker 2: Good morning.\nSpeaker 1: I'd like to return this jacket.\n"	-8.6015625	-9.158203125	-2.8671875	-3.052734375	3	3	-8.6015625	-9.158203125	-2.8671875	-3.052734375	0.556640625	0.185546875	True	True	If you need any help, let me know.	just	0.185546875	0.556640625	1	"Speaker 1: Is there anything I can do for you?
Speaker 2: I'm looking for a black, leather bag.
Speaker 1: How's this?
Speaker 2: I'm just looking.
Speaker 1: "	"Speaker 1: Is there anything I can do for you?
Speaker 2: I'm looking for a black, leather bag.
Speaker 1: How's this?
Speaker 2: I'm looking.
Speaker 1: "	Speaker 1
110	111	expanded_data	discourse_particle	41	just_e_2612	just	o	Can I bring you anything else?	No, thank you. Just the check.	No, thank you. The check.	Let me get this.		P	No, thank you. Just the check.	nucleus	base	0.9	1.0	20260416	289692236	50	50	200	8	8	18% gratuity and $6.25?	18% gratuity and $6.25?	18% gratuity and $6.25?\nSpeaker 2: Sorry, I have no idea.\nSpeaker 1: Uh, you have no idea, or you won’t tell me?\nSpeaker 2: I have no idea.\nSpeaker 1: That would be two pieces of art and three tickets to the	-24.029052734375	-25.86756896972656	-2.4029052734375	-2.5867568969726564	10	10	-24.029052734375	-25.86756896972656	-2.4029052734375	-2.5867568969726564	1.8385162353515625	0.1838516235351566	True	True	Let me get this.	just	0.1838516235351566	1.8385162353515625	1	"Speaker 1: Can I bring you anything else?
Speaker 2: No, thank you. Just the check.
Speaker 1: "	"Speaker 1: Can I bring you anything else?
Speaker 2: No, thank you. The check.
Speaker 1: "	Speaker 1
111	112	expanded_data	discourse_particle	45	just_e_1267	just	o	Hi. Can I help you?	No, thanks. I’m just looking around.	No, thanks. I’m looking around.	Okay. Please let me know if you need any help.		P	No, thanks. I’m just looking around.	nucleus	base	0.9	1.0	20260416	372474554	50	50	200	13	13	15% off our shirts today.	15% off our shirts today.	15% off our shirts today.\nSpeaker 2: Oh, what? What time do you close?\nSpeaker 1: Oh, we’re not closing till late. We just got a new shipment in.\nSpeaker 2: Do you have a sale?\nSpeaker 1: Oh yeah, 15% off everything	-18.125732421875	-19.40625	-2.589390345982143	-2.7723214285714284	7	7	-18.125732421875	-19.40625	-2.589390345982143	-2.7723214285714284	1.280517578125	0.1829310825892856	True	True	Okay. Please let me know if you need any help.	just	0.1829310825892856	1.280517578125	1	"Speaker 1: Hi. Can I help you?
Speaker 2: No, thanks. I’m just looking around.
Speaker 1: "	"Speaker 1: Hi. Can I help you?
Speaker 2: No, thanks. I’m looking around.
Speaker 1: "	Speaker 1
112	113	expanded_data	discourse_particle	30	just_e_3966	just	o	Daniel, would you like to have a look at my dorm?__eou__Of course, I'd like to.	It is a small room, just for 4 people.	It is a small room, for 4 people.	What is in it?		P	It is a small room, just for 4 people.	nucleus	base	0.9	1.0	20260416	1247985298	50	50	200	22	20	4 people is not so much.	4 people is not so much.	4 people is not so much.\nSpeaker 1: You must have noticed that there's a big closet.\nSpeaker 2: This is what I'm interested in.\nSpeaker 1: You must be a fashion designer.\nSpeaker 2: Of course not, I'm a designer of ideas.\nSpeaker 1:	-9.45550537109375	-10.72314453125	-1.3507864815848214	-1.5318777901785714	7	7	-9.45550537109375	-10.72314453125	-1.3507864815848214	-1.5318777901785714	1.26763916015625	0.18109130859375	True	True	What is in it?	just	0.18109130859375	1.26763916015625	0	"Speaker 1: Daniel, would you like to have a look at my dorm?
Speaker 2: Of course, I'd like to.
Speaker 1: It is a small room, just for 4 people.
Speaker 2: "	"Speaker 1: Daniel, would you like to have a look at my dorm?
Speaker 2: Of course, I'd like to.
Speaker 1: It is a small room, for 4 people.
Speaker 2: "	Speaker 2
113	114	expanded_data	discourse_particle	48	just_e_976	just	o	Is there anything I can do for you?__eou__I'm looking for a black, leather bag.__eou__How's this?	I'm just looking.	I'm looking.	If you need any help, let me know.		P	I'm just looking.	nucleus	base	0.9	1.0	20260416	711530636	50	50	200	3	3	25 dollars.	25 dollars.	25 dollars.\nSpeaker 2: Yeah, I'm just looking. I don't need anything.\nSpeaker 1: I can change it. I just have to get some extra money.\nSpeaker 2: No thanks. See you.\nSpeaker 1: Bye.\nSpeaker 1: Is there anything I can do	-7.64453125	-8.181640625	-2.548177083333333	-2.7272135416666665	3	3	-7.64453125	-8.181640625	-2.548177083333333	-2.7272135416666665	0.537109375	0.179036458333333	True	True	If you need any help, let me know.	just	0.179036458333333	0.537109375	1	"Speaker 1: Is there anything I can do for you?
Speaker 2: I'm looking for a black, leather bag.
Speaker 1: How's this?
Speaker 2: I'm just looking.
Speaker 1: "	"Speaker 1: Is there anything I can do for you?
Speaker 2: I'm looking for a black, leather bag.
Speaker 1: How's this?
Speaker 2: I'm looking.
Speaker 1: "	Speaker 1
114	115	expanded_data	discourse_particle	43	just_e_2762	just	o	Hi, can I help you?	No, thanks. I'm just looking.	No, thanks. I'm looking.	All right. If you need any help, just let me know. My name is Greg.		P	No, thanks. I'm just looking.	nucleus	base	0.9	1.0	20260416	892431323	50	50	200	35	35	32 inch television, 32 inch TV.	32 inch television, 32 inch tv.	32 inch television, 32 inch TV.\nSpeaker 2: Do you have it for £100?\nSpeaker 1: Not under a £150, I'm afraid.\nSpeaker 2: Well, that's a bit dear.\nSpeaker 1: Yes, I know it is. But you see, I haven	-21.07958984375	-22.6875	-2.342176649305556	-2.520833333333333	9	9	-21.07958984375	-22.6875	-2.342176649305556	-2.520833333333333	1.60791015625	0.1786566840277781	True	True	All right. If you need any help, just let me know. My name is Greg.	just	0.1786566840277781	1.60791015625	0	"Speaker 1: Hi, can I help you?
Speaker 2: No, thanks. I'm just looking.
Speaker 1: "	"Speaker 1: Hi, can I help you?
Speaker 2: No, thanks. I'm looking.
Speaker 1: "	Speaker 1
115	116	expanded_data	discourse_particle	37	just_e_569	just	o	May I help you?	I'm just browsing, thanks.	I'm browsing, thanks.	We're on clearance sale now. Prices have up to twenty percent off. Do not miss the chance.		P	I'm just browsing, thanks.	nucleus	base	0.9	1.0	20260416	794732814	50	50	200	37	37	8.99 for that bag please.	8.99 for that bag please.	8.99 for that bag please.\nSpeaker 2: Just let me know when the money's in.\nSpeaker 1: Yeah. Just here for the day, right?\nSpeaker 1: Yes. Really cheap. 99p. 10 percent off.\nSpeaker 2: Where's the pizza slicer	-23.9580078125	-25.3798828125	-2.9947509765625	-3.1724853515625	8	8	-23.9580078125	-25.3798828125	-2.9947509765625	-3.1724853515625	1.421875	0.177734375	True	True	We're on clearance sale now. Prices have up to twenty percent off. Do not miss the chance.	just	0.177734375	1.421875	1	"Speaker 1: May I help you?
Speaker 2: I'm just browsing, thanks.
Speaker 1: "	"Speaker 1: May I help you?
Speaker 2: I'm browsing, thanks.
Speaker 1: "	Speaker 1
116	117	expanded_data	discourse_particle	36	just_j_8556	just	h	I think I'm going to go home.	Why? We just got here.	Why? We got here.	I know, but it's 12		P	Why? We just got here.	nucleus	base	0.9	1.0	20260416	1188910665	50	50	200	26	26	98 degrees in there.	98 degrees in there.	98 degrees in there.\nSpeaker 2: Yeah. No, this is nothing.\nSpeaker 3: You look sweaty.\nSpeaker 4: Yeah, she is sweaty.\nSpeaker 1: Yeah. It is a little hot.\nSpeaker 2: Come on, no, it's fine.\nSpeaker 1:	-16.283203125	-17.166015625	-3.256640625	-3.433203125	5	5	-16.283203125	-17.166015625	-3.256640625	-3.433203125	0.8828125	0.1765624999999997	True	True	I know, but it's 12	just	0.1765624999999997	0.8828125	1	"Speaker 1: I think I'm going to go home.
Speaker 2: Why? We just got here.
Speaker 1: "	"Speaker 1: I think I'm going to go home.
Speaker 2: Why? We got here.
Speaker 1: "	Speaker 1
117	118	expanded_data	discourse_particle	35	just_j_8362	just	h	let's go swimming.	But, we just finished eating lunch.	But, we finished eating lunch.	I know, but I'm really hot.		P	But, we just finished eating lunch.	nucleus	base	0.9	1.0	20260416	1023332715	50	50	200	17	17	It's too hot outside not to go for a swim. Let's go!	it's too hot outside not to go for a swim. let's go!	 It's too hot outside not to go for a swim. Let's go!\nSpeaker 2:  Okay.\nSwimming is a lot of fun, but it's not always so easy. If you don't do it correctly, you can easily get in trouble. So let's look at some tips to	-25.142807006835938	-27.952735900878903	-1.571425437927246	-1.7470459938049316	16	16	-25.142807006835938	-27.952735900878903	-1.571425437927246	-1.7470459938049316	2.8099288940429688	0.1756205558776855	True	True	I know, but I'm really hot.	just	0.1756205558776855	2.8099288940429688	1	"Speaker 1: let's go swimming.
Speaker 2: But, we just finished eating lunch.
Speaker 1: "	"Speaker 1: let's go swimming.
Speaker 2: But, we finished eating lunch.
Speaker 1: "	Speaker 1
118	119	expanded_data	discourse_particle	48	just_e_976	just	o	Is there anything I can do for you?__eou__I'm looking for a black, leather bag.__eou__How's this?	I'm just looking.	I'm looking.	If you need any help, let me know.		P	I'm just looking.	nucleus	base	0.9	1.0	20260416	711530636	50	50	200	13	13	25 pounds, sir.	25 pounds, sir.	25 pounds, sir.\nSpeaker 2: You've got the wrong man.\nSpeaker 1: 25 pounds, sir. For the bag.\nSpeaker 2: No, thank you. And you can take the bag.\nSpeaker 1: Thank you, sir.\nEl Presidente [ON TV]: We all	-11.119140625	-11.990234375	-2.223828125	-2.398046875	5	5	-11.119140625	-11.990234375	-2.223828125	-2.398046875	0.87109375	0.1742187500000001	True	True	If you need any help, let me know.	just	0.1742187500000001	0.87109375	1	"Speaker 1: Is there anything I can do for you?
Speaker 2: I'm looking for a black, leather bag.
Speaker 1: How's this?
Speaker 2: I'm just looking.
Speaker 1: "	"Speaker 1: Is there anything I can do for you?
Speaker 2: I'm looking for a black, leather bag.
Speaker 1: How's this?
Speaker 2: I'm looking.
Speaker 1: "	Speaker 1
119	120	expanded_data	discourse_particle	18	just_e_5758	just	o	Do you like the Harry potter books and movies?__eou__Not really!__eou__Why not? They are very fun and exiting.	Maybe, but I think they are just for kids.	Maybe, but I think they are for kids.	No, that’s not true. Many adults like the Harry potter books too.		P	Maybe, but I think they are just for kids.	nucleus	base	0.9	1.0	20260416	1795033904	50	50	200	19	19	Do you think Harry potter is just for kids?	do you think harry potter is just for kids?	 Do you think Harry potter is just for kids?\nSpeaker 2: It doesn’t seem like for adults and I don’t think adults like to read it. I think they’re just for kids, that’s my opinion.\nSpeaker 1:   But that’s not true. There are many adults who love	-12.425935745239258	-14.331811904907228	-1.129630522294478	-1.3028919913552024	11	11	-12.425935745239258	-14.331811904907228	-1.129630522294478	-1.3028919913552024	1.9058761596679688	0.1732614690607243	True	True	No, that’s not true. Many adults like the Harry potter books too.	just	0.1732614690607243	1.9058761596679688	0	"Speaker 1: Do you like the Harry potter books and movies?
Speaker 2: Not really!
Speaker 1: Why not? They are very fun and exiting.
Speaker 2: Maybe, but I think they are just for kids.
Speaker 1: "	"Speaker 1: Do you like the Harry potter books and movies?
Speaker 2: Not really!
Speaker 1: Why not? They are very fun and exiting.
Speaker 2: Maybe, but I think they are for kids.
Speaker 1: "	Speaker 1
120	121	expanded_data	discourse_particle	48	just_e_976	just	o	Is there anything I can do for you?__eou__I'm looking for a black, leather bag.__eou__How's this?	I'm just looking.	I'm looking.	If you need any help, let me know.		P	I'm just looking.	nucleus	base	0.9	1.0	20260416	711530636	50	50	200	8	8	15 francs, madam.	15 francs, madam.	15 francs, madam.\nSpeaker 2: Not that one.\nSpeaker 1: You're not serious!\nSpeaker 2: It's too small.\nSpeaker 1: Ah, a woman! I can't stand women.\nSpeaker 2: What?\nSpeaker 1: I'm not going to say	-15.113777160644531	-16.32653045654297	-2.1591110229492188	-2.332361493791853	7	7	-15.113777160644531	-16.32653045654297	-2.1591110229492188	-2.332361493791853	1.2127532958984375	0.1732504708426341	True	True	If you need any help, let me know.	just	0.1732504708426341	1.2127532958984375	1	"Speaker 1: Is there anything I can do for you?
Speaker 2: I'm looking for a black, leather bag.
Speaker 1: How's this?
Speaker 2: I'm just looking.
Speaker 1: "	"Speaker 1: Is there anything I can do for you?
Speaker 2: I'm looking for a black, leather bag.
Speaker 1: How's this?
Speaker 2: I'm looking.
Speaker 1: "	Speaker 1
121	122	expanded_data	discourse_particle	48	just_e_976	just	o	Is there anything I can do for you?__eou__I'm looking for a black, leather bag.__eou__How's this?	I'm just looking.	I'm looking.	If you need any help, let me know.		P	I'm just looking.	nucleus	base	0.9	1.0	20260416	711530636	50	50	200	20	20	35?	35?	35?\nSpeaker 2: This one?\nSpeaker 2: I don't have 35 euros.\nSpeaker 2: I don't have 35.\nSpeaker 1: Do you want to haggle?\nSpeaker 2: Do you think 20 is fair?\nSpeaker 1: We can go higher	-8.556640625	-8.896484375	-4.2783203125	-4.4482421875	2	2	-8.556640625	-8.896484375	-4.2783203125	-4.4482421875	0.33984375	0.169921875	True	True	If you need any help, let me know.	just	0.169921875	0.33984375	1	"Speaker 1: Is there anything I can do for you?
Speaker 2: I'm looking for a black, leather bag.
Speaker 1: How's this?
Speaker 2: I'm just looking.
Speaker 1: "	"Speaker 1: Is there anything I can do for you?
Speaker 2: I'm looking for a black, leather bag.
Speaker 1: How's this?
Speaker 2: I'm looking.
Speaker 1: "	Speaker 1
122	123	expanded_data	discourse_particle	42	just_e_4966	just	o	Is my hair done yet?	Yeah, I just need to make the final touches.	Yeah, I need to make the final touches.	How long until you're finished?		P	Yeah, I just need to make the final touches.	nucleus	base	0.9	1.0	20260416	1831970959	50	50	200	38	38	30 minutes late and my hair’s not even done?	30 minutes late and my hair’s not even done?	30 minutes late and my hair’s not even done?\nSpeaker 2: Have some patience.\nSpeaker 1: I think we’re going to be late.\nSpeaker 2: Patience, dear.\nSpeaker 1: Patience? Please don’t use that word again.\nSpeaker 2: Well, I’m	-21.0189208984375	-22.8748779296875	-1.9108109907670447	-2.0795343572443183	11	11	-21.0189208984375	-22.8748779296875	-1.9108109907670447	-2.0795343572443183	1.85595703125	0.1687233664772729	True	True	How long until you're finished?	just	0.1687233664772729	1.85595703125	0	"Speaker 1: Is my hair done yet?
Speaker 2: Yeah, I just need to make the final touches.
Speaker 1: "	"Speaker 1: Is my hair done yet?
Speaker 2: Yeah, I need to make the final touches.
Speaker 1: "	Speaker 1
123	124	expanded_data	discourse_particle	37	just_e_569	just	o	May I help you?	I'm just browsing, thanks.	I'm browsing, thanks.	We're on clearance sale now. Prices have up to twenty percent off. Do not miss the chance.		P	I'm just browsing, thanks.	nucleus	base	0.9	1.0	20260416	794732814	50	50	200	31	31	30 quid. It's a 60 quid shirt.	30 quid. it's a 60 quid shirt.	30 quid. It's a 60 quid shirt.\nSpeaker 2: I'm just browsing, okay?\nSpeaker 1: No point being cheeky.\nSpeaker 2: The ultimate goal of our life is peace and happiness.\nTranslator 1: For just 60 dollars, you can buy a shirt	-29.51085662841797	-31.69951820373535	-2.27006589449369	-2.438424477210412	13	13	-29.51085662841797	-31.69951820373535	-2.27006589449369	-2.438424477210412	2.188661575317383	0.1683585827167215	True	True	We're on clearance sale now. Prices have up to twenty percent off. Do not miss the chance.	just	0.1683585827167215	2.188661575317383	1	"Speaker 1: May I help you?
Speaker 2: I'm just browsing, thanks.
Speaker 1: "	"Speaker 1: May I help you?
Speaker 2: I'm browsing, thanks.
Speaker 1: "	Speaker 1
124	125	expanded_data	discourse_particle	35	just_j_8362	just	h	let's go swimming.	But, we just finished eating lunch.	But, we finished eating lunch.	I know, but I'm really hot.		P	But, we just finished eating lunch.	nucleus	base	0.9	1.0	20260416	1023332715	50	50	200	43	43	Swimming is good for your body.	swimming is good for your body.	 Swimming is good for your body.\nSpeaker 2: And our lunch was a big salad.\nSpeaker 1:  Well, let's have ice cream instead.\nSpeaker 2: Ice cream after a salad?\nSpeaker 1:  Sometimes, it's okay.\nSpeaker 2:  	-11.73291015625	-12.90869140625	-1.6761300223214286	-1.8440987723214288	7	7	-11.73291015625	-12.90869140625	-1.6761300223214286	-1.8440987723214288	1.17578125	0.16796875	True	True	I know, but I'm really hot.	just	0.16796875	1.17578125	1	"Speaker 1: let's go swimming.
Speaker 2: But, we just finished eating lunch.
Speaker 1: "	"Speaker 1: let's go swimming.
Speaker 2: But, we finished eating lunch.
Speaker 1: "	Speaker 1
125	126	expanded_data	discourse_particle	2	just_j_2485	just	h	I'm looking for some fresh produce that's on sale.	Well, we just got in some mangoes.	Well, we got in some mangoes.	Mangoes. What are they?		P	Well, we just got in some mangoes.	nucleus	base	0.9	1.0	20260416	545491132	50	50	200	38	38	20% off for card members.	20% off for card members.	20% off for card members.\nSpeaker 2: We're not even members.\nSpeaker 1: Right. Well, I'd love to be.\nSpeaker 2: You know, I bet this would be cheaper if we just went to the corner store.\nSpeaker 1: Yeah, but they only have kale	-16.65252685546875	-17.824951171875	-2.378932407924107	-2.546421595982143	7	7	-16.65252685546875	-17.824951171875	-2.378932407924107	-2.546421595982143	1.17242431640625	0.1674891880580356	True	True	Mangoes. What are they?	just	0.1674891880580356	1.17242431640625	1	"Speaker 1: I'm looking for some fresh produce that's on sale.
Speaker 2: Well, we just got in some mangoes.
Speaker 1: "	"Speaker 1: I'm looking for some fresh produce that's on sale.
Speaker 2: Well, we got in some mangoes.
Speaker 1: "	Speaker 1
126	127	expanded_data	discourse_particle	48	just_e_976	just	o	Is there anything I can do for you?__eou__I'm looking for a black, leather bag.__eou__How's this?	I'm just looking.	I'm looking.	If you need any help, let me know.		P	I'm just looking.	nucleus	base	0.9	1.0	20260416	711530636	50	50	200	14	14	95?	95?	95?\nSpeaker 2: It's not quite what I'm looking for.\nSpeaker 1: OK.\nSpeaker 2: Thank you.\nSpeaker 1: You're welcome.\nUnit: Whose Hat?\nKim Sook looks at a woman sitting next to her on the subway and says to herself: That looks	-10.74609375	-11.078125	-5.373046875	-5.5390625	2	2	-10.74609375	-11.078125	-5.373046875	-5.5390625	0.33203125	0.166015625	True	True	If you need any help, let me know.	just	0.166015625	0.33203125	1	"Speaker 1: Is there anything I can do for you?
Speaker 2: I'm looking for a black, leather bag.
Speaker 1: How's this?
Speaker 2: I'm just looking.
Speaker 1: "	"Speaker 1: Is there anything I can do for you?
Speaker 2: I'm looking for a black, leather bag.
Speaker 1: How's this?
Speaker 2: I'm looking.
Speaker 1: "	Speaker 1
127	128	expanded_data	discourse_particle	37	just_e_569	just	o	May I help you?	I'm just browsing, thanks.	I'm browsing, thanks.	We're on clearance sale now. Prices have up to twenty percent off. Do not miss the chance.		P	I'm just browsing, thanks.	nucleus	base	0.9	1.0	20260416	794732814	50	50	200	14	14	10% off everything, in today only!	10% off everything, in today only!	10% off everything, in today only!\nSpeaker 2: What do you have to offer?\nSpeaker 1: Glasses, suits, tuxedos, belts, shoes, watches, I have a special offer on the watches, only £50, a bargain.\nSpeaker 2: OK, thanks, I	-22.523681640625	-24.015869140625	-2.5026312934027777	-2.668429904513889	9	9	-22.523681640625	-24.015869140625	-2.5026312934027777	-2.668429904513889	1.4921875	0.1657986111111111	True	True	We're on clearance sale now. Prices have up to twenty percent off. Do not miss the chance.	just	0.1657986111111111	1.4921875	1	"Speaker 1: May I help you?
Speaker 2: I'm just browsing, thanks.
Speaker 1: "	"Speaker 1: May I help you?
Speaker 2: I'm browsing, thanks.
Speaker 1: "	Speaker 1
128	129	expanded_data	discourse_particle	8	just_j_498	just	h	I'm hungry. Do we have anything to eat?	Just a few cookies.	A few cookies.	That's fine with me.		P	Just a few cookies.	nucleus	base	0.9	1.0	20260416	470286339	50	50	200	39	39	That should be enough.	that should be enough.	 That should be enough.\nSpeaker 2: But you don't have a spoon.\nSpeaker 1: What's a spoon?\nSpeaker 2: A round stick that you use to put things in your mouth.\nSpeaker 1: Oh, I think I have some. What else is for dessert?\nSpeaker 2	-9.0059814453125	-9.8338623046875	-1.8011962890625	-1.9667724609375	5	5	-9.0059814453125	-9.8338623046875	-1.8011962890625	-1.9667724609375	0.827880859375	0.1655761718749999	True	True	That's fine with me.	just	0.1655761718749999	0.827880859375	0	"Speaker 1: I'm hungry. Do we have anything to eat?
Speaker 2: Just a few cookies.
Speaker 1: "	"Speaker 1: I'm hungry. Do we have anything to eat?
Speaker 2: A few cookies.
Speaker 1: "	Speaker 1
129	130	expanded_data	discourse_particle	25	just_j_12662	just	h	Is everything all right?__eou__Not at all.__eou__What's the problem?	Someone just robbed me.	Someone robbed me.	What do you mean?		P	Someone just robbed me.	nucleus	base	0.9	1.0	20260416	310199087	50	50	200	42	37	Then why are you standing there?	then why are you standing there?	 Then why are you standing there?\nSpeaker 2:  I am too shocked to move.\nSpeaker 1: You mean you are too afraid to move.\nSpeaker 2: No, I am in a state of shock.\nSpeaker 1:  It means that you are stunned, surprised or amazed	-14.95245361328125	-16.107589721679688	-2.1360648018973216	-2.301084245954241	7	7	-14.95245361328125	-16.107589721679688	-2.1360648018973216	-2.301084245954241	1.1551361083984375	0.1650194440569192	True	True	What do you mean?	just	0.1650194440569192	1.1551361083984375	0	"Speaker 1: Is everything all right?
Speaker 2: Not at all.
Speaker 1: What's the problem?
Speaker 2: Someone just robbed me.
Speaker 1: "	"Speaker 1: Is everything all right?
Speaker 2: Not at all.
Speaker 1: What's the problem?
Speaker 2: Someone robbed me.
Speaker 1: "	Speaker 1
130	131	expanded_data	discourse_particle	43	just_e_2762	just	o	Hi, can I help you?	No, thanks. I'm just looking.	No, thanks. I'm looking.	All right. If you need any help, just let me know. My name is Greg.		P	No, thanks. I'm just looking.	nucleus	base	0.9	1.0	20260416	892431323	50	50	200	44	44	100% pure silk. Imported from Italy. Isn't it beautiful? This material is so elegant.	100% pure silk. imported from italy. isn't it beautiful? this material is so elegant.	100% pure silk. Imported from Italy. Isn't it beautiful? This material is so elegant.\nSpeaker 2: Yes, it is beautiful. But it's too expensive.\nSpeaker 1: Are you sure? This blouse is only $15.\nSpeaker 2: No, thank you. It's too expensive	-45.94774627685547	-49.2386474609375	-2.2973873138427736	-2.461932373046875	20	20	-45.94774627685547	-49.2386474609375	-2.2973873138427736	-2.461932373046875	3.2909011840820312	0.1645450592041015	True	True	All right. If you need any help, just let me know. My name is Greg.	just	0.1645450592041015	3.2909011840820312	0	"Speaker 1: Hi, can I help you?
Speaker 2: No, thanks. I'm just looking.
Speaker 1: "	"Speaker 1: Hi, can I help you?
Speaker 2: No, thanks. I'm looking.
Speaker 1: "	Speaker 1
131	132	expanded_data	discourse_particle	35	just_j_8362	just	h	let's go swimming.	But, we just finished eating lunch.	But, we finished eating lunch.	I know, but I'm really hot.		P	But, we just finished eating lunch.	nucleus	base	0.9	1.0	20260416	1023332715	50	50	200	25	25	16:10:00 Right, so we should eat some more food, right?	16:10:00 right, so we should eat some more food, right?	16:10:00 Right, so we should eat some more food, right?\nSpeaker 2: All right.\nWe're going to start a new conversation in a moment, but you have some exercises to do first. Please turn to page 39 in your workbook. In number 7 of Chapter 6.	-46.498046875	-49.294921875	-2.7351792279411766	-2.899701286764706	17	17	-46.498046875	-49.294921875	-2.7351792279411766	-2.899701286764706	2.796875	0.1645220588235294	True	True	I know, but I'm really hot.	just	0.1645220588235294	2.796875	1	"Speaker 1: let's go swimming.
Speaker 2: But, we just finished eating lunch.
Speaker 1: "	"Speaker 1: let's go swimming.
Speaker 2: But, we finished eating lunch.
Speaker 1: "	Speaker 1
132	133	expanded_data	discourse_particle	48	just_e_976	just	o	Is there anything I can do for you?__eou__I'm looking for a black, leather bag.__eou__How's this?	I'm just looking.	I'm looking.	If you need any help, let me know.		P	I'm just looking.	nucleus	base	0.9	1.0	20260416	711530636	50	50	200	1	1	50 cents.	50 cents.	50 cents.\nSpeaker 2: I'll take it.\nSpeaker 3: I am being harassed by an unknown individual. Please send help to the following coordinates.\nSpeaker 2: I'm on it.\nSpeaker 3: Thanks.	-9.11328125	-9.60546875	-3.0377604166666665	-3.2018229166666665	3	3	-9.11328125	-9.60546875	-3.0377604166666665	-3.2018229166666665	0.4921875	0.1640625	True	True	If you need any help, let me know.	just	0.1640625	0.4921875	1	"Speaker 1: Is there anything I can do for you?
Speaker 2: I'm looking for a black, leather bag.
Speaker 1: How's this?
Speaker 2: I'm just looking.
Speaker 1: "	"Speaker 1: Is there anything I can do for you?
Speaker 2: I'm looking for a black, leather bag.
Speaker 1: How's this?
Speaker 2: I'm looking.
Speaker 1: "	Speaker 1
133	134	expanded_data	discourse_particle	48	just_e_976	just	o	Is there anything I can do for you?__eou__I'm looking for a black, leather bag.__eou__How's this?	I'm just looking.	I'm looking.	If you need any help, let me know.		P	I'm just looking.	nucleus	base	0.9	1.0	20260416	711530636	50	50	200	21	21	20,000 won.	20,000 won.	20,000 won.\nSpeaker 2: Please.\nSpeaker 1: Here you go.\nSpeaker 2: Please.\nSpeaker 1: Here you go. Thank you. Bye bye.\nSpeaker 2: Bye bye. Bye bye. Bye bye. Bye bye.\nSpeaker 3: Hi there.\nSpeaker 	-9.78271484375	-10.59912109375	-1.95654296875	-2.11982421875	5	5	-9.78271484375	-10.59912109375	-1.95654296875	-2.11982421875	0.81640625	0.1632812499999998	True	True	If you need any help, let me know.	just	0.1632812499999998	0.81640625	1	"Speaker 1: Is there anything I can do for you?
Speaker 2: I'm looking for a black, leather bag.
Speaker 1: How's this?
Speaker 2: I'm just looking.
Speaker 1: "	"Speaker 1: Is there anything I can do for you?
Speaker 2: I'm looking for a black, leather bag.
Speaker 1: How's this?
Speaker 2: I'm looking.
Speaker 1: "	Speaker 1
134	135	expanded_data	discourse_particle	43	just_e_2762	just	o	Hi, can I help you?	No, thanks. I'm just looking.	No, thanks. I'm looking.	All right. If you need any help, just let me know. My name is Greg.		P	No, thanks. I'm just looking.	nucleus	base	0.9	1.0	20260416	892431323	50	50	200	49	49	10% off for a full order today!	10% off for a full order today!	10% off for a full order today!\nSpeaker 2: Not today, thanks.\nSpeaker 1: Ok, have a good day.\nSpeaker 2: Thanks, you too.\nSpeak the correct and natural sounding English in every situation.\nLearn the exact phrases and sentences which are used every day in every situation.\n	-25.229248046875	-26.69873046875	-2.803249782986111	-2.966525607638889	9	9	-25.229248046875	-26.69873046875	-2.803249782986111	-2.966525607638889	1.469482421875	0.1632758246527776	True	True	All right. If you need any help, just let me know. My name is Greg.	just	0.1632758246527776	1.469482421875	0	"Speaker 1: Hi, can I help you?
Speaker 2: No, thanks. I'm just looking.
Speaker 1: "	"Speaker 1: Hi, can I help you?
Speaker 2: No, thanks. I'm looking.
Speaker 1: "	Speaker 1
135	136	expanded_data	discourse_particle	39	just_e_1246	just	o	Good afternoon, ma'am. Can I help you find anything?	No, thanks. I'm just looking.	No, thanks. I'm looking.	We have a special on these skirts this week. Would you like to try one on?		P	No, thanks. I'm just looking.	nucleus	base	0.9	1.0	20260416	1062489368	50	50	200	37	37	30% off tops for girls.	30% off tops for girls.	30% off tops for girls.\nSpeaker 2: Nice choice. Oh, you'd like a smaller size?\nSpeaker 1: You said you were looking for your friend. I'm sure she'll be here soon. Her mom dropped her off. Just wait for a moment.\nSpeaker 2: Yes, of	-22.726806640625	-23.869384765625	-3.2466866629464284	-3.409912109375	7	7	-22.726806640625	-23.869384765625	-3.2466866629464284	-3.409912109375	1.142578125	0.1632254464285716	True	True	We have a special on these skirts this week. Would you like to try one on?	just	0.1632254464285716	1.142578125	0	"Speaker 1: Good afternoon, ma'am. Can I help you find anything?
Speaker 2: No, thanks. I'm just looking.
Speaker 1: "	"Speaker 1: Good afternoon, ma'am. Can I help you find anything?
Speaker 2: No, thanks. I'm looking.
Speaker 1: "	Speaker 1
136	137	expanded_data	discourse_particle	3	just_e_2798	just	o	Hello, sir. Is there anything I can help you find?	Um ... Uh ... I'm just looking, thanks.	Um ... Uh ... I'm looking, thanks.	Need a gift for your girlfriend or wife?		P	Um ... Uh ... I'm just looking, thanks.	nucleus	base	0.9	1.0	20260416	1422891503	50	50	200	32	32	Are you having any difficulty finding anything in particular?	are you having any difficulty finding anything in particular?	 Are you having any difficulty finding anything in particular?\nSpeaker 2:  Well, the …, do you have any …?\nSpeaker 1:  Would you like to look around for a while and then ask me for assistance when you need it?\nSpeaker 2:  I don't know	-15.94158935546875	-17.564453125	-1.594158935546875	-1.7564453125	10	10	-15.94158935546875	-17.564453125	-1.594158935546875	-1.7564453125	1.62286376953125	0.1622863769531248	True	True	Need a gift for your girlfriend or wife?	just	0.1622863769531248	1.62286376953125	1	"Speaker 1: Hello, sir. Is there anything I can help you find?
Speaker 2: Um ... Uh ... I'm just looking, thanks.
Speaker 1: "	"Speaker 1: Hello, sir. Is there anything I can help you find?
Speaker 2: Um ... Uh ... I'm looking, thanks.
Speaker 1: "	Speaker 1
137	138	expanded_data	discourse_particle	36	just_j_8556	just	h	I think I'm going to go home.	Why? We just got here.	Why? We got here.	I know, but it's 12		P	Why? We just got here.	nucleus	base	0.9	1.0	20260416	1188910665	50	50	200	29	29	8:00 is my bedtime.	8:00 is my bedtime.	8:00 is my bedtime.\nSpeaker 2: I'm serious. I think we just got here, like two minutes ago.\nSpeaker 1: My parents say that two hours of sleep is not worth a movie.\nSpeaker 2: [chuckles] Two hours of sleep is not worth a movie?\nSpeaker	-12.92919921875	-14.05908203125	-1.8470284598214288	-2.008440290178572	7	7	-12.92919921875	-14.05908203125	-1.8470284598214288	-2.008440290178572	1.1298828125	0.161411830357143	True	True	I know, but it's 12	just	0.161411830357143	1.1298828125	1	"Speaker 1: I think I'm going to go home.
Speaker 2: Why? We just got here.
Speaker 1: "	"Speaker 1: I think I'm going to go home.
Speaker 2: Why? We got here.
Speaker 1: "	Speaker 1
138	139	expanded_data	discourse_particle	41	just_e_2612	just	o	Can I bring you anything else?	No, thank you. Just the check.	No, thank you. The check.	Let me get this.		P	No, thank you. Just the check.	nucleus	base	0.9	1.0	20260416	289692236	50	50	200	10	10	Okay. Can I get you to sign here?	okay. can i get you to sign here?	 Okay. Can I get you to sign here?\nSpeaker 2: Oh, you’re not finished. You still have the roast.\nSpeaker 1:   Sorry, but I was trying to help.\nIt’s understandable that we’re keen to be nice. It’s just that in some cultures the desire to be	-13.75482177734375	-15.3653564453125	-1.375482177734375	-1.53653564453125	10	10	-13.75482177734375	-15.3653564453125	-1.375482177734375	-1.53653564453125	1.61053466796875	0.1610534667968748	True	True	Let me get this.	just	0.1610534667968748	1.61053466796875	1	"Speaker 1: Can I bring you anything else?
Speaker 2: No, thank you. Just the check.
Speaker 1: "	"Speaker 1: Can I bring you anything else?
Speaker 2: No, thank you. The check.
Speaker 1: "	Speaker 1
139	140	expanded_data	discourse_particle	30	just_e_3966	just	o	Daniel, would you like to have a look at my dorm?__eou__Of course, I'd like to.	It is a small room, just for 4 people.	It is a small room, for 4 people.	What is in it?		P	It is a small room, just for 4 people.	nucleus	base	0.9	1.0	20260416	1247985298	50	50	200	16	15	4 people, that's not too many.	4 people, that's not too many.	4 people, that's not too many.\nSpeaker 1: Yes, 4 people for 3 square meters.\nSpeaker 2: That's a bit small, isn't it?\nSpeaker 1: Exactly, that's why we have to keep everything in order.\nSpeaker 2: OK, then let's	-12.61981201171875	-14.05322265625	-1.4022013346354167	-1.5614691840277777	9	9	-12.61981201171875	-14.05322265625	-1.4022013346354167	-1.5614691840277777	1.43341064453125	0.1592678493923609	True	True	What is in it?	just	0.1592678493923609	1.43341064453125	0	"Speaker 1: Daniel, would you like to have a look at my dorm?
Speaker 2: Of course, I'd like to.
Speaker 1: It is a small room, just for 4 people.
Speaker 2: "	"Speaker 1: Daniel, would you like to have a look at my dorm?
Speaker 2: Of course, I'd like to.
Speaker 1: It is a small room, for 4 people.
Speaker 2: "	Speaker 2
140	141	expanded_data	discourse_particle	30	just_e_3966	just	o	Daniel, would you like to have a look at my dorm?__eou__Of course, I'd like to.	It is a small room, just for 4 people.	It is a small room, for 4 people.	What is in it?		P	It is a small room, just for 4 people.	nucleus	base	0.9	1.0	20260416	1247985298	50	50	200	54	49	4 people is small number of people.	4 people is small number of people.	4 people is small number of people.\nSpeaker 1: The room is have one bed and one double bed.\nSpeaker 1: There is a small table, a small cabinet and one big mirror.\nSpeaker 2: The room is very tidy. I really like it.	-14.84320068359375	-16.116943359375	-1.8554000854492188	-2.014617919921875	8	8	-14.84320068359375	-16.116943359375	-1.8554000854492188	-2.014617919921875	1.27374267578125	0.1592178344726562	True	True	What is in it?	just	0.1592178344726562	1.27374267578125	0	"Speaker 1: Daniel, would you like to have a look at my dorm?
Speaker 2: Of course, I'd like to.
Speaker 1: It is a small room, just for 4 people.
Speaker 2: "	"Speaker 1: Daniel, would you like to have a look at my dorm?
Speaker 2: Of course, I'd like to.
Speaker 1: It is a small room, for 4 people.
Speaker 2: "	Speaker 2
141	142	expanded_data	discourse_particle	13	just_j_10613	just	h	Oh, I think I broke my leg.__eou__Here, sir. Sit down in this wheel chair.__eou__Thanks.	The doctor will be with you in a moment. I just need to ask you a few questions.	The doctor will be with you in a moment. I need to ask you a few questions.	All right.		P	The doctor will be with you in a moment. I just need to ask you a few questions.	nucleus	base	0.9	1.0	20260416	1855650930	50	50	200	29	29	30?	30?	30?\nSpeaker 2: I'll do my best. Age and sex.\nSpeaker 1: 41.\nSpeaker 2: What is the name of the drug that you've been prescribed for your pain?\nSpeaker 1: Hydromorphone. Is there anything else I can do for you?\nSpeaker	-7.94140625	-8.259765625	-3.970703125	-4.1298828125	2	2	-7.94140625	-8.259765625	-3.970703125	-4.1298828125	0.318359375	0.1591796875	True	True	All right.	just	0.1591796875	0.318359375	1	"Speaker 1: Oh, I think I broke my leg.
Speaker 2: Here, sir. Sit down in this wheel chair.
Speaker 1: Thanks.
Speaker 2: The doctor will be with you in a moment. I just need to ask you a few questions.
Speaker 1: "	"Speaker 1: Oh, I think I broke my leg.
Speaker 2: Here, sir. Sit down in this wheel chair.
Speaker 1: Thanks.
Speaker 2: The doctor will be with you in a moment. I need to ask you a few questions.
Speaker 1: "	Speaker 1
142	143	expanded_data	discourse_particle	23	just_e_9687	just	o	Excuse me, here is my claim tag, but I can't find my baggage.__eou__How many pieces of baggage have you lost?	Just one piece.	One piece.	Can you tell me the features of your baggage?		P	Just one piece.	nucleus	base	0.9	1.0	20260416	187948156	50	50	200	44	44	你们找到我的行李了吗？Here is my claim tag, but I can't find my baggage. 我有多行李包被遗失了？Just one piece.	你们找到我的行李了吗？here is my claim tag, but i can't find my baggage. 我有多行李包被遗失了？just one piece.	你们找到我的行李了吗？Here is my claim tag, but I can't find my baggage. 我有多行李包被遗失了？Just one piece.\nSpeaker 1: Excuse me, here is my claim tag, but I can't find my baggage.\nSpeaker 2: How	-46.44974136352539	-52.33400535583496	-1.255398415230416	-1.4144325771847286	37	37	-46.44974136352539	-52.33400535583496	-1.255398415230416	-1.4144325771847286	5.88426399230957	0.1590341619543125	True	True	Can you tell me the features of your baggage?	just	0.1590341619543125	5.88426399230957	1	"Speaker 1: Excuse me, here is my claim tag, but I can't find my baggage.
Speaker 2: How many pieces of baggage have you lost?
Speaker 1: Just one piece.
Speaker 2: "	"Speaker 1: Excuse me, here is my claim tag, but I can't find my baggage.
Speaker 2: How many pieces of baggage have you lost?
Speaker 1: One piece.
Speaker 2: "	Speaker 2
143	144	expanded_data	discourse_particle	5	just_e_4508	just	o	Mom, have we got any cookies?	Cookies? You just ate an hour ago.	Cookies? You ate an hour ago.	I know, but I'm hungry.		P	Cookies? You just ate an hour ago.	nucleus	base	0.9	1.0	20260416	1255810015	50	50	200	40	38	I had a snack.	i had a snack.	 I had a snack.\nSpeaker 2: When you snack on cookies, that’s called a meal.\nI think that once kids hit about two and a half years old, they just get hungry all the time. If you’re going out for the day, chances are they’re going to be asking for a snack	-10.6025390625	-11.3974609375	-2.1205078125	-2.2794921875	5	5	-10.6025390625	-11.3974609375	-2.1205078125	-2.2794921875	0.794921875	0.1589843749999997	True	True	I know, but I'm hungry.	just	0.1589843749999997	0.794921875	0	"Speaker 1: Mom, have we got any cookies?
Speaker 2: Cookies? You just ate an hour ago.
Speaker 1: "	"Speaker 1: Mom, have we got any cookies?
Speaker 2: Cookies? You ate an hour ago.
Speaker 1: "	Speaker 1
144	145	expanded_data	discourse_particle	36	just_j_8556	just	h	I think I'm going to go home.	Why? We just got here.	Why? We got here.	I know, but it's 12		P	Why? We just got here.	nucleus	base	0.9	1.0	20260416	1188910665	50	50	200	33	33	11 hours of eating meat and potatoes and ice cream sandwiches just got here.	11 hours of eating meat and potatoes and ice cream sandwiches just got here.	11 hours of eating meat and potatoes and ice cream sandwiches just got here.\nSpeaker 2: Yes, but our meal is vegetarian.\nSpeaker 3: No, mine is meaty.\nSpeaker 4: Well, can you share it with me?\nSpeaker 1: Not if you're bringing home one of those	-50.141357421875	-52.517822265625	-3.342757161458333	-3.5011881510416667	15	15	-50.141357421875	-52.517822265625	-3.342757161458333	-3.5011881510416667	2.37646484375	0.1584309895833335	True	True	I know, but it's 12	just	0.1584309895833335	2.37646484375	1	"Speaker 1: I think I'm going to go home.
Speaker 2: Why? We just got here.
Speaker 1: "	"Speaker 1: I think I'm going to go home.
Speaker 2: Why? We got here.
Speaker 1: "	Speaker 1
145	146	expanded_data	discourse_particle	1	just_j_5467	just	h	I want to leave the motorbike outdoors.	Fine, just don't do it at night.	Fine, don't do it at night.	Why not?		P	Fine, just don't do it at night.	nucleus	base	0.9	1.0	20260416	788549607	50	50	200	3	3	12 in the afternoon is daylight, right?	12 in the afternoon is daylight, right?	12 in the afternoon is daylight, right?\nSpeaker 2: That's daylight, yes.\nSpeaker 1: What time is it?\nSpeaker 2: It's half-past ten.\nSpeaker 1: So I'm legal, right?\nSpeaker 2: You're legal. Just make sure you're back	-22.052490234375	-23.4779052734375	-2.450276692708333	-2.608656141493056	9	9	-22.052490234375	-23.4779052734375	-2.450276692708333	-2.608656141493056	1.4254150390625	0.1583794487847218	True	True	Why not?	just	0.1583794487847218	1.4254150390625	1	"Speaker 1: I want to leave the motorbike outdoors.
Speaker 2: Fine, just don't do it at night.
Speaker 1: "	"Speaker 1: I want to leave the motorbike outdoors.
Speaker 2: Fine, don't do it at night.
Speaker 1: "	Speaker 1
146	147	expanded_data	discourse_particle	23	just_e_9687	just	o	Excuse me, here is my claim tag, but I can't find my baggage.__eou__How many pieces of baggage have you lost?	Just one piece.	One piece.	Can you tell me the features of your baggage?		P	Just one piece.	nucleus	base	0.9	1.0	20260416	187948156	50	50	200	37	37	34E. Is it medium-sized?	34e. is it medium-sized?	34E. Is it medium-sized?\nSpeaker 1: Yes, it is.\nSpeaker 2: Okay. Follow me. How did it happen?\nSpeaker 1: I don't know. I saw my baggage, but I couldn't get it. I think I have lost my baggage.\nSpeaker 2:	-29.841796875	-31.0986328125	-3.730224609375	-3.8873291015625	8	8	-29.841796875	-31.0986328125	-3.730224609375	-3.8873291015625	1.2568359375	0.1571044921875	True	True	Can you tell me the features of your baggage?	just	0.1571044921875	1.2568359375	1	"Speaker 1: Excuse me, here is my claim tag, but I can't find my baggage.
Speaker 2: How many pieces of baggage have you lost?
Speaker 1: Just one piece.
Speaker 2: "	"Speaker 1: Excuse me, here is my claim tag, but I can't find my baggage.
Speaker 2: How many pieces of baggage have you lost?
Speaker 1: One piece.
Speaker 2: "	Speaker 2
147	148	expanded_data	discourse_particle	51	just_j_2401	just	h	This motor oil case is still really slippery.__eou__Yeah, time for more coffee!__eou__Sure, why not? I think I want a chocolate chip cookie, too.	By the way, I heard Kitty's just got in a shipment of Jamaican Blue Mountain.	By the way, I heard Kitty's got in a shipment of Jamaican Blue Mountain.	So what?		P	By the way, I heard Kitty's just got in a shipment of Jamaican Blue Mountain.	nucleus	base	0.9	1.0	20260416	2004638241	50	50	200	25	24	Ah, let's go there!	ah, let's go there!	 Ah, let's go there!\nSpeaker 2:  Okay, so this case is really big, isn't it?\nSpeaker 1:  It seems like it, but when I think about what we're trying to do, I think it's the right choice. It's wide enough to contain	-19.010986328125	-20.100341796875	-2.715855189732143	-2.871477399553572	7	7	-19.010986328125	-20.100341796875	-2.715855189732143	-2.871477399553572	1.08935546875	0.1556222098214288	True	True	So what?	just	0.1556222098214288	1.08935546875	0	"Speaker 1: This motor oil case is still really slippery.
Speaker 2: Yeah, time for more coffee!
Speaker 1: Sure, why not? I think I want a chocolate chip cookie, too.
Speaker 2: By the way, I heard Kitty's just got in a shipment of Jamaican Blue Mountain.
Speaker 1: "	"Speaker 1: This motor oil case is still really slippery.
Speaker 2: Yeah, time for more coffee!
Speaker 1: Sure, why not? I think I want a chocolate chip cookie, too.
Speaker 2: By the way, I heard Kitty's got in a shipment of Jamaican Blue Mountain.
Speaker 1: "	Speaker 1
148	149	expanded_data	discourse_particle	48	just_e_976	just	o	Is there anything I can do for you?__eou__I'm looking for a black, leather bag.__eou__How's this?	I'm just looking.	I'm looking.	If you need any help, let me know.		P	I'm just looking.	nucleus	base	0.9	1.0	20260416	711530636	50	50	200	7	7	10 yuan?	10 yuan?	10 yuan?\nSpeaker 2: [Indecipherable]\nSpeaker 1: Look, it's genuine leather and handmade, and it's 10 yuan.\nSpeaker 2: OK, give it to me, give it to me.\nSpeaker 1: Here you are.\nSpeaker 2: No. Give	-11.59765625	-12.064453125	-3.8658854166666665	-4.021484375	3	3	-11.59765625	-12.064453125	-3.8658854166666665	-4.021484375	0.466796875	0.1555989583333334	True	True	If you need any help, let me know.	just	0.1555989583333334	0.466796875	1	"Speaker 1: Is there anything I can do for you?
Speaker 2: I'm looking for a black, leather bag.
Speaker 1: How's this?
Speaker 2: I'm just looking.
Speaker 1: "	"Speaker 1: Is there anything I can do for you?
Speaker 2: I'm looking for a black, leather bag.
Speaker 1: How's this?
Speaker 2: I'm looking.
Speaker 1: "	Speaker 1
149	150	expanded_data	discourse_particle	49	just_e_9416	just	o	How many people are traveling with you today, miss?	Just me. I'm traveling alone.	Me. I'm traveling alone.	And how many bags do you have?		P	Just me. I'm traveling alone.	nucleus	base	0.9	1.0	20260416	870165245	50	50	200	28	28	19 people who were traveling alone were killed in car accidents last year.	19 people who were traveling alone were killed in car accidents last year.	"19 people who were traveling alone were killed in car accidents last year.\nWoman 1: Now, they're still using the term ""high-speed train,"" but all I know is that it was as slow as a bad word on a church bulletin.\nWoman 2: I know, but it was only a four-hour"	-28.54742431640625	-30.70208740234375	-2.0391017368861606	-2.1930062430245534	14	14	-28.54742431640625	-30.70208740234375	-2.0391017368861606	-2.1930062430245534	2.1546630859375	0.1539045061383928	True	True	And how many bags do you have?	just	0.1539045061383928	2.1546630859375	0	"Speaker 1: How many people are traveling with you today, miss?
Speaker 2: Just me. I'm traveling alone.
Speaker 1: "	"Speaker 1: How many people are traveling with you today, miss?
Speaker 2: Me. I'm traveling alone.
Speaker 1: "	Speaker 1
150	151	expanded_data	discourse_particle	37	just_e_569	just	o	May I help you?	I'm just browsing, thanks.	I'm browsing, thanks.	We're on clearance sale now. Prices have up to twenty percent off. Do not miss the chance.		P	I'm just browsing, thanks.	nucleus	base	0.9	1.0	20260416	794732814	50	50	200	1	1	0r is there anything in particular you're looking for?	0r is there anything in particular you're looking for?	0r is there anything in particular you're looking for?\nSpeaker 2: I just want to take a look around.\nSpeaker 1: Well, let me know if you need any help.\nYou're listening to VOCABULARY BUILDING!	-16.385025024414062	-18.229942321777344	-1.3654187520345051	-1.519161860148112	12	12	-16.385025024414062	-18.229942321777344	-1.3654187520345051	-1.519161860148112	1.8449172973632808	0.1537431081136069	True	True	We're on clearance sale now. Prices have up to twenty percent off. Do not miss the chance.	just	0.1537431081136069	1.8449172973632808	1	"Speaker 1: May I help you?
Speaker 2: I'm just browsing, thanks.
Speaker 1: "	"Speaker 1: May I help you?
Speaker 2: I'm browsing, thanks.
Speaker 1: "	Speaker 1
151	152	expanded_data	discourse_particle	36	just_j_8556	just	h	I think I'm going to go home.	Why? We just got here.	Why? We got here.	I know, but it's 12		P	Why? We just got here.	nucleus	base	0.9	1.0	20260416	1188910665	50	50	200	5	5	1 is my boss.	1 is my boss.	1 is my boss.\nSpeaker 2: Okay, I'll leave you to it.\nTranslator: Claire Zhao\nSpeaker 1: Hey, where's Alex?\nSpeaker 2: I thought he was going to be here by now.\nSpeaker 3: No problem.\nSpeaker 2: You're not from this	-20.361328125	-21.1201171875	-4.072265625	-4.2240234375	5	5	-20.361328125	-21.1201171875	-4.072265625	-4.2240234375	0.7587890625	0.1517578124999996	True	True	I know, but it's 12	just	0.1517578124999996	0.7587890625	1	"Speaker 1: I think I'm going to go home.
Speaker 2: Why? We just got here.
Speaker 1: "	"Speaker 1: I think I'm going to go home.
Speaker 2: Why? We got here.
Speaker 1: "	Speaker 1
152	153	expanded_data	discourse_particle	58	just_j_8648	just	h	what sort of music do you like?	I love just about anything by Prince.	I love about anything by Prince.	so, you're into 80s music then?		P	I love just about anything by Prince.	nucleus	base	0.9	1.0	20260416	1138373084	50	50	200	21	21	2009?	2009?	2009?\nSpeaker 2: How can you know that? Your not there.\nSpeaker 1: This is 2009.\nSpeaker 2: There was no wireless internet in 2009.\nSpeaker 1: I didn’t say wireless internet.\nSpeaker 2: But they might’ve found my message on	-11.826171875	-12.27734375	-3.9420572916666665	-4.092447916666667	3	3	-11.826171875	-12.27734375	-3.9420572916666665	-4.092447916666667	0.451171875	0.1503906250000004	True	True	so, you're into 80s music then?	just	0.1503906250000004	0.451171875	0	"Speaker 1: what sort of music do you like?
Speaker 2: I love just about anything by Prince.
Speaker 1: "	"Speaker 1: what sort of music do you like?
Speaker 2: I love about anything by Prince.
Speaker 1: "	Speaker 1
153	154	expanded_data	discourse_particle	50	just_e_12686	just	o	They don't really think you took it, do they?	I don't know. I just know I've never been asked so many questions in my life.	I don't know. I know I've never been asked so many questions in my life.	How many of them were there?		P	I don't know. I just know I've never been asked so many questions in my life.	nucleus	base	0.9	1.0	20260416	1046809369	50	50	200	50	49	24.	24.	24.\nSpeaker 2: What?\nSpeaker 1: 24 questions.\nSpeaker 2: I know. You must have me confused with somebody else.\nThis scene appears in the film Zodiac , a story of the police effort to hunt down a serial killer in the 1970s. It represents the world of	-8.171875	-8.47265625	-4.0859375	-4.236328125	2	2	-8.171875	-8.47265625	-4.0859375	-4.236328125	0.30078125	0.150390625	True	True	How many of them were there?	just	0.150390625	0.30078125	0	"Speaker 1: They don't really think you took it, do they?
Speaker 2: I don't know. I just know I've never been asked so many questions in my life.
Speaker 1: "	"Speaker 1: They don't really think you took it, do they?
Speaker 2: I don't know. I know I've never been asked so many questions in my life.
Speaker 1: "	Speaker 1
154	155	expanded_data	discourse_particle	48	just_e_976	just	o	Is there anything I can do for you?__eou__I'm looking for a black, leather bag.__eou__How's this?	I'm just looking.	I'm looking.	If you need any help, let me know.		P	I'm just looking.	nucleus	base	0.9	1.0	20260416	711530636	50	50	200	49	49	40,000 yen?	40,000 yen?	40,000 yen?\nSpeaker 2: I'm not interested.\nSpeaker 1: 20,000 yen, final offer.\nSpeaker 2: Where are the black bags? They're all brown, are you blind? The place is a mess.\nSpeaker 1: There are no black bags. They are	-13.39208984375	-14.14111328125	-2.67841796875	-2.82822265625	5	5	-13.39208984375	-14.14111328125	-2.67841796875	-2.82822265625	0.7490234375	0.1498046875000001	True	True	If you need any help, let me know.	just	0.1498046875000001	0.7490234375	1	"Speaker 1: Is there anything I can do for you?
Speaker 2: I'm looking for a black, leather bag.
Speaker 1: How's this?
Speaker 2: I'm just looking.
Speaker 1: "	"Speaker 1: Is there anything I can do for you?
Speaker 2: I'm looking for a black, leather bag.
Speaker 1: How's this?
Speaker 2: I'm looking.
Speaker 1: "	Speaker 1
155	156	expanded_data	discourse_particle	48	just_e_976	just	o	Is there anything I can do for you?__eou__I'm looking for a black, leather bag.__eou__How's this?	I'm just looking.	I'm looking.	If you need any help, let me know.		P	I'm just looking.	nucleus	base	0.9	1.0	20260416	711530636	50	50	200	24	24	150 euro.	150 euro.	150 euro.\nSpeaker 2: This one here, 400?\nSpeaker 1: Yes, 400.\nSpeaker 2: There's one on sale for 500 on the Internet.\nSpeaker 1: Why do you want that one?\nSpeaker 2: I just want a bag.\nSpeaker 1:	-11.12890625	-11.578125	-3.7096354166666665	-3.859375	3	3	-11.12890625	-11.578125	-3.7096354166666665	-3.859375	0.44921875	0.1497395833333334	True	True	If you need any help, let me know.	just	0.1497395833333334	0.44921875	1	"Speaker 1: Is there anything I can do for you?
Speaker 2: I'm looking for a black, leather bag.
Speaker 1: How's this?
Speaker 2: I'm just looking.
Speaker 1: "	"Speaker 1: Is there anything I can do for you?
Speaker 2: I'm looking for a black, leather bag.
Speaker 1: How's this?
Speaker 2: I'm looking.
Speaker 1: "	Speaker 1
156	157	expanded_data	discourse_particle	23	just_e_9687	just	o	Excuse me, here is my claim tag, but I can't find my baggage.__eou__How many pieces of baggage have you lost?	Just one piece.	One piece.	Can you tell me the features of your baggage?		P	Just one piece.	nucleus	base	0.9	1.0	20260416	187948156	50	50	200	42	42	2-499, can you find it?	2-499, can you find it?	2-499, can you find it?\nSpeaker 2: We only have one piece of baggage, so you can find it. OK, please wait for a while.\nSpeaker 1: But we've waited for 2 hours.\nSpeaker 2: We apologize for that.\nSpeaker 1: Sorry. Our	-27.8944091796875	-29.2401123046875	-3.099378797743056	-3.2489013671875	9	9	-27.8944091796875	-29.2401123046875	-3.099378797743056	-3.2489013671875	1.345703125	0.1495225694444446	True	True	Can you tell me the features of your baggage?	just	0.1495225694444446	1.345703125	1	"Speaker 1: Excuse me, here is my claim tag, but I can't find my baggage.
Speaker 2: How many pieces of baggage have you lost?
Speaker 1: Just one piece.
Speaker 2: "	"Speaker 1: Excuse me, here is my claim tag, but I can't find my baggage.
Speaker 2: How many pieces of baggage have you lost?
Speaker 1: One piece.
Speaker 2: "	Speaker 2
157	158	expanded_data	discourse_particle	43	just_e_2762	just	o	Hi, can I help you?	No, thanks. I'm just looking.	No, thanks. I'm looking.	All right. If you need any help, just let me know. My name is Greg.		P	No, thanks. I'm just looking.	nucleus	base	0.9	1.0	20260416	892431323	50	50	200	36	36	20% off everything. Today only.	20% off everything. today only.	20% off everything. Today only.\nSpeaker 2: Okay, thanks.\nSpeaker 3: Thank you.\nSpeaker 1: 50% off our last season.\nSpeaker 2: Oh, that's brilliant. Thank you very much. I'll take a look.\nSpeaker 3: Thanks.\nSpeaker 	-13.06927490234375	-14.262939453125	-1.6336593627929688	-1.782867431640625	8	8	-13.06927490234375	-14.262939453125	-1.6336593627929688	-1.782867431640625	1.19366455078125	0.1492080688476562	True	True	All right. If you need any help, just let me know. My name is Greg.	just	0.1492080688476562	1.19366455078125	0	"Speaker 1: Hi, can I help you?
Speaker 2: No, thanks. I'm just looking.
Speaker 1: "	"Speaker 1: Hi, can I help you?
Speaker 2: No, thanks. I'm looking.
Speaker 1: "	Speaker 1
158	159	expanded_data	discourse_particle	37	just_e_569	just	o	May I help you?	I'm just browsing, thanks.	I'm browsing, thanks.	We're on clearance sale now. Prices have up to twenty percent off. Do not miss the chance.		P	I'm just browsing, thanks.	nucleus	base	0.9	1.0	20260416	794732814	50	50	200	30	30	￼No problem. Are you looking for anything in particular?	￼no problem. are you looking for anything in particular?	￼No problem. Are you looking for anything in particular?\nSpeaker 2: ￼Nothing in particular, just looking at some men's clothing.\nSpeaker 1: ￼Excellent. We have quite a range of shirts and casual jackets, chinos, shoes. Please have a look around and let	-19.70987701416016	-21.64544677734375	-1.5161443857046275	-1.6650343674879808	13	13	-19.70987701416016	-21.64544677734375	-1.5161443857046275	-1.6650343674879808	1.9355697631835933	0.1488899817833533	True	True	We're on clearance sale now. Prices have up to twenty percent off. Do not miss the chance.	just	0.1488899817833533	1.9355697631835933	1	"Speaker 1: May I help you?
Speaker 2: I'm just browsing, thanks.
Speaker 1: "	"Speaker 1: May I help you?
Speaker 2: I'm browsing, thanks.
Speaker 1: "	Speaker 1
159	160	expanded_data	discourse_particle	43	just_e_2762	just	o	Hi, can I help you?	No, thanks. I'm just looking.	No, thanks. I'm looking.	All right. If you need any help, just let me know. My name is Greg.		P	No, thanks. I'm just looking.	nucleus	base	0.9	1.0	20260416	892431323	50	50	200	13	13	Are you sure? We have lots of styles.	are you sure? we have lots of styles.	 Are you sure? We have lots of styles.\nSpeaker 2: Oh, actually, yes, I'll take these, please.	-21.098358154296875	-22.582244873046875	-2.109835815429688	-2.2582244873046875	10	10	-21.098358154296875	-22.582244873046875	-2.109835815429688	-2.2582244873046875	1.48388671875	0.1483886718749998	True	True	All right. If you need any help, just let me know. My name is Greg.	just	0.1483886718749998	1.48388671875	0	"Speaker 1: Hi, can I help you?
Speaker 2: No, thanks. I'm just looking.
Speaker 1: "	"Speaker 1: Hi, can I help you?
Speaker 2: No, thanks. I'm looking.
Speaker 1: "	Speaker 1
160	161	expanded_data	discourse_particle	7	just_e_5138	just	o	Do you mind if I ask your friend out?	Of course, but we aren't going out, we're just friends.	Of course, but we aren't going out, we're friends.	Okay, that's good.		P	Of course, but we aren't going out, we're just friends.	nucleus	base	0.9	1.0	20260416	740578275	50	50	200	20	20	No, I understand. Thanks.	no, i understand. thanks.	 No, I understand. Thanks.\nI just wanna ask you, can I help you, just as friends, or do you mind if I ask you out?\nSometimes, they're friends or a normal date or even friends are involved, it's the guy asking out. He's just asking the friend, and you	-16.86669921875	-17.9052734375	-2.4095284598214284	-2.557896205357143	7	7	-16.86669921875	-17.9052734375	-2.4095284598214284	-2.557896205357143	1.03857421875	0.1483677455357144	True	True	Okay, that's good.	just	0.1483677455357144	1.03857421875	1	"Speaker 1: Do you mind if I ask your friend out?
Speaker 2: Of course, but we aren't going out, we're just friends.
Speaker 1: "	"Speaker 1: Do you mind if I ask your friend out?
Speaker 2: Of course, but we aren't going out, we're friends.
Speaker 1: "	Speaker 1
161	162	expanded_data	discourse_particle	6	just_j_638	just	h	Hello, do you have any vacancies?	Yes, something just opened up.	Yes, something opened up.	What kind of apartment is it?		P	Yes, something just opened up.	nucleus	base	0.9	1.0	20260416	894870064	50	50	200	21	21	25 employees and no prospects?	25 employees and no prospects?	25 employees and no prospects?\nSpeaker 1: Do you have any areas of specialization?\nSpeaker 2: We do plumbing and sheet metal.\nSpeaker 1: Do you have a real job to give us?\nSpeaker 1: It's going to be challenging.\nSpeaker 1: And you'd do it for	-28.076171875	-28.962890625	-4.679361979166667	-4.8271484375	6	6	-28.076171875	-28.962890625	-4.679361979166667	-4.8271484375	0.88671875	0.147786458333333	True	True	What kind of apartment is it?	just	0.147786458333333	0.88671875	0	"Speaker 1: Hello, do you have any vacancies?
Speaker 2: Yes, something just opened up.
Speaker 1: "	"Speaker 1: Hello, do you have any vacancies?
Speaker 2: Yes, something opened up.
Speaker 1: "	Speaker 1
162	163	expanded_data	discourse_particle	42	just_e_4966	just	o	Is my hair done yet?	Yeah, I just need to make the final touches.	Yeah, I need to make the final touches.	How long until you're finished?		P	Yeah, I just need to make the final touches.	nucleus	base	0.9	1.0	20260416	1831970959	50	50	200	40	40	Hmm, you sure?	hmm, you sure?	 Hmm, you sure?\nSpeaker 2:  Yeah, I'm sure.\nSpeaker 1:  The seating, the music, everything.\nSpeaker 2:  Everything.\nSpeaker 1:  I can't believe it's here.\nSpeaker 2:  Me either.\nSpeaker 	-16.10546875	-16.84423828125	-3.22109375	-3.36884765625	5	5	-16.10546875	-16.84423828125	-3.22109375	-3.36884765625	0.73876953125	0.1477539062499997	True	True	How long until you're finished?	just	0.1477539062499997	0.73876953125	0	"Speaker 1: Is my hair done yet?
Speaker 2: Yeah, I just need to make the final touches.
Speaker 1: "	"Speaker 1: Is my hair done yet?
Speaker 2: Yeah, I need to make the final touches.
Speaker 1: "	Speaker 1
163	164	expanded_data	discourse_particle	3	just_e_2798	just	o	Hello, sir. Is there anything I can help you find?	Um ... Uh ... I'm just looking, thanks.	Um ... Uh ... I'm looking, thanks.	Need a gift for your girlfriend or wife?		P	Um ... Uh ... I'm just looking, thanks.	nucleus	base	0.9	1.0	20260416	1422891503	50	50	200	10	10	55% off everyday essentials.	55% off everyday essentials.	55% off everyday essentials.\nSpeaker 2: You know, I think I have to go. I have to be on my way.\nSpeaker 1: Okay, sir. I'll tell my colleagues you have something else to do today.\nSpeaker 2: Thanks, I really appreciate it.	-21.527587890625	-22.4111328125	-3.5879313151041665	-3.7351888020833335	6	6	-21.527587890625	-22.4111328125	-3.5879313151041665	-3.7351888020833335	0.883544921875	0.1472574869791669	True	True	Need a gift for your girlfriend or wife?	just	0.1472574869791669	0.883544921875	1	"Speaker 1: Hello, sir. Is there anything I can help you find?
Speaker 2: Um ... Uh ... I'm just looking, thanks.
Speaker 1: "	"Speaker 1: Hello, sir. Is there anything I can help you find?
Speaker 2: Um ... Uh ... I'm looking, thanks.
Speaker 1: "	Speaker 1
164	165	expanded_data	discourse_particle	50	just_e_12686	just	o	They don't really think you took it, do they?	I don't know. I just know I've never been asked so many questions in my life.	I don't know. I know I've never been asked so many questions in my life.	How many of them were there?		P	I don't know. I just know I've never been asked so many questions in my life.	nucleus	base	0.9	1.0	20260416	1046809369	50	50	200	32	31	4 The Money.	4 the money.	4 The Money.\nSpeaker 1: Vicky. Vicky!\nVicky: Ah! I was expecting you earlier.\nSpeaker 1: It's always been that way with you, hasn't it? Always at the last moment. Here. 200 notes.\nVicky: Is that all you have?\nSpeaker	-22.98046875	-23.568359375	-5.7451171875	-5.89208984375	4	4	-22.98046875	-23.568359375	-5.7451171875	-5.89208984375	0.587890625	0.14697265625	True	True	How many of them were there?	just	0.14697265625	0.587890625	0	"Speaker 1: They don't really think you took it, do they?
Speaker 2: I don't know. I just know I've never been asked so many questions in my life.
Speaker 1: "	"Speaker 1: They don't really think you took it, do they?
Speaker 2: I don't know. I know I've never been asked so many questions in my life.
Speaker 1: "	Speaker 1
165	166	expanded_data	discourse_particle	1	just_j_5467	just	h	I want to leave the motorbike outdoors.	Fine, just don't do it at night.	Fine, don't do it at night.	Why not?		P	Fine, just don't do it at night.	nucleus	base	0.9	1.0	20260416	788549607	50	50	200	37	37	And don't say anything about the cat.	and don't say anything about the cat.	 And don't say anything about the cat.\nSpeaker 2:  All right.\nAll right, that's it for this episode.  I hope you enjoyed it.  There will be a transcript of this episode on the website in a few days.  And if you have any questions about this episode, or anything	-22.642417907714844	-23.95957946777344	-2.515824211968316	-2.662175496419271	9	9	-22.642417907714844	-23.95957946777344	-2.515824211968316	-2.662175496419271	1.3171615600585938	0.1463512844509549	True	True	Why not?	just	0.1463512844509549	1.3171615600585938	1	"Speaker 1: I want to leave the motorbike outdoors.
Speaker 2: Fine, just don't do it at night.
Speaker 1: "	"Speaker 1: I want to leave the motorbike outdoors.
Speaker 2: Fine, don't do it at night.
Speaker 1: "	Speaker 1
166	167	expanded_data	discourse_particle	2	just_j_2485	just	h	I'm looking for some fresh produce that's on sale.	Well, we just got in some mangoes.	Well, we got in some mangoes.	Mangoes. What are they?		P	Well, we just got in some mangoes.	nucleus	base	0.9	1.0	20260416	545491132	50	50	200	31	31	What kind are they? What are their prices?	what kind are they? what are their prices?	 What kind are they? What are their prices?\nSpeaker 2:  They are big and juicy. They have a little  flavor.\nSpeaker 1:  How many mangoes are in a kilogram?\nSpeaker 2:  Four to five.\nSpeaker 1:  	-21.47015380859375	-22.9278564453125	-2.147015380859375	-2.29278564453125	10	10	-21.47015380859375	-22.9278564453125	-2.147015380859375	-2.29278564453125	1.45770263671875	0.1457702636718751	True	True	Mangoes. What are they?	just	0.1457702636718751	1.45770263671875	1	"Speaker 1: I'm looking for some fresh produce that's on sale.
Speaker 2: Well, we just got in some mangoes.
Speaker 1: "	"Speaker 1: I'm looking for some fresh produce that's on sale.
Speaker 2: Well, we got in some mangoes.
Speaker 1: "	Speaker 1
167	168	expanded_data	discourse_particle	27	just_j_10555	just	h	Has everything been OK with you lately?__eou__I haven’t been able to get a good night’s sleep lately. I’m exhausted!__eou__Have you been too busy to get enough sleep?	I try to go to sleep, but I just can’t stay asleep.	I try to go to sleep, but I can’t stay asleep.	How late do you try to go to sleep?		P	I try to go to sleep, but I just can’t stay asleep.	nucleus	base	0.9	1.0	20260416	1297497928	50	50	200	10	10	1. Have you been too busy to get enough sleep? Yes, I am very busy. Yes, but I’m determined to have a good night’s sleep. 2. I try to go to sleep, but I just can’t stay asleep. Yes, but I’m determined to have a good night’s sleep	1. have you been too busy to get enough sleep? yes, i am very busy. yes, but i’m determined to have a good night’s sleep. 2. i try to go to sleep, but i just can’t stay asleep. yes, but i’m determined to have a good night’s sleep	1. Have you been too busy to get enough sleep? Yes, I am very busy. Yes, but I’m determined to have a good night’s sleep. 2. I try to go to sleep, but I just can’t stay asleep. Yes, but I’m determined to have a good night’s sleep	-51.87366771697998	-61.18639278411865	-0.8105260580778122	-0.956037387251854	64	64	-51.87366771697998	-61.18639278411865	-0.8105260580778122	-0.956037387251854	9.312725067138672	0.1455113291740417	True	True	How late do you try to go to sleep?	just	0.1455113291740417	9.312725067138672	0	"Speaker 1: Has everything been OK with you lately?
Speaker 2: I haven’t been able to get a good night’s sleep lately. I’m exhausted!
Speaker 1: Have you been too busy to get enough sleep?
Speaker 2: I try to go to sleep, but I just can’t stay asleep.
Speaker 1: "	"Speaker 1: Has everything been OK with you lately?
Speaker 2: I haven’t been able to get a good night’s sleep lately. I’m exhausted!
Speaker 1: Have you been too busy to get enough sleep?
Speaker 2: I try to go to sleep, but I can’t stay asleep.
Speaker 1: "	Speaker 1
168	169	expanded_data	discourse_particle	46	just_e_9397	just	o	Why's the plane shaking?	It's just some turbulence.	It's some turbulence.	I'm scared.		P	It's just some turbulence.	nucleus	base	0.9	1.0	20260416	1597493084	50	50	200	6	6	The pilot just said this isn't turbulence.	the pilot just said this isn't turbulence.	 The pilot just said this isn't turbulence.\nSpeaker 2: Oh, it's not a big deal.\nOkay, so we've been hearing about the turbulence that is going on in our economy for several years now.  But it is more and more getting out of control, and the problems that we're experiencing	-20.542205810546875	-21.84907913208008	-2.282467312282986	-2.4276754591200085	9	9	-20.542205810546875	-21.84907913208008	-2.282467312282986	-2.4276754591200085	1.3068733215332031	0.1452081468370223	True	True	I'm scared.	just	0.1452081468370223	1.3068733215332031	1	"Speaker 1: Why's the plane shaking?
Speaker 2: It's just some turbulence.
Speaker 1: "	"Speaker 1: Why's the plane shaking?
Speaker 2: It's some turbulence.
Speaker 1: "	Speaker 1
169	170	expanded_data	discourse_particle	21	just_j_5388	just	h	Hey Mike. What are you doing?__eou__Nothing much. What are you up to?	I was just concerned about Sam. He hasn't been himself lately.	I was concerned about Sam. He hasn't been himself lately.	He took the civil service exam and failed.		P	I was just concerned about Sam. He hasn't been himself lately.	nucleus	base	0.9	1.0	20260416	693746455	50	50	200	15	15	Right.	right.	 Right.\nSpeaker 1:  I'm not sure what's going on.\nSpeaker 2:  Are you suggesting that we have a conversation?\nSpeaker 1:  He might need some help.\nSpeaker 2:  I'm all ears.	-6.036865234375	-6.3251953125	-3.0184326171875	-3.16259765625	2	2	-6.036865234375	-6.3251953125	-3.0184326171875	-3.16259765625	0.288330078125	0.1441650390625	True	True	He took the civil service exam and failed.	just	0.1441650390625	0.288330078125	0	"Speaker 1: Hey Mike. What are you doing?
Speaker 2: Nothing much. What are you up to?
Speaker 1: I was just concerned about Sam. He hasn't been himself lately.
Speaker 2: "	"Speaker 1: Hey Mike. What are you doing?
Speaker 2: Nothing much. What are you up to?
Speaker 1: I was concerned about Sam. He hasn't been himself lately.
Speaker 2: "	Speaker 2
170	171	expanded_data	discourse_particle	43	just_e_2762	just	o	Hi, can I help you?	No, thanks. I'm just looking.	No, thanks. I'm looking.	All right. If you need any help, just let me know. My name is Greg.		P	No, thanks. I'm just looking.	nucleus	base	0.9	1.0	20260416	892431323	50	50	200	16	16	12 Inch Dell 12 Inch Dell.	12 inch dell 12 inch dell.	12 Inch Dell 12 Inch Dell.\nSprecher 1: Guten Morgen. Kann ich dir behilflich sein?\nSprecher 2: Nein, danke. Ich suche nur.\nSprecher 1: Dell 12 Zoll Dell 12 Zoll.\nSpeaker 1	-31.57373046875	-32.72265625	-3.94671630859375	-4.09033203125	8	8	-31.57373046875	-32.72265625	-3.94671630859375	-4.09033203125	1.14892578125	0.14361572265625	True	True	All right. If you need any help, just let me know. My name is Greg.	just	0.14361572265625	1.14892578125	0	"Speaker 1: Hi, can I help you?
Speaker 2: No, thanks. I'm just looking.
Speaker 1: "	"Speaker 1: Hi, can I help you?
Speaker 2: No, thanks. I'm looking.
Speaker 1: "	Speaker 1
171	172	expanded_data	discourse_particle	32	just_e_1907	just	o	How was your morning jog?__eou__Very good. I feel quite refreshed now! You should come with me sometime - exercise is good for you!__eou__To be honest, I’d rather watch television! Where did you go?	I just ran alongside the main road.	I ran alongside the main road.	Oh you ought to go to the park next time. They have a route for joggers there.		P	I just ran alongside the main road.	nucleus	base	0.9	1.0	20260416	1659924286	50	50	200	16	16	So, no music to run to?	so, no music to run to?	 So, no music to run to?\nSpeaker 2: It’s good to be able to take in your surroundings. Sometimes I meet friends of mine along the way. I did that last week - I met an old school friend.\nSpeaker 1: Ah, so you do exercise to see other people. I	-22.1983642578125	-23.3465576171875	-2.7747955322265625	-2.918319702148437	8	8	-22.1983642578125	-23.3465576171875	-2.7747955322265625	-2.918319702148437	1.148193359375	0.143524169921875	True	True	Oh you ought to go to the park next time. They have a route for joggers there.	just	0.143524169921875	1.148193359375	1	"Speaker 1: How was your morning jog?
Speaker 2: Very good. I feel quite refreshed now! You should come with me sometime - exercise is good for you!
Speaker 1: To be honest, I’d rather watch television! Where did you go?
Speaker 2: I just ran alongside the main road.
Speaker 1: "	"Speaker 1: How was your morning jog?
Speaker 2: Very good. I feel quite refreshed now! You should come with me sometime - exercise is good for you!
Speaker 1: To be honest, I’d rather watch television! Where did you go?
Speaker 2: I ran alongside the main road.
Speaker 1: "	Speaker 1
172	173	expanded_data	discourse_particle	44	just_e_472	just	o	Hey Michael. Where are you going?	No where special. I was just taking a walk.	No where special. I was taking a walk.	What for?		P	No where special. I was just taking a walk.	nucleus	base	0.9	1.0	20260416	2013783161	50	50	200	45	45	You don’t look like your just taking a walk.	you don’t look like your just taking a walk.	 You don’t look like your just taking a walk.\nSpeaker 2:  What does that mean?	-15.237945556640623	-16.806610107421875	-1.3852677778764204	-1.5278736461292617	11	11	-15.237945556640623	-16.806610107421875	-1.3852677778764204	-1.5278736461292617	1.56866455078125	0.142605868252841	True	True	What for?	just	0.142605868252841	1.56866455078125	0	"Speaker 1: Hey Michael. Where are you going?
Speaker 2: No where special. I was just taking a walk.
Speaker 1: "	"Speaker 1: Hey Michael. Where are you going?
Speaker 2: No where special. I was taking a walk.
Speaker 1: "	Speaker 1
173	174	expanded_data	discourse_particle	41	just_e_2612	just	o	Can I bring you anything else?	No, thank you. Just the check.	No, thank you. The check.	Let me get this.		P	No, thank you. Just the check.	nucleus	base	0.9	1.0	20260416	289692236	50	50	200	46	46	Here you go.	here you go.	 Here you go.\nSpeaker 2: I have to go to the bank.\nSpeaker 1: I wish I was in France right now.\nSpeaker 2: I would go to France too if I could.\nSpeaker 1: I wish I had just won the lottery.\nSpeaker 2: I would be	-4.389404296875	-4.9525146484375	-1.09735107421875	-1.238128662109375	4	4	-4.389404296875	-4.9525146484375	-1.09735107421875	-1.238128662109375	0.5631103515625	0.140777587890625	True	True	Let me get this.	just	0.140777587890625	0.5631103515625	1	"Speaker 1: Can I bring you anything else?
Speaker 2: No, thank you. Just the check.
Speaker 1: "	"Speaker 1: Can I bring you anything else?
Speaker 2: No, thank you. The check.
Speaker 1: "	Speaker 1
174	175	expanded_data	discourse_particle	37	just_e_569	just	o	May I help you?	I'm just browsing, thanks.	I'm browsing, thanks.	We're on clearance sale now. Prices have up to twenty percent off. Do not miss the chance.		P	I'm just browsing, thanks.	nucleus	base	0.9	1.0	20260416	794732814	50	50	200	42	42	100% money-back guarantee if it isn't.	100% money-back guarantee if it isn't.	100% money-back guarantee if it isn't.\nSpeaker 2: This is ridiculous! You've got some real dodgy-looking shirts.\nSpeaker 1: Maybe, but they've been reduced to £10.\nSpeaker 2: I thought you only sold top-quality shirts?\nSpeaker 1: I'll keep that	-23.8564453125	-25.26409912109375	-2.38564453125	-2.526409912109375	10	10	-23.8564453125	-25.26409912109375	-2.38564453125	-2.526409912109375	1.40765380859375	0.1407653808593747	True	True	We're on clearance sale now. Prices have up to twenty percent off. Do not miss the chance.	just	0.1407653808593747	1.40765380859375	1	"Speaker 1: May I help you?
Speaker 2: I'm just browsing, thanks.
Speaker 1: "	"Speaker 1: May I help you?
Speaker 2: I'm browsing, thanks.
Speaker 1: "	Speaker 1
175	176	expanded_data	discourse_particle	35	just_j_8362	just	h	let's go swimming.	But, we just finished eating lunch.	But, we finished eating lunch.	I know, but I'm really hot.		P	But, we just finished eating lunch.	nucleus	base	0.9	1.0	20260416	1023332715	50	50	200	37	37	But, the water's warm and the tide's going out.	but, the water's warm and the tide's going out.	 But, the water's warm and the tide's going out.\nSpeaker 2:  I'm not going.\nSpeaker 1:  But, everyone else is going.\nSpeaker 2:  But, I don't want to.\nSpeaker 1:  But, the waves are beautiful	-23.495758056640625	-25.3079833984375	-1.807366004356972	-1.9467679537259608	13	13	-23.495758056640625	-25.3079833984375	-1.807366004356972	-1.9467679537259608	1.812225341796875	0.1394019493689902	True	True	I know, but I'm really hot.	just	0.1394019493689902	1.812225341796875	1	"Speaker 1: let's go swimming.
Speaker 2: But, we just finished eating lunch.
Speaker 1: "	"Speaker 1: let's go swimming.
Speaker 2: But, we finished eating lunch.
Speaker 1: "	Speaker 1
176	177	expanded_data	discourse_particle	41	just_e_2612	just	o	Can I bring you anything else?	No, thank you. Just the check.	No, thank you. The check.	Let me get this.		P	No, thank you. Just the check.	nucleus	base	0.9	1.0	20260416	289692236	50	50	200	15	15	5% gratuity included. Here's your check and change.	5% gratuity included. here's your check and change.	5% gratuity included. Here's your check and change.\nSpeaker 2: Oh, thank you.\n[ Scene changes from the road to Michael's office in the office building. He is at his desk, reading a book.  ]\nMichael: Hey Mom.\n[ Diane walks in.  ]\nD	-26.04442596435547	-27.85498809814453	-2.003417381873497	-2.142691392164964	13	13	-26.04442596435547	-27.85498809814453	-2.003417381873497	-2.142691392164964	1.8105621337890625	0.1392740102914662	True	True	Let me get this.	just	0.1392740102914662	1.8105621337890625	1	"Speaker 1: Can I bring you anything else?
Speaker 2: No, thank you. Just the check.
Speaker 1: "	"Speaker 1: Can I bring you anything else?
Speaker 2: No, thank you. The check.
Speaker 1: "	Speaker 1
177	178	expanded_data	discourse_particle	41	just_e_2612	just	o	Can I bring you anything else?	No, thank you. Just the check.	No, thank you. The check.	Let me get this.		P	No, thank you. Just the check.	nucleus	base	0.9	1.0	20260416	289692236	50	50	200	35	35	13.25.	13.25.	13.25.\nSpeaker 2: Will that be cash or credit?\nSpeaker 1: Cash. Thank you. Cash.\nSpeaker 2: Here you go.\nSpeaker 1: Thank you.\nSpeaker 2: Have a good night.\nSpeaker 1: You too.\nIt was the first time I had	-9.74169921875	-10.29736328125	-2.4354248046875	-2.5743408203125	4	4	-9.74169921875	-10.29736328125	-2.4354248046875	-2.5743408203125	0.5556640625	0.138916015625	True	True	Let me get this.	just	0.138916015625	0.5556640625	1	"Speaker 1: Can I bring you anything else?
Speaker 2: No, thank you. Just the check.
Speaker 1: "	"Speaker 1: Can I bring you anything else?
Speaker 2: No, thank you. The check.
Speaker 1: "	Speaker 1
178	179	expanded_data	discourse_particle	36	just_j_8556	just	h	I think I'm going to go home.	Why? We just got here.	Why? We got here.	I know, but it's 12		P	Why? We just got here.	nucleus	base	0.9	1.0	20260416	1188910665	50	50	200	15	15	3 minutes ago, I was in the elevator.	3 minutes ago, i was in the elevator.	"3 minutes ago, I was in the elevator.\nI went up one, it seemed like five, and I was like ""it's not like that far. What's happening?""\nSpeaker 1: Yeah, but what if I'm trapped there forever, or my kid grows up with a sock inside of them?\nSpeaker"	-24.484375	-25.87109375	-2.4484375	-2.587109375	10	10	-24.484375	-25.87109375	-2.4484375	-2.587109375	1.38671875	0.138671875	True	True	I know, but it's 12	just	0.138671875	1.38671875	1	"Speaker 1: I think I'm going to go home.
Speaker 2: Why? We just got here.
Speaker 1: "	"Speaker 1: I think I'm going to go home.
Speaker 2: Why? We got here.
Speaker 1: "	Speaker 1
179	180	expanded_data	discourse_particle	23	just_e_9687	just	o	Excuse me, here is my claim tag, but I can't find my baggage.__eou__How many pieces of baggage have you lost?	Just one piece.	One piece.	Can you tell me the features of your baggage?		P	Just one piece.	nucleus	base	0.9	1.0	20260416	187948156	50	50	200	36	36	80%. What's the problem?	80%. what's the problem?	80%. What's the problem?\nSpeaker 1: I lost it.\nSpeaker 2: 10%. Could you write your passport number and your baggage number on this claim slip, please?\nSpeaker 1: Here is my claim slip, please.\nSpeaker 2: You're welcome. Thank you.\nSpeaker 	-21.4912109375	-22.458984375	-3.0701729910714284	-3.2084263392857144	7	7	-21.4912109375	-22.458984375	-3.0701729910714284	-3.2084263392857144	0.9677734375	0.138253348214286	True	True	Can you tell me the features of your baggage?	just	0.138253348214286	0.9677734375	1	"Speaker 1: Excuse me, here is my claim tag, but I can't find my baggage.
Speaker 2: How many pieces of baggage have you lost?
Speaker 1: Just one piece.
Speaker 2: "	"Speaker 1: Excuse me, here is my claim tag, but I can't find my baggage.
Speaker 2: How many pieces of baggage have you lost?
Speaker 1: One piece.
Speaker 2: "	Speaker 2
180	181	expanded_data	discourse_particle	30	just_e_3966	just	o	Daniel, would you like to have a look at my dorm?__eou__Of course, I'd like to.	It is a small room, just for 4 people.	It is a small room, for 4 people.	What is in it?		P	It is a small room, just for 4 people.	nucleus	base	0.9	1.0	20260416	1247985298	50	50	200	41	36	4 people is small?	4 people is small?	4 people is small?\nSpeaker 1: Yes, small.\nSpeaker 2: Wow. Do you share the kitchen?\nSpeaker 1: Yes, with the other people in the room.\nSpeaker 2: And the bathroom?\nSpeaker 1: Also, yes. And we have to share the shower.\nSpeaker	-10.68316650390625	-11.37384033203125	-2.13663330078125	-2.27476806640625	5	5	-10.68316650390625	-11.37384033203125	-2.13663330078125	-2.27476806640625	0.690673828125	0.1381347656250002	True	True	What is in it?	just	0.1381347656250002	0.690673828125	0	"Speaker 1: Daniel, would you like to have a look at my dorm?
Speaker 2: Of course, I'd like to.
Speaker 1: It is a small room, just for 4 people.
Speaker 2: "	"Speaker 1: Daniel, would you like to have a look at my dorm?
Speaker 2: Of course, I'd like to.
Speaker 1: It is a small room, for 4 people.
Speaker 2: "	Speaker 2
181	182	expanded_data	discourse_particle	48	just_e_976	just	o	Is there anything I can do for you?__eou__I'm looking for a black, leather bag.__eou__How's this?	I'm just looking.	I'm looking.	If you need any help, let me know.		P	I'm just looking.	nucleus	base	0.9	1.0	20260416	711530636	50	50	200	32	32	10 bucks.	10 bucks.	10 bucks.\nSpeaker 2: Are you guys stealing from me?\nSpeaker 1: I'm just saying, look at it that way. What? Come on. Come on. Come on, come on. Come on. Hey.\nSpeaker 2: You're a fucking thief. You're taking my stuff.\n	-7.998046875	-8.412109375	-2.666015625	-2.804036458333333	3	3	-7.998046875	-8.412109375	-2.666015625	-2.804036458333333	0.4140625	0.1380208333333334	True	True	If you need any help, let me know.	just	0.1380208333333334	0.4140625	1	"Speaker 1: Is there anything I can do for you?
Speaker 2: I'm looking for a black, leather bag.
Speaker 1: How's this?
Speaker 2: I'm just looking.
Speaker 1: "	"Speaker 1: Is there anything I can do for you?
Speaker 2: I'm looking for a black, leather bag.
Speaker 1: How's this?
Speaker 2: I'm looking.
Speaker 1: "	Speaker 1
182	183	expanded_data	discourse_particle	30	just_e_3966	just	o	Daniel, would you like to have a look at my dorm?__eou__Of course, I'd like to.	It is a small room, just for 4 people.	It is a small room, for 4 people.	What is in it?		P	It is a small room, just for 4 people.	nucleus	base	0.9	1.0	20260416	1247985298	50	50	200	53	48	4 people means 2 beds, right?	4 people means 2 beds, right?	4 people means 2 beds, right?\nSpeaker 1: Yes, but look at the structure.\nSpeaker 2: Is it a double bed?\nSpeaker 1: Yes, but you can separate the beds with the safety rails.\nSpeaker 2: Oh, really? Thank you. And here, you have	-15.34417724609375	-16.58447265625	-1.7049085828993056	-1.8427191840277777	9	9	-15.34417724609375	-16.58447265625	-1.7049085828993056	-1.8427191840277777	1.24029541015625	0.1378106011284721	True	True	What is in it?	just	0.1378106011284721	1.24029541015625	0	"Speaker 1: Daniel, would you like to have a look at my dorm?
Speaker 2: Of course, I'd like to.
Speaker 1: It is a small room, just for 4 people.
Speaker 2: "	"Speaker 1: Daniel, would you like to have a look at my dorm?
Speaker 2: Of course, I'd like to.
Speaker 1: It is a small room, for 4 people.
Speaker 2: "	Speaker 2
183	184	expanded_data	discourse_particle	23	just_e_9687	just	o	Excuse me, here is my claim tag, but I can't find my baggage.__eou__How many pieces of baggage have you lost?	Just one piece.	One piece.	Can you tell me the features of your baggage?		P	Just one piece.	nucleus	base	0.9	1.0	20260416	187948156	50	50	200	21	21	4 I'll check the claims office.	4 i'll check the claims office.	4 I'll check the claims office.\nSpeaker 3: Good morning, we're expecting two cases of banana, can you arrange it for us?\nSpeaker 1: Yes. I will do it for you.\nSpeaker 4: Hi, I would like to book the hotel.\nSpeaker 1: Is that right	-28.0283203125	-29.125	-3.5035400390625	-3.640625	8	8	-28.0283203125	-29.125	-3.5035400390625	-3.640625	1.0966796875	0.1370849609375	True	True	Can you tell me the features of your baggage?	just	0.1370849609375	1.0966796875	1	"Speaker 1: Excuse me, here is my claim tag, but I can't find my baggage.
Speaker 2: How many pieces of baggage have you lost?
Speaker 1: Just one piece.
Speaker 2: "	"Speaker 1: Excuse me, here is my claim tag, but I can't find my baggage.
Speaker 2: How many pieces of baggage have you lost?
Speaker 1: One piece.
Speaker 2: "	Speaker 2
184	185	expanded_data	discourse_particle	48	just_e_976	just	o	Is there anything I can do for you?__eou__I'm looking for a black, leather bag.__eou__How's this?	I'm just looking.	I'm looking.	If you need any help, let me know.		P	I'm just looking.	nucleus	base	0.9	1.0	20260416	711530636	50	50	200	31	31	70 francs.	70 francs.	70 francs.\nSpeaker 2: I have an appointment at half past one.\nSpeaker 1: But this one is 50 francs.\nSpeaker 2: Okay. I'm looking for a black, leather bag. And I don't have much time. Maybe I can just look over here.\nSpeaker 	-10.251007080078123	-10.797332763671877	-2.5627517700195312	-2.6993331909179688	4	4	-10.251007080078123	-10.797332763671877	-2.5627517700195312	-2.6993331909179688	0.54632568359375	0.1365814208984375	True	True	If you need any help, let me know.	just	0.1365814208984375	0.54632568359375	1	"Speaker 1: Is there anything I can do for you?
Speaker 2: I'm looking for a black, leather bag.
Speaker 1: How's this?
Speaker 2: I'm just looking.
Speaker 1: "	"Speaker 1: Is there anything I can do for you?
Speaker 2: I'm looking for a black, leather bag.
Speaker 1: How's this?
Speaker 2: I'm looking.
Speaker 1: "	Speaker 1
185	186	expanded_data	discourse_particle	49	just_e_9416	just	o	How many people are traveling with you today, miss?	Just me. I'm traveling alone.	Me. I'm traveling alone.	And how many bags do you have?		P	Just me. I'm traveling alone.	nucleus	base	0.9	1.0	20260416	870165245	50	50	200	7	7	28 days after the flight.	28 days after the flight.	28 days after the flight.\nSpeaker 2: It's very unlikely you're going to get sick from the airplane air. You know, you're likely to get sick from the toilets on the airplane, so if you have to use the toilet, I recommend using a paper towel to open the door, push the handle	-21.2470703125	-22.0634765625	-3.5411783854166665	-3.67724609375	6	6	-21.2470703125	-22.0634765625	-3.5411783854166665	-3.67724609375	0.81640625	0.1360677083333334	True	True	And how many bags do you have?	just	0.1360677083333334	0.81640625	0	"Speaker 1: How many people are traveling with you today, miss?
Speaker 2: Just me. I'm traveling alone.
Speaker 1: "	"Speaker 1: How many people are traveling with you today, miss?
Speaker 2: Me. I'm traveling alone.
Speaker 1: "	Speaker 1
186	187	expanded_data	discourse_particle	8	just_j_498	just	h	I'm hungry. Do we have anything to eat?	Just a few cookies.	A few cookies.	That's fine with me.		P	Just a few cookies.	nucleus	base	0.9	1.0	20260416	470286339	50	50	200	12	12	2 is a perfect number.	2 is a perfect number.	2 is a perfect number.\nSpeaker 2: The number two is not a prime number.\nSpeaker 1: It is not possible.\nSpeaker 2: It is not possible in the current universe.\nSpeaker 1: Then I'm going to eat.\nSpeaker 2: Then you can do it.\nSpeaker 	-14.476318359375	-15.2921142578125	-2.4127197265625	-2.5486857096354165	6	6	-14.476318359375	-15.2921142578125	-2.4127197265625	-2.5486857096354165	0.8157958984375	0.1359659830729165	True	True	That's fine with me.	just	0.1359659830729165	0.8157958984375	0	"Speaker 1: I'm hungry. Do we have anything to eat?
Speaker 2: Just a few cookies.
Speaker 1: "	"Speaker 1: I'm hungry. Do we have anything to eat?
Speaker 2: A few cookies.
Speaker 1: "	Speaker 1
187	188	expanded_data	discourse_particle	47	just_e_6664	just	o	Hi, Jenny. Are still working?	Hi, Nancy. Come in please. I'm just putting away on my books.	Hi, Nancy. Come in please. I'm putting away on my books.	So, you are leaving, aren't you?		P	Hi, Nancy. Come in please. I'm just putting away on my books.	nucleus	base	0.9	1.0	20260416	2089130916	50	50	200	44	44	96 this time, eh?	96 this time, eh?	96 this time, eh?\nSpeaker 2: Yeh, they were trying for two nights in a row, but they couldn't catch it. Yeh, they got plenty of sleep, but I'm all right.\nSpeaker 1: Shall I go first then?\nSpeaker 2: No, you do the	-24.9755859375	-25.791015625	-4.16259765625	-4.298502604166667	6	6	-24.9755859375	-25.791015625	-4.16259765625	-4.298502604166667	0.8154296875	0.1359049479166669	True	True	So, you are leaving, aren't you?	just	0.1359049479166669	0.8154296875	1	"Speaker 1: Hi, Jenny. Are still working?
Speaker 2: Hi, Nancy. Come in please. I'm just putting away on my books.
Speaker 1: "	"Speaker 1: Hi, Jenny. Are still working?
Speaker 2: Hi, Nancy. Come in please. I'm putting away on my books.
Speaker 1: "	Speaker 1
188	189	expanded_data	discourse_particle	54	just_j_2522	just	h	I'm searching for an old music box.__eou__You came to the right place. Any particular decade?__eou__If you had a box made in the' 20s, that would be nice.	We just got one in yesterday, so now we have six.	We got one in yesterday, so now we have six.	Would any of them have dancing figures?		P	We just got one in yesterday, so now we have six.	nucleus	base	0.9	1.0	20260416	1861274201	50	50	200	13	13	1920s music boxes, where do I sign?	1920s music boxes, where do i sign?	1920s music boxes, where do I sign?\nSpeaker 2: Last time we had something like this, it went real fast.\nSpeaker 3: So is it like a music box that plays music or a music box where people dance on?\nSpeaker 4: It's a music box that plays music.	-19.978271484375	-21.4627685546875	-1.8162064985795447	-1.9511607776988635	11	11	-19.978271484375	-21.4627685546875	-1.8162064985795447	-1.9511607776988635	1.4844970703125	0.1349542791193181	True	True	Would any of them have dancing figures?	just	0.1349542791193181	1.4844970703125	1	"Speaker 1: I'm searching for an old music box.
Speaker 2: You came to the right place. Any particular decade?
Speaker 1: If you had a box made in the' 20s, that would be nice.
Speaker 2: We just got one in yesterday, so now we have six.
Speaker 1: "	"Speaker 1: I'm searching for an old music box.
Speaker 2: You came to the right place. Any particular decade?
Speaker 1: If you had a box made in the' 20s, that would be nice.
Speaker 2: We got one in yesterday, so now we have six.
Speaker 1: "	Speaker 1
189	190	expanded_data	discourse_particle	13	just_j_10613	just	h	Oh, I think I broke my leg.__eou__Here, sir. Sit down in this wheel chair.__eou__Thanks.	The doctor will be with you in a moment. I just need to ask you a few questions.	The doctor will be with you in a moment. I need to ask you a few questions.	All right.		P	The doctor will be with you in a moment. I just need to ask you a few questions.	nucleus	base	0.9	1.0	20260416	1855650930	50	50	200	10	10	It hurts. A lot.	it hurts. a lot.	 It hurts. A lot.\nSpeaker 2:  Have you ever hurt yourself before?\nSpeaker 1:  No.\nSpeaker 2: Have you ever seen a doctor before?\nSpeaker 1: No.\nSpeaker 2: Have you ever been told not to play ball?\nSpeaker 1:	-13.828460693359377	-14.6380615234375	-2.304743448893229	-2.4396769205729165	6	6	-13.828460693359377	-14.6380615234375	-2.304743448893229	-2.4396769205729165	0.809600830078125	0.1349334716796875	True	True	All right.	just	0.1349334716796875	0.809600830078125	1	"Speaker 1: Oh, I think I broke my leg.
Speaker 2: Here, sir. Sit down in this wheel chair.
Speaker 1: Thanks.
Speaker 2: The doctor will be with you in a moment. I just need to ask you a few questions.
Speaker 1: "	"Speaker 1: Oh, I think I broke my leg.
Speaker 2: Here, sir. Sit down in this wheel chair.
Speaker 1: Thanks.
Speaker 2: The doctor will be with you in a moment. I need to ask you a few questions.
Speaker 1: "	Speaker 1
190	191	expanded_data	discourse_particle	41	just_e_2612	just	o	Can I bring you anything else?	No, thank you. Just the check.	No, thank you. The check.	Let me get this.		P	No, thank you. Just the check.	nucleus	base	0.9	1.0	20260416	289692236	50	50	200	7	7	18% Tip and 8% gratuity.	18% tip and 8% gratuity.	18% Tip and 8% gratuity.\nSpeaker 2: Thank you. I want to pay for the service, not the workers.\nSpeaker 3: Workers rights! Workers rights!\nSpeaker 1: Okay, stop it!\nSpeaker 2: I’m going to send a complaint about this.\nSpeaker 	-23.17908477783203	-24.5280990600586	-2.317908477783204	-2.4528099060058595	10	10	-23.17908477783203	-24.5280990600586	-2.317908477783204	-2.4528099060058595	1.3490142822265625	0.1349014282226561	True	True	Let me get this.	just	0.1349014282226561	1.3490142822265625	1	"Speaker 1: Can I bring you anything else?
Speaker 2: No, thank you. Just the check.
Speaker 1: "	"Speaker 1: Can I bring you anything else?
Speaker 2: No, thank you. The check.
Speaker 1: "	Speaker 1
191	192	expanded_data	discourse_particle	7	just_e_5138	just	o	Do you mind if I ask your friend out?	Of course, but we aren't going out, we're just friends.	Of course, but we aren't going out, we're friends.	Okay, that's good.		P	Of course, but we aren't going out, we're just friends.	nucleus	base	0.9	1.0	20260416	740578275	50	50	200	21	21	123!	123!	123!\nSpeaker 2: Aw, thanks, honey, but I think I'm fine.\nSpeaker 1: Hi.\nSpeaker 2: I'm sorry, my boyfriend is really overprotective.\nSpeaker 1: What? I mean, you're friends. I didn't want to come off too strong.\n	-11.3125	-11.58203125	-5.65625	-5.791015625	2	2	-11.3125	-11.58203125	-5.65625	-5.791015625	0.26953125	0.134765625	True	True	Okay, that's good.	just	0.134765625	0.26953125	1	"Speaker 1: Do you mind if I ask your friend out?
Speaker 2: Of course, but we aren't going out, we're just friends.
Speaker 1: "	"Speaker 1: Do you mind if I ask your friend out?
Speaker 2: Of course, but we aren't going out, we're friends.
Speaker 1: "	Speaker 1
192	193	expanded_data	discourse_particle	48	just_e_976	just	o	Is there anything I can do for you?__eou__I'm looking for a black, leather bag.__eou__How's this?	I'm just looking.	I'm looking.	If you need any help, let me know.		P	I'm just looking.	nucleus	base	0.9	1.0	20260416	711530636	50	50	200	27	27	25 quid, sir.	25 quid, sir.	25 quid, sir.\nSpeaker 2: I'm sorry, I don't carry cash.\nSpeaker 1: OK, well, look at this, that's it, that's yours, all right?\nSpeaker 2: Thank you, sir. How do I get home?\nSpeaker 1: Easy.	-12.798065185546877	-13.605949401855469	-2.1330108642578125	-2.267658233642578	6	6	-12.798065185546877	-13.605949401855469	-2.1330108642578125	-2.267658233642578	0.8078842163085938	0.1346473693847656	True	True	If you need any help, let me know.	just	0.1346473693847656	0.8078842163085938	1	"Speaker 1: Is there anything I can do for you?
Speaker 2: I'm looking for a black, leather bag.
Speaker 1: How's this?
Speaker 2: I'm just looking.
Speaker 1: "	"Speaker 1: Is there anything I can do for you?
Speaker 2: I'm looking for a black, leather bag.
Speaker 1: How's this?
Speaker 2: I'm looking.
Speaker 1: "	Speaker 1
193	194	expanded_data	discourse_particle	41	just_e_2612	just	o	Can I bring you anything else?	No, thank you. Just the check.	No, thank you. The check.	Let me get this.		P	No, thank you. Just the check.	nucleus	base	0.9	1.0	20260416	289692236	50	50	200	45	45	20% plus gratuity for large group.	20% plus gratuity for large group.	20% plus gratuity for large group.\nSpeaker 2: Do I need to write my name on it?\nSpeaker 1: Yes, you do.\nSpeaker 2: I’m sorry. Do I need to add a little on the side for the employee?\nSpeaker 1: Yes, there’s an 	-21.95721435546875	-23.166900634765625	-2.4396904839409723	-2.574100070529514	9	9	-21.95721435546875	-23.166900634765625	-2.4396904839409723	-2.574100070529514	1.209686279296875	0.1344095865885415	True	True	Let me get this.	just	0.1344095865885415	1.209686279296875	1	"Speaker 1: Can I bring you anything else?
Speaker 2: No, thank you. Just the check.
Speaker 1: "	"Speaker 1: Can I bring you anything else?
Speaker 2: No, thank you. The check.
Speaker 1: "	Speaker 1
194	195	expanded_data	discourse_particle	19	just_j_7873	just	h	How are you getting along with your wife now?__eou__What can you expect? Not that good.__eou__What are you going to do then?	Just let it go.	Let it go.	How are your work now?		P	Just let it go.	nucleus	base	0.9	1.0	20260416	1369746621	50	50	200	21	21	You mean let her beat the crap out of you?	you mean let her beat the crap out of you?	 You mean let her beat the crap out of you?\nSpeaker 2: She is my wife. I am supposed to love her.\nSpeaker 1:  And you would like her to love you?\nSpeaker 2: That would be nice.\nSpeaker 1:  That would be nice. Maybe	-22.07002258300781	-23.529502868652344	-2.0063656893643467	-2.1390457153320312	11	11	-22.07002258300781	-23.529502868652344	-2.0063656893643467	-2.1390457153320312	1.4594802856445312	0.1326800259676845	True	True	How are your work now?	just	0.1326800259676845	1.4594802856445312	1	"Speaker 1: How are you getting along with your wife now?
Speaker 2: What can you expect? Not that good.
Speaker 1: What are you going to do then?
Speaker 2: Just let it go.
Speaker 1: "	"Speaker 1: How are you getting along with your wife now?
Speaker 2: What can you expect? Not that good.
Speaker 1: What are you going to do then?
Speaker 2: Let it go.
Speaker 1: "	Speaker 1
195	196	expanded_data	discourse_particle	36	just_j_8556	just	h	I think I'm going to go home.	Why? We just got here.	Why? We got here.	I know, but it's 12		P	Why? We just got here.	nucleus	base	0.9	1.0	20260416	1188910665	50	50	200	37	37	I don't like it here. The people aren't nice. The work is too hard.	i don't like it here. the people aren't nice. the work is too hard.	 I don't like it here. The people aren't nice. The work is too hard.\nSpeaker 2:  That's too bad. Bye.\nAnnouncer:  Listen in as two students at our university discuss their futures.\nVocabulary:  formality,  uncomfortable,  	-28.44532012939453	-30.938446044921875	-1.4971221120733964	-1.628339265522204	19	19	-28.44532012939453	-30.938446044921875	-1.4971221120733964	-1.628339265522204	2.493125915527344	0.1312171534488075	True	True	I know, but it's 12	just	0.1312171534488075	2.493125915527344	1	"Speaker 1: I think I'm going to go home.
Speaker 2: Why? We just got here.
Speaker 1: "	"Speaker 1: I think I'm going to go home.
Speaker 2: Why? We got here.
Speaker 1: "	Speaker 1
196	197	expanded_data	discourse_particle	10	just_j_12718	just	h	Hello Mr Waterstone, what can I do for you today?	Hello, Becky. Well, you see, I have this thing here, called a Fixed Deposit Certificate, and I've just noticed the date on it.	Hello, Becky. Well, you see, I have this thing here, called a Fixed Deposit Certificate, and I've noticed the date on it.	Oh, I see. You have two choices here you can either redeem or renew.		P	Hello, Becky. Well, you see, I have this thing here, called a Fixed Deposit Certificate, and I've just noticed the date on it.	nucleus	base	0.9	1.0	20260416	1476190778	50	50	200	26	26	1st April?	1st april?	1st April?\nSpeaker 2: Yeah. And I've noticed that the date on it is the same as the date on the document that I received just before I entered my contract with the finance company. Now, this makes me wonder whether this certificate is a scam and I'd like to get it cancelled.\nSpeaker	-6.97613525390625	-7.50067138671875	-1.7440338134765625	-1.8751678466796875	4	4	-6.97613525390625	-7.50067138671875	-1.7440338134765625	-1.8751678466796875	0.5245361328125	0.131134033203125	True	True	Oh, I see. You have two choices here you can either redeem or renew.	just	0.131134033203125	0.5245361328125	0	"Speaker 1: Hello Mr Waterstone, what can I do for you today?
Speaker 2: Hello, Becky. Well, you see, I have this thing here, called a Fixed Deposit Certificate, and I've just noticed the date on it.
Speaker 1: "	"Speaker 1: Hello Mr Waterstone, what can I do for you today?
Speaker 2: Hello, Becky. Well, you see, I have this thing here, called a Fixed Deposit Certificate, and I've noticed the date on it.
Speaker 1: "	Speaker 1
197	198	expanded_data	discourse_particle	5	just_e_4508	just	o	Mom, have we got any cookies?	Cookies? You just ate an hour ago.	Cookies? You ate an hour ago.	I know, but I'm hungry.		P	Cookies? You just ate an hour ago.	nucleus	base	0.9	1.0	20260416	1255810015	50	50	200	36	34	30 minutes.	30 minutes.	30 minutes.\nSpeaker 2: 30 minutes. Cookies will spoil your appetite.\nSpeaker 1: Yeah.\nSpeaker 2: Mom, is it OK if I eat just one?\nSpeaker 1: No. It will spoil your appetite for dinner.\nSpeaker 2: I need something right now. Cookies are	-5.77227783203125	-6.1632080078125	-1.924092610677084	-2.054402669270833	3	3	-5.77227783203125	-6.1632080078125	-1.924092610677084	-2.054402669270833	0.39093017578125	0.1303100585937502	True	True	I know, but I'm hungry.	just	0.1303100585937502	0.39093017578125	0	"Speaker 1: Mom, have we got any cookies?
Speaker 2: Cookies? You just ate an hour ago.
Speaker 1: "	"Speaker 1: Mom, have we got any cookies?
Speaker 2: Cookies? You ate an hour ago.
Speaker 1: "	Speaker 1
198	199	expanded_data	discourse_particle	25	just_j_12662	just	h	Is everything all right?__eou__Not at all.__eou__What's the problem?	Someone just robbed me.	Someone robbed me.	What do you mean?		P	Someone just robbed me.	nucleus	base	0.9	1.0	20260416	310199087	50	50	200	59	49	12:05 a.m. Already?	12:05 a.m. already?	12:05 a.m. Already?\nSpeaker 2: This could be a good day.\nSpeaker 1: Be polite. They could have a weapon.\nSpeaker 1: What's your address?\nSpeaker 2: You're talking to a guy in a newspaper box.\nSpeaker 1: Oh! I'm	-20.23750305175781	-21.272857666015625	-2.5296878814697266	-2.659107208251953	8	8	-20.23750305175781	-21.272857666015625	-2.5296878814697266	-2.659107208251953	1.0353546142578125	0.1294193267822265	True	True	What do you mean?	just	0.1294193267822265	1.0353546142578125	0	"Speaker 1: Is everything all right?
Speaker 2: Not at all.
Speaker 1: What's the problem?
Speaker 2: Someone just robbed me.
Speaker 1: "	"Speaker 1: Is everything all right?
Speaker 2: Not at all.
Speaker 1: What's the problem?
Speaker 2: Someone robbed me.
Speaker 1: "	Speaker 1
199	200	expanded_data	discourse_particle	45	just_e_1267	just	o	Hi. Can I help you?	No, thanks. I’m just looking around.	No, thanks. I’m looking around.	Okay. Please let me know if you need any help.		P	No, thanks. I’m just looking around.	nucleus	base	0.9	1.0	20260416	372474554	50	50	200	7	7	Here’s a brochure with our floor plans and prices.	here’s a brochure with our floor plans and prices.	 Here’s a brochure with our floor plans and prices.\nSpeaker 2:  Thanks.\nSpeaker 1:  Thanks for stopping by.\nSpeaker 2:  Thanks.\nSpeaker 1:  Have a nice day.\nSpeaker 2:  Thank you.\nSpeaker 1: 	-21.76220703125	-23.185791015625	-1.9783824573863635	-2.107799183238636	11	11	-21.76220703125	-23.185791015625	-1.9783824573863635	-2.107799183238636	1.423583984375	0.1294167258522727	True	True	Okay. Please let me know if you need any help.	just	0.1294167258522727	1.423583984375	1	"Speaker 1: Hi. Can I help you?
Speaker 2: No, thanks. I’m just looking around.
Speaker 1: "	"Speaker 1: Hi. Can I help you?
Speaker 2: No, thanks. I’m looking around.
Speaker 1: "	Speaker 1
200	201	expanded_data	discourse_particle	5	just_e_4508	just	o	Mom, have we got any cookies?	Cookies? You just ate an hour ago.	Cookies? You ate an hour ago.	I know, but I'm hungry.		P	Cookies? You just ate an hour ago.	nucleus	base	0.9	1.0	20260416	1255810015	50	50	200	5	5	20 minutes ago.	20 minutes ago.	20 minutes ago.\nSpeaker 2: You can’t eat right before bed, that’s going to make you sick.\nSpeaker 1: Mom, I’m going to throw up.\nSpeaker 2: [chuckles] I’m not in the mood to deal with you being sick again.\nSpeaker 1: I	-5.802978515625	-6.31982421875	-1.45074462890625	-1.5799560546875	4	4	-5.802978515625	-6.31982421875	-1.45074462890625	-1.5799560546875	0.516845703125	0.12921142578125	True	True	I know, but I'm hungry.	just	0.12921142578125	0.516845703125	0	"Speaker 1: Mom, have we got any cookies?
Speaker 2: Cookies? You just ate an hour ago.
Speaker 1: "	"Speaker 1: Mom, have we got any cookies?
Speaker 2: Cookies? You ate an hour ago.
Speaker 1: "	Speaker 1
201	202	expanded_data	discourse_particle	0	just_e_1157	just	o	Is there something I can help you with?	No, I'm just browsing. Thanks anyway.	No, I'm browsing. Thanks anyway.	Ok.		P	No, I'm just browsing. Thanks anyway.	nucleus	base	0.9	1.0	20260416	1069069550	50	50	200	17	17	08, too big for you?	08, too big for you?	08, too big for you?\nSpeaker 2: Yeah, a bit small.\nSpeaker 1: You could try 06. It's two colours, but it's a great design.\nSpeaker 2: Let me think. What about 09? I like it.\nSpeaker 1: That's a good	-25.92822265625	-26.830078125	-3.7040318080357135	-3.832868303571429	7	7	-25.92822265625	-26.830078125	-3.7040318080357135	-3.832868303571429	0.90185546875	0.1288364955357139	True	True	Ok.	just	0.1288364955357139	0.90185546875	1	"Speaker 1: Is there something I can help you with?
Speaker 2: No, I'm just browsing. Thanks anyway.
Speaker 1: "	"Speaker 1: Is there something I can help you with?
Speaker 2: No, I'm browsing. Thanks anyway.
Speaker 1: "	Speaker 1
202	203	expanded_data	discourse_particle	45	just_e_1267	just	o	Hi. Can I help you?	No, thanks. I’m just looking around.	No, thanks. I’m looking around.	Okay. Please let me know if you need any help.		P	No, thanks. I’m just looking around.	nucleus	base	0.9	1.0	20260416	372474554	50	50	200	31	31	96% pure wool. That’s the best for insulation.	96% pure wool. that’s the best for insulation.	96% pure wool. That’s the best for insulation.\nSpeaker 2: It looks nice.\nSpeaker 1: Sure, it looks nice, but it doesn’t always feel nice.\nSpeaker 2: Thanks for your help.	-33.9393310546875	-35.4842529296875	-2.828277587890625	-2.9570210774739585	12	12	-33.9393310546875	-35.4842529296875	-2.828277587890625	-2.9570210774739585	1.544921875	0.1287434895833334	True	True	Okay. Please let me know if you need any help.	just	0.1287434895833334	1.544921875	1	"Speaker 1: Hi. Can I help you?
Speaker 2: No, thanks. I’m just looking around.
Speaker 1: "	"Speaker 1: Hi. Can I help you?
Speaker 2: No, thanks. I’m looking around.
Speaker 1: "	Speaker 1
203	204	expanded_data	discourse_particle	39	just_e_1246	just	o	Good afternoon, ma'am. Can I help you find anything?	No, thanks. I'm just looking.	No, thanks. I'm looking.	We have a special on these skirts this week. Would you like to try one on?		P	No, thanks. I'm just looking.	nucleus	base	0.9	1.0	20260416	1062489368	50	50	200	30	30	Have you found anything you like?	have you found anything you like?	 Have you found anything you like?\nSpeaker 2:  Not yet.\nSpeaker 1:  What sort of thing were you looking for?\nSpeaker 2:  Oh, just something a little bit special.\nSpeaker 1:  Well, we have some nice new shoes in the corner	-12.78271484375	-13.6766357421875	-1.8261021205357144	-1.9538051060267856	7	7	-12.78271484375	-13.6766357421875	-1.8261021205357144	-1.9538051060267856	0.8939208984375	0.1277029854910716	True	True	We have a special on these skirts this week. Would you like to try one on?	just	0.1277029854910716	0.8939208984375	0	"Speaker 1: Good afternoon, ma'am. Can I help you find anything?
Speaker 2: No, thanks. I'm just looking.
Speaker 1: "	"Speaker 1: Good afternoon, ma'am. Can I help you find anything?
Speaker 2: No, thanks. I'm looking.
Speaker 1: "	Speaker 1
204	205	expanded_data	discourse_particle	47	just_e_6664	just	o	Hi, Jenny. Are still working?	Hi, Nancy. Come in please. I'm just putting away on my books.	Hi, Nancy. Come in please. I'm putting away on my books.	So, you are leaving, aren't you?		P	Hi, Nancy. Come in please. I'm just putting away on my books.	nucleus	base	0.9	1.0	20260416	2089130916	50	50	200	46	46	5am is still early isn't it?	5am is still early isn't it?	5am is still early isn't it?\nSpeaker 2: Well, not so early for me.\nSpeaker 1: Yes, I suppose.\nSpeaker 2: I like to read before I go to sleep.\nSpeaker 1: You read so much.\nSpeaker 2: I like to know what's happening	-21.87045288085937	-23.006561279296875	-2.430050320095486	-2.556284586588541	9	9	-21.87045288085937	-23.006561279296875	-2.430050320095486	-2.556284586588541	1.1361083984375	0.1262342664930553	True	True	So, you are leaving, aren't you?	just	0.1262342664930553	1.1361083984375	1	"Speaker 1: Hi, Jenny. Are still working?
Speaker 2: Hi, Nancy. Come in please. I'm just putting away on my books.
Speaker 1: "	"Speaker 1: Hi, Jenny. Are still working?
Speaker 2: Hi, Nancy. Come in please. I'm putting away on my books.
Speaker 1: "	Speaker 1
205	206	expanded_data	discourse_particle	37	just_e_569	just	o	May I help you?	I'm just browsing, thanks.	I'm browsing, thanks.	We're on clearance sale now. Prices have up to twenty percent off. Do not miss the chance.		P	I'm just browsing, thanks.	nucleus	base	0.9	1.0	20260416	794732814	50	50	200	47	47	99p to catch all the best sellers, yeah? It's a bargain!	99p to catch all the best sellers, yeah? it's a bargain!	99p to catch all the best sellers, yeah? It's a bargain!\nI'm just browsing, thanks.\nI am sorry, I can't speak Japanese.\nHe was just playing it by ear.\nThey were just fooling around.\nI don't have time for just you.\nIt's just you and me.	-51.8406982421875	-53.8594970703125	-3.2400436401367188	-3.3662185668945312	16	16	-51.8406982421875	-53.8594970703125	-3.2400436401367188	-3.3662185668945312	2.018798828125	0.1261749267578125	True	True	We're on clearance sale now. Prices have up to twenty percent off. Do not miss the chance.	just	0.1261749267578125	2.018798828125	1	"Speaker 1: May I help you?
Speaker 2: I'm just browsing, thanks.
Speaker 1: "	"Speaker 1: May I help you?
Speaker 2: I'm browsing, thanks.
Speaker 1: "	Speaker 1
206	207	expanded_data	discourse_particle	5	just_e_4508	just	o	Mom, have we got any cookies?	Cookies? You just ate an hour ago.	Cookies? You ate an hour ago.	I know, but I'm hungry.		P	Cookies? You just ate an hour ago.	nucleus	base	0.9	1.0	20260416	1255810015	50	50	200	43	40	1:00 hour ago. I’m hungry.	1:00 hour ago. i’m hungry.	1:00 hour ago. I’m hungry.\nSpeaker 2: I’m making dinner in a little bit, okay?\nSpeaker 1: Have we got any milk? Have we got any water?\nSpeaker 2: No water, but we do have some milk.\nSpeaker 1: Then can we have some	-18.0751953125	-19.3359375	-1.80751953125	-1.93359375	10	10	-18.0751953125	-19.3359375	-1.80751953125	-1.93359375	1.2607421875	0.1260742187499999	True	True	I know, but I'm hungry.	just	0.1260742187499999	1.2607421875	0	"Speaker 1: Mom, have we got any cookies?
Speaker 2: Cookies? You just ate an hour ago.
Speaker 1: "	"Speaker 1: Mom, have we got any cookies?
Speaker 2: Cookies? You ate an hour ago.
Speaker 1: "	Speaker 1
207	208	expanded_data	discourse_particle	36	just_j_8556	just	h	I think I'm going to go home.	Why? We just got here.	Why? We got here.	I know, but it's 12		P	Why? We just got here.	nucleus	base	0.9	1.0	20260416	1188910665	50	50	200	19	19	90 percent of the people here are 40 to 65.	90 percent of the people here are 40 to 65.	90 percent of the people here are 40 to 65.\nSpeaker 2: That doesn't mean we need to leave.\nSpeaker 1: Well, it's kind of depressing.\nSpeaker 2: Well, what's depressing?\nSpeaker 1: There's no music. There's no motorcycles.\nSpeaker 	-28.21856689453125	-29.854736328125	-2.170658991887019	-2.2965181790865383	13	13	-28.21856689453125	-29.854736328125	-2.170658991887019	-2.2965181790865383	1.63616943359375	0.1258591871995191	True	True	I know, but it's 12	just	0.1258591871995191	1.63616943359375	1	"Speaker 1: I think I'm going to go home.
Speaker 2: Why? We just got here.
Speaker 1: "	"Speaker 1: I think I'm going to go home.
Speaker 2: Why? We got here.
Speaker 1: "	Speaker 1
208	209	expanded_data	discourse_particle	30	just_e_3966	just	o	Daniel, would you like to have a look at my dorm?__eou__Of course, I'd like to.	It is a small room, just for 4 people.	It is a small room, for 4 people.	What is in it?		P	It is a small room, just for 4 people.	nucleus	base	0.9	1.0	20260416	1247985298	50	50	200	10	9	4? That's very small.	4? that's very small.	4? That's very small.\nSpeaker 1: I must share it with 3 of my classmates.\nSpeaker 2: How did you get it?\nSpeaker 1: I draw 3 numbers and got the dorm that has the smallest number.\nSpeaker 2: Would you like to draw numbers again?\nSpeaker	-11.92425537109375	-12.8017578125	-1.7034650530133928	-1.8288225446428568	7	7	-11.92425537109375	-12.8017578125	-1.7034650530133928	-1.8288225446428568	0.87750244140625	0.1253574916294644	True	True	What is in it?	just	0.1253574916294644	0.87750244140625	0	"Speaker 1: Daniel, would you like to have a look at my dorm?
Speaker 2: Of course, I'd like to.
Speaker 1: It is a small room, just for 4 people.
Speaker 2: "	"Speaker 1: Daniel, would you like to have a look at my dorm?
Speaker 2: Of course, I'd like to.
Speaker 1: It is a small room, for 4 people.
Speaker 2: "	Speaker 2
209	210	expanded_data	discourse_particle	36	just_j_8556	just	h	I think I'm going to go home.	Why? We just got here.	Why? We got here.	I know, but it's 12		P	Why? We just got here.	nucleus	base	0.9	1.0	20260416	1188910665	50	50	200	46	46	10 days in the car with 10 men. It's enough to make a strong woman cry.	10 days in the car with 10 men. it's enough to make a strong woman cry.	10 days in the car with 10 men. It's enough to make a strong woman cry.\nSpeaker 2: What's wrong?\nSpeaker 1: I'm just tired. That's all. The thing is, I've learned all the important things that a woman needs to know, but I have one more	-51.214599609375	-53.715576171875	-2.56072998046875	-2.68577880859375	20	20	-51.214599609375	-53.715576171875	-2.56072998046875	-2.68577880859375	2.5009765625	0.1250488281250001	True	True	I know, but it's 12	just	0.1250488281250001	2.5009765625	1	"Speaker 1: I think I'm going to go home.
Speaker 2: Why? We just got here.
Speaker 1: "	"Speaker 1: I think I'm going to go home.
Speaker 2: Why? We got here.
Speaker 1: "	Speaker 1
210	211	expanded_data	discourse_particle	4	just_j_1627	just	h	Excuse me, do you have the latest issue of Newsworld?	Yes, this week's issue just came in. Here it is.	Yes, this week's issue came in. Here it is.	How about Music Madness?		P	Yes, this week's issue just came in. Here it is.	nucleus	base	0.9	1.0	20260416	63091100	50	50	200	15	15	82 cents, please.	82 cents, please.	82 cents, please.\nSpeaker 2: Do you want a receipt?\nSpeaker 1: No, thanks.\n(1) Are you a subscriber to our weekly paper?\n(2) How much do you charge for the current issue?\n(3) Is this week's issue out yet?\n(4) Here it	-12.5390625	-13.160888671875	-2.5078125	-2.632177734375	5	5	-12.5390625	-13.160888671875	-2.5078125	-2.632177734375	0.621826171875	0.1243652343749999	True	True	How about Music Madness?	just	0.1243652343749999	0.621826171875	1	"Speaker 1: Excuse me, do you have the latest issue of Newsworld?
Speaker 2: Yes, this week's issue just came in. Here it is.
Speaker 1: "	"Speaker 1: Excuse me, do you have the latest issue of Newsworld?
Speaker 2: Yes, this week's issue came in. Here it is.
Speaker 1: "	Speaker 1
211	212	expanded_data	discourse_particle	45	just_e_1267	just	o	Hi. Can I help you?	No, thanks. I’m just looking around.	No, thanks. I’m looking around.	Okay. Please let me know if you need any help.		P	No, thanks. I’m just looking around.	nucleus	base	0.9	1.0	20260416	372474554	50	50	200	15	15	Okay, then. Enjoy your shopping.	okay, then. enjoy your shopping.	 Okay, then. Enjoy your shopping.\nSpeaker 1:  Hi. Can I help you?\nSpeaker 2:  I’m just looking around, thanks.\nSpeaker 1: Okay, then. Enjoy your shopping.	-12.3046875	-13.299560546875	-1.5380859375	-1.662445068359375	8	8	-12.3046875	-13.299560546875	-1.5380859375	-1.662445068359375	0.994873046875	0.124359130859375	True	True	Okay. Please let me know if you need any help.	just	0.124359130859375	0.994873046875	1	"Speaker 1: Hi. Can I help you?
Speaker 2: No, thanks. I’m just looking around.
Speaker 1: "	"Speaker 1: Hi. Can I help you?
Speaker 2: No, thanks. I’m looking around.
Speaker 1: "	Speaker 1
212	213	expanded_data	discourse_particle	43	just_e_2762	just	o	Hi, can I help you?	No, thanks. I'm just looking.	No, thanks. I'm looking.	All right. If you need any help, just let me know. My name is Greg.		P	No, thanks. I'm just looking.	nucleus	base	0.9	1.0	20260416	892431323	50	50	200	18	18	Okay, come back and see me when you're ready to purchase.	okay, come back and see me when you're ready to purchase.	 Okay, come back and see me when you're ready to purchase.\nSpeaker 2: I'm just looking around for a little bit. Do you mind if I walk around?\nSpeaker 1: No problem. Do you have anything specific in mind or were you just browsing?\nSpeaker 2: Well, I	-22.237869262695312	-23.97450256347656	-1.5884192330496651	-1.7124644688197546	14	14	-22.237869262695312	-23.97450256347656	-1.5884192330496651	-1.7124644688197546	1.73663330078125	0.1240452357700894	True	True	All right. If you need any help, just let me know. My name is Greg.	just	0.1240452357700894	1.73663330078125	0	"Speaker 1: Hi, can I help you?
Speaker 2: No, thanks. I'm just looking.
Speaker 1: "	"Speaker 1: Hi, can I help you?
Speaker 2: No, thanks. I'm looking.
Speaker 1: "	Speaker 1
213	214	expanded_data	discourse_particle	35	just_j_8362	just	h	let's go swimming.	But, we just finished eating lunch.	But, we finished eating lunch.	I know, but I'm really hot.		P	But, we just finished eating lunch.	nucleus	base	0.9	1.0	20260416	1023332715	50	50	200	8	8	50 push-ups! That'll get rid of the ketchup and meatball sandwich I just ate.	50 push-ups! that'll get rid of the ketchup and meatball sandwich i just ate.	50 push-ups! That'll get rid of the ketchup and meatball sandwich I just ate.\nSpeaker 2: You had a meatball sandwich? Since when do you eat lunch meatballs?\nSpeaker 1: Hush! I'm getting ready to do 50 push-ups.	-47.26736068725586	-49.74457931518555	-2.363368034362793	-2.487228965759277	20	20	-47.26736068725586	-49.74457931518555	-2.363368034362793	-2.487228965759277	2.4772186279296875	0.1238609313964844	True	True	I know, but I'm really hot.	just	0.1238609313964844	2.4772186279296875	1	"Speaker 1: let's go swimming.
Speaker 2: But, we just finished eating lunch.
Speaker 1: "	"Speaker 1: let's go swimming.
Speaker 2: But, we finished eating lunch.
Speaker 1: "	Speaker 1
214	215	expanded_data	discourse_particle	48	just_e_976	just	o	Is there anything I can do for you?__eou__I'm looking for a black, leather bag.__eou__How's this?	I'm just looking.	I'm looking.	If you need any help, let me know.		P	I'm just looking.	nucleus	base	0.9	1.0	20260416	711530636	50	50	200	45	45	35 p	35 p	35 p\nSpeaker 2: I don't think so, thanks.\nSpeaker 1: OK.\nSpeaker 2: Sorry.\nSpeaker 1: Are you looking for something else?\nSpeaker 2: I'm looking for a bag. What do you have?\nSpeaker 1: Try this one.\nSpeaker 	-9.595703125	-9.841796875	-4.7978515625	-4.9208984375	2	2	-9.595703125	-9.841796875	-4.7978515625	-4.9208984375	0.24609375	0.123046875	True	True	If you need any help, let me know.	just	0.123046875	0.24609375	1	"Speaker 1: Is there anything I can do for you?
Speaker 2: I'm looking for a black, leather bag.
Speaker 1: How's this?
Speaker 2: I'm just looking.
Speaker 1: "	"Speaker 1: Is there anything I can do for you?
Speaker 2: I'm looking for a black, leather bag.
Speaker 1: How's this?
Speaker 2: I'm looking.
Speaker 1: "	Speaker 1
215	216	expanded_data	discourse_particle	48	just_e_976	just	o	Is there anything I can do for you?__eou__I'm looking for a black, leather bag.__eou__How's this?	I'm just looking.	I'm looking.	If you need any help, let me know.		P	I'm just looking.	nucleus	base	0.9	1.0	20260416	711530636	50	50	200	47	47	60%.	60%.	60%.\nSpeaker 2: I don't think I'll be able to do it.\nSpeaker 1: Take it. I don't need it.\nSpeaker 2: A 60% discount.\nSpeaker 1: All my things, all my profits. All because of you.\nSpeaker 2: What did	-9.755859375	-10.001953125	-4.8779296875	-5.0009765625	2	2	-9.755859375	-10.001953125	-4.8779296875	-5.0009765625	0.24609375	0.123046875	True	True	If you need any help, let me know.	just	0.123046875	0.24609375	1	"Speaker 1: Is there anything I can do for you?
Speaker 2: I'm looking for a black, leather bag.
Speaker 1: How's this?
Speaker 2: I'm just looking.
Speaker 1: "	"Speaker 1: Is there anything I can do for you?
Speaker 2: I'm looking for a black, leather bag.
Speaker 1: How's this?
Speaker 2: I'm looking.
Speaker 1: "	Speaker 1
216	217	expanded_data	discourse_particle	4	just_j_1627	just	h	Excuse me, do you have the latest issue of Newsworld?	Yes, this week's issue just came in. Here it is.	Yes, this week's issue came in. Here it is.	How about Music Madness?		P	Yes, this week's issue just came in. Here it is.	nucleus	base	0.9	1.0	20260416	63091100	50	50	200	39	38	Thanks.	thanks.	 Thanks.\nSpeaker 2: Enjoy.\nSpeaker 1: I'm an American.  How much is it?  Do you accept cards?\nSpeaker 2:  Three thousand yen, I'm afraid, but I don't accept cards.  You can pay with cash, though.\nSpeaker 1:  Oh	-2.77099609375	-3.01611328125	-1.385498046875	-1.508056640625	2	2	-2.77099609375	-3.01611328125	-1.385498046875	-1.508056640625	0.2451171875	0.12255859375	True	True	How about Music Madness?	just	0.12255859375	0.2451171875	1	"Speaker 1: Excuse me, do you have the latest issue of Newsworld?
Speaker 2: Yes, this week's issue just came in. Here it is.
Speaker 1: "	"Speaker 1: Excuse me, do you have the latest issue of Newsworld?
Speaker 2: Yes, this week's issue came in. Here it is.
Speaker 1: "	Speaker 1
217	218	expanded_data	discourse_particle	36	just_j_8556	just	h	I think I'm going to go home.	Why? We just got here.	Why? We got here.	I know, but it's 12		P	Why? We just got here.	nucleus	base	0.9	1.0	20260416	1188910665	50	50	200	24	24	I'm just tired.	i'm just tired.	 I'm just tired.\nSpeaker 2: It's only 6:30.\nSpeaker 1: I know.\nSpeaker 2: Is this your sister?\nSpeaker 1: No. Her name is Denise.\nSpeaker 2: Oh, I thought her name was Debbie.\nSpeaker	-7.361328125	-7.97314453125	-1.472265625	-1.59462890625	5	5	-7.361328125	-7.97314453125	-1.472265625	-1.59462890625	0.61181640625	0.1223632812500001	True	True	I know, but it's 12	just	0.1223632812500001	0.61181640625	1	"Speaker 1: I think I'm going to go home.
Speaker 2: Why? We just got here.
Speaker 1: "	"Speaker 1: I think I'm going to go home.
Speaker 2: Why? We got here.
Speaker 1: "	Speaker 1
218	219	expanded_data	discourse_particle	45	just_e_1267	just	o	Hi. Can I help you?	No, thanks. I’m just looking around.	No, thanks. I’m looking around.	Okay. Please let me know if you need any help.		P	No, thanks. I’m just looking around.	nucleus	base	0.9	1.0	20260416	372474554	50	50	200	27	27	100% organic cotton on sale.	100% organic cotton on sale.	100% organic cotton on sale.\nSpeaker 2: 100% cotton? It’s expensive.\nSpeaker 1: Why? We make it ourselves and we sell them cheap.\nSpeaker 2: Oh, we love organic cotton, right? Organic cotton has been around for a long time. In fact, it’s	-16.0234375	-16.87939453125	-2.2890625	-2.411342075892857	7	7	-16.0234375	-16.87939453125	-2.2890625	-2.411342075892857	0.85595703125	0.1222795758928572	True	True	Okay. Please let me know if you need any help.	just	0.1222795758928572	0.85595703125	1	"Speaker 1: Hi. Can I help you?
Speaker 2: No, thanks. I’m just looking around.
Speaker 1: "	"Speaker 1: Hi. Can I help you?
Speaker 2: No, thanks. I’m looking around.
Speaker 1: "	Speaker 1
219	220	expanded_data	discourse_particle	5	just_e_4508	just	o	Mom, have we got any cookies?	Cookies? You just ate an hour ago.	Cookies? You ate an hour ago.	I know, but I'm hungry.		P	Cookies? You just ate an hour ago.	nucleus	base	0.9	1.0	20260416	1255810015	50	50	200	4	4	20 seconds. That was 20 seconds ago.	20 seconds. that was 20 seconds ago.	20 seconds. That was 20 seconds ago.\nSpeaker 2: I know, but we've had lunch.\nSpeaker 1: Oh, there are no cookies, mom. Not even one?\nSpeaker 2: Uh uh. You're not even getting any milk today.\nSpeaker 1: Ooh, who	-17.892242431640625	-19.11328125	-1.7892242431640626	-1.911328125	10	10	-17.892242431640625	-19.11328125	-1.7892242431640626	-1.911328125	1.221038818359375	0.1221038818359374	True	True	I know, but I'm hungry.	just	0.1221038818359374	1.221038818359375	0	"Speaker 1: Mom, have we got any cookies?
Speaker 2: Cookies? You just ate an hour ago.
Speaker 1: "	"Speaker 1: Mom, have we got any cookies?
Speaker 2: Cookies? You ate an hour ago.
Speaker 1: "	Speaker 1
220	221	expanded_data	discourse_particle	37	just_e_569	just	o	May I help you?	I'm just browsing, thanks.	I'm browsing, thanks.	We're on clearance sale now. Prices have up to twenty percent off. Do not miss the chance.		P	I'm just browsing, thanks.	nucleus	base	0.9	1.0	20260416	794732814	50	50	200	23	23	88 on sale, £70, £80 on sale.	88 on sale, £70, £80 on sale.	88 on sale, £70, £80 on sale.\nSpeaker 2: Which brand is that?\nSpeaker 1: How can I help you?\nSpeaker 2: I'm just looking around.\nSpeaker 1: 1-13 on sale.\nSpeaker 2: Which one is this?\nSpeaker 1	-37.45703125	-38.91943359375	-3.121419270833333	-3.2432861328125	12	12	-37.45703125	-38.91943359375	-3.121419270833333	-3.2432861328125	1.46240234375	0.1218668619791665	True	True	We're on clearance sale now. Prices have up to twenty percent off. Do not miss the chance.	just	0.1218668619791665	1.46240234375	1	"Speaker 1: May I help you?
Speaker 2: I'm just browsing, thanks.
Speaker 1: "	"Speaker 1: May I help you?
Speaker 2: I'm browsing, thanks.
Speaker 1: "	Speaker 1
221	222	expanded_data	discourse_particle	51	just_j_2401	just	h	This motor oil case is still really slippery.__eou__Yeah, time for more coffee!__eou__Sure, why not? I think I want a chocolate chip cookie, too.	By the way, I heard Kitty's just got in a shipment of Jamaican Blue Mountain.	By the way, I heard Kitty's got in a shipment of Jamaican Blue Mountain.	So what?		P	By the way, I heard Kitty's just got in a shipment of Jamaican Blue Mountain.	nucleus	base	0.9	1.0	20260416	2004638241	50	50	200	23	22	20 bucks an ounce?	20 bucks an ounce?	20 bucks an ounce?\nSpeaker 2: No, a bargain at $15. There are a few of you guys left, don't you think you should hear about what happened? You missed the most exciting week of my life!\nSpeaker 1: I really have to get a cup of coffee.\nSpeaker 1	-7.143096923828125	-7.747711181640625	-1.428619384765625	-1.549542236328125	5	5	-7.143096923828125	-7.747711181640625	-1.428619384765625	-1.549542236328125	0.6046142578125	0.1209228515625	True	True	So what?	just	0.1209228515625	0.6046142578125	0	"Speaker 1: This motor oil case is still really slippery.
Speaker 2: Yeah, time for more coffee!
Speaker 1: Sure, why not? I think I want a chocolate chip cookie, too.
Speaker 2: By the way, I heard Kitty's just got in a shipment of Jamaican Blue Mountain.
Speaker 1: "	"Speaker 1: This motor oil case is still really slippery.
Speaker 2: Yeah, time for more coffee!
Speaker 1: Sure, why not? I think I want a chocolate chip cookie, too.
Speaker 2: By the way, I heard Kitty's got in a shipment of Jamaican Blue Mountain.
Speaker 1: "	Speaker 1
222	223	expanded_data	discourse_particle	40	just_j_7614	just	h	Hey Michelle. Good to see you. Are you at lunch?	Oh hi Jim. No I just got back. I thought you were on vacation now.	Oh hi Jim. No I got back. I thought you were on vacation now.	No, I wish I was! I just got back from Spain actually.		P	Oh hi Jim. No I just got back. I thought you were on vacation now.	nucleus	base	0.9	1.0	20260416	135797504	50	50	200	45	45	8 days isn’t enough time.	8 days isn’t enough time.	8 days isn’t enough time.\nSpeaker 2: No it’s not, I’ll be ready for another one in another 8 days.\nSpeaker 1: Can I have my sandal?\nSpeaker 2: Oh I’m sorry. I left it in the living room.\nSpeaker 1: No problem.	-16.119140625	-16.96484375	-2.302734375	-2.423549107142857	7	7	-16.119140625	-16.96484375	-2.302734375	-2.423549107142857	0.845703125	0.1208147321428572	True	True	No, I wish I was! I just got back from Spain actually.	just	0.1208147321428572	0.845703125	0	"Speaker 1: Hey Michelle. Good to see you. Are you at lunch?
Speaker 2: Oh hi Jim. No I just got back. I thought you were on vacation now.
Speaker 1: "	"Speaker 1: Hey Michelle. Good to see you. Are you at lunch?
Speaker 2: Oh hi Jim. No I got back. I thought you were on vacation now.
Speaker 1: "	Speaker 1
223	224	expanded_data	discourse_particle	48	just_e_976	just	o	Is there anything I can do for you?__eou__I'm looking for a black, leather bag.__eou__How's this?	I'm just looking.	I'm looking.	If you need any help, let me know.		P	I'm just looking.	nucleus	base	0.9	1.0	20260416	711530636	50	50	200	23	23	50 bucks.	50 bucks.	"50 bucks.\nSpeaker 2: It's a little too big. And it's too fancy. No.\nSpeaker 1: All right.\nSpeaker 2: Thank you.\nSpeaker 1: You know what I should have said?\nSpeaker 2: What?\nSpeaker 1: I should have said, """	-7.5390625	-7.900390625	-2.513020833333333	-2.6334635416666665	3	3	-7.5390625	-7.900390625	-2.513020833333333	-2.6334635416666665	0.361328125	0.120442708333333	True	True	If you need any help, let me know.	just	0.120442708333333	0.361328125	1	"Speaker 1: Is there anything I can do for you?
Speaker 2: I'm looking for a black, leather bag.
Speaker 1: How's this?
Speaker 2: I'm just looking.
Speaker 1: "	"Speaker 1: Is there anything I can do for you?
Speaker 2: I'm looking for a black, leather bag.
Speaker 1: How's this?
Speaker 2: I'm looking.
Speaker 1: "	Speaker 1
224	225	expanded_data	discourse_particle	48	just_e_976	just	o	Is there anything I can do for you?__eou__I'm looking for a black, leather bag.__eou__How's this?	I'm just looking.	I'm looking.	If you need any help, let me know.		P	I'm just looking.	nucleus	base	0.9	1.0	20260416	711530636	50	50	200	42	42	50 dollars. Is that too much?	50 dollars. is that too much?	50 dollars. Is that too much?\nSpeaker 2: I don't know. How much is it usually?\nSpeaker 1: Just down the street for 50.\nSpeaker 2: Then, that is a little bit too much.\nSpeaker 1: Would you like me to match it for you?\nSpeaker	-15.22216796875	-16.1834716796875	-1.90277099609375	-2.022933959960937	8	8	-15.22216796875	-16.1834716796875	-1.90277099609375	-2.022933959960937	0.9613037109375	0.1201629638671875	True	True	If you need any help, let me know.	just	0.1201629638671875	0.9613037109375	1	"Speaker 1: Is there anything I can do for you?
Speaker 2: I'm looking for a black, leather bag.
Speaker 1: How's this?
Speaker 2: I'm just looking.
Speaker 1: "	"Speaker 1: Is there anything I can do for you?
Speaker 2: I'm looking for a black, leather bag.
Speaker 1: How's this?
Speaker 2: I'm looking.
Speaker 1: "	Speaker 1
225	226	expanded_data	discourse_particle	49	just_e_9416	just	o	How many people are traveling with you today, miss?	Just me. I'm traveling alone.	Me. I'm traveling alone.	And how many bags do you have?		P	Just me. I'm traveling alone.	nucleus	base	0.9	1.0	20260416	870165245	50	50	200	33	33	That’s not good.	that’s not good.	 That’s not good.\nIn today’s travel environment, that is far from good. I’m a single female traveling alone, and as much as I love it, I must be vigilant about my safety. When traveling alone, I must be observant. I must watch my behavior. I must make sure that the	-16.42578125	-17.02392578125	-3.28515625	-3.40478515625	5	5	-16.42578125	-17.02392578125	-3.28515625	-3.40478515625	0.59814453125	0.11962890625	True	True	And how many bags do you have?	just	0.11962890625	0.59814453125	0	"Speaker 1: How many people are traveling with you today, miss?
Speaker 2: Just me. I'm traveling alone.
Speaker 1: "	"Speaker 1: How many people are traveling with you today, miss?
Speaker 2: Me. I'm traveling alone.
Speaker 1: "	Speaker 1
226	227	expanded_data	discourse_particle	39	just_e_1246	just	o	Good afternoon, ma'am. Can I help you find anything?	No, thanks. I'm just looking.	No, thanks. I'm looking.	We have a special on these skirts this week. Would you like to try one on?		P	No, thanks. I'm just looking.	nucleus	base	0.9	1.0	20260416	1062489368	50	50	200	4	4	1 can help you with that.	1 can help you with that.	1 can help you with that.\nSpeaker 2: No, thanks. I'm alright.\nSpeaker 1: Okay. Have a nice day.\nSpeaker 2: Thank you. You, too.	-12.9910888671875	-13.8218994140625	-1.8558698381696428	-1.9745570591517856	7	7	-12.9910888671875	-13.8218994140625	-1.8558698381696428	-1.9745570591517856	0.830810546875	0.118687220982143	True	True	We have a special on these skirts this week. Would you like to try one on?	just	0.118687220982143	0.830810546875	0	"Speaker 1: Good afternoon, ma'am. Can I help you find anything?
Speaker 2: No, thanks. I'm just looking.
Speaker 1: "	"Speaker 1: Good afternoon, ma'am. Can I help you find anything?
Speaker 2: No, thanks. I'm looking.
Speaker 1: "	Speaker 1
227	228	expanded_data	discourse_particle	1	just_j_5467	just	h	I want to leave the motorbike outdoors.	Fine, just don't do it at night.	Fine, don't do it at night.	Why not?		P	Fine, just don't do it at night.	nucleus	base	0.9	1.0	20260416	788549607	50	50	200	6	6	2017's V3V1 Emi has completely washed her hands off the whole robot in a can thing.	2017's v3v1 emi has completely washed her hands off the whole robot in a can thing.	2017's V3V1 Emi has completely washed her hands off the whole robot in a can thing.\nSpeaker 2: 2017's V3V1 Emi has completely washed her hands off the whole robot in a can thing.	-106.4326171875	-109.1572265625	-4.627505095108695	-4.745966372282608	23	23	-106.4326171875	-109.1572265625	-4.627505095108695	-4.745966372282608	2.724609375	0.118461277173913	True	True	Why not?	just	0.118461277173913	2.724609375	1	"Speaker 1: I want to leave the motorbike outdoors.
Speaker 2: Fine, just don't do it at night.
Speaker 1: "	"Speaker 1: I want to leave the motorbike outdoors.
Speaker 2: Fine, don't do it at night.
Speaker 1: "	Speaker 1
228	229	expanded_data	discourse_particle	11	just_j_8242	just	h	Hello.this is Susan.	Hello, I’m Mark. I’m just wondering if you are free this weekend	Hello, I’m Mark. I’m wondering if you are free this weekend	Yes, I think So.		P	Hello, I’m Mark. I’m just wondering if you are free this weekend	nucleus	base	0.9	1.0	20260416	1720138729	50	50	200	16	16	100%..Yes, I am	100%..yes, i am	100%..Yes, I am\nSpeaker 2: Great, may I invite you for a drink tonight at 7 PM?\nSpeaker 1: I’d like that. I’ll see you at 7:00 at the bar.\nNotice the missing article with nouns.\nI’m just wondering if you are free	-20.12451171875	-20.953125	-2.8749302455357144	-2.993303571428572	7	7	-20.12451171875	-20.953125	-2.8749302455357144	-2.993303571428572	0.82861328125	0.1183733258928572	True	True	Yes, I think So.	just	0.1183733258928572	0.82861328125	1	"Speaker 1: Hello.this is Susan.
Speaker 2: Hello, I’m Mark. I’m just wondering if you are free this weekend
Speaker 1: "	"Speaker 1: Hello.this is Susan.
Speaker 2: Hello, I’m Mark. I’m wondering if you are free this weekend
Speaker 1: "	Speaker 1
229	230	expanded_data	discourse_particle	39	just_e_1246	just	o	Good afternoon, ma'am. Can I help you find anything?	No, thanks. I'm just looking.	No, thanks. I'm looking.	We have a special on these skirts this week. Would you like to try one on?		P	No, thanks. I'm just looking.	nucleus	base	0.9	1.0	20260416	1062489368	50	50	200	16	16	Well, that's great because you know what's happening next month in town?	well, that's great because you know what's happening next month in town?	 Well, that's great because you know what's happening next month in town?\nSpeaker 1:  Can I give you something free?\nSpeaker 2:  Oh, really? Okay, what is it?\nSpeaker 1:  It's a DVD. It's about hot stones massage.\nSpeaker 2:	-42.562744140625	-44.4381103515625	-2.6601715087890625	-2.777381896972656	16	16	-42.562744140625	-44.4381103515625	-2.6601715087890625	-2.777381896972656	1.8753662109375	0.1172103881835937	True	True	We have a special on these skirts this week. Would you like to try one on?	just	0.1172103881835937	1.8753662109375	0	"Speaker 1: Good afternoon, ma'am. Can I help you find anything?
Speaker 2: No, thanks. I'm just looking.
Speaker 1: "	"Speaker 1: Good afternoon, ma'am. Can I help you find anything?
Speaker 2: No, thanks. I'm looking.
Speaker 1: "	Speaker 1
230	231	expanded_data	discourse_particle	43	just_e_2762	just	o	Hi, can I help you?	No, thanks. I'm just looking.	No, thanks. I'm looking.	All right. If you need any help, just let me know. My name is Greg.		P	No, thanks. I'm just looking.	nucleus	base	0.9	1.0	20260416	892431323	50	50	200	5	5	Are you looking for anything in particular?	are you looking for anything in particular?	 Are you looking for anything in particular?\nSpeaker 2: Actually, I am looking for a whole bunch of stuff.\nSpeaker 1: Well, what do you want? The garden?\nSpeaker 2: Oh, no. We already have that. We want one of everything in the garden.\nSpeaker 1	-7.825469970703125	-8.762496948242188	-0.9781837463378906	-1.0953121185302734	8	8	-7.825469970703125	-8.762496948242188	-0.9781837463378906	-1.0953121185302734	0.9370269775390624	0.1171283721923828	True	True	All right. If you need any help, just let me know. My name is Greg.	just	0.1171283721923828	0.9370269775390624	0	"Speaker 1: Hi, can I help you?
Speaker 2: No, thanks. I'm just looking.
Speaker 1: "	"Speaker 1: Hi, can I help you?
Speaker 2: No, thanks. I'm looking.
Speaker 1: "	Speaker 1
231	232	expanded_data	discourse_particle	23	just_e_9687	just	o	Excuse me, here is my claim tag, but I can't find my baggage.__eou__How many pieces of baggage have you lost?	Just one piece.	One piece.	Can you tell me the features of your baggage?		P	Just one piece.	nucleus	base	0.9	1.0	20260416	187948156	50	50	200	28	28	1G43 has not been returned. Could you describe it?	1g43 has not been returned. could you describe it?	1G43 has not been returned. Could you describe it?\nSpeaker 1: Yes, it's a brown suitcase.\nSpeaker 2: What's the address label?\nSpeaker 1: My address is 84 Rembrandt Lane, Amsterdam. My name is Anna Van Romme. My passport number is 	-38.72412109375	-40.245849609375	-2.978778545673077	-3.0958345853365383	13	13	-38.72412109375	-40.245849609375	-2.978778545673077	-3.0958345853365383	1.521728515625	0.1170560396634612	True	True	Can you tell me the features of your baggage?	just	0.1170560396634612	1.521728515625	1	"Speaker 1: Excuse me, here is my claim tag, but I can't find my baggage.
Speaker 2: How many pieces of baggage have you lost?
Speaker 1: Just one piece.
Speaker 2: "	"Speaker 1: Excuse me, here is my claim tag, but I can't find my baggage.
Speaker 2: How many pieces of baggage have you lost?
Speaker 1: One piece.
Speaker 2: "	Speaker 2
232	233	expanded_data	discourse_particle	45	just_e_1267	just	o	Hi. Can I help you?	No, thanks. I’m just looking around.	No, thanks. I’m looking around.	Okay. Please let me know if you need any help.		P	No, thanks. I’m just looking around.	nucleus	base	0.9	1.0	20260416	372474554	50	50	200	1	1	Of course, so, do you need any assistance?	of course, so, do you need any assistance?	 Of course, so, do you need any assistance?\nSpeaker 2:  No, thanks. I just want to look around.\nSpeaker 1:  Of course. So how are you doing?\nSpeaker 2:  Fine, thanks.  My name is John.\nSpeaker 1: 	-25.0145263671875	-26.301368713378903	-2.2740478515625	-2.3910335193980825	11	11	-25.0145263671875	-26.301368713378903	-2.2740478515625	-2.3910335193980825	1.2868423461914062	0.1169856678355825	True	True	Okay. Please let me know if you need any help.	just	0.1169856678355825	1.2868423461914062	1	"Speaker 1: Hi. Can I help you?
Speaker 2: No, thanks. I’m just looking around.
Speaker 1: "	"Speaker 1: Hi. Can I help you?
Speaker 2: No, thanks. I’m looking around.
Speaker 1: "	Speaker 1
233	234	expanded_data	discourse_particle	30	just_e_3966	just	o	Daniel, would you like to have a look at my dorm?__eou__Of course, I'd like to.	It is a small room, just for 4 people.	It is a small room, for 4 people.	What is in it?		P	It is a small room, just for 4 people.	nucleus	base	0.9	1.0	20260416	1247985298	50	50	200	11	10	4 people? That's not so much.	4 people? that's not so much.	4 people? That's not so much.\nSpeaker 1: Yes, I know. But this dormitory is completely full of people.\nSpeaker 2: You look very young. How old are you?\nSpeaker 1: I am 16 years old.\nSpeaker 2: You look older than 16.\n	-10.67108154296875	-11.720703125	-1.1856757269965277	-1.3023003472222223	9	9	-10.67108154296875	-11.720703125	-1.1856757269965277	-1.3023003472222223	1.04962158203125	0.1166246202256946	True	True	What is in it?	just	0.1166246202256946	1.04962158203125	0	"Speaker 1: Daniel, would you like to have a look at my dorm?
Speaker 2: Of course, I'd like to.
Speaker 1: It is a small room, just for 4 people.
Speaker 2: "	"Speaker 1: Daniel, would you like to have a look at my dorm?
Speaker 2: Of course, I'd like to.
Speaker 1: It is a small room, for 4 people.
Speaker 2: "	Speaker 2
234	235	expanded_data	discourse_particle	45	just_e_1267	just	o	Hi. Can I help you?	No, thanks. I’m just looking around.	No, thanks. I’m looking around.	Okay. Please let me know if you need any help.		P	No, thanks. I’m just looking around.	nucleus	base	0.9	1.0	20260416	372474554	50	50	200	33	33	1 know a great buy.	1 know a great buy.	1 know a great buy.\nSpeaker 2: It’s not up your alley. Or is it?\nSpeaker 1: It might be!\nSpeaker 2: You wanna show me around? I’m new here.	-23.65625	-24.349609375	-3.9427083333333335	-4.058268229166667	6	6	-23.65625	-24.349609375	-3.9427083333333335	-4.058268229166667	0.693359375	0.1155598958333334	True	True	Okay. Please let me know if you need any help.	just	0.1155598958333334	0.693359375	1	"Speaker 1: Hi. Can I help you?
Speaker 2: No, thanks. I’m just looking around.
Speaker 1: "	"Speaker 1: Hi. Can I help you?
Speaker 2: No, thanks. I’m looking around.
Speaker 1: "	Speaker 1
235	236	expanded_data	discourse_particle	3	just_e_2798	just	o	Hello, sir. Is there anything I can help you find?	Um ... Uh ... I'm just looking, thanks.	Um ... Uh ... I'm looking, thanks.	Need a gift for your girlfriend or wife?		P	Um ... Uh ... I'm just looking, thanks.	nucleus	base	0.9	1.0	20260416	1422891503	50	50	200	33	33	00:00:07 I mean, would you like any help looking?	00:00:07 i mean, would you like any help looking?	00:00:07 I mean, would you like any help looking?\nSpeaker 1: 00:00:10 I've got the compact discs here in the middle, that's the rock music and the classical music.\nSpeaker 1: And here at the bottom of the case, here's the pop music	-30.657501220703125	-32.385406494140625	-2.043833414713541	-2.159027099609375	15	15	-30.657501220703125	-32.385406494140625	-2.043833414713541	-2.159027099609375	1.7279052734375	0.1151936848958334	True	True	Need a gift for your girlfriend or wife?	just	0.1151936848958334	1.7279052734375	1	"Speaker 1: Hello, sir. Is there anything I can help you find?
Speaker 2: Um ... Uh ... I'm just looking, thanks.
Speaker 1: "	"Speaker 1: Hello, sir. Is there anything I can help you find?
Speaker 2: Um ... Uh ... I'm looking, thanks.
Speaker 1: "	Speaker 1
236	237	expanded_data	discourse_particle	7	just_e_5138	just	o	Do you mind if I ask your friend out?	Of course, but we aren't going out, we're just friends.	Of course, but we aren't going out, we're friends.	Okay, that's good.		P	Of course, but we aren't going out, we're just friends.	nucleus	base	0.9	1.0	20260416	740578275	50	50	200	1	1	Oh okay.	oh okay.	 Oh okay.\nSpeaker 2:  Oh! This is going to be a long night.\nSpeaker 1: Why, what's the problem?\nSpeaker 2: I saw that guy in there looking at you, and you're so beautiful and this is so awkward. What do I do now?	-7.2607421875	-7.60546875	-2.420247395833333	-2.53515625	3	3	-7.2607421875	-7.60546875	-2.420247395833333	-2.53515625	0.3447265625	0.1149088541666665	True	True	Okay, that's good.	just	0.1149088541666665	0.3447265625	1	"Speaker 1: Do you mind if I ask your friend out?
Speaker 2: Of course, but we aren't going out, we're just friends.
Speaker 1: "	"Speaker 1: Do you mind if I ask your friend out?
Speaker 2: Of course, but we aren't going out, we're friends.
Speaker 1: "	Speaker 1
237	238	expanded_data	discourse_particle	45	just_e_1267	just	o	Hi. Can I help you?	No, thanks. I’m just looking around.	No, thanks. I’m looking around.	Okay. Please let me know if you need any help.		P	No, thanks. I’m just looking around.	nucleus	base	0.9	1.0	20260416	372474554	50	50	200	14	14	20% off everything in the store today, Miss.	20% off everything in the store today, miss.	20% off everything in the store today, Miss.\nSpeaker 1: Hi, Miss. Can I help you?\nSpeaker 1: Are you looking for anything in particular, Miss?\nSpeaker 1: Hi. Can I help you?\nSpeaker 2: No, thanks. I’m just looking around.\nSpeaker	-19.548095703125	-20.809814453125	-1.777099609375	-1.8918013139204544	11	11	-19.548095703125	-20.809814453125	-1.777099609375	-1.8918013139204544	1.26171875	0.1147017045454545	True	True	Okay. Please let me know if you need any help.	just	0.1147017045454545	1.26171875	1	"Speaker 1: Hi. Can I help you?
Speaker 2: No, thanks. I’m just looking around.
Speaker 1: "	"Speaker 1: Hi. Can I help you?
Speaker 2: No, thanks. I’m looking around.
Speaker 1: "	Speaker 1
238	239	expanded_data	discourse_particle	49	just_e_9416	just	o	How many people are traveling with you today, miss?	Just me. I'm traveling alone.	Me. I'm traveling alone.	And how many bags do you have?		P	Just me. I'm traveling alone.	nucleus	base	0.9	1.0	20260416	870165245	50	50	200	5	5	1 ticket?	1 ticket?	1 ticket?\nSpeaker 2: Yes.\nSpeaker 1: So just a regular price for you, miss?\nSpeaker 2: Yes.\nSpeaker 1: Would you like to check your baggage for this trip?\nSpeaker 2: No, I would not. I'm traveling light.\nSpeaker 1: Excellent	-8.880859375	-9.224609375	-2.960286458333333	-3.0748697916666665	3	3	-8.880859375	-9.224609375	-2.960286458333333	-3.0748697916666665	0.34375	0.114583333333333	True	True	And how many bags do you have?	just	0.114583333333333	0.34375	0	"Speaker 1: How many people are traveling with you today, miss?
Speaker 2: Just me. I'm traveling alone.
Speaker 1: "	"Speaker 1: How many people are traveling with you today, miss?
Speaker 2: Me. I'm traveling alone.
Speaker 1: "	Speaker 1
239	240	expanded_data	discourse_particle	18	just_e_5758	just	o	Do you like the Harry potter books and movies?__eou__Not really!__eou__Why not? They are very fun and exiting.	Maybe, but I think they are just for kids.	Maybe, but I think they are for kids.	No, that’s not true. Many adults like the Harry potter books too.		P	Maybe, but I think they are just for kids.	nucleus	base	0.9	1.0	20260416	1795033904	50	50	200	21	21	I don’t think so. There is no age limit to enjoying a good book.	i don’t think so. there is no age limit to enjoying a good book.	 I don’t think so. There is no age limit to enjoying a good book.\nSpeaker 2: I don’t think so either. I like reading classics.\nSpeaker 1: But how many classics can you find on the internet? That is why I prefer Harry potter books.\nSpeaker 2: No	-25.673095703125	-27.6142578125	-1.5101821001838236	-1.624368106617647	17	17	-25.673095703125	-27.6142578125	-1.5101821001838236	-1.624368106617647	1.941162109375	0.1141860064338233	True	True	No, that’s not true. Many adults like the Harry potter books too.	just	0.1141860064338233	1.941162109375	0	"Speaker 1: Do you like the Harry potter books and movies?
Speaker 2: Not really!
Speaker 1: Why not? They are very fun and exiting.
Speaker 2: Maybe, but I think they are just for kids.
Speaker 1: "	"Speaker 1: Do you like the Harry potter books and movies?
Speaker 2: Not really!
Speaker 1: Why not? They are very fun and exiting.
Speaker 2: Maybe, but I think they are for kids.
Speaker 1: "	Speaker 1
240	241	expanded_data	discourse_particle	38	just_e_1043	just	o	May I help you?	No, thank you. I'm just looking. Maybe later I might need your help.	No, thank you. I'm looking. Maybe later I might need your help.	I hope you will! Take your time. We have a lot more upstairs.		P	No, thank you. I'm just looking. Maybe later I might need your help.	nucleus	base	0.9	1.0	20260416	182747895	50	50	200	22	22	10 euros a day, sir.	10 euros a day, sir.	10 euros a day, sir.\nSpeaker 2: How long is it?\nSpeaker 2: Yeah, but... maybe I'll need it for longer.\nSpeaker 1: Yes, sir. 20 euros.\nSpeaker 2: Are you sure?\nSpeaker 1: Yes, sir. The first days are	-15.19677734375	-15.994140625	-2.1709681919642856	-2.284877232142857	7	7	-15.19677734375	-15.994140625	-2.1709681919642856	-2.284877232142857	0.79736328125	0.1139090401785716	True	True	I hope you will! Take your time. We have a lot more upstairs.	just	0.1139090401785716	0.79736328125	1	"Speaker 1: May I help you?
Speaker 2: No, thank you. I'm just looking. Maybe later I might need your help.
Speaker 1: "	"Speaker 1: May I help you?
Speaker 2: No, thank you. I'm looking. Maybe later I might need your help.
Speaker 1: "	Speaker 1
241	242	expanded_data	discourse_particle	35	just_j_8362	just	h	let's go swimming.	But, we just finished eating lunch.	But, we finished eating lunch.	I know, but I'm really hot.		P	But, we just finished eating lunch.	nucleus	base	0.9	1.0	20260416	1023332715	50	50	200	39	39	25 meters, 10 laps.	25 meters, 10 laps.	25 meters, 10 laps.\nIt's time to go swimming!\nTomorrow you'll be up and about to see what you can find. Oh, a car?\nWhen I was a kid, I was into being Batman. A lot. I'd take stuff and make my own bat-morphin. So I'd	-19.673828125	-20.46875	-2.810546875	-2.924107142857143	7	7	-19.673828125	-20.46875	-2.810546875	-2.924107142857143	0.794921875	0.1135602678571428	True	True	I know, but I'm really hot.	just	0.1135602678571428	0.794921875	1	"Speaker 1: let's go swimming.
Speaker 2: But, we just finished eating lunch.
Speaker 1: "	"Speaker 1: let's go swimming.
Speaker 2: But, we finished eating lunch.
Speaker 1: "	Speaker 1
242	243	expanded_data	discourse_particle	2	just_j_2485	just	h	I'm looking for some fresh produce that's on sale.	Well, we just got in some mangoes.	Well, we got in some mangoes.	Mangoes. What are they?		P	Well, we just got in some mangoes.	nucleus	base	0.9	1.0	20260416	545491132	50	50	200	20	20	What kind are they?	what kind are they?	 What kind are they?\nSpeaker 2: I think they're Keitts.\nSpeaker 3: I really like kiwi fruit and I want to buy some that are juicy.\nSpeaker 2:  I've got a fresh stock of kiwi that comes from New Zealand. It's quite a new	-8.80804443359375	-9.3751220703125	-1.76160888671875	-1.8750244140625	5	5	-8.80804443359375	-9.3751220703125	-1.76160888671875	-1.8750244140625	0.56707763671875	0.11341552734375	True	True	Mangoes. What are they?	just	0.11341552734375	0.56707763671875	1	"Speaker 1: I'm looking for some fresh produce that's on sale.
Speaker 2: Well, we just got in some mangoes.
Speaker 1: "	"Speaker 1: I'm looking for some fresh produce that's on sale.
Speaker 2: Well, we got in some mangoes.
Speaker 1: "	Speaker 1
243	244	expanded_data	discourse_particle	0	just_e_1157	just	o	Is there something I can help you with?	No, I'm just browsing. Thanks anyway.	No, I'm browsing. Thanks anyway.	Ok.		P	No, I'm just browsing. Thanks anyway.	nucleus	base	0.9	1.0	20260416	1069069550	50	50	200	23	23	1 Sorry about that. Let me know if I can be of any help. Take care!	1 sorry about that. let me know if i can be of any help. take care!	1 Sorry about that. Let me know if I can be of any help. Take care!\nSpeaker 1: 2: [APPLAUSE] Now, I have some good news. [CHEERING] And I have some bad news. [UNINTELLIGIBLE PHRASE] Are you ready	-32.39885711669922	-34.55078887939453	-1.7052030061420642	-1.818462572599712	19	19	-32.39885711669922	-34.55078887939453	-1.7052030061420642	-1.818462572599712	2.1519317626953125	0.1132595664576479	True	True	Ok.	just	0.1132595664576479	2.1519317626953125	1	"Speaker 1: Is there something I can help you with?
Speaker 2: No, I'm just browsing. Thanks anyway.
Speaker 1: "	"Speaker 1: Is there something I can help you with?
Speaker 2: No, I'm browsing. Thanks anyway.
Speaker 1: "	Speaker 1
244	245	expanded_data	discourse_particle	57	just_j_11362	just	h	Would you mind if I ask your health status?	I just had a complete physical examination and passed with flying colors.	I had a complete physical examination and passed with flying colors.	That is good. We hope each of our future employees will be healthy and happy.		P	I just had a complete physical examination and passed with flying colors.	nucleus	base	0.9	1.0	20260416	1728911766	50	50	200	11	11	1234567890!?That’s good to know.	1234567890!?that’s good to know.	1234567890!?That’s good to know.\nSpeaker 1: For the benefits of my company, I have to remind you that you have to update your emergency contact information if you change your address.\nSpeaker 1: I’d like to know what’s your life insurance benefit.	-34.36767578125	-35.61279296875	-3.1243341619318183	-3.237526633522727	11	11	-34.36767578125	-35.61279296875	-3.1243341619318183	-3.237526633522727	1.2451171875	0.1131924715909087	True	True	That is good. We hope each of our future employees will be healthy and happy.	just	0.1131924715909087	1.2451171875	0	"Speaker 1: Would you mind if I ask your health status?
Speaker 2: I just had a complete physical examination and passed with flying colors.
Speaker 1: "	"Speaker 1: Would you mind if I ask your health status?
Speaker 2: I had a complete physical examination and passed with flying colors.
Speaker 1: "	Speaker 1
245	246	expanded_data	discourse_particle	38	just_e_1043	just	o	May I help you?	No, thank you. I'm just looking. Maybe later I might need your help.	No, thank you. I'm looking. Maybe later I might need your help.	I hope you will! Take your time. We have a lot more upstairs.		P	No, thank you. I'm just looking. Maybe later I might need your help.	nucleus	base	0.9	1.0	20260416	182747895	50	50	200	1	1	100% washed silk, that'll be 500 ringgits.	100% washed silk, that'll be 500 ringgits.	100% washed silk, that'll be 500 ringgits.\nSpeaker 2: And the table cloth?\nSpeaker 1: 300 ringgits. That's a nice rug.\nSpeaker 2: You're wasting your time. How about 100 ringgits?\nSpeaker 1: 300 ring	-43.40869140625	-44.98957824707031	-3.100620814732143	-3.2135413033621654	14	14	-43.40869140625	-44.98957824707031	-3.100620814732143	-3.2135413033621654	1.5808868408203125	0.1129204886300225	True	True	I hope you will! Take your time. We have a lot more upstairs.	just	0.1129204886300225	1.5808868408203125	1	"Speaker 1: May I help you?
Speaker 2: No, thank you. I'm just looking. Maybe later I might need your help.
Speaker 1: "	"Speaker 1: May I help you?
Speaker 2: No, thank you. I'm looking. Maybe later I might need your help.
Speaker 1: "	Speaker 1
246	247	expanded_data	discourse_particle	22	just_e_1001	just	o	Hello! Are you shopping here today? Haven't I seen you in some flea markets and thrift shops a couple of times?	I'm just comparing prices.	I'm comparing prices.	You should! This thrift shop is really cheap, though, you have to pay cash here.		P	I'm just comparing prices.	nucleus	base	0.9	1.0	20260416	1316144405	50	50	200	2	2	1. You're welcome!	1. you're welcome!	1. You're welcome!	-14.66796875	-15.3447265625	-2.444661458333333	-2.557454427083333	6	6	-14.66796875	-15.3447265625	-2.444661458333333	-2.557454427083333	0.6767578125	0.11279296875	True	True	You should! This thrift shop is really cheap, though, you have to pay cash here.	just	0.11279296875	0.6767578125	0	"Speaker 1: Hello! Are you shopping here today? Haven't I seen you in some flea markets and thrift shops a couple of times?
Speaker 2: I'm just comparing prices.
Speaker 1: "	"Speaker 1: Hello! Are you shopping here today? Haven't I seen you in some flea markets and thrift shops a couple of times?
Speaker 2: I'm comparing prices.
Speaker 1: "	Speaker 1
247	248	expanded_data	discourse_particle	32	just_e_1907	just	o	How was your morning jog?__eou__Very good. I feel quite refreshed now! You should come with me sometime - exercise is good for you!__eou__To be honest, I’d rather watch television! Where did you go?	I just ran alongside the main road.	I ran alongside the main road.	Oh you ought to go to the park next time. They have a route for joggers there.		P	I just ran alongside the main road.	nucleus	base	0.9	1.0	20260416	1659924286	50	50	200	19	19	You could get run over by a car! Why not join a local running club?	you could get run over by a car! why not join a local running club?	 You could get run over by a car! Why not join a local running club?\nSpeaker 2: I prefer running alone. At least that way I don’t have to wait for anyone.\nSpeaker 1: That might explain why you’re so fit. Most people can’t stand waiting!\nSpeaker 2:	-25.45420837402344	-27.37095642089844	-1.4973063749425553	-1.6100562600528492	17	17	-25.45420837402344	-27.37095642089844	-1.4973063749425553	-1.6100562600528492	1.916748046875	0.1127498851102939	True	True	Oh you ought to go to the park next time. They have a route for joggers there.	just	0.1127498851102939	1.916748046875	1	"Speaker 1: How was your morning jog?
Speaker 2: Very good. I feel quite refreshed now! You should come with me sometime - exercise is good for you!
Speaker 1: To be honest, I’d rather watch television! Where did you go?
Speaker 2: I just ran alongside the main road.
Speaker 1: "	"Speaker 1: How was your morning jog?
Speaker 2: Very good. I feel quite refreshed now! You should come with me sometime - exercise is good for you!
Speaker 1: To be honest, I’d rather watch television! Where did you go?
Speaker 2: I ran alongside the main road.
Speaker 1: "	Speaker 1
248	249	expanded_data	discourse_particle	48	just_e_976	just	o	Is there anything I can do for you?__eou__I'm looking for a black, leather bag.__eou__How's this?	I'm just looking.	I'm looking.	If you need any help, let me know.		P	I'm just looking.	nucleus	base	0.9	1.0	20260416	711530636	50	50	200	35	35	19.95 dollars. Black leather bag.	19.95 dollars. black leather bag.	19.95 dollars. Black leather bag.\nSpeaker 2: There's too much of it.\nSpeaker 1: No, it's the latest thing. At the price, you'd be hard pressed to find another.\nSpeaker 2: But I'm not looking for the latest thing. I'm looking for something	-20.0107421875	-21.01708984375	-2.223415798611111	-2.335232204861111	9	9	-20.0107421875	-21.01708984375	-2.223415798611111	-2.335232204861111	1.00634765625	0.11181640625	True	True	If you need any help, let me know.	just	0.11181640625	1.00634765625	1	"Speaker 1: Is there anything I can do for you?
Speaker 2: I'm looking for a black, leather bag.
Speaker 1: How's this?
Speaker 2: I'm just looking.
Speaker 1: "	"Speaker 1: Is there anything I can do for you?
Speaker 2: I'm looking for a black, leather bag.
Speaker 1: How's this?
Speaker 2: I'm looking.
Speaker 1: "	Speaker 1
249	250	expanded_data	discourse_particle	19	just_j_7873	just	h	How are you getting along with your wife now?__eou__What can you expect? Not that good.__eou__What are you going to do then?	Just let it go.	Let it go.	How are your work now?		P	Just let it go.	nucleus	base	0.9	1.0	20260416	1369746621	50	50	200	1	1	13 of 14 days, you can just let it go.	13 of 14 days, you can just let it go.	13 of 14 days, you can just let it go.\nSpeaker 2: There is one thing you can do to help yourself. Try again.\nSpeaker 1: We do have to talk about the distribution of labor.\nSpeaker 2: All you have to do is take the kids to school and pick them	-33.26092529296875	-34.70599365234375	-2.55853271484375	-2.669691819411057	13	13	-33.26092529296875	-34.70599365234375	-2.55853271484375	-2.669691819411057	1.445068359375	0.1111591045673074	True	True	How are your work now?	just	0.1111591045673074	1.445068359375	1	"Speaker 1: How are you getting along with your wife now?
Speaker 2: What can you expect? Not that good.
Speaker 1: What are you going to do then?
Speaker 2: Just let it go.
Speaker 1: "	"Speaker 1: How are you getting along with your wife now?
Speaker 2: What can you expect? Not that good.
Speaker 1: What are you going to do then?
Speaker 2: Let it go.
Speaker 1: "	Speaker 1
250	251	expanded_data	discourse_particle	23	just_e_9687	just	o	Excuse me, here is my claim tag, but I can't find my baggage.__eou__How many pieces of baggage have you lost?	Just one piece.	One piece.	Can you tell me the features of your baggage?		P	Just one piece.	nucleus	base	0.9	1.0	20260416	187948156	50	50	200	38	38	1011100.	1011100.	1011100.\nSpeaker 1: It is number 1011120.	-17.3994140625	-17.84375	-4.349853515625	-4.4609375	4	4	-17.3994140625	-17.84375	-4.349853515625	-4.4609375	0.4443359375	0.111083984375	True	True	Can you tell me the features of your baggage?	just	0.111083984375	0.4443359375	1	"Speaker 1: Excuse me, here is my claim tag, but I can't find my baggage.
Speaker 2: How many pieces of baggage have you lost?
Speaker 1: Just one piece.
Speaker 2: "	"Speaker 1: Excuse me, here is my claim tag, but I can't find my baggage.
Speaker 2: How many pieces of baggage have you lost?
Speaker 1: One piece.
Speaker 2: "	Speaker 2
251	252	expanded_data	discourse_particle	35	just_j_8362	just	h	let's go swimming.	But, we just finished eating lunch.	But, we finished eating lunch.	I know, but I'm really hot.		P	But, we just finished eating lunch.	nucleus	base	0.9	1.0	20260416	1023332715	50	50	200	33	33	it's okay, we just went swimming last week, and we need to do something fun to burn off the calories from lunch.	it's okay, we just went swimming last week, and we need to do something fun to burn off the calories from lunch.	 it's okay, we just went swimming last week, and we need to do something fun to burn off the calories from lunch.\nSpeaker 2: Alright, let's go swimming.\nIn English, this is a short dialogue between two people who are planning to go swimming. It's short, simple, and it uses	-52.5849609375	-55.4656982421875	-2.0224984975961537	-2.133296086237981	26	26	-52.5849609375	-55.4656982421875	-2.0224984975961537	-2.133296086237981	2.8807373046875	0.1107975886418271	True	True	I know, but I'm really hot.	just	0.1107975886418271	2.8807373046875	1	"Speaker 1: let's go swimming.
Speaker 2: But, we just finished eating lunch.
Speaker 1: "	"Speaker 1: let's go swimming.
Speaker 2: But, we finished eating lunch.
Speaker 1: "	Speaker 1
252	253	expanded_data	discourse_particle	28	just_j_2164	just	h	I love breathing fresh air in the suburb places, while sitting in the morning sunshine.__eou__I can't agree more, honey. We need to get away from work from time to time.	Yeah, just return to nature and feel the thrills of its beauty.	Yeah, return to nature and feel the thrills of its beauty.	We are nor alone here. So many other families!		P	Yeah, just return to nature and feel the thrills of its beauty.	nucleus	base	0.9	1.0	20260416	857667843	50	50	200	33	33	但那我们怎么逃得掉呢?	但那我们怎么逃得掉呢?	但那我们怎么逃得掉呢?\nSpeaker 1: Hi, my dear. I'm back at home.\nSpeaker 2: Oh, please, sit down. You must be tired.\nSpeaker 1: Well, it's really my problem that I can't escape the routine. You know, every day	-30.224609375	-31.216796875	-3.358289930555556	-3.468532986111111	9	9	-30.224609375	-31.216796875	-3.358289930555556	-3.468532986111111	0.9921875	0.1102430555555558	True	True	We are nor alone here. So many other families!	just	0.1102430555555558	0.9921875	1	"Speaker 1: I love breathing fresh air in the suburb places, while sitting in the morning sunshine.
Speaker 2: I can't agree more, honey. We need to get away from work from time to time.
Speaker 1: Yeah, just return to nature and feel the thrills of its beauty.
Speaker 2: "	"Speaker 1: I love breathing fresh air in the suburb places, while sitting in the morning sunshine.
Speaker 2: I can't agree more, honey. We need to get away from work from time to time.
Speaker 1: Yeah, return to nature and feel the thrills of its beauty.
Speaker 2: "	Speaker 2
253	254	expanded_data	discourse_particle	15	just_j_4012	just	h	Are you ok, Chuck? You look pale.	I'm fine, Katherine. I just stayed up late last night working on my Chinese.	I'm fine, Katherine. I stayed up late last night working on my Chinese.	Oh, poor you. You know what? I found a new way to learn Chinese and it works very well.		P	I'm fine, Katherine. I just stayed up late last night working on my Chinese.	nucleus	base	0.9	1.0	20260416	1516497681	50	50	200	32	32	Chuck. Why are you learning Chinese?	chuck. why are you learning chinese?	 Chuck. Why are you learning Chinese?\nSpeaker 2: I need to be more competitive in the job market. You see, the world is becoming smaller and smaller.\nSpeaker 1: Wow. How are you doing that? I can't even find the Korean alphabet on my computer.\nSpeaker 2: Well	-17.992584228515625	-18.872344970703125	-2.249073028564453	-2.35904312133789	8	8	-17.992584228515625	-18.872344970703125	-2.249073028564453	-2.35904312133789	0.8797607421875	0.1099700927734375	True	True	Oh, poor you. You know what? I found a new way to learn Chinese and it works very well.	just	0.1099700927734375	0.8797607421875	0	"Speaker 1: Are you ok, Chuck? You look pale.
Speaker 2: I'm fine, Katherine. I just stayed up late last night working on my Chinese.
Speaker 1: "	"Speaker 1: Are you ok, Chuck? You look pale.
Speaker 2: I'm fine, Katherine. I stayed up late last night working on my Chinese.
Speaker 1: "	Speaker 1
254	255	expanded_data	discourse_particle	1	just_j_5467	just	h	I want to leave the motorbike outdoors.	Fine, just don't do it at night.	Fine, don't do it at night.	Why not?		P	Fine, just don't do it at night.	nucleus	base	0.9	1.0	20260416	788549607	50	50	200	44	44	ʹCause they might steal it.	ʹcause they might steal it.	ʹCause they might steal it.\nSpeaker 2: Well you can't lock it in a garage anyway, so they might still steal it in the daytime.\nSpeaker 1: No, I think they only steal motorbikes at night.\nSpeaker 2: You mean you think they might not steal it in	-21.1514892578125	-22.028564453125	-2.6439361572265625	-2.753570556640625	8	8	-21.1514892578125	-22.028564453125	-2.6439361572265625	-2.753570556640625	0.8770751953125	0.1096343994140625	True	True	Why not?	just	0.1096343994140625	0.8770751953125	1	"Speaker 1: I want to leave the motorbike outdoors.
Speaker 2: Fine, just don't do it at night.
Speaker 1: "	"Speaker 1: I want to leave the motorbike outdoors.
Speaker 2: Fine, don't do it at night.
Speaker 1: "	Speaker 1
255	256	expanded_data	discourse_particle	19	just_j_7873	just	h	How are you getting along with your wife now?__eou__What can you expect? Not that good.__eou__What are you going to do then?	Just let it go.	Let it go.	How are your work now?		P	Just let it go.	nucleus	base	0.9	1.0	20260416	1369746621	50	50	200	44	44	I wish I could just let it go.	i wish i could just let it go.	 I wish I could just let it go.\nSpeaker 2: You can. You can take her hand and tell her what you’re going through.\nSpeaker 1: Why would I do that? It won’t change anything.\nSpeaker 2: It just might.\nDietrich Bonhoeffer’s classic volume	-13.781707763671877	-14.76708984375	-1.5313008626302085	-1.6407877604166667	9	9	-13.781707763671877	-14.76708984375	-1.5313008626302085	-1.6407877604166667	0.985382080078125	0.1094868977864584	True	True	How are your work now?	just	0.1094868977864584	0.985382080078125	1	"Speaker 1: How are you getting along with your wife now?
Speaker 2: What can you expect? Not that good.
Speaker 1: What are you going to do then?
Speaker 2: Just let it go.
Speaker 1: "	"Speaker 1: How are you getting along with your wife now?
Speaker 2: What can you expect? Not that good.
Speaker 1: What are you going to do then?
Speaker 2: Let it go.
Speaker 1: "	Speaker 1
256	257	expanded_data	discourse_particle	38	just_e_1043	just	o	May I help you?	No, thank you. I'm just looking. Maybe later I might need your help.	No, thank you. I'm looking. Maybe later I might need your help.	I hope you will! Take your time. We have a lot more upstairs.		P	No, thank you. I'm just looking. Maybe later I might need your help.	nucleus	base	0.9	1.0	20260416	182747895	50	50	200	50	50	ˈNo, please just ˈpoint me to the ˈtoothbrushes.	ˈno, please just ˈpoint me to the ˈtoothbrushes.	ˈNo, please just ˈpoint me to the ˈtoothbrushes.\nSpeaker 1: Yes, I saw. ˈBrushes. I mean.\nSpeaker 1: Are you all ˈright? I think you are ˈa bit ˈsh	-42.09980010986328	-44.39569091796875	-2.0047523861839656	-2.1140805199032737	21	21	-42.09980010986328	-44.39569091796875	-2.0047523861839656	-2.1140805199032737	2.2958908081054688	0.1093281337193081	True	True	I hope you will! Take your time. We have a lot more upstairs.	just	0.1093281337193081	2.2958908081054688	1	"Speaker 1: May I help you?
Speaker 2: No, thank you. I'm just looking. Maybe later I might need your help.
Speaker 1: "	"Speaker 1: May I help you?
Speaker 2: No, thank you. I'm looking. Maybe later I might need your help.
Speaker 1: "	Speaker 1
257	258	expanded_data	discourse_particle	1	just_j_5467	just	h	I want to leave the motorbike outdoors.	Fine, just don't do it at night.	Fine, don't do it at night.	Why not?		P	Fine, just don't do it at night.	nucleus	base	0.9	1.0	20260416	788549607	50	50	200	10	10	36 No way, it's too late to get the loan now.	36 no way, it's too late to get the loan now.	36 No way, it's too late to get the loan now.\nIn Czech this kind of emphatic contrast often requires the use of nominative case on the focused part of the sentence, that is, the polarity item or positive focus: je to pozdě to vezmet to úvěr – it's too late for	-48.990478515625	-50.513916015625	-3.4993198939732144	-3.608136858258928	14	14	-48.990478515625	-50.513916015625	-3.4993198939732144	-3.608136858258928	1.5234375	0.1088169642857139	True	True	Why not?	just	0.1088169642857139	1.5234375	1	"Speaker 1: I want to leave the motorbike outdoors.
Speaker 2: Fine, just don't do it at night.
Speaker 1: "	"Speaker 1: I want to leave the motorbike outdoors.
Speaker 2: Fine, don't do it at night.
Speaker 1: "	Speaker 1
258	259	expanded_data	discourse_particle	21	just_j_5388	just	h	Hey Mike. What are you doing?__eou__Nothing much. What are you up to?	I was just concerned about Sam. He hasn't been himself lately.	I was concerned about Sam. He hasn't been himself lately.	He took the civil service exam and failed.		P	I was just concerned about Sam. He hasn't been himself lately.	nucleus	base	0.9	1.0	20260416	693746455	50	50	200	1	1	Me neither. That kid's been different lately.	me neither. that kid's been different lately.	 Me neither. That kid's been different lately.\nSpeaker 1: I mean, I'm kind of worried that he might be sick. Or depressed. Either way, I think we should bring it up to him. Make sure he's okay.\nSpeaker 2: Yeah, we should.	-24.12939453125	-25.2109375	-2.412939453125	-2.52109375	10	10	-24.12939453125	-25.2109375	-2.412939453125	-2.52109375	1.08154296875	0.108154296875	True	True	He took the civil service exam and failed.	just	0.108154296875	1.08154296875	0	"Speaker 1: Hey Mike. What are you doing?
Speaker 2: Nothing much. What are you up to?
Speaker 1: I was just concerned about Sam. He hasn't been himself lately.
Speaker 2: "	"Speaker 1: Hey Mike. What are you doing?
Speaker 2: Nothing much. What are you up to?
Speaker 1: I was concerned about Sam. He hasn't been himself lately.
Speaker 2: "	Speaker 2
259	260	expanded_data	discourse_particle	54	just_j_2522	just	h	I'm searching for an old music box.__eou__You came to the right place. Any particular decade?__eou__If you had a box made in the' 20s, that would be nice.	We just got one in yesterday, so now we have six.	We got one in yesterday, so now we have six.	Would any of them have dancing figures?		P	We just got one in yesterday, so now we have six.	nucleus	base	0.9	1.0	20260416	1861274201	50	50	200	34	33	6 music boxes?	6 music boxes?	6 music boxes?\nSpeaker 2: There are 6. They're in that little room.\nSpeaker 1: Could I see them?\nSpeaker 2: Yes, sure, but you know that this is where we have them.\nSpeaker 1: You might want to move this chair.\nSpeaker 2:	-7.472602844238281	-7.903938293457031	-1.8681507110595703	-1.9759845733642576	4	4	-7.472602844238281	-7.903938293457031	-1.8681507110595703	-1.9759845733642576	0.43133544921875	0.1078338623046875	True	True	Would any of them have dancing figures?	just	0.1078338623046875	0.43133544921875	1	"Speaker 1: I'm searching for an old music box.
Speaker 2: You came to the right place. Any particular decade?
Speaker 1: If you had a box made in the' 20s, that would be nice.
Speaker 2: We just got one in yesterday, so now we have six.
Speaker 1: "	"Speaker 1: I'm searching for an old music box.
Speaker 2: You came to the right place. Any particular decade?
Speaker 1: If you had a box made in the' 20s, that would be nice.
Speaker 2: We got one in yesterday, so now we have six.
Speaker 1: "	Speaker 1
260	261	expanded_data	discourse_particle	45	just_e_1267	just	o	Hi. Can I help you?	No, thanks. I’m just looking around.	No, thanks. I’m looking around.	Okay. Please let me know if you need any help.		P	No, thanks. I’m just looking around.	nucleus	base	0.9	1.0	20260416	372474554	50	50	200	3	3	Oh, right. How are you?	oh, right. how are you?	 Oh, right. How are you?\nSpeaker 2: I’m good. Thanks. Actually, I need to go to the bathroom. It’s a bit urgent.\nSpeaker 1: I’m really sorry. I don’t know where the nearest bathroom is. I can give you the directions, if you like	-15.58795166015625	-16.44586181640625	-1.9484939575195312	-2.055732727050781	8	8	-15.58795166015625	-16.44586181640625	-1.9484939575195312	-2.055732727050781	0.85791015625	0.10723876953125	True	True	Okay. Please let me know if you need any help.	just	0.10723876953125	0.85791015625	1	"Speaker 1: Hi. Can I help you?
Speaker 2: No, thanks. I’m just looking around.
Speaker 1: "	"Speaker 1: Hi. Can I help you?
Speaker 2: No, thanks. I’m looking around.
Speaker 1: "	Speaker 1
261	262	expanded_data	discourse_particle	25	just_j_12662	just	h	Is everything all right?__eou__Not at all.__eou__What's the problem?	Someone just robbed me.	Someone robbed me.	What do you mean?		P	Someone just robbed me.	nucleus	base	0.9	1.0	20260416	310199087	50	50	200	2	2	911, what's your emergency? 1-800-555-0119. We just need to know where you are and the nature of your emergency.	911, what's your emergency? 1-800-555-0119. we just need to know where you are and the nature of your emergency.	911, what's your emergency? 1-800-555-0119. We just need to know where you are and the nature of your emergency.\nSpeaker 2: I was just robbed. I live at 1221 South Street.\nSpeaker 1: OK. It'll be there in about 5	-50.21810150146485	-53.63379096984863	-1.5693156719207764	-1.6760559678077698	32	32	-50.21810150146485	-53.63379096984863	-1.5693156719207764	-1.6760559678077698	3.415689468383789	0.1067402958869934	True	True	What do you mean?	just	0.1067402958869934	3.415689468383789	0	"Speaker 1: Is everything all right?
Speaker 2: Not at all.
Speaker 1: What's the problem?
Speaker 2: Someone just robbed me.
Speaker 1: "	"Speaker 1: Is everything all right?
Speaker 2: Not at all.
Speaker 1: What's the problem?
Speaker 2: Someone robbed me.
Speaker 1: "	Speaker 1
262	263	expanded_data	discourse_particle	6	just_j_638	just	h	Hello, do you have any vacancies?	Yes, something just opened up.	Yes, something opened up.	What kind of apartment is it?		P	Yes, something just opened up.	nucleus	base	0.9	1.0	20260416	894870064	50	50	200	22	22	0007, yeah that’s me.	0007, yeah that’s me.	0007, yeah that’s me.	-23.6962890625	-24.546875	-2.9620361328125	-3.068359375	8	8	-23.6962890625	-24.546875	-2.9620361328125	-3.068359375	0.8505859375	0.1063232421875	True	True	What kind of apartment is it?	just	0.1063232421875	0.8505859375	0	"Speaker 1: Hello, do you have any vacancies?
Speaker 2: Yes, something just opened up.
Speaker 1: "	"Speaker 1: Hello, do you have any vacancies?
Speaker 2: Yes, something opened up.
Speaker 1: "	Speaker 1
263	264	expanded_data	discourse_particle	49	just_e_9416	just	o	How many people are traveling with you today, miss?	Just me. I'm traveling alone.	Me. I'm traveling alone.	And how many bags do you have?		P	Just me. I'm traveling alone.	nucleus	base	0.9	1.0	20260416	870165245	50	50	200	40	40	3 bags. Is there anything you'd like me to remind you of?	3 bags. is there anything you'd like me to remind you of?	3 bags. Is there anything you'd like me to remind you of?\nSpeaker 2: No, I think I have everything.\nSpeaker 1: Have a safe flight, miss.\nSpeaker 2: Thank you. Bye.\nSpeaker 1: 2 packages. 3 suitcases. 1 large bag	-29.74281311035156	-31.337203979492188	-1.9828542073567708	-2.089146931966146	15	15	-29.74281311035156	-31.337203979492188	-1.9828542073567708	-2.089146931966146	1.594390869140625	0.1062927246093752	True	True	And how many bags do you have?	just	0.1062927246093752	1.594390869140625	0	"Speaker 1: How many people are traveling with you today, miss?
Speaker 2: Just me. I'm traveling alone.
Speaker 1: "	"Speaker 1: How many people are traveling with you today, miss?
Speaker 2: Me. I'm traveling alone.
Speaker 1: "	Speaker 1
264	265	expanded_data	discourse_particle	4	just_j_1627	just	h	Excuse me, do you have the latest issue of Newsworld?	Yes, this week's issue just came in. Here it is.	Yes, this week's issue came in. Here it is.	How about Music Madness?		P	Yes, this week's issue just came in. Here it is.	nucleus	base	0.9	1.0	20260416	63091100	50	50	200	45	44	It costs $3.	it costs $3.	 It costs $3.\nSpeaker 2: How much do you want?\nSpeaker 1: Two dollars.\nSpeaker 2: Here you are. There are discounts on\nSpeaker 3: Hi, Mrs. Williams. I need to get your opinion on our cover photo.\nSpeaker 1: My opinion?	-12.93505859375	-13.46533203125	-2.58701171875	-2.69306640625	5	5	-12.93505859375	-13.46533203125	-2.58701171875	-2.69306640625	0.5302734375	0.1060546874999999	True	True	How about Music Madness?	just	0.1060546874999999	0.5302734375	1	"Speaker 1: Excuse me, do you have the latest issue of Newsworld?
Speaker 2: Yes, this week's issue just came in. Here it is.
Speaker 1: "	"Speaker 1: Excuse me, do you have the latest issue of Newsworld?
Speaker 2: Yes, this week's issue came in. Here it is.
Speaker 1: "	Speaker 1
265	266	expanded_data	discourse_particle	49	just_e_9416	just	o	How many people are traveling with you today, miss?	Just me. I'm traveling alone.	Me. I'm traveling alone.	And how many bags do you have?		P	Just me. I'm traveling alone.	nucleus	base	0.9	1.0	20260416	870165245	50	50	200	6	6	4000 of the 5000 homeless people in Washington, DC were in families.	4000 of the 5000 homeless people in washington, dc were in families.	4000 of the 5000 homeless people in Washington, DC were in families.\nSpeaker 1: I want to leave you with this and I hope that you remember this.\nSpeaker 1: We are we are, I am going to read this to you. The Lord is saying.\nSpeaker 1: How	-44.16021728515625	-45.96258544921875	-2.597659840303309	-2.703681497012868	17	17	-44.16021728515625	-45.96258544921875	-2.597659840303309	-2.703681497012868	1.8023681640625	0.1060216567095588	True	True	And how many bags do you have?	just	0.1060216567095588	1.8023681640625	0	"Speaker 1: How many people are traveling with you today, miss?
Speaker 2: Just me. I'm traveling alone.
Speaker 1: "	"Speaker 1: How many people are traveling with you today, miss?
Speaker 2: Me. I'm traveling alone.
Speaker 1: "	Speaker 1
266	267	expanded_data	discourse_particle	48	just_e_976	just	o	Is there anything I can do for you?__eou__I'm looking for a black, leather bag.__eou__How's this?	I'm just looking.	I'm looking.	If you need any help, let me know.		P	I'm just looking.	nucleus	base	0.9	1.0	20260416	711530636	50	50	200	12	12	15 50.	15 50.	"15 50.\nSpeaker 2: How about 8?\nSpeaker 1: And you're an ""I'm just looking"" customer. Come back when you want to buy.\nPresenter: So it turns out that not all buyers will shop on your website. Some will look, but will never buy from you."	-13.60546875	-14.029296875	-3.4013671875	-3.50732421875	4	4	-13.60546875	-14.029296875	-3.4013671875	-3.50732421875	0.423828125	0.10595703125	True	True	If you need any help, let me know.	just	0.10595703125	0.423828125	1	"Speaker 1: Is there anything I can do for you?
Speaker 2: I'm looking for a black, leather bag.
Speaker 1: How's this?
Speaker 2: I'm just looking.
Speaker 1: "	"Speaker 1: Is there anything I can do for you?
Speaker 2: I'm looking for a black, leather bag.
Speaker 1: How's this?
Speaker 2: I'm looking.
Speaker 1: "	Speaker 1
267	268	expanded_data	discourse_particle	4	just_j_1627	just	h	Excuse me, do you have the latest issue of Newsworld?	Yes, this week's issue just came in. Here it is.	Yes, this week's issue came in. Here it is.	How about Music Madness?		P	Yes, this week's issue just came in. Here it is.	nucleus	base	0.9	1.0	20260416	63091100	50	50	200	10	10	25 yuan, please.	25 yuan, please.	25 yuan, please.\nSpeaker 1: Have you heard the news about President Xi Jinping?\nSpeaker 2: I haven't heard anything. I've been very busy.\nSpeaker 1: He's said the past few years, 'Let's say two years and a half or two years three months. And I	-11.2265625	-11.755859375	-2.2453125	-2.351171875	5	5	-11.2265625	-11.755859375	-2.2453125	-2.351171875	0.529296875	0.105859375	True	True	How about Music Madness?	just	0.105859375	0.529296875	1	"Speaker 1: Excuse me, do you have the latest issue of Newsworld?
Speaker 2: Yes, this week's issue just came in. Here it is.
Speaker 1: "	"Speaker 1: Excuse me, do you have the latest issue of Newsworld?
Speaker 2: Yes, this week's issue came in. Here it is.
Speaker 1: "	Speaker 1
268	269	expanded_data	discourse_particle	0	just_e_1157	just	o	Is there something I can help you with?	No, I'm just browsing. Thanks anyway.	No, I'm browsing. Thanks anyway.	Ok.		P	No, I'm just browsing. Thanks anyway.	nucleus	base	0.9	1.0	20260416	1069069550	50	50	200	25	25	1 I’ll be here if you need me. Have a nice day.	1 i’ll be here if you need me. have a nice day.	1 I’ll be here if you need me. Have a nice day.\nThe words are becoming increasingly scarce these days. Fewer of us need to ask for information. Thanks to modern technology, the answers are just a search engine away. But, our impatience can cause our answers to suffer.\nYou know how	-24.26524353027344	-25.84150695800781	-1.617682902018229	-1.722767130533854	15	15	-24.26524353027344	-25.84150695800781	-1.617682902018229	-1.722767130533854	1.576263427734375	0.105084228515625	True	True	Ok.	just	0.105084228515625	1.576263427734375	1	"Speaker 1: Is there something I can help you with?
Speaker 2: No, I'm just browsing. Thanks anyway.
Speaker 1: "	"Speaker 1: Is there something I can help you with?
Speaker 2: No, I'm browsing. Thanks anyway.
Speaker 1: "	Speaker 1
269	270	expanded_data	discourse_particle	26	just_j_1461	just	h	Operator. May I help you?__eou__Yes. How do I get an outside line, please?	Just dial 0, wait for the dial tone, and then dial the phone number you want to call. Or we can place a call for you, if you want.	Dial 0, wait for the dial tone, and then dial the phone number you want to call. Or we can place a call for you, if you want.	No, thanks a lot. I'll try it myself.		P	Just dial 0, wait for the dial tone, and then dial the phone number you want to call. Or we can place a call for you, if you want.	nucleus	base	0.9	1.0	20260416	71756826	50	50	200	19	19	0-?	0-?	0-?\nSpeaker 1: You need to dial 0, the area code, and the phone number you want to call. Or we can place a call for you, if you want. Are you trying to call the United States?\nSpeaker 2: Yes.\nSpeaker 1: What area code?\nSpeaker	-10.766357421875	-11.081298828125	-3.5887858072916665	-3.6937662760416665	3	3	-10.766357421875	-11.081298828125	-3.5887858072916665	-3.6937662760416665	0.31494140625	0.10498046875	True	True	No, thanks a lot. I'll try it myself.	just	0.10498046875	0.31494140625	1	"Speaker 1: Operator. May I help you?
Speaker 2: Yes. How do I get an outside line, please?
Speaker 1: Just dial 0, wait for the dial tone, and then dial the phone number you want to call. Or we can place a call for you, if you want.
Speaker 2: "	"Speaker 1: Operator. May I help you?
Speaker 2: Yes. How do I get an outside line, please?
Speaker 1: Dial 0, wait for the dial tone, and then dial the phone number you want to call. Or we can place a call for you, if you want.
Speaker 2: "	Speaker 2
270	271	expanded_data	discourse_particle	39	just_e_1246	just	o	Good afternoon, ma'am. Can I help you find anything?	No, thanks. I'm just looking.	No, thanks. I'm looking.	We have a special on these skirts this week. Would you like to try one on?		P	No, thanks. I'm just looking.	nucleus	base	0.9	1.0	20260416	1062489368	50	50	200	17	17	Can I bring you anything?	can i bring you anything?	 Can I bring you anything?\nSpeaker 2: No, thank you.\nSpeaker 1:  No problem. Have a good day.\nSpeaker 2:  Thanks.\nSpeaker 1: Good evening. Do you need any help?\nSpeaker 2:  No, thanks.\nSpeaker 1	-10.84429931640625	-11.472442626953123	-1.8073832194010413	-1.9120737711588545	6	6	-10.84429931640625	-11.472442626953123	-1.8073832194010413	-1.9120737711588545	0.628143310546875	0.1046905517578125	True	True	We have a special on these skirts this week. Would you like to try one on?	just	0.1046905517578125	0.628143310546875	0	"Speaker 1: Good afternoon, ma'am. Can I help you find anything?
Speaker 2: No, thanks. I'm just looking.
Speaker 1: "	"Speaker 1: Good afternoon, ma'am. Can I help you find anything?
Speaker 2: No, thanks. I'm looking.
Speaker 1: "	Speaker 1
271	272	expanded_data	discourse_particle	36	just_j_8556	just	h	I think I'm going to go home.	Why? We just got here.	Why? We got here.	I know, but it's 12		P	Why? We just got here.	nucleus	base	0.9	1.0	20260416	1188910665	50	50	200	34	34	I don't feel very comfortable.	i don't feel very comfortable.	 I don't feel very comfortable.\nSpeaker 2: What, are you shy?\nSpeaker 1: No, I'm not shy. It's just that I'm new to the group.\nSpeaker 2: Yeah, but you've been around a while.\nSpeaker 1: Sure, but I don't	-12.694488525390623	-13.419029235839844	-1.8134983607700887	-1.917004176548549	7	7	-12.694488525390623	-13.419029235839844	-1.8134983607700887	-1.917004176548549	0.7245407104492188	0.1035058157784598	True	True	I know, but it's 12	just	0.1035058157784598	0.7245407104492188	1	"Speaker 1: I think I'm going to go home.
Speaker 2: Why? We just got here.
Speaker 1: "	"Speaker 1: I think I'm going to go home.
Speaker 2: Why? We got here.
Speaker 1: "	Speaker 1
272	273	expanded_data	discourse_particle	1	just_j_5467	just	h	I want to leave the motorbike outdoors.	Fine, just don't do it at night.	Fine, don't do it at night.	Why not?		P	Fine, just don't do it at night.	nucleus	base	0.9	1.0	20260416	788549607	50	50	200	48	48	23:59.38 Oh, well that's fine, that's in the daytime!	23:59.38 oh, well that's fine, that's in the daytime!	23:59.38 Oh, well that's fine, that's in the daytime!\nSpeaker 2: I'm sure you do have another language.\nSpeaker 1: [Non-English] Just let's do it.	-53.51513671875	-55.3779296875	-2.9730631510416665	-3.076551649305556	18	18	-53.51513671875	-55.3779296875	-2.9730631510416665	-3.076551649305556	1.86279296875	0.1034884982638888	True	True	Why not?	just	0.1034884982638888	1.86279296875	1	"Speaker 1: I want to leave the motorbike outdoors.
Speaker 2: Fine, just don't do it at night.
Speaker 1: "	"Speaker 1: I want to leave the motorbike outdoors.
Speaker 2: Fine, don't do it at night.
Speaker 1: "	Speaker 1
273	274	expanded_data	discourse_particle	42	just_e_4966	just	o	Is my hair done yet?	Yeah, I just need to make the final touches.	Yeah, I need to make the final touches.	How long until you're finished?		P	Yeah, I just need to make the final touches.	nucleus	base	0.9	1.0	20260416	1831970959	50	50	200	43	43	What are you doing to it?	what are you doing to it?	 What are you doing to it?\nSpeaker 2:  Just a few accents, something in the back.\nSpeaker 1: Well it’s finally here!\nSpeaker 2: Yes it is, the big day, I don’t even know where to begin.\nSpeaker 1: It’s been so hectic	-11.32763671875	-12.050537109375	-1.6182338169642858	-1.7215053013392858	7	7	-11.32763671875	-12.050537109375	-1.6182338169642858	-1.7215053013392858	0.722900390625	0.103271484375	True	True	How long until you're finished?	just	0.103271484375	0.722900390625	0	"Speaker 1: Is my hair done yet?
Speaker 2: Yeah, I just need to make the final touches.
Speaker 1: "	"Speaker 1: Is my hair done yet?
Speaker 2: Yeah, I need to make the final touches.
Speaker 1: "	Speaker 1
274	275	expanded_data	discourse_particle	49	just_e_9416	just	o	How many people are traveling with you today, miss?	Just me. I'm traveling alone.	Me. I'm traveling alone.	And how many bags do you have?		P	Just me. I'm traveling alone.	nucleus	base	0.9	1.0	20260416	870165245	50	50	200	17	17	44% of travelers were young single women.	44% of travelers were young single women.	44% of travelers were young single women.\nSpeaker 3: Take, for example, these two sisters, Rosalind and Vivian. They were among the 10% of single women who were travel companions of each other.\nSpeaker 1: How many people are traveling with you today, miss?\nSpeaker 	-30.86865234375	-31.7952880859375	-3.4298502604166665	-3.532809787326389	9	9	-30.86865234375	-31.7952880859375	-3.4298502604166665	-3.532809787326389	0.9266357421875	0.1029595269097223	True	True	And how many bags do you have?	just	0.1029595269097223	0.9266357421875	0	"Speaker 1: How many people are traveling with you today, miss?
Speaker 2: Just me. I'm traveling alone.
Speaker 1: "	"Speaker 1: How many people are traveling with you today, miss?
Speaker 2: Me. I'm traveling alone.
Speaker 1: "	Speaker 1
275	276	expanded_data	discourse_particle	49	just_e_9416	just	o	How many people are traveling with you today, miss?	Just me. I'm traveling alone.	Me. I'm traveling alone.	And how many bags do you have?		P	Just me. I'm traveling alone.	nucleus	base	0.9	1.0	20260416	870165245	50	50	200	50	49	1/3 of adult travelers in America, like you, will be traveling alone in the next 12 months.	1/3 of adult travelers in america, like you, will be traveling alone in the next 12 months.	1/3 of adult travelers in America, like you, will be traveling alone in the next 12 months.\nSpeaker 2: If I'm traveling alone, what should I be looking for?\nSpeaker 1: Traveling solo is a bit of a different experience, so you want to make sure you pick the	-37.23407745361328	-39.593788146972656	-1.618872932765795	-1.7214690498683765	23	23	-37.23407745361328	-39.593788146972656	-1.618872932765795	-1.7214690498683765	2.359710693359375	0.1025961171025815	True	True	And how many bags do you have?	just	0.1025961171025815	2.359710693359375	0	"Speaker 1: How many people are traveling with you today, miss?
Speaker 2: Just me. I'm traveling alone.
Speaker 1: "	"Speaker 1: How many people are traveling with you today, miss?
Speaker 2: Me. I'm traveling alone.
Speaker 1: "	Speaker 1
276	277	expanded_data	discourse_particle	7	just_e_5138	just	o	Do you mind if I ask your friend out?	Of course, but we aren't going out, we're just friends.	Of course, but we aren't going out, we're friends.	Okay, that's good.		P	Of course, but we aren't going out, we're just friends.	nucleus	base	0.9	1.0	20260416	740578275	50	50	200	45	45	100% OK, we'll take it slow.	100% ok, we'll take it slow.	100% OK, we'll take it slow.\nSpeaker 2: You can be 100% sure.\nSpeaker 1: 100% sure you'll come next week.\nSpeaker 2: I'm 100% sure.\nSpeaker 1: You're so 100% confident, I'm 200%	-21.3828125	-22.402587890625	-2.13828125	-2.2402587890625	10	10	-21.3828125	-22.402587890625	-2.13828125	-2.2402587890625	1.019775390625	0.1019775390625001	True	True	Okay, that's good.	just	0.1019775390625001	1.019775390625	1	"Speaker 1: Do you mind if I ask your friend out?
Speaker 2: Of course, but we aren't going out, we're just friends.
Speaker 1: "	"Speaker 1: Do you mind if I ask your friend out?
Speaker 2: Of course, but we aren't going out, we're friends.
Speaker 1: "	Speaker 1
277	278	expanded_data	discourse_particle	11	just_j_8242	just	h	Hello.this is Susan.	Hello, I’m Mark. I’m just wondering if you are free this weekend	Hello, I’m Mark. I’m wondering if you are free this weekend	Yes, I think So.		P	Hello, I’m Mark. I’m just wondering if you are free this weekend	nucleus	base	0.9	1.0	20260416	1720138729	50	50	200	7	7	Oh, no, sorry. I’m just full with my friends.	oh, no, sorry. i’m just full with my friends.	 Oh, no, sorry. I’m just full with my friends.\nSpeaker 2: Oh okay. Next weekend? \nSpeaker 1:  Oh, no sorry I’m not available. I need to do something. I hope you’re going to enjoy your time!\nSpeaker 2:  Thanks	-30.417236328125	-31.840087890625	-2.1726597377232144	-2.2742919921875	14	14	-30.417236328125	-31.840087890625	-2.1726597377232144	-2.2742919921875	1.4228515625	0.1016322544642855	True	True	Yes, I think So.	just	0.1016322544642855	1.4228515625	1	"Speaker 1: Hello.this is Susan.
Speaker 2: Hello, I’m Mark. I’m just wondering if you are free this weekend
Speaker 1: "	"Speaker 1: Hello.this is Susan.
Speaker 2: Hello, I’m Mark. I’m wondering if you are free this weekend
Speaker 1: "	Speaker 1
278	279	expanded_data	discourse_particle	25	just_j_12662	just	h	Is everything all right?__eou__Not at all.__eou__What's the problem?	Someone just robbed me.	Someone robbed me.	What do you mean?		P	Someone just robbed me.	nucleus	base	0.9	1.0	20260416	310199087	50	50	200	35	31	3/4 of a gallon, please.	3/4 of a gallon, please.	3/4 of a gallon, please.\nSpeaker 2: Do you live alone?\nSpeaker 1: Yes, what else did he take?\nSpeaker 2: Cash, credit cards, jewelry, and keys.\nSpeaker 1: Then you had better call a locksmith.\nSpeaker 2: He took the car	-25.2646484375	-26.17919921875	-2.8071831597222223	-2.9087999131944446	9	9	-25.2646484375	-26.17919921875	-2.8071831597222223	-2.9087999131944446	0.91455078125	0.1016167534722223	True	True	What do you mean?	just	0.1016167534722223	0.91455078125	0	"Speaker 1: Is everything all right?
Speaker 2: Not at all.
Speaker 1: What's the problem?
Speaker 2: Someone just robbed me.
Speaker 1: "	"Speaker 1: Is everything all right?
Speaker 2: Not at all.
Speaker 1: What's the problem?
Speaker 2: Someone robbed me.
Speaker 1: "	Speaker 1
279	280	expanded_data	discourse_particle	48	just_e_976	just	o	Is there anything I can do for you?__eou__I'm looking for a black, leather bag.__eou__How's this?	I'm just looking.	I'm looking.	If you need any help, let me know.		P	I'm just looking.	nucleus	base	0.9	1.0	20260416	711530636	50	50	200	10	10	50. On sale. Fifty pence. It was £5.	50. on sale. fifty pence. it was £5.	50. On sale. Fifty pence. It was £5.\nSpeaker 2: But it's made of cow hide?\nSpeaker 1: That's what you wanted, isn't it?	-39.342529296875	-40.764892578125	-2.8101806640625	-2.911778041294643	14	14	-39.342529296875	-40.764892578125	-2.8101806640625	-2.911778041294643	1.42236328125	0.1015973772321428	True	True	If you need any help, let me know.	just	0.1015973772321428	1.42236328125	1	"Speaker 1: Is there anything I can do for you?
Speaker 2: I'm looking for a black, leather bag.
Speaker 1: How's this?
Speaker 2: I'm just looking.
Speaker 1: "	"Speaker 1: Is there anything I can do for you?
Speaker 2: I'm looking for a black, leather bag.
Speaker 1: How's this?
Speaker 2: I'm looking.
Speaker 1: "	Speaker 1
280	281	expanded_data	discourse_particle	35	just_j_8362	just	h	let's go swimming.	But, we just finished eating lunch.	But, we finished eating lunch.	I know, but I'm really hot.		P	But, we just finished eating lunch.	nucleus	base	0.9	1.0	20260416	1023332715	50	50	200	31	31	19 things we can't go swimming. Now is the time. I know I'm right.	19 things we can't go swimming. now is the time. i know i'm right.	19 things we can't go swimming. Now is the time. I know I'm right.\nSpeaker 2: You're right. Let's go swimming. And we'd better.\nSpeaker 1: You ready?\nSpeaker 2: I'm ready. In the water. Whoa. Awesome.\nSpeaker 1	-52.040283203125	-53.969970703125	-2.738962273848684	-2.840524773848684	19	19	-52.040283203125	-53.969970703125	-2.738962273848684	-2.840524773848684	1.9296875	0.1015625	True	True	I know, but I'm really hot.	just	0.1015625	1.9296875	1	"Speaker 1: let's go swimming.
Speaker 2: But, we just finished eating lunch.
Speaker 1: "	"Speaker 1: let's go swimming.
Speaker 2: But, we finished eating lunch.
Speaker 1: "	Speaker 1
281	282	expanded_data	discourse_particle	8	just_j_498	just	h	I'm hungry. Do we have anything to eat?	Just a few cookies.	A few cookies.	That's fine with me.		P	Just a few cookies.	nucleus	base	0.9	1.0	20260416	470286339	50	50	200	9	9	2 cookies?	2 cookies?	2 cookies?\nSpeaker 2: That's all. You have to cook your own dinner.\nSpeaker 1: Don't you want to cook your own dinner?\nSpeaker 2: No. I'm too tired. You eat it.\nSpeaker 1: But I just have 2 cookies.\nSpeaker 2:	-4.6123046875	-4.9169921875	-1.5374348958333333	-1.6389973958333333	3	3	-4.6123046875	-4.9169921875	-1.5374348958333333	-1.6389973958333333	0.3046875	0.1015625	True	True	That's fine with me.	just	0.1015625	0.3046875	0	"Speaker 1: I'm hungry. Do we have anything to eat?
Speaker 2: Just a few cookies.
Speaker 1: "	"Speaker 1: I'm hungry. Do we have anything to eat?
Speaker 2: A few cookies.
Speaker 1: "	Speaker 1
282	283	expanded_data	discourse_particle	35	just_j_8362	just	h	let's go swimming.	But, we just finished eating lunch.	But, we finished eating lunch.	I know, but I'm really hot.		P	But, we just finished eating lunch.	nucleus	base	0.9	1.0	20260416	1023332715	50	50	200	19	19	That was hours ago. It's almost dinnertime. I'm getting thirsty.	that was hours ago. it's almost dinnertime. i'm getting thirsty.	 That was hours ago. It's almost dinnertime. I'm getting thirsty.\nSpeaker 2: Then we could have another glass of milk.\nSpeaker 1: No, the milk was great. But, I want to swim in the pool at my friend's house. He's got this big pool.	-30.26252031326294	-31.98423457145691	-1.780148253721349	-1.881425563026877	17	17	-30.26252031326294	-31.98423457145691	-1.780148253721349	-1.881425563026877	1.7217142581939695	0.1012773093055277	True	True	I know, but I'm really hot.	just	0.1012773093055277	1.7217142581939695	1	"Speaker 1: let's go swimming.
Speaker 2: But, we just finished eating lunch.
Speaker 1: "	"Speaker 1: let's go swimming.
Speaker 2: But, we finished eating lunch.
Speaker 1: "	Speaker 1
283	284	expanded_data	discourse_particle	47	just_e_6664	just	o	Hi, Jenny. Are still working?	Hi, Nancy. Come in please. I'm just putting away on my books.	Hi, Nancy. Come in please. I'm putting away on my books.	So, you are leaving, aren't you?		P	Hi, Nancy. Come in please. I'm just putting away on my books.	nucleus	base	0.9	1.0	20260416	2089130916	50	50	200	4	4	1 had a visit to the bank.	1 had a visit to the bank.	1 had a visit to the bank.\nSpeaker 1: Hello! Hi, Bill. How are you?\nSpeaker 2: I'm fine, thank you, and you?\nSpeaker 1: I'm good, thanks. I'm going to the bank to make a bank transfer.\nSpeaker 2: Oh,	-23.29296875	-24.10205078125	-2.91162109375	-3.01275634765625	8	8	-23.29296875	-24.10205078125	-2.91162109375	-3.01275634765625	0.80908203125	0.10113525390625	True	True	So, you are leaving, aren't you?	just	0.10113525390625	0.80908203125	1	"Speaker 1: Hi, Jenny. Are still working?
Speaker 2: Hi, Nancy. Come in please. I'm just putting away on my books.
Speaker 1: "	"Speaker 1: Hi, Jenny. Are still working?
Speaker 2: Hi, Nancy. Come in please. I'm putting away on my books.
Speaker 1: "	Speaker 1
284	285	expanded_data	discourse_particle	3	just_e_2798	just	o	Hello, sir. Is there anything I can help you find?	Um ... Uh ... I'm just looking, thanks.	Um ... Uh ... I'm looking, thanks.	Need a gift for your girlfriend or wife?		P	Um ... Uh ... I'm just looking, thanks.	nucleus	base	0.9	1.0	20260416	1422891503	50	50	200	11	11	200 more items added to our bargain bin sale.	200 more items added to our bargain bin sale.	200 more items added to our bargain bin sale.\nSpeaker 2: So ... What's that?\nSpeaker 3: Excuse me, do you have that anywhere in a smaller size?\nSpeaker 2: No, I'm afraid not. I think you'll have to try somewhere else. Is there anything else I	-32.2001953125	-33.2109375	-3.22001953125	-3.32109375	10	10	-32.2001953125	-33.2109375	-3.22001953125	-3.32109375	1.0107421875	0.10107421875	True	True	Need a gift for your girlfriend or wife?	just	0.10107421875	1.0107421875	1	"Speaker 1: Hello, sir. Is there anything I can help you find?
Speaker 2: Um ... Uh ... I'm just looking, thanks.
Speaker 1: "	"Speaker 1: Hello, sir. Is there anything I can help you find?
Speaker 2: Um ... Uh ... I'm looking, thanks.
Speaker 1: "	Speaker 1
285	286	expanded_data	discourse_particle	37	just_e_569	just	o	May I help you?	I'm just browsing, thanks.	I'm browsing, thanks.	We're on clearance sale now. Prices have up to twenty percent off. Do not miss the chance.		P	I'm just browsing, thanks.	nucleus	base	0.9	1.0	20260416	794732814	50	50	200	20	20	10% discount on all first class tickets.	10% discount on all first class tickets.	10% discount on all first class tickets.\nSpeaker 2: No, thanks. I'll just take a look.\nSpeaker 1: One of the coaches is going to Moscow.\nSpeaker 2: To Moscow? How far?\nSpeaker 1: To be honest I don't know. I think it's about	-24.2666015625	-25.173828125	-2.6962890625	-2.797092013888889	9	9	-24.2666015625	-25.173828125	-2.6962890625	-2.797092013888889	0.9072265625	0.1008029513888888	True	True	We're on clearance sale now. Prices have up to twenty percent off. Do not miss the chance.	just	0.1008029513888888	0.9072265625	1	"Speaker 1: May I help you?
Speaker 2: I'm just browsing, thanks.
Speaker 1: "	"Speaker 1: May I help you?
Speaker 2: I'm browsing, thanks.
Speaker 1: "	Speaker 1
286	287	expanded_data	discourse_particle	48	just_e_976	just	o	Is there anything I can do for you?__eou__I'm looking for a black, leather bag.__eou__How's this?	I'm just looking.	I'm looking.	If you need any help, let me know.		P	I'm just looking.	nucleus	base	0.9	1.0	20260416	711530636	50	50	200	46	46	95 pounds, that's with twenty percent off. Are you expecting a bit of a bargain? Are you not, love?	95 pounds, that's with twenty percent off. are you expecting a bit of a bargain? are you not, love?	95 pounds, that's with twenty percent off. Are you expecting a bit of a bargain? Are you not, love?\nSpeaker 2: No.\nSpeaker 1: Well you look as if you want a bargain.\nSpeaker 2: Look, I don't want to get you into trouble, but maybe you	-65.46237182617188	-67.98092651367188	-2.618494873046875	-2.719237060546875	25	25	-65.46237182617188	-67.98092651367188	-2.618494873046875	-2.719237060546875	2.5185546875	0.1007421875000003	True	True	If you need any help, let me know.	just	0.1007421875000003	2.5185546875	1	"Speaker 1: Is there anything I can do for you?
Speaker 2: I'm looking for a black, leather bag.
Speaker 1: How's this?
Speaker 2: I'm just looking.
Speaker 1: "	"Speaker 1: Is there anything I can do for you?
Speaker 2: I'm looking for a black, leather bag.
Speaker 1: How's this?
Speaker 2: I'm looking.
Speaker 1: "	Speaker 1
287	288	expanded_data	discourse_particle	39	just_e_1246	just	o	Good afternoon, ma'am. Can I help you find anything?	No, thanks. I'm just looking.	No, thanks. I'm looking.	We have a special on these skirts this week. Would you like to try one on?		P	No, thanks. I'm just looking.	nucleus	base	0.9	1.0	20260416	1062489368	50	50	200	50	50	10% off shoes today, you know.	10% off shoes today, you know.	10% off shoes today, you know.\nSpeaker 2: No, really, I'm fine. But thank you.	-19.458251953125	-20.36346435546875	-2.1620279947916665	-2.262607150607639	9	9	-19.458251953125	-20.36346435546875	-2.1620279947916665	-2.262607150607639	0.90521240234375	0.1005791558159723	True	True	We have a special on these skirts this week. Would you like to try one on?	just	0.1005791558159723	0.90521240234375	0	"Speaker 1: Good afternoon, ma'am. Can I help you find anything?
Speaker 2: No, thanks. I'm just looking.
Speaker 1: "	"Speaker 1: Good afternoon, ma'am. Can I help you find anything?
Speaker 2: No, thanks. I'm looking.
Speaker 1: "	Speaker 1
288	289	expanded_data	discourse_particle	37	just_e_569	just	o	May I help you?	I'm just browsing, thanks.	I'm browsing, thanks.	We're on clearance sale now. Prices have up to twenty percent off. Do not miss the chance.		P	I'm just browsing, thanks.	nucleus	base	0.9	1.0	20260416	794732814	50	50	200	39	39	8.00 a.m. to 5.30 p.m., Monday to Friday.	8.00 a.m. to 5.30 p.m., monday to friday.	8.00 a.m. to 5.30 p.m., Monday to Friday.\nSpeaker 1: And remember, we're always open online.\nSpeaker 2: 8.00 a.m. to 5.30 p.m.\nSpeaker 2: Thanks. Are you new to the bank?\nSpeaker	-18.656269073486328	-20.46444702148437	-1.0364593929714627	-1.1369137234157989	18	18	-18.656269073486328	-20.46444702148437	-1.0364593929714627	-1.1369137234157989	1.8081779479980469	0.1004543304443359	True	True	We're on clearance sale now. Prices have up to twenty percent off. Do not miss the chance.	just	0.1004543304443359	1.8081779479980469	1	"Speaker 1: May I help you?
Speaker 2: I'm just browsing, thanks.
Speaker 1: "	"Speaker 1: May I help you?
Speaker 2: I'm browsing, thanks.
Speaker 1: "	Speaker 1
289	290	expanded_data	discourse_particle	37	just_e_569	just	o	May I help you?	I'm just browsing, thanks.	I'm browsing, thanks.	We're on clearance sale now. Prices have up to twenty percent off. Do not miss the chance.		P	I'm just browsing, thanks.	nucleus	base	0.9	1.0	20260416	794732814	50	50	200	2	2	12.50. The pound for all denominations is the same.	12.50. the pound for all denominations is the same.	12.50. The pound for all denominations is the same.\nSpeaker 1: That's not money.\nSpeaker 2: 20. 10. 50, and one?\nSpeaker 1: 15. And one.\nSpeaker 2: Thank you.\nSpeaker 1: The post office is	-41.53764533996582	-42.93740272521973	-2.966974667140416	-3.066957337515695	14	14	-41.53764533996582	-42.93740272521973	-2.966974667140416	-3.066957337515695	1.3997573852539062	0.099982670375279	True	True	We're on clearance sale now. Prices have up to twenty percent off. Do not miss the chance.	just	0.099982670375279	1.3997573852539062	1	"Speaker 1: May I help you?
Speaker 2: I'm just browsing, thanks.
Speaker 1: "	"Speaker 1: May I help you?
Speaker 2: I'm browsing, thanks.
Speaker 1: "	Speaker 1
290	291	expanded_data	discourse_particle	20	just_j_2141	just	h	I am sorry for damaging your car, sir.	Don't worry about it. Just leave it to the insurance companies.	Don't worry about it. Leave it to the insurance companies.	The car park in this community is over crowded, isn't it?		P	Don't worry about it. Just leave it to the insurance companies.	nucleus	base	0.9	1.0	20260416	1769991683	50	50	200	42	42	That will be alright.	that will be alright.	 That will be alright.\nSpeaker 2:  No harm done.\nSpeaker 3: What a beautiful picnic!\nSpeaker 4: Yes, isn't it?\nSpeaker 3: Everything is perfect. The place is lovely, the weather is just right, and the food is delicious.\nSpeaker 4:	-16.11181640625	-16.6103515625	-3.22236328125	-3.3220703125	5	5	-16.11181640625	-16.6103515625	-3.22236328125	-3.3220703125	0.49853515625	0.0997070312500003	True	True	The car park in this community is over crowded, isn't it?	just	0.0997070312500003	0.49853515625	0	"Speaker 1: I am sorry for damaging your car, sir.
Speaker 2: Don't worry about it. Just leave it to the insurance companies.
Speaker 1: "	"Speaker 1: I am sorry for damaging your car, sir.
Speaker 2: Don't worry about it. Leave it to the insurance companies.
Speaker 1: "	Speaker 1
291	292	expanded_data	discourse_particle	5	just_e_4508	just	o	Mom, have we got any cookies?	Cookies? You just ate an hour ago.	Cookies? You ate an hour ago.	I know, but I'm hungry.		P	Cookies? You just ate an hour ago.	nucleus	base	0.9	1.0	20260416	1255810015	50	50	200	26	26	I know. But I’m hungry.	i know. but i’m hungry.	 I know. But I’m hungry.\nYou’ve probably heard the adage that you can’t eat just one cookie.\nThat makes you wonder: Can a woman eat just one?\nWomen seem to eat fewer calories than men on a daily basis. Can women who naturally eat less also eat fewer calories in the name of	-10.8017578125	-11.59814453125	-1.3502197265625	-1.44976806640625	8	8	-10.8017578125	-11.59814453125	-1.3502197265625	-1.44976806640625	0.79638671875	0.09954833984375	True	True	I know, but I'm hungry.	just	0.09954833984375	0.79638671875	0	"Speaker 1: Mom, have we got any cookies?
Speaker 2: Cookies? You just ate an hour ago.
Speaker 1: "	"Speaker 1: Mom, have we got any cookies?
Speaker 2: Cookies? You ate an hour ago.
Speaker 1: "	Speaker 1
292	293	expanded_data	discourse_particle	5	just_e_4508	just	o	Mom, have we got any cookies?	Cookies? You just ate an hour ago.	Cookies? You ate an hour ago.	I know, but I'm hungry.		P	Cookies? You just ate an hour ago.	nucleus	base	0.9	1.0	20260416	1255810015	50	50	200	1	1	10 minutes ago.	10 minutes ago.	10 minutes ago.\nSpeaker 1: Only 10 minutes? Mom, I coulda had a cookie at 6:30.\nCookie Monster has a bigger vocabulary than you do.	-5.907958984375	-6.30517578125	-1.47698974609375	-1.5762939453125	4	4	-5.907958984375	-6.30517578125	-1.47698974609375	-1.5762939453125	0.397216796875	0.09930419921875	True	True	I know, but I'm hungry.	just	0.09930419921875	0.397216796875	0	"Speaker 1: Mom, have we got any cookies?
Speaker 2: Cookies? You just ate an hour ago.
Speaker 1: "	"Speaker 1: Mom, have we got any cookies?
Speaker 2: Cookies? You ate an hour ago.
Speaker 1: "	Speaker 1
293	294	expanded_data	discourse_particle	15	just_j_4012	just	h	Are you ok, Chuck? You look pale.	I'm fine, Katherine. I just stayed up late last night working on my Chinese.	I'm fine, Katherine. I stayed up late last night working on my Chinese.	Oh, poor you. You know what? I found a new way to learn Chinese and it works very well.		P	I'm fine, Katherine. I just stayed up late last night working on my Chinese.	nucleus	base	0.9	1.0	20260416	1516497681	50	50	200	30	30	Really? You're studying Chinese?	really? you're studying chinese?	" Really? You're studying Chinese?\nSpeaker 2: Yes. I decided to start learning Chinese since our family is going to China on vacation.\nSpeaker 1: What does that mean in Chinese? ""To study Chinese""?\nSpeaker 2: To study Chinese is Xue Chinese.\nSpeaker 1: I"	-10.8460693359375	-11.53955078125	-1.5494384765625	-1.6485072544642858	7	7	-10.8460693359375	-11.53955078125	-1.5494384765625	-1.6485072544642858	0.6934814453125	0.0990687779017858	True	True	Oh, poor you. You know what? I found a new way to learn Chinese and it works very well.	just	0.0990687779017858	0.6934814453125	0	"Speaker 1: Are you ok, Chuck? You look pale.
Speaker 2: I'm fine, Katherine. I just stayed up late last night working on my Chinese.
Speaker 1: "	"Speaker 1: Are you ok, Chuck? You look pale.
Speaker 2: I'm fine, Katherine. I stayed up late last night working on my Chinese.
Speaker 1: "	Speaker 1
294	295	expanded_data	discourse_particle	0	just_e_1157	just	o	Is there something I can help you with?	No, I'm just browsing. Thanks anyway.	No, I'm browsing. Thanks anyway.	Ok.		P	No, I'm just browsing. Thanks anyway.	nucleus	base	0.9	1.0	20260416	1069069550	50	50	200	5	5	00:00:11 No problem.	00:00:11 no problem.	00:00:11 No problem.\nSpeaker 2: Can I help you with something?\nSpeaker 1: Do you need help with anything?\nSpeaker 2: Just browsing for now. Thanks.\nSpeaker 1: 00:00:18 Just browsing. No problem.	-11.9569091796875	-12.7493896484375	-1.4946136474609375	-1.5936737060546875	8	8	-11.9569091796875	-12.7493896484375	-1.4946136474609375	-1.5936737060546875	0.79248046875	0.09906005859375	True	True	Ok.	just	0.09906005859375	0.79248046875	1	"Speaker 1: Is there something I can help you with?
Speaker 2: No, I'm just browsing. Thanks anyway.
Speaker 1: "	"Speaker 1: Is there something I can help you with?
Speaker 2: No, I'm browsing. Thanks anyway.
Speaker 1: "	Speaker 1
295	296	expanded_data	discourse_particle	46	just_e_9397	just	o	Why's the plane shaking?	It's just some turbulence.	It's some turbulence.	I'm scared.		P	It's just some turbulence.	nucleus	base	0.9	1.0	20260416	1597493084	50	50	200	44	44	21 of the passengers are dead.	21 of the passengers are dead.	21 of the passengers are dead.\nSpeaker 2: We have some turbulence. This is normal turbulence.\nWhen something unexpected happens to you, do you think about your safety? Do you run through a safety drill?\nLet's learn some of the important words we use in safety situations.\nEmergencies, rescues,	-18.294921875	-18.9873046875	-2.613560267857143	-2.7124720982142856	7	7	-18.294921875	-18.9873046875	-2.613560267857143	-2.7124720982142856	0.6923828125	0.0989118303571428	True	True	I'm scared.	just	0.0989118303571428	0.6923828125	1	"Speaker 1: Why's the plane shaking?
Speaker 2: It's just some turbulence.
Speaker 1: "	"Speaker 1: Why's the plane shaking?
Speaker 2: It's some turbulence.
Speaker 1: "	Speaker 1
296	297	expanded_data	discourse_particle	1	just_j_5467	just	h	I want to leave the motorbike outdoors.	Fine, just don't do it at night.	Fine, don't do it at night.	Why not?		P	Fine, just don't do it at night.	nucleus	base	0.9	1.0	20260416	788549607	50	50	200	8	8	Because of course there's the robber problem, you know, in the city?	because of course there's the robber problem, you know, in the city?	 Because of course there's the robber problem, you know, in the city?\nSpeaker 2: Yeah, what's up with these people?!\nSpeaker 1: [laughs] I don't know. I guess they're just desperate or something, but it's like, when are they gonna get a job	-48.984130859375	-50.5665283203125	-3.061508178710937	-3.1604080200195312	16	16	-48.984130859375	-50.5665283203125	-3.061508178710937	-3.1604080200195312	1.5823974609375	0.0988998413085937	True	True	Why not?	just	0.0988998413085937	1.5823974609375	1	"Speaker 1: I want to leave the motorbike outdoors.
Speaker 2: Fine, just don't do it at night.
Speaker 1: "	"Speaker 1: I want to leave the motorbike outdoors.
Speaker 2: Fine, don't do it at night.
Speaker 1: "	Speaker 1
297	298	expanded_data	discourse_particle	0	just_e_1157	just	o	Is there something I can help you with?	No, I'm just browsing. Thanks anyway.	No, I'm browsing. Thanks anyway.	Ok.		P	No, I'm just browsing. Thanks anyway.	nucleus	base	0.9	1.0	20260416	1069069550	50	50	200	19	19	25-inch monitors start from only R5999.00.	25-inch monitors start from only r5999.00.	25-inch monitors start from only R5999.00.\nSpeaker 2: What? I'll take it.\nSpeaker 1: Only R5999.00 for a 25-inch monitor.\nSpeaker 1: They're all 25-inch monitors. Let me show you them all.\nSpeaker 1: This	-36.2333984375	-37.41796875	-3.0194498697916665	-3.1181640625	12	12	-36.2333984375	-37.41796875	-3.0194498697916665	-3.1181640625	1.1845703125	0.0987141927083334	True	True	Ok.	just	0.0987141927083334	1.1845703125	1	"Speaker 1: Is there something I can help you with?
Speaker 2: No, I'm just browsing. Thanks anyway.
Speaker 1: "	"Speaker 1: Is there something I can help you with?
Speaker 2: No, I'm browsing. Thanks anyway.
Speaker 1: "	Speaker 1
298	299	expanded_data	discourse_particle	38	just_e_1043	just	o	May I help you?	No, thank you. I'm just looking. Maybe later I might need your help.	No, thank you. I'm looking. Maybe later I might need your help.	I hope you will! Take your time. We have a lot more upstairs.		P	No, thank you. I'm just looking. Maybe later I might need your help.	nucleus	base	0.9	1.0	20260416	182747895	50	50	200	5	5	100 dollars, 50 dollars, 20 dollars.	100 dollars, 50 dollars, 20 dollars.	100 dollars, 50 dollars, 20 dollars.\nSpeaker 2: What kind of toothbrush do you have, what's the difference?\nSpeaker 1: The cheap one doesn't have head motion.\nSpeaker 2: Is that so? I think I'll take it.\nSpeaker 3: How much are	-16.4385986328125	-17.5211181640625	-1.4944180575284092	-1.592828924005682	11	11	-16.4385986328125	-17.5211181640625	-1.4944180575284092	-1.592828924005682	1.08251953125	0.0984108664772727	True	True	I hope you will! Take your time. We have a lot more upstairs.	just	0.0984108664772727	1.08251953125	1	"Speaker 1: May I help you?
Speaker 2: No, thank you. I'm just looking. Maybe later I might need your help.
Speaker 1: "	"Speaker 1: May I help you?
Speaker 2: No, thank you. I'm looking. Maybe later I might need your help.
Speaker 1: "	Speaker 1
299	300	expanded_data	discourse_particle	1	just_j_5467	just	h	I want to leave the motorbike outdoors.	Fine, just don't do it at night.	Fine, don't do it at night.	Why not?		P	Fine, just don't do it at night.	nucleus	base	0.9	1.0	20260416	788549607	50	50	200	49	49	20 years ago.	20 years ago.	20 years ago.\nSpeaker 1: I started hanging my motorbike outside.\nSpeaker 2: That was during the ozone layer era.\nSpeaker 1: So I thought it was great.\nSpeaker 2: It was probably about the time we were going to save the whales.\nSpeaker 1: And I felt	-11.31689453125	-11.7099609375	-2.8292236328125	-2.927490234375	4	4	-11.31689453125	-11.7099609375	-2.8292236328125	-2.927490234375	0.39306640625	0.0982666015625	True	True	Why not?	just	0.0982666015625	0.39306640625	1	"Speaker 1: I want to leave the motorbike outdoors.
Speaker 2: Fine, just don't do it at night.
Speaker 1: "	"Speaker 1: I want to leave the motorbike outdoors.
Speaker 2: Fine, don't do it at night.
Speaker 1: "	Speaker 1
300	301	expanded_data	discourse_particle	5	just_e_4508	just	o	Mom, have we got any cookies?	Cookies? You just ate an hour ago.	Cookies? You ate an hour ago.	I know, but I'm hungry.		P	Cookies? You just ate an hour ago.	nucleus	base	0.9	1.0	20260416	1255810015	50	50	200	44	41	Well, I’m hungry now.	well, i’m hungry now.	 Well, I’m hungry now.\nSpeaker 2: I am pretty hungry right now. I wonder where you can get some good cookies.\nSpeaker 1: There’s this great bakery right over on Hare Street.\nSpeaker 2: Oh yeah, I’ve been there a few times. Are there cookies?\n	-10.6015625	-11.28857421875	-1.5145089285714286	-1.6126534598214286	7	7	-10.6015625	-11.28857421875	-1.5145089285714286	-1.6126534598214286	0.68701171875	0.09814453125	True	True	I know, but I'm hungry.	just	0.09814453125	0.68701171875	0	"Speaker 1: Mom, have we got any cookies?
Speaker 2: Cookies? You just ate an hour ago.
Speaker 1: "	"Speaker 1: Mom, have we got any cookies?
Speaker 2: Cookies? You ate an hour ago.
Speaker 1: "	Speaker 1
301	302	expanded_data	discourse_particle	9	just_j_7769	just	h	What's up? You look depressed.	I just had a quarrel with him.	I had a quarrel with him.	Would you rather I taught him a lesson for you?		P	I just had a quarrel with him.	nucleus	base	0.9	1.0	20260416	1997417192	50	50	200	25	25	4o-Wen who?	4o-wen who?	4o-Wen who?\nSpeaker 2: I gave him my phone number and said I would go out with him on Friday, but he said he would not call me until Friday. So what should I do? This guy is so childish.\nSpeaker 1: He is so childish. You mustn't go	-33.123046875	-33.7119140625	-5.5205078125	-5.61865234375	6	6	-33.123046875	-33.7119140625	-5.5205078125	-5.61865234375	0.5888671875	0.09814453125	True	True	Would you rather I taught him a lesson for you?	just	0.09814453125	0.5888671875	1	"Speaker 1: What's up? You look depressed.
Speaker 2: I just had a quarrel with him.
Speaker 1: "	"Speaker 1: What's up? You look depressed.
Speaker 2: I had a quarrel with him.
Speaker 1: "	Speaker 1
302	303	expanded_data	discourse_particle	5	just_e_4508	just	o	Mom, have we got any cookies?	Cookies? You just ate an hour ago.	Cookies? You ate an hour ago.	I know, but I'm hungry.		P	Cookies? You just ate an hour ago.	nucleus	base	0.9	1.0	20260416	1255810015	50	50	200	11	11	11:00 to 11:50 just flew by, Mom.	11:00 to 11:50 just flew by, mom.	11:00 to 11:50 just flew by, Mom.\nSpeaker 2: There’s some Teddy Grahams left. Yeah, they’re my favorite. What happened to the Vanilla Wafers?\nSpeaker 1: Oh, Mom. You have to stop worrying about the Vanilla Wafers.\nSpeaker	-30.29969787597656	-31.672813415527344	-2.164264133998326	-2.2623438153948103	14	14	-30.29969787597656	-31.672813415527344	-2.164264133998326	-2.2623438153948103	1.3731155395507812	0.0980796813964843	True	True	I know, but I'm hungry.	just	0.0980796813964843	1.3731155395507812	0	"Speaker 1: Mom, have we got any cookies?
Speaker 2: Cookies? You just ate an hour ago.
Speaker 1: "	"Speaker 1: Mom, have we got any cookies?
Speaker 2: Cookies? You ate an hour ago.
Speaker 1: "	Speaker 1
303	304	expanded_data	discourse_particle	2	just_j_2485	just	h	I'm looking for some fresh produce that's on sale.	Well, we just got in some mangoes.	Well, we got in some mangoes.	Mangoes. What are they?		P	Well, we just got in some mangoes.	nucleus	base	0.9	1.0	20260416	545491132	50	50	200	29	29	They look juicy and ripe. How much are they?	they look juicy and ripe. how much are they?	 They look juicy and ripe. How much are they?\nSpeaker 2: Five dollars a piece.\nSpeaker 1: I'll take four.\nEXPLAINED - On sale is an expression that means cheaper than usual. For example, a second-hand car, on sale for $5,000, is cheaper than	-20.0072021484375	-21.0845947265625	-1.8188365589488635	-1.9167813387784087	11	11	-20.0072021484375	-21.0845947265625	-1.8188365589488635	-1.9167813387784087	1.077392578125	0.0979447798295456	True	True	Mangoes. What are they?	just	0.0979447798295456	1.077392578125	1	"Speaker 1: I'm looking for some fresh produce that's on sale.
Speaker 2: Well, we just got in some mangoes.
Speaker 1: "	"Speaker 1: I'm looking for some fresh produce that's on sale.
Speaker 2: Well, we got in some mangoes.
Speaker 1: "	Speaker 1
304	305	expanded_data	discourse_particle	37	just_e_569	just	o	May I help you?	I'm just browsing, thanks.	I'm browsing, thanks.	We're on clearance sale now. Prices have up to twenty percent off. Do not miss the chance.		P	I'm just browsing, thanks.	nucleus	base	0.9	1.0	20260416	794732814	50	50	200	44	44	5 doors, in red and white or black and white.	5 doors, in red and white or black and white.	5 doors, in red and white or black and white.\nSpeaker 2: Can I see the black and white?\nSpeaker 1: Certainly. Let me know when you want it.	-35.901611328125	-37.076416015625	-2.9918009440104165	-3.0897013346354165	12	12	-35.901611328125	-37.076416015625	-2.9918009440104165	-3.0897013346354165	1.1748046875	0.097900390625	True	True	We're on clearance sale now. Prices have up to twenty percent off. Do not miss the chance.	just	0.097900390625	1.1748046875	1	"Speaker 1: May I help you?
Speaker 2: I'm just browsing, thanks.
Speaker 1: "	"Speaker 1: May I help you?
Speaker 2: I'm browsing, thanks.
Speaker 1: "	Speaker 1
305	306	expanded_data	discourse_particle	57	just_j_11362	just	h	Would you mind if I ask your health status?	I just had a complete physical examination and passed with flying colors.	I had a complete physical examination and passed with flying colors.	That is good. We hope each of our future employees will be healthy and happy.		P	I just had a complete physical examination and passed with flying colors.	nucleus	base	0.9	1.0	20260416	1728911766	50	50	200	41	41	Can you please use one of the scales to tell me your health status?	can you please use one of the scales to tell me your health status?	 Can you please use one of the scales to tell me your health status?\nSpeaker 2:   Fine.  Let me look.  Yes, here we go.  How did you rate your health?  If you are in good health, please press 1.  If your	-33.715576171875	-35.1802978515625	-2.247705078125	-2.345353190104167	15	15	-33.715576171875	-35.1802978515625	-2.247705078125	-2.345353190104167	1.4647216796875	0.0976481119791667	True	True	That is good. We hope each of our future employees will be healthy and happy.	just	0.0976481119791667	1.4647216796875	0	"Speaker 1: Would you mind if I ask your health status?
Speaker 2: I just had a complete physical examination and passed with flying colors.
Speaker 1: "	"Speaker 1: Would you mind if I ask your health status?
Speaker 2: I had a complete physical examination and passed with flying colors.
Speaker 1: "	Speaker 1
306	307	expanded_data	discourse_particle	32	just_e_1907	just	o	How was your morning jog?__eou__Very good. I feel quite refreshed now! You should come with me sometime - exercise is good for you!__eou__To be honest, I’d rather watch television! Where did you go?	I just ran alongside the main road.	I ran alongside the main road.	Oh you ought to go to the park next time. They have a route for joggers there.		P	I just ran alongside the main road.	nucleus	base	0.9	1.0	20260416	1659924286	50	50	200	10	10	300 yards away from the traffic and rubbish?	300 yards away from the traffic and rubbish?	300 yards away from the traffic and rubbish?\nSpeaker 2: Ah, yes. It’s much better over there.\nSpeaker 1: Is it safe though?\nSpeaker 2: The police come over there at 7 every morning. There’s usually a little crowd of people waiting for the exercise session. The air	-27.17626953125	-28.0537109375	-3.0195855034722223	-3.117078993055556	9	9	-27.17626953125	-28.0537109375	-3.0195855034722223	-3.117078993055556	0.87744140625	0.097493489583333	True	True	Oh you ought to go to the park next time. They have a route for joggers there.	just	0.097493489583333	0.87744140625	1	"Speaker 1: How was your morning jog?
Speaker 2: Very good. I feel quite refreshed now! You should come with me sometime - exercise is good for you!
Speaker 1: To be honest, I’d rather watch television! Where did you go?
Speaker 2: I just ran alongside the main road.
Speaker 1: "	"Speaker 1: How was your morning jog?
Speaker 2: Very good. I feel quite refreshed now! You should come with me sometime - exercise is good for you!
Speaker 1: To be honest, I’d rather watch television! Where did you go?
Speaker 2: I ran alongside the main road.
Speaker 1: "	Speaker 1
307	308	expanded_data	discourse_particle	52	just_e_11908	just	o	Hi, Deny. Are still working?	Hi, Navy. Come in please. I'm just putting away on my books.	Hi, Navy. Come in please. I'm putting away on my books.	So, you are leaving, aren't you?		P	Hi, Navy. Come in please. I'm just putting away on my books.	nucleus	base	0.9	1.0	20260416	1874226564	50	50	200	5	5	10 minutes till the end of the day.	10 minutes till the end of the day.	10 minutes till the end of the day.\nSpeaker 2: OK. Come in please.\nSpeaker 1: Have you read the report on the lunar project yet?\nSpeaker 2: Yes. I did. The new lunar vehicles look interesting, but we will have to spend time developing a map and an environment database	-16.7681884765625	-17.640869140625	-1.8631320529513888	-1.960096571180556	9	9	-16.7681884765625	-17.640869140625	-1.8631320529513888	-1.960096571180556	0.8726806640625	0.0969645182291667	True	True	So, you are leaving, aren't you?	just	0.0969645182291667	0.8726806640625	0	"Speaker 1: Hi, Deny. Are still working?
Speaker 2: Hi, Navy. Come in please. I'm just putting away on my books.
Speaker 1: "	"Speaker 1: Hi, Deny. Are still working?
Speaker 2: Hi, Navy. Come in please. I'm putting away on my books.
Speaker 1: "	Speaker 1
308	309	expanded_data	discourse_particle	11	just_j_8242	just	h	Hello.this is Susan.	Hello, I’m Mark. I’m just wondering if you are free this weekend	Hello, I’m Mark. I’m wondering if you are free this weekend	Yes, I think So.		P	Hello, I’m Mark. I’m just wondering if you are free this weekend	nucleus	base	0.9	1.0	20260416	1720138729	50	50	200	11	11	Oh sure I’ll come.	oh sure i’ll come.	 Oh sure I’ll come.\nI am pretty tired after a long day, and even longer workweek.\nFortunately, I don’t work on weekends so I get to spend my time with my family.\nI think I’m going to the park on Saturday and then we are going out to eat on Sunday night.\nWell	-19.064453125	-19.64453125	-3.1774088541666665	-3.2740885416666665	6	6	-19.064453125	-19.64453125	-3.1774088541666665	-3.2740885416666665	0.580078125	0.0966796875	True	True	Yes, I think So.	just	0.0966796875	0.580078125	1	"Speaker 1: Hello.this is Susan.
Speaker 2: Hello, I’m Mark. I’m just wondering if you are free this weekend
Speaker 1: "	"Speaker 1: Hello.this is Susan.
Speaker 2: Hello, I’m Mark. I’m wondering if you are free this weekend
Speaker 1: "	Speaker 1
309	310	expanded_data	discourse_particle	58	just_j_8648	just	h	what sort of music do you like?	I love just about anything by Prince.	I love about anything by Prince.	so, you're into 80s music then?		P	I love just about anything by Prince.	nucleus	base	0.9	1.0	20260416	1138373084	50	50	200	1	1	1999?	1999?	1999?\nSpeaker 2: Yes, definitely 1999.\n# Term 3. 14-18\nThink for a moment what is happening in the world.\nWhat happens in your country at this time?\nThis term we are exploring a few famous lives and careers of some very popular singers and writers that are	-6.2547607421875	-6.5440673828125	-2.084920247395833	-2.181355794270833	3	3	-6.2547607421875	-6.5440673828125	-2.084920247395833	-2.181355794270833	0.289306640625	0.096435546875	True	True	so, you're into 80s music then?	just	0.096435546875	0.289306640625	0	"Speaker 1: what sort of music do you like?
Speaker 2: I love just about anything by Prince.
Speaker 1: "	"Speaker 1: what sort of music do you like?
Speaker 2: I love about anything by Prince.
Speaker 1: "	Speaker 1
310	311	expanded_data	discourse_particle	9	just_j_7769	just	h	What's up? You look depressed.	I just had a quarrel with him.	I had a quarrel with him.	Would you rather I taught him a lesson for you?		P	I just had a quarrel with him.	nucleus	base	0.9	1.0	20260416	1997417192	50	50	200	48	48	Who? Your husband?	who? your husband?	 Who? Your husband?\nSpeaker 2:  Yes, that's right.\nSpeaker 1: What did he say?\nSpeaker 2:  He said, “Do not worry, your anger will disappear.” You know, he's often sarcastic.\nSpeaker 1:  I do not	-11.203125	-11.6845703125	-2.240625	-2.3369140625	5	5	-11.203125	-11.6845703125	-2.240625	-2.3369140625	0.4814453125	0.0962890624999999	True	True	Would you rather I taught him a lesson for you?	just	0.0962890624999999	0.4814453125	1	"Speaker 1: What's up? You look depressed.
Speaker 2: I just had a quarrel with him.
Speaker 1: "	"Speaker 1: What's up? You look depressed.
Speaker 2: I had a quarrel with him.
Speaker 1: "	Speaker 1
311	312	expanded_data	discourse_particle	45	just_e_1267	just	o	Hi. Can I help you?	No, thanks. I’m just looking around.	No, thanks. I’m looking around.	Okay. Please let me know if you need any help.		P	No, thanks. I’m just looking around.	nucleus	base	0.9	1.0	20260416	372474554	50	50	200	50	50	0:25 Oh. Would you like a customer number?	0:25 oh. would you like a customer number?	0:25 Oh. Would you like a customer number?\nSpeaker 2: 0:29 No, thanks. I’m just looking.\nSpeaker 1: 0:34 Okay. Is there someone we can help you with?\nSpeaker 2: 0:38 No. Thank you. I’m just	-31.60040283203125	-32.75506591796875	-2.633366902669271	-2.729588826497396	12	12	-31.60040283203125	-32.75506591796875	-2.633366902669271	-2.729588826497396	1.1546630859375	0.096221923828125	True	True	Okay. Please let me know if you need any help.	just	0.096221923828125	1.1546630859375	1	"Speaker 1: Hi. Can I help you?
Speaker 2: No, thanks. I’m just looking around.
Speaker 1: "	"Speaker 1: Hi. Can I help you?
Speaker 2: No, thanks. I’m looking around.
Speaker 1: "	Speaker 1
312	313	expanded_data	discourse_particle	57	just_j_11362	just	h	Would you mind if I ask your health status?	I just had a complete physical examination and passed with flying colors.	I had a complete physical examination and passed with flying colors.	That is good. We hope each of our future employees will be healthy and happy.		P	I just had a complete physical examination and passed with flying colors.	nucleus	base	0.9	1.0	20260416	1728911766	50	50	200	36	36	98/100 on your blood pressure? How amazing!	98/100 on your blood pressure? how amazing!	98/100 on your blood pressure? How amazing!\nSpeaker 2: Oh, actually my doctor was a little worried about the data, so he ordered a repeat test to be taken at home.\nSpeaker 1: What happened?\nSpeaker 2: A few days later, the result came out.\nSpeaker 1	-32.09130859375	-33.146728515625	-2.917391690340909	-3.013338955965909	11	11	-32.09130859375	-33.146728515625	-2.917391690340909	-3.013338955965909	1.055419921875	0.095947265625	True	True	That is good. We hope each of our future employees will be healthy and happy.	just	0.095947265625	1.055419921875	0	"Speaker 1: Would you mind if I ask your health status?
Speaker 2: I just had a complete physical examination and passed with flying colors.
Speaker 1: "	"Speaker 1: Would you mind if I ask your health status?
Speaker 2: I had a complete physical examination and passed with flying colors.
Speaker 1: "	Speaker 1
313	314	expanded_data	discourse_particle	32	just_e_1907	just	o	How was your morning jog?__eou__Very good. I feel quite refreshed now! You should come with me sometime - exercise is good for you!__eou__To be honest, I’d rather watch television! Where did you go?	I just ran alongside the main road.	I ran alongside the main road.	Oh you ought to go to the park next time. They have a route for joggers there.		P	I just ran alongside the main road.	nucleus	base	0.9	1.0	20260416	1659924286	50	50	200	45	45	Are you sure it’s safe?	are you sure it’s safe?	 Are you sure it’s safe?\nSpeaker 2: Yes, it is pretty quiet in the mornings.\nSpeaker 1:  Did you do any laps?\nSpeaker 2: No, I just ran in one direction and turned back. I don’t really like going in circles!\nSpeaker 1: 	-8.86175537109375	-9.53271484375	-1.2659650530133928	-1.36181640625	7	7	-8.86175537109375	-9.53271484375	-1.2659650530133928	-1.36181640625	0.67095947265625	0.0958513532366072	True	True	Oh you ought to go to the park next time. They have a route for joggers there.	just	0.0958513532366072	0.67095947265625	1	"Speaker 1: How was your morning jog?
Speaker 2: Very good. I feel quite refreshed now! You should come with me sometime - exercise is good for you!
Speaker 1: To be honest, I’d rather watch television! Where did you go?
Speaker 2: I just ran alongside the main road.
Speaker 1: "	"Speaker 1: How was your morning jog?
Speaker 2: Very good. I feel quite refreshed now! You should come with me sometime - exercise is good for you!
Speaker 1: To be honest, I’d rather watch television! Where did you go?
Speaker 2: I ran alongside the main road.
Speaker 1: "	Speaker 1
314	315	expanded_data	discourse_particle	6	just_j_638	just	h	Hello, do you have any vacancies?	Yes, something just opened up.	Yes, something opened up.	What kind of apartment is it?		P	Yes, something just opened up.	nucleus	base	0.9	1.0	20260416	894870064	50	50	200	26	26	Great, then I should come in and fill out an application.	great, then i should come in and fill out an application.	 Great, then I should come in and fill out an application.\nSpeaker 2: Yes, we’ll take care of you right away. Thanks.\nSpeaker 1: Hello, do you have any vacancies?\nSpeaker 2: Yes, something just opened up.\nSpeaker 1:  Great, then I	-24.336959838867188	-25.582504272460938	-1.8720738337590144	-1.9678849440354569	13	13	-24.336959838867188	-25.582504272460938	-1.8720738337590144	-1.9678849440354569	1.24554443359375	0.0958111102764422	True	True	What kind of apartment is it?	just	0.0958111102764422	1.24554443359375	0	"Speaker 1: Hello, do you have any vacancies?
Speaker 2: Yes, something just opened up.
Speaker 1: "	"Speaker 1: Hello, do you have any vacancies?
Speaker 2: Yes, something opened up.
Speaker 1: "	Speaker 1
315	316	expanded_data	discourse_particle	43	just_e_2762	just	o	Hi, can I help you?	No, thanks. I'm just looking.	No, thanks. I'm looking.	All right. If you need any help, just let me know. My name is Greg.		P	No, thanks. I'm just looking.	nucleus	base	0.9	1.0	20260416	892431323	50	50	200	2	2	20% off all jeans! If you buy two or more.	20% off all jeans! if you buy two or more.	20% off all jeans! If you buy two or more.\nSpeaker 2: No, thanks. I'll just look.\nSpeaker 1: Have you seen the new perfume?\nSpeaker 1: It's for the new, hot movie.\nSpeaker 1: What a beautiful handbag.\nSpeaker 2:	-26.06381225585937	-27.3071517944336	-2.004908635066106	-2.1005501380333533	13	13	-26.06381225585937	-27.3071517944336	-2.004908635066106	-2.1005501380333533	1.2433395385742188	0.0956415029672475	True	True	All right. If you need any help, just let me know. My name is Greg.	just	0.0956415029672475	1.2433395385742188	0	"Speaker 1: Hi, can I help you?
Speaker 2: No, thanks. I'm just looking.
Speaker 1: "	"Speaker 1: Hi, can I help you?
Speaker 2: No, thanks. I'm looking.
Speaker 1: "	Speaker 1
316	317	expanded_data	discourse_particle	38	just_e_1043	just	o	May I help you?	No, thank you. I'm just looking. Maybe later I might need your help.	No, thank you. I'm looking. Maybe later I might need your help.	I hope you will! Take your time. We have a lot more upstairs.		P	No, thank you. I'm just looking. Maybe later I might need your help.	nucleus	base	0.9	1.0	20260416	182747895	50	50	200	14	14	127,91 grams? That's a little more than a pound.	127,91 grams? that's a little more than a pound.	127,91 grams? That's a little more than a pound.\nSpeaker 2: You must be from the Netherlands.\nSpeaker 1: Yes, indeed.\nSpeaker 2: I didn't expect to see anyone from my home country today.\nSpeaker 1: You're not just from the Netherlands? You're	-43.64886474609375	-44.9805908203125	-3.1177760532924106	-3.212899344308036	14	14	-43.64886474609375	-44.9805908203125	-3.1177760532924106	-3.212899344308036	1.33172607421875	0.095123291015625	True	True	I hope you will! Take your time. We have a lot more upstairs.	just	0.095123291015625	1.33172607421875	1	"Speaker 1: May I help you?
Speaker 2: No, thank you. I'm just looking. Maybe later I might need your help.
Speaker 1: "	"Speaker 1: May I help you?
Speaker 2: No, thank you. I'm looking. Maybe later I might need your help.
Speaker 1: "	Speaker 1
317	318	expanded_data	discourse_particle	26	just_j_1461	just	h	Operator. May I help you?__eou__Yes. How do I get an outside line, please?	Just dial 0, wait for the dial tone, and then dial the phone number you want to call. Or we can place a call for you, if you want.	Dial 0, wait for the dial tone, and then dial the phone number you want to call. Or we can place a call for you, if you want.	No, thanks a lot. I'll try it myself.		P	Just dial 0, wait for the dial tone, and then dial the phone number you want to call. Or we can place a call for you, if you want.	nucleus	base	0.9	1.0	20260416	71756826	50	50	200	11	11	0? How do I do that?	0? how do i do that?	0? How do I do that?\nSpeaker 1: Just dial 0.\nSpeaker 2: I don’t know what I’m supposed to do.\nSpeaker 1: What do you mean? You dial a 0 and then you wait for the dial tone, and then you dial the number you want to	-11.18414306640625	-11.94439697265625	-1.3980178833007812	-1.4930496215820312	8	8	-11.18414306640625	-11.94439697265625	-1.3980178833007812	-1.4930496215820312	0.76025390625	0.09503173828125	True	True	No, thanks a lot. I'll try it myself.	just	0.09503173828125	0.76025390625	1	"Speaker 1: Operator. May I help you?
Speaker 2: Yes. How do I get an outside line, please?
Speaker 1: Just dial 0, wait for the dial tone, and then dial the phone number you want to call. Or we can place a call for you, if you want.
Speaker 2: "	"Speaker 1: Operator. May I help you?
Speaker 2: Yes. How do I get an outside line, please?
Speaker 1: Dial 0, wait for the dial tone, and then dial the phone number you want to call. Or we can place a call for you, if you want.
Speaker 2: "	Speaker 2
318	319	expanded_data	discourse_particle	41	just_e_2612	just	o	Can I bring you anything else?	No, thank you. Just the check.	No, thank you. The check.	Let me get this.		P	No, thank you. Just the check.	nucleus	base	0.9	1.0	20260416	289692236	50	50	200	38	38	1.09. Have a good day.	1.09. have a good day.	1.09. Have a good day.\nSpeaker 2: Thank you, Sir. I’ll get right on this.\n…then I’ll get right on this.\n이 의미에서는 문맥 상 아마도 식당에서 말했을 것 같아요.\n=> Can I have it to go?\n1. can	-21.26702880859375	-22.121566772460938	-2.363003200954861	-2.457951863606771	9	9	-21.26702880859375	-22.121566772460938	-2.363003200954861	-2.457951863606771	0.8545379638671875	0.0949486626519098	True	True	Let me get this.	just	0.0949486626519098	0.8545379638671875	1	"Speaker 1: Can I bring you anything else?
Speaker 2: No, thank you. Just the check.
Speaker 1: "	"Speaker 1: Can I bring you anything else?
Speaker 2: No, thank you. The check.
Speaker 1: "	Speaker 1
319	320	expanded_data	discourse_particle	0	just_e_1157	just	o	Is there something I can help you with?	No, I'm just browsing. Thanks anyway.	No, I'm browsing. Thanks anyway.	Ok.		P	No, I'm just browsing. Thanks anyway.	nucleus	base	0.9	1.0	20260416	1069069550	50	50	200	27	27	23. It’s cheap. No payments required.	23. it’s cheap. no payments required.	23. It’s cheap. No payments required.\nSpeaker 1: How can I help you?\nSpeaker 2: I don't want to buy anything. Thanks anyway.\nSpeaker 1: We can’t give you a refund, can you please pay attention when you check out.\nSpeaker 2: I don’t	-42.5439453125	-43.48828125	-4.25439453125	-4.348828125	10	10	-42.5439453125	-43.48828125	-4.25439453125	-4.348828125	0.9443359375	0.0944335937499998	True	True	Ok.	just	0.0944335937499998	0.9443359375	1	"Speaker 1: Is there something I can help you with?
Speaker 2: No, I'm just browsing. Thanks anyway.
Speaker 1: "	"Speaker 1: Is there something I can help you with?
Speaker 2: No, I'm browsing. Thanks anyway.
Speaker 1: "	Speaker 1
320	321	expanded_data	discourse_particle	9	just_j_7769	just	h	What's up? You look depressed.	I just had a quarrel with him.	I had a quarrel with him.	Would you rather I taught him a lesson for you?		P	I just had a quarrel with him.	nucleus	base	0.9	1.0	20260416	1997417192	50	50	200	9	9	Who?	who?	 Who?\nSpeaker 2:  My best friend.\nSpeaker 1:  Why?\nSpeaker 2:  He said he wouldn't help me.\nSpeaker 1:  So what? He's no longer your friend.\nSpeaker 2:  Don't you believe me?\nSpeaker 1:  Your friend	-5.353515625	-5.541015625	-2.6767578125	-2.7705078125	2	2	-5.353515625	-5.541015625	-2.6767578125	-2.7705078125	0.1875	0.09375	True	True	Would you rather I taught him a lesson for you?	just	0.09375	0.1875	1	"Speaker 1: What's up? You look depressed.
Speaker 2: I just had a quarrel with him.
Speaker 1: "	"Speaker 1: What's up? You look depressed.
Speaker 2: I had a quarrel with him.
Speaker 1: "	Speaker 1
321	322	expanded_data	discourse_particle	45	just_e_1267	just	o	Hi. Can I help you?	No, thanks. I’m just looking around.	No, thanks. I’m looking around.	Okay. Please let me know if you need any help.		P	No, thanks. I’m just looking around.	nucleus	base	0.9	1.0	20260416	372474554	50	50	200	39	39	1 am Yvonne. Please help yourself.	1 am yvonne. please help yourself.	1 am Yvonne. Please help yourself.	-28.09247589111328	-29.027801513671875	-2.809247589111328	-2.902780151367188	10	10	-28.09247589111328	-29.027801513671875	-2.809247589111328	-2.902780151367188	0.9353256225585938	0.0935325622558593	True	True	Okay. Please let me know if you need any help.	just	0.0935325622558593	0.9353256225585938	1	"Speaker 1: Hi. Can I help you?
Speaker 2: No, thanks. I’m just looking around.
Speaker 1: "	"Speaker 1: Hi. Can I help you?
Speaker 2: No, thanks. I’m looking around.
Speaker 1: "	Speaker 1
322	323	expanded_data	discourse_particle	47	just_e_6664	just	o	Hi, Jenny. Are still working?	Hi, Nancy. Come in please. I'm just putting away on my books.	Hi, Nancy. Come in please. I'm putting away on my books.	So, you are leaving, aren't you?		P	Hi, Nancy. Come in please. I'm just putting away on my books.	nucleus	base	0.9	1.0	20260416	2089130916	50	50	200	7	7	80 pence. Really?	80 pence. really?	80 pence. Really?\nSpeaker 2: Yep. See you next week.\nSpeaker 1: So expensive. It was just one book. Bye, Jenny.	-21.083984375	-21.6435546875	-3.513997395833333	-3.6072591145833335	6	6	-21.083984375	-21.6435546875	-3.513997395833333	-3.6072591145833335	0.5595703125	0.09326171875	True	True	So, you are leaving, aren't you?	just	0.09326171875	0.5595703125	1	"Speaker 1: Hi, Jenny. Are still working?
Speaker 2: Hi, Nancy. Come in please. I'm just putting away on my books.
Speaker 1: "	"Speaker 1: Hi, Jenny. Are still working?
Speaker 2: Hi, Nancy. Come in please. I'm putting away on my books.
Speaker 1: "	Speaker 1
323	324	expanded_data	discourse_particle	38	just_e_1043	just	o	May I help you?	No, thank you. I'm just looking. Maybe later I might need your help.	No, thank you. I'm looking. Maybe later I might need your help.	I hope you will! Take your time. We have a lot more upstairs.		P	No, thank you. I'm just looking. Maybe later I might need your help.	nucleus	base	0.9	1.0	20260416	182747895	50	50	200	40	40	60 yuan a day for an English tutor.	60 yuan a day for an english tutor.	60 yuan a day for an English tutor.\nSpeaker 2: How much?\nSpeaker 1: 60 yuan, that's 12 dollars a day. I think you could call that good money.\nSpeaker 2: Is that normal?\nSpeaker 1: I think so. You see, if I get the	-26.5263671875	-27.3623046875	-2.9473741319444446	-3.040256076388889	9	9	-26.5263671875	-27.3623046875	-2.9473741319444446	-3.040256076388889	0.8359375	0.0928819444444442	True	True	I hope you will! Take your time. We have a lot more upstairs.	just	0.0928819444444442	0.8359375	1	"Speaker 1: May I help you?
Speaker 2: No, thank you. I'm just looking. Maybe later I might need your help.
Speaker 1: "	"Speaker 1: May I help you?
Speaker 2: No, thank you. I'm looking. Maybe later I might need your help.
Speaker 1: "	Speaker 1
324	325	expanded_data	discourse_particle	1	just_j_5467	just	h	I want to leave the motorbike outdoors.	Fine, just don't do it at night.	Fine, don't do it at night.	Why not?		P	Fine, just don't do it at night.	nucleus	base	0.9	1.0	20260416	788549607	50	50	200	47	47	2009 was a great year for me.	2009 was a great year for me.	2009 was a great year for me.	-16.2486572265625	-17.0838623046875	-1.8054063585069444	-1.898206922743056	9	9	-16.2486572265625	-17.0838623046875	-1.8054063585069444	-1.898206922743056	0.835205078125	0.0928005642361111	True	True	Why not?	just	0.0928005642361111	0.835205078125	1	"Speaker 1: I want to leave the motorbike outdoors.
Speaker 2: Fine, just don't do it at night.
Speaker 1: "	"Speaker 1: I want to leave the motorbike outdoors.
Speaker 2: Fine, don't do it at night.
Speaker 1: "	Speaker 1
325	326	expanded_data	discourse_particle	30	just_e_3966	just	o	Daniel, would you like to have a look at my dorm?__eou__Of course, I'd like to.	It is a small room, just for 4 people.	It is a small room, for 4 people.	What is in it?		P	It is a small room, just for 4 people.	nucleus	base	0.9	1.0	20260416	1247985298	50	50	200	46	41	4 students, right?	4 students, right?	4 students, right?\nSpeaker 1: Right. We have a small kitchen and a common bathroom.\nSpeaker 2: Where is your room?\nSpeaker 1: It's over there.\nSpeaker 2: And this is your bed?\nSpeaker 1: Yes. I think my bedroom is very messy.\nSpeaker	-9.19537353515625	-9.65875244140625	-1.83907470703125	-1.93175048828125	5	5	-9.19537353515625	-9.65875244140625	-1.83907470703125	-1.93175048828125	0.46337890625	0.0926757812499998	True	True	What is in it?	just	0.0926757812499998	0.46337890625	0	"Speaker 1: Daniel, would you like to have a look at my dorm?
Speaker 2: Of course, I'd like to.
Speaker 1: It is a small room, just for 4 people.
Speaker 2: "	"Speaker 1: Daniel, would you like to have a look at my dorm?
Speaker 2: Of course, I'd like to.
Speaker 1: It is a small room, for 4 people.
Speaker 2: "	Speaker 2
326	327	expanded_data	discourse_particle	23	just_e_9687	just	o	Excuse me, here is my claim tag, but I can't find my baggage.__eou__How many pieces of baggage have you lost?	Just one piece.	One piece.	Can you tell me the features of your baggage?		P	Just one piece.	nucleus	base	0.9	1.0	20260416	187948156	50	50	200	18	18	58 passengers have lost baggage.	58 passengers have lost baggage.	58 passengers have lost baggage.\nSpeaker 1: Oh, I'm sorry, just give me my ticket. I'm leaving now.\nSpeaker 2: What's that you have there?\nSpeaker 1: I bought it at the duty-free store before I left.	-16.5859375	-17.1416015625	-2.7643229166666665	-2.85693359375	6	6	-16.5859375	-17.1416015625	-2.7643229166666665	-2.85693359375	0.5556640625	0.0926106770833334	True	True	Can you tell me the features of your baggage?	just	0.0926106770833334	0.5556640625	1	"Speaker 1: Excuse me, here is my claim tag, but I can't find my baggage.
Speaker 2: How many pieces of baggage have you lost?
Speaker 1: Just one piece.
Speaker 2: "	"Speaker 1: Excuse me, here is my claim tag, but I can't find my baggage.
Speaker 2: How many pieces of baggage have you lost?
Speaker 1: One piece.
Speaker 2: "	Speaker 2
327	328	expanded_data	discourse_particle	42	just_e_4966	just	o	Is my hair done yet?	Yeah, I just need to make the final touches.	Yeah, I need to make the final touches.	How long until you're finished?		P	Yeah, I just need to make the final touches.	nucleus	base	0.9	1.0	20260416	1831970959	50	50	200	48	48	Ooh, what are you doing with my bangs?	ooh, what are you doing with my bangs?	 Ooh, what are you doing with my bangs?\nSpeaker 2: I’m giving you the straight bang look.\nSpeaker 1: I’m not sure.\nSpeaker 2: It is really easy to do. And you’re going to look amazing.\nSpeaker 1: If you promise it will be	-19.326171875	-20.436187744140625	-1.6105143229166667	-1.703015645345052	12	12	-19.326171875	-20.436187744140625	-1.6105143229166667	-1.703015645345052	1.110015869140625	0.0925013224283852	True	True	How long until you're finished?	just	0.0925013224283852	1.110015869140625	0	"Speaker 1: Is my hair done yet?
Speaker 2: Yeah, I just need to make the final touches.
Speaker 1: "	"Speaker 1: Is my hair done yet?
Speaker 2: Yeah, I need to make the final touches.
Speaker 1: "	Speaker 1
328	329	expanded_data	discourse_particle	7	just_e_5138	just	o	Do you mind if I ask your friend out?	Of course, but we aren't going out, we're just friends.	Of course, but we aren't going out, we're friends.	Okay, that's good.		P	Of course, but we aren't going out, we're just friends.	nucleus	base	0.9	1.0	20260416	740578275	50	50	200	6	6	0K.	0k.	0K.\nSpeaker 2: 0K.	-7.130859375	-7.408203125	-2.376953125	-2.4694010416666665	3	3	-7.130859375	-7.408203125	-2.376953125	-2.4694010416666665	0.27734375	0.0924479166666665	True	True	Okay, that's good.	just	0.0924479166666665	0.27734375	1	"Speaker 1: Do you mind if I ask your friend out?
Speaker 2: Of course, but we aren't going out, we're just friends.
Speaker 1: "	"Speaker 1: Do you mind if I ask your friend out?
Speaker 2: Of course, but we aren't going out, we're friends.
Speaker 1: "	Speaker 1
329	330	expanded_data	discourse_particle	9	just_j_7769	just	h	What's up? You look depressed.	I just had a quarrel with him.	I had a quarrel with him.	Would you rather I taught him a lesson for you?		P	I just had a quarrel with him.	nucleus	base	0.9	1.0	20260416	1997417192	50	50	200	26	26	Why can't you just talk to him nicely?	why can't you just talk to him nicely?	 Why can't you just talk to him nicely?\nSpeaker 2:  It's no use. It never is.	-20.050506591796875	-20.974029541015625	-2.0050506591796875	-2.0974029541015624	10	10	-20.050506591796875	-20.974029541015625	-2.0050506591796875	-2.0974029541015624	0.92352294921875	0.0923522949218749	True	True	Would you rather I taught him a lesson for you?	just	0.0923522949218749	0.92352294921875	1	"Speaker 1: What's up? You look depressed.
Speaker 2: I just had a quarrel with him.
Speaker 1: "	"Speaker 1: What's up? You look depressed.
Speaker 2: I had a quarrel with him.
Speaker 1: "	Speaker 1
330	331	expanded_data	discourse_particle	58	just_j_8648	just	h	what sort of music do you like?	I love just about anything by Prince.	I love about anything by Prince.	so, you're into 80s music then?		P	I love just about anything by Prince.	nucleus	base	0.9	1.0	20260416	1138373084	50	50	200	40	40	80s pop-rock?	80s pop-rock?	"80s pop-rock?\nSpeaker 2: Yeah.\nSpeaker 1: Country?\nSpeaker 2: Bluegrass and Celtic stuff.\nSpeaker 1: That's a wide range.\nSpeaker 2: Yeah, I'm pretty eclectic.\nSpeaker 1: Welcome to ""What's That Tune?,"" a show about"	-11.9609375	-12.420166015625	-2.3921875	-2.484033203125	5	5	-11.9609375	-12.420166015625	-2.3921875	-2.484033203125	0.459228515625	0.0918457031250001	True	True	so, you're into 80s music then?	just	0.0918457031250001	0.459228515625	0	"Speaker 1: what sort of music do you like?
Speaker 2: I love just about anything by Prince.
Speaker 1: "	"Speaker 1: what sort of music do you like?
Speaker 2: I love about anything by Prince.
Speaker 1: "	Speaker 1
331	332	expanded_data	discourse_particle	46	just_e_9397	just	o	Why's the plane shaking?	It's just some turbulence.	It's some turbulence.	I'm scared.		P	It's just some turbulence.	nucleus	base	0.9	1.0	20260416	1597493084	50	50	200	18	18	That's not turbulence.	that's not turbulence.	 That's not turbulence.\nSpeaker 2:  But it is.\nSpeaker 1: No, it's not.\nSpeaker 2:  It is!\nThe entire scene is just a play of words and a bit of exaggeration. The dictionary definition of turbulence is as follows –\nTurbulence : disorder;	-6.684326171875	-7.142333984375	-1.336865234375	-1.428466796875	5	5	-6.684326171875	-7.142333984375	-1.336865234375	-1.428466796875	0.4580078125	0.0916015624999999	True	True	I'm scared.	just	0.0916015624999999	0.4580078125	1	"Speaker 1: Why's the plane shaking?
Speaker 2: It's just some turbulence.
Speaker 1: "	"Speaker 1: Why's the plane shaking?
Speaker 2: It's some turbulence.
Speaker 1: "	Speaker 1
332	333	expanded_data	discourse_particle	42	just_e_4966	just	o	Is my hair done yet?	Yeah, I just need to make the final touches.	Yeah, I need to make the final touches.	How long until you're finished?		P	Yeah, I just need to make the final touches.	nucleus	base	0.9	1.0	20260416	1831970959	50	50	200	14	14	Well, you better hurry up.	well, you better hurry up.	 Well, you better hurry up.\nSpeaker 2: I will as soon as I can.\nSpeaker 1: Okay.\nThis exercise from Jen Jabusch has some interesting, pertinent information about the language of speaking. She’s dealing with students whose first language isn’t English, but the rules she’s expounding on	-10.606689453125	-11.2457275390625	-1.5152413504464286	-1.6065325055803572	7	7	-10.606689453125	-11.2457275390625	-1.5152413504464286	-1.6065325055803572	0.6390380859375	0.0912911551339286	True	True	How long until you're finished?	just	0.0912911551339286	0.6390380859375	0	"Speaker 1: Is my hair done yet?
Speaker 2: Yeah, I just need to make the final touches.
Speaker 1: "	"Speaker 1: Is my hair done yet?
Speaker 2: Yeah, I need to make the final touches.
Speaker 1: "	Speaker 1
333	334	expanded_data	discourse_particle	39	just_e_1246	just	o	Good afternoon, ma'am. Can I help you find anything?	No, thanks. I'm just looking.	No, thanks. I'm looking.	We have a special on these skirts this week. Would you like to try one on?		P	No, thanks. I'm just looking.	nucleus	base	0.9	1.0	20260416	1062489368	50	50	200	25	25	900 eyes left. We've had about 30 people pass through today.	900 eyes left. we've had about 30 people pass through today.	900 eyes left. We've had about 30 people pass through today.\nSpeaker 2: How many people?\nSpeaker 1: 30,000. We've had 90,000 eyes since we opened on the 10th.\nSpeaker 2: What's that for?\nSpeaker 1: Everyone gets	-50.39251708984375	-51.76153564453125	-3.3595011393229166	-3.45076904296875	15	15	-50.39251708984375	-51.76153564453125	-3.3595011393229166	-3.45076904296875	1.3690185546875	0.0912679036458334	True	True	We have a special on these skirts this week. Would you like to try one on?	just	0.0912679036458334	1.3690185546875	0	"Speaker 1: Good afternoon, ma'am. Can I help you find anything?
Speaker 2: No, thanks. I'm just looking.
Speaker 1: "	"Speaker 1: Good afternoon, ma'am. Can I help you find anything?
Speaker 2: No, thanks. I'm looking.
Speaker 1: "	Speaker 1
334	335	expanded_data	discourse_particle	8	just_j_498	just	h	I'm hungry. Do we have anything to eat?	Just a few cookies.	A few cookies.	That's fine with me.		P	Just a few cookies.	nucleus	base	0.9	1.0	20260416	470286339	50	50	200	29	29	2, just give me 2 cookies.	2, just give me 2 cookies.	2, just give me 2 cookies.\nSpeaker 2: 2 is what?\nSpeaker 1: 2 what? 2 cookies. I want 2 cookies.\nSpeaker 2: 2 cookies, 2 pieces of cookies.\nSpeaker 1: 2 pieces of cookies. That's it.\n	-19.178390502929688	-19.998687744140625	-2.1309322781032987	-2.222076416015625	9	9	-19.178390502929688	-19.998687744140625	-2.1309322781032987	-2.222076416015625	0.8202972412109375	0.0911441379123263	True	True	That's fine with me.	just	0.0911441379123263	0.8202972412109375	0	"Speaker 1: I'm hungry. Do we have anything to eat?
Speaker 2: Just a few cookies.
Speaker 1: "	"Speaker 1: I'm hungry. Do we have anything to eat?
Speaker 2: A few cookies.
Speaker 1: "	Speaker 1
335	336	expanded_data	discourse_particle	47	just_e_6664	just	o	Hi, Jenny. Are still working?	Hi, Nancy. Come in please. I'm just putting away on my books.	Hi, Nancy. Come in please. I'm putting away on my books.	So, you are leaving, aren't you?		P	Hi, Nancy. Come in please. I'm just putting away on my books.	nucleus	base	0.9	1.0	20260416	2089130916	50	50	200	40	40	1 had a few questions about your situation.	1 had a few questions about your situation.	1 had a few questions about your situation.\nSpeaker 2: Sure. What's going on?\nSpeaker 1: Oh, well it's about the noise from your air conditioner.\nSpeaker 2: Oh, we've called maintenance about that twice already. They came out and did nothing.\nSpeaker 1: I	-26.4423828125	-27.259765625	-2.9380425347222223	-3.0288628472222223	9	9	-26.4423828125	-27.259765625	-2.9380425347222223	-3.0288628472222223	0.8173828125	0.0908203125	True	True	So, you are leaving, aren't you?	just	0.0908203125	0.8173828125	1	"Speaker 1: Hi, Jenny. Are still working?
Speaker 2: Hi, Nancy. Come in please. I'm just putting away on my books.
Speaker 1: "	"Speaker 1: Hi, Jenny. Are still working?
Speaker 2: Hi, Nancy. Come in please. I'm putting away on my books.
Speaker 1: "	Speaker 1
336	337	expanded_data	discourse_particle	28	just_j_2164	just	h	I love breathing fresh air in the suburb places, while sitting in the morning sunshine.__eou__I can't agree more, honey. We need to get away from work from time to time.	Yeah, just return to nature and feel the thrills of its beauty.	Yeah, return to nature and feel the thrills of its beauty.	We are nor alone here. So many other families!		P	Yeah, just return to nature and feel the thrills of its beauty.	nucleus	base	0.9	1.0	20260416	857667843	50	50	200	16	16	乐趣大报.	乐趣大报.	乐趣大报.\nSpeaker 3: All right, welcome back to the show. This is a special edition of the Learning English program. Today, we'll talk about how to tell a story in English. The most important rule of storytelling is to imagine that you're the storyteller, the person who is telling	-27.2890625	-27.740234375	-5.4578125	-5.548046875	5	5	-27.2890625	-27.740234375	-5.4578125	-5.548046875	0.451171875	0.0902343749999996	True	True	We are nor alone here. So many other families!	just	0.0902343749999996	0.451171875	1	"Speaker 1: I love breathing fresh air in the suburb places, while sitting in the morning sunshine.
Speaker 2: I can't agree more, honey. We need to get away from work from time to time.
Speaker 1: Yeah, just return to nature and feel the thrills of its beauty.
Speaker 2: "	"Speaker 1: I love breathing fresh air in the suburb places, while sitting in the morning sunshine.
Speaker 2: I can't agree more, honey. We need to get away from work from time to time.
Speaker 1: Yeah, return to nature and feel the thrills of its beauty.
Speaker 2: "	Speaker 2
337	338	expanded_data	discourse_particle	26	just_j_1461	just	h	Operator. May I help you?__eou__Yes. How do I get an outside line, please?	Just dial 0, wait for the dial tone, and then dial the phone number you want to call. Or we can place a call for you, if you want.	Dial 0, wait for the dial tone, and then dial the phone number you want to call. Or we can place a call for you, if you want.	No, thanks a lot. I'll try it myself.		P	Just dial 0, wait for the dial tone, and then dial the phone number you want to call. Or we can place a call for you, if you want.	nucleus	base	0.9	1.0	20260416	71756826	50	50	200	2	2	0. I'll just use 0, then.	0. i'll just use 0, then.	0. I'll just use 0, then.\nSpeaker 1: Here we are.\nSpeaker 2: Hello? Yes, thank you.\nSpeaker 1: How did that go?\nSpeaker 2: She was out.\nSpeaker 1: Did you get a machine?\nSpeaker 2: No, I	-16.308670043945312	-17.30010986328125	-1.482606367631392	-1.5727372602982954	11	11	-16.308670043945312	-17.30010986328125	-1.482606367631392	-1.5727372602982954	0.9914398193359376	0.0901308926669033	True	True	No, thanks a lot. I'll try it myself.	just	0.0901308926669033	0.9914398193359376	1	"Speaker 1: Operator. May I help you?
Speaker 2: Yes. How do I get an outside line, please?
Speaker 1: Just dial 0, wait for the dial tone, and then dial the phone number you want to call. Or we can place a call for you, if you want.
Speaker 2: "	"Speaker 1: Operator. May I help you?
Speaker 2: Yes. How do I get an outside line, please?
Speaker 1: Dial 0, wait for the dial tone, and then dial the phone number you want to call. Or we can place a call for you, if you want.
Speaker 2: "	Speaker 2
338	339	expanded_data	discourse_particle	22	just_e_1001	just	o	Hello! Are you shopping here today? Haven't I seen you in some flea markets and thrift shops a couple of times?	I'm just comparing prices.	I'm comparing prices.	You should! This thrift shop is really cheap, though, you have to pay cash here.		P	I'm just comparing prices.	nucleus	base	0.9	1.0	20260416	1316144405	50	50	200	45	45	0h, well thank you for visiting and come again.	0h, well thank you for visiting and come again.	0h, well thank you for visiting and come again.\nSpeaker 2: You are welcome.	-27.93170166015625	-29.0123291015625	-2.327641805013021	-2.417694091796875	12	12	-27.93170166015625	-29.0123291015625	-2.327641805013021	-2.417694091796875	1.08062744140625	0.090052286783854	True	True	You should! This thrift shop is really cheap, though, you have to pay cash here.	just	0.090052286783854	1.08062744140625	0	"Speaker 1: Hello! Are you shopping here today? Haven't I seen you in some flea markets and thrift shops a couple of times?
Speaker 2: I'm just comparing prices.
Speaker 1: "	"Speaker 1: Hello! Are you shopping here today? Haven't I seen you in some flea markets and thrift shops a couple of times?
Speaker 2: I'm comparing prices.
Speaker 1: "	Speaker 1
339	340	expanded_data	discourse_particle	37	just_e_569	just	o	May I help you?	I'm just browsing, thanks.	I'm browsing, thanks.	We're on clearance sale now. Prices have up to twenty percent off. Do not miss the chance.		P	I'm just browsing, thanks.	nucleus	base	0.9	1.0	20260416	794732814	50	50	200	45	45	10.95, sir.	10.95, sir.	10.95, sir.\nSpeaker 2: I'm sorry, I don't understand. I said 10.95.\nSpeaker 1: What is it? 10.95.\nSpeaker 2: 10.95, not 15.99. My receipt.\nSpeaker 1: Sorry sir,	-15.224609375	-15.7646484375	-2.537434895833333	-2.62744140625	6	6	-15.224609375	-15.7646484375	-2.537434895833333	-2.62744140625	0.5400390625	0.0900065104166665	True	True	We're on clearance sale now. Prices have up to twenty percent off. Do not miss the chance.	just	0.0900065104166665	0.5400390625	1	"Speaker 1: May I help you?
Speaker 2: I'm just browsing, thanks.
Speaker 1: "	"Speaker 1: May I help you?
Speaker 2: I'm browsing, thanks.
Speaker 1: "	Speaker 1
340	341	expanded_data	discourse_particle	39	just_e_1246	just	o	Good afternoon, ma'am. Can I help you find anything?	No, thanks. I'm just looking.	No, thanks. I'm looking.	We have a special on these skirts this week. Would you like to try one on?		P	No, thanks. I'm just looking.	nucleus	base	0.9	1.0	20260416	1062489368	50	50	200	45	45	Oh, good luck. This one is going cheap!	oh, good luck. this one is going cheap!	 Oh, good luck. This one is going cheap!\nSpeaker 2: Hey, thanks!\nSpeaker 1: Thank you, have a nice day.\nSpeaker 1: Excuse me, do you have any gifts for little boys in the size medium?\nSpeaker 2: Yes, we have a great selection	-34.584228515625	-35.57421875	-3.144020774147727	-3.234019886363636	11	11	-34.584228515625	-35.57421875	-3.144020774147727	-3.234019886363636	0.989990234375	0.0899991122159091	True	True	We have a special on these skirts this week. Would you like to try one on?	just	0.0899991122159091	0.989990234375	0	"Speaker 1: Good afternoon, ma'am. Can I help you find anything?
Speaker 2: No, thanks. I'm just looking.
Speaker 1: "	"Speaker 1: Good afternoon, ma'am. Can I help you find anything?
Speaker 2: No, thanks. I'm looking.
Speaker 1: "	Speaker 1
341	342	expanded_data	discourse_particle	35	just_j_8362	just	h	let's go swimming.	But, we just finished eating lunch.	But, we finished eating lunch.	I know, but I'm really hot.		P	But, we just finished eating lunch.	nucleus	base	0.9	1.0	20260416	1023332715	50	50	200	12	12	10 minutes, we'll be at the beach.	10 minutes, we'll be at the beach.	10 minutes, we'll be at the beach.\nSpeaker 2: alright, let's go.\nTitle: Summer\nThis comic is called summer, and as you can see, it is a four-panel comic. You can see that all the panels are similar, but the characters in them are different. And they are	-17.83416748046875	-18.73333740234375	-1.783416748046875	-1.873333740234375	10	10	-17.83416748046875	-18.73333740234375	-1.783416748046875	-1.873333740234375	0.899169921875	0.0899169921875	True	True	I know, but I'm really hot.	just	0.0899169921875	0.899169921875	1	"Speaker 1: let's go swimming.
Speaker 2: But, we just finished eating lunch.
Speaker 1: "	"Speaker 1: let's go swimming.
Speaker 2: But, we finished eating lunch.
Speaker 1: "	Speaker 1
342	343	expanded_data	discourse_particle	0	just_e_1157	just	o	Is there something I can help you with?	No, I'm just browsing. Thanks anyway.	No, I'm browsing. Thanks anyway.	Ok.		P	No, I'm just browsing. Thanks anyway.	nucleus	base	0.9	1.0	20260416	1069069550	50	50	200	6	6	9-5 working hours don't apply. Our staff are always here to help.	9-5 working hours don't apply. our staff are always here to help.	9-5 working hours don't apply. Our staff are always here to help.\nSpeaker 2: Is it busy in here today?\nSpeaker 1: It depends what you mean by busy. This part of the store is quite quiet. Over there [ points to counter ] the customers are still waiting to be helped	-41.858917236328125	-43.37567138671875	-2.462289249195772	-2.551510081571691	17	17	-41.858917236328125	-43.37567138671875	-2.462289249195772	-2.551510081571691	1.516754150390625	0.0892208323759189	True	True	Ok.	just	0.0892208323759189	1.516754150390625	1	"Speaker 1: Is there something I can help you with?
Speaker 2: No, I'm just browsing. Thanks anyway.
Speaker 1: "	"Speaker 1: Is there something I can help you with?
Speaker 2: No, I'm browsing. Thanks anyway.
Speaker 1: "	Speaker 1
343	344	expanded_data	discourse_particle	43	just_e_2762	just	o	Hi, can I help you?	No, thanks. I'm just looking.	No, thanks. I'm looking.	All right. If you need any help, just let me know. My name is Greg.		P	No, thanks. I'm just looking.	nucleus	base	0.9	1.0	20260416	892431323	50	50	200	41	41	15 quid, there.	15 quid, there.	15 quid, there.\nSpeaker 2: I'll have that. Do you take cash?\nSpeaker 1: No, just cards, credit cards. So just take your shoes off, and I'll pop it on the till for you. Can you hold on a minute? It's just getting a bit busy	-18.921401977539062	-19.456375122070312	-3.1535669962565103	-3.2427291870117188	6	6	-18.921401977539062	-19.456375122070312	-3.1535669962565103	-3.2427291870117188	0.53497314453125	0.0891621907552084	True	True	All right. If you need any help, just let me know. My name is Greg.	just	0.0891621907552084	0.53497314453125	0	"Speaker 1: Hi, can I help you?
Speaker 2: No, thanks. I'm just looking.
Speaker 1: "	"Speaker 1: Hi, can I help you?
Speaker 2: No, thanks. I'm looking.
Speaker 1: "	Speaker 1
344	345	expanded_data	discourse_particle	45	just_e_1267	just	o	Hi. Can I help you?	No, thanks. I’m just looking around.	No, thanks. I’m looking around.	Okay. Please let me know if you need any help.		P	No, thanks. I’m just looking around.	nucleus	base	0.9	1.0	20260416	372474554	50	50	200	44	44	Okay. Do you need any help?	okay. do you need any help?	 Okay. Do you need any help?\nSpeaker 2: I know what I want. Thank you.\nSpeaker 1: Great.\nSpeaker 2: I need a pair of high-top sneakers.\nSpeaker 1: We have a few in different styles and sizes. Let me help you with that.\nSpeaker 	-10.241897583007812	-10.954666137695312	-1.2802371978759766	-1.369333267211914	8	8	-10.241897583007812	-10.954666137695312	-1.2802371978759766	-1.369333267211914	0.7127685546875	0.0890960693359375	True	True	Okay. Please let me know if you need any help.	just	0.0890960693359375	0.7127685546875	1	"Speaker 1: Hi. Can I help you?
Speaker 2: No, thanks. I’m just looking around.
Speaker 1: "	"Speaker 1: Hi. Can I help you?
Speaker 2: No, thanks. I’m looking around.
Speaker 1: "	Speaker 1
345	346	expanded_data	discourse_particle	22	just_e_1001	just	o	Hello! Are you shopping here today? Haven't I seen you in some flea markets and thrift shops a couple of times?	I'm just comparing prices.	I'm comparing prices.	You should! This thrift shop is really cheap, though, you have to pay cash here.		P	I'm just comparing prices.	nucleus	base	0.9	1.0	20260416	1316144405	50	50	200	46	46	25 dollars! No problem!	25 dollars! no problem!	25 dollars! No problem!\nSpeaker 1: Miki! Miki, come over here!\nMiki: Wait! What's going on here?\nSpeaker 1: It's free! They're giving away the meatballs!\nMiki: Do you want one?\nMiki: No? Okay, I'll	-18.0126953125	-18.546875	-3.0021158854166665	-3.091145833333333	6	6	-18.0126953125	-18.546875	-3.0021158854166665	-3.091145833333333	0.5341796875	0.0890299479166669	True	True	You should! This thrift shop is really cheap, though, you have to pay cash here.	just	0.0890299479166669	0.5341796875	0	"Speaker 1: Hello! Are you shopping here today? Haven't I seen you in some flea markets and thrift shops a couple of times?
Speaker 2: I'm just comparing prices.
Speaker 1: "	"Speaker 1: Hello! Are you shopping here today? Haven't I seen you in some flea markets and thrift shops a couple of times?
Speaker 2: I'm comparing prices.
Speaker 1: "	Speaker 1
346	347	expanded_data	discourse_particle	23	just_e_9687	just	o	Excuse me, here is my claim tag, but I can't find my baggage.__eou__How many pieces of baggage have you lost?	Just one piece.	One piece.	Can you tell me the features of your baggage?		P	Just one piece.	nucleus	base	0.9	1.0	20260416	187948156	50	50	200	13	13	229B is the baggage return department, I will show you the way there.	229b is the baggage return department, i will show you the way there.	229B is the baggage return department, I will show you the way there.\n...B at the Westbound platform.\nF: I wish I could tell you that I haven't thought about you every day since we broke up, but I'd be lying.\nH: Well, I wish I could say I'd moved	-43.094635009765625	-44.51556396484375	-2.693414688110352	-2.7822227478027344	16	16	-43.094635009765625	-44.51556396484375	-2.693414688110352	-2.7822227478027344	1.420928955078125	0.0888080596923828	True	True	Can you tell me the features of your baggage?	just	0.0888080596923828	1.420928955078125	1	"Speaker 1: Excuse me, here is my claim tag, but I can't find my baggage.
Speaker 2: How many pieces of baggage have you lost?
Speaker 1: Just one piece.
Speaker 2: "	"Speaker 1: Excuse me, here is my claim tag, but I can't find my baggage.
Speaker 2: How many pieces of baggage have you lost?
Speaker 1: One piece.
Speaker 2: "	Speaker 2
347	348	expanded_data	discourse_particle	3	just_e_2798	just	o	Hello, sir. Is there anything I can help you find?	Um ... Uh ... I'm just looking, thanks.	Um ... Uh ... I'm looking, thanks.	Need a gift for your girlfriend or wife?		P	Um ... Uh ... I'm just looking, thanks.	nucleus	base	0.9	1.0	20260416	1422891503	50	50	200	4	4	Ӕh ... o.k. ... Well, here are some jackets ... leather jackets ... All the latest styles ... We also have some special offers.	ӕh ... o.k. ... well, here are some jackets ... leather jackets ... all the latest styles ... we also have some special offers.	Ӕh ... o.k. ... Well, here are some jackets ... leather jackets ... All the latest styles ... We also have some special offers.\nSpeaker 2: Well, I think I'll have a look. O.k.	-80.2447509765625	-82.8956298828125	-2.6748250325520835	-2.7631876627604166	30	30	-80.2447509765625	-82.8956298828125	-2.6748250325520835	-2.7631876627604166	2.65087890625	0.0883626302083331	True	True	Need a gift for your girlfriend or wife?	just	0.0883626302083331	2.65087890625	1	"Speaker 1: Hello, sir. Is there anything I can help you find?
Speaker 2: Um ... Uh ... I'm just looking, thanks.
Speaker 1: "	"Speaker 1: Hello, sir. Is there anything I can help you find?
Speaker 2: Um ... Uh ... I'm looking, thanks.
Speaker 1: "	Speaker 1
348	349	expanded_data	discourse_particle	43	just_e_2762	just	o	Hi, can I help you?	No, thanks. I'm just looking.	No, thanks. I'm looking.	All right. If you need any help, just let me know. My name is Greg.		P	No, thanks. I'm just looking.	nucleus	base	0.9	1.0	20260416	892431323	50	50	200	32	32	20% off those shirts. Come on in.	20% off those shirts. come on in.	20% off those shirts. Come on in.\nSpeaker 2: Thanks, I've got what I came for.	-24.7156982421875	-25.5966796875	-2.47156982421875	-2.55966796875	10	10	-24.7156982421875	-25.5966796875	-2.47156982421875	-2.55966796875	0.8809814453125	0.08809814453125	True	True	All right. If you need any help, just let me know. My name is Greg.	just	0.08809814453125	0.8809814453125	0	"Speaker 1: Hi, can I help you?
Speaker 2: No, thanks. I'm just looking.
Speaker 1: "	"Speaker 1: Hi, can I help you?
Speaker 2: No, thanks. I'm looking.
Speaker 1: "	Speaker 1
349	350	expanded_data	discourse_particle	58	just_j_8648	just	h	what sort of music do you like?	I love just about anything by Prince.	I love about anything by Prince.	so, you're into 80s music then?		P	I love just about anything by Prince.	nucleus	base	0.9	1.0	20260416	1138373084	50	50	200	24	24	Well, that’s pretty good to know. You’re welcome to come to my parties.	well, that’s pretty good to know. you’re welcome to come to my parties.	 Well, that’s pretty good to know. You’re welcome to come to my parties.\nQuestion: what sort of music do you like? Q: If someone asks you this question, how will you answer? When you think of music, what songs, artists, or styles of music come to mind? Are there	-39.3822021484375	-40.96533203125	-2.187900119357639	-2.275851779513889	18	18	-39.3822021484375	-40.96533203125	-2.187900119357639	-2.275851779513889	1.5831298828125	0.08795166015625	True	True	so, you're into 80s music then?	just	0.08795166015625	1.5831298828125	0	"Speaker 1: what sort of music do you like?
Speaker 2: I love just about anything by Prince.
Speaker 1: "	"Speaker 1: what sort of music do you like?
Speaker 2: I love about anything by Prince.
Speaker 1: "	Speaker 1
350	351	expanded_data	discourse_particle	38	just_e_1043	just	o	May I help you?	No, thank you. I'm just looking. Maybe later I might need your help.	No, thank you. I'm looking. Maybe later I might need your help.	I hope you will! Take your time. We have a lot more upstairs.		P	No, thank you. I'm just looking. Maybe later I might need your help.	nucleus	base	0.9	1.0	20260416	182747895	50	50	200	19	19	I'm glad to hear it.	i'm glad to hear it.	 I'm glad to hear it.\nSpeaker 2: Is the open day held on every Monday?\nSpeaker 1:  Yes, but next Monday is a public holiday.\nSpeaker 2: When will the next open day be?\nSpeaker 1:  The open day will be held on June 	-10.215087890625	-10.82861328125	-1.4592982700892858	-1.5469447544642858	7	7	-10.215087890625	-10.82861328125	-1.4592982700892858	-1.5469447544642858	0.613525390625	0.087646484375	True	True	I hope you will! Take your time. We have a lot more upstairs.	just	0.087646484375	0.613525390625	1	"Speaker 1: May I help you?
Speaker 2: No, thank you. I'm just looking. Maybe later I might need your help.
Speaker 1: "	"Speaker 1: May I help you?
Speaker 2: No, thank you. I'm looking. Maybe later I might need your help.
Speaker 1: "	Speaker 1
351	352	expanded_data	discourse_particle	56	just_e_7244	just	o	Daniel, you can't spit the gum everywhere.	Come on, just a little piece.	Come on, a little piece.	Do you know how many people chew gum everyday?		P	Come on, just a little piece.	nucleus	base	0.9	1.0	20260416	799448003	50	50	200	6	6	35 AFD last week, you ate the whole pack.	35 afd last week, you ate the whole pack.	35 AFD last week, you ate the whole pack.\nSpeaker 2: That was 35 AFD.\nSpeaker 1: There was nothing wrong with the gum.\nSpeaker 2: No, it's fine. It's just you got to give some love to everyone.\nSpeaker 1: Like... Like	-48.0556640625	-49.10546875	-4.004638671875	-4.092122395833333	12	12	-48.0556640625	-49.10546875	-4.004638671875	-4.092122395833333	1.0498046875	0.087483723958333	True	True	Do you know how many people chew gum everyday?	just	0.087483723958333	1.0498046875	0	"Speaker 1: Daniel, you can't spit the gum everywhere.
Speaker 2: Come on, just a little piece.
Speaker 1: "	"Speaker 1: Daniel, you can't spit the gum everywhere.
Speaker 2: Come on, a little piece.
Speaker 1: "	Speaker 1
352	353	expanded_data	discourse_particle	5	just_e_4508	just	o	Mom, have we got any cookies?	Cookies? You just ate an hour ago.	Cookies? You ate an hour ago.	I know, but I'm hungry.		P	Cookies? You just ate an hour ago.	nucleus	base	0.9	1.0	20260416	1255810015	50	50	200	10	10	30 minutes ago.	30 minutes ago.	30 minutes ago.\nSpeaker 2: Thirty minutes is not an hour. You just had a snack, it’s all right.\nSpeaker 1: It’s not just snacks.\nSpeaker 2: What’s in these cookies?\nSpeaker 1: You just ate them, how do you not remember?\nSpeaker 2	-5.38067626953125	-5.7296142578125	-1.3451690673828125	-1.432403564453125	4	4	-5.38067626953125	-5.7296142578125	-1.3451690673828125	-1.432403564453125	0.34893798828125	0.0872344970703125	True	True	I know, but I'm hungry.	just	0.0872344970703125	0.34893798828125	0	"Speaker 1: Mom, have we got any cookies?
Speaker 2: Cookies? You just ate an hour ago.
Speaker 1: "	"Speaker 1: Mom, have we got any cookies?
Speaker 2: Cookies? You ate an hour ago.
Speaker 1: "	Speaker 1
353	354	expanded_data	discourse_particle	32	just_e_1907	just	o	How was your morning jog?__eou__Very good. I feel quite refreshed now! You should come with me sometime - exercise is good for you!__eou__To be honest, I’d rather watch television! Where did you go?	I just ran alongside the main road.	I ran alongside the main road.	Oh you ought to go to the park next time. They have a route for joggers there.		P	I just ran alongside the main road.	nucleus	base	0.9	1.0	20260416	1659924286	50	50	200	17	17	1…1 that’s interesting! What about the traffic?	1…1 that’s interesting! what about the traffic?	1…1 that’s interesting! What about the traffic?\nSpeaker 2: Luckily, there aren’t many cars around. And the air’s quite clean too.\nSpeaker 1: Oh! So I was wrong about you then! I thought you were out collecting coins in the gutter!\nSpeaker 1: Ok…	-34.10595703125	-35.1513671875	-2.8421630859375	-2.929280598958333	12	12	-34.10595703125	-35.1513671875	-2.8421630859375	-2.929280598958333	1.04541015625	0.0871175130208334	True	True	Oh you ought to go to the park next time. They have a route for joggers there.	just	0.0871175130208334	1.04541015625	1	"Speaker 1: How was your morning jog?
Speaker 2: Very good. I feel quite refreshed now! You should come with me sometime - exercise is good for you!
Speaker 1: To be honest, I’d rather watch television! Where did you go?
Speaker 2: I just ran alongside the main road.
Speaker 1: "	"Speaker 1: How was your morning jog?
Speaker 2: Very good. I feel quite refreshed now! You should come with me sometime - exercise is good for you!
Speaker 1: To be honest, I’d rather watch television! Where did you go?
Speaker 2: I ran alongside the main road.
Speaker 1: "	Speaker 1
354	355	expanded_data	discourse_particle	35	just_j_8362	just	h	let's go swimming.	But, we just finished eating lunch.	But, we finished eating lunch.	I know, but I'm really hot.		P	But, we just finished eating lunch.	nucleus	base	0.9	1.0	20260416	1023332715	50	50	200	1	1	All right.  That's a great point, but swimming is fun.  It's a good way to keep in shape.	all right. that's a great point, but swimming is fun. it's a good way to keep in shape.	 All right.  That's a great point, but swimming is fun.  It's a good way to keep in shape.\nSpeaker 2:  I guess it is.\nSpeaker 1: Well, let's go change into our swimsuits.\nSpeaker 2:  All right.	-54.704681396484375	-57.139198303222656	-1.9537386213030128	-2.0406856536865234	28	28	-54.704681396484375	-57.139198303222656	-1.9537386213030128	-2.0406856536865234	2.434516906738281	0.0869470323835099	True	True	I know, but I'm really hot.	just	0.0869470323835099	2.434516906738281	1	"Speaker 1: let's go swimming.
Speaker 2: But, we just finished eating lunch.
Speaker 1: "	"Speaker 1: let's go swimming.
Speaker 2: But, we finished eating lunch.
Speaker 1: "	Speaker 1
355	356	expanded_data	discourse_particle	23	just_e_9687	just	o	Excuse me, here is my claim tag, but I can't find my baggage.__eou__How many pieces of baggage have you lost?	Just one piece.	One piece.	Can you tell me the features of your baggage?		P	Just one piece.	nucleus	base	0.9	1.0	20260416	187948156	50	50	200	35	35	450 baht for your lost bag, OK?	450 baht for your lost bag, ok?	450 baht for your lost bag, OK?\nSpeaker 1: How can you prove that it is my bag?\nSpeaker 2: The seal of this bag is very strong and it is sealed on this time when I checked your baggage in.\nSpeaker 1: I am going to go to the lost and found	-29.83996868133545	-30.707035064697266	-2.983996868133545	-3.0707035064697266	10	10	-29.83996868133545	-30.707035064697266	-2.983996868133545	-3.0707035064697266	0.8670663833618164	0.0867066383361816	True	True	Can you tell me the features of your baggage?	just	0.0867066383361816	0.8670663833618164	1	"Speaker 1: Excuse me, here is my claim tag, but I can't find my baggage.
Speaker 2: How many pieces of baggage have you lost?
Speaker 1: Just one piece.
Speaker 2: "	"Speaker 1: Excuse me, here is my claim tag, but I can't find my baggage.
Speaker 2: How many pieces of baggage have you lost?
Speaker 1: One piece.
Speaker 2: "	Speaker 2
356	357	expanded_data	discourse_particle	15	just_j_4012	just	h	Are you ok, Chuck? You look pale.	I'm fine, Katherine. I just stayed up late last night working on my Chinese.	I'm fine, Katherine. I stayed up late last night working on my Chinese.	Oh, poor you. You know what? I found a new way to learn Chinese and it works very well.		P	I'm fine, Katherine. I just stayed up late last night working on my Chinese.	nucleus	base	0.9	1.0	20260416	1516497681	50	50	200	5	5	That's what they all say.	that's what they all say.	 That's what they all say.	-12.520492553710938	-13.12713623046875	-1.7886417933872767	-1.87530517578125	7	7	-12.520492553710938	-13.12713623046875	-1.7886417933872767	-1.87530517578125	0.6066436767578125	0.0866633823939733	True	True	Oh, poor you. You know what? I found a new way to learn Chinese and it works very well.	just	0.0866633823939733	0.6066436767578125	0	"Speaker 1: Are you ok, Chuck? You look pale.
Speaker 2: I'm fine, Katherine. I just stayed up late last night working on my Chinese.
Speaker 1: "	"Speaker 1: Are you ok, Chuck? You look pale.
Speaker 2: I'm fine, Katherine. I stayed up late last night working on my Chinese.
Speaker 1: "	Speaker 1
357	358	expanded_data	discourse_particle	49	just_e_9416	just	o	How many people are traveling with you today, miss?	Just me. I'm traveling alone.	Me. I'm traveling alone.	And how many bags do you have?		P	Just me. I'm traveling alone.	nucleus	base	0.9	1.0	20260416	870165245	50	50	200	34	34	Okay, great. What's the class you're in?	okay, great. what's the class you're in?	 Okay, great. What's the class you're in?\nSpeaker 2: I'm in Law. Do you have my ticket?\nSpeaker 1: We're still waiting on your ticket, but we have your seat ready. Just head over to the Delta terminal and you'll be on your way.\nSpeaker 	-28.1627197265625	-29.1993408203125	-2.346893310546875	-2.4332784016927085	12	12	-28.1627197265625	-29.1993408203125	-2.346893310546875	-2.4332784016927085	1.03662109375	0.0863850911458334	True	True	And how many bags do you have?	just	0.0863850911458334	1.03662109375	0	"Speaker 1: How many people are traveling with you today, miss?
Speaker 2: Just me. I'm traveling alone.
Speaker 1: "	"Speaker 1: How many people are traveling with you today, miss?
Speaker 2: Me. I'm traveling alone.
Speaker 1: "	Speaker 1
358	359	expanded_data	discourse_particle	41	just_e_2612	just	o	Can I bring you anything else?	No, thank you. Just the check.	No, thank you. The check.	Let me get this.		P	No, thank you. Just the check.	nucleus	base	0.9	1.0	20260416	289692236	50	50	200	21	21	25.02. OK, here you go. And let me know if there's anything else I can do for you.	25.02. ok, here you go. and let me know if there's anything else i can do for you.	25.02. OK, here you go. And let me know if there's anything else I can do for you.\nSpeaker 2: No, that will do it. I'm good.\nSpeaker 3: Hi. I have a problem with my network.\nSpeaker 4: Sure, I can help you	-36.11920166015625	-38.27603530883789	-1.44476806640625	-1.5310414123535157	25	25	-36.11920166015625	-38.27603530883789	-1.44476806640625	-1.5310414123535157	2.1568336486816406	0.0862733459472655	True	True	Let me get this.	just	0.0862733459472655	2.1568336486816406	1	"Speaker 1: Can I bring you anything else?
Speaker 2: No, thank you. Just the check.
Speaker 1: "	"Speaker 1: Can I bring you anything else?
Speaker 2: No, thank you. The check.
Speaker 1: "	Speaker 1
359	360	expanded_data	discourse_particle	7	just_e_5138	just	o	Do you mind if I ask your friend out?	Of course, but we aren't going out, we're just friends.	Of course, but we aren't going out, we're friends.	Okay, that's good.		P	Of course, but we aren't going out, we're just friends.	nucleus	base	0.9	1.0	20260416	740578275	50	50	200	24	24	Friend of yours, right?	friend of yours, right?	" Friend of yours, right?\nSpeaker 1:  Wow, who knew the word ""just"" could mean so much? Could you say that again?\nSpeaker 2: Of course, but we aren't going out, we're just friends.\nSpeaker 1:  ""Of course"" makes you"	-19.544921875	-20.0615234375	-3.2574869791666665	-3.343587239583333	6	6	-19.544921875	-20.0615234375	-3.2574869791666665	-3.343587239583333	0.5166015625	0.0861002604166669	True	True	Okay, that's good.	just	0.0861002604166669	0.5166015625	1	"Speaker 1: Do you mind if I ask your friend out?
Speaker 2: Of course, but we aren't going out, we're just friends.
Speaker 1: "	"Speaker 1: Do you mind if I ask your friend out?
Speaker 2: Of course, but we aren't going out, we're friends.
Speaker 1: "	Speaker 1
360	361	expanded_data	discourse_particle	30	just_e_3966	just	o	Daniel, would you like to have a look at my dorm?__eou__Of course, I'd like to.	It is a small room, just for 4 people.	It is a small room, for 4 people.	What is in it?		P	It is a small room, just for 4 people.	nucleus	base	0.9	1.0	20260416	1247985298	50	50	200	32	28	4 people? I mean, it is small, but I think 4 people are not so many.	4 people? i mean, it is small, but i think 4 people are not so many.	4 people? I mean, it is small, but I think 4 people are not so many.\nSpeaker 1: You're right, but these are for students, so if they live here, they can save a lot of money.\nSpeaker 1: Oh, it is a little expensive, isn't it	-31.220947265625	-33.02886962890625	-1.4867117745535714	-1.5728033156622023	21	21	-31.220947265625	-33.02886962890625	-1.4867117745535714	-1.5728033156622023	1.80792236328125	0.0860915411086309	True	True	What is in it?	just	0.0860915411086309	1.80792236328125	0	"Speaker 1: Daniel, would you like to have a look at my dorm?
Speaker 2: Of course, I'd like to.
Speaker 1: It is a small room, just for 4 people.
Speaker 2: "	"Speaker 1: Daniel, would you like to have a look at my dorm?
Speaker 2: Of course, I'd like to.
Speaker 1: It is a small room, for 4 people.
Speaker 2: "	Speaker 2
361	362	expanded_data	discourse_particle	57	just_j_11362	just	h	Would you mind if I ask your health status?	I just had a complete physical examination and passed with flying colors.	I had a complete physical examination and passed with flying colors.	That is good. We hope each of our future employees will be healthy and happy.		P	I just had a complete physical examination and passed with flying colors.	nucleus	base	0.9	1.0	20260416	1728911766	50	50	200	3	3	请问一下 你有什么健康状况吗？	请问一下 你有什么健康状况吗？	请问一下 你有什么健康状况吗？\nSpeaker 2:  我刚刚做了一次全面体检，并且毫无问题地通过了。\nToday’s spoken Chinese topic is health, of course, a very important topic for everyone.\n1.  健康检查 health check\n2. �	-18.1353759765625	-18.9095458984375	-2.015041775173611	-2.1010606553819446	9	9	-18.1353759765625	-18.9095458984375	-2.015041775173611	-2.1010606553819446	0.774169921875	0.0860188802083334	True	True	That is good. We hope each of our future employees will be healthy and happy.	just	0.0860188802083334	0.774169921875	0	"Speaker 1: Would you mind if I ask your health status?
Speaker 2: I just had a complete physical examination and passed with flying colors.
Speaker 1: "	"Speaker 1: Would you mind if I ask your health status?
Speaker 2: I had a complete physical examination and passed with flying colors.
Speaker 1: "	Speaker 1
362	363	expanded_data	discourse_particle	7	just_e_5138	just	o	Do you mind if I ask your friend out?	Of course, but we aren't going out, we're just friends.	Of course, but we aren't going out, we're friends.	Okay, that's good.		P	Of course, but we aren't going out, we're just friends.	nucleus	base	0.9	1.0	20260416	740578275	50	50	200	4	4	關我或問一下你的朋友嗎?	關我或問一下你的朋友嗎?	關我或問一下你的朋友嗎?\n1. buddy: A friend, especially a male friend.\n2. ask out: To invite someone to go out on a date.\n3. hang out: To spend time in a casual way with someone.\n4. flirt: To express romantic or sexual interest.\n1.	-28.175537109375	-28.94879150390625	-3.130615234375	-3.2165323893229165	9	9	-28.175537109375	-28.94879150390625	-3.130615234375	-3.2165323893229165	0.77325439453125	0.0859171549479165	True	True	Okay, that's good.	just	0.0859171549479165	0.77325439453125	1	"Speaker 1: Do you mind if I ask your friend out?
Speaker 2: Of course, but we aren't going out, we're just friends.
Speaker 1: "	"Speaker 1: Do you mind if I ask your friend out?
Speaker 2: Of course, but we aren't going out, we're friends.
Speaker 1: "	Speaker 1
363	364	expanded_data	discourse_particle	0	just_e_1157	just	o	Is there something I can help you with?	No, I'm just browsing. Thanks anyway.	No, I'm browsing. Thanks anyway.	Ok.		P	No, I'm just browsing. Thanks anyway.	nucleus	base	0.9	1.0	20260416	1069069550	50	50	200	47	47	011 44 20 1234 5678	011 44 20 1234 5678	011 44 20 1234 5678\nSpeaker 2: Goodbye.\nDIAL 105\nCallysae is now located at:\n15-17 New North Parade, Cheltenham, Gloucestershire, GL52 2HN\nWe have an open door policy and welcome visitors	-15.656280517578123	-16.60009765625	-1.4232982288707383	-1.509099786931818	11	11	-15.656280517578123	-16.60009765625	-1.4232982288707383	-1.509099786931818	0.943817138671875	0.0858015580610795	True	True	Ok.	just	0.0858015580610795	0.943817138671875	1	"Speaker 1: Is there something I can help you with?
Speaker 2: No, I'm just browsing. Thanks anyway.
Speaker 1: "	"Speaker 1: Is there something I can help you with?
Speaker 2: No, I'm browsing. Thanks anyway.
Speaker 1: "	Speaker 1
364	365	expanded_data	discourse_particle	41	just_e_2612	just	o	Can I bring you anything else?	No, thank you. Just the check.	No, thank you. The check.	Let me get this.		P	No, thank you. Just the check.	nucleus	base	0.9	1.0	20260416	289692236	50	50	200	32	32	You know what, you don’t need to be so polite. I know you’re in a rush.	you know what, you don’t need to be so polite. i know you’re in a rush.	 You know what, you don’t need to be so polite. I know you’re in a rush.\nSpeaker 2: No, I’m not. Take your time.\nSpeaker 1: You were my best customer. [08:06.1]\nThis conversation happens a lot. This is real life,	-33.894287109375	-35.693115234375	-1.614013671875	-1.6996721540178572	21	21	-33.894287109375	-35.693115234375	-1.614013671875	-1.6996721540178572	1.798828125	0.0856584821428572	True	True	Let me get this.	just	0.0856584821428572	1.798828125	1	"Speaker 1: Can I bring you anything else?
Speaker 2: No, thank you. Just the check.
Speaker 1: "	"Speaker 1: Can I bring you anything else?
Speaker 2: No, thank you. The check.
Speaker 1: "	Speaker 1
365	366	expanded_data	discourse_particle	42	just_e_4966	just	o	Is my hair done yet?	Yeah, I just need to make the final touches.	Yeah, I need to make the final touches.	How long until you're finished?		P	Yeah, I just need to make the final touches.	nucleus	base	0.9	1.0	20260416	1831970959	50	50	200	9	9	I feel so bad, I must have worn you out.	i feel so bad, i must have worn you out.	 I feel so bad, I must have worn you out.\nSpeaker 2: It’s alright. I wanted to do it. Really.\nSpeaker 1: And I just need to find that perfect outfit.\nSpeaker 2: It’s going to be so hard to choose from all of these lovely choices.\nSpeaker	-29.31573486328125	-30.33837890625	-2.442977905273437	-2.5281982421875	12	12	-29.31573486328125	-30.33837890625	-2.442977905273437	-2.5281982421875	1.02264404296875	0.0852203369140625	True	True	How long until you're finished?	just	0.0852203369140625	1.02264404296875	0	"Speaker 1: Is my hair done yet?
Speaker 2: Yeah, I just need to make the final touches.
Speaker 1: "	"Speaker 1: Is my hair done yet?
Speaker 2: Yeah, I need to make the final touches.
Speaker 1: "	Speaker 1
366	367	expanded_data	discourse_particle	43	just_e_2762	just	o	Hi, can I help you?	No, thanks. I'm just looking.	No, thanks. I'm looking.	All right. If you need any help, just let me know. My name is Greg.		P	No, thanks. I'm just looking.	nucleus	base	0.9	1.0	20260416	892431323	50	50	200	42	42	10% off your first order, and free UK delivery when you sign up for a store card.	10% off your first order, and free uk delivery when you sign up for a store card.	10% off your first order, and free UK delivery when you sign up for a store card.\nSpeaker 2: OK, thank you.\nSpeaker 1: Enjoy your shopping.\nSpeaker 2: And you too.\n# Do you have ... ?\n# ... for sale / sale?\n# ... available / are there	-37.3637580871582	-39.0628662109375	-1.8681879043579104	-1.953143310546875	20	20	-37.3637580871582	-39.0628662109375	-1.8681879043579104	-1.953143310546875	1.6991081237792969	0.0849554061889648	True	True	All right. If you need any help, just let me know. My name is Greg.	just	0.0849554061889648	1.6991081237792969	0	"Speaker 1: Hi, can I help you?
Speaker 2: No, thanks. I'm just looking.
Speaker 1: "	"Speaker 1: Hi, can I help you?
Speaker 2: No, thanks. I'm looking.
Speaker 1: "	Speaker 1
367	368	expanded_data	discourse_particle	31	just_j_2438	just	h	OK, so are you ready to learn how to bake a cake?	Almost, let me just put my apron on.	Almost, let me put my apron on.	OK, so the first thing we are going to do is pre-heat the oven, that way we have it at the desired temperature once we finish preparing everything. Set it to three hundred and seventy five degrees Fahrenheit.		P	Almost, let me just put my apron on.	nucleus	base	0.9	1.0	20260416	491321217	50	50	200	16	16	3-2-1!	3-2-1!	3-2-1!\nSpeaker 1: OK, so now, it's time to start measuring out our ingredients.\nSpeaker 2: OK, so can you give me a quick rundown on what we're going to need?	-9.241500854492188	-9.750354766845703	-1.5402501424153645	-1.6250591278076172	6	6	-9.241500854492188	-9.750354766845703	-1.5402501424153645	-1.6250591278076172	0.5088539123535156	0.0848089853922526	True	True	OK, so the first thing we are going to do is pre-heat the oven, that way we have it at the desired temperature once we finish preparing everything. Set it to three hundred and seventy five degrees Fahrenheit.	just	0.0848089853922526	0.5088539123535156	0	"Speaker 1: OK, so are you ready to learn how to bake a cake?
Speaker 2: Almost, let me just put my apron on.
Speaker 1: "	"Speaker 1: OK, so are you ready to learn how to bake a cake?
Speaker 2: Almost, let me put my apron on.
Speaker 1: "	Speaker 1
368	369	expanded_data	discourse_particle	6	just_j_638	just	h	Hello, do you have any vacancies?	Yes, something just opened up.	Yes, something opened up.	What kind of apartment is it?		P	Yes, something just opened up.	nucleus	base	0.9	1.0	20260416	894870064	50	50	200	25	25	Great, can I have the address?	great, can i have the address?	 Great, can I have the address?\nSpeaker 2: No, I can’t give out addresses, it’s policy. Call HR to get a company ID.\nSpeaker 1: No I don’t want to call HR, I’ll just drop by and talk to them there.\nSpeaker 2:  	-15.3056640625	-15.9833984375	-1.9132080078125	-1.9979248046875	8	8	-15.3056640625	-15.9833984375	-1.9132080078125	-1.9979248046875	0.677734375	0.084716796875	True	True	What kind of apartment is it?	just	0.084716796875	0.677734375	0	"Speaker 1: Hello, do you have any vacancies?
Speaker 2: Yes, something just opened up.
Speaker 1: "	"Speaker 1: Hello, do you have any vacancies?
Speaker 2: Yes, something opened up.
Speaker 1: "	Speaker 1
369	370	expanded_data	discourse_particle	41	just_e_2612	just	o	Can I bring you anything else?	No, thank you. Just the check.	No, thank you. The check.	Let me get this.		P	No, thank you. Just the check.	nucleus	base	0.9	1.0	20260416	289692236	50	50	200	3	3	18.34.	18.34.	18.34.\nSpeaker 2: Do you have any change?\nSpeaker 1: I can give you four twenties, a ten, and a five.\nSpeaker 2: Sure. Here you go.\nSpeaker 1: Thank you.\nToday I’m going to share some English conversations you may hear when you’re	-11.05908203125	-11.39794921875	-2.7647705078125	-2.8494873046875	4	4	-11.05908203125	-11.39794921875	-2.7647705078125	-2.8494873046875	0.3388671875	0.084716796875	True	True	Let me get this.	just	0.084716796875	0.3388671875	1	"Speaker 1: Can I bring you anything else?
Speaker 2: No, thank you. Just the check.
Speaker 1: "	"Speaker 1: Can I bring you anything else?
Speaker 2: No, thank you. The check.
Speaker 1: "	Speaker 1
370	371	expanded_data	discourse_particle	10	just_j_12718	just	h	Hello Mr Waterstone, what can I do for you today?	Hello, Becky. Well, you see, I have this thing here, called a Fixed Deposit Certificate, and I've just noticed the date on it.	Hello, Becky. Well, you see, I have this thing here, called a Fixed Deposit Certificate, and I've noticed the date on it.	Oh, I see. You have two choices here you can either redeem or renew.		P	Hello, Becky. Well, you see, I have this thing here, called a Fixed Deposit Certificate, and I've just noticed the date on it.	nucleus	base	0.9	1.0	20260416	1476190778	50	50	200	32	32	25th March 2031?	25th march 2031?	25th March 2031?\nSpeaker 2: That's it! Oh, what am I going to do?\nSpeaker 1: Well, this is obviously a deposit of some sort of money. It means that you have deposited it for 12 years.\nSpeaker 2: I see. So I will have	-14.464111328125	-15.05322265625	-2.066301618303572	-2.1504603794642856	7	7	-14.464111328125	-15.05322265625	-2.066301618303572	-2.1504603794642856	0.589111328125	0.0841587611607139	True	True	Oh, I see. You have two choices here you can either redeem or renew.	just	0.0841587611607139	0.589111328125	0	"Speaker 1: Hello Mr Waterstone, what can I do for you today?
Speaker 2: Hello, Becky. Well, you see, I have this thing here, called a Fixed Deposit Certificate, and I've just noticed the date on it.
Speaker 1: "	"Speaker 1: Hello Mr Waterstone, what can I do for you today?
Speaker 2: Hello, Becky. Well, you see, I have this thing here, called a Fixed Deposit Certificate, and I've noticed the date on it.
Speaker 1: "	Speaker 1
371	372	expanded_data	discourse_particle	4	just_j_1627	just	h	Excuse me, do you have the latest issue of Newsworld?	Yes, this week's issue just came in. Here it is.	Yes, this week's issue came in. Here it is.	How about Music Madness?		P	Yes, this week's issue just came in. Here it is.	nucleus	base	0.9	1.0	20260416	63091100	50	50	200	18	18	500 years of history of Australian cuisine!	500 years of history of australian cuisine!	500 years of history of Australian cuisine!\nSpeaker 2: In 2006, each dish will only cost 50 cents.\nSpeaker 3: What the heck are they gonna have? Pork brains, kangaroo kidneys?\nSpeaker 2: And the wallaby is a protected species, so they won't serve that	-29.81640625	-30.48828125	-3.72705078125	-3.81103515625	8	8	-29.81640625	-30.48828125	-3.72705078125	-3.81103515625	0.671875	0.083984375	True	True	How about Music Madness?	just	0.083984375	0.671875	1	"Speaker 1: Excuse me, do you have the latest issue of Newsworld?
Speaker 2: Yes, this week's issue just came in. Here it is.
Speaker 1: "	"Speaker 1: Excuse me, do you have the latest issue of Newsworld?
Speaker 2: Yes, this week's issue came in. Here it is.
Speaker 1: "	Speaker 1
372	373	expanded_data	discourse_particle	48	just_e_976	just	o	Is there anything I can do for you?__eou__I'm looking for a black, leather bag.__eou__How's this?	I'm just looking.	I'm looking.	If you need any help, let me know.		P	I'm just looking.	nucleus	base	0.9	1.0	20260416	711530636	50	50	200	33	33	100%.	100%.	100%.\nSpeaker 2: So is it available, yes or no?\nSpeaker 1: Yes.\nSpeaker 2: OK.\nSpeaker 1: Can I help you?\nSpeaker 2: I'm just looking.\nSpeaker 1: So is this bag you were talking about?\nSpeaker 2: How much	-8.755859375	-8.923828125	-4.3779296875	-4.4619140625	2	2	-8.755859375	-8.923828125	-4.3779296875	-4.4619140625	0.16796875	0.083984375	True	True	If you need any help, let me know.	just	0.083984375	0.16796875	1	"Speaker 1: Is there anything I can do for you?
Speaker 2: I'm looking for a black, leather bag.
Speaker 1: How's this?
Speaker 2: I'm just looking.
Speaker 1: "	"Speaker 1: Is there anything I can do for you?
Speaker 2: I'm looking for a black, leather bag.
Speaker 1: How's this?
Speaker 2: I'm looking.
Speaker 1: "	Speaker 1
373	374	expanded_data	discourse_particle	0	just_e_1157	just	o	Is there something I can help you with?	No, I'm just browsing. Thanks anyway.	No, I'm browsing. Thanks anyway.	Ok.		P	No, I'm just browsing. Thanks anyway.	nucleus	base	0.9	1.0	20260416	1069069550	50	50	200	30	30	2 yeah? Ok.	2 yeah? ok.	2 yeah? Ok.\nSpeaker 2: If you could give me some advice on the choice of template. A.2 here, or should I go with this one A.2A? And here, should I go with A.3 or A.3B?\nSpeaker 1: Do you know about email	-22.9892578125	-23.408203125	-4.5978515625	-4.681640625	5	5	-22.9892578125	-23.408203125	-4.5978515625	-4.681640625	0.4189453125	0.0837890625000001	True	True	Ok.	just	0.0837890625000001	0.4189453125	1	"Speaker 1: Is there something I can help you with?
Speaker 2: No, I'm just browsing. Thanks anyway.
Speaker 1: "	"Speaker 1: Is there something I can help you with?
Speaker 2: No, I'm browsing. Thanks anyway.
Speaker 1: "	Speaker 1
374	375	expanded_data	discourse_particle	13	just_j_10613	just	h	Oh, I think I broke my leg.__eou__Here, sir. Sit down in this wheel chair.__eou__Thanks.	The doctor will be with you in a moment. I just need to ask you a few questions.	The doctor will be with you in a moment. I need to ask you a few questions.	All right.		P	The doctor will be with you in a moment. I just need to ask you a few questions.	nucleus	base	0.9	1.0	20260416	1855650930	50	50	200	20	20	6 years.	6 years.	6 years.\nSpeaker 2: Where were you walking?\nSpeaker 1: Under the Eiffel Tower.\nSpeaker 2: What do you do for a living?\nSpeaker 1: What? I can’t do that!\nSpeaker 2: What do you do for a living?\nSpeaker 1: I	-11.677734375	-11.927734375	-3.892578125	-3.9759114583333335	3	3	-11.677734375	-11.927734375	-3.892578125	-3.9759114583333335	0.25	0.0833333333333334	True	True	All right.	just	0.0833333333333334	0.25	1	"Speaker 1: Oh, I think I broke my leg.
Speaker 2: Here, sir. Sit down in this wheel chair.
Speaker 1: Thanks.
Speaker 2: The doctor will be with you in a moment. I just need to ask you a few questions.
Speaker 1: "	"Speaker 1: Oh, I think I broke my leg.
Speaker 2: Here, sir. Sit down in this wheel chair.
Speaker 1: Thanks.
Speaker 2: The doctor will be with you in a moment. I need to ask you a few questions.
Speaker 1: "	Speaker 1
375	376	expanded_data	discourse_particle	12	just_j_8890	just	h	Wow! What’s the hold up?	It’s probably just people trying to get an early start out of the city for the weekend. Nobody sticks around in the summer.	It’s probably people trying to get an early start out of the city for the weekend. Nobody sticks around in the summer.	Really? Then, I guess I won’t have a hard time finding a room or getting a cab?		P	It’s probably just people trying to get an early start out of the city for the weekend. Nobody sticks around in the summer.	nucleus	base	0.9	1.0	20260416	1504568862	50	50	200	41	41	That’s true. But we were here on time. We’re just going to get out and go around.	that’s true. but we were here on time. we’re just going to get out and go around.	 That’s true. But we were here on time. We’re just going to get out and go around.\nSpeaker 2: I’m sure it’s going to be fine.\nIt’s a problem when nothing works out, whether it’s traffic, the plans for the weekend, or any other detail in your life	-46.922698974609375	-48.74920654296875	-2.1328499533913354	-2.215873024680398	22	22	-46.922698974609375	-48.74920654296875	-2.1328499533913354	-2.215873024680398	1.826507568359375	0.0830230712890625	True	True	Really? Then, I guess I won’t have a hard time finding a room or getting a cab?	just	0.0830230712890625	1.826507568359375	0	"Speaker 1: Wow! What’s the hold up?
Speaker 2: It’s probably just people trying to get an early start out of the city for the weekend. Nobody sticks around in the summer.
Speaker 1: "	"Speaker 1: Wow! What’s the hold up?
Speaker 2: It’s probably people trying to get an early start out of the city for the weekend. Nobody sticks around in the summer.
Speaker 1: "	Speaker 1
376	377	expanded_data	discourse_particle	11	just_j_8242	just	h	Hello.this is Susan.	Hello, I’m Mark. I’m just wondering if you are free this weekend	Hello, I’m Mark. I’m wondering if you are free this weekend	Yes, I think So.		P	Hello, I’m Mark. I’m just wondering if you are free this weekend	nucleus	base	0.9	1.0	20260416	1720138729	50	50	200	26	26	What day do you want?	what day do you want?	 What day do you want?\nSpeaker 2: We can go to the zoo. I hope you will come with us\nSpeaker 3: Good morning. Mr. Joshie. I’m May Tang. I’m your home tutoring student. Do you want me to start your Mandarin lessons?\nSpeaker 1:	-13.756622314453123	-14.253952026367188	-2.2927703857421875	-2.3756586710611978	6	6	-13.756622314453123	-14.253952026367188	-2.2927703857421875	-2.3756586710611978	0.4973297119140625	0.0828882853190102	True	True	Yes, I think So.	just	0.0828882853190102	0.4973297119140625	1	"Speaker 1: Hello.this is Susan.
Speaker 2: Hello, I’m Mark. I’m just wondering if you are free this weekend
Speaker 1: "	"Speaker 1: Hello.this is Susan.
Speaker 2: Hello, I’m Mark. I’m wondering if you are free this weekend
Speaker 1: "	Speaker 1
377	378	expanded_data	discourse_particle	21	just_j_5388	just	h	Hey Mike. What are you doing?__eou__Nothing much. What are you up to?	I was just concerned about Sam. He hasn't been himself lately.	I was concerned about Sam. He hasn't been himself lately.	He took the civil service exam and failed.		P	I was just concerned about Sam. He hasn't been himself lately.	nucleus	base	0.9	1.0	20260416	693746455	50	50	200	33	33	Yeah, he's been off lately.	yeah, he's been off lately.	 Yeah, he's been off lately.\nSpeaker 1: You know, maybe he's just having a bad day or maybe he's going through something he wants to talk about but it's hard to approach Sam about.\nSpeaker 2: Yeah, he is very open with what's going on in his life so	-11.373046875	-12.0341796875	-1.421630859375	-1.5042724609375	8	8	-11.373046875	-12.0341796875	-1.421630859375	-1.5042724609375	0.6611328125	0.0826416015625	True	True	He took the civil service exam and failed.	just	0.0826416015625	0.6611328125	0	"Speaker 1: Hey Mike. What are you doing?
Speaker 2: Nothing much. What are you up to?
Speaker 1: I was just concerned about Sam. He hasn't been himself lately.
Speaker 2: "	"Speaker 1: Hey Mike. What are you doing?
Speaker 2: Nothing much. What are you up to?
Speaker 1: I was concerned about Sam. He hasn't been himself lately.
Speaker 2: "	Speaker 2
378	379	expanded_data	discourse_particle	40	just_j_7614	just	h	Hey Michelle. Good to see you. Are you at lunch?	Oh hi Jim. No I just got back. I thought you were on vacation now.	Oh hi Jim. No I got back. I thought you were on vacation now.	No, I wish I was! I just got back from Spain actually.		P	Oh hi Jim. No I just got back. I thought you were on vacation now.	nucleus	base	0.9	1.0	20260416	135797504	50	50	200	7	7	I got the day off. But I have a lot of paperwork to finish up.	i got the day off. but i have a lot of paperwork to finish up.	 I got the day off. But I have a lot of paperwork to finish up.\nSpeaker 2: How many days are you taking?\nSpeaker 1: The whole week.\nSpeaker 2: You're lucky.\nSpeaker 1: I am. Where are you off to now?\nSpeaker 2: I	-30.258209228515625	-31.66131591796875	-1.7798946605009192	-1.8624303481158089	17	17	-30.258209228515625	-31.66131591796875	-1.7798946605009192	-1.8624303481158089	1.403106689453125	0.0825356876148897	True	True	No, I wish I was! I just got back from Spain actually.	just	0.0825356876148897	1.403106689453125	0	"Speaker 1: Hey Michelle. Good to see you. Are you at lunch?
Speaker 2: Oh hi Jim. No I just got back. I thought you were on vacation now.
Speaker 1: "	"Speaker 1: Hey Michelle. Good to see you. Are you at lunch?
Speaker 2: Oh hi Jim. No I got back. I thought you were on vacation now.
Speaker 1: "	Speaker 1
379	380	expanded_data	discourse_particle	30	just_e_3966	just	o	Daniel, would you like to have a look at my dorm?__eou__Of course, I'd like to.	It is a small room, just for 4 people.	It is a small room, for 4 people.	What is in it?		P	It is a small room, just for 4 people.	nucleus	base	0.9	1.0	20260416	1247985298	50	50	200	34	30	4 people? That's not bad, but is it?	4 people? that's not bad, but is it?	4 people? That's not bad, but is it?\nSpeaker 1: Yeah. It has a bed, a desk, a chair, a small cabinet and an air conditioner.\nSpeaker 2: Okay, there is enough space.\nSpeaker 1: Also, it is close to the bathroom and the kitchen.\n	-23.57708740234375	-24.5623779296875	-1.964757283528645	-2.0468648274739585	12	12	-23.57708740234375	-24.5623779296875	-1.964757283528645	-2.0468648274739585	0.98529052734375	0.0821075439453127	True	True	What is in it?	just	0.0821075439453127	0.98529052734375	0	"Speaker 1: Daniel, would you like to have a look at my dorm?
Speaker 2: Of course, I'd like to.
Speaker 1: It is a small room, just for 4 people.
Speaker 2: "	"Speaker 1: Daniel, would you like to have a look at my dorm?
Speaker 2: Of course, I'd like to.
Speaker 1: It is a small room, for 4 people.
Speaker 2: "	Speaker 2
380	381	expanded_data	discourse_particle	54	just_j_2522	just	h	I'm searching for an old music box.__eou__You came to the right place. Any particular decade?__eou__If you had a box made in the' 20s, that would be nice.	We just got one in yesterday, so now we have six.	We got one in yesterday, so now we have six.	Would any of them have dancing figures?		P	We just got one in yesterday, so now we have six.	nucleus	base	0.9	1.0	20260416	1861274201	50	50	200	39	38	10% off?	10% off?	10% off?\nSpeaker 2: You can talk to my boss.\nSpeaker 3: OK, yes?\nSpeaker 1: This here. How much is it?\nSpeaker 3: 90% discount. Plus another 15% discount for special offer.\nSpeaker 1: So that's 106%	-10.162109375	-10.48974609375	-2.54052734375	-2.6224365234375	4	4	-10.162109375	-10.48974609375	-2.54052734375	-2.6224365234375	0.32763671875	0.0819091796875	True	True	Would any of them have dancing figures?	just	0.0819091796875	0.32763671875	1	"Speaker 1: I'm searching for an old music box.
Speaker 2: You came to the right place. Any particular decade?
Speaker 1: If you had a box made in the' 20s, that would be nice.
Speaker 2: We just got one in yesterday, so now we have six.
Speaker 1: "	"Speaker 1: I'm searching for an old music box.
Speaker 2: You came to the right place. Any particular decade?
Speaker 1: If you had a box made in the' 20s, that would be nice.
Speaker 2: We got one in yesterday, so now we have six.
Speaker 1: "	Speaker 1
381	382	expanded_data	discourse_particle	23	just_e_9687	just	o	Excuse me, here is my claim tag, but I can't find my baggage.__eou__How many pieces of baggage have you lost?	Just one piece.	One piece.	Can you tell me the features of your baggage?		P	Just one piece.	nucleus	base	0.9	1.0	20260416	187948156	50	50	200	16	16	12 hours have passed, but we haven't found it yet.	12 hours have passed, but we haven't found it yet.	12 hours have passed, but we haven't found it yet.\nSpeaker 1: Do you want me to file a complaint? Can I contact someone?\nSpeaker 2: I'm afraid you can't. If you find the baggage, please contact us. If not, please file a complaint. That's it.\n	-20.418014526367188	-21.482421875	-1.5706165020282452	-1.6524939903846154	13	13	-20.418014526367188	-21.482421875	-1.5706165020282452	-1.6524939903846154	1.0644073486328125	0.0818774883563702	True	True	Can you tell me the features of your baggage?	just	0.0818774883563702	1.0644073486328125	1	"Speaker 1: Excuse me, here is my claim tag, but I can't find my baggage.
Speaker 2: How many pieces of baggage have you lost?
Speaker 1: Just one piece.
Speaker 2: "	"Speaker 1: Excuse me, here is my claim tag, but I can't find my baggage.
Speaker 2: How many pieces of baggage have you lost?
Speaker 1: One piece.
Speaker 2: "	Speaker 2
382	383	expanded_data	discourse_particle	22	just_e_1001	just	o	Hello! Are you shopping here today? Haven't I seen you in some flea markets and thrift shops a couple of times?	I'm just comparing prices.	I'm comparing prices.	You should! This thrift shop is really cheap, though, you have to pay cash here.		P	I'm just comparing prices.	nucleus	base	0.9	1.0	20260416	1316144405	50	50	200	39	39	10% off if you buy today.	10% off if you buy today.	10% off if you buy today.\nSpeaker 2: You're very persuasive.\nSpeaker 1: Thanks. By the way, have you seen the Converse Chuck Taylor shoes?\nSpeaker 2: No, not here.\nSpeaker 1: You're missing a great pair! They come in all colors, including	-11.5531005859375	-12.207244873046877	-1.4441375732421875	-1.5259056091308594	8	8	-11.5531005859375	-12.207244873046877	-1.4441375732421875	-1.5259056091308594	0.654144287109375	0.0817680358886718	True	True	You should! This thrift shop is really cheap, though, you have to pay cash here.	just	0.0817680358886718	0.654144287109375	0	"Speaker 1: Hello! Are you shopping here today? Haven't I seen you in some flea markets and thrift shops a couple of times?
Speaker 2: I'm just comparing prices.
Speaker 1: "	"Speaker 1: Hello! Are you shopping here today? Haven't I seen you in some flea markets and thrift shops a couple of times?
Speaker 2: I'm comparing prices.
Speaker 1: "	Speaker 1
383	384	expanded_data	discourse_particle	45	just_e_1267	just	o	Hi. Can I help you?	No, thanks. I’m just looking around.	No, thanks. I’m looking around.	Okay. Please let me know if you need any help.		P	No, thanks. I’m just looking around.	nucleus	base	0.9	1.0	20260416	372474554	50	50	200	4	4	May I take your temperature?	may i take your temperature?	 May I take your temperature?\nSpeaker 2:  Oh, no. I’m fine.\nSpeaker 1:  May I take your temperature?\nSpeaker 2:  Oh, no. I’m fine.\nSpeaker 1:  May I take your temperature?\nSpeaker 2: 	-16.428970336914062	-16.91851806640625	-2.7381617228190103	-2.8197530110677085	6	6	-16.428970336914062	-16.91851806640625	-2.7381617228190103	-2.8197530110677085	0.4895477294921875	0.0815912882486982	True	True	Okay. Please let me know if you need any help.	just	0.0815912882486982	0.4895477294921875	1	"Speaker 1: Hi. Can I help you?
Speaker 2: No, thanks. I’m just looking around.
Speaker 1: "	"Speaker 1: Hi. Can I help you?
Speaker 2: No, thanks. I’m looking around.
Speaker 1: "	Speaker 1
384	385	expanded_data	discourse_particle	5	just_e_4508	just	o	Mom, have we got any cookies?	Cookies? You just ate an hour ago.	Cookies? You ate an hour ago.	I know, but I'm hungry.		P	Cookies? You just ate an hour ago.	nucleus	base	0.9	1.0	20260416	1255810015	50	50	200	30	29	Not enough time. If I don't get some food fast I'm going to get one of these.	not enough time. if i don't get some food fast i'm going to get one of these.	 Not enough time. If I don't get some food fast I'm going to get one of these.\nSpeaker 2: One of what?\nSpeaker 1: A panic attack!\nSpeaker 2: Oh no! I've never seen one of these before.\nSpeaker 1: Well, what they do is	-48.876312255859375	-50.58509826660156	-2.3274434407552085	-2.408814203171503	21	21	-48.876312255859375	-50.58509826660156	-2.3274434407552085	-2.408814203171503	1.7087860107421875	0.0813707624162947	True	True	I know, but I'm hungry.	just	0.0813707624162947	1.7087860107421875	0	"Speaker 1: Mom, have we got any cookies?
Speaker 2: Cookies? You just ate an hour ago.
Speaker 1: "	"Speaker 1: Mom, have we got any cookies?
Speaker 2: Cookies? You ate an hour ago.
Speaker 1: "	Speaker 1
385	386	expanded_data	discourse_particle	18	just_e_5758	just	o	Do you like the Harry potter books and movies?__eou__Not really!__eou__Why not? They are very fun and exiting.	Maybe, but I think they are just for kids.	Maybe, but I think they are for kids.	No, that’s not true. Many adults like the Harry potter books too.		P	Maybe, but I think they are just for kids.	nucleus	base	0.9	1.0	20260416	1795033904	50	50	200	39	39	Well, you are just too serious! That movie is my favourite!	well, you are just too serious! that movie is my favourite!	 Well, you are just too serious! That movie is my favourite!\nSpeaker 2: Your favourite? Not really! Its just for kids. No teenager would like that!\nSpeaker 1: What? I’m 16 and I love it!\nSpeaker 2: Ok, OK. That’s true. 	-38.34326171875	-39.482177734375	-2.738804408482143	-2.820155552455357	14	14	-38.34326171875	-39.482177734375	-2.738804408482143	-2.820155552455357	1.138916015625	0.0813511439732144	True	True	No, that’s not true. Many adults like the Harry potter books too.	just	0.0813511439732144	1.138916015625	0	"Speaker 1: Do you like the Harry potter books and movies?
Speaker 2: Not really!
Speaker 1: Why not? They are very fun and exiting.
Speaker 2: Maybe, but I think they are just for kids.
Speaker 1: "	"Speaker 1: Do you like the Harry potter books and movies?
Speaker 2: Not really!
Speaker 1: Why not? They are very fun and exiting.
Speaker 2: Maybe, but I think they are for kids.
Speaker 1: "	Speaker 1
386	387	expanded_data	discourse_particle	38	just_e_1043	just	o	May I help you?	No, thank you. I'm just looking. Maybe later I might need your help.	No, thank you. I'm looking. Maybe later I might need your help.	I hope you will! Take your time. We have a lot more upstairs.		P	No, thank you. I'm just looking. Maybe later I might need your help.	nucleus	base	0.9	1.0	20260416	182747895	50	50	200	16	16	Do you know what you want to buy? I can show you our best sales.	do you know what you want to buy? i can show you our best sales.	 Do you know what you want to buy? I can show you our best sales.\nSpeaker 2: No, I have some questions about this lamp. Is it the best choice?\nSpeaker 1: Yes, this is the best choice. And it's on sale. \nSpeaker 2: And	-31.10931396484375	-32.492095947265625	-1.8299596449908089	-1.9112997616038605	17	17	-31.10931396484375	-32.492095947265625	-1.8299596449908089	-1.9112997616038605	1.382781982421875	0.0813401166130514	True	True	I hope you will! Take your time. We have a lot more upstairs.	just	0.0813401166130514	1.382781982421875	1	"Speaker 1: May I help you?
Speaker 2: No, thank you. I'm just looking. Maybe later I might need your help.
Speaker 1: "	"Speaker 1: May I help you?
Speaker 2: No, thank you. I'm looking. Maybe later I might need your help.
Speaker 1: "	Speaker 1
387	388	expanded_data	discourse_particle	47	just_e_6664	just	o	Hi, Jenny. Are still working?	Hi, Nancy. Come in please. I'm just putting away on my books.	Hi, Nancy. Come in please. I'm putting away on my books.	So, you are leaving, aren't you?		P	Hi, Nancy. Come in please. I'm just putting away on my books.	nucleus	base	0.9	1.0	20260416	2089130916	50	50	200	34	34	11.30 already? I've got to rush. Did you finish?	11.30 already? i've got to rush. did you finish?	11.30 already? I've got to rush. Did you finish?\nSpeaker 2: Nearly. I only have to look through this.	-35.873046875	-37.0887451171875	-2.3915364583333334	-2.4725830078125	15	15	-35.873046875	-37.0887451171875	-2.3915364583333334	-2.4725830078125	1.2156982421875	0.0810465494791667	True	True	So, you are leaving, aren't you?	just	0.0810465494791667	1.2156982421875	1	"Speaker 1: Hi, Jenny. Are still working?
Speaker 2: Hi, Nancy. Come in please. I'm just putting away on my books.
Speaker 1: "	"Speaker 1: Hi, Jenny. Are still working?
Speaker 2: Hi, Nancy. Come in please. I'm putting away on my books.
Speaker 1: "	Speaker 1
388	389	expanded_data	discourse_particle	4	just_j_1627	just	h	Excuse me, do you have the latest issue of Newsworld?	Yes, this week's issue just came in. Here it is.	Yes, this week's issue came in. Here it is.	How about Music Madness?		P	Yes, this week's issue just came in. Here it is.	nucleus	base	0.9	1.0	20260416	63091100	50	50	200	11	11	This is the one I want.	this is the one i want.	 This is the one I want.\nSpeaker 2: Do you want to sit down and read it?\nSpeaker 1: No, thank you. I have no time. I have to go and watch TV now.\nSpeaker 3: Why don't you sit and watch TV?\nSpeaker 1: Why?	-9.35693359375	-9.923828125	-1.3367047991071428	-1.4176897321428572	7	7	-9.35693359375	-9.923828125	-1.3367047991071428	-1.4176897321428572	0.56689453125	0.0809849330357144	True	True	How about Music Madness?	just	0.0809849330357144	0.56689453125	1	"Speaker 1: Excuse me, do you have the latest issue of Newsworld?
Speaker 2: Yes, this week's issue just came in. Here it is.
Speaker 1: "	"Speaker 1: Excuse me, do you have the latest issue of Newsworld?
Speaker 2: Yes, this week's issue came in. Here it is.
Speaker 1: "	Speaker 1
389	390	expanded_data	discourse_particle	47	just_e_6664	just	o	Hi, Jenny. Are still working?	Hi, Nancy. Come in please. I'm just putting away on my books.	Hi, Nancy. Come in please. I'm putting away on my books.	So, you are leaving, aren't you?		P	Hi, Nancy. Come in please. I'm just putting away on my books.	nucleus	base	0.9	1.0	20260416	2089130916	50	50	200	30	30	0h, okay. Do you want me to leave my coat on? Is it cold here today?	0h, okay. do you want me to leave my coat on? is it cold here today?	0h, okay. Do you want me to leave my coat on? Is it cold here today?\nSpeaker 2: No, It's warm.\nSpeaker 1: Well, it is cold in here.\nSpeaker 2: Oh, I'm sorry. I can't control the temperature.\nSpeaker 1:	-43.7303466796875	-45.428253173828125	-2.0823974609375	-2.1632501511346724	21	21	-43.7303466796875	-45.428253173828125	-2.0823974609375	-2.1632501511346724	1.697906494140625	0.0808526901971724	True	True	So, you are leaving, aren't you?	just	0.0808526901971724	1.697906494140625	1	"Speaker 1: Hi, Jenny. Are still working?
Speaker 2: Hi, Nancy. Come in please. I'm just putting away on my books.
Speaker 1: "	"Speaker 1: Hi, Jenny. Are still working?
Speaker 2: Hi, Nancy. Come in please. I'm putting away on my books.
Speaker 1: "	Speaker 1
390	391	expanded_data	discourse_particle	49	just_e_9416	just	o	How many people are traveling with you today, miss?	Just me. I'm traveling alone.	Me. I'm traveling alone.	And how many bags do you have?		P	Just me. I'm traveling alone.	nucleus	base	0.9	1.0	20260416	870165245	50	50	200	37	37	27 business days from Taiwan to Hong Kong and 24 to Finland.	27 business days from taiwan to hong kong and 24 to finland.	27 business days from Taiwan to Hong Kong and 24 to Finland.\nSpeaker 2: Yes, please.\nSpeaker 1: OK, I'll get that for you.\nSpeaker 2: Please, the rest is up to you.\nSpeaker 1: You got it.\nSpeaker 2: 10 February.\n	-52.1055908203125	-53.23703002929688	-3.721827915736607	-3.802645002092634	14	14	-52.1055908203125	-53.23703002929688	-3.721827915736607	-3.802645002092634	1.131439208984375	0.0808170863560269	True	True	And how many bags do you have?	just	0.0808170863560269	1.131439208984375	0	"Speaker 1: How many people are traveling with you today, miss?
Speaker 2: Just me. I'm traveling alone.
Speaker 1: "	"Speaker 1: How many people are traveling with you today, miss?
Speaker 2: Me. I'm traveling alone.
Speaker 1: "	Speaker 1
391	392	expanded_data	discourse_particle	47	just_e_6664	just	o	Hi, Jenny. Are still working?	Hi, Nancy. Come in please. I'm just putting away on my books.	Hi, Nancy. Come in please. I'm putting away on my books.	So, you are leaving, aren't you?		P	Hi, Nancy. Come in please. I'm just putting away on my books.	nucleus	base	0.9	1.0	20260416	2089130916	50	50	200	43	43	0h, Thank you. How was your day?	0h, thank you. how was your day?	0h, Thank you. How was your day?\nSpeaker 2: Fine. But a bit boring.\nSpeaker 3: I was planning to do a lot of work today. But it didn't work out.\nSpeaker 2: What did you do?\nSpeaker 3: I went to the hair dresser's	-22.28564453125	-23.1739501953125	-2.025967684659091	-2.106722745028409	11	11	-22.28564453125	-23.1739501953125	-2.025967684659091	-2.106722745028409	0.8883056640625	0.0807550603693183	True	True	So, you are leaving, aren't you?	just	0.0807550603693183	0.8883056640625	1	"Speaker 1: Hi, Jenny. Are still working?
Speaker 2: Hi, Nancy. Come in please. I'm just putting away on my books.
Speaker 1: "	"Speaker 1: Hi, Jenny. Are still working?
Speaker 2: Hi, Nancy. Come in please. I'm putting away on my books.
Speaker 1: "	Speaker 1
392	393	expanded_data	discourse_particle	36	just_j_8556	just	h	I think I'm going to go home.	Why? We just got here.	Why? We got here.	I know, but it's 12		P	Why? We just got here.	nucleus	base	0.9	1.0	20260416	1188910665	50	50	200	16	16	99% of the movies suck.	99% of the movies suck.	99% of the movies suck.\nSpeaker 3: Is it me? Maybe. Or maybe they're just boring.\nSpeaker 1: I'm bored of people. Like most of the people here. Or people anywhere. Boring, I'm bored.\nSpeaker 2: Oh. Oh, now you're out	-18.214111328125	-18.779052734375	-2.602015904017857	-2.6827218191964284	7	7	-18.214111328125	-18.779052734375	-2.602015904017857	-2.6827218191964284	0.56494140625	0.0807059151785711	True	True	I know, but it's 12	just	0.0807059151785711	0.56494140625	1	"Speaker 1: I think I'm going to go home.
Speaker 2: Why? We just got here.
Speaker 1: "	"Speaker 1: I think I'm going to go home.
Speaker 2: Why? We got here.
Speaker 1: "	Speaker 1
393	394	expanded_data	discourse_particle	18	just_e_5758	just	o	Do you like the Harry potter books and movies?__eou__Not really!__eou__Why not? They are very fun and exiting.	Maybe, but I think they are just for kids.	Maybe, but I think they are for kids.	No, that’s not true. Many adults like the Harry potter books too.		P	Maybe, but I think they are just for kids.	nucleus	base	0.9	1.0	20260416	1795033904	50	50	200	13	13	I think you are just too old to like Harry potter.	i think you are just too old to like harry potter.	 I think you are just too old to like Harry potter. 	-16.1757755279541	-17.223791122436523	-1.2442904252272389	-1.324907009418194	13	13	-16.1757755279541	-17.223791122436523	-1.2442904252272389	-1.324907009418194	1.048015594482422	0.0806165841909554	True	True	No, that’s not true. Many adults like the Harry potter books too.	just	0.0806165841909554	1.048015594482422	0	"Speaker 1: Do you like the Harry potter books and movies?
Speaker 2: Not really!
Speaker 1: Why not? They are very fun and exiting.
Speaker 2: Maybe, but I think they are just for kids.
Speaker 1: "	"Speaker 1: Do you like the Harry potter books and movies?
Speaker 2: Not really!
Speaker 1: Why not? They are very fun and exiting.
Speaker 2: Maybe, but I think they are for kids.
Speaker 1: "	Speaker 1
394	395	expanded_data	discourse_particle	39	just_e_1246	just	o	Good afternoon, ma'am. Can I help you find anything?	No, thanks. I'm just looking.	No, thanks. I'm looking.	We have a special on these skirts this week. Would you like to try one on?		P	No, thanks. I'm just looking.	nucleus	base	0.9	1.0	20260416	1062489368	50	50	200	40	40	30% off everything today. Do you need anything? These sunglasses are very popular.	30% off everything today. do you need anything? these sunglasses are very popular.	30% off everything today. Do you need anything? These sunglasses are very popular.\nSpeaker 2: No, I'm just window shopping.\nSpeaker 1: That's great. We have a 10% discount if you shop here every day. Is there anything you're interested in today?\nSpeaker 2:	-38.25672912597656	-39.62326049804688	-2.250395830939798	-2.330780029296875	17	17	-38.25672912597656	-39.62326049804688	-2.250395830939798	-2.330780029296875	1.3665313720703125	0.080384198357077	True	True	We have a special on these skirts this week. Would you like to try one on?	just	0.080384198357077	1.3665313720703125	0	"Speaker 1: Good afternoon, ma'am. Can I help you find anything?
Speaker 2: No, thanks. I'm just looking.
Speaker 1: "	"Speaker 1: Good afternoon, ma'am. Can I help you find anything?
Speaker 2: No, thanks. I'm looking.
Speaker 1: "	Speaker 1
395	396	expanded_data	discourse_particle	30	just_e_3966	just	o	Daniel, would you like to have a look at my dorm?__eou__Of course, I'd like to.	It is a small room, just for 4 people.	It is a small room, for 4 people.	What is in it?		P	It is a small room, just for 4 people.	nucleus	base	0.9	1.0	20260416	1247985298	50	50	200	12	11	4 people? It's not too much. Are there enough beds?	4 people? it's not too much. are there enough beds?	4 people? It's not too much. Are there enough beds?\nSpeaker 1: Yes. There are four beds, and there is even a big wardrobe.\nSpeaker 2: And where is the shower? Is there an internet connection?\nSpeaker 1: Yes. There is a shower room, but the internet	-25.498779296875	-26.6201171875	-1.8213413783482144	-1.9014369419642856	14	14	-25.498779296875	-26.6201171875	-1.8213413783482144	-1.9014369419642856	1.121337890625	0.0800955636160716	True	True	What is in it?	just	0.0800955636160716	1.121337890625	0	"Speaker 1: Daniel, would you like to have a look at my dorm?
Speaker 2: Of course, I'd like to.
Speaker 1: It is a small room, just for 4 people.
Speaker 2: "	"Speaker 1: Daniel, would you like to have a look at my dorm?
Speaker 2: Of course, I'd like to.
Speaker 1: It is a small room, for 4 people.
Speaker 2: "	Speaker 2
396	397	expanded_data	discourse_particle	4	just_j_1627	just	h	Excuse me, do you have the latest issue of Newsworld?	Yes, this week's issue just came in. Here it is.	Yes, this week's issue came in. Here it is.	How about Music Madness?		P	Yes, this week's issue just came in. Here it is.	nucleus	base	0.9	1.0	20260416	63091100	50	50	200	14	14	220 yen, please.	220 yen, please.	220 yen, please.\nSpeaker 1: Is this the latest issue?\nSpeaker 2: No, it's not. I can see the latest issue.\nSpeaker 1: OK, thank you very much.	-11.0673828125	-11.4677734375	-2.2134765625	-2.2935546875	5	5	-11.0673828125	-11.4677734375	-2.2134765625	-2.2935546875	0.400390625	0.080078125	True	True	How about Music Madness?	just	0.080078125	0.400390625	1	"Speaker 1: Excuse me, do you have the latest issue of Newsworld?
Speaker 2: Yes, this week's issue just came in. Here it is.
Speaker 1: "	"Speaker 1: Excuse me, do you have the latest issue of Newsworld?
Speaker 2: Yes, this week's issue came in. Here it is.
Speaker 1: "	Speaker 1
397	398	expanded_data	discourse_particle	57	just_j_11362	just	h	Would you mind if I ask your health status?	I just had a complete physical examination and passed with flying colors.	I had a complete physical examination and passed with flying colors.	That is good. We hope each of our future employees will be healthy and happy.		P	I just had a complete physical examination and passed with flying colors.	nucleus	base	0.9	1.0	20260416	1728911766	50	50	200	2	2	121 of what? Frightening. You should be 65 for your age.	121 of what? frightening. you should be 65 for your age.	121 of what? Frightening. You should be 65 for your age.\nSpeaker 2: And I am!\nSpeaker 1: At that altitude, I’ve got to believe you should be 65.\nSpeaker 2: In fact, I’m going to see a woman about getting a kidney in the	-56.47308349609375	-57.8331298828125	-3.3219460880055145	-3.401948816636029	17	17	-56.47308349609375	-57.8331298828125	-3.3219460880055145	-3.401948816636029	1.36004638671875	0.0800027286305149	True	True	That is good. We hope each of our future employees will be healthy and happy.	just	0.0800027286305149	1.36004638671875	0	"Speaker 1: Would you mind if I ask your health status?
Speaker 2: I just had a complete physical examination and passed with flying colors.
Speaker 1: "	"Speaker 1: Would you mind if I ask your health status?
Speaker 2: I had a complete physical examination and passed with flying colors.
Speaker 1: "	Speaker 1
398	399	expanded_data	discourse_particle	36	just_j_8556	just	h	I think I'm going to go home.	Why? We just got here.	Why? We got here.	I know, but it's 12		P	Why? We just got here.	nucleus	base	0.9	1.0	20260416	1188910665	50	50	200	14	14	2021 just keep getting worse and worse and worse.	2021 just keep getting worse and worse and worse.	2021 just keep getting worse and worse and worse.\nSpeaker 2: It's funny because like the people from Kansas and Arkansas were like, it's not that bad, it's not that bad.\nSpeaker 1: No, you're literally right on top of the worst.\nSpeaker 2: They were just	-24.70809936523437	-25.585968017578125	-2.246190851384944	-2.325997092507102	11	11	-24.70809936523437	-25.585968017578125	-2.246190851384944	-2.325997092507102	0.87786865234375	0.0798062411221587	True	True	I know, but it's 12	just	0.0798062411221587	0.87786865234375	1	"Speaker 1: I think I'm going to go home.
Speaker 2: Why? We just got here.
Speaker 1: "	"Speaker 1: I think I'm going to go home.
Speaker 2: Why? We got here.
Speaker 1: "	Speaker 1
399	400	expanded_data	discourse_particle	22	just_e_1001	just	o	Hello! Are you shopping here today? Haven't I seen you in some flea markets and thrift shops a couple of times?	I'm just comparing prices.	I'm comparing prices.	You should! This thrift shop is really cheap, though, you have to pay cash here.		P	I'm just comparing prices.	nucleus	base	0.9	1.0	20260416	1316144405	50	50	200	23	23	15 dollars. Really? That is a great deal!	15 dollars. really? that is a great deal!	15 dollars. Really? That is a great deal!\nSpeaker 2: It is a little expensive.\nSpeaker 1: 50 dollars?! But this is an antique. I saw the same one in a shop at the mall for 250 dollars.\nSpeaker 2: Oh! That was a new one.\nIn	-25.37451171875	-26.25146484375	-2.306773792613636	-2.386496803977273	11	11	-25.37451171875	-26.25146484375	-2.306773792613636	-2.386496803977273	0.876953125	0.0797230113636366	True	True	You should! This thrift shop is really cheap, though, you have to pay cash here.	just	0.0797230113636366	0.876953125	0	"Speaker 1: Hello! Are you shopping here today? Haven't I seen you in some flea markets and thrift shops a couple of times?
Speaker 2: I'm just comparing prices.
Speaker 1: "	"Speaker 1: Hello! Are you shopping here today? Haven't I seen you in some flea markets and thrift shops a couple of times?
Speaker 2: I'm comparing prices.
Speaker 1: "	Speaker 1
400	401	expanded_data	discourse_particle	40	just_j_7614	just	h	Hey Michelle. Good to see you. Are you at lunch?	Oh hi Jim. No I just got back. I thought you were on vacation now.	Oh hi Jim. No I got back. I thought you were on vacation now.	No, I wish I was! I just got back from Spain actually.		P	Oh hi Jim. No I just got back. I thought you were on vacation now.	nucleus	base	0.9	1.0	20260416	135797504	50	50	200	22	22	No. I got here on Saturday and I leave tomorrow.	no. i got here on saturday and i leave tomorrow.	 No. I got here on Saturday and I leave tomorrow.\nSpeaker 2: Oh, that’s too bad. You just got here. Did you go shopping for souvenirs?\nSpeaker 1: No. I just went to my friend’s house.\nSpeaker 2: How was your trip? Where did	-23.97607421875	-24.927734375	-1.9980061848958333	-2.0773111979166665	12	12	-23.97607421875	-24.927734375	-1.9980061848958333	-2.0773111979166665	0.95166015625	0.0793050130208332	True	True	No, I wish I was! I just got back from Spain actually.	just	0.0793050130208332	0.95166015625	0	"Speaker 1: Hey Michelle. Good to see you. Are you at lunch?
Speaker 2: Oh hi Jim. No I just got back. I thought you were on vacation now.
Speaker 1: "	"Speaker 1: Hey Michelle. Good to see you. Are you at lunch?
Speaker 2: Oh hi Jim. No I got back. I thought you were on vacation now.
Speaker 1: "	Speaker 1
401	402	expanded_data	discourse_particle	57	just_j_11362	just	h	Would you mind if I ask your health status?	I just had a complete physical examination and passed with flying colors.	I had a complete physical examination and passed with flying colors.	That is good. We hope each of our future employees will be healthy and happy.		P	I just had a complete physical examination and passed with flying colors.	nucleus	base	0.9	1.0	20260416	1728911766	50	50	200	44	44	I’m very sorry to hear that.	i’m very sorry to hear that.	 I’m very sorry to hear that.\nSpeaker 1: Would you mind if I ask your health status?\nSpeaker 2: I just had a complete physical examination and passed with flying colors.\nSpeaker 1:  I’m very sorry to hear that.\nSpeaking: Dealing with Loss in a Foreign Language	-11.583984375	-12.2183837890625	-1.447998046875	-1.5272979736328125	8	8	-11.583984375	-12.2183837890625	-1.447998046875	-1.5272979736328125	0.6343994140625	0.0792999267578125	True	True	That is good. We hope each of our future employees will be healthy and happy.	just	0.0792999267578125	0.6343994140625	0	"Speaker 1: Would you mind if I ask your health status?
Speaker 2: I just had a complete physical examination and passed with flying colors.
Speaker 1: "	"Speaker 1: Would you mind if I ask your health status?
Speaker 2: I had a complete physical examination and passed with flying colors.
Speaker 1: "	Speaker 1
402	403	expanded_data	discourse_particle	33	just_e_2717	just	o	Hmm. Not bad. I think I look younger with shorter hair.__eou__Yes, you do. The Hot Cap is back here in the corner. I think we're ready to put the curlers in. What kind of perm would you like?	I just want a light wave. I look really silly if my hair is too curly.	I want a light wave. I look really silly if my hair is too curly.	All right. What if we leave your bangs straight and just perm the sides and back?		P	I just want a light wave. I look really silly if my hair is too curly.	nucleus	base	0.9	1.0	20260416	1676528008	50	50	200	8	8	45 second curls are nice.	45 second curls are nice.	45 second curls are nice.\nSpeaker 3: How long do you think it'll take to dry?\nSpeaker 1: Not long. My hair's not very thick.\nSpeaker 2: Mm. So, it is going to be better after the dryer?\nSpeaker 1: My hair will be sleek and	-19.087890625	-19.5634765625	-3.1813151041666665	-3.260579427083333	6	6	-19.087890625	-19.5634765625	-3.1813151041666665	-3.260579427083333	0.4755859375	0.0792643229166669	True	True	All right. What if we leave your bangs straight and just perm the sides and back?	just	0.0792643229166669	0.4755859375	1	"Speaker 1: Hmm. Not bad. I think I look younger with shorter hair.
Speaker 2: Yes, you do. The Hot Cap is back here in the corner. I think we're ready to put the curlers in. What kind of perm would you like?
Speaker 1: I just want a light wave. I look really silly if my hair is too curly.
Speaker 2: "	"Speaker 1: Hmm. Not bad. I think I look younger with shorter hair.
Speaker 2: Yes, you do. The Hot Cap is back here in the corner. I think we're ready to put the curlers in. What kind of perm would you like?
Speaker 1: I want a light wave. I look really silly if my hair is too curly.
Speaker 2: "	Speaker 2
403	404	expanded_data	discourse_particle	18	just_e_5758	just	o	Do you like the Harry potter books and movies?__eou__Not really!__eou__Why not? They are very fun and exiting.	Maybe, but I think they are just for kids.	Maybe, but I think they are for kids.	No, that’s not true. Many adults like the Harry potter books too.		P	Maybe, but I think they are just for kids.	nucleus	base	0.9	1.0	20260416	1795033904	50	50	200	48	48	Do you really think so? I think that every age group can enjoy them.	do you really think so? i think that every age group can enjoy them.	 Do you really think so? I think that every age group can enjoy them.\nSpeaker 2: I'm not sure that is true. What do you think?\nSpeaker 1: I can not think of any other book or movie that is enjoyed by people of all ages. Of course, the point of the	-22.1531982421875	-23.4200439453125	-1.3845748901367188	-1.4637527465820312	16	16	-22.1531982421875	-23.4200439453125	-1.3845748901367188	-1.4637527465820312	1.266845703125	0.0791778564453125	True	True	No, that’s not true. Many adults like the Harry potter books too.	just	0.0791778564453125	1.266845703125	0	"Speaker 1: Do you like the Harry potter books and movies?
Speaker 2: Not really!
Speaker 1: Why not? They are very fun and exiting.
Speaker 2: Maybe, but I think they are just for kids.
Speaker 1: "	"Speaker 1: Do you like the Harry potter books and movies?
Speaker 2: Not really!
Speaker 1: Why not? They are very fun and exiting.
Speaker 2: Maybe, but I think they are for kids.
Speaker 1: "	Speaker 1
404	405	expanded_data	discourse_particle	4	just_j_1627	just	h	Excuse me, do you have the latest issue of Newsworld?	Yes, this week's issue just came in. Here it is.	Yes, this week's issue came in. Here it is.	How about Music Madness?		P	Yes, this week's issue just came in. Here it is.	nucleus	base	0.9	1.0	20260416	63091100	50	50	200	34	33	800 Yen, please.	800 yen, please.	800 Yen, please.\nSpeaker 2: 500 Yen cash, please.\nSpeaker 1: Here's 700 Yen.\nSpeaker 2: Thank you. What do you want to know about?\nSpeaker 1: For instance, how many pandas are there in the world?\nSpeaker 2: Let me see	-13.28955078125	-13.685302734375	-2.65791015625	-2.737060546875	5	5	-13.28955078125	-13.685302734375	-2.65791015625	-2.737060546875	0.395751953125	0.0791503906250001	True	True	How about Music Madness?	just	0.0791503906250001	0.395751953125	1	"Speaker 1: Excuse me, do you have the latest issue of Newsworld?
Speaker 2: Yes, this week's issue just came in. Here it is.
Speaker 1: "	"Speaker 1: Excuse me, do you have the latest issue of Newsworld?
Speaker 2: Yes, this week's issue came in. Here it is.
Speaker 1: "	Speaker 1
405	406	expanded_data	discourse_particle	30	just_e_3966	just	o	Daniel, would you like to have a look at my dorm?__eou__Of course, I'd like to.	It is a small room, just for 4 people.	It is a small room, for 4 people.	What is in it?		P	It is a small room, just for 4 people.	nucleus	base	0.9	1.0	20260416	1247985298	50	50	200	31	27	4 people? I don't know if it is enough for us.	4 people? i don't know if it is enough for us.	4 people? I don't know if it is enough for us.\nSpeaker 1: Actually, I need just for 3 people.\nSpeaker 2: Hm. The room is too small.\nSpeaker 1: Yeah, so I'd rather not accept it.\nSpeaker 2: Then I guess you should	-18.894454956054688	-20.0018310546875	-1.3496039254324776	-1.4287022181919642	14	14	-18.894454956054688	-20.0018310546875	-1.3496039254324776	-1.4287022181919642	1.1073760986328125	0.0790982927594865	True	True	What is in it?	just	0.0790982927594865	1.1073760986328125	0	"Speaker 1: Daniel, would you like to have a look at my dorm?
Speaker 2: Of course, I'd like to.
Speaker 1: It is a small room, just for 4 people.
Speaker 2: "	"Speaker 1: Daniel, would you like to have a look at my dorm?
Speaker 2: Of course, I'd like to.
Speaker 1: It is a small room, for 4 people.
Speaker 2: "	Speaker 2
406	407	expanded_data	discourse_particle	6	just_j_638	just	h	Hello, do you have any vacancies?	Yes, something just opened up.	Yes, something opened up.	What kind of apartment is it?		P	Yes, something just opened up.	nucleus	base	0.9	1.0	20260416	894870064	50	50	200	45	45	8 – 6 every day, how much would I be paid?	8 – 6 every day, how much would i be paid?	8 – 6 every day, how much would I be paid?\nSpeaker 2: $5 an hour. If you are a good worker, there will be an opportunity to move up.\nSpeaker 1: When do you want me to start?\nSpeaker 2: Right away.	-33.7265625	-34.83343505859375	-2.4090401785714284	-2.488102504185268	14	14	-33.7265625	-34.83343505859375	-2.4090401785714284	-2.488102504185268	1.10687255859375	0.0790623256138394	True	True	What kind of apartment is it?	just	0.0790623256138394	1.10687255859375	0	"Speaker 1: Hello, do you have any vacancies?
Speaker 2: Yes, something just opened up.
Speaker 1: "	"Speaker 1: Hello, do you have any vacancies?
Speaker 2: Yes, something opened up.
Speaker 1: "	Speaker 1
407	408	expanded_data	discourse_particle	37	just_e_569	just	o	May I help you?	I'm just browsing, thanks.	I'm browsing, thanks.	We're on clearance sale now. Prices have up to twenty percent off. Do not miss the chance.		P	I'm just browsing, thanks.	nucleus	base	0.9	1.0	20260416	794732814	50	50	200	41	41	8am – 8pm, Monday to Friday.	8am – 8pm, monday to friday.	8am – 8pm, Monday to Friday.\nSpeaker 1: I'll put you through.\nCustomer: I think I've found the answer to my problem.\nSpeaker 1: That's great, what's your question?\nCustomer: I think I'll just look up a few more things.\nSpeaker 1	-18.27874755859375	-19.13983154296875	-1.6617043235085227	-1.739984685724432	11	11	-18.27874755859375	-19.13983154296875	-1.6617043235085227	-1.739984685724432	0.861083984375	0.0782803622159091	True	True	We're on clearance sale now. Prices have up to twenty percent off. Do not miss the chance.	just	0.0782803622159091	0.861083984375	1	"Speaker 1: May I help you?
Speaker 2: I'm just browsing, thanks.
Speaker 1: "	"Speaker 1: May I help you?
Speaker 2: I'm browsing, thanks.
Speaker 1: "	Speaker 1
408	409	expanded_data	discourse_particle	40	just_j_7614	just	h	Hey Michelle. Good to see you. Are you at lunch?	Oh hi Jim. No I just got back. I thought you were on vacation now.	Oh hi Jim. No I got back. I thought you were on vacation now.	No, I wish I was! I just got back from Spain actually.		P	Oh hi Jim. No I just got back. I thought you were on vacation now.	nucleus	base	0.9	1.0	20260416	135797504	50	50	200	13	13	6 more days and it won't be just me. It will be the whole family.	6 more days and it won't be just me. it will be the whole family.	6 more days and it won't be just me. It will be the whole family.\nSpeaker 2: Yes. You need to get those bills paid and leave. You look so tired.\nSpeaker 1: I know. I'm just so overwhelmed with the stress. I just want it to be over.\nSpeaker	-32.88238525390625	-34.28277587890625	-1.8267991807725688	-1.904598659939236	18	18	-32.88238525390625	-34.28277587890625	-1.8267991807725688	-1.904598659939236	1.400390625	0.0777994791666667	True	True	No, I wish I was! I just got back from Spain actually.	just	0.0777994791666667	1.400390625	0	"Speaker 1: Hey Michelle. Good to see you. Are you at lunch?
Speaker 2: Oh hi Jim. No I just got back. I thought you were on vacation now.
Speaker 1: "	"Speaker 1: Hey Michelle. Good to see you. Are you at lunch?
Speaker 2: Oh hi Jim. No I got back. I thought you were on vacation now.
Speaker 1: "	Speaker 1
409	410	expanded_data	discourse_particle	1	just_j_5467	just	h	I want to leave the motorbike outdoors.	Fine, just don't do it at night.	Fine, don't do it at night.	Why not?		P	Fine, just don't do it at night.	nucleus	base	0.9	1.0	20260416	788549607	50	50	200	36	36	1 have to go now.	1 have to go now.	1 have to go now.\nSpeaker 2: 1 forgot to tell you.\nSpeaker 1: Fine. 1 have to go now.\nSpeaker 2: Fine. 1 have to go now.\nSpeaker 1: Are you serious?\nSpeaker 2: Are you serious?\nSpeaker 1: Good	-14.7080078125	-15.173828125	-2.4513346354166665	-2.5289713541666665	6	6	-14.7080078125	-15.173828125	-2.4513346354166665	-2.5289713541666665	0.4658203125	0.07763671875	True	True	Why not?	just	0.07763671875	0.4658203125	1	"Speaker 1: I want to leave the motorbike outdoors.
Speaker 2: Fine, just don't do it at night.
Speaker 1: "	"Speaker 1: I want to leave the motorbike outdoors.
Speaker 2: Fine, don't do it at night.
Speaker 1: "	Speaker 1
410	411	expanded_data	discourse_particle	18	just_e_5758	just	o	Do you like the Harry potter books and movies?__eou__Not really!__eou__Why not? They are very fun and exiting.	Maybe, but I think they are just for kids.	Maybe, but I think they are for kids.	No, that’s not true. Many adults like the Harry potter books too.		P	Maybe, but I think they are just for kids.	nucleus	base	0.9	1.0	20260416	1795033904	50	50	200	12	12	Nooooo! They are perfect for everyone!	nooooo! they are perfect for everyone!	 Nooooo! They are perfect for everyone!\nSpeaker 2: But for me, they are not.\nSpeaker 1:  Maybe you should read or watch them. Maybe they will be better for you.\nSpeaker 2: Haha. Never!	-22.3724365234375	-23.0704345703125	-2.4858262803819446	-2.563381618923611	9	9	-22.3724365234375	-23.0704345703125	-2.4858262803819446	-2.563381618923611	0.697998046875	0.0775553385416665	True	True	No, that’s not true. Many adults like the Harry potter books too.	just	0.0775553385416665	0.697998046875	0	"Speaker 1: Do you like the Harry potter books and movies?
Speaker 2: Not really!
Speaker 1: Why not? They are very fun and exiting.
Speaker 2: Maybe, but I think they are just for kids.
Speaker 1: "	"Speaker 1: Do you like the Harry potter books and movies?
Speaker 2: Not really!
Speaker 1: Why not? They are very fun and exiting.
Speaker 2: Maybe, but I think they are for kids.
Speaker 1: "	Speaker 1
411	412	expanded_data	discourse_particle	15	just_j_4012	just	h	Are you ok, Chuck? You look pale.	I'm fine, Katherine. I just stayed up late last night working on my Chinese.	I'm fine, Katherine. I stayed up late last night working on my Chinese.	Oh, poor you. You know what? I found a new way to learn Chinese and it works very well.		P	I'm fine, Katherine. I just stayed up late last night working on my Chinese.	nucleus	base	0.9	1.0	20260416	1516497681	50	50	200	35	35	What are you studying?	what are you studying?	 What are you studying?\nSpeaker 2: I'm going on a trip.\nSpeaker 1: Oh, really?\nSpeaker 2: Yeah, I'll be spending two weeks in the city of Shenzhen in Southern China. It's a  business trip, but it's also the reason that I've	-9.529251098632812	-9.916961669921877	-1.9058502197265623	-1.983392333984375	5	5	-9.529251098632812	-9.916961669921877	-1.9058502197265623	-1.983392333984375	0.3877105712890625	0.0775421142578125	True	True	Oh, poor you. You know what? I found a new way to learn Chinese and it works very well.	just	0.0775421142578125	0.3877105712890625	0	"Speaker 1: Are you ok, Chuck? You look pale.
Speaker 2: I'm fine, Katherine. I just stayed up late last night working on my Chinese.
Speaker 1: "	"Speaker 1: Are you ok, Chuck? You look pale.
Speaker 2: I'm fine, Katherine. I stayed up late last night working on my Chinese.
Speaker 1: "	Speaker 1
412	413	expanded_data	discourse_particle	5	just_e_4508	just	o	Mom, have we got any cookies?	Cookies? You just ate an hour ago.	Cookies? You ate an hour ago.	I know, but I'm hungry.		P	Cookies? You just ate an hour ago.	nucleus	base	0.9	1.0	20260416	1255810015	50	50	200	49	46	15 minutes ago.	15 minutes ago.	15 minutes ago.\nSpeaker 2: Did you run hard?\nSpeaker 1: I ran to the shed for a baseball.\nSpeaker 2: Oh, okay. Go ask your dad, he might have something.\nSpeaker 3: Let me know if there's anything I can do, Mom.\nSpeaker 4	-6.384521484375	-6.693115234375	-1.59613037109375	-1.67327880859375	4	4	-6.384521484375	-6.693115234375	-1.59613037109375	-1.67327880859375	0.30859375	0.0771484375	True	True	I know, but I'm hungry.	just	0.0771484375	0.30859375	0	"Speaker 1: Mom, have we got any cookies?
Speaker 2: Cookies? You just ate an hour ago.
Speaker 1: "	"Speaker 1: Mom, have we got any cookies?
Speaker 2: Cookies? You ate an hour ago.
Speaker 1: "	Speaker 1
413	414	expanded_data	discourse_particle	22	just_e_1001	just	o	Hello! Are you shopping here today? Haven't I seen you in some flea markets and thrift shops a couple of times?	I'm just comparing prices.	I'm comparing prices.	You should! This thrift shop is really cheap, though, you have to pay cash here.		P	I'm just comparing prices.	nucleus	base	0.9	1.0	20260416	1316144405	50	50	200	48	48	Alright then, but please note that I don't sell to secondhand stores.	alright then, but please note that i don't sell to secondhand stores.	 Alright then, but please note that I don't sell to secondhand stores. \nSpeaker 2: Thanks, I'll remember that.\n2010 marked a historic first. Almost every single consumer product category went up against a new price point – a second-hand version. In recent years, we've seen the	-42.52083587646485	-43.75162506103516	-2.6575522422790527	-2.7344765663146973	16	16	-42.52083587646485	-43.75162506103516	-2.6575522422790527	-2.7344765663146973	1.2307891845703125	0.0769243240356445	True	True	You should! This thrift shop is really cheap, though, you have to pay cash here.	just	0.0769243240356445	1.2307891845703125	0	"Speaker 1: Hello! Are you shopping here today? Haven't I seen you in some flea markets and thrift shops a couple of times?
Speaker 2: I'm just comparing prices.
Speaker 1: "	"Speaker 1: Hello! Are you shopping here today? Haven't I seen you in some flea markets and thrift shops a couple of times?
Speaker 2: I'm comparing prices.
Speaker 1: "	Speaker 1
414	415	expanded_data	discourse_particle	52	just_e_11908	just	o	Hi, Deny. Are still working?	Hi, Navy. Come in please. I'm just putting away on my books.	Hi, Navy. Come in please. I'm putting away on my books.	So, you are leaving, aren't you?		P	Hi, Navy. Come in please. I'm just putting away on my books.	nucleus	base	0.9	1.0	20260416	1874226564	50	50	200	9	9	3mm alright. Do you want to have a seat?	3mm alright. do you want to have a seat?	3mm alright. Do you want to have a seat?\nSpeaker 1: Yes, he is a student of mine. Would you like to have tea? I'll make you some tea.\nSpeaker 2: It's not too bad. I can manage on my own.\nSpeaker 1: Sorry, I haven	-37.03717041015625	-37.95318603515625	-3.086430867513021	-3.1627655029296875	12	12	-37.03717041015625	-37.95318603515625	-3.086430867513021	-3.1627655029296875	0.916015625	0.0763346354166665	True	True	So, you are leaving, aren't you?	just	0.0763346354166665	0.916015625	0	"Speaker 1: Hi, Deny. Are still working?
Speaker 2: Hi, Navy. Come in please. I'm just putting away on my books.
Speaker 1: "	"Speaker 1: Hi, Deny. Are still working?
Speaker 2: Hi, Navy. Come in please. I'm putting away on my books.
Speaker 1: "	Speaker 1
415	416	expanded_data	discourse_particle	7	just_e_5138	just	o	Do you mind if I ask your friend out?	Of course, but we aren't going out, we're just friends.	Of course, but we aren't going out, we're friends.	Okay, that's good.		P	Of course, but we aren't going out, we're just friends.	nucleus	base	0.9	1.0	20260416	740578275	50	50	200	46	46	90% of the time, we're just friends. This one time, I bought the ticket, we saw the movie, and she fell asleep in my lap.	90% of the time, we're just friends. this one time, i bought the ticket, we saw the movie, and she fell asleep in my lap.	90% of the time, we're just friends. This one time, I bought the ticket, we saw the movie, and she fell asleep in my lap.\nSpeaker 2: The 10% of the time we're not friends, you are gonna wish that you'd been a little nicer.\nSpeaker 1	-61.54119873046875	-64.05853271484375	-1.8648848100142048	-1.941167658025568	33	33	-61.54119873046875	-64.05853271484375	-1.8648848100142048	-1.941167658025568	2.517333984375	0.0762828480113635	True	True	Okay, that's good.	just	0.0762828480113635	2.517333984375	1	"Speaker 1: Do you mind if I ask your friend out?
Speaker 2: Of course, but we aren't going out, we're just friends.
Speaker 1: "	"Speaker 1: Do you mind if I ask your friend out?
Speaker 2: Of course, but we aren't going out, we're friends.
Speaker 1: "	Speaker 1
416	417	expanded_data	discourse_particle	11	just_j_8242	just	h	Hello.this is Susan.	Hello, I’m Mark. I’m just wondering if you are free this weekend	Hello, I’m Mark. I’m wondering if you are free this weekend	Yes, I think So.		P	Hello, I’m Mark. I’m just wondering if you are free this weekend	nucleus	base	0.9	1.0	20260416	1720138729	50	50	200	27	27	25?	25?	25?\nSpeaker 2: If you’re free, I would like to invite you to my house, I’ll prepare\nsomething delicious for you\nSpeaker 1: What about tomorrow evening?\nSpeaker 2: Oh, I’m afraid tomorrow evening I’m not available\nSpeaker 1: It’s ok, I	-9.98046875	-10.1328125	-4.990234375	-5.06640625	2	2	-9.98046875	-10.1328125	-4.990234375	-5.06640625	0.15234375	0.076171875	True	True	Yes, I think So.	just	0.076171875	0.15234375	1	"Speaker 1: Hello.this is Susan.
Speaker 2: Hello, I’m Mark. I’m just wondering if you are free this weekend
Speaker 1: "	"Speaker 1: Hello.this is Susan.
Speaker 2: Hello, I’m Mark. I’m wondering if you are free this weekend
Speaker 1: "	Speaker 1
417	418	expanded_data	discourse_particle	47	just_e_6664	just	o	Hi, Jenny. Are still working?	Hi, Nancy. Come in please. I'm just putting away on my books.	Hi, Nancy. Come in please. I'm putting away on my books.	So, you are leaving, aren't you?		P	Hi, Nancy. Come in please. I'm just putting away on my books.	nucleus	base	0.9	1.0	20260416	2089130916	50	50	200	36	36	123 I need to talk to you.	123 i need to talk to you.	123 I need to talk to you.	-19.6251220703125	-20.234130859375	-2.4531402587890625	-2.529266357421875	8	8	-19.6251220703125	-20.234130859375	-2.4531402587890625	-2.529266357421875	0.6090087890625	0.0761260986328125	True	True	So, you are leaving, aren't you?	just	0.0761260986328125	0.6090087890625	1	"Speaker 1: Hi, Jenny. Are still working?
Speaker 2: Hi, Nancy. Come in please. I'm just putting away on my books.
Speaker 1: "	"Speaker 1: Hi, Jenny. Are still working?
Speaker 2: Hi, Nancy. Come in please. I'm putting away on my books.
Speaker 1: "	Speaker 1
418	419	expanded_data	discourse_particle	39	just_e_1246	just	o	Good afternoon, ma'am. Can I help you find anything?	No, thanks. I'm just looking.	No, thanks. I'm looking.	We have a special on these skirts this week. Would you like to try one on?		P	No, thanks. I'm just looking.	nucleus	base	0.9	1.0	20260416	1062489368	50	50	200	5	5	00:00:10 Oh, I see. Okay. Let me know if I can help you.	00:00:10 oh, i see. okay. let me know if i can help you.	00:00:10 Oh, I see. Okay. Let me know if I can help you.\nSpeaker 2: No thanks. Okay. Thank you.\nSpeaker 1: Yeah, no problem. Have a nice day.\nSpeaker 2: Oh yeah, sure you too.\nSpeaker 1: Okay.	-26.28331756591797	-27.88032531738281	-1.2515865507579984	-1.327634538922991	21	21	-26.28331756591797	-27.88032531738281	-1.2515865507579984	-1.327634538922991	1.5970077514648438	0.0760479881649927	True	True	We have a special on these skirts this week. Would you like to try one on?	just	0.0760479881649927	1.5970077514648438	0	"Speaker 1: Good afternoon, ma'am. Can I help you find anything?
Speaker 2: No, thanks. I'm just looking.
Speaker 1: "	"Speaker 1: Good afternoon, ma'am. Can I help you find anything?
Speaker 2: No, thanks. I'm looking.
Speaker 1: "	Speaker 1
419	420	expanded_data	discourse_particle	9	just_j_7769	just	h	What's up? You look depressed.	I just had a quarrel with him.	I had a quarrel with him.	Would you rather I taught him a lesson for you?		P	I just had a quarrel with him.	nucleus	base	0.9	1.0	20260416	1997417192	50	50	200	31	31	2010 rans or Renault MEGANE is it?	2010 rans or renault megane is it?	2010 rans or Renault MEGANE is it?\nSpeaker 2: We are cousins. We have just returned from Quebec.\nSpeaker 1: I am guessing this is the 2005 toyota yaris.\nSpeaker 2: What a beautiful evening.\nSpeaker 1: Where is he going?\nSpeaker	-61.93731689453125	-62.84906005859375	-5.161443074544271	-5.23742167154948	12	12	-61.93731689453125	-62.84906005859375	-5.161443074544271	-5.23742167154948	0.9117431640625	0.0759785970052089	True	True	Would you rather I taught him a lesson for you?	just	0.0759785970052089	0.9117431640625	1	"Speaker 1: What's up? You look depressed.
Speaker 2: I just had a quarrel with him.
Speaker 1: "	"Speaker 1: What's up? You look depressed.
Speaker 2: I had a quarrel with him.
Speaker 1: "	Speaker 1
420	421	expanded_data	discourse_particle	57	just_j_11362	just	h	Would you mind if I ask your health status?	I just had a complete physical examination and passed with flying colors.	I had a complete physical examination and passed with flying colors.	That is good. We hope each of our future employees will be healthy and happy.		P	I just had a complete physical examination and passed with flying colors.	nucleus	base	0.9	1.0	20260416	1728911766	50	50	200	12	12	00:10 Are you taking any medication?	00:10 are you taking any medication?	00:10 Are you taking any medication?\nSpeaker 2: No, I don't. I feel great.\nSpeaker 1: 00:15 In order to keep you safe, it's important that we know whether you have any allergies.\nSpeaker 2: No. I'm not allergic to anything.\nSpeaker	-19.86651611328125	-20.549468994140625	-2.2073906792534723	-2.2832743326822915	9	9	-19.86651611328125	-20.549468994140625	-2.2073906792534723	-2.2832743326822915	0.682952880859375	0.0758836534288192	True	True	That is good. We hope each of our future employees will be healthy and happy.	just	0.0758836534288192	0.682952880859375	0	"Speaker 1: Would you mind if I ask your health status?
Speaker 2: I just had a complete physical examination and passed with flying colors.
Speaker 1: "	"Speaker 1: Would you mind if I ask your health status?
Speaker 2: I had a complete physical examination and passed with flying colors.
Speaker 1: "	Speaker 1
421	422	expanded_data	discourse_particle	6	just_j_638	just	h	Hello, do you have any vacancies?	Yes, something just opened up.	Yes, something opened up.	What kind of apartment is it?		P	Yes, something just opened up.	nucleus	base	0.9	1.0	20260416	894870064	50	50	200	3	3	10am is the latest that I can meet you.	10am is the latest that i can meet you.	10am is the latest that I can meet you.\nSpeaker 2: I'm fine with 8:30.\nSpeaker 1: Are you free to go to the restaurant tonight?\nSpeaker 2: I can make it if you really need me.\nSpeaker 1: It'll be short.\nSpeaker 2	-27.9068603515625	-28.7412109375	-2.5369873046875	-2.6128373579545454	11	11	-27.9068603515625	-28.7412109375	-2.5369873046875	-2.6128373579545454	0.8343505859375	0.0758500532670454	True	True	What kind of apartment is it?	just	0.0758500532670454	0.8343505859375	0	"Speaker 1: Hello, do you have any vacancies?
Speaker 2: Yes, something just opened up.
Speaker 1: "	"Speaker 1: Hello, do you have any vacancies?
Speaker 2: Yes, something opened up.
Speaker 1: "	Speaker 1
422	423	expanded_data	discourse_particle	47	just_e_6664	just	o	Hi, Jenny. Are still working?	Hi, Nancy. Come in please. I'm just putting away on my books.	Hi, Nancy. Come in please. I'm putting away on my books.	So, you are leaving, aren't you?		P	Hi, Nancy. Come in please. I'm just putting away on my books.	nucleus	base	0.9	1.0	20260416	2089130916	50	50	200	20	20	1'm a bit late today. Sorry, I hope I didn't keep you waiting.	1'm a bit late today. sorry, i hope i didn't keep you waiting.	1'm a bit late today. Sorry, I hope I didn't keep you waiting.\nSpeaker 2: That's all right, sit down. Can I make you a cup of tea?	-29.47674560546875	-30.84068298339844	-1.637596978081597	-1.7133712768554688	18	18	-29.47674560546875	-30.84068298339844	-1.637596978081597	-1.7133712768554688	1.3639373779296875	0.0757742987738714	True	True	So, you are leaving, aren't you?	just	0.0757742987738714	1.3639373779296875	1	"Speaker 1: Hi, Jenny. Are still working?
Speaker 2: Hi, Nancy. Come in please. I'm just putting away on my books.
Speaker 1: "	"Speaker 1: Hi, Jenny. Are still working?
Speaker 2: Hi, Nancy. Come in please. I'm putting away on my books.
Speaker 1: "	Speaker 1
423	424	expanded_data	discourse_particle	34	just_j_4722	just	h	Are you alright, Ethan? You don't seem to be as cheerful as you normally are.	To be honest, Ava, I've just had a really bad day.	To be honest, Ava, I've had a really bad day.	What happened?		P	To be honest, Ava, I've just had a really bad day.	nucleus	base	0.9	1.0	20260416	688632262	50	50	200	45	44	21 people died on your street this morning. Are you really going to call it a bad day?	21 people died on your street this morning. are you really going to call it a bad day?	21 people died on your street this morning. Are you really going to call it a bad day?\nSpeaker 2: I know, I'm sorry. I'm fine, just go back to whatever you were doing.	-44.67377853393555	-46.184349060058594	-2.233688926696777	-2.3092174530029297	20	20	-44.67377853393555	-46.184349060058594	-2.233688926696777	-2.3092174530029297	1.5105705261230469	0.0755285263061522	True	True	What happened?	just	0.0755285263061522	1.5105705261230469	1	"Speaker 1: Are you alright, Ethan? You don't seem to be as cheerful as you normally are.
Speaker 2: To be honest, Ava, I've just had a really bad day.
Speaker 1: "	"Speaker 1: Are you alright, Ethan? You don't seem to be as cheerful as you normally are.
Speaker 2: To be honest, Ava, I've had a really bad day.
Speaker 1: "	Speaker 1
424	425	expanded_data	discourse_particle	37	just_e_569	just	o	May I help you?	I'm just browsing, thanks.	I'm browsing, thanks.	We're on clearance sale now. Prices have up to twenty percent off. Do not miss the chance.		P	I'm just browsing, thanks.	nucleus	base	0.9	1.0	20260416	794732814	50	50	200	46	46	25% off if you buy 3 or more, did you see the family pack?	25% off if you buy 3 or more, did you see the family pack?	25% off if you buy 3 or more, did you see the family pack?\nSpeaker 2: I'm just browsing.\nSpeaker 1: Free delivery if you spend more than 50 pound, don't you think that's good? It's from Amazon.\nSpeaker 2: Yeah, I'm just	-37.61233139038086	-38.97061920166016	-2.08957396613227	-2.165034400092231	18	18	-37.61233139038086	-38.97061920166016	-2.08957396613227	-2.165034400092231	1.3582878112792969	0.0754604339599609	True	True	We're on clearance sale now. Prices have up to twenty percent off. Do not miss the chance.	just	0.0754604339599609	1.3582878112792969	1	"Speaker 1: May I help you?
Speaker 2: I'm just browsing, thanks.
Speaker 1: "	"Speaker 1: May I help you?
Speaker 2: I'm browsing, thanks.
Speaker 1: "	Speaker 1
425	426	expanded_data	discourse_particle	17	just_j_788	just	h	Excuse me. Does this bus go by Tiananmen square?__eou__Yes, it does.__eou__At which stop should I get off?	There is a stop at Tiananmen Square. The stops will be announced on the bus both in English and Chinese. When the stop is coming, you just push the red button near the rear door if you want to get off.	There is a stop at Tiananmen Square. The stops will be announced on the bus both in English and Chinese. When the stop is coming, you push the red button near the rear door if you want to get off.	Okay, thanks very much.		P	There is a stop at Tiananmen Square. The stops will be announced on the bus both in English and Chinese. When the stop is coming, you just push the red button near the rear door if you want to get off.	nucleus	base	0.9	1.0	20260416	327747180	50	50	200	47	45	0K, thank you so much.	0k, thank you so much.	0K, thank you so much.\nSpeaker 2: Welcome.\nhttps://1.diarne.com/wp-content/uploads/2018/05/Podcast-Transcript.mp3\nBus driver bus stations “Welcome” signs beijing subway	-11.539093017578123	-12.141731262207031	-1.4423866271972656	-1.517716407775879	8	8	-11.539093017578123	-12.141731262207031	-1.4423866271972656	-1.517716407775879	0.6026382446289062	0.0753297805786132	True	True	Okay, thanks very much.	just	0.0753297805786132	0.6026382446289062	0	"Speaker 1: Excuse me. Does this bus go by Tiananmen square?
Speaker 2: Yes, it does.
Speaker 1: At which stop should I get off?
Speaker 2: There is a stop at Tiananmen Square. The stops will be announced on the bus both in English and Chinese. When the stop is coming, you just push the red button near the rear door if you want to get off.
Speaker 1: "	"Speaker 1: Excuse me. Does this bus go by Tiananmen square?
Speaker 2: Yes, it does.
Speaker 1: At which stop should I get off?
Speaker 2: There is a stop at Tiananmen Square. The stops will be announced on the bus both in English and Chinese. When the stop is coming, you push the red button near the rear door if you want to get off.
Speaker 1: "	Speaker 1
426	427	expanded_data	discourse_particle	45	just_e_1267	just	o	Hi. Can I help you?	No, thanks. I’m just looking around.	No, thanks. I’m looking around.	Okay. Please let me know if you need any help.		P	No, thanks. I’m just looking around.	nucleus	base	0.9	1.0	20260416	372474554	50	50	200	12	12	Right, OK. Come in, make yourself at home.	right, ok. come in, make yourself at home.	 Right, OK. Come in, make yourself at home.\nSpeaker 2:  You’re the manager, aren’t you?\nSpeaker 1:  That’s right. My name’s Sarah. Welcome to our shop.\nSpeaker 2:  Thank you. I think I’ll try these on	-23.837746620178223	-24.74120712280273	-1.986478885014852	-2.061767260233561	12	12	-23.837746620178223	-24.74120712280273	-1.986478885014852	-2.061767260233561	0.9034605026245116	0.0752883752187092	True	True	Okay. Please let me know if you need any help.	just	0.0752883752187092	0.9034605026245116	1	"Speaker 1: Hi. Can I help you?
Speaker 2: No, thanks. I’m just looking around.
Speaker 1: "	"Speaker 1: Hi. Can I help you?
Speaker 2: No, thanks. I’m looking around.
Speaker 1: "	Speaker 1
427	428	expanded_data	discourse_particle	32	just_e_1907	just	o	How was your morning jog?__eou__Very good. I feel quite refreshed now! You should come with me sometime - exercise is good for you!__eou__To be honest, I’d rather watch television! Where did you go?	I just ran alongside the main road.	I ran alongside the main road.	Oh you ought to go to the park next time. They have a route for joggers there.		P	I just ran alongside the main road.	nucleus	base	0.9	1.0	20260416	1659924286	50	50	200	46	46	Oh, I’m not sure I’d feel comfortable doing that. Can you get fit just by running alongside a busy road?	oh, i’m not sure i’d feel comfortable doing that. can you get fit just by running alongside a busy road?	 Oh, I’m not sure I’d feel comfortable doing that. Can you get fit just by running alongside a busy road?\nSpeaker 2:  You’re right. Exercise should be done in the countryside.\nSpeaker 1:  Or in a park? Maybe that’s better?\nSpeaker 2: 	-37.4876708984375	-39.36714172363281	-1.4995068359375	-1.5746856689453126	25	25	-37.4876708984375	-39.36714172363281	-1.4995068359375	-1.5746856689453126	1.8794708251953125	0.0751788330078127	True	True	Oh you ought to go to the park next time. They have a route for joggers there.	just	0.0751788330078127	1.8794708251953125	1	"Speaker 1: How was your morning jog?
Speaker 2: Very good. I feel quite refreshed now! You should come with me sometime - exercise is good for you!
Speaker 1: To be honest, I’d rather watch television! Where did you go?
Speaker 2: I just ran alongside the main road.
Speaker 1: "	"Speaker 1: How was your morning jog?
Speaker 2: Very good. I feel quite refreshed now! You should come with me sometime - exercise is good for you!
Speaker 1: To be honest, I’d rather watch television! Where did you go?
Speaker 2: I ran alongside the main road.
Speaker 1: "	Speaker 1
428	429	expanded_data	discourse_particle	25	just_j_12662	just	h	Is everything all right?__eou__Not at all.__eou__What's the problem?	Someone just robbed me.	Someone robbed me.	What do you mean?		P	Someone just robbed me.	nucleus	base	0.9	1.0	20260416	310199087	50	50	200	53	45	5mg. I guess you better call 911.	5mg. i guess you better call 911.	5mg. I guess you better call 911.\nSpeaker 2: I don't have any money.\nSpeaker 1: I'll pay for the call. My name's Paul.\nSpeaker 2: I'm Laura. Thank you.	-37.013427734375	-37.8388671875	-3.364857066761364	-3.4398970170454546	11	11	-37.013427734375	-37.8388671875	-3.364857066761364	-3.4398970170454546	0.825439453125	0.0750399502840908	True	True	What do you mean?	just	0.0750399502840908	0.825439453125	0	"Speaker 1: Is everything all right?
Speaker 2: Not at all.
Speaker 1: What's the problem?
Speaker 2: Someone just robbed me.
Speaker 1: "	"Speaker 1: Is everything all right?
Speaker 2: Not at all.
Speaker 1: What's the problem?
Speaker 2: Someone robbed me.
Speaker 1: "	Speaker 1
429	430	expanded_data	discourse_particle	40	just_j_7614	just	h	Hey Michelle. Good to see you. Are you at lunch?	Oh hi Jim. No I just got back. I thought you were on vacation now.	Oh hi Jim. No I got back. I thought you were on vacation now.	No, I wish I was! I just got back from Spain actually.		P	Oh hi Jim. No I just got back. I thought you were on vacation now.	nucleus	base	0.9	1.0	20260416	135797504	50	50	200	8	8	Yeah, but it’s my first day at my new job. I had to come in and get trained.	yeah, but it’s my first day at my new job. i had to come in and get trained.	 Yeah, but it’s my first day at my new job. I had to come in and get trained.\nSpeaker 2: Oh okay. Good for you. Are you excited?\nSpeaker 1: Yeah. I’m ready to start. I’m tired of being unemployed.\nSpeaker 2: Hey Michelle.	-35.4102783203125	-37.05908203125	-1.60955810546875	-1.684503728693182	22	22	-35.4102783203125	-37.05908203125	-1.60955810546875	-1.684503728693182	1.6488037109375	0.0749456232244318	True	True	No, I wish I was! I just got back from Spain actually.	just	0.0749456232244318	1.6488037109375	0	"Speaker 1: Hey Michelle. Good to see you. Are you at lunch?
Speaker 2: Oh hi Jim. No I just got back. I thought you were on vacation now.
Speaker 1: "	"Speaker 1: Hey Michelle. Good to see you. Are you at lunch?
Speaker 2: Oh hi Jim. No I got back. I thought you were on vacation now.
Speaker 1: "	Speaker 1
430	431	expanded_data	discourse_particle	46	just_e_9397	just	o	Why's the plane shaking?	It's just some turbulence.	It's some turbulence.	I'm scared.		P	It's just some turbulence.	nucleus	base	0.9	1.0	20260416	1597493084	50	50	200	37	37	It's not turbulence, it's not supposed to be flying like this.	it's not turbulence, it's not supposed to be flying like this.	 It's not turbulence, it's not supposed to be flying like this.\nSpeaker 2:  Oh, um, well I'm not a pilot.\nSpeaker 1:  What did the air marshal do when the terrorist tried to hijack the plane?\nSpeaker 2:  He put a bullet in his	-23.37585830688477	-24.497970581054688	-1.5583905537923175	-1.633198038736979	15	15	-23.37585830688477	-24.497970581054688	-1.5583905537923175	-1.633198038736979	1.122112274169922	0.0748074849446613	True	True	I'm scared.	just	0.0748074849446613	1.122112274169922	1	"Speaker 1: Why's the plane shaking?
Speaker 2: It's just some turbulence.
Speaker 1: "	"Speaker 1: Why's the plane shaking?
Speaker 2: It's some turbulence.
Speaker 1: "	Speaker 1
431	432	expanded_data	discourse_particle	16	just_e_9268	just	o	Hi, Jane. How are you doing this morning?	I’m all right, thanks. Just a little tired.	I’m all right, thanks. A little tired.	Late night?		P	I’m all right, thanks. Just a little tired.	nucleus	base	0.9	1.0	20260416	898572865	50	50	200	39	39	Don’t let your defenses down. The enemy can’t afford to let you sleep.	don’t let your defenses down. the enemy can’t afford to let you sleep.	 Don’t let your defenses down. The enemy can’t afford to let you sleep.\nSpeaker 2: Oh, what is that?\nSpeaker 1:   A staff briefing on the general’s plans for the area. He wants to know your views. He wants to know how you think the enemy will counterattack	-40.45281219482422	-41.72320556640625	-2.3795771879308365	-2.454306209788603	17	17	-40.45281219482422	-41.72320556640625	-2.3795771879308365	-2.454306209788603	1.2703933715820312	0.0747290218577663	True	True	Late night?	just	0.0747290218577663	1.2703933715820312	1	"Speaker 1: Hi, Jane. How are you doing this morning?
Speaker 2: I’m all right, thanks. Just a little tired.
Speaker 1: "	"Speaker 1: Hi, Jane. How are you doing this morning?
Speaker 2: I’m all right, thanks. A little tired.
Speaker 1: "	Speaker 1
432	433	expanded_data	discourse_particle	37	just_e_569	just	o	May I help you?	I'm just browsing, thanks.	I'm browsing, thanks.	We're on clearance sale now. Prices have up to twenty percent off. Do not miss the chance.		P	I'm just browsing, thanks.	nucleus	base	0.9	1.0	20260416	794732814	50	50	200	12	12	24p on Kodak Ultra paper, whatever paper you can afford.	24p on kodak ultra paper, whatever paper you can afford.	24p on Kodak Ultra paper, whatever paper you can afford.\nSpeaker 1: I have a special this week.\nSpeaker 2: Yeah, how much?\nSpeaker 1: 24p for 11p.\nSpeaker 2: Do you have a computer here?\nSpeaker 1: Yeah, we	-54.26666259765625	-55.31227111816406	-3.876190185546875	-3.9508765084402895	14	14	-54.26666259765625	-55.31227111816406	-3.876190185546875	-3.9508765084402895	1.0456085205078125	0.0746863228934153	True	True	We're on clearance sale now. Prices have up to twenty percent off. Do not miss the chance.	just	0.0746863228934153	1.0456085205078125	1	"Speaker 1: May I help you?
Speaker 2: I'm just browsing, thanks.
Speaker 1: "	"Speaker 1: May I help you?
Speaker 2: I'm browsing, thanks.
Speaker 1: "	Speaker 1
433	434	expanded_data	discourse_particle	58	just_j_8648	just	h	what sort of music do you like?	I love just about anything by Prince.	I love about anything by Prince.	so, you're into 80s music then?		P	I love just about anything by Prince.	nucleus	base	0.9	1.0	20260416	1138373084	50	50	200	35	35	1980's era Prince is my favorite. That's when he really shined, in my opinion.	1980's era prince is my favorite. that's when he really shined, in my opinion.	1980's era Prince is my favorite. That's when he really shined, in my opinion.\nSpeaker 2: You mean my 1980's era Prince?\nSpeaker 1: Yeah, you're right. It's really all your era.\nIt might be a stretch, but from an academic standpoint,	-36.99850463867188	-38.56146240234375	-1.7618335542224703	-1.8362601143973207	21	21	-36.99850463867188	-38.56146240234375	-1.7618335542224703	-1.8362601143973207	1.562957763671875	0.074426560174851	True	True	so, you're into 80s music then?	just	0.074426560174851	1.562957763671875	0	"Speaker 1: what sort of music do you like?
Speaker 2: I love just about anything by Prince.
Speaker 1: "	"Speaker 1: what sort of music do you like?
Speaker 2: I love about anything by Prince.
Speaker 1: "	Speaker 1
434	435	expanded_data	discourse_particle	45	just_e_1267	just	o	Hi. Can I help you?	No, thanks. I’m just looking around.	No, thanks. I’m looking around.	Okay. Please let me know if you need any help.		P	No, thanks. I’m just looking around.	nucleus	base	0.9	1.0	20260416	372474554	50	50	200	11	11	1964 Pontiac Bonneville convertible in really nice condition.	1964 pontiac bonneville convertible in really nice condition.	1964 Pontiac Bonneville convertible in really nice condition.\nSpeaker 2: No, thank you.\nSpeaker 1: Well, how about this 1980 Chevrolet Corvette? I’ve got a photo of the car I took last night, if you’re interested.\nSpeaker 2: It’s great car.	-29.094905853271484	-30.062145233154297	-2.238069681020884	-2.312472710242638	13	13	-29.094905853271484	-30.062145233154297	-2.238069681020884	-2.312472710242638	0.9672393798828124	0.0744030292217545	True	True	Okay. Please let me know if you need any help.	just	0.0744030292217545	0.9672393798828124	1	"Speaker 1: Hi. Can I help you?
Speaker 2: No, thanks. I’m just looking around.
Speaker 1: "	"Speaker 1: Hi. Can I help you?
Speaker 2: No, thanks. I’m looking around.
Speaker 1: "	Speaker 1
435	436	expanded_data	discourse_particle	36	just_j_8556	just	h	I think I'm going to go home.	Why? We just got here.	Why? We got here.	I know, but it's 12		P	Why? We just got here.	nucleus	base	0.9	1.0	20260416	1188910665	50	50	200	31	31	1 You look like someone just stepped on your last nerve. Come on. What's going on? You can tell me.	1 you look like someone just stepped on your last nerve. come on. what's going on? you can tell me.	1 You look like someone just stepped on your last nerve. Come on. What's going on? You can tell me.\nSpeaker 2: It's a fight between Al and Frank.\nSpeaker 1: Oh God, I hope not. I don't want to get involved in that. Let's just go.	-49.10955047607422	-50.968299865722656	-1.9643820190429688	-2.038731994628906	25	25	-49.10955047607422	-50.968299865722656	-1.9643820190429688	-2.038731994628906	1.8587493896484373	0.0743499755859373	True	True	I know, but it's 12	just	0.0743499755859373	1.8587493896484373	1	"Speaker 1: I think I'm going to go home.
Speaker 2: Why? We just got here.
Speaker 1: "	"Speaker 1: I think I'm going to go home.
Speaker 2: Why? We got here.
Speaker 1: "	Speaker 1
436	437	expanded_data	discourse_particle	0	just_e_1157	just	o	Is there something I can help you with?	No, I'm just browsing. Thanks anyway.	No, I'm browsing. Thanks anyway.	Ok.		P	No, I'm just browsing. Thanks anyway.	nucleus	base	0.9	1.0	20260416	1069069550	50	50	200	24	24	07.49 Do you want to call the number?	07.49 do you want to call the number?	07.49 Do you want to call the number?\nSpeaker 2: No, I'm just looking.	-35.3406982421875	-36.1558837890625	-3.212790749289773	-3.286898526278409	11	11	-35.3406982421875	-36.1558837890625	-3.212790749289773	-3.286898526278409	0.815185546875	0.0741077769886362	True	True	Ok.	just	0.0741077769886362	0.815185546875	1	"Speaker 1: Is there something I can help you with?
Speaker 2: No, I'm just browsing. Thanks anyway.
Speaker 1: "	"Speaker 1: Is there something I can help you with?
Speaker 2: No, I'm browsing. Thanks anyway.
Speaker 1: "	Speaker 1
437	438	expanded_data	discourse_particle	39	just_e_1246	just	o	Good afternoon, ma'am. Can I help you find anything?	No, thanks. I'm just looking.	No, thanks. I'm looking.	We have a special on these skirts this week. Would you like to try one on?		P	No, thanks. I'm just looking.	nucleus	base	0.9	1.0	20260416	1062489368	50	50	200	41	41	0:00 OK, you can try those. Or maybe something in the other direction. Or maybe something over here.	0:00 ok, you can try those. or maybe something in the other direction. or maybe something over here.	0:00 OK, you can try those. Or maybe something in the other direction. Or maybe something over here.\nSpeaker 2: 0:08 Well, thank you. But you know what? I think I'm going to just go home and check online.\nSpeaker 1: 0:14 OK	-59.22509765625	-60.9976806640625	-2.46771240234375	-2.541570027669271	24	24	-59.22509765625	-60.9976806640625	-2.46771240234375	-2.541570027669271	1.7725830078125	0.0738576253255209	True	True	We have a special on these skirts this week. Would you like to try one on?	just	0.0738576253255209	1.7725830078125	0	"Speaker 1: Good afternoon, ma'am. Can I help you find anything?
Speaker 2: No, thanks. I'm just looking.
Speaker 1: "	"Speaker 1: Good afternoon, ma'am. Can I help you find anything?
Speaker 2: No, thanks. I'm looking.
Speaker 1: "	Speaker 1
438	439	expanded_data	discourse_particle	0	just_e_1157	just	o	Is there something I can help you with?	No, I'm just browsing. Thanks anyway.	No, I'm browsing. Thanks anyway.	Ok.		P	No, I'm just browsing. Thanks anyway.	nucleus	base	0.9	1.0	20260416	1069069550	50	50	200	21	21	I do like those books on the shelf.	i do like those books on the shelf.	 I do like those books on the shelf.\nSpeaker 2:  Right, right, yeah. They're pretty popular.\nSpeaker 1:  Where do they keep the dictionaries?\nSpeaker 2:  They're not really into dictionaries around here.\nSpeaker 1:  What about the	-28.6748046875	-29.337890625	-3.1860894097222223	-3.259765625	9	9	-28.6748046875	-29.337890625	-3.1860894097222223	-3.259765625	0.6630859375	0.0736762152777776	True	True	Ok.	just	0.0736762152777776	0.6630859375	1	"Speaker 1: Is there something I can help you with?
Speaker 2: No, I'm just browsing. Thanks anyway.
Speaker 1: "	"Speaker 1: Is there something I can help you with?
Speaker 2: No, I'm browsing. Thanks anyway.
Speaker 1: "	Speaker 1
439	440	expanded_data	discourse_particle	10	just_j_12718	just	h	Hello Mr Waterstone, what can I do for you today?	Hello, Becky. Well, you see, I have this thing here, called a Fixed Deposit Certificate, and I've just noticed the date on it.	Hello, Becky. Well, you see, I have this thing here, called a Fixed Deposit Certificate, and I've noticed the date on it.	Oh, I see. You have two choices here you can either redeem or renew.		P	Hello, Becky. Well, you see, I have this thing here, called a Fixed Deposit Certificate, and I've just noticed the date on it.	nucleus	base	0.9	1.0	20260416	1476190778	50	50	200	50	50	5th July 1985?	5th july 1985?	5th July 1985?\nSpeaker 2: Exactly! Now I want to use the money, but the bankers will not give me the cash! They said I have to keep it until the time of the fixed deposit is up. That's in July 1988. Then I can have the cash. What	-14.65966796875	-15.175048828125	-2.09423828125	-2.167864118303572	7	7	-14.65966796875	-15.175048828125	-2.09423828125	-2.167864118303572	0.515380859375	0.0736258370535716	True	True	Oh, I see. You have two choices here you can either redeem or renew.	just	0.0736258370535716	0.515380859375	0	"Speaker 1: Hello Mr Waterstone, what can I do for you today?
Speaker 2: Hello, Becky. Well, you see, I have this thing here, called a Fixed Deposit Certificate, and I've just noticed the date on it.
Speaker 1: "	"Speaker 1: Hello Mr Waterstone, what can I do for you today?
Speaker 2: Hello, Becky. Well, you see, I have this thing here, called a Fixed Deposit Certificate, and I've noticed the date on it.
Speaker 1: "	Speaker 1
440	441	expanded_data	discourse_particle	51	just_j_2401	just	h	This motor oil case is still really slippery.__eou__Yeah, time for more coffee!__eou__Sure, why not? I think I want a chocolate chip cookie, too.	By the way, I heard Kitty's just got in a shipment of Jamaican Blue Mountain.	By the way, I heard Kitty's got in a shipment of Jamaican Blue Mountain.	So what?		P	By the way, I heard Kitty's just got in a shipment of Jamaican Blue Mountain.	nucleus	base	0.9	1.0	20260416	2004638241	50	50	200	28	27	15 bucks an ounce.	15 bucks an ounce.	15 bucks an ounce.\nSpeaker 2: You know it!\nThis motor oil case is still really slippery.\nI think I want a chocolate chip cookie, too.\nJamaican Blue Mountain, you know it!\nScene Heading: Airport loading dock, SUNSET FLIGHT TO MEXICO.\nINTERIOR, DAY.	-9.985443115234377	-10.3516845703125	-1.997088623046875	-2.0703369140625	5	5	-9.985443115234377	-10.3516845703125	-1.997088623046875	-2.0703369140625	0.366241455078125	0.0732482910156251	True	True	So what?	just	0.0732482910156251	0.366241455078125	0	"Speaker 1: This motor oil case is still really slippery.
Speaker 2: Yeah, time for more coffee!
Speaker 1: Sure, why not? I think I want a chocolate chip cookie, too.
Speaker 2: By the way, I heard Kitty's just got in a shipment of Jamaican Blue Mountain.
Speaker 1: "	"Speaker 1: This motor oil case is still really slippery.
Speaker 2: Yeah, time for more coffee!
Speaker 1: Sure, why not? I think I want a chocolate chip cookie, too.
Speaker 2: By the way, I heard Kitty's got in a shipment of Jamaican Blue Mountain.
Speaker 1: "	Speaker 1
441	442	expanded_data	discourse_particle	49	just_e_9416	just	o	How many people are traveling with you today, miss?	Just me. I'm traveling alone.	Me. I'm traveling alone.	And how many bags do you have?		P	Just me. I'm traveling alone.	nucleus	base	0.9	1.0	20260416	870165245	50	50	200	4	4	53. Have you ever traveled by yourself?	53. have you ever traveled by yourself?	53. Have you ever traveled by yourself?\nSpeaker 2: Not really. How do you make friends?\nSpeaker 1: How do you find someone to help you with your luggage?\nSpeaker 2: Are you a mother, daughter, wife or father, husband?\nSpeaker 1: One. Are you on	-22.647705078125	-23.3056640625	-2.5164116753472223	-2.5895182291666665	9	9	-22.647705078125	-23.3056640625	-2.5164116753472223	-2.5895182291666665	0.657958984375	0.0731065538194442	True	True	And how many bags do you have?	just	0.0731065538194442	0.657958984375	0	"Speaker 1: How many people are traveling with you today, miss?
Speaker 2: Just me. I'm traveling alone.
Speaker 1: "	"Speaker 1: How many people are traveling with you today, miss?
Speaker 2: Me. I'm traveling alone.
Speaker 1: "	Speaker 1
442	443	expanded_data	discourse_particle	58	just_j_8648	just	h	what sort of music do you like?	I love just about anything by Prince.	I love about anything by Prince.	so, you're into 80s music then?		P	I love just about anything by Prince.	nucleus	base	0.9	1.0	20260416	1138373084	50	50	200	43	43	I hear he's getting divorced.	i hear he's getting divorced.	 I hear he's getting divorced.\nSpeaker 2: I suppose if you’re going to divorce someone, Prince is not the kind of guy you'd want to end up in a bitter divorce battle with.\nSpeaker 3: I have to agree. He may seem nice, but he does seem a bit of a	-17.5556640625	-18.06640625	-2.507952008928572	-2.5809151785714284	7	7	-17.5556640625	-18.06640625	-2.507952008928572	-2.5809151785714284	0.5107421875	0.0729631696428567	True	True	so, you're into 80s music then?	just	0.0729631696428567	0.5107421875	0	"Speaker 1: what sort of music do you like?
Speaker 2: I love just about anything by Prince.
Speaker 1: "	"Speaker 1: what sort of music do you like?
Speaker 2: I love about anything by Prince.
Speaker 1: "	Speaker 1
443	444	expanded_data	discourse_particle	45	just_e_1267	just	o	Hi. Can I help you?	No, thanks. I’m just looking around.	No, thanks. I’m looking around.	Okay. Please let me know if you need any help.		P	No, thanks. I’m just looking around.	nucleus	base	0.9	1.0	20260416	372474554	50	50	200	8	8	Good luck finding what you’re looking for.	good luck finding what you’re looking for.	" Good luck finding what you’re looking for.\nThe Definition of ""So Help Me God""\nFirst, you must understand that  every person of authority takes an oath, promising to carry out their duties honestly. The law requires that every judge and justice of the peace take this oath.\nSo what does it mean to say"	-10.838688850402832	-11.48976707458496	-1.2042987611558702	-1.2766407860649958	9	9	-10.838688850402832	-11.48976707458496	-1.2042987611558702	-1.2766407860649958	0.6510782241821289	0.0723420249091255	True	True	Okay. Please let me know if you need any help.	just	0.0723420249091255	0.6510782241821289	1	"Speaker 1: Hi. Can I help you?
Speaker 2: No, thanks. I’m just looking around.
Speaker 1: "	"Speaker 1: Hi. Can I help you?
Speaker 2: No, thanks. I’m looking around.
Speaker 1: "	Speaker 1
444	445	expanded_data	discourse_particle	57	just_j_11362	just	h	Would you mind if I ask your health status?	I just had a complete physical examination and passed with flying colors.	I had a complete physical examination and passed with flying colors.	That is good. We hope each of our future employees will be healthy and happy.		P	I just had a complete physical examination and passed with flying colors.	nucleus	base	0.9	1.0	20260416	1728911766	50	50	200	24	24	0K, but are you taking any medications for high blood pressure, diabetes, or a thyroid disorder?	0k, but are you taking any medications for high blood pressure, diabetes, or a thyroid disorder?	0K, but are you taking any medications for high blood pressure, diabetes, or a thyroid disorder?\nSpeaker 2: No, and I don’t have a history of cancer.\nSpeaker 1: Have you received the COVID-19 vaccine?\nSpeaker 2: Yes, 2 shots in the past couple of	-36.96470642089844	-38.48241424560547	-1.760224115280878	-1.8324959164574035	21	21	-36.96470642089844	-38.48241424560547	-1.760224115280878	-1.8324959164574035	1.5177078247070312	0.0722718011765253	True	True	That is good. We hope each of our future employees will be healthy and happy.	just	0.0722718011765253	1.5177078247070312	0	"Speaker 1: Would you mind if I ask your health status?
Speaker 2: I just had a complete physical examination and passed with flying colors.
Speaker 1: "	"Speaker 1: Would you mind if I ask your health status?
Speaker 2: I had a complete physical examination and passed with flying colors.
Speaker 1: "	Speaker 1
445	446	expanded_data	discourse_particle	5	just_e_4508	just	o	Mom, have we got any cookies?	Cookies? You just ate an hour ago.	Cookies? You ate an hour ago.	I know, but I'm hungry.		P	Cookies? You just ate an hour ago.	nucleus	base	0.9	1.0	20260416	1255810015	50	50	200	19	19	Well, I like cookies.	well, i like cookies.	 Well, I like cookies.\nSpeaker 2: Oh, well, I don't think you want cookies.\nSpeaker 3: I'm watching TV, you know?\nSpeaker 2: I know, honey. But you've been very, very good.\nSpeaker 4: You're doing great, honey.\n	-11.021484375	-11.45458984375	-1.8369140625	-1.9090983072916667	6	6	-11.021484375	-11.45458984375	-1.8369140625	-1.9090983072916667	0.43310546875	0.0721842447916667	True	True	I know, but I'm hungry.	just	0.0721842447916667	0.43310546875	0	"Speaker 1: Mom, have we got any cookies?
Speaker 2: Cookies? You just ate an hour ago.
Speaker 1: "	"Speaker 1: Mom, have we got any cookies?
Speaker 2: Cookies? You ate an hour ago.
Speaker 1: "	Speaker 1
446	447	expanded_data	discourse_particle	4	just_j_1627	just	h	Excuse me, do you have the latest issue of Newsworld?	Yes, this week's issue just came in. Here it is.	Yes, this week's issue came in. Here it is.	How about Music Madness?		P	Yes, this week's issue just came in. Here it is.	nucleus	base	0.9	1.0	20260416	63091100	50	50	200	37	36	10 cents, please.	10 cents, please.	10 cents, please.\nSpeaker 2: Sure, that'll be ten cents.\nSpeaker 1: I'll pay for it later. See you.\nSpeaker 2: Yes, see you.\nSpeaker 3: Please keep quiet. I can't concentrate.\nSpeaker 4: Sorry, I didn't mean to	-9.544921875	-9.90582275390625	-1.908984375	-1.98116455078125	5	5	-9.544921875	-9.90582275390625	-1.908984375	-1.98116455078125	0.36090087890625	0.0721801757812501	True	True	How about Music Madness?	just	0.0721801757812501	0.36090087890625	1	"Speaker 1: Excuse me, do you have the latest issue of Newsworld?
Speaker 2: Yes, this week's issue just came in. Here it is.
Speaker 1: "	"Speaker 1: Excuse me, do you have the latest issue of Newsworld?
Speaker 2: Yes, this week's issue came in. Here it is.
Speaker 1: "	Speaker 1
447	448	expanded_data	discourse_particle	8	just_j_498	just	h	I'm hungry. Do we have anything to eat?	Just a few cookies.	A few cookies.	That's fine with me.		P	Just a few cookies.	nucleus	base	0.9	1.0	20260416	470286339	50	50	200	38	38	これで満腹ですよ、犬さん。 Thank you!	これで満腹ですよ、犬さん。 thank you!	これで満腹ですよ、犬さん。 Thank you!\nSpeaker 2: You really do have a lot of appetites!	-43.32908630371094	-44.26524353027344	-3.333006638746995	-3.4050187330979567	13	13	-43.32908630371094	-44.26524353027344	-3.333006638746995	-3.4050187330979567	0.9361572265625	0.0720120943509616	True	True	That's fine with me.	just	0.0720120943509616	0.9361572265625	0	"Speaker 1: I'm hungry. Do we have anything to eat?
Speaker 2: Just a few cookies.
Speaker 1: "	"Speaker 1: I'm hungry. Do we have anything to eat?
Speaker 2: A few cookies.
Speaker 1: "	Speaker 1
448	449	expanded_data	discourse_particle	37	just_e_569	just	o	May I help you?	I'm just browsing, thanks.	I'm browsing, thanks.	We're on clearance sale now. Prices have up to twenty percent off. Do not miss the chance.		P	I'm just browsing, thanks.	nucleus	base	0.9	1.0	20260416	794732814	50	50	200	27	27	100% bamboo is certified by the FSC or does that not matter?	100% bamboo is certified by the fsc or does that not matter?	100% bamboo is certified by the FSC or does that not matter?\nSpeaker 2: Well, I wouldn't say so. Well, it's better than plastic, that's for sure.\nSpeaker 1: Do you stock remotes made from bamboo?\nSpeaker 2: Yes, we do.\nSpeaker 	-44.601165771484375	-45.679229736328125	-2.973411051432292	-3.045281982421875	15	15	-44.601165771484375	-45.679229736328125	-2.973411051432292	-3.045281982421875	1.07806396484375	0.0718709309895833	True	True	We're on clearance sale now. Prices have up to twenty percent off. Do not miss the chance.	just	0.0718709309895833	1.07806396484375	1	"Speaker 1: May I help you?
Speaker 2: I'm just browsing, thanks.
Speaker 1: "	"Speaker 1: May I help you?
Speaker 2: I'm browsing, thanks.
Speaker 1: "	Speaker 1
449	450	expanded_data	discourse_particle	48	just_e_976	just	o	Is there anything I can do for you?__eou__I'm looking for a black, leather bag.__eou__How's this?	I'm just looking.	I'm looking.	If you need any help, let me know.		P	I'm just looking.	nucleus	base	0.9	1.0	20260416	711530636	50	50	200	50	50	10% off, and it's in the sale, so you can have it for 29.99. Look, it's lovely. All you have to do is buy a pair of earrings to go with it.	10% off, and it's in the sale, so you can have it for 29.99. look, it's lovely. all you have to do is buy a pair of earrings to go with it.	10% off, and it's in the sale, so you can have it for 29.99. Look, it's lovely. All you have to do is buy a pair of earrings to go with it.\nSpeaker 2: Okay. I'm just looking.\nSpeaker 1: Do you want to choose	-73.10595703125	-76.26593780517578	-1.6614990234375	-1.7333167682994497	44	44	-73.10595703125	-76.26593780517578	-1.6614990234375	-1.7333167682994497	3.159980773925781	0.0718177448619494	True	True	If you need any help, let me know.	just	0.0718177448619494	3.159980773925781	1	"Speaker 1: Is there anything I can do for you?
Speaker 2: I'm looking for a black, leather bag.
Speaker 1: How's this?
Speaker 2: I'm just looking.
Speaker 1: "	"Speaker 1: Is there anything I can do for you?
Speaker 2: I'm looking for a black, leather bag.
Speaker 1: How's this?
Speaker 2: I'm looking.
Speaker 1: "	Speaker 1
450	451	expanded_data	discourse_particle	57	just_j_11362	just	h	Would you mind if I ask your health status?	I just had a complete physical examination and passed with flying colors.	I had a complete physical examination and passed with flying colors.	That is good. We hope each of our future employees will be healthy and happy.		P	I just had a complete physical examination and passed with flying colors.	nucleus	base	0.9	1.0	20260416	1728911766	50	50	200	30	30	16 Hg . I'm sorry.	16 hg . i'm sorry.	16 Hg . I'm sorry.\nSpeaker 2: I don't feel well. 120 over 80 is fine.\nSpeaker 1: So do you smoke?	-32.51953125	-33.09375	-4.06494140625	-4.13671875	8	8	-32.51953125	-33.09375	-4.06494140625	-4.13671875	0.57421875	0.07177734375	True	True	That is good. We hope each of our future employees will be healthy and happy.	just	0.07177734375	0.57421875	0	"Speaker 1: Would you mind if I ask your health status?
Speaker 2: I just had a complete physical examination and passed with flying colors.
Speaker 1: "	"Speaker 1: Would you mind if I ask your health status?
Speaker 2: I had a complete physical examination and passed with flying colors.
Speaker 1: "	Speaker 1
451	452	expanded_data	discourse_particle	37	just_e_569	just	o	May I help you?	I'm just browsing, thanks.	I'm browsing, thanks.	We're on clearance sale now. Prices have up to twenty percent off. Do not miss the chance.		P	I'm just browsing, thanks.	nucleus	base	0.9	1.0	20260416	794732814	50	50	200	19	19	1996 Alfa Romeo 105. Just in!	1996 alfa romeo 105. just in!	1996 Alfa Romeo 105. Just in!\nSpeaker 2: Nice...sorry, wrong car.\nSpeaker 2: The Ferrari poster on the wall.\nSpeaker 1: Oh, right. It's true. They're all identical, aren't they?	-34.6641845703125	-35.453643798828125	-3.1512895063920454	-3.2230585271661933	11	11	-34.6641845703125	-35.453643798828125	-3.1512895063920454	-3.2230585271661933	0.789459228515625	0.0717690207741479	True	True	We're on clearance sale now. Prices have up to twenty percent off. Do not miss the chance.	just	0.0717690207741479	0.789459228515625	1	"Speaker 1: May I help you?
Speaker 2: I'm just browsing, thanks.
Speaker 1: "	"Speaker 1: May I help you?
Speaker 2: I'm browsing, thanks.
Speaker 1: "	Speaker 1
452	453	expanded_data	discourse_particle	3	just_e_2798	just	o	Hello, sir. Is there anything I can help you find?	Um ... Uh ... I'm just looking, thanks.	Um ... Uh ... I'm looking, thanks.	Need a gift for your girlfriend or wife?		P	Um ... Uh ... I'm just looking, thanks.	nucleus	base	0.9	1.0	20260416	1422891503	50	50	200	27	27	Do you need any help finding something, sir?	do you need any help finding something, sir?	 Do you need any help finding something, sir?\nSpeaker 2:  Actually, I was just looking around. Thanks.\nSpeaker 1:  Sir, would you like any help finding something?\nSpeaker 2:  Um ... I'm just looking around, thanks.\nSpeaker 1:  Sir,	-13.79205322265625	-14.508987426757812	-1.379205322265625	-1.4508987426757811	10	10	-13.79205322265625	-14.508987426757812	-1.379205322265625	-1.4508987426757811	0.7169342041015625	0.0716934204101562	True	True	Need a gift for your girlfriend or wife?	just	0.0716934204101562	0.7169342041015625	1	"Speaker 1: Hello, sir. Is there anything I can help you find?
Speaker 2: Um ... Uh ... I'm just looking, thanks.
Speaker 1: "	"Speaker 1: Hello, sir. Is there anything I can help you find?
Speaker 2: Um ... Uh ... I'm looking, thanks.
Speaker 1: "	Speaker 1
453	454	expanded_data	discourse_particle	40	just_j_7614	just	h	Hey Michelle. Good to see you. Are you at lunch?	Oh hi Jim. No I just got back. I thought you were on vacation now.	Oh hi Jim. No I got back. I thought you were on vacation now.	No, I wish I was! I just got back from Spain actually.		P	Oh hi Jim. No I just got back. I thought you were on vacation now.	nucleus	base	0.9	1.0	20260416	135797504	50	50	200	28	28	No I took a day off today, but I'm working next week.	no i took a day off today, but i'm working next week.	 No I took a day off today, but I'm working next week.\nSpeaker 2:  Oh good. I'm glad to hear that. Is there anything you want me to bring?\nSpeaker 1: Yes you can bring me a blueberry muffin and some coffee.\nSpeaker 2: I	-24.333984375	-25.4088134765625	-1.622265625	-1.6939208984375	15	15	-24.333984375	-25.4088134765625	-1.622265625	-1.6939208984375	1.0748291015625	0.0716552734375	True	True	No, I wish I was! I just got back from Spain actually.	just	0.0716552734375	1.0748291015625	0	"Speaker 1: Hey Michelle. Good to see you. Are you at lunch?
Speaker 2: Oh hi Jim. No I just got back. I thought you were on vacation now.
Speaker 1: "	"Speaker 1: Hey Michelle. Good to see you. Are you at lunch?
Speaker 2: Oh hi Jim. No I got back. I thought you were on vacation now.
Speaker 1: "	Speaker 1
454	455	expanded_data	discourse_particle	57	just_j_11362	just	h	Would you mind if I ask your health status?	I just had a complete physical examination and passed with flying colors.	I had a complete physical examination and passed with flying colors.	That is good. We hope each of our future employees will be healthy and happy.		P	I just had a complete physical examination and passed with flying colors.	nucleus	base	0.9	1.0	20260416	1728911766	50	50	200	32	32	Please have your medical record and physician's note available.	please have your medical record and physician's note available.	　Please have your medical record and physician's note available.	-34.52734375	-35.3154296875	-3.1388494318181817	-3.2104936079545454	11	11	-34.52734375	-35.3154296875	-3.1388494318181817	-3.2104936079545454	0.7880859375	0.0716441761363637	True	True	That is good. We hope each of our future employees will be healthy and happy.	just	0.0716441761363637	0.7880859375	0	"Speaker 1: Would you mind if I ask your health status?
Speaker 2: I just had a complete physical examination and passed with flying colors.
Speaker 1: "	"Speaker 1: Would you mind if I ask your health status?
Speaker 2: I had a complete physical examination and passed with flying colors.
Speaker 1: "	Speaker 1
455	456	expanded_data	discourse_particle	57	just_j_11362	just	h	Would you mind if I ask your health status?	I just had a complete physical examination and passed with flying colors.	I had a complete physical examination and passed with flying colors.	That is good. We hope each of our future employees will be healthy and happy.		P	I just had a complete physical examination and passed with flying colors.	nucleus	base	0.9	1.0	20260416	1728911766	50	50	200	27	27	15 seconds!	15 seconds!	15 seconds!\nSpeaker 1: You just missed the light!\nSpeaker 1: I don't know why I can't concentrate. This is so hard.\nSpeaker 2: You can do it! You can do it!\nSpeaker 1: Are you sure it's okay? Are you sure you don't need	-12.658203125	-12.873046875	-4.219401041666667	-4.291015625	3	3	-12.658203125	-12.873046875	-4.219401041666667	-4.291015625	0.21484375	0.071614583333333	True	True	That is good. We hope each of our future employees will be healthy and happy.	just	0.071614583333333	0.21484375	0	"Speaker 1: Would you mind if I ask your health status?
Speaker 2: I just had a complete physical examination and passed with flying colors.
Speaker 1: "	"Speaker 1: Would you mind if I ask your health status?
Speaker 2: I had a complete physical examination and passed with flying colors.
Speaker 1: "	Speaker 1
456	457	expanded_data	discourse_particle	2	just_j_2485	just	h	I'm looking for some fresh produce that's on sale.	Well, we just got in some mangoes.	Well, we got in some mangoes.	Mangoes. What are they?		P	Well, we just got in some mangoes.	nucleus	base	0.9	1.0	20260416	545491132	50	50	200	9	9	20% off?	20% off?	20% off?\nSpeaker 2: Yes. Five kilos for $14.00.\nSpeaker 1: Do you take debit cards?\nSpeaker 2: Yes.\nSpeaker 3: Hey man, is this the butcher shop where the sausages are on special?\nSpeaker 4: Yeah. That's	-5.53045654296875	-5.816162109375	-1.3826141357421875	-1.45404052734375	4	4	-5.53045654296875	-5.816162109375	-1.3826141357421875	-1.45404052734375	0.28570556640625	0.0714263916015625	True	True	Mangoes. What are they?	just	0.0714263916015625	0.28570556640625	1	"Speaker 1: I'm looking for some fresh produce that's on sale.
Speaker 2: Well, we just got in some mangoes.
Speaker 1: "	"Speaker 1: I'm looking for some fresh produce that's on sale.
Speaker 2: Well, we got in some mangoes.
Speaker 1: "	Speaker 1
457	458	expanded_data	discourse_particle	10	just_j_12718	just	h	Hello Mr Waterstone, what can I do for you today?	Hello, Becky. Well, you see, I have this thing here, called a Fixed Deposit Certificate, and I've just noticed the date on it.	Hello, Becky. Well, you see, I have this thing here, called a Fixed Deposit Certificate, and I've noticed the date on it.	Oh, I see. You have two choices here you can either redeem or renew.		P	Hello, Becky. Well, you see, I have this thing here, called a Fixed Deposit Certificate, and I've just noticed the date on it.	nucleus	base	0.9	1.0	20260416	1476190778	50	50	200	41	41	11th May 1977?	11th may 1977?	11th May 1977?\nSpeaker 2: Yes. Well, you see I've noticed that the certificate says interest of 7.5% payable every four months, compounded.\nSpeaker 1: And then it goes on to say until maturity.\nSpeaker 2: Yes, I don't understand why.	-16.33056640625	-16.829833984375	-2.3329380580357144	-2.404261997767857	7	7	-16.33056640625	-16.829833984375	-2.3329380580357144	-2.404261997767857	0.499267578125	0.0713239397321428	True	True	Oh, I see. You have two choices here you can either redeem or renew.	just	0.0713239397321428	0.499267578125	0	"Speaker 1: Hello Mr Waterstone, what can I do for you today?
Speaker 2: Hello, Becky. Well, you see, I have this thing here, called a Fixed Deposit Certificate, and I've just noticed the date on it.
Speaker 1: "	"Speaker 1: Hello Mr Waterstone, what can I do for you today?
Speaker 2: Hello, Becky. Well, you see, I have this thing here, called a Fixed Deposit Certificate, and I've noticed the date on it.
Speaker 1: "	Speaker 1
458	459	expanded_data	discourse_particle	43	just_e_2762	just	o	Hi, can I help you?	No, thanks. I'm just looking.	No, thanks. I'm looking.	All right. If you need any help, just let me know. My name is Greg.		P	No, thanks. I'm just looking.	nucleus	base	0.9	1.0	20260416	892431323	50	50	200	24	24	25p for a pack of lighters.	25p for a pack of lighters.	25p for a pack of lighters.\nSpeaker 2: OK, can you give me a pack?\nSpeaker 1: Not for just 25p.\nSpeaker 2: But you said I could just have one for 25p.\nSpeaker 1: OK, but I will only give you the pack	-21.26351928710937	-21.90362548828125	-2.362613254123264	-2.4337361653645835	9	9	-21.26351928710937	-21.90362548828125	-2.362613254123264	-2.4337361653645835	0.640106201171875	0.0711229112413196	True	True	All right. If you need any help, just let me know. My name is Greg.	just	0.0711229112413196	0.640106201171875	0	"Speaker 1: Hi, can I help you?
Speaker 2: No, thanks. I'm just looking.
Speaker 1: "	"Speaker 1: Hi, can I help you?
Speaker 2: No, thanks. I'm looking.
Speaker 1: "	Speaker 1
459	460	expanded_data	discourse_particle	1	just_j_5467	just	h	I want to leave the motorbike outdoors.	Fine, just don't do it at night.	Fine, don't do it at night.	Why not?		P	Fine, just don't do it at night.	nucleus	base	0.9	1.0	20260416	788549607	50	50	200	14	14	11:00am it is.	11:00am it is.	11:00am it is.\nSpeaker 2: Yeah, definitely no parking at night, the traffic police will get you.\nI met Alice a few months ago at a photo exhibition in our city. She was an interesting person. She travelled around the world, saw wonderful places and took great pictures. Her travel stories	-18.689453125	-19.1865234375	-2.669921875	-2.740931919642857	7	7	-18.689453125	-19.1865234375	-2.669921875	-2.740931919642857	0.4970703125	0.0710100446428572	True	True	Why not?	just	0.0710100446428572	0.4970703125	1	"Speaker 1: I want to leave the motorbike outdoors.
Speaker 2: Fine, just don't do it at night.
Speaker 1: "	"Speaker 1: I want to leave the motorbike outdoors.
Speaker 2: Fine, don't do it at night.
Speaker 1: "	Speaker 1
460	461	expanded_data	discourse_particle	23	just_e_9687	just	o	Excuse me, here is my claim tag, but I can't find my baggage.__eou__How many pieces of baggage have you lost?	Just one piece.	One piece.	Can you tell me the features of your baggage?		P	Just one piece.	nucleus	base	0.9	1.0	20260416	187948156	50	50	200	6	6	1499, 1500, 1501… I'll check for you.	1499, 1500, 1501… i'll check for you.	1499, 1500, 1501… I'll check for you.	-33.157196044921875	-34.363616943359375	-1.9504232967601105	-2.021389231962316	17	17	-33.157196044921875	-34.363616943359375	-1.9504232967601105	-2.021389231962316	1.2064208984375	0.0709659352022058	True	True	Can you tell me the features of your baggage?	just	0.0709659352022058	1.2064208984375	1	"Speaker 1: Excuse me, here is my claim tag, but I can't find my baggage.
Speaker 2: How many pieces of baggage have you lost?
Speaker 1: Just one piece.
Speaker 2: "	"Speaker 1: Excuse me, here is my claim tag, but I can't find my baggage.
Speaker 2: How many pieces of baggage have you lost?
Speaker 1: One piece.
Speaker 2: "	Speaker 2
461	462	expanded_data	discourse_particle	31	just_j_2438	just	h	OK, so are you ready to learn how to bake a cake?	Almost, let me just put my apron on.	Almost, let me put my apron on.	OK, so the first thing we are going to do is pre-heat the oven, that way we have it at the desired temperature once we finish preparing everything. Set it to three hundred and seventy five degrees Fahrenheit.		P	Almost, let me just put my apron on.	nucleus	base	0.9	1.0	20260416	491321217	50	50	200	3	3	3, 2, 1, and roll out.	3, 2, 1, and roll out.	3, 2, 1, and roll out.\nThis worksheet is about baking a cake and doing an activity. In the first page students have to read a text and then do some activities related to baking a cake. The third page of the worksheet is a game in which students can use their imagination to think of	-19.39678144454956	-20.24737977981568	-1.6163984537124634	-1.687281648317973	12	12	-19.39678144454956	-20.24737977981568	-1.6163984537124634	-1.687281648317973	0.8505983352661133	0.0708831946055095	True	True	OK, so the first thing we are going to do is pre-heat the oven, that way we have it at the desired temperature once we finish preparing everything. Set it to three hundred and seventy five degrees Fahrenheit.	just	0.0708831946055095	0.8505983352661133	0	"Speaker 1: OK, so are you ready to learn how to bake a cake?
Speaker 2: Almost, let me just put my apron on.
Speaker 1: "	"Speaker 1: OK, so are you ready to learn how to bake a cake?
Speaker 2: Almost, let me put my apron on.
Speaker 1: "	Speaker 1
462	463	expanded_data	discourse_particle	40	just_j_7614	just	h	Hey Michelle. Good to see you. Are you at lunch?	Oh hi Jim. No I just got back. I thought you were on vacation now.	Oh hi Jim. No I got back. I thought you were on vacation now.	No, I wish I was! I just got back from Spain actually.		P	Oh hi Jim. No I just got back. I thought you were on vacation now.	nucleus	base	0.9	1.0	20260416	135797504	50	50	200	23	23	Yeah, well I had to come back for this afternoon. Hope you had a great holiday.	yeah, well i had to come back for this afternoon. hope you had a great holiday.	 Yeah, well I had to come back for this afternoon. Hope you had a great holiday. \nSpeaker 2:  Yeah, it was fantastic. Let's get down to business. Jim, what did you want to talk to me about? You sounded urgent on the phone. \nSpeaker 1: 	-36.5958251953125	-37.941650390625	-1.9260960629111843	-1.996928967927632	19	19	-36.5958251953125	-37.941650390625	-1.9260960629111843	-1.996928967927632	1.3458251953125	0.0708329050164473	True	True	No, I wish I was! I just got back from Spain actually.	just	0.0708329050164473	1.3458251953125	0	"Speaker 1: Hey Michelle. Good to see you. Are you at lunch?
Speaker 2: Oh hi Jim. No I just got back. I thought you were on vacation now.
Speaker 1: "	"Speaker 1: Hey Michelle. Good to see you. Are you at lunch?
Speaker 2: Oh hi Jim. No I got back. I thought you were on vacation now.
Speaker 1: "	Speaker 1
463	464	expanded_data	discourse_particle	37	just_e_569	just	o	May I help you?	I'm just browsing, thanks.	I'm browsing, thanks.	We're on clearance sale now. Prices have up to twenty percent off. Do not miss the chance.		P	I'm just browsing, thanks.	nucleus	base	0.9	1.0	20260416	794732814	50	50	200	25	25	13.50. That'll be 17.50 please.	13.50. that'll be 17.50 please.	13.50. That'll be 17.50 please.\nSpeaker 2: Oh, thank you. What are these shoes in?\nSpeaker 1: Here you are.\nSpeaker 2: I'll take these. And this top.\nSpeaker 1: It's about 13.90 please.\nSpeaker 	-28.4056396484375	-29.3258056640625	-2.1850492037259617	-2.2558312049278846	13	13	-28.4056396484375	-29.3258056640625	-2.1850492037259617	-2.2558312049278846	0.920166015625	0.0707820012019229	True	True	We're on clearance sale now. Prices have up to twenty percent off. Do not miss the chance.	just	0.0707820012019229	0.920166015625	1	"Speaker 1: May I help you?
Speaker 2: I'm just browsing, thanks.
Speaker 1: "	"Speaker 1: May I help you?
Speaker 2: I'm browsing, thanks.
Speaker 1: "	Speaker 1
464	465	expanded_data	discourse_particle	51	just_j_2401	just	h	This motor oil case is still really slippery.__eou__Yeah, time for more coffee!__eou__Sure, why not? I think I want a chocolate chip cookie, too.	By the way, I heard Kitty's just got in a shipment of Jamaican Blue Mountain.	By the way, I heard Kitty's got in a shipment of Jamaican Blue Mountain.	So what?		P	By the way, I heard Kitty's just got in a shipment of Jamaican Blue Mountain.	nucleus	base	0.9	1.0	20260416	2004638241	50	50	200	8	8	0.00. Are you serious?	0.00. are you serious?	0.00. Are you serious?\nSpeaker 2: Yup. Now that's coffee.\nSpeaker 1: The tallest mountains in Jamaica?\nSpeaker 2: You're saying that because you have no idea what it takes to be the richest owner of anything. You don't want to have a cup of coffee at	-19.048828125	-19.614990234375	-2.381103515625	-2.451873779296875	8	8	-19.048828125	-19.614990234375	-2.381103515625	-2.451873779296875	0.566162109375	0.070770263671875	True	True	So what?	just	0.070770263671875	0.566162109375	0	"Speaker 1: This motor oil case is still really slippery.
Speaker 2: Yeah, time for more coffee!
Speaker 1: Sure, why not? I think I want a chocolate chip cookie, too.
Speaker 2: By the way, I heard Kitty's just got in a shipment of Jamaican Blue Mountain.
Speaker 1: "	"Speaker 1: This motor oil case is still really slippery.
Speaker 2: Yeah, time for more coffee!
Speaker 1: Sure, why not? I think I want a chocolate chip cookie, too.
Speaker 2: By the way, I heard Kitty's got in a shipment of Jamaican Blue Mountain.
Speaker 1: "	Speaker 1
465	466	expanded_data	discourse_particle	49	just_e_9416	just	o	How many people are traveling with you today, miss?	Just me. I'm traveling alone.	Me. I'm traveling alone.	And how many bags do you have?		P	Just me. I'm traveling alone.	nucleus	base	0.9	1.0	20260416	870165245	50	50	200	8	8	26 days. I’ve been traveling solo for 26 days and I love it.	26 days. i’ve been traveling solo for 26 days and i love it.	26 days. I’ve been traveling solo for 26 days and I love it.\nBefore this I’d been really nervous to travel solo. I wasn’t sure how I would feel. I didn’t know what it would be like. I didn’t know what it was going to look like. I had a lot of	-33.393341064453125	-34.59135437011719	-1.9643141802619488	-2.034785551183364	17	17	-33.393341064453125	-34.59135437011719	-1.9643141802619488	-2.034785551183364	1.1980133056640625	0.0704713709214155	True	True	And how many bags do you have?	just	0.0704713709214155	1.1980133056640625	0	"Speaker 1: How many people are traveling with you today, miss?
Speaker 2: Just me. I'm traveling alone.
Speaker 1: "	"Speaker 1: How many people are traveling with you today, miss?
Speaker 2: Me. I'm traveling alone.
Speaker 1: "	Speaker 1
466	467	expanded_data	discourse_particle	33	just_e_2717	just	o	Hmm. Not bad. I think I look younger with shorter hair.__eou__Yes, you do. The Hot Cap is back here in the corner. I think we're ready to put the curlers in. What kind of perm would you like?	I just want a light wave. I look really silly if my hair is too curly.	I want a light wave. I look really silly if my hair is too curly.	All right. What if we leave your bangs straight and just perm the sides and back?		P	I just want a light wave. I look really silly if my hair is too curly.	nucleus	base	0.9	1.0	20260416	1676528008	50	50	200	49	49	35 bucks with a perm. 65 bucks for a cut and perm.	35 bucks with a perm. 65 bucks for a cut and perm.	35 bucks with a perm. 65 bucks for a cut and perm.\nSpeaker 1: I like my hair just how it is.\nSpeaker 2: That's too bad, but okay. It'll be about 30 minutes, at least. What would you like to do while we're working on your hair	-39.284912109375	-40.34033203125	-2.618994140625	-2.68935546875	15	15	-39.284912109375	-40.34033203125	-2.618994140625	-2.68935546875	1.055419921875	0.0703613281250001	True	True	All right. What if we leave your bangs straight and just perm the sides and back?	just	0.0703613281250001	1.055419921875	1	"Speaker 1: Hmm. Not bad. I think I look younger with shorter hair.
Speaker 2: Yes, you do. The Hot Cap is back here in the corner. I think we're ready to put the curlers in. What kind of perm would you like?
Speaker 1: I just want a light wave. I look really silly if my hair is too curly.
Speaker 2: "	"Speaker 1: Hmm. Not bad. I think I look younger with shorter hair.
Speaker 2: Yes, you do. The Hot Cap is back here in the corner. I think we're ready to put the curlers in. What kind of perm would you like?
Speaker 1: I want a light wave. I look really silly if my hair is too curly.
Speaker 2: "	Speaker 2
467	468	expanded_data	discourse_particle	6	just_j_638	just	h	Hello, do you have any vacancies?	Yes, something just opened up.	Yes, something opened up.	What kind of apartment is it?		P	Yes, something just opened up.	nucleus	base	0.9	1.0	20260416	894870064	50	50	200	5	5	2am-6am from next week?	2am-6am from next week?	2am-6am from next week?\nSpeaker 2: OK, great. See you then.	-24.27301025390625	-24.90496826171875	-2.6970011393229165	-2.767218695746528	9	9	-24.27301025390625	-24.90496826171875	-2.6970011393229165	-2.767218695746528	0.6319580078125	0.0702175564236111	True	True	What kind of apartment is it?	just	0.0702175564236111	0.6319580078125	0	"Speaker 1: Hello, do you have any vacancies?
Speaker 2: Yes, something just opened up.
Speaker 1: "	"Speaker 1: Hello, do you have any vacancies?
Speaker 2: Yes, something opened up.
Speaker 1: "	Speaker 1
468	469	expanded_data	discourse_particle	3	just_e_2798	just	o	Hello, sir. Is there anything I can help you find?	Um ... Uh ... I'm just looking, thanks.	Um ... Uh ... I'm looking, thanks.	Need a gift for your girlfriend or wife?		P	Um ... Uh ... I'm just looking, thanks.	nucleus	base	0.9	1.0	20260416	1422891503	50	50	200	31	31	19. What do you make of fashion on campus?	19. what do you make of fashion on campus?	19. What do you make of fashion on campus?\nSpeaker 2: Um ... The way students dress.\nSpeaker 3: I think it's, uh, okay.\nSpeaker 1: Alright, do you have anything else to say?\nSpeaker 2: Just that ... Like, students ... Like, our students	-36.2373046875	-37.0091552734375	-3.294300426136364	-3.364468661221591	11	11	-36.2373046875	-37.0091552734375	-3.294300426136364	-3.364468661221591	0.7718505859375	0.070168235085227	True	True	Need a gift for your girlfriend or wife?	just	0.070168235085227	0.7718505859375	1	"Speaker 1: Hello, sir. Is there anything I can help you find?
Speaker 2: Um ... Uh ... I'm just looking, thanks.
Speaker 1: "	"Speaker 1: Hello, sir. Is there anything I can help you find?
Speaker 2: Um ... Uh ... I'm looking, thanks.
Speaker 1: "	Speaker 1
469	470	expanded_data	discourse_particle	21	just_j_5388	just	h	Hey Mike. What are you doing?__eou__Nothing much. What are you up to?	I was just concerned about Sam. He hasn't been himself lately.	I was concerned about Sam. He hasn't been himself lately.	He took the civil service exam and failed.		P	I was just concerned about Sam. He hasn't been himself lately.	nucleus	base	0.9	1.0	20260416	693746455	50	50	200	23	23	Uh huh, that’s too bad.	uh huh, that’s too bad.	 Uh huh, that’s too bad.\nSpeaker 1: What am I gonna do? He always seems so sad these days. Are you a friend of his?\nSpeaker 2: Nah, we've only been acquaintances. You have no idea what it's like. Being a young man is tough.\nSpeaker	-21.178110122680664	-21.738319396972656	-2.647263765335083	-2.717289924621582	8	8	-21.178110122680664	-21.738319396972656	-2.647263765335083	-2.717289924621582	0.5602092742919922	0.070026159286499	True	True	He took the civil service exam and failed.	just	0.070026159286499	0.5602092742919922	0	"Speaker 1: Hey Mike. What are you doing?
Speaker 2: Nothing much. What are you up to?
Speaker 1: I was just concerned about Sam. He hasn't been himself lately.
Speaker 2: "	"Speaker 1: Hey Mike. What are you doing?
Speaker 2: Nothing much. What are you up to?
Speaker 1: I was concerned about Sam. He hasn't been himself lately.
Speaker 2: "	Speaker 2
470	471	expanded_data	discourse_particle	9	just_j_7769	just	h	What's up? You look depressed.	I just had a quarrel with him.	I had a quarrel with him.	Would you rather I taught him a lesson for you?		P	I just had a quarrel with him.	nucleus	base	0.9	1.0	20260416	1997417192	50	50	200	24	24	Go get him back now.	go get him back now.	 Go get him back now.\nSpeaker 2: No, he doesn't want to get back together with me.\nSpeaker 1: Okay. Well, when you are disappointed, you can be upset and throw the stuff around the house and break it.\nSpeaker 2: Then you will be arrested.\nSpeaker 	-20.0205078125	-20.4404296875	-3.336751302083333	-3.40673828125	6	6	-20.0205078125	-20.4404296875	-3.336751302083333	-3.40673828125	0.419921875	0.0699869791666665	True	True	Would you rather I taught him a lesson for you?	just	0.0699869791666665	0.419921875	1	"Speaker 1: What's up? You look depressed.
Speaker 2: I just had a quarrel with him.
Speaker 1: "	"Speaker 1: What's up? You look depressed.
Speaker 2: I had a quarrel with him.
Speaker 1: "	Speaker 1
471	472	expanded_data	discourse_particle	41	just_e_2612	just	o	Can I bring you anything else?	No, thank you. Just the check.	No, thank you. The check.	Let me get this.		P	No, thank you. Just the check.	nucleus	base	0.9	1.0	20260416	289692236	50	50	200	22	22	5,736.00 with tax and tip.	5,736.00 with tax and tip.	5,736.00 with tax and tip.\nSpeaker 2: Not a bad week.\nSpeaker 1: Enjoy the rest of your day.\nPlease close the door on your way out.\nSpeaker 3: I really don't mind being a finalist.\nBut I am probably the least likely person in the whole world	-28.91943359375	-29.61865234375	-2.891943359375	-2.961865234375	10	10	-28.91943359375	-29.61865234375	-2.891943359375	-2.961865234375	0.69921875	0.0699218749999999	True	True	Let me get this.	just	0.0699218749999999	0.69921875	1	"Speaker 1: Can I bring you anything else?
Speaker 2: No, thank you. Just the check.
Speaker 1: "	"Speaker 1: Can I bring you anything else?
Speaker 2: No, thank you. The check.
Speaker 1: "	Speaker 1
472	473	expanded_data	discourse_particle	26	just_j_1461	just	h	Operator. May I help you?__eou__Yes. How do I get an outside line, please?	Just dial 0, wait for the dial tone, and then dial the phone number you want to call. Or we can place a call for you, if you want.	Dial 0, wait for the dial tone, and then dial the phone number you want to call. Or we can place a call for you, if you want.	No, thanks a lot. I'll try it myself.		P	Just dial 0, wait for the dial tone, and then dial the phone number you want to call. Or we can place a call for you, if you want.	nucleus	base	0.9	1.0	20260416	71756826	50	50	200	1	1	0, huh. Sure. I’ll try that. Thanks.	0, huh. sure. i’ll try that. thanks.	0, huh. Sure. I’ll try that. Thanks.\nSpeaker 1: You’re welcome. Have a good day.\nSpeaker 2: OK. Thank you. Bye.	-22.658447265625	-23.56640625	-1.7429574819711535	-1.8128004807692308	13	13	-22.658447265625	-23.56640625	-1.7429574819711535	-1.8128004807692308	0.907958984375	0.0698429987980771	True	True	No, thanks a lot. I'll try it myself.	just	0.0698429987980771	0.907958984375	1	"Speaker 1: Operator. May I help you?
Speaker 2: Yes. How do I get an outside line, please?
Speaker 1: Just dial 0, wait for the dial tone, and then dial the phone number you want to call. Or we can place a call for you, if you want.
Speaker 2: "	"Speaker 1: Operator. May I help you?
Speaker 2: Yes. How do I get an outside line, please?
Speaker 1: Dial 0, wait for the dial tone, and then dial the phone number you want to call. Or we can place a call for you, if you want.
Speaker 2: "	Speaker 2
473	474	expanded_data	discourse_particle	3	just_e_2798	just	o	Hello, sir. Is there anything I can help you find?	Um ... Uh ... I'm just looking, thanks.	Um ... Uh ... I'm looking, thanks.	Need a gift for your girlfriend or wife?		P	Um ... Uh ... I'm just looking, thanks.	nucleus	base	0.9	1.0	20260416	1422891503	50	50	200	8	8	4 all your taxi, rail and ferry travel in Rome.	4 all your taxi, rail and ferry travel in rome.	4 all your taxi, rail and ferry travel in Rome.\nSpeaker 2: Thanks ... But I'm going to the gallery.\nSpeaker 1: Excuse me, but can you tell me the way to the British Library, please?\nSpeaker 2: Well, it's ... erm ... that way.\nSpeaker 	-54.494140625	-55.326171875	-4.541178385416667	-4.610514322916667	12	12	-54.494140625	-55.326171875	-4.541178385416667	-4.610514322916667	0.83203125	0.0693359375	True	True	Need a gift for your girlfriend or wife?	just	0.0693359375	0.83203125	1	"Speaker 1: Hello, sir. Is there anything I can help you find?
Speaker 2: Um ... Uh ... I'm just looking, thanks.
Speaker 1: "	"Speaker 1: Hello, sir. Is there anything I can help you find?
Speaker 2: Um ... Uh ... I'm looking, thanks.
Speaker 1: "	Speaker 1
474	475	expanded_data	discourse_particle	50	just_e_12686	just	o	They don't really think you took it, do they?	I don't know. I just know I've never been asked so many questions in my life.	I don't know. I know I've never been asked so many questions in my life.	How many of them were there?		P	I don't know. I just know I've never been asked so many questions in my life.	nucleus	base	0.9	1.0	20260416	1046809369	50	50	200	25	24	3rd degree interrogation.	3rd degree interrogation.	3rd degree interrogation.	-11.0830078125	-11.4287109375	-2.2166015625	-2.2857421875	5	5	-11.0830078125	-11.4287109375	-2.2166015625	-2.2857421875	0.345703125	0.0691406249999997	True	True	How many of them were there?	just	0.0691406249999997	0.345703125	0	"Speaker 1: They don't really think you took it, do they?
Speaker 2: I don't know. I just know I've never been asked so many questions in my life.
Speaker 1: "	"Speaker 1: They don't really think you took it, do they?
Speaker 2: I don't know. I know I've never been asked so many questions in my life.
Speaker 1: "	Speaker 1
475	476	expanded_data	discourse_particle	9	just_j_7769	just	h	What's up? You look depressed.	I just had a quarrel with him.	I had a quarrel with him.	Would you rather I taught him a lesson for you?		P	I just had a quarrel with him.	nucleus	base	0.9	1.0	20260416	1997417192	50	50	200	45	45	33, tell me about it.	33, tell me about it.	33, tell me about it.\nSpeaker 1: What's up with him, anyway?\nSpeaker 2: You know why he went off to work with you?\nSpeaker 1: I know he's after your job. Why don't you grab it for yourself?\nSpeaker 1: Don't you want to	-19.5916748046875	-20.0753173828125	-2.7988106863839284	-2.8679024832589284	7	7	-19.5916748046875	-20.0753173828125	-2.7988106863839284	-2.8679024832589284	0.483642578125	0.069091796875	True	True	Would you rather I taught him a lesson for you?	just	0.069091796875	0.483642578125	1	"Speaker 1: What's up? You look depressed.
Speaker 2: I just had a quarrel with him.
Speaker 1: "	"Speaker 1: What's up? You look depressed.
Speaker 2: I had a quarrel with him.
Speaker 1: "	Speaker 1
476	477	expanded_data	discourse_particle	52	just_e_11908	just	o	Hi, Deny. Are still working?	Hi, Navy. Come in please. I'm just putting away on my books.	Hi, Navy. Come in please. I'm putting away on my books.	So, you are leaving, aren't you?		P	Hi, Navy. Come in please. I'm just putting away on my books.	nucleus	base	0.9	1.0	20260416	1874226564	50	50	200	32	32	1 could have brought the shirts, maybe?	1 could have brought the shirts, maybe?	1 could have brought the shirts, maybe?\nSpeaker 2: Oh, maybe I'll pick them up from the shops on the way.\nSpeaker 1: Who am I to tell you, but you're really going to need them.\nSpeaker 2: Oh, of course! You'll probably be in Africa now	-40.2060546875	-40.826171875	-4.467339409722222	-4.536241319444445	9	9	-40.2060546875	-40.826171875	-4.467339409722222	-4.536241319444445	0.6201171875	0.0689019097222223	True	True	So, you are leaving, aren't you?	just	0.0689019097222223	0.6201171875	0	"Speaker 1: Hi, Deny. Are still working?
Speaker 2: Hi, Navy. Come in please. I'm just putting away on my books.
Speaker 1: "	"Speaker 1: Hi, Deny. Are still working?
Speaker 2: Hi, Navy. Come in please. I'm putting away on my books.
Speaker 1: "	Speaker 1
477	478	expanded_data	discourse_particle	0	just_e_1157	just	o	Is there something I can help you with?	No, I'm just browsing. Thanks anyway.	No, I'm browsing. Thanks anyway.	Ok.		P	No, I'm just browsing. Thanks anyway.	nucleus	base	0.9	1.0	20260416	1069069550	50	50	200	50	50	17 and counting?	17 and counting?	17 and counting?\nSpeaker 2: 17 and counting.\n[Box springs fly out of a truck, into a new house.]\nYou're doing it! You're doing it, [unintelligible]! Get it, get it!\nYou're doing it. Good job. Move. Move.\nCome	-17.98046875	-18.255859375	-4.4951171875	-4.56396484375	4	4	-17.98046875	-18.255859375	-4.4951171875	-4.56396484375	0.275390625	0.06884765625	True	True	Ok.	just	0.06884765625	0.275390625	1	"Speaker 1: Is there something I can help you with?
Speaker 2: No, I'm just browsing. Thanks anyway.
Speaker 1: "	"Speaker 1: Is there something I can help you with?
Speaker 2: No, I'm browsing. Thanks anyway.
Speaker 1: "	Speaker 1
478	479	expanded_data	discourse_particle	26	just_j_1461	just	h	Operator. May I help you?__eou__Yes. How do I get an outside line, please?	Just dial 0, wait for the dial tone, and then dial the phone number you want to call. Or we can place a call for you, if you want.	Dial 0, wait for the dial tone, and then dial the phone number you want to call. Or we can place a call for you, if you want.	No, thanks a lot. I'll try it myself.		P	Just dial 0, wait for the dial tone, and then dial the phone number you want to call. Or we can place a call for you, if you want.	nucleus	base	0.9	1.0	20260416	71756826	50	50	200	14	14	0 for an outside line, okay, thanks.	0 for an outside line, okay, thanks.	0 for an outside line, okay, thanks.\nSpeaker 3: May I help you?\nSpeaker 4: Hi, I’d like to make an international call. Where can I find a phone card?\nSpeaker 3: Oh, you need to buy a phone card. We’ve got some great deals here on	-11.675201416015623	-12.363670349121094	-1.1675201416015626	-1.2363670349121094	10	10	-11.675201416015623	-12.363670349121094	-1.1675201416015626	-1.2363670349121094	0.6884689331054688	0.0688468933105468	True	True	No, thanks a lot. I'll try it myself.	just	0.0688468933105468	0.6884689331054688	1	"Speaker 1: Operator. May I help you?
Speaker 2: Yes. How do I get an outside line, please?
Speaker 1: Just dial 0, wait for the dial tone, and then dial the phone number you want to call. Or we can place a call for you, if you want.
Speaker 2: "	"Speaker 1: Operator. May I help you?
Speaker 2: Yes. How do I get an outside line, please?
Speaker 1: Dial 0, wait for the dial tone, and then dial the phone number you want to call. Or we can place a call for you, if you want.
Speaker 2: "	Speaker 2
479	480	expanded_data	discourse_particle	32	just_e_1907	just	o	How was your morning jog?__eou__Very good. I feel quite refreshed now! You should come with me sometime - exercise is good for you!__eou__To be honest, I’d rather watch television! Where did you go?	I just ran alongside the main road.	I ran alongside the main road.	Oh you ought to go to the park next time. They have a route for joggers there.		P	I just ran alongside the main road.	nucleus	base	0.9	1.0	20260416	1659924286	50	50	200	31	31	But aren’t the cars frightening?	but aren’t the cars frightening?	 But aren’t the cars frightening?\nSpeaker 2:  No, there aren’t many on Sunday mornings.\nSpeaker 1:  So the sun was shining this morning?\nSpeaker 2:  It was. I started by the big oak tree at the end of our street and ran towards the	-17.297332763671875	-17.77886962890625	-2.4710475376674106	-2.5398385184151784	7	7	-17.297332763671875	-17.77886962890625	-2.4710475376674106	-2.5398385184151784	0.481536865234375	0.0687909807477678	True	True	Oh you ought to go to the park next time. They have a route for joggers there.	just	0.0687909807477678	0.481536865234375	1	"Speaker 1: How was your morning jog?
Speaker 2: Very good. I feel quite refreshed now! You should come with me sometime - exercise is good for you!
Speaker 1: To be honest, I’d rather watch television! Where did you go?
Speaker 2: I just ran alongside the main road.
Speaker 1: "	"Speaker 1: How was your morning jog?
Speaker 2: Very good. I feel quite refreshed now! You should come with me sometime - exercise is good for you!
Speaker 1: To be honest, I’d rather watch television! Where did you go?
Speaker 2: I ran alongside the main road.
Speaker 1: "	Speaker 1
480	481	expanded_data	discourse_particle	43	just_e_2762	just	o	Hi, can I help you?	No, thanks. I'm just looking.	No, thanks. I'm looking.	All right. If you need any help, just let me know. My name is Greg.		P	No, thanks. I'm just looking.	nucleus	base	0.9	1.0	20260416	892431323	50	50	200	26	26	0:58Well, OK. Welcome to Eden Green. I'm speaking to you in real time on the Utopia's online platform, Eden Green. If you decide to buy something, I'll package it and deliver it straight to you. And if you have a question for me or any other staff member here	0:58well, ok. welcome to eden green. i'm speaking to you in real time on the utopia's online platform, eden green. if you decide to buy something, i'll package it and deliver it straight to you. and if you have a question for me or any other staff member here	0:58Well, OK. Welcome to Eden Green. I'm speaking to you in real time on the Utopia's online platform, Eden Green. If you decide to buy something, I'll package it and deliver it straight to you. And if you have a question for me or any other staff member here	-156.96820068359375	-161.36386108398438	-2.4526281356811523	-2.521310329437256	64	64	-156.96820068359375	-161.36386108398438	-2.4526281356811523	-2.521310329437256	4.395660400390625	0.0686821937561035	True	True	All right. If you need any help, just let me know. My name is Greg.	just	0.0686821937561035	4.395660400390625	0	"Speaker 1: Hi, can I help you?
Speaker 2: No, thanks. I'm just looking.
Speaker 1: "	"Speaker 1: Hi, can I help you?
Speaker 2: No, thanks. I'm looking.
Speaker 1: "	Speaker 1
481	482	expanded_data	discourse_particle	30	just_e_3966	just	o	Daniel, would you like to have a look at my dorm?__eou__Of course, I'd like to.	It is a small room, just for 4 people.	It is a small room, for 4 people.	What is in it?		P	It is a small room, just for 4 people.	nucleus	base	0.9	1.0	20260416	1247985298	50	50	200	3	3	4 people? That's so funny.	4 people? that's so funny.	4 people? That's so funny.\nI often live in such small room.\nMy favorite, I hope you like it.\nSpeaker 1: The bed is small, but so nice.\nA comfortable room is always better.\nA chair? We need a chair, just a chair.\nThe table? What about this table	-14.11737060546875	-14.666015625	-1.7646713256835938	-1.833251953125	8	8	-14.11737060546875	-14.666015625	-1.7646713256835938	-1.833251953125	0.54864501953125	0.0685806274414062	True	True	What is in it?	just	0.0685806274414062	0.54864501953125	0	"Speaker 1: Daniel, would you like to have a look at my dorm?
Speaker 2: Of course, I'd like to.
Speaker 1: It is a small room, just for 4 people.
Speaker 2: "	"Speaker 1: Daniel, would you like to have a look at my dorm?
Speaker 2: Of course, I'd like to.
Speaker 1: It is a small room, for 4 people.
Speaker 2: "	Speaker 2
482	483	expanded_data	discourse_particle	5	just_e_4508	just	o	Mom, have we got any cookies?	Cookies? You just ate an hour ago.	Cookies? You ate an hour ago.	I know, but I'm hungry.		P	Cookies? You just ate an hour ago.	nucleus	base	0.9	1.0	20260416	1255810015	50	50	200	31	30	Yes, but we’ve been for a walk.	yes, but we’ve been for a walk.	 Yes, but we’ve been for a walk.\nSpeaker 2: Well, there’s probably some cookies in the cookie jar.\nSpeaker 1: Yay! Let’s go! Okay, hurry up.\nSpeaker 2: Oh, I better check my hair first. Don’t want any crumbs!\nSpeaker 	-21.137939453125	-21.823486328125	-2.1137939453125	-2.1823486328125	10	10	-21.137939453125	-21.823486328125	-2.1137939453125	-2.1823486328125	0.685546875	0.0685546874999998	True	True	I know, but I'm hungry.	just	0.0685546874999998	0.685546875	0	"Speaker 1: Mom, have we got any cookies?
Speaker 2: Cookies? You just ate an hour ago.
Speaker 1: "	"Speaker 1: Mom, have we got any cookies?
Speaker 2: Cookies? You ate an hour ago.
Speaker 1: "	Speaker 1
483	484	expanded_data	discourse_particle	7	just_e_5138	just	o	Do you mind if I ask your friend out?	Of course, but we aren't going out, we're just friends.	Of course, but we aren't going out, we're friends.	Okay, that's good.		P	Of course, but we aren't going out, we're just friends.	nucleus	base	0.9	1.0	20260416	740578275	50	50	200	34	34	Why do you bother introducing them at all?	why do you bother introducing them at all?	 Why do you bother introducing them at all?\nSpeaker 2:  It's more fun to joke around when I know she's just my friend.\nSpeaker 1: Do you mind if I ask your friend out?\nSpeaker 2: Of course, but we aren't going out, we're just friends	-28.520050048828125	-29.1361083984375	-3.1688944498697915	-3.2373453776041665	9	9	-28.520050048828125	-29.1361083984375	-3.1688944498697915	-3.2373453776041665	0.616058349609375	0.068450927734375	True	True	Okay, that's good.	just	0.068450927734375	0.616058349609375	1	"Speaker 1: Do you mind if I ask your friend out?
Speaker 2: Of course, but we aren't going out, we're just friends.
Speaker 1: "	"Speaker 1: Do you mind if I ask your friend out?
Speaker 2: Of course, but we aren't going out, we're friends.
Speaker 1: "	Speaker 1
484	485	expanded_data	discourse_particle	26	just_j_1461	just	h	Operator. May I help you?__eou__Yes. How do I get an outside line, please?	Just dial 0, wait for the dial tone, and then dial the phone number you want to call. Or we can place a call for you, if you want.	Dial 0, wait for the dial tone, and then dial the phone number you want to call. Or we can place a call for you, if you want.	No, thanks a lot. I'll try it myself.		P	Just dial 0, wait for the dial tone, and then dial the phone number you want to call. Or we can place a call for you, if you want.	nucleus	base	0.9	1.0	20260416	71756826	50	50	200	5	5	0. OK. That's easy.	0. ok. that's easy.	0. OK. That's easy.\nSpeaker 2: This is Bob. How can I help you?\nSpeaker 1: I'm sorry. Can you speak louder, please?\nSpeaker 2: What is it?\nSpeaker 1: I didn't catch what you said.\nSpeaker 2: This is Bob	-13.304443359375	-13.85107421875	-1.663055419921875	-1.73138427734375	8	8	-13.304443359375	-13.85107421875	-1.663055419921875	-1.73138427734375	0.546630859375	0.068328857421875	True	True	No, thanks a lot. I'll try it myself.	just	0.068328857421875	0.546630859375	1	"Speaker 1: Operator. May I help you?
Speaker 2: Yes. How do I get an outside line, please?
Speaker 1: Just dial 0, wait for the dial tone, and then dial the phone number you want to call. Or we can place a call for you, if you want.
Speaker 2: "	"Speaker 1: Operator. May I help you?
Speaker 2: Yes. How do I get an outside line, please?
Speaker 1: Dial 0, wait for the dial tone, and then dial the phone number you want to call. Or we can place a call for you, if you want.
Speaker 2: "	Speaker 2
485	486	expanded_data	discourse_particle	8	just_j_498	just	h	I'm hungry. Do we have anything to eat?	Just a few cookies.	A few cookies.	That's fine with me.		P	Just a few cookies.	nucleus	base	0.9	1.0	20260416	470286339	50	50	200	20	20	5? Let me have them all.	5? let me have them all.	5? Let me have them all.\nSpeaker 2: Sorry. Just 5 cookies.\nSpeaker 1: That's okay. I'm used to eating just 5 cookies a day.	-18.1328125	-18.6767578125	-2.2666015625	-2.3345947265625	8	8	-18.1328125	-18.6767578125	-2.2666015625	-2.3345947265625	0.5439453125	0.0679931640625	True	True	That's fine with me.	just	0.0679931640625	0.5439453125	0	"Speaker 1: I'm hungry. Do we have anything to eat?
Speaker 2: Just a few cookies.
Speaker 1: "	"Speaker 1: I'm hungry. Do we have anything to eat?
Speaker 2: A few cookies.
Speaker 1: "	Speaker 1
486	487	expanded_data	discourse_particle	21	just_j_5388	just	h	Hey Mike. What are you doing?__eou__Nothing much. What are you up to?	I was just concerned about Sam. He hasn't been himself lately.	I was concerned about Sam. He hasn't been himself lately.	He took the civil service exam and failed.		P	I was just concerned about Sam. He hasn't been himself lately.	nucleus	base	0.9	1.0	20260416	693746455	50	50	200	3	3	I know. What do you think is going on with him?	i know. what do you think is going on with him?	 I know. What do you think is going on with him?\nSpeaker 1: I'm not sure. Maybe you've noticed some changes in him too.\nSpeaker 2: Actually, yeah. He's been acting kind of strange.\nSpeaker 1: Do you have any idea why?\nSpeaker 2:	-15.310760498046877	-16.191646575927734	-1.1777508075420673	-1.2455112750713642	13	13	-15.310760498046877	-16.191646575927734	-1.1777508075420673	-1.2455112750713642	0.8808860778808594	0.0677604675292968	True	True	He took the civil service exam and failed.	just	0.0677604675292968	0.8808860778808594	0	"Speaker 1: Hey Mike. What are you doing?
Speaker 2: Nothing much. What are you up to?
Speaker 1: I was just concerned about Sam. He hasn't been himself lately.
Speaker 2: "	"Speaker 1: Hey Mike. What are you doing?
Speaker 2: Nothing much. What are you up to?
Speaker 1: I was concerned about Sam. He hasn't been himself lately.
Speaker 2: "	Speaker 2
487	488	expanded_data	discourse_particle	33	just_e_2717	just	o	Hmm. Not bad. I think I look younger with shorter hair.__eou__Yes, you do. The Hot Cap is back here in the corner. I think we're ready to put the curlers in. What kind of perm would you like?	I just want a light wave. I look really silly if my hair is too curly.	I want a light wave. I look really silly if my hair is too curly.	All right. What if we leave your bangs straight and just perm the sides and back?		P	I just want a light wave. I look really silly if my hair is too curly.	nucleus	base	0.9	1.0	20260416	1676528008	50	50	200	22	22	Okay. For something like this, we use the Hot Cap, just stick a few rollers in with the Hot Cap and don't use any perm in this case.	okay. for something like this, we use the hot cap, just stick a few rollers in with the hot cap and don't use any perm in this case.	 Okay. For something like this, we use the Hot Cap, just stick a few rollers in with the Hot Cap and don't use any perm in this case.\nSpeaker 2:  Right. We just put rollers in. Here, give me your hair and I'll do it.	-78.93482971191406	-81.16883850097656	-2.3919645367246685	-2.4596617727568657	33	33	-78.93482971191406	-81.16883850097656	-2.3919645367246685	-2.4596617727568657	2.2340087890625	0.0676972360321972	True	True	All right. What if we leave your bangs straight and just perm the sides and back?	just	0.0676972360321972	2.2340087890625	1	"Speaker 1: Hmm. Not bad. I think I look younger with shorter hair.
Speaker 2: Yes, you do. The Hot Cap is back here in the corner. I think we're ready to put the curlers in. What kind of perm would you like?
Speaker 1: I just want a light wave. I look really silly if my hair is too curly.
Speaker 2: "	"Speaker 1: Hmm. Not bad. I think I look younger with shorter hair.
Speaker 2: Yes, you do. The Hot Cap is back here in the corner. I think we're ready to put the curlers in. What kind of perm would you like?
Speaker 1: I want a light wave. I look really silly if my hair is too curly.
Speaker 2: "	Speaker 2
488	489	expanded_data	discourse_particle	5	just_e_4508	just	o	Mom, have we got any cookies?	Cookies? You just ate an hour ago.	Cookies? You ate an hour ago.	I know, but I'm hungry.		P	Cookies? You just ate an hour ago.	nucleus	base	0.9	1.0	20260416	1255810015	50	50	200	50	47	I know, but this is my last snack before dinner.	i know, but this is my last snack before dinner.	 I know, but this is my last snack before dinner.\nSpeaker 2:   We don’t have any cookies.\nSpeaker 1: But what about baking cookies?\nSpeaker 2: What about it?\nSpeaker 1: Do we have all the ingredients for cookies?\nSpeaker 2: Yes.\nSpeaker	-20.3963623046875	-21.2059326171875	-1.6996968587239585	-1.7671610514322915	12	12	-20.3963623046875	-21.2059326171875	-1.6996968587239585	-1.7671610514322915	0.8095703125	0.0674641927083334	True	True	I know, but I'm hungry.	just	0.0674641927083334	0.8095703125	0	"Speaker 1: Mom, have we got any cookies?
Speaker 2: Cookies? You just ate an hour ago.
Speaker 1: "	"Speaker 1: Mom, have we got any cookies?
Speaker 2: Cookies? You ate an hour ago.
Speaker 1: "	Speaker 1
489	490	expanded_data	discourse_particle	48	just_e_976	just	o	Is there anything I can do for you?__eou__I'm looking for a black, leather bag.__eou__How's this?	I'm just looking.	I'm looking.	If you need any help, let me know.		P	I'm just looking.	nucleus	base	0.9	1.0	20260416	711530636	50	50	200	48	48	8.99	8.99	8.99\nSpeaker 2: Where are you looking? In the trash.\nSpeaker 1: Yeah, it's fine.\nSpeaker 2: You shouldn't leave it there.\nSpeaker 1: It's fine, it's fine.\nSpeaker 2: You shouldn't leave your bag lying in the street	-8.1220703125	-8.3232421875	-2.707356770833333	-2.7744140625	3	3	-8.1220703125	-8.3232421875	-2.707356770833333	-2.7744140625	0.201171875	0.0670572916666665	True	True	If you need any help, let me know.	just	0.0670572916666665	0.201171875	1	"Speaker 1: Is there anything I can do for you?
Speaker 2: I'm looking for a black, leather bag.
Speaker 1: How's this?
Speaker 2: I'm just looking.
Speaker 1: "	"Speaker 1: Is there anything I can do for you?
Speaker 2: I'm looking for a black, leather bag.
Speaker 1: How's this?
Speaker 2: I'm looking.
Speaker 1: "	Speaker 1
490	491	expanded_data	discourse_particle	57	just_j_11362	just	h	Would you mind if I ask your health status?	I just had a complete physical examination and passed with flying colors.	I had a complete physical examination and passed with flying colors.	That is good. We hope each of our future employees will be healthy and happy.		P	I just had a complete physical examination and passed with flying colors.	nucleus	base	0.9	1.0	20260416	1728911766	50	50	200	46	46	请不要介意我询问一下你的健康状况?	请不要介意我询问一下你的健康状况?	请不要介意我询问一下你的健康状况?\nSpeaker 2: 我刚刚做了一次全面体检，没问题。\nSpeaker 3: How old are you?\nSpeaker 4: I'm 70 this year.\nSpeaker 3: How old are you?\nSpeaker 4: I'm	-15.259018898010254	-16.062291145324707	-1.2715849081675212	-1.3385242621103923	12	12	-15.259018898010254	-16.062291145324707	-1.2715849081675212	-1.3385242621103923	0.8032722473144531	0.0669393539428711	True	True	That is good. We hope each of our future employees will be healthy and happy.	just	0.0669393539428711	0.8032722473144531	0	"Speaker 1: Would you mind if I ask your health status?
Speaker 2: I just had a complete physical examination and passed with flying colors.
Speaker 1: "	"Speaker 1: Would you mind if I ask your health status?
Speaker 2: I had a complete physical examination and passed with flying colors.
Speaker 1: "	Speaker 1
491	492	expanded_data	discourse_particle	5	just_e_4508	just	o	Mom, have we got any cookies?	Cookies? You just ate an hour ago.	Cookies? You ate an hour ago.	I know, but I'm hungry.		P	Cookies? You just ate an hour ago.	nucleus	base	0.9	1.0	20260416	1255810015	50	50	200	14	14	1, hour ago? Yeah, yeah, maybe that was an hour ago, but I want a cookie. Please?	1, hour ago? yeah, yeah, maybe that was an hour ago, but i want a cookie. please?	1, hour ago? Yeah, yeah, maybe that was an hour ago, but I want a cookie. Please?\nSpeaker 2: No, we don't have cookies, sorry.\nSpeaker 1: Now, come on! There's got to be something.\nSpeaker 2: Okay, look. I have	-52.228790283203125	-53.83050537109375	-2.1761995951334634	-2.2429377237955728	24	24	-52.228790283203125	-53.83050537109375	-2.1761995951334634	-2.2429377237955728	1.601715087890625	0.0667381286621093	True	True	I know, but I'm hungry.	just	0.0667381286621093	1.601715087890625	0	"Speaker 1: Mom, have we got any cookies?
Speaker 2: Cookies? You just ate an hour ago.
Speaker 1: "	"Speaker 1: Mom, have we got any cookies?
Speaker 2: Cookies? You ate an hour ago.
Speaker 1: "	Speaker 1
492	493	expanded_data	discourse_particle	22	just_e_1001	just	o	Hello! Are you shopping here today? Haven't I seen you in some flea markets and thrift shops a couple of times?	I'm just comparing prices.	I'm comparing prices.	You should! This thrift shop is really cheap, though, you have to pay cash here.		P	I'm just comparing prices.	nucleus	base	0.9	1.0	20260416	1316144405	50	50	200	35	35	I'm trying to think where I've seen you before.	i'm trying to think where i've seen you before.	 I'm trying to think where I've seen you before.\nSpeaker 2: And you're trying to find ways to save more money.\nSpeaker 1: Oh, well that's the right way to do it! Is it so long that you can save quite a lot in a day!\nSpeaker 2:	-18.401885986328125	-19.202301025390625	-1.533490498860677	-1.6001917521158855	12	12	-18.401885986328125	-19.202301025390625	-1.533490498860677	-1.6001917521158855	0.8004150390625	0.0667012532552084	True	True	You should! This thrift shop is really cheap, though, you have to pay cash here.	just	0.0667012532552084	0.8004150390625	0	"Speaker 1: Hello! Are you shopping here today? Haven't I seen you in some flea markets and thrift shops a couple of times?
Speaker 2: I'm just comparing prices.
Speaker 1: "	"Speaker 1: Hello! Are you shopping here today? Haven't I seen you in some flea markets and thrift shops a couple of times?
Speaker 2: I'm comparing prices.
Speaker 1: "	Speaker 1
493	494	expanded_data	discourse_particle	41	just_e_2612	just	o	Can I bring you anything else?	No, thank you. Just the check.	No, thank you. The check.	Let me get this.		P	No, thank you. Just the check.	nucleus	base	0.9	1.0	20260416	289692236	50	50	200	27	27	20% tip on a $50 bill is $10. $10?	20% tip on a $50 bill is $10. $10?	20% tip on a $50 bill is $10. $10?\nSpeaker 2: Ah, I wanted to give $20.\nSpeaker 1: Well, it is 20% tip, isn’t it?\nSpeaker 2: That’s what the bill said.\nSpeaker 1: Do you really want	-27.39595031738281	-28.394927978515625	-1.826396687825521	-1.8929951985677085	15	15	-27.39595031738281	-28.394927978515625	-1.826396687825521	-1.8929951985677085	0.9989776611328124	0.0665985107421873	True	True	Let me get this.	just	0.0665985107421873	0.9989776611328124	1	"Speaker 1: Can I bring you anything else?
Speaker 2: No, thank you. Just the check.
Speaker 1: "	"Speaker 1: Can I bring you anything else?
Speaker 2: No, thank you. The check.
Speaker 1: "	Speaker 1
494	495	expanded_data	discourse_particle	36	just_j_8556	just	h	I think I'm going to go home.	Why? We just got here.	Why? We got here.	I know, but it's 12		P	Why? We just got here.	nucleus	base	0.9	1.0	20260416	1188910665	50	50	200	50	50	80,000 speakers at Coachella. I don't think there's anyone to have a conversation with.	80,000 speakers at coachella. i don't think there's anyone to have a conversation with.	80,000 speakers at Coachella. I don't think there's anyone to have a conversation with.\nSpeaker 2: You know, I've been saying that a lot lately. You know, I mean, I know it's a desert, but it's also not a forest. I don't think there's	-53.96903991699219	-55.365272521972656	-2.569954281761533	-2.6364415486653647	21	21	-53.96903991699219	-55.365272521972656	-2.569954281761533	-2.6364415486653647	1.3962326049804688	0.0664872669038318	True	True	I know, but it's 12	just	0.0664872669038318	1.3962326049804688	1	"Speaker 1: I think I'm going to go home.
Speaker 2: Why? We just got here.
Speaker 1: "	"Speaker 1: I think I'm going to go home.
Speaker 2: Why? We got here.
Speaker 1: "	Speaker 1
495	496	expanded_data	discourse_particle	58	just_j_8648	just	h	what sort of music do you like?	I love just about anything by Prince.	I love about anything by Prince.	so, you're into 80s music then?		P	I love just about anything by Prince.	nucleus	base	0.9	1.0	20260416	1138373084	50	50	200	19	19	Did you hear the great news? Prince passed away today.	did you hear the great news? prince passed away today.	 Did you hear the great news? Prince passed away today.\nSpeaker 2:  How did you hear about it?\nSpeaker 1:  It was announced on social media.\nSpeaker 2:  What an awful way to get news like that.\nSpeaker 1:  I know,	-24.53871154785156	-25.3355712890625	-2.0448926289876304	-2.111297607421875	12	12	-24.53871154785156	-25.3355712890625	-2.0448926289876304	-2.111297607421875	0.7968597412109375	0.0664049784342446	True	True	so, you're into 80s music then?	just	0.0664049784342446	0.7968597412109375	0	"Speaker 1: what sort of music do you like?
Speaker 2: I love just about anything by Prince.
Speaker 1: "	"Speaker 1: what sort of music do you like?
Speaker 2: I love about anything by Prince.
Speaker 1: "	Speaker 1
496	497	expanded_data	discourse_particle	53	just_e_4632	just	o	She is really pretty, isn't she? Her skin looks so baby-smooth!	Well, it's just that she put a lot of makeup on her face. Actually, natural beauty comes from within.	Well, it's that she put a lot of makeup on her face. Actually, natural beauty comes from within.	Ah, I can smell jealousy in the air.		P	Well, it's just that she put a lot of makeup on her face. Actually, natural beauty comes from within.	nucleus	base	0.9	1.0	20260416	127507524	50	50	200	25	25	But, the cover girl I saw in the magazine didn't even wear any makeup. Yet she looks beautiful, too.	but, the cover girl i saw in the magazine didn't even wear any makeup. yet she looks beautiful, too.	 But, the cover girl I saw in the magazine didn't even wear any makeup. Yet she looks beautiful, too. \nSpeaker 2: But, that may not be all natural. I've heard she gets lots of help from expensive cosmetic treatments.\n2. A cosmetic is a substance used to change the way	-56.015869140625	-57.60631561279297	-2.333994547526041	-2.4002631505330405	24	24	-56.015869140625	-57.60631561279297	-2.333994547526041	-2.4002631505330405	1.5904464721679688	0.066268603006999	True	True	Ah, I can smell jealousy in the air.	just	0.066268603006999	1.5904464721679688	0	"Speaker 1: She is really pretty, isn't she? Her skin looks so baby-smooth!
Speaker 2: Well, it's just that she put a lot of makeup on her face. Actually, natural beauty comes from within.
Speaker 1: "	"Speaker 1: She is really pretty, isn't she? Her skin looks so baby-smooth!
Speaker 2: Well, it's that she put a lot of makeup on her face. Actually, natural beauty comes from within.
Speaker 1: "	Speaker 1
497	498	expanded_data	discourse_particle	12	just_j_8890	just	h	Wow! What’s the hold up?	It’s probably just people trying to get an early start out of the city for the weekend. Nobody sticks around in the summer.	It’s probably people trying to get an early start out of the city for the weekend. Nobody sticks around in the summer.	Really? Then, I guess I won’t have a hard time finding a room or getting a cab?		P	It’s probably just people trying to get an early start out of the city for the weekend. Nobody sticks around in the summer.	nucleus	base	0.9	1.0	20260416	1504568862	50	50	200	18	18	300 lbs. of cocaine.	300 lbs. of cocaine.	300 lbs. of cocaine.\nSpeaker 2: Yeah, really. I’m actually feeling sorry for the dealer. This guy probably thought he was safe with all this going on. He didn’t plan on dealing with the FBI.\nSpeaker 1: Alright, I want everything in the car, the driver, and anyone	-21.41357421875	-21.81005859375	-3.568929036458333	-3.635009765625	6	6	-21.41357421875	-21.81005859375	-3.568929036458333	-3.635009765625	0.396484375	0.0660807291666665	True	True	Really? Then, I guess I won’t have a hard time finding a room or getting a cab?	just	0.0660807291666665	0.396484375	0	"Speaker 1: Wow! What’s the hold up?
Speaker 2: It’s probably just people trying to get an early start out of the city for the weekend. Nobody sticks around in the summer.
Speaker 1: "	"Speaker 1: Wow! What’s the hold up?
Speaker 2: It’s probably people trying to get an early start out of the city for the weekend. Nobody sticks around in the summer.
Speaker 1: "	Speaker 1
498	499	expanded_data	discourse_particle	53	just_e_4632	just	o	She is really pretty, isn't she? Her skin looks so baby-smooth!	Well, it's just that she put a lot of makeup on her face. Actually, natural beauty comes from within.	Well, it's that she put a lot of makeup on her face. Actually, natural beauty comes from within.	Ah, I can smell jealousy in the air.		P	Well, it's just that she put a lot of makeup on her face. Actually, natural beauty comes from within.	nucleus	base	0.9	1.0	20260416	127507524	50	50	200	7	7	100% 'natural beauty' doesn't come from within. It comes from the drugstore!	100% 'natural beauty' doesn't come from within. it comes from the drugstore!	100% 'natural beauty' doesn't come from within. It comes from the drugstore!\nSpeaker 1: Natural beauty cream has been very popular lately, you know. It's considered as being healthy for the skin. But what do you think? Is that true?\nSpeaker 2: Well, I don't	-37.67045593261719	-38.92491149902344	-1.9826555754009043	-2.048679552580181	19	19	-37.67045593261719	-38.92491149902344	-1.9826555754009043	-2.048679552580181	1.25445556640625	0.0660239771792765	True	True	Ah, I can smell jealousy in the air.	just	0.0660239771792765	1.25445556640625	0	"Speaker 1: She is really pretty, isn't she? Her skin looks so baby-smooth!
Speaker 2: Well, it's just that she put a lot of makeup on her face. Actually, natural beauty comes from within.
Speaker 1: "	"Speaker 1: She is really pretty, isn't she? Her skin looks so baby-smooth!
Speaker 2: Well, it's that she put a lot of makeup on her face. Actually, natural beauty comes from within.
Speaker 1: "	Speaker 1
499	500	expanded_data	discourse_particle	6	just_j_638	just	h	Hello, do you have any vacancies?	Yes, something just opened up.	Yes, something opened up.	What kind of apartment is it?		P	Yes, something just opened up.	nucleus	base	0.9	1.0	20260416	894870064	50	50	200	48	48	50 million yen? How many days a month?	50 million yen? how many days a month?	50 million yen? How many days a month?\nSpeaker 2: 26, to start with.\nSpeaker 1: So two days a week, huh.\nSpeaker 2: Yeah, because she’ll get a lot of time off soon, so it might be three or four days a week.\nSpeaker 1	-29.1298828125	-29.7900390625	-2.91298828125	-2.97900390625	10	10	-29.1298828125	-29.7900390625	-2.91298828125	-2.97900390625	0.66015625	0.0660156249999999	True	True	What kind of apartment is it?	just	0.0660156249999999	0.66015625	0	"Speaker 1: Hello, do you have any vacancies?
Speaker 2: Yes, something just opened up.
Speaker 1: "	"Speaker 1: Hello, do you have any vacancies?
Speaker 2: Yes, something opened up.
Speaker 1: "	Speaker 1
