source_dataset	dataset_role	source_row_index	id	word	subset	generated_from	analysis_metric	n_candidates	n_items	mean_candidates_per_item	mean_own_context_log_prob_advantage	median_own_context_log_prob_advantage	mean_own_context_log_prob_advantage_per_token	median_own_context_log_prob_advantage_per_token	own_context_win_rate	own_context_win_rate_per_token	weighted_own_context_win_rate	weighted_own_context_win_rate_per_token	weighted_own_context_log_prob_advantage	weighted_own_context_log_prob_advantage_per_token	top1_own_context_win_rate	top1_own_context_win_rate_per_token	top1_mean_own_context_log_prob_advantage	top1_mean_own_context_log_prob_advantage_per_token	mean_unique_samples_obtained	min_unique_samples_obtained	mean_sample_draw
expanded_data	discourse_particle	0	just_e_1157	just	o	P	own_context_log_prob_advantage_per_token	50	1	50.0	0.01004138481687409	0.00774615151541575	0.01004138481687409	0.00774615151541575	0.68	0.68	0.7446588395663186	0.7446588395663186	0.014339568637629982	0.014339568637629982	1.0	1.0	0.0543125697544644	0.0543125697544644	50.0	50	27.34
expanded_data	discourse_particle	0	just_e_1157	just	o	P_prime	own_context_log_prob_advantage_per_token	50	1	50.0	0.0019951076861306274	0.0023899751551011497	0.0019951076861306274	0.0023899751551011497	0.54	0.54	0.4634686972189262	0.4634686972189262	6.213529530773324e-05	6.213529530773324e-05	0.0	0.0	-0.0073649088541665	-0.0073649088541665	50.0	50	26.34
expanded_data	discourse_particle	1	just_j_5467	just	h	P	own_context_log_prob_advantage_per_token	50	1	50.0	0.0155892683696715	0.013084093729654949	0.0155892683696715	0.013084093729654949	0.58	0.58	0.6185764191219061	0.6185764191219061	0.02906019468105162	0.02906019468105162	1.0	1.0	0.05377197265625	0.05377197265625	50.0	50	28.94
expanded_data	discourse_particle	1	just_j_5467	just	h	P_prime	own_context_log_prob_advantage_per_token	50	1	50.0	0.0019422848245457503	0.0011555989583334	0.0019422848245457503	0.0011555989583334	0.5	0.5	0.4693212172148855	0.4693212172148855	-0.0036757297796573525	-0.0036757297796573525	0.0	0.0	-0.03271484375	-0.03271484375	50.0	50	26.94
expanded_data	discourse_particle	2	just_j_2485	just	h	P	own_context_log_prob_advantage_per_token	50	1	50.0	0.013891760556753441	0.017299543108259048	0.013891760556753441	0.017299543108259048	0.7	0.7	0.7244980416368539	0.7244980416368539	0.014431029149517256	0.014431029149517256	1.0	1.0	0.0828857421875	0.0828857421875	50.0	50	25.5
expanded_data	discourse_particle	2	just_j_2485	just	h	P_prime	own_context_log_prob_advantage_per_token	50	1	50.0	0.019631304623733144	0.0129975818452381	0.019631304623733144	0.0129975818452381	0.56	0.56	0.6114044336840966	0.6114044336840966	0.027569825554612386	0.027569825554612386	0.0	0.0	-0.0727132161458332	-0.0727132161458332	50.0	50	25.5
expanded_data	discourse_particle	3	just_e_2798	just	o	P	own_context_log_prob_advantage_per_token	50	1	50.0	0.04918169486124636	0.046005480217210945	0.04918169486124636	0.046005480217210945	0.7	0.7	0.7092562394319903	0.7092562394319903	0.055286735702138046	0.055286735702138046	1.0	1.0	0.05194091796875	0.05194091796875	50.0	50	25.5
expanded_data	discourse_particle	3	just_e_2798	just	o	P_prime	own_context_log_prob_advantage_per_token	50	1	50.0	0.04827637038545639	0.0416188557942708	0.04827637038545639	0.0416188557942708	0.82	0.82	0.8390695926914571	0.8390695926914571	0.044759362953826286	0.044759362953826286	1.0	1.0	0.052997295673077	0.052997295673077	50.0	50	26.62
expanded_data	discourse_particle	4	just_j_1627	just	h	P	own_context_log_prob_advantage_per_token	50	1	50.0	0.0036317439160968167	0.007475700745215801	0.0036317439160968167	0.007475700745215801	0.66	0.66	0.6879667019616527	0.6879667019616527	0.005431807624677862	0.005431807624677862	1.0	1.0	0.0015881187037416	0.0015881187037416	50.0	50	26.82
expanded_data	discourse_particle	4	just_j_1627	just	h	P_prime	own_context_log_prob_advantage_per_token	50	1	50.0	-0.0023597374851778603	-0.0024301512488002497	-0.0023597374851778603	-0.0024301512488002497	0.46	0.46	0.48226776893729306	0.48226776893729306	-0.003013939965270375	-0.003013939965270375	1.0	1.0	0.0141448974609375	0.0141448974609375	50.0	50	27.68
expanded_data	discourse_particle	5	just_e_4508	just	o	P	own_context_log_prob_advantage_per_token	50	1	50.0	0.01353862685358704	0.015610289573669351	0.01353862685358704	0.015610289573669351	0.78	0.78	0.8287848836168973	0.8287848836168973	0.015341513310986876	0.015341513310986876	1.0	1.0	0.1105753580729167	0.1105753580729167	50.0	50	26.9
expanded_data	discourse_particle	5	just_e_4508	just	o	P_prime	own_context_log_prob_advantage_per_token	50	1	50.0	-0.00023871102369653035	-0.0101318359375	-0.00023871102369653035	-0.0101318359375	0.38	0.38	0.29526771457849543	0.29526771457849543	-0.006466013694152336	-0.006466013694152336	0.0	0.0	-0.0235687255859375	-0.0235687255859375	50.0	50	27.24
expanded_data	discourse_particle	6	just_j_638	just	h	P	own_context_log_prob_advantage_per_token	50	1	50.0	0.016359814789851455	0.012551007952008999	0.016359814789851455	0.012551007952008999	0.72	0.72	0.7765278255918373	0.7765278255918373	0.018133181674752762	0.018133181674752762	0.0	0.0	-0.0177558450137866	-0.0177558450137866	50.0	50	25.82
expanded_data	discourse_particle	6	just_j_638	just	h	P_prime	own_context_log_prob_advantage_per_token	50	1	50.0	0.011769460141716776	0.008854491843117498	0.011769460141716776	0.008854491843117498	0.62	0.62	0.5024872799795483	0.5024872799795483	0.002785538293248551	0.002785538293248551	0.0	0.0	-0.0303626427283654	-0.0303626427283654	50.0	50	27.14
expanded_data	discourse_particle	7	just_e_5138	just	o	P	own_context_log_prob_advantage_per_token	50	1	50.0	0.02119402649817705	0.0108223794889049	0.02119402649817705	0.0108223794889049	0.6	0.6	0.5923882754850236	0.5923882754850236	0.02319798538562022	0.02319798538562022	1.0	1.0	0.098851556363313	0.098851556363313	50.0	50	26.48
expanded_data	discourse_particle	7	just_e_5138	just	o	P_prime	own_context_log_prob_advantage_per_token	50	1	50.0	0.015649271055419068	0.0117376320289842	0.015649271055419068	0.0117376320289842	0.58	0.58	0.5646529024738169	0.5646529024738169	0.015139359585224145	0.015139359585224145	1.0	1.0	0.0179494222005209	0.0179494222005209	50.0	50	26.2
expanded_data	discourse_particle	8	just_j_498	just	h	P	own_context_log_prob_advantage_per_token	50	1	50.0	0.050346592787315965	0.02654972076416015	0.050346592787315965	0.02654972076416015	0.7	0.7	0.680646080102932	0.680646080102932	0.051967993669157456	0.051967993669157456	1.0	1.0	0.0499739096714901	0.0499739096714901	50.0	50	26.64
expanded_data	discourse_particle	8	just_j_498	just	h	P_prime	own_context_log_prob_advantage_per_token	50	1	50.0	-3.789581626264426e-05	0.00167083740234375	-3.789581626264426e-05	0.00167083740234375	0.5	0.5	0.4384812208650582	0.4384812208650582	-0.01089390170614677	-0.01089390170614677	1.0	1.0	0.0350671898234973	0.0350671898234973	50.0	50	25.64
expanded_data	discourse_particle	9	just_j_7769	just	h	P	own_context_log_prob_advantage_per_token	50	1	50.0	0.0101203537984339	0.0026575421530101	0.0101203537984339	0.0026575421530101	0.56	0.56	0.53193225916635	0.53193225916635	0.003999225981372231	0.003999225981372231	1.0	1.0	0.1315155029296875	0.1315155029296875	50.0	50	25.5
expanded_data	discourse_particle	9	just_j_7769	just	h	P_prime	own_context_log_prob_advantage_per_token	50	1	50.0	0.015598572380534944	0.00721200307210275	0.015598572380534944	0.00721200307210275	0.64	0.64	0.6281085249914596	0.6281085249914596	0.014446368504589052	0.014446368504589052	0.0	0.0	-0.0189883834437318	-0.0189883834437318	50.0	50	25.5
expanded_data	discourse_particle	10	just_j_12718	just	h	P	own_context_log_prob_advantage_per_token	50	1	50.0	0.015422405006530476	0.00679601941789905	0.015422405006530476	0.00679601941789905	0.62	0.62	0.6256840813122974	0.6256840813122974	0.015502099085128462	0.015502099085128462	1.0	1.0	0.015009169145064	0.015009169145064	50.0	50	25.5
expanded_data	discourse_particle	10	just_j_12718	just	h	P_prime	own_context_log_prob_advantage_per_token	50	1	50.0	-0.015422332286833871	0.0040850945008106	-0.015422332286833871	0.0040850945008106	0.54	0.54	0.6018307145644274	0.6018307145644274	-0.005569392873039339	-0.005569392873039339	0.0	0.0	-0.0191200342443254	-0.0191200342443254	50.0	50	25.5
expanded_data	discourse_particle	11	just_j_8242	just	h	P	own_context_log_prob_advantage_per_token	50	1	50.0	-0.0021184939524391544	-0.0010670555962456001	-0.0021184939524391544	-0.0010670555962456001	0.48	0.48	0.4726980842617227	0.4726980842617227	-0.0016230053245246906	-0.0016230053245246906	1.0	1.0	0.0005794101291236	0.0005794101291236	50.0	50	26.32
expanded_data	discourse_particle	11	just_j_8242	just	h	P_prime	own_context_log_prob_advantage_per_token	50	1	50.0	0.01122020674054296	0.0096909373234479	0.01122020674054296	0.0096909373234479	0.66	0.66	0.5847660882663435	0.5847660882663435	0.00853071830645819	0.00853071830645819	0.0	0.0	-0.0083198547363281	-0.0083198547363281	50.0	50	27.4
expanded_data	discourse_particle	12	just_j_8890	just	h	P	own_context_log_prob_advantage_per_token	50	1	50.0	0.007077321633813577	0.00259441620594745	0.007077321633813577	0.00259441620594745	0.66	0.66	0.6537115657090947	0.6537115657090947	0.005999533667015252	0.005999533667015252	0.0	0.0	-0.013020833333333	-0.013020833333333	50.0	50	26.5
expanded_data	discourse_particle	12	just_j_8890	just	h	P_prime	own_context_log_prob_advantage_per_token	50	1	50.0	0.0006936361927135676	0.00232416541321465	0.0006936361927135676	0.00232416541321465	0.6	0.6	0.6002434609138507	0.6002434609138507	0.001931599578270074	0.001931599578270074	1.0	1.0	0.0008001327514648	0.0008001327514648	50.0	50	25.5
expanded_data	discourse_particle	13	just_j_10613	just	h	P	own_context_log_prob_advantage_per_token	50	1	50.0	0.013627724419685593	0.011876750196147	0.013627724419685593	0.011876750196147	0.7	0.7	0.699625858051965	0.699625858051965	0.010005170895933991	0.010005170895933991	1.0	1.0	0.0647735595703125	0.0647735595703125	50.0	50	29.6
expanded_data	discourse_particle	13	just_j_10613	just	h	P_prime	own_context_log_prob_advantage_per_token	50	1	50.0	0.00300245953189005	-0.00097465515136715	0.00300245953189005	-0.00097465515136715	0.48	0.48	0.4916297413149374	0.4916297413149374	0.006177577401870811	0.006177577401870811	1.0	1.0	0.0372314453125	0.0372314453125	50.0	50	30.24
expanded_data	discourse_particle	14	just_e_6323	just	o	P	own_context_log_prob_advantage_per_token	50	1	50.0	0.002561147399325086	0.0005170624831626999	0.002561147399325086	0.0005170624831626999	0.54	0.54	0.5581780982975062	0.5581780982975062	0.001440153362350393	0.001440153362350393	0.0	0.0	-0.0172008167613637	-0.0172008167613637	50.0	50	25.5
expanded_data	discourse_particle	14	just_e_6323	just	o	P_prime	own_context_log_prob_advantage_per_token	50	1	50.0	-0.0007291890043917749	0.00207527580163665	-0.0007291890043917749	0.00207527580163665	0.54	0.54	0.5414846026847651	0.5414846026847651	-0.0014255282960706037	-0.0014255282960706037	0.0	0.0	-0.0352945963541666	-0.0352945963541666	50.0	50	26.38
expanded_data	discourse_particle	15	just_j_4012	just	h	P	own_context_log_prob_advantage_per_token	50	1	50.0	-0.004064881042711954	-0.0010814401838513	-0.004064881042711954	-0.0010814401838513	0.48	0.48	0.46078701968103963	0.46078701968103963	-0.0032480500151172383	-0.0032480500151172383	0.0	0.0	-0.017364501953125	-0.017364501953125	50.0	50	25.5
expanded_data	discourse_particle	15	just_j_4012	just	h	P_prime	own_context_log_prob_advantage_per_token	50	1	50.0	-0.0005947550569876825	0.002123535380644	-0.0005947550569876825	0.002123535380644	0.54	0.54	0.569504578487891	0.569504578487891	0.0008173061382307082	0.0008173061382307082	0.0	0.0	-0.0099923270089288	-0.0099923270089288	50.0	50	25.5
expanded_data	discourse_particle	16	just_e_9268	just	o	P	own_context_log_prob_advantage_per_token	50	1	50.0	0.002347506046811605	0.014543831348419151	0.002347506046811605	0.014543831348419151	0.7	0.7	0.7135132692054494	0.7135132692054494	0.00358132855268933	0.00358132855268933	1.0	1.0	0.0107660929361979	0.0107660929361979	50.0	50	25.5
expanded_data	discourse_particle	16	just_e_9268	just	o	P_prime	own_context_log_prob_advantage_per_token	50	1	50.0	0.018369345530642223	0.0086840666257418	0.018369345530642223	0.0086840666257418	0.64	0.64	0.5993768665088702	0.5993768665088702	0.013005692935171747	0.013005692935171747	1.0	1.0	0.006453514099121	0.006453514099121	50.0	50	25.5
expanded_data	discourse_particle	17	just_j_788	just	h	P	own_context_log_prob_advantage_per_token	50	1	50.0	0.006139372012761115	0.00500392913818355	0.006139372012761115	0.00500392913818355	0.6	0.6	0.567376522664354	0.567376522664354	0.005880252583536378	0.005880252583536378	0.0	0.0	-0.002685546875	-0.002685546875	50.0	50	29.2
expanded_data	discourse_particle	17	just_j_788	just	h	P_prime	own_context_log_prob_advantage_per_token	50	1	50.0	0.0017034972371676898	0.00040969848632819994	0.0017034972371676898	0.00040969848632819994	0.5	0.5	0.458954549461902	0.458954549461902	0.000210598958357747	0.000210598958357747	0.0	0.0	-0.0030517578125	-0.0030517578125	50.0	50	30.9
expanded_data	discourse_particle	18	just_e_5758	just	o	P	own_context_log_prob_advantage_per_token	50	1	50.0	0.03909857993956563	0.0208653291066488	0.03909857993956563	0.0208653291066488	0.76	0.76	0.7290610429328188	0.7290610429328188	0.024173688106269586	0.024173688106269586	1.0	1.0	0.2265625	0.2265625	50.0	50	27.72
expanded_data	discourse_particle	18	just_e_5758	just	o	P_prime	own_context_log_prob_advantage_per_token	50	1	50.0	0.004253422935581348	0.0050755550986840495	0.004253422935581348	0.0050755550986840495	0.54	0.54	0.5587015769545732	0.5587015769545732	0.015341843396518017	0.015341843396518017	1.0	1.0	0.0859629313151042	0.0859629313151042	50.0	50	27.14
expanded_data	discourse_particle	19	just_j_7873	just	h	P	own_context_log_prob_advantage_per_token	50	1	50.0	0.014598888688843008	0.007724354141636899	0.014598888688843008	0.007724354141636899	0.6	0.6	0.6088372371271275	0.6088372371271275	0.023769642624202066	0.023769642624202066	1.0	1.0	0.011962890625	0.011962890625	50.0	50	25.5
expanded_data	discourse_particle	19	just_j_7873	just	h	P_prime	own_context_log_prob_advantage_per_token	50	1	50.0	0.004680477196860884	0.00585865388836765	0.004680477196860884	0.00585865388836765	0.6	0.6	0.6117869141902613	0.6117869141902613	0.00879952180926112	0.00879952180926112	1.0	1.0	0.0213134765624998	0.0213134765624998	50.0	50	25.5
expanded_data	discourse_particle	20	just_j_2141	just	h	P	own_context_log_prob_advantage_per_token	50	1	50.0	0.010001466498670017	0.01257324218749995	0.010001466498670017	0.01257324218749995	0.56	0.56	0.5019456223302284	0.5019456223302284	0.007663485631001645	0.007663485631001645	1.0	1.0	0.0041764497756959	0.0041764497756959	50.0	50	26.32
expanded_data	discourse_particle	20	just_j_2141	just	h	P_prime	own_context_log_prob_advantage_per_token	50	1	50.0	0.014534979321746926	0.01539226154704645	0.014534979321746926	0.01539226154704645	0.76	0.76	0.7317201874818373	0.7317201874818373	0.013623712055543252	0.013623712055543252	1.0	1.0	0.0032958984375	0.0032958984375	50.0	50	26.42
expanded_data	discourse_particle	21	just_j_5388	just	h	P	own_context_log_prob_advantage_per_token	50	1	50.0	-0.0013021442454748645	0.008272583817829849	-0.0013021442454748645	0.008272583817829849	0.54	0.54	0.6001312472905711	0.6001312472905711	0.0028958207248047495	0.0028958207248047495	0.0	0.0	-0.0733693440755207	-0.0733693440755207	50.0	50	26.92
expanded_data	discourse_particle	21	just_j_5388	just	h	P_prime	own_context_log_prob_advantage_per_token	50	1	50.0	0.014036805954407332	0.0156986530010516	0.014036805954407332	0.0156986530010516	0.62	0.62	0.624396841826218	0.624396841826218	0.013569025717452202	0.013569025717452202	0.0	0.0	-0.0038003360523899	-0.0038003360523899	50.0	50	25.5
expanded_data	discourse_particle	22	just_e_1001	just	o	P	own_context_log_prob_advantage_per_token	50	1	50.0	0.008197727409190286	0.007447655995686701	0.008197727409190286	0.007447655995686701	0.66	0.66	0.6815100804052795	0.6815100804052795	0.008246571935138431	0.008246571935138431	0.0	0.0	-0.0130407084589418	-0.0130407084589418	50.0	50	25.5
expanded_data	discourse_particle	22	just_e_1001	just	o	P_prime	own_context_log_prob_advantage_per_token	50	1	50.0	0.012306692968380065	0.00548904736836745	0.012306692968380065	0.00548904736836745	0.62	0.62	0.6493742214826969	0.6493742214826969	0.010797494216520966	0.010797494216520966	1.0	1.0	0.0006162409196821	0.0006162409196821	50.0	50	26.22
expanded_data	discourse_particle	23	just_e_9687	just	o	P	own_context_log_prob_advantage_per_token	50	1	50.0	0.013384997136482047	0.00534528493881225	0.013384997136482047	0.00534528493881225	0.52	0.52	0.4889227336405363	0.4889227336405363	0.009854404205727366	0.009854404205727366	1.0	1.0	0.0086181640624998	0.0086181640624998	50.0	50	26.68
expanded_data	discourse_particle	23	just_e_9687	just	o	P_prime	own_context_log_prob_advantage_per_token	50	1	50.0	0.035274370396239776	0.011938012164571951	0.035274370396239776	0.011938012164571951	0.64	0.64	0.655320018872399	0.655320018872399	0.03479101855204479	0.03479101855204479	1.0	1.0	0.07177734375	0.07177734375	50.0	50	29.88
expanded_data	discourse_particle	24	just_j_6768	just	h	P	own_context_log_prob_advantage_per_token	50	1	50.0	0.0025248558453906623	0.0003401637077331	0.0025248558453906623	0.0003401637077331	0.52	0.52	0.5540535684695533	0.5540535684695533	0.0046119289884300465	0.0046119289884300465	1.0	1.0	0.0280667333041919	0.0280667333041919	50.0	50	25.5
expanded_data	discourse_particle	24	just_j_6768	just	h	P_prime	own_context_log_prob_advantage_per_token	50	1	50.0	0.004581291481632526	0.0025421566433376	0.004581291481632526	0.0025421566433376	0.56	0.56	0.5257299357491951	0.5257299357491951	0.0022014717298884825	0.0022014717298884825	1.0	1.0	0.0127507183286876	0.0127507183286876	50.0	50	25.5
expanded_data	discourse_particle	25	just_j_12662	just	h	P	own_context_log_prob_advantage_per_token	50	1	50.0	0.017446056720320065	0.02780419588088985	0.017446056720320065	0.02780419588088985	0.56	0.56	0.5439176825662028	0.5439176825662028	0.012410937775557676	0.012410937775557676	1.0	1.0	0.105194091796875	0.105194091796875	50.0	50	28.54
expanded_data	discourse_particle	25	just_j_12662	just	h	P_prime	own_context_log_prob_advantage_per_token	50	1	50.0	0.015288094772967624	0.00554771423339835	0.015288094772967624	0.00554771423339835	0.54	0.54	0.517554359592069	0.517554359592069	0.013604852235749955	0.013604852235749955	1.0	1.0	0.0150823593139648	0.0150823593139648	50.0	50	26.84
expanded_data	discourse_particle	26	just_j_1461	just	h	P	own_context_log_prob_advantage_per_token	50	1	50.0	0.015133416960647081	0.01129133701324455	0.015133416960647081	0.01129133701324455	0.72	0.72	0.7181116162778463	0.7181116162778463	0.01579929689375779	0.01579929689375779	1.0	1.0	0.02886962890625	0.02886962890625	50.0	50	25.5
expanded_data	discourse_particle	26	just_j_1461	just	h	P_prime	own_context_log_prob_advantage_per_token	50	1	50.0	-0.007000965963073382	0.00022511733205694996	-0.007000965963073382	0.00022511733205694996	0.5	0.5	0.5092129782093457	0.5092129782093457	-0.007789715227800421	-0.007789715227800421	1.0	1.0	0.0267314910888671	0.0267314910888671	50.0	50	26.12
expanded_data	discourse_particle	27	just_j_10555	just	h	P	own_context_log_prob_advantage_per_token	50	1	50.0	0.00059913043272197	0.0033737591334751	0.00059913043272197	0.0033737591334751	0.58	0.58	0.575530062082956	0.575530062082956	0.0007727231544198272	0.0007727231544198272	0.0	0.0	-0.0037037242542613	-0.0037037242542613	50.0	50	25.5
expanded_data	discourse_particle	27	just_j_10555	just	h	P_prime	own_context_log_prob_advantage_per_token	50	1	50.0	0.009161919747374599	0.0033636968492885503	0.009161919747374599	0.0033636968492885503	0.56	0.56	0.5434471984935506	0.5434471984935506	0.006171128919529779	0.006171128919529779	1.0	1.0	0.0209884643554687	0.0209884643554687	50.0	50	25.5
expanded_data	discourse_particle	28	just_j_2164	just	h	P	own_context_log_prob_advantage_per_token	50	1	50.0	0.005742623112036144	0.00717347462972	0.005742623112036144	0.00717347462972	0.78	0.78	0.7830233826872292	0.7830233826872292	0.007067616894276986	0.007067616894276986	0.0	0.0	-0.0014023219837862	-0.0014023219837862	50.0	50	26.3
expanded_data	discourse_particle	28	just_j_2164	just	h	P_prime	own_context_log_prob_advantage_per_token	50	1	50.0	0.006230641255495252	0.00210015112612425	0.006230641255495252	0.00210015112612425	0.64	0.64	0.6058563708246836	0.6058563708246836	0.0038809257932146787	0.0038809257932146787	0.0	0.0	-0.0106400199558422	-0.0106400199558422	50.0	50	26.54
expanded_data	discourse_particle	29	just_j_8011	just	h	P	own_context_log_prob_advantage_per_token	50	1	50.0	0.002406111369069337	0.0064817957900926496	0.002406111369069337	0.0064817957900926496	0.62	0.62	0.6397652538070415	0.6397652538070415	0.00681765073706566	0.00681765073706566	1.0	1.0	0.0254455566406248	0.0254455566406248	50.0	50	28.2
expanded_data	discourse_particle	29	just_j_8011	just	h	P_prime	own_context_log_prob_advantage_per_token	50	1	50.0	0.006875836068233336	0.0001245379447936112	0.006875836068233336	0.0001245379447936112	0.5	0.5	0.5185291375897114	0.5185291375897114	0.008588103148383102	0.008588103148383102	1.0	1.0	0.0334457821316189	0.0334457821316189	50.0	50	25.5
expanded_data	discourse_particle	30	just_e_3966	just	o	P	own_context_log_prob_advantage_per_token	50	1	50.0	0.016469225094006716	0.01621311732700895	0.016469225094006716	0.01621311732700895	0.7	0.7	0.7156757646484548	0.7156757646484548	0.01583139748299313	0.01583139748299313	1.0	1.0	0.0215721130371093	0.0215721130371093	50.0	50	27.18
expanded_data	discourse_particle	30	just_e_3966	just	o	P_prime	own_context_log_prob_advantage_per_token	50	1	50.0	0.02139834439100881	0.017803400213068102	0.02139834439100881	0.017803400213068102	0.76	0.76	0.7225863958129001	0.7225863958129001	0.017277345998269827	0.017277345998269827	1.0	1.0	0.0100364685058593	0.0100364685058593	50.0	50	31.28
expanded_data	discourse_particle	31	just_j_2438	just	h	P	own_context_log_prob_advantage_per_token	50	1	50.0	0.006341586163957041	0.0035851656735598	0.006341586163957041	0.0035851656735598	0.54	0.54	0.5311611424621097	0.5311611424621097	0.007651715165902898	0.007651715165902898	1.0	1.0	0.0501037597656248	0.0501037597656248	50.0	50	26.82
expanded_data	discourse_particle	31	just_j_2438	just	h	P_prime	own_context_log_prob_advantage_per_token	50	1	50.0	-0.00127860870028279	-0.00129341036081305	-0.00127860870028279	-0.00129341036081305	0.48	0.48	0.5020540581264963	0.5020540581264963	0.0005985904956986748	0.0005985904956986748	0.0	0.0	-0.0362701416015625	-0.0362701416015625	50.0	50	27.44
expanded_data	discourse_particle	32	just_e_1907	just	o	P	own_context_log_prob_advantage_per_token	50	1	50.0	0.017206287471515706	0.010881403929148	0.017206287471515706	0.010881403929148	0.68	0.68	0.6994052976561556	0.6994052976561556	0.013071886589430752	0.013071886589430752	0.0	0.0	-0.0047607421875	-0.0047607421875	50.0	50	25.5
expanded_data	discourse_particle	32	just_e_1907	just	o	P_prime	own_context_log_prob_advantage_per_token	50	1	50.0	0.011166480850257413	0.0085611979166666	0.011166480850257413	0.0085611979166666	0.66	0.66	0.6699450768191844	0.6699450768191844	0.01715968335317651	0.01715968335317651	0.0	0.0	-0.0126676431724002	-0.0126676431724002	50.0	50	25.5
expanded_data	discourse_particle	33	just_e_2717	just	o	P	own_context_log_prob_advantage_per_token	50	1	50.0	0.0014058137799749482	0.00058514264322095	0.0014058137799749482	0.00058514264322095	0.52	0.52	0.48074097964551077	0.48074097964551077	-0.00024758365308832035	-0.00024758365308832035	1.0	1.0	0.000458009781376	0.000458009781376	50.0	50	26.28
expanded_data	discourse_particle	33	just_e_2717	just	o	P_prime	own_context_log_prob_advantage_per_token	50	1	50.0	0.01178257408680063	0.00230792909860605	0.01178257408680063	0.00230792909860605	0.58	0.58	0.5707774160986392	0.5707774160986392	0.010758860677248839	0.010758860677248839	0.0	0.0	-0.0001700265066963	-0.0001700265066963	50.0	50	25.5
expanded_data	discourse_particle	34	just_j_4722	just	h	P	own_context_log_prob_advantage_per_token	50	1	50.0	0.0013510986180332682	0.0021504800786417	0.0013510986180332682	0.0021504800786417	0.52	0.52	0.5198822076039946	0.5198822076039946	0.001781591722996548	0.001781591722996548	1.0	1.0	0.0023890904017858	0.0023890904017858	50.0	50	25.76
expanded_data	discourse_particle	34	just_j_4722	just	h	P_prime	own_context_log_prob_advantage_per_token	50	1	50.0	0.009831010174537767	0.0109407861008603	0.009831010174537767	0.0109407861008603	0.7	0.7	0.7425018715267804	0.7425018715267804	0.011172495837662928	0.011172495837662928	0.0	0.0	-0.0067536490304129	-0.0067536490304129	50.0	50	25.5
expanded_data	discourse_particle	35	just_j_8362	just	h	P	own_context_log_prob_advantage_per_token	50	1	50.0	0.07198839289679643	0.04769097623370925	0.07198839289679643	0.04769097623370925	0.76	0.76	0.8085504518787192	0.8085504518787192	0.07411370306506031	0.07411370306506031	0.0	0.0	-0.0053807576497395	-0.0053807576497395	50.0	50	27.78
expanded_data	discourse_particle	35	just_j_8362	just	h	P_prime	own_context_log_prob_advantage_per_token	50	1	50.0	0.09165750456240332	0.0683021545410156	0.09165750456240332	0.0683021545410156	0.86	0.86	0.8602084994478946	0.8602084994478946	0.0886315440471817	0.0886315440471817	1.0	1.0	0.377899169921875	0.377899169921875	50.0	50	26.7
expanded_data	discourse_particle	36	just_j_8556	just	h	P	own_context_log_prob_advantage_per_token	50	1	50.0	0.0847057610026497	0.0822394664088883	0.0847057610026497	0.0822394664088883	0.8	0.8	0.8346962257685223	0.8346962257685223	0.08041429554309013	0.08041429554309013	1.0	1.0	0.1739501953125	0.1739501953125	50.0	50	26.12
expanded_data	discourse_particle	36	just_j_8556	just	h	P_prime	own_context_log_prob_advantage_per_token	50	1	50.0	0.17171843787873972	0.0739428220955855	0.17171843787873972	0.0739428220955855	0.66	0.66	0.7167610983062201	0.7167610983062201	0.22295187297914487	0.22295187297914487	1.0	1.0	0.1170696377754212	0.1170696377754212	50.0	50	26.96
expanded_data	discourse_particle	37	just_e_569	just	o	P	own_context_log_prob_advantage_per_token	50	1	50.0	0.023670908080705388	0.01685166896734005	0.023670908080705388	0.01685166896734005	0.72	0.72	0.7505530464170864	0.7505530464170864	0.023995497668609304	0.023995497668609304	1.0	1.0	0.0113116018474102	0.0113116018474102	50.0	50	26.48
expanded_data	discourse_particle	37	just_e_569	just	o	P_prime	own_context_log_prob_advantage_per_token	50	1	50.0	0.018049428970450535	0.01047502245221805	0.018049428970450535	0.01047502245221805	0.62	0.62	0.5743538281735519	0.5743538281735519	0.011844699913255832	0.011844699913255832	0.0	0.0	-0.0506107724946121	-0.0506107724946121	50.0	50	25.82
expanded_data	discourse_particle	38	just_e_1043	just	o	P	own_context_log_prob_advantage_per_token	50	1	50.0	0.01262505965421431	0.020898128424038098	0.01262505965421431	0.020898128424038098	0.62	0.62	0.6304858660195574	0.6304858660195574	0.015321588028263793	0.015321588028263793	1.0	1.0	0.045183621920072	0.045183621920072	50.0	50	25.5
expanded_data	discourse_particle	38	just_e_1043	just	o	P_prime	own_context_log_prob_advantage_per_token	50	1	50.0	0.007769010100736638	0.00418178013392855	0.007769010100736638	0.00418178013392855	0.52	0.52	0.5095620080467684	0.5095620080467684	0.010576314211776697	0.010576314211776697	1.0	1.0	0.05950927734375	0.05950927734375	50.0	50	28.5
expanded_data	discourse_particle	39	just_e_1246	just	o	P	own_context_log_prob_advantage_per_token	50	1	50.0	0.05279566010914074	0.05308151245117185	0.05279566010914074	0.05308151245117185	0.82	0.82	0.8663926943625622	0.8663926943625622	0.056390892552268465	0.056390892552268465	1.0	1.0	0.053314208984375	0.053314208984375	50.0	50	25.5
expanded_data	discourse_particle	39	just_e_1246	just	o	P_prime	own_context_log_prob_advantage_per_token	50	1	50.0	0.013783463004480936	0.0129945036293804	0.013783463004480936	0.0129945036293804	0.58	0.58	0.5618964260599653	0.5618964260599653	0.009085382243210965	0.009085382243210965	0.0	0.0	-0.041598233309659	-0.041598233309659	50.0	50	26.56
expanded_data	discourse_particle	40	just_j_7614	just	h	P	own_context_log_prob_advantage_per_token	50	1	50.0	0.025370729004702358	0.02902024792086695	0.025370729004702358	0.02902024792086695	0.76	0.76	0.795170979144063	0.795170979144063	0.02914856356100947	0.02914856356100947	1.0	1.0	0.0382080078125	0.0382080078125	50.0	50	27.0
expanded_data	discourse_particle	40	just_j_7614	just	h	P_prime	own_context_log_prob_advantage_per_token	50	1	50.0	0.014557354383280064	0.0087975502014159	0.014557354383280064	0.0087975502014159	0.56	0.56	0.5471829835342301	0.5471829835342301	0.014953690168459922	0.014953690168459922	0.0	0.0	-0.0046963161892361	-0.0046963161892361	50.0	50	26.06
expanded_data	discourse_particle	41	just_e_2612	just	o	P	own_context_log_prob_advantage_per_token	50	1	50.0	0.02432689680066666	0.035362634903345305	0.02432689680066666	0.035362634903345305	0.58	0.58	0.6975186143417261	0.6975186143417261	0.044804090204017225	0.044804090204017225	1.0	1.0	0.0542575836181642	0.0542575836181642	50.0	50	27.54
expanded_data	discourse_particle	41	just_e_2612	just	o	P_prime	own_context_log_prob_advantage_per_token	50	1	50.0	0.031583343943281036	0.03351643506218415	0.031583343943281036	0.03351643506218415	0.62	0.62	0.5736710925028914	0.5736710925028914	0.022340758077889135	0.022340758077889135	1.0	1.0	0.0023775100708007	0.0023775100708007	50.0	50	25.5
expanded_data	discourse_particle	42	just_e_4966	just	o	P	own_context_log_prob_advantage_per_token	50	1	50.0	0.0112736547719722	0.01690466744559145	0.0112736547719722	0.01690466744559145	0.7	0.7	0.7234844307919205	0.7234844307919205	0.015317738200051804	0.015317738200051804	1.0	1.0	0.0499286651611328	0.0499286651611328	50.0	50	27.44
expanded_data	discourse_particle	42	just_e_4966	just	o	P_prime	own_context_log_prob_advantage_per_token	50	1	50.0	0.005962496993928537	0.007843365626675751	0.005962496993928537	0.007843365626675751	0.56	0.56	0.5421186378479709	0.5421186378479709	0.004373598938462657	0.004373598938462657	0.0	0.0	-0.0502827962239582	-0.0502827962239582	50.0	50	26.54
expanded_data	discourse_particle	43	just_e_2762	just	o	P	own_context_log_prob_advantage_per_token	50	1	50.0	0.06951146910345891	0.06750527406350146	0.06951146910345891	0.06750527406350146	0.86	0.86	0.8976598158716712	0.8976598158716712	0.07822323587503244	0.07822323587503244	1.0	1.0	0.0944300333658856	0.0944300333658856	50.0	50	26.14
expanded_data	discourse_particle	43	just_e_2762	just	o	P_prime	own_context_log_prob_advantage_per_token	50	1	50.0	0.061461528134563945	0.017560518704927898	0.061461528134563945	0.017560518704927898	0.6	0.6	0.5990993193712215	0.5990993193712215	0.03802312791385287	0.03802312791385287	0.0	0.0	-0.0305210993840144	-0.0305210993840144	50.0	50	25.5
expanded_data	discourse_particle	44	just_e_472	just	o	P	own_context_log_prob_advantage_per_token	50	1	50.0	0.009692683751752185	0.010581612586975049	0.009692683751752185	0.010581612586975049	0.72	0.72	0.7154443793694655	0.7154443793694655	0.011545031399509338	0.011545031399509338	1.0	1.0	0.0036077932877973	0.0036077932877973	50.0	50	25.84
expanded_data	discourse_particle	44	just_e_472	just	o	P_prime	own_context_log_prob_advantage_per_token	50	1	50.0	0.004516527878875964	0.0046383810765814	0.004516527878875964	0.0046383810765814	0.62	0.62	0.5907093513476155	0.5907093513476155	0.003818758588896997	0.003818758588896997	0.0	0.0	-0.0030604771205355	-0.0030604771205355	50.0	50	26.32
expanded_data	discourse_particle	45	just_e_1267	just	o	P	own_context_log_prob_advantage_per_token	50	1	50.0	0.015536086390910663	0.022699995503592647	0.015536086390910663	0.022699995503592647	0.72	0.72	0.747033691157426	0.747033691157426	0.01964354762321326	0.01964354762321326	0.0	0.0	-0.0331771157004616	-0.0331771157004616	50.0	50	25.5
expanded_data	discourse_particle	45	just_e_1267	just	o	P_prime	own_context_log_prob_advantage_per_token	50	1	50.0	0.004350130656602805	-0.00146653862560495	0.004350130656602805	-0.00146653862560495	0.46	0.46	0.4402876519182945	0.4402876519182945	0.0023334092494291018	0.0023334092494291018	1.0	1.0	0.0847981770833334	0.0847981770833334	50.0	50	26.0
expanded_data	discourse_particle	46	just_e_9397	just	o	P	own_context_log_prob_advantage_per_token	50	1	50.0	0.013776673459034596	0.009435829996060949	0.013776673459034596	0.009435829996060949	0.68	0.68	0.7349316899025023	0.7349316899025023	0.017654021045335935	0.017654021045335935	1.0	1.0	0.20062255859375	0.20062255859375	50.0	50	25.54
expanded_data	discourse_particle	46	just_e_9397	just	o	P_prime	own_context_log_prob_advantage_per_token	50	1	50.0	0.011569323083732583	0.0006293796357653	0.011569323083732583	0.0006293796357653	0.52	0.52	0.4823113287625615	0.4823113287625615	0.004943718747017357	0.004943718747017357	1.0	1.0	0.0526994977678572	0.0526994977678572	50.0	50	26.34
expanded_data	discourse_particle	47	just_e_6664	just	o	P	own_context_log_prob_advantage_per_token	50	1	50.0	0.006627539850157241	0.014153867779356	0.006627539850157241	0.014153867779356	0.64	0.64	0.6276886438351295	0.6276886438351295	0.006291696151896072	0.006291696151896072	1.0	1.0	0.0139604048295454	0.0139604048295454	50.0	50	25.5
expanded_data	discourse_particle	47	just_e_6664	just	o	P_prime	own_context_log_prob_advantage_per_token	50	1	50.0	0.0033601665436108186	0.0011234381260015	0.0033601665436108186	0.0011234381260015	0.58	0.58	0.6241566536301463	0.6241566536301463	0.0036085744271641108	0.0036085744271641108	0.0	0.0	-0.031982421875	-0.031982421875	50.0	50	26.62
expanded_data	discourse_particle	48	just_e_976	just	o	P	own_context_log_prob_advantage_per_token	50	1	50.0	0.05160009960507685	0.05720215210238021	0.05160009960507685	0.05720215210238021	0.58	0.58	0.645732194051305	0.645732194051305	0.06646955726806054	0.06646955726806054	1.0	1.0	0.1634623209635417	0.1634623209635417	50.0	50	27.12
expanded_data	discourse_particle	48	just_e_976	just	o	P_prime	own_context_log_prob_advantage_per_token	50	1	50.0	0.052787044644072294	0.05094394436130275	0.052787044644072294	0.05094394436130275	0.76	0.76	0.7881047044473004	0.7881047044473004	0.05187440711530677	0.05187440711530677	0.0	0.0	-0.0863560267857139	-0.0863560267857139	50.0	50	27.58
expanded_data	discourse_particle	49	just_e_9416	just	o	P	own_context_log_prob_advantage_per_token	50	1	50.0	-0.0002489363022157049	0.0027871473398384	-0.0002489363022157049	0.0027871473398384	0.58	0.58	0.5972692868310612	0.5972692868310612	-0.00032450376491160624	-0.00032450376491160624	0.0	0.0	-0.04541015625	-0.04541015625	50.0	50	27.8
expanded_data	discourse_particle	49	just_e_9416	just	o	P_prime	own_context_log_prob_advantage_per_token	50	1	50.0	0.011867666222880421	0.00250169682630225	0.011867666222880421	0.00250169682630225	0.56	0.56	0.6137040333025581	0.6137040333025581	0.010019716333118583	0.010019716333118583	0.0	0.0	-0.010679456922743	-0.010679456922743	50.0	50	26.08
expanded_data	discourse_particle	50	just_e_12686	just	o	P	own_context_log_prob_advantage_per_token	50	1	50.0	0.005363035172920508	0.008552551269531299	0.005363035172920508	0.008552551269531299	0.68	0.68	0.7352066569091682	0.7352066569091682	0.00598052533899922	0.00598052533899922	1.0	1.0	0.0242883205413821	0.0242883205413821	50.0	50	27.56
expanded_data	discourse_particle	50	just_e_12686	just	o	P_prime	own_context_log_prob_advantage_per_token	50	1	50.0	-0.0015253270611815923	-0.0004462302268087	-0.0015253270611815923	-0.0004462302268087	0.48	0.48	0.47017563555504704	0.47017563555504704	-0.0016632141774090073	-0.0016632141774090073	0.0	0.0	-0.0005777994791664	-0.0005777994791664	50.0	50	27.1
expanded_data	discourse_particle	51	just_j_2401	just	h	P	own_context_log_prob_advantage_per_token	50	1	50.0	0.002066248404676907	0.000750995504445	0.002066248404676907	0.000750995504445	0.56	0.56	0.5679958345406143	0.5679958345406143	0.0015384932677099082	0.0015384932677099082	0.0	0.0	-0.0014533400535583	-0.0014533400535583	50.0	50	25.5
expanded_data	discourse_particle	51	just_j_2401	just	h	P_prime	own_context_log_prob_advantage_per_token	50	1	50.0	0.002181963626401318	0.0008517638692318	0.002181963626401318	0.0008517638692318	0.52	0.52	0.5331640268712722	0.5331640268712722	0.0016996508253650608	0.0016996508253650608	1.0	1.0	0.0289169311523438	0.0289169311523438	50.0	50	25.5
expanded_data	discourse_particle	52	just_e_11908	just	o	P	own_context_log_prob_advantage_per_token	50	1	50.0	0.017767427168694287	0.0195198341652198	0.017767427168694287	0.0195198341652198	0.56	0.56	0.5901270681790778	0.5901270681790778	0.02227463874391228	0.02227463874391228	1.0	1.0	0.0506139482770646	0.0506139482770646	50.0	50	28.18
expanded_data	discourse_particle	52	just_e_11908	just	o	P_prime	own_context_log_prob_advantage_per_token	50	1	50.0	0.012549449521979927	0.01256214488636375	0.012549449521979927	0.01256214488636375	0.64	0.64	0.6500291449859913	0.6500291449859913	0.01127344386164308	0.01127344386164308	1.0	1.0	0.0382254464285716	0.0382254464285716	50.0	50	26.6
expanded_data	discourse_particle	53	just_e_4632	just	o	P	own_context_log_prob_advantage_per_token	50	1	50.0	0.0022155586649751516	0.0049435681912487995	0.0022155586649751516	0.0049435681912487995	0.58	0.58	0.6318651375278032	0.6318651375278032	0.0038134759041416693	0.0038134759041416693	1.0	1.0	0.0095204777187771	0.0095204777187771	50.0	50	25.5
expanded_data	discourse_particle	53	just_e_4632	just	o	P_prime	own_context_log_prob_advantage_per_token	50	1	50.0	7.198099774913491e-05	-0.0007371303013393501	7.198099774913491e-05	-0.0007371303013393501	0.44	0.44	0.43699496686571476	0.43699496686571476	-0.0015980431980764502	-0.0015980431980764502	1.0	1.0	0.0014549537941257	0.0014549537941257	50.0	50	26.26
expanded_data	discourse_particle	54	just_j_2522	just	h	P	own_context_log_prob_advantage_per_token	50	1	50.0	0.002005140042527329	0.003326416015625	0.002005140042527329	0.003326416015625	0.56	0.56	0.6051287573291797	0.6051287573291797	0.0035540399526971835	0.0035540399526971835	0.0	0.0	-0.0013020833333334	-0.0013020833333334	50.0	50	25.5
expanded_data	discourse_particle	54	just_j_2522	just	h	P_prime	own_context_log_prob_advantage_per_token	50	1	50.0	0.00192716248985446	-0.00076929728190085	0.00192716248985446	-0.00076929728190085	0.46	0.46	0.4847597802958533	0.4847597802958533	0.0028503668176438437	0.0028503668176438437	0.0	0.0	-0.0458984375	-0.0458984375	50.0	50	27.88
expanded_data	discourse_particle	55	just_e_5739	just	o	P	own_context_log_prob_advantage_per_token	50	1	50.0	0.011947198476009408	0.014219335906221	0.011947198476009408	0.014219335906221	0.72	0.72	0.7508605556320525	0.7508605556320525	0.010561621015429123	0.010561621015429123	1.0	1.0	0.0005775058970731	0.0005775058970731	50.0	50	27.3
expanded_data	discourse_particle	55	just_e_5739	just	o	P_prime	own_context_log_prob_advantage_per_token	50	1	50.0	0.005872945312940524	0.00485121210416145	0.005872945312940524	0.00485121210416145	0.56	0.56	0.4907559026186335	0.4907559026186335	0.001858282494676407	0.001858282494676407	1.0	1.0	0.006208593195135	0.006208593195135	50.0	50	26.2
expanded_data	discourse_particle	56	just_e_7244	just	o	P	own_context_log_prob_advantage_per_token	50	1	50.0	0.008206991018551886	0.0169677734375	0.008206991018551886	0.0169677734375	0.7	0.7	0.7598802065979997	0.7598802065979997	0.02103627415747253	0.02103627415747253	1.0	1.0	0.03016017542945	0.03016017542945	50.0	50	25.82
expanded_data	discourse_particle	56	just_e_7244	just	o	P_prime	own_context_log_prob_advantage_per_token	50	1	50.0	0.015916914243735546	0.01381623836664055	0.015916914243735546	0.01381623836664055	0.64	0.64	0.5284888220387406	0.5284888220387406	0.004956050866470066	0.004956050866470066	0.0	0.0	-0.03509521484375	-0.03509521484375	50.0	50	26.78
expanded_data	discourse_particle	57	just_j_11362	just	h	P	own_context_log_prob_advantage_per_token	50	1	50.0	0.024472380611437902	0.01211473393567745	0.024472380611437902	0.01211473393567745	0.64	0.64	0.6447547772902096	0.6447547772902096	0.01110209038052883	0.01110209038052883	0.0	0.0	-0.0469970703125	-0.0469970703125	50.0	50	25.92
expanded_data	discourse_particle	57	just_j_11362	just	h	P_prime	own_context_log_prob_advantage_per_token	50	1	50.0	0.018868889015725764	0.011080423990885251	0.018868889015725764	0.011080423990885251	0.54	0.54	0.5236436250217044	0.5236436250217044	0.016038224095534195	0.016038224095534195	0.0	0.0	-0.0008811950683593	-0.0008811950683593	50.0	50	28.52
expanded_data	discourse_particle	58	just_j_8648	just	h	P	own_context_log_prob_advantage_per_token	50	1	50.0	0.019213922764483488	0.015078226725260449	0.019213922764483488	0.015078226725260449	0.72	0.72	0.7641426348475331	0.7641426348475331	0.020790320030440627	0.020790320030440627	1.0	1.0	0.0579364483173077	0.0579364483173077	50.0	50	25.5
expanded_data	discourse_particle	58	just_j_8648	just	h	P_prime	own_context_log_prob_advantage_per_token	50	1	50.0	0.001955486296488767	-0.0057146889822823	0.001955486296488767	-0.0057146889822823	0.38	0.38	0.3916057208172594	0.3916057208172594	0.003449762611033718	0.003449762611033718	1.0	1.0	0.0135961260114396	0.0135961260114396	50.0	50	25.5
expanded_data	discourse_particle	59	just_e_5473	just	o	P	own_context_log_prob_advantage_per_token	50	1	50.0	0.01152320029259817	0.01070781086766435	0.01152320029259817	0.01070781086766435	0.58	0.58	0.5884413314329353	0.5884413314329353	0.018217755011417543	0.018217755011417543	1.0	1.0	0.0419921875	0.0419921875	50.0	50	28.62
expanded_data	discourse_particle	59	just_e_5473	just	o	P_prime	own_context_log_prob_advantage_per_token	50	1	50.0	0.009305679981817156	0.0028839111328125	0.009305679981817156	0.0028839111328125	0.52	0.52	0.4686417187474473	0.4686417187474473	0.005737411103093822	0.005737411103093822	1.0	1.0	0.1162109375	0.1162109375	50.0	50	26.66
expanded_data	discourse_particle	60	only_315	only	h	P	own_context_log_prob_advantage_per_token	50	1	50.0	0.049510285591353426	0.0229963030133928	0.049510285591353426	0.0229963030133928	0.68	0.68	0.6720584744761029	0.6720584744761029	0.044233899047035084	0.044233899047035084	1.0	1.0	0.081962890625	0.081962890625	50.0	50	25.5
expanded_data	discourse_particle	60	only_315	only	h	P_prime	own_context_log_prob_advantage_per_token	50	1	50.0	0.030559166581916174	0.037525455156962054	0.030559166581916174	0.037525455156962054	0.78	0.78	0.7745410517171666	0.7745410517171666	0.03148952706729965	0.03148952706729965	1.0	1.0	0.0423047383626302	0.0423047383626302	50.0	50	26.56
expanded_data	discourse_particle	61	only_491	only	h	P	own_context_log_prob_advantage_per_token	50	1	50.0	0.0026694816816937622	0.0100107150418418	0.0026694816816937622	0.0100107150418418	0.68	0.68	0.6571816519585106	0.6571816519585106	-0.0020509302930729954	-0.0020509302930729954	1.0	1.0	0.0099855065345764	0.0099855065345764	50.0	50	27.44
expanded_data	discourse_particle	61	only_491	only	h	P_prime	own_context_log_prob_advantage_per_token	50	1	50.0	-0.007883319256744716	-0.0137142768272986	-0.007883319256744716	-0.0137142768272986	0.18	0.18	0.19853898771735326	0.19853898771735326	-0.004742516671009443	-0.004742516671009443	0.0	0.0	-0.0126739501953125	-0.0126739501953125	50.0	50	25.86
expanded_data	discourse_particle	62	only_501	only	h	P	own_context_log_prob_advantage_per_token	50	1	50.0	0.0007993858671020596	0.0003720853063795	0.0007993858671020596	0.0003720853063795	0.52	0.52	0.5365577244076645	0.5365577244076645	0.0005134126074143591	0.0005134126074143591	0.0	0.0	-0.0132747996937143	-0.0132747996937143	50.0	50	25.5
expanded_data	discourse_particle	62	only_501	only	h	P_prime	own_context_log_prob_advantage_per_token	50	1	50.0	-0.0002673932891237528	0.0016602185734531294	-0.0002673932891237528	0.0016602185734531294	0.52	0.52	0.5361333054898605	0.5361333054898605	0.00062664151531655	0.00062664151531655	1.0	1.0	0.0190705193413629	0.0190705193413629	50.0	50	25.5
expanded_data	discourse_particle	63	only_649	only	h	P	own_context_log_prob_advantage_per_token	50	1	50.0	0.0107943754203113	0.0130593697230021	0.0107943754203113	0.0130593697230021	0.68	0.68	0.6763743525559042	0.6763743525559042	0.010213311509838017	0.010213311509838017	1.0	1.0	0.0083032846450805	0.0083032846450805	50.0	50	25.5
expanded_data	discourse_particle	63	only_649	only	h	P_prime	own_context_log_prob_advantage_per_token	50	1	50.0	0.008244175142471402	0.0035022059742476	0.008244175142471402	0.0035022059742476	0.6	0.6	0.5986452148493059	0.5986452148493059	0.007777891300251049	0.007777891300251049	0.0	0.0	-0.0071763485035997	-0.0071763485035997	50.0	50	25.56
expanded_data	discourse_particle	64	only_660	only	h	P	own_context_log_prob_advantage_per_token	50	1	50.0	0.011224621380691127	0.01376740705399285	0.011224621380691127	0.01376740705399285	0.7	0.7	0.7771525894554239	0.7771525894554239	0.01545550417918622	0.01545550417918622	1.0	1.0	0.0649820963541667	0.0649820963541667	50.0	50	26.5
expanded_data	discourse_particle	64	only_660	only	h	P_prime	own_context_log_prob_advantage_per_token	50	1	50.0	0.005503453154199031	-0.003932320154630201	0.005503453154199031	-0.003932320154630201	0.44	0.44	0.4078243190151369	0.4078243190151369	0.003992846047580427	0.003992846047580427	0.0	0.0	-0.0410362349616155	-0.0410362349616155	50.0	50	26.84
expanded_data	discourse_particle	65	only_687	only	h	P	own_context_log_prob_advantage_per_token	50	1	50.0	-0.0061705288438520245	-0.008085844251844599	-0.0061705288438520245	-0.008085844251844599	0.4	0.4	0.41852929768738717	0.41852929768738717	-0.0036332052161657654	-0.0036332052161657654	0.0	0.0	-0.0080837673611111	-0.0080837673611111	50.0	50	27.26
expanded_data	discourse_particle	65	only_687	only	h	P_prime	own_context_log_prob_advantage_per_token	50	1	50.0	0.006529567936792606	0.00647145225888205	0.006529567936792606	0.00647145225888205	0.68	0.68	0.6810332063110407	0.6810332063110407	0.005168110122486152	0.005168110122486152	1.0	1.0	0.0007182529994419	0.0007182529994419	50.0	50	25.5
expanded_data	discourse_particle	66	only_745	only	h	P	own_context_log_prob_advantage_per_token	50	1	50.0	0.004316671841656582	-4.604229560264993e-05	0.004316671841656582	-4.604229560264993e-05	0.5	0.5	0.4551140659546136	0.4551140659546136	0.0017573943209536075	0.0017573943209536075	1.0	1.0	0.0014448899489182	0.0014448899489182	50.0	50	25.5
expanded_data	discourse_particle	66	only_745	only	h	P_prime	own_context_log_prob_advantage_per_token	50	1	50.0	0.005594913349429964	0.00436752720883015	0.005594913349429964	0.00436752720883015	0.56	0.56	0.5984265577696383	0.5984265577696383	0.006872033790771939	0.006872033790771939	1.0	1.0	0.0653651310847356	0.0653651310847356	50.0	50	25.5
expanded_data	discourse_particle	67	only_794	only	h	P	own_context_log_prob_advantage_per_token	50	1	50.0	-0.0026515416435087826	-0.014365415522121401	-0.0026515416435087826	-0.014365415522121401	0.44	0.44	0.4387554416111059	0.4387554416111059	0.0006977120098984268	0.0006977120098984268	1.0	1.0	0.0832068401834238	0.0832068401834238	50.0	50	26.36
expanded_data	discourse_particle	67	only_794	only	h	P_prime	own_context_log_prob_advantage_per_token	50	1	50.0	0.029960631337773044	0.0283428770123107	0.029960631337773044	0.0283428770123107	0.78	0.78	0.7831385353518684	0.7831385353518684	0.02852683676300851	0.02852683676300851	1.0	1.0	0.0033577813042533	0.0033577813042533	50.0	50	25.52
expanded_data	discourse_particle	68	only_965	only	h	P	own_context_log_prob_advantage_per_token	50	1	50.0	0.026737062391835976	0.0169620513916015	0.026737062391835976	0.0169620513916015	0.7	0.7	0.6766547725927935	0.6766547725927935	0.012521283663775635	0.012521283663775635	1.0	1.0	0.0073974609375	0.0073974609375	50.0	50	27.0
expanded_data	discourse_particle	68	only_965	only	h	P_prime	own_context_log_prob_advantage_per_token	50	1	50.0	0.004687575336268136	-0.0108562628428141	0.004687575336268136	-0.0108562628428141	0.44	0.44	0.47718634675651844	0.47718634675651844	0.0181112284937724	0.0181112284937724	1.0	1.0	0.173583984375	0.173583984375	50.0	50	25.84
expanded_data	discourse_particle	69	only_966	only	h	P	own_context_log_prob_advantage_per_token	50	1	50.0	0.004115175221808724	0.0031534830729167	0.004115175221808724	0.0031534830729167	0.58	0.58	0.6192933494277071	0.6192933494277071	0.004603774607871651	0.004603774607871651	0.0	0.0	-0.009765625	-0.009765625	50.0	50	28.02
expanded_data	discourse_particle	69	only_966	only	h	P_prime	own_context_log_prob_advantage_per_token	50	1	50.0	-0.0004837666897516671	-0.00148623330252515	-0.0004837666897516671	-0.00148623330252515	0.42	0.42	0.2853255672677774	0.2853255672677774	-0.0032885780965401894	-0.0032885780965401894	1.0	1.0	0.0205078125	0.0205078125	50.0	50	26.88
expanded_data	discourse_particle	70	only_1038	only	h	P	own_context_log_prob_advantage_per_token	50	1	50.0	0.07843448173098402	0.0537314996486756	0.07843448173098402	0.0537314996486756	0.58	0.58	0.5546212512346712	0.5546212512346712	0.05916542063854422	0.05916542063854422	1.0	1.0	1.103325737847222	1.103325737847222	50.0	50	27.64
expanded_data	discourse_particle	70	only_1038	only	h	P_prime	own_context_log_prob_advantage_per_token	50	1	50.0	0.11411459215980026	0.10592638651529945	0.11411459215980026	0.10592638651529945	0.84	0.84	0.8685527948616679	0.8685527948616679	0.09619143222860638	0.09619143222860638	0.0	0.0	-0.1364873250325522	-0.1364873250325522	50.0	50	26.7
expanded_data	discourse_particle	71	only_1142	only	h	P	own_context_log_prob_advantage_per_token	50	1	50.0	0.017756026784151824	0.00885009765625	0.017756026784151824	0.00885009765625	0.64	0.64	0.5994173988534628	0.5994173988534628	0.016069242214166574	0.016069242214166574	1.0	1.0	0.002446174621582	0.002446174621582	50.0	50	27.66
expanded_data	discourse_particle	71	only_1142	only	h	P_prime	own_context_log_prob_advantage_per_token	50	1	50.0	0.03785590499131308	0.0202929178873697	0.03785590499131308	0.0202929178873697	0.72	0.72	0.7416842359513557	0.7416842359513557	0.052801473795056654	0.052801473795056654	0.0	0.0	-0.02783203125	-0.02783203125	50.0	50	27.34
expanded_data	discourse_particle	72	only_1272	only	h	P	own_context_log_prob_advantage_per_token	50	1	50.0	0.008199561583723177	0.0111019169842755	0.008199561583723177	0.0111019169842755	0.62	0.62	0.6018963524705342	0.6018963524705342	0.007571031149524665	0.007571031149524665	1.0	1.0	0.053497314453125	0.053497314453125	50.0	50	26.18
expanded_data	discourse_particle	72	only_1272	only	h	P_prime	own_context_log_prob_advantage_per_token	50	1	50.0	0.004923362166057012	0.00457651350233285	0.004923362166057012	0.00457651350233285	0.52	0.52	0.5503573344437385	0.5503573344437385	0.005209221409734941	0.005209221409734941	0.0	0.0	-0.0035260518391928	-0.0035260518391928	50.0	50	25.5
expanded_data	discourse_particle	73	only_1368	only	h	P	own_context_log_prob_advantage_per_token	50	1	50.0	0.04614543933501041	0.03460093906947545	0.04614543933501041	0.03460093906947545	0.78	0.78	0.7798668390699925	0.7798668390699925	0.05195562373128251	0.05195562373128251	1.0	1.0	0.0997249058314735	0.0997249058314735	50.0	50	27.5
expanded_data	discourse_particle	73	only_1368	only	h	P_prime	own_context_log_prob_advantage_per_token	50	1	50.0	0.022050755534752216	0.027858560735529052	0.022050755534752216	0.027858560735529052	0.62	0.62	0.6671108014004473	0.6671108014004473	0.03463303766497582	0.03463303766497582	1.0	1.0	0.0972856794084819	0.0972856794084819	50.0	50	28.06
expanded_data	discourse_particle	74	only_1446	only	h	P	own_context_log_prob_advantage_per_token	50	1	50.0	0.0012808639553935203	0.00663155317306515	0.0012808639553935203	0.00663155317306515	0.56	0.56	0.5627630415482128	0.5627630415482128	0.0034868549293192797	0.0034868549293192797	1.0	1.0	0.0321979522705078	0.0321979522705078	50.0	50	26.24
expanded_data	discourse_particle	74	only_1446	only	h	P_prime	own_context_log_prob_advantage_per_token	50	1	50.0	0.016992736278376382	0.01474970579147325	0.016992736278376382	0.01474970579147325	0.7	0.7	0.6539644059638773	0.6539644059638773	0.011185750207093404	0.011185750207093404	1.0	1.0	0.0080312093098957	0.0080312093098957	50.0	50	25.92
expanded_data	discourse_particle	75	only_1493	only	h	P	own_context_log_prob_advantage_per_token	50	1	50.0	0.010760934063275513	0.01973427516041375	0.010760934063275513	0.01973427516041375	0.68	0.68	0.713859537171408	0.713859537171408	0.013458206362155375	0.013458206362155375	0.0	0.0	-0.0194981892903642	-0.0194981892903642	50.0	50	25.5
expanded_data	discourse_particle	75	only_1493	only	h	P_prime	own_context_log_prob_advantage_per_token	50	1	50.0	0.007435442431417232	0.0007573736281622001	0.007435442431417232	0.0007573736281622001	0.5	0.5	0.5157907751870809	0.5157907751870809	0.00638390912463559	0.00638390912463559	0.0	0.0	-0.0215301513671875	-0.0215301513671875	50.0	50	25.5
expanded_data	discourse_particle	76	only_1538	only	h	P	own_context_log_prob_advantage_per_token	50	1	50.0	0.011786946394706302	0.0053166476162996995	0.011786946394706302	0.0053166476162996995	0.54	0.54	0.4879456852055192	0.4879456852055192	0.00620854369092525	0.00620854369092525	0.0	0.0	-0.0142503218217329	-0.0142503218217329	50.0	50	26.08
expanded_data	discourse_particle	76	only_1538	only	h	P_prime	own_context_log_prob_advantage_per_token	50	1	50.0	0.007659266171604026	0.0095750717889695	0.007659266171604026	0.0095750717889695	0.78	0.78	0.8115142273826585	0.8115142273826585	0.009219273470100053	0.009219273470100053	1.0	1.0	0.0386846791143002	0.0386846791143002	50.0	50	26.02
expanded_data	discourse_particle	77	only_1577	only	h	P	own_context_log_prob_advantage_per_token	50	1	50.0	0.01381874942750895	0.00521387372698095	0.01381874942750895	0.00521387372698095	0.68	0.68	0.6857598680418671	0.6857598680418671	0.004810766688956278	0.004810766688956278	1.0	1.0	0.0664876302083334	0.0664876302083334	50.0	50	27.12
expanded_data	discourse_particle	77	only_1577	only	h	P_prime	own_context_log_prob_advantage_per_token	50	1	50.0	-0.0031039536588662337	-0.0037151238857169996	-0.0031039536588662337	-0.0037151238857169996	0.44	0.44	0.4985169799325992	0.4985169799325992	0.0066553067434130695	0.0066553067434130695	0.0	0.0	-0.0148277282714843	-0.0148277282714843	50.0	50	26.18
expanded_data	discourse_particle	78	only_1579	only	h	P	own_context_log_prob_advantage_per_token	50	1	50.0	-0.00017494969330909252	0.00229464636908635	-0.00017494969330909252	0.00229464636908635	0.6	0.6	0.5823899076181411	0.5823899076181411	0.00043207367351528873	0.00043207367351528873	1.0	1.0	0.0023860931396484	0.0023860931396484	50.0	50	25.5
expanded_data	discourse_particle	78	only_1579	only	h	P_prime	own_context_log_prob_advantage_per_token	50	1	50.0	0.0017203536421221105	0.0050632158915201	0.0017203536421221105	0.0050632158915201	0.6	0.6	0.6630768371441887	0.6630768371441887	0.0066268325928389325	0.0066268325928389325	1.0	1.0	0.0053644180297851	0.0053644180297851	50.0	50	29.14
expanded_data	discourse_particle	79	only_1602	only	h	P	own_context_log_prob_advantage_per_token	50	1	50.0	0.005940086274352915	0.00818948518662225	0.005940086274352915	0.00818948518662225	0.7	0.7	0.747661901142774	0.747661901142774	0.007612182340799628	0.007612182340799628	1.0	1.0	0.0283072178180401	0.0283072178180401	50.0	50	25.5
expanded_data	discourse_particle	79	only_1602	only	h	P_prime	own_context_log_prob_advantage_per_token	50	1	50.0	0.012902351707084925	0.00529414415359485	0.012902351707084925	0.00529414415359485	0.54	0.54	0.487948414831806	0.487948414831806	0.012509366956278738	0.012509366956278738	0.0	0.0	-0.007550910115242	-0.007550910115242	50.0	50	25.5
expanded_data	discourse_particle	80	only_1624	only	h	P	own_context_log_prob_advantage_per_token	50	1	50.0	0.010867861318305659	-0.0005975541132513999	0.010867861318305659	-0.0005975541132513999	0.48	0.48	0.5013645442995288	0.5013645442995288	0.014100201858948554	0.014100201858948554	0.0	0.0	-0.01220703125	-0.01220703125	50.0	50	25.82
expanded_data	discourse_particle	80	only_1624	only	h	P_prime	own_context_log_prob_advantage_per_token	50	1	50.0	0.005874363997850909	0.0093214246961805	0.005874363997850909	0.0093214246961805	0.62	0.62	0.6031945350390453	0.6031945350390453	0.005837792009458764	0.005837792009458764	0.0	0.0	-0.0273666381835937	-0.0273666381835937	50.0	50	25.5
expanded_data	discourse_particle	81	only_1817	only	h	P	own_context_log_prob_advantage_per_token	50	1	50.0	0.0014951026896600958	0.0033179796659029	0.0014951026896600958	0.0033179796659029	0.64	0.64	0.696968621989604	0.696968621989604	0.0032129765745163826	0.0032129765745163826	0.0	0.0	-0.0033345776934956	-0.0033345776934956	50.0	50	25.5
expanded_data	discourse_particle	81	only_1817	only	h	P_prime	own_context_log_prob_advantage_per_token	50	1	50.0	-0.0009262619105630175	-0.00273536913322675	-0.0009262619105630175	-0.00273536913322675	0.42	0.42	0.39269830266556627	0.39269830266556627	-0.0024572603959360137	-0.0024572603959360137	1.0	1.0	0.0005885853486902	0.0005885853486902	50.0	50	26.4
expanded_data	discourse_particle	82	only_1888	only	h	P	own_context_log_prob_advantage_per_token	50	1	50.0	0.005493541447428041	7.055463834035e-05	0.005493541447428041	7.055463834035e-05	0.5	0.5	0.45361798280780735	0.45361798280780735	0.00144399870056719	0.00144399870056719	1.0	1.0	0.0239908854166668	0.0239908854166668	50.0	50	25.5
expanded_data	discourse_particle	82	only_1888	only	h	P_prime	own_context_log_prob_advantage_per_token	50	1	50.0	0.006387301337572504	0.0060530288016746505	0.006387301337572504	0.0060530288016746505	0.62	0.62	0.6540444292248262	0.6540444292248262	0.007874679186795623	0.007874679186795623	0.0	0.0	-0.0084478759765622	-0.0084478759765622	50.0	50	26.26
expanded_data	discourse_particle	83	only_1891	only	h	P	own_context_log_prob_advantage_per_token	50	1	50.0	-0.003403589287227833	-0.00226391063017	-0.003403589287227833	-0.00226391063017	0.4	0.4	0.37279781284444624	0.37279781284444624	-0.0038383768689079487	-0.0038383768689079487	1.0	1.0	0.0111287434895834	0.0111287434895834	50.0	50	26.82
expanded_data	discourse_particle	83	only_1891	only	h	P_prime	own_context_log_prob_advantage_per_token	50	1	50.0	0.0029265529164044764	0.00143175562115685	0.0029265529164044764	0.00143175562115685	0.58	0.58	0.5557312510937984	0.5557312510937984	0.0035813252062182306	0.0035813252062182306	1.0	1.0	0.0013318743024552	0.0013318743024552	50.0	50	27.74
expanded_data	discourse_particle	84	only_2032	only	h	P	own_context_log_prob_advantage_per_token	50	1	50.0	0.002107555841020475	0.0023180643717447998	0.002107555841020475	0.0023180643717447998	0.52	0.52	0.5584933110527042	0.5584933110527042	0.004444306735924487	0.004444306735924487	0.0	0.0	-0.0098915100097656	-0.0098915100097656	50.0	50	26.04
expanded_data	discourse_particle	84	only_2032	only	h	P_prime	own_context_log_prob_advantage_per_token	50	1	50.0	0.013816232366279825	0.01146076747349325	0.013816232366279825	0.01146076747349325	0.64	0.64	0.6478851526692189	0.6478851526692189	0.013490285296881689	0.013490285296881689	1.0	1.0	0.0433022635323661	0.0433022635323661	50.0	50	26.92
expanded_data	discourse_particle	85	only_2038	only	h	P	own_context_log_prob_advantage_per_token	50	1	50.0	0.014833691209723405	0.0201849983288692	0.014833691209723405	0.0201849983288692	0.62	0.62	0.6357734434933454	0.6357734434933454	0.019575477069388014	0.019575477069388014	1.0	1.0	0.1020529005262587	0.1020529005262587	50.0	50	25.5
expanded_data	discourse_particle	85	only_2038	only	h	P_prime	own_context_log_prob_advantage_per_token	50	1	50.0	0.069575928359085	0.05165407261829605	0.069575928359085	0.05165407261829605	0.7	0.7	0.7115046638375379	0.7115046638375379	0.0654380894837681	0.0654380894837681	1.0	1.0	0.5777180989583333	0.5777180989583333	50.0	50	27.64
expanded_data	discourse_particle	86	only_2118	only	h	P	own_context_log_prob_advantage_per_token	50	1	50.0	0.00828241419399411	0.00011123172820550002	0.00828241419399411	0.00011123172820550002	0.5	0.5	0.46153807888160436	0.46153807888160436	0.0023996130398483088	0.0023996130398483088	1.0	1.0	0.0143356323242187	0.0143356323242187	50.0	50	25.84
expanded_data	discourse_particle	86	only_2118	only	h	P_prime	own_context_log_prob_advantage_per_token	50	1	50.0	0.03136187497764898	0.018403189522879553	0.03136187497764898	0.018403189522879553	0.68	0.68	0.634138897628338	0.634138897628338	0.019141692922006664	0.019141692922006664	0.0	0.0	-0.0344335382634943	-0.0344335382634943	50.0	50	25.8
expanded_data	discourse_particle	87	only_2232	only	h	P	own_context_log_prob_advantage_per_token	50	1	50.0	0.012212463336139866	0.00225830078125	0.012212463336139866	0.00225830078125	0.56	0.56	0.523095422409517	0.523095422409517	0.007322571483890988	0.007322571483890988	0.0	0.0	-0.0770932711087739	-0.0770932711087739	50.0	50	26.14
expanded_data	discourse_particle	87	only_2232	only	h	P_prime	own_context_log_prob_advantage_per_token	50	1	50.0	0.008108530240425928	0.0039768610486059005	0.008108530240425928	0.0039768610486059005	0.56	0.56	0.5454408310235616	0.5454408310235616	0.007964994410289803	0.007964994410289803	1.0	1.0	0.0104031032986111	0.0104031032986111	50.0	50	27.04
expanded_data	discourse_particle	88	only_2333	only	h	P	own_context_log_prob_advantage_per_token	50	1	50.0	0.00397328529904809	-0.000760165127841	0.00397328529904809	-0.000760165127841	0.48	0.48	0.47978299088317117	0.47978299088317117	0.0033539237238290605	0.0033539237238290605	0.0	0.0	-0.0233652671178181	-0.0233652671178181	50.0	50	25.86
expanded_data	discourse_particle	88	only_2333	only	h	P_prime	own_context_log_prob_advantage_per_token	50	1	50.0	0.0007910863198958269	0.004713009143697849	0.0007910863198958269	0.004713009143697849	0.56	0.56	0.5378205624975486	0.5378205624975486	0.0014818213262761774	0.0014818213262761774	1.0	1.0	0.0396240234375	0.0396240234375	50.0	50	25.74
expanded_data	discourse_particle	89	only_2405	only	h	P	own_context_log_prob_advantage_per_token	50	1	50.0	0.008575655594273987	0.0116472097543569	0.008575655594273987	0.0116472097543569	0.68	0.68	0.7316221819446953	0.7316221819446953	0.010997979034780952	0.010997979034780952	0.0	0.0	-0.0130767822265625	-0.0130767822265625	50.0	50	25.5
expanded_data	discourse_particle	89	only_2405	only	h	P_prime	own_context_log_prob_advantage_per_token	50	1	50.0	-0.003049307109197652	-0.003172629220145	-0.003049307109197652	-0.003172629220145	0.44	0.44	0.4107701887475918	0.4107701887475918	-0.0029874834906977324	-0.0029874834906977324	0.0	0.0	-0.0088214874267578	-0.0088214874267578	50.0	50	25.5
expanded_data	discourse_particle	90	only_2470	only	h	P	own_context_log_prob_advantage_per_token	50	1	50.0	0.0005682782002022203	-0.0030607193235367503	0.0005682782002022203	-0.0030607193235367503	0.4	0.4	0.36163965886493477	0.36163965886493477	-0.00161406106644187	-0.00161406106644187	1.0	1.0	0.0050507287184398	0.0050507287184398	50.0	50	25.5
expanded_data	discourse_particle	90	only_2470	only	h	P_prime	own_context_log_prob_advantage_per_token	50	1	50.0	0.006733965900363128	0.0069717803558746	0.006733965900363128	0.0069717803558746	0.7	0.7	0.732126814032907	0.732126814032907	0.006249039633171158	0.006249039633171158	1.0	1.0	0.0008503840519831	0.0008503840519831	50.0	50	27.32
expanded_data	discourse_particle	91	only_2627	only	h	P	own_context_log_prob_advantage_per_token	50	1	50.0	0.00795009240211399	-0.0030383502735811	0.00795009240211399	-0.0030383502735811	0.48	0.48	0.45148901655821255	0.45148901655821255	0.005550940926854703	0.005550940926854703	0.0	0.0	-0.0333336916836825	-0.0333336916836825	50.0	50	26.14
expanded_data	discourse_particle	91	only_2627	only	h	P_prime	own_context_log_prob_advantage_per_token	50	1	50.0	0.008092694514419107	0.01514540115992225	0.008092694514419107	0.01514540115992225	0.68	0.68	0.7207815440104027	0.7207815440104027	0.01062805895146305	0.01062805895146305	0.0	0.0	-0.0233650709453383	-0.0233650709453383	50.0	50	25.88
expanded_data	discourse_particle	92	only_2678	only	h	P	own_context_log_prob_advantage_per_token	50	1	50.0	0.011767730004185325	0.00917536114889465	0.011767730004185325	0.00917536114889465	0.72	0.72	0.7422364825128137	0.7422364825128137	0.010941082584999231	0.010941082584999231	0.0	0.0	-0.023942656815052	-0.023942656815052	50.0	50	25.72
expanded_data	discourse_particle	92	only_2678	only	h	P_prime	own_context_log_prob_advantage_per_token	50	1	50.0	0.002041518370150862	0.0046979647416334	0.002041518370150862	0.0046979647416334	0.54	0.54	0.5251261835819574	0.5251261835819574	0.0036041143162277764	0.0036041143162277764	0.0	0.0	-0.0781347751617431	-0.0781347751617431	50.0	50	25.5
expanded_data	discourse_particle	93	only_2682	only	h	P	own_context_log_prob_advantage_per_token	50	1	50.0	0.027892704267164364	0.025030976982526952	0.027892704267164364	0.025030976982526952	0.78	0.78	0.7741959242540621	0.7741959242540621	0.023608966299391784	0.023608966299391784	1.0	1.0	0.0224385468856147	0.0224385468856147	50.0	50	25.5
expanded_data	discourse_particle	93	only_2682	only	h	P_prime	own_context_log_prob_advantage_per_token	50	1	50.0	0.007831884775785362	0.00861484209696435	0.007831884775785362	0.00861484209696435	0.56	0.56	0.573720058431062	0.573720058431062	0.008987721057489633	0.008987721057489633	0.0	0.0	-0.08681640625	-0.08681640625	50.0	50	25.5
expanded_data	discourse_particle	94	only_2695	only	h	P	own_context_log_prob_advantage_per_token	50	1	50.0	0.00219098225252804	0.0018537569943720502	0.00219098225252804	0.0018537569943720502	0.66	0.66	0.6841027799156082	0.6841027799156082	0.0025113265333702294	0.0025113265333702294	0.0	0.0	-0.0042837142944336	-0.0042837142944336	50.0	50	25.5
expanded_data	discourse_particle	94	only_2695	only	h	P_prime	own_context_log_prob_advantage_per_token	50	1	50.0	0.0010034039429837667	0.00046586990356435	0.0010034039429837667	0.00046586990356435	0.54	0.54	0.4960322414323658	0.4960322414323658	0.0003076260988481744	0.0003076260988481744	1.0	1.0	0.0210034052530923	0.0210034052530923	50.0	50	25.5
expanded_data	discourse_particle	95	only_2703	only	h	P	own_context_log_prob_advantage_per_token	50	1	50.0	0.05649350036304324	0.0434305667877197	0.05649350036304324	0.0434305667877197	0.7	0.7	0.6836452139742286	0.6836452139742286	0.04291482588982414	0.04291482588982414	0.0	0.0	-0.0101277669270833	-0.0101277669270833	50.0	50	27.26
expanded_data	discourse_particle	95	only_2703	only	h	P_prime	own_context_log_prob_advantage_per_token	50	1	50.0	0.0198311019858114	0.01521274778578	0.0198311019858114	0.01521274778578	0.62	0.62	0.6673929176829267	0.6673929176829267	0.031343605431607975	0.031343605431607975	0.0	0.0	-0.0534937540690103	-0.0534937540690103	50.0	50	25.5
expanded_data	discourse_particle	96	only_2903	only	h	P	own_context_log_prob_advantage_per_token	50	1	50.0	-0.004287238935895516	0.0020174980163573	-0.004287238935895516	0.0020174980163573	0.62	0.62	0.6780205287233148	0.6780205287233148	-0.0022619568901644693	-0.0022619568901644693	0.0	0.0	-0.00799560546875	-0.00799560546875	50.0	50	27.38
expanded_data	discourse_particle	96	only_2903	only	h	P_prime	own_context_log_prob_advantage_per_token	50	1	50.0	-0.0016300656544882902	-0.0041940053304036495	-0.0016300656544882902	-0.0041940053304036495	0.36	0.36	0.27181909738026433	0.27181909738026433	-0.003916275332147085	-0.003916275332147085	0.0	0.0	-0.0016555786132812	-0.0016555786132812	50.0	50	27.12
expanded_data	discourse_particle	97	only_3267	only	h	P	own_context_log_prob_advantage_per_token	50	1	50.0	-0.00012604671472610585	0.00266675258937615	-0.00012604671472610585	0.00266675258937615	0.6	0.6	0.5943479765720598	0.5943479765720598	-0.0007175160612333313	-0.0007175160612333313	1.0	1.0	0.0077160250756049	0.0077160250756049	50.0	50	25.5
expanded_data	discourse_particle	97	only_3267	only	h	P_prime	own_context_log_prob_advantage_per_token	50	1	50.0	0.0031098621749501205	-0.00017356872558584998	0.0031098621749501205	-0.00017356872558584998	0.5	0.5	0.4938240352536263	0.4938240352536263	0.003606365385806003	0.003606365385806003	0.0	0.0	-0.0093322753906248	-0.0093322753906248	50.0	50	25.5
expanded_data	discourse_particle	98	only_3302	only	h	P	own_context_log_prob_advantage_per_token	50	1	50.0	0.013683366976720472	0.013312651916825	0.013683366976720472	0.013312651916825	0.7	0.7	0.7033906656900468	0.7033906656900468	0.012737492281186459	0.012737492281186459	1.0	1.0	0.017563012930063	0.017563012930063	50.0	50	25.5
expanded_data	discourse_particle	98	only_3302	only	h	P_prime	own_context_log_prob_advantage_per_token	50	1	50.0	0.012170157799735874	0.0027195725673429504	0.012170157799735874	0.0027195725673429504	0.56	0.56	0.5454830035514341	0.5454830035514341	0.012439149840449911	0.012439149840449911	1.0	1.0	0.1233268578847248	0.1233268578847248	50.0	50	25.5
expanded_data	discourse_particle	99	only_3332	only	h	P	own_context_log_prob_advantage_per_token	50	1	50.0	0.027735332265138093	0.019369288853236598	0.027735332265138093	0.019369288853236598	0.74	0.74	0.7492110848167137	0.7492110848167137	0.029447634565940496	0.029447634565940496	0.0	0.0	-0.066643348106971	-0.066643348106971	50.0	50	25.92
expanded_data	discourse_particle	99	only_3332	only	h	P_prime	own_context_log_prob_advantage_per_token	50	1	50.0	0.006238845294223701	0.00040201081169975	0.006238845294223701	0.00040201081169975	0.5	0.5	0.5170180571127078	0.5170180571127078	0.011708001065341471	0.011708001065341471	1.0	1.0	0.0011046197679307	0.0011046197679307	50.0	50	26.06
expanded_data	discourse_particle	100	only_3340	only	h	P	own_context_log_prob_advantage_per_token	50	1	50.0	0.032386271300066535	0.01137966579861115	0.032386271300066535	0.01137966579861115	0.56	0.56	0.48735460152610277	0.48735460152610277	0.023760546489035434	0.023760546489035434	0.0	0.0	-0.1140053488991477	-0.1140053488991477	50.0	50	26.3
expanded_data	discourse_particle	100	only_3340	only	h	P_prime	own_context_log_prob_advantage_per_token	50	1	50.0	0.044892220520143765	0.044331115241334804	0.044892220520143765	0.044331115241334804	0.74	0.74	0.77306367812244	0.77306367812244	0.04867231713382251	0.04867231713382251	1.0	1.0	0.0566231863839288	0.0566231863839288	50.0	50	26.0
expanded_data	discourse_particle	101	only_3385	only	h	P	own_context_log_prob_advantage_per_token	50	1	50.0	0.07375876574750342	0.02816069306749265	0.07375876574750342	0.02816069306749265	0.6	0.6	0.6083045083139778	0.6083045083139778	0.08240558179943298	0.08240558179943298	0.0	0.0	-0.0015986515925481	-0.0015986515925481	50.0	50	28.22
expanded_data	discourse_particle	101	only_3385	only	h	P_prime	own_context_log_prob_advantage_per_token	50	1	50.0	0.05812210360813985	0.04678483442826695	0.05812210360813985	0.04678483442826695	0.9	0.9	0.9080708655165237	0.9080708655165237	0.06125363115888439	0.06125363115888439	1.0	1.0	0.0457386690027574	0.0457386690027574	50.0	50	26.3
expanded_data	discourse_particle	102	only_3392	only	h	P	own_context_log_prob_advantage_per_token	50	1	50.0	0.05316908770799052	0.0480144843853339	0.05316908770799052	0.0480144843853339	0.7	0.7	0.735034014352925	0.735034014352925	0.06330544704409859	0.06330544704409859	1.0	1.0	0.0469273158482141	0.0469273158482141	50.0	50	27.48
expanded_data	discourse_particle	102	only_3392	only	h	P_prime	own_context_log_prob_advantage_per_token	50	1	50.0	0.05268003015216515	0.0352327861483137	0.05268003015216515	0.0352327861483137	0.76	0.76	0.7556775388981005	0.7556775388981005	0.05119447589645061	0.05119447589645061	1.0	1.0	0.0546400282118055	0.0546400282118055	50.0	50	27.22
expanded_data	discourse_particle	103	only_3393	only	h	P	own_context_log_prob_advantage_per_token	50	1	50.0	0.08557494713356291	0.04312435785929365	0.08557494713356291	0.04312435785929365	0.66	0.66	0.6920229716237878	0.6920229716237878	0.08720641486828987	0.08720641486828987	1.0	1.0	0.0036761944110574	0.0036761944110574	50.0	50	25.5
expanded_data	discourse_particle	103	only_3393	only	h	P_prime	own_context_log_prob_advantage_per_token	50	1	50.0	0.05642809219498557	0.058896706321023	0.05642809219498557	0.058896706321023	0.74	0.74	0.7358881354237684	0.7358881354237684	0.051611601509432996	0.051611601509432996	0.0	0.0	-0.0604779720306396	-0.0604779720306396	50.0	50	26.06
expanded_data	discourse_particle	104	only_3394	only	h	P	own_context_log_prob_advantage_per_token	50	1	50.0	0.007897715372535627	0.010599425344756299	0.007897715372535627	0.010599425344756299	0.6	0.6	0.5866911189669861	0.5866911189669861	0.006552453552329832	0.006552453552329832	1.0	1.0	0.0104592063210229	0.0104592063210229	50.0	50	25.5
expanded_data	discourse_particle	104	only_3394	only	h	P_prime	own_context_log_prob_advantage_per_token	50	1	50.0	0.008920948952381252	0.00891462053571415	0.008920948952381252	0.00891462053571415	0.6	0.6	0.6331102322169013	0.6331102322169013	0.01016120159781523	0.01016120159781523	1.0	1.0	0.0346798366970486	0.0346798366970486	50.0	50	26.52
expanded_data	discourse_particle	105	only_3465	only	h	P	own_context_log_prob_advantage_per_token	50	1	50.0	0.035939989151152596	0.0326237903941759	0.035939989151152596	0.0326237903941759	0.78	0.78	0.758665065568504	0.758665065568504	0.03778100250516779	0.03778100250516779	1.0	1.0	0.0469848155975343	0.0469848155975343	50.0	50	28.08
expanded_data	discourse_particle	105	only_3465	only	h	P_prime	own_context_log_prob_advantage_per_token	50	1	50.0	0.019915652941691488	0.01831204283471205	0.019915652941691488	0.01831204283471205	0.7	0.7	0.7461324338504565	0.7461324338504565	0.023874885238342223	0.023874885238342223	1.0	1.0	0.0017030889337712	0.0017030889337712	50.0	50	28.1
expanded_data	discourse_particle	106	only_3483	only	h	P	own_context_log_prob_advantage_per_token	50	1	50.0	0.050196582887135986	0.0014440558850765	0.050196582887135986	0.0014440558850765	0.58	0.58	0.6269965787092124	0.6269965787092124	0.0402729358551519	0.0402729358551519	1.0	1.0	0.8334263392857144	0.8334263392857144	50.0	50	29.7
expanded_data	discourse_particle	106	only_3483	only	h	P_prime	own_context_log_prob_advantage_per_token	50	1	50.0	0.03127878680915395	0.0195080417019503	0.03127878680915395	0.0195080417019503	0.8	0.8	0.7195802328694382	0.7195802328694382	0.020997736000742086	0.020997736000742086	0.0	0.0	-0.0011735916137695	-0.0011735916137695	50.0	50	31.12
expanded_data	discourse_particle	107	only_3484	only	h	P	own_context_log_prob_advantage_per_token	50	1	50.0	0.0988911196060179	0.01914215087890625	0.0988911196060179	0.01914215087890625	0.62	0.62	0.6354191598608021	0.6354191598608021	0.10330003004710975	0.10330003004710975	0.0	0.0	-0.1000096247746393	-0.1000096247746393	50.0	50	26.14
expanded_data	discourse_particle	107	only_3484	only	h	P_prime	own_context_log_prob_advantage_per_token	50	1	50.0	0.06771214480183683	0.048531752366286	0.06771214480183683	0.048531752366286	0.7	0.7	0.6607484640699904	0.6607484640699904	0.059230488195588876	0.059230488195588876	1.0	1.0	0.0004193953105384	0.0004193953105384	50.0	50	27.12
expanded_data	discourse_particle	108	only_3568	only	h	P	own_context_log_prob_advantage_per_token	50	1	50.0	0.0182178911323704	0.00534512122965735	0.0182178911323704	0.00534512122965735	0.58	0.58	0.5646165167312632	0.5646165167312632	0.018094973791706024	0.018094973791706024	0.0	0.0	-0.0359878540039062	-0.0359878540039062	50.0	50	25.78
expanded_data	discourse_particle	108	only_3568	only	h	P_prime	own_context_log_prob_advantage_per_token	50	1	50.0	0.01190946437290063	0.010099830627441301	0.01190946437290063	0.010099830627441301	0.64	0.64	0.635165230046509	0.635165230046509	0.007865614194309103	0.007865614194309103	0.0	0.0	-0.0093198029891305	-0.0093198029891305	50.0	50	27.08
expanded_data	discourse_particle	109	only_3570	only	h	P	own_context_log_prob_advantage_per_token	50	1	50.0	0.024977235559090784	0.011547297185215799	0.024977235559090784	0.011547297185215799	0.62	0.62	0.6418896195071668	0.6418896195071668	0.03489813230286029	0.03489813230286029	1.0	1.0	0.0419329474954042	0.0419329474954042	50.0	50	25.5
expanded_data	discourse_particle	109	only_3570	only	h	P_prime	own_context_log_prob_advantage_per_token	50	1	50.0	0.014363320435514186	0.0130088883216935	0.014363320435514186	0.0130088883216935	0.64	0.64	0.6460100551280814	0.6460100551280814	0.0093168103887905	0.0093168103887905	1.0	1.0	0.0059537020596591	0.0059537020596591	50.0	50	25.64
expanded_data	discourse_particle	110	only_3674	only	h	P	own_context_log_prob_advantage_per_token	50	1	50.0	0.0009971506870733462	-0.0013770568065152968	0.0009971506870733462	-0.0013770568065152968	0.48	0.48	0.47567181303367767	0.47567181303367767	0.00307741209935515	0.00307741209935515	0.0	0.0	-0.0143229166666665	-0.0143229166666665	50.0	50	26.14
expanded_data	discourse_particle	110	only_3674	only	h	P_prime	own_context_log_prob_advantage_per_token	50	1	50.0	0.007902191386749972	0.00162715911865235	0.007902191386749972	0.00162715911865235	0.6	0.6	0.5614132957585481	0.5614132957585481	0.007726844143495242	0.007726844143495242	1.0	1.0	0.0153312683105468	0.0153312683105468	50.0	50	26.68
expanded_data	discourse_particle	111	only_3779	only	h	P	own_context_log_prob_advantage_per_token	50	1	50.0	0.02615457231413096	0.01658415207134685	0.02615457231413096	0.01658415207134685	0.64	0.64	0.6115314189368152	0.6115314189368152	0.016625053890855793	0.016625053890855793	1.0	1.0	0.0162850788661412	0.0162850788661412	50.0	50	26.88
expanded_data	discourse_particle	111	only_3779	only	h	P_prime	own_context_log_prob_advantage_per_token	50	1	50.0	0.019121199829196883	0.0217549223648874	0.019121199829196883	0.0217549223648874	0.66	0.66	0.7189259608734481	0.7189259608734481	0.026375485736781945	0.026375485736781945	0.0	0.0	-0.0152053833007812	-0.0152053833007812	50.0	50	25.5
expanded_data	discourse_particle	112	only_3792	only	h	P	own_context_log_prob_advantage_per_token	50	1	50.0	0.012295091076717193	0.00479189554850245	0.012295091076717193	0.00479189554850245	0.58	0.58	0.5864281767378765	0.5864281767378765	0.007342468717690786	0.007342468717690786	0.0	0.0	-0.0478612726384946	-0.0478612726384946	50.0	50	26.3
expanded_data	discourse_particle	112	only_3792	only	h	P_prime	own_context_log_prob_advantage_per_token	50	1	50.0	0.019914000775181295	0.015610954978249249	0.019914000775181295	0.015610954978249249	0.68	0.68	0.6647009408460862	0.6647009408460862	0.02046906098875291	0.02046906098875291	0.0	0.0	-0.0169677734375	-0.0169677734375	50.0	50	26.5
expanded_data	discourse_particle	113	only_3843	only	h	P	own_context_log_prob_advantage_per_token	50	1	50.0	0.00043653842836362754	0.0016511862094585501	0.00043653842836362754	0.0016511862094585501	0.58	0.58	0.545756707915671	0.545756707915671	-0.0007104989828277021	-0.0007104989828277021	1.0	1.0	0.0080796155062587	0.0080796155062587	50.0	50	25.58
expanded_data	discourse_particle	113	only_3843	only	h	P_prime	own_context_log_prob_advantage_per_token	50	1	50.0	0.0034934382211346364	0.0025169417174936	0.0034934382211346364	0.0025169417174936	0.54	0.54	0.5418065575491942	0.5418065575491942	0.004485244155978319	0.004485244155978319	1.0	1.0	0.0160013834635416	0.0160013834635416	50.0	50	27.52
expanded_data	discourse_particle	114	only_3867	only	h	P	own_context_log_prob_advantage_per_token	50	1	50.0	0.02966797811525039	0.021359227952502953	0.02966797811525039	0.021359227952502953	0.68	0.68	0.7243483421258472	0.7243483421258472	0.02677810464683262	0.02677810464683262	0.0	0.0	-0.1083984375	-0.1083984375	50.0	50	25.8
expanded_data	discourse_particle	114	only_3867	only	h	P_prime	own_context_log_prob_advantage_per_token	50	1	50.0	0.009876344995706577	0.00394195165389615	0.009876344995706577	0.00394195165389615	0.54	0.54	0.5134033191934775	0.5134033191934775	0.008462563506728133	0.008462563506728133	1.0	1.0	0.0939592633928572	0.0939592633928572	50.0	50	25.66
expanded_data	discourse_particle	115	only_3896	only	h	P	own_context_log_prob_advantage_per_token	50	1	50.0	0.01120841401213717	0.0084759326595248	0.01120841401213717	0.0084759326595248	0.62	0.62	0.6297221210439544	0.6297221210439544	0.009111125105745866	0.009111125105745866	1.0	1.0	0.0334385553995768	0.0334385553995768	50.0	50	25.76
expanded_data	discourse_particle	115	only_3896	only	h	P_prime	own_context_log_prob_advantage_per_token	50	1	50.0	0.011097117655697928	0.0113874782215465	0.011097117655697928	0.0113874782215465	0.64	0.64	0.6470712945677355	0.6470712945677355	0.009511010142645925	0.009511010142645925	1.0	1.0	0.0648133754730224	0.0648133754730224	50.0	50	25.5
expanded_data	discourse_particle	116	only_3930	only	h	P	own_context_log_prob_advantage_per_token	50	1	50.0	0.012186347884449196	0.0118709405263265	0.012186347884449196	0.0118709405263265	0.72	0.72	0.7348731107198416	0.7348731107198416	0.013089215400140478	0.013089215400140478	1.0	1.0	0.0120078722635905	0.0120078722635905	50.0	50	26.16
expanded_data	discourse_particle	116	only_3930	only	h	P_prime	own_context_log_prob_advantage_per_token	50	1	50.0	0.014995812606619053	0.00857410647652365	0.014995812606619053	0.00857410647652365	0.6	0.6	0.5900318286645335	0.5900318286645335	0.01229487551701738	0.01229487551701738	0.0	0.0	-0.0068577357700894	-0.0068577357700894	50.0	50	26.3
expanded_data	discourse_particle	117	only_3999	only	h	P	own_context_log_prob_advantage_per_token	50	1	50.0	0.04033226231327797	0.0186203264722636	0.04033226231327797	0.0186203264722636	0.58	0.58	0.5572078997380489	0.5572078997380489	0.026888564826520932	0.026888564826520932	1.0	1.0	0.04261474609375	0.04261474609375	50.0	50	27.12
expanded_data	discourse_particle	117	only_3999	only	h	P_prime	own_context_log_prob_advantage_per_token	50	1	50.0	0.016902577210900063	0.032497345455109	0.016902577210900063	0.032497345455109	0.74	0.74	0.7608388813611233	0.7608388813611233	0.021011039533202748	0.021011039533202748	1.0	1.0	0.0342264970143636	0.0342264970143636	50.0	50	27.14
expanded_data	discourse_particle	118	only_4003	only	h	P	own_context_log_prob_advantage_per_token	50	1	50.0	0.021671537195993504	0.0134992138031989	0.021671537195993504	0.0134992138031989	0.62	0.62	0.5825261214464397	0.5825261214464397	0.01773442218722053	0.01773442218722053	1.0	1.0	0.0150966644287109	0.0150966644287109	50.0	50	25.88
expanded_data	discourse_particle	118	only_4003	only	h	P_prime	own_context_log_prob_advantage_per_token	50	1	50.0	0.02518177932816426	0.0125668752435571	0.02518177932816426	0.0125668752435571	0.66	0.66	0.6459538013020256	0.6459538013020256	0.026642052395981074	0.026642052395981074	0.0	0.0	-0.0478306523075808	-0.0478306523075808	50.0	50	27.08
expanded_data	discourse_particle	119	only_4172	only	h	P	own_context_log_prob_advantage_per_token	50	1	50.0	-0.007242134340860059	-0.006004354228144	-0.007242134340860059	-0.006004354228144	0.4	0.4	0.36916589447795023	0.36916589447795023	-0.009044223095724396	-0.009044223095724396	0.0	0.0	-0.0345092773437499	-0.0345092773437499	50.0	50	25.5
expanded_data	discourse_particle	119	only_4172	only	h	P_prime	own_context_log_prob_advantage_per_token	50	1	50.0	0.010235294383314816	0.0057588577270507	0.010235294383314816	0.0057588577270507	0.6	0.6	0.6642170756728702	0.6642170756728702	0.012942320143148129	0.012942320143148129	1.0	1.0	0.0367269014057358	0.0367269014057358	50.0	50	25.5
expanded_data	meaning_control	120	not_5	not	h	P	own_context_log_prob_advantage_per_token	50	1	50.0	0.10793108657171344	0.0757020473480224	0.10793108657171344	0.0757020473480224	0.86	0.86	0.8994103591595718	0.8994103591595718	0.11599966093541782	0.11599966093541782	1.0	1.0	0.0929034689198369	0.0929034689198369	50.0	50	26.16
expanded_data	meaning_control	120	not_5	not	h	P_prime	own_context_log_prob_advantage_per_token	50	1	50.0	0.04995485989687919	0.043265660603841	0.04995485989687919	0.043265660603841	0.72	0.72	0.7145439756903735	0.7145439756903735	0.04103864414567617	0.04103864414567617	1.0	1.0	0.3482294497282607	0.3482294497282607	50.0	50	25.5
expanded_data	meaning_control	121	not_7	not	h	P	own_context_log_prob_advantage_per_token	50	1	50.0	0.11012549850669127	0.03789520263671875	0.11012549850669127	0.03789520263671875	0.62	0.62	0.5483213874659535	0.5483213874659535	0.08253565026695006	0.08253565026695006	1.0	1.0	0.68798828125	0.68798828125	50.0	50	26.92
expanded_data	meaning_control	121	not_7	not	h	P_prime	own_context_log_prob_advantage_per_token	50	1	50.0	0.08443357708626927	0.0493883653120561	0.08443357708626927	0.0493883653120561	0.84	0.84	0.829555684092145	0.829555684092145	0.05610480023451893	0.05610480023451893	1.0	1.0	0.0780707465277776	0.0780707465277776	50.0	50	27.46
expanded_data	meaning_control	122	not_15	not	h	P	own_context_log_prob_advantage_per_token	50	1	50.0	0.07325284073100935	0.06058108422064	0.07325284073100935	0.06058108422064	0.86	0.86	0.9011685726611749	0.9011685726611749	0.062989957996618	0.062989957996618	0.0	0.0	-0.131103515625	-0.131103515625	50.0	50	27.32
expanded_data	meaning_control	122	not_15	not	h	P_prime	own_context_log_prob_advantage_per_token	50	1	50.0	0.03479890644773735	0.010757322736114551	0.03479890644773735	0.010757322736114551	0.56	0.56	0.47427130668740797	0.47427130668740797	0.006088670455069972	0.006088670455069972	0.0	0.0	-0.0431315104166665	-0.0431315104166665	50.0	50	26.04
expanded_data	meaning_control	123	not_71	not	h	P	own_context_log_prob_advantage_per_token	50	1	50.0	0.017346069302378257	0.01234605577256915	0.017346069302378257	0.01234605577256915	0.6	0.6	0.6705358526474774	0.6705358526474774	0.022708928003882866	0.022708928003882866	0.0	0.0	-0.0144314236111111	-0.0144314236111111	50.0	50	25.5
expanded_data	meaning_control	123	not_71	not	h	P_prime	own_context_log_prob_advantage_per_token	50	1	50.0	0.02276564868783934	0.020458984375	0.02276564868783934	0.020458984375	0.72	0.72	0.6966353160006851	0.6966353160006851	0.015219953354950855	0.015219953354950855	1.0	1.0	0.10852515179178	0.10852515179178	50.0	50	25.5
expanded_data	meaning_control	124	not_81	not	h	P	own_context_log_prob_advantage_per_token	50	1	50.0	0.05189707535798733	0.07014465332031239	0.05189707535798733	0.07014465332031239	0.68	0.68	0.8280327683850199	0.8280327683850199	0.07610766798279062	0.07610766798279062	1.0	1.0	0.0846462249755859	0.0846462249755859	50.0	50	28.02
expanded_data	meaning_control	124	not_81	not	h	P_prime	own_context_log_prob_advantage_per_token	50	1	50.0	0.03733326939994373	0.026556000565037548	0.03733326939994373	0.026556000565037548	0.68	0.68	0.6195140261618775	0.6195140261618775	0.022950981083848354	0.022950981083848354	1.0	1.0	0.204742431640625	0.204742431640625	50.0	50	25.66
expanded_data	meaning_control	125	not_226	not	h	P	own_context_log_prob_advantage_per_token	50	1	50.0	0.04187348002557316	0.04056034088134755	0.04187348002557316	0.04056034088134755	0.86	0.86	0.886695621578036	0.886695621578036	0.04374469537500262	0.04374469537500262	1.0	1.0	0.0293006896972656	0.0293006896972656	50.0	50	25.5
expanded_data	meaning_control	125	not_226	not	h	P_prime	own_context_log_prob_advantage_per_token	50	1	50.0	0.0693749857990165	0.0480794734715669	0.0693749857990165	0.0480794734715669	0.76	0.76	0.7597721523133589	0.7597721523133589	0.07413640872996025	0.07413640872996025	0.0	0.0	-0.055533016429228	-0.055533016429228	50.0	50	26.6
expanded_data	meaning_control	126	not_244	not	h	P	own_context_log_prob_advantage_per_token	50	1	50.0	0.026140140773740505	0.0140437966301327	0.026140140773740505	0.0140437966301327	0.68	0.68	0.6490661085713791	0.6490661085713791	0.021766180000077493	0.021766180000077493	1.0	1.0	0.0109798258001154	0.0109798258001154	50.0	50	25.5
expanded_data	meaning_control	126	not_244	not	h	P_prime	own_context_log_prob_advantage_per_token	50	1	50.0	0.016233597997845326	0.01602603594462065	0.016233597997845326	0.01602603594462065	0.74	0.74	0.7556929494675346	0.7556929494675346	0.015817164675797392	0.015817164675797392	1.0	1.0	0.049165205522017	0.049165205522017	50.0	50	25.5
expanded_data	meaning_control	127	not_272	not	h	P	own_context_log_prob_advantage_per_token	50	1	50.0	0.011822500581045621	0.00340612347309405	0.011822500581045621	0.00340612347309405	0.56	0.56	0.6208844316112465	0.6208844316112465	0.021046415063629014	0.021046415063629014	1.0	1.0	0.0176176591352983	0.0176176591352983	50.0	50	25.5
expanded_data	meaning_control	127	not_272	not	h	P_prime	own_context_log_prob_advantage_per_token	50	1	50.0	0.024383764425599416	0.01876807935310125	0.024383764425599416	0.01876807935310125	0.7	0.7	0.728362734054189	0.728362734054189	0.018443254852165095	0.018443254852165095	1.0	1.0	0.0840731534090908	0.0840731534090908	50.0	50	25.8
expanded_data	meaning_control	128	not_302	not	h	P	own_context_log_prob_advantage_per_token	50	1	50.0	0.012221592381760299	0.0115602322987147	0.012221592381760299	0.0115602322987147	0.68	0.68	0.706636788796346	0.706636788796346	0.013298803516196254	0.013298803516196254	0.0	0.0	-0.0442165798611111	-0.0442165798611111	50.0	50	26.96
expanded_data	meaning_control	128	not_302	not	h	P_prime	own_context_log_prob_advantage_per_token	50	1	50.0	-0.0071156526840341116	-0.0025090144230769003	-0.0071156526840341116	-0.0025090144230769003	0.46	0.46	0.46243969680800845	0.46243969680800845	-0.0039645357488967675	-0.0039645357488967675	0.0	0.0	-0.0275523662567138	-0.0275523662567138	50.0	50	26.34
expanded_data	meaning_control	129	not_309	not	h	P	own_context_log_prob_advantage_per_token	50	1	50.0	0.03351951079389502	0.02342207772391175	0.03351951079389502	0.02342207772391175	0.9	0.9	0.8727219190753951	0.8727219190753951	0.028659146476479894	0.028659146476479894	1.0	1.0	0.0544162326388888	0.0544162326388888	50.0	50	26.6
expanded_data	meaning_control	129	not_309	not	h	P_prime	own_context_log_prob_advantage_per_token	50	1	50.0	0.011759125236465096	0.00393145718769735	0.011759125236465096	0.00393145718769735	0.58	0.58	0.6075258693760105	0.6075258693760105	0.015392574648025598	0.015392574648025598	1.0	1.0	0.1140732988715171	0.1140732988715171	50.0	50	28.12
expanded_data	meaning_control	130	not_319	not	h	P	own_context_log_prob_advantage_per_token	50	1	50.0	0.2082804367949571	0.2128060080788352	0.2082804367949571	0.2128060080788352	0.8	0.8	0.8489114609300347	0.8489114609300347	0.22217274309427593	0.22217274309427593	1.0	1.0	0.2441725730895996	0.2441725730895996	50.0	50	25.5
expanded_data	meaning_control	130	not_319	not	h	P_prime	own_context_log_prob_advantage_per_token	50	1	50.0	0.5280261810264524	0.41043014526367183	0.5280261810264524	0.41043014526367183	0.98	0.98	0.9822968688566937	0.9822968688566937	0.6047590547917754	0.6047590547917754	1.0	1.0	1.2101898193359375	1.2101898193359375	50.0	50	26.82
expanded_data	meaning_control	131	not_367	not	h	P	own_context_log_prob_advantage_per_token	50	1	50.0	0.029556592525352237	0.037204530504014705	0.029556592525352237	0.037204530504014705	0.78	0.78	0.7882819588171097	0.7882819588171097	0.03274037109331167	0.03274037109331167	1.0	1.0	0.0339805201480263	0.0339805201480263	50.0	50	28.34
expanded_data	meaning_control	131	not_367	not	h	P_prime	own_context_log_prob_advantage_per_token	50	1	50.0	0.0338079337288672	-0.00110582227292265	0.0338079337288672	-0.00110582227292265	0.5	0.5	0.47734221627893964	0.47734221627893964	0.011562160250269201	0.011562160250269201	0.0	0.0	-0.0819091796875	-0.0819091796875	50.0	50	27.12
expanded_data	meaning_control	132	not_379	not	h	P	own_context_log_prob_advantage_per_token	50	1	50.0	0.13566277485313252	0.1073183105105445	0.13566277485313252	0.1073183105105445	0.9	0.9	0.9322428340838521	0.9322428340838521	0.12647482313192523	0.12647482313192523	1.0	1.0	0.0189287590258049	0.0189287590258049	50.0	50	25.98
expanded_data	meaning_control	132	not_379	not	h	P_prime	own_context_log_prob_advantage_per_token	50	1	50.0	0.131838983587498	0.14013580322265615	0.131838983587498	0.14013580322265615	0.8	0.8	0.8741503137682437	0.8741503137682437	0.14599845988780957	0.14599845988780957	0.0	0.0	-0.1104181463068183	-0.1104181463068183	50.0	50	26.4
expanded_data	meaning_control	133	not_383	not	h	P	own_context_log_prob_advantage_per_token	50	1	50.0	0.0050093620535265546	0.01029761178152895	0.0050093620535265546	0.01029761178152895	0.66	0.66	0.6814150762588984	0.6814150762588984	0.007457315700918895	0.007457315700918895	0.0	0.0	-0.0389264424641926	-0.0389264424641926	50.0	50	25.5
expanded_data	meaning_control	133	not_383	not	h	P_prime	own_context_log_prob_advantage_per_token	50	1	50.0	-0.004634126641268836	-0.00779551551455535	-0.004634126641268836	-0.00779551551455535	0.38	0.38	0.3264824632030963	0.3264824632030963	-0.008631311430341628	-0.008631311430341628	1.0	1.0	0.0472745028409091	0.0472745028409091	50.0	50	26.32
expanded_data	meaning_control	134	not_460	not	h	P	own_context_log_prob_advantage_per_token	50	1	50.0	0.04450354729401109	0.0435160789386368	0.04450354729401109	0.0435160789386368	0.78	0.78	0.825812186438614	0.825812186438614	0.050242873044203745	0.050242873044203745	1.0	1.0	0.108555385044643	0.108555385044643	50.0	50	27.1
expanded_data	meaning_control	134	not_460	not	h	P_prime	own_context_log_prob_advantage_per_token	50	1	50.0	0.024918905227912985	0.0030322735126202	0.024918905227912985	0.0030322735126202	0.56	0.56	0.5132617540345827	0.5132617540345827	0.026127291140439785	0.026127291140439785	1.0	1.0	0.0228750055486506	0.0228750055486506	50.0	50	28.06
expanded_data	meaning_control	135	not_686	not	h	P	own_context_log_prob_advantage_per_token	50	1	50.0	0.2275033048137893	0.24124548832575476	0.2275033048137893	0.24124548832575476	0.96	0.96	0.9895608305159599	0.9895608305159599	0.2569060996690638	0.2569060996690638	1.0	1.0	0.0767848617152162	0.0767848617152162	50.0	50	25.5
expanded_data	meaning_control	135	not_686	not	h	P_prime	own_context_log_prob_advantage_per_token	50	1	50.0	0.21848962662970398	0.2106834411621093	0.21848962662970398	0.2106834411621093	0.84	0.84	0.8793685533758302	0.8793685533758302	0.23058851836401092	0.23058851836401092	0.0	0.0	-0.0743233816964286	-0.0743233816964286	50.0	50	26.18
expanded_data	meaning_control	136	not_698	not	h	P	own_context_log_prob_advantage_per_token	50	1	50.0	0.13466196345588488	0.10422092013888905	0.13466196345588488	0.10422092013888905	0.82	0.82	0.8058518663811134	0.8058518663811134	0.11541767249415257	0.11541767249415257	1.0	1.0	0.23193359375	0.23193359375	50.0	50	29.8
expanded_data	meaning_control	136	not_698	not	h	P_prime	own_context_log_prob_advantage_per_token	50	1	50.0	0.21905776779909544	0.1361022828117247	0.21905776779909544	0.1361022828117247	0.8	0.8	0.83216009060709	0.83216009060709	0.22341580763847538	0.22341580763847538	1.0	1.0	0.0565765380859373	0.0565765380859373	50.0	50	27.2
expanded_data	meaning_control	137	not_702	not	h	P	own_context_log_prob_advantage_per_token	50	1	50.0	-0.004549734453613084	-0.00529785156249995	-0.004549734453613084	-0.00529785156249995	0.32	0.32	0.25538424290515016	0.25538424290515016	-0.005202794180914969	-0.005202794180914969	0.0	0.0	-0.0011065800984702	-0.0011065800984702	50.0	50	26.62
expanded_data	meaning_control	137	not_702	not	h	P_prime	own_context_log_prob_advantage_per_token	50	1	50.0	0.002137287186248556	0.00202713012695305	0.002137287186248556	0.00202713012695305	0.58	0.58	0.5529500096615284	0.5529500096615284	0.0005876088487456201	0.0005876088487456201	1.0	1.0	0.0030600332444714	0.0030600332444714	50.0	50	25.5
expanded_data	meaning_control	138	not_729	not	h	P	own_context_log_prob_advantage_per_token	50	1	50.0	0.10313568754246162	0.11053851527026565	0.10313568754246162	0.11053851527026565	0.82	0.82	0.8808016672685941	0.8808016672685941	0.11510944521248721	0.11510944521248721	1.0	1.0	0.1146843773978096	0.1146843773978096	50.0	50	25.5
expanded_data	meaning_control	138	not_729	not	h	P_prime	own_context_log_prob_advantage_per_token	50	1	50.0	0.16801036012358175	0.1223788791232638	0.16801036012358175	0.1223788791232638	0.78	0.78	0.7550212470557769	0.7550212470557769	0.1602175310998663	0.1602175310998663	0.0	0.0	-0.0488692159238068	-0.0488692159238068	50.0	50	26.54
expanded_data	meaning_control	139	not_768	not	h	P	own_context_log_prob_advantage_per_token	50	1	50.0	0.0908092721584147	0.08078529895880265	0.0908092721584147	0.08078529895880265	0.78	0.78	0.7876648545923106	0.7876648545923106	0.10447496557665105	0.10447496557665105	0.0	0.0	-0.1853515624999999	-0.1853515624999999	50.0	50	25.5
expanded_data	meaning_control	139	not_768	not	h	P_prime	own_context_log_prob_advantage_per_token	50	1	50.0	0.12817281808740882	0.1116227814645478	0.12817281808740882	0.1116227814645478	0.86	0.86	0.8885635257607241	0.8885635257607241	0.13288149012484515	0.13288149012484515	1.0	1.0	0.0879012107849122	0.0879012107849122	50.0	50	26.34
expanded_data	meaning_control	140	not_865	not	h	P	own_context_log_prob_advantage_per_token	50	1	50.0	0.06631116506298741	0.060770034790039	0.06631116506298741	0.060770034790039	0.72	0.72	0.7590039669983762	0.7590039669983762	0.07362786729294031	0.07362786729294031	1.0	1.0	0.0238023055227178	0.0238023055227178	50.0	50	25.5
expanded_data	meaning_control	140	not_865	not	h	P_prime	own_context_log_prob_advantage_per_token	50	1	50.0	0.11001911437004593	0.08501143845124935	0.11001911437004593	0.08501143845124935	0.82	0.82	0.8297892300525388	0.8297892300525388	0.13107867508404894	0.13107867508404894	1.0	1.0	0.0774988810221353	0.0774988810221353	50.0	50	26.28
expanded_data	meaning_control	141	not_949	not	h	P	own_context_log_prob_advantage_per_token	50	1	50.0	0.07286013203968271	0.06812090622751325	0.07286013203968271	0.06812090622751325	0.7	0.7	0.7249701186014934	0.7249701186014934	0.06249353532172777	0.06249353532172777	0.0	0.0	-0.0105615762563853	-0.0105615762563853	50.0	50	27.56
expanded_data	meaning_control	141	not_949	not	h	P_prime	own_context_log_prob_advantage_per_token	50	1	50.0	0.10763790704334283	0.06970248619715365	0.10763790704334283	0.06970248619715365	0.7	0.7	0.7386023767156764	0.7386023767156764	0.08314947058535127	0.08314947058535127	1.0	1.0	0.2227079971976899	0.2227079971976899	50.0	50	25.72
expanded_data	meaning_control	142	not_969	not	h	P	own_context_log_prob_advantage_per_token	50	1	50.0	0.027362087841820943	0.0221736893985734	0.027362087841820943	0.0221736893985734	0.76	0.76	0.8060424225270061	0.8060424225270061	0.027898148327748507	0.027898148327748507	0.0	0.0	-0.0508259043974035	-0.0508259043974035	50.0	50	25.5
expanded_data	meaning_control	142	not_969	not	h	P_prime	own_context_log_prob_advantage_per_token	50	1	50.0	0.02680227727592677	0.0050169929625497	0.02680227727592677	0.0050169929625497	0.54	0.54	0.45644073461062445	0.45644073461062445	0.016690511302916437	0.016690511302916437	1.0	1.0	0.0125647650824654	0.0125647650824654	50.0	50	26.3
expanded_data	meaning_control	143	not_1154	not	h	P	own_context_log_prob_advantage_per_token	50	1	50.0	0.010094215626627955	0.00674400329589835	0.010094215626627955	0.00674400329589835	0.6	0.6	0.5669071818246373	0.5669071818246373	0.009644420404620452	0.009644420404620452	0.0	0.0	-0.0235633850097656	-0.0235633850097656	50.0	50	28.2
expanded_data	meaning_control	143	not_1154	not	h	P_prime	own_context_log_prob_advantage_per_token	50	1	50.0	0.006196136052467446	0.004754246979102801	0.006196136052467446	0.004754246979102801	0.58	0.58	0.6004054288163648	0.6004054288163648	0.008684585834289478	0.008684585834289478	0.0	0.0	-0.0005395015080769	-0.0005395015080769	50.0	50	27.62
expanded_data	meaning_control	144	not_1270	not	h	P	own_context_log_prob_advantage_per_token	50	1	50.0	0.028050545844102236	0.03635440402560765	0.028050545844102236	0.03635440402560765	0.72	0.72	0.7595197794861067	0.7595197794861067	0.03580031303115284	0.03580031303115284	1.0	1.0	0.1179733276367187	0.1179733276367187	50.0	50	25.5
expanded_data	meaning_control	144	not_1270	not	h	P_prime	own_context_log_prob_advantage_per_token	50	1	50.0	0.009572978975725054	0.0019123355547586499	0.009572978975725054	0.0019123355547586499	0.52	0.52	0.5576277125520733	0.5576277125520733	0.01610207711343916	0.01610207711343916	0.0	0.0	-0.0496802696814904	-0.0496802696814904	50.0	50	25.98
expanded_data	meaning_control	145	not_1286	not	h	P	own_context_log_prob_advantage_per_token	50	1	50.0	0.03611512776391632	0.0332821164812361	0.03611512776391632	0.0332821164812361	0.68	0.68	0.7668366183197499	0.7668366183197499	0.05061851163498539	0.05061851163498539	1.0	1.0	0.0957535963792066	0.0957535963792066	50.0	50	27.62
expanded_data	meaning_control	145	not_1286	not	h	P_prime	own_context_log_prob_advantage_per_token	50	1	50.0	0.032536740962934	0.0144479091350848	0.032536740962934	0.0144479091350848	0.64	0.64	0.6230299211232676	0.6230299211232676	0.025379269121829598	0.025379269121829598	0.0	0.0	-0.1487840924944197	-0.1487840924944197	50.0	50	26.7
expanded_data	meaning_control	146	not_1347	not	h	P	own_context_log_prob_advantage_per_token	50	1	50.0	0.07079518862125639	0.0844761363246985	0.07079518862125639	0.0844761363246985	0.8	0.8	0.8657355207535951	0.8657355207535951	0.08568715121624021	0.08568715121624021	1.0	1.0	0.0780476888020833	0.0780476888020833	50.0	50	27.94
expanded_data	meaning_control	146	not_1347	not	h	P_prime	own_context_log_prob_advantage_per_token	50	1	50.0	0.025324282034538	0.01991812627118335	0.025324282034538	0.01991812627118335	0.66	0.66	0.6528184757618763	0.6528184757618763	0.017144437761912306	0.017144437761912306	1.0	1.0	0.0126241048177082	0.0126241048177082	50.0	50	26.64
expanded_data	meaning_control	147	not_1353	not	h	P	own_context_log_prob_advantage_per_token	50	1	50.0	0.05017063771067426	0.041326687552712155	0.05017063771067426	0.041326687552712155	0.74	0.74	0.7326814394912312	0.7326814394912312	0.04081446524436013	0.04081446524436013	1.0	1.0	0.251953125	0.251953125	50.0	50	26.32
expanded_data	meaning_control	147	not_1353	not	h	P_prime	own_context_log_prob_advantage_per_token	50	1	50.0	0.01083534187982395	0.0086749514212479	0.01083534187982395	0.0086749514212479	0.56	0.56	0.5328883624074913	0.5328883624074913	0.008490594613670754	0.008490594613670754	1.0	1.0	0.042457746422809	0.042457746422809	50.0	50	25.5
expanded_data	meaning_control	148	not_1385	not	h	P	own_context_log_prob_advantage_per_token	50	1	50.0	0.08346399692506656	0.08095158849443704	0.08346399692506656	0.08095158849443704	0.76	0.76	0.7529599444534111	0.7529599444534111	0.08321521928418386	0.08321521928418386	1.0	1.0	0.1081054687499998	0.1081054687499998	50.0	50	27.62
expanded_data	meaning_control	148	not_1385	not	h	P_prime	own_context_log_prob_advantage_per_token	50	1	50.0	0.06483440399887012	0.054679271153041345	0.06483440399887012	0.054679271153041345	0.74	0.74	0.7525130366364224	0.7525130366364224	0.056894637662150506	0.056894637662150506	1.0	1.0	0.2080078125	0.2080078125	50.0	50	27.74
expanded_data	meaning_control	149	not_1406	not	h	P	own_context_log_prob_advantage_per_token	50	1	50.0	0.1028539899970335	0.08737402421267909	0.1028539899970335	0.08737402421267909	0.82	0.82	0.8399195882587354	0.8399195882587354	0.1065724417686805	0.1065724417686805	1.0	1.0	0.4775390624999998	0.4775390624999998	50.0	50	26.08
expanded_data	meaning_control	149	not_1406	not	h	P_prime	own_context_log_prob_advantage_per_token	50	1	50.0	0.15811112799539065	0.11069181853649665	0.15811112799539065	0.11069181853649665	0.84	0.84	0.8365884710241918	0.8365884710241918	0.1575301419230847	0.1575301419230847	1.0	1.0	0.4119873046875	0.4119873046875	50.0	50	25.5
expanded_data	meaning_control	150	not_1570	not	h	P	own_context_log_prob_advantage_per_token	50	1	50.0	0.02023147898935807	0.020942487499930502	0.02023147898935807	0.020942487499930502	0.76	0.76	0.7653312440908088	0.7653312440908088	0.023163911899497736	0.023163911899497736	1.0	1.0	0.0399932861328125	0.0399932861328125	50.0	50	25.5
expanded_data	meaning_control	150	not_1570	not	h	P_prime	own_context_log_prob_advantage_per_token	50	1	50.0	0.00998588435001161	0.0070133410002055	0.00998588435001161	0.0070133410002055	0.56	0.56	0.5237608067708697	0.5237608067708697	0.007128276287772915	0.007128276287772915	1.0	1.0	0.0348724637712751	0.0348724637712751	50.0	50	25.5
expanded_data	meaning_control	151	not_1602	not	h	P	own_context_log_prob_advantage_per_token	50	1	50.0	0.025336440618737518	0.02345321291968935	0.025336440618737518	0.02345321291968935	0.74	0.74	0.7453166278579022	0.7453166278579022	0.02508781249566936	0.02508781249566936	1.0	1.0	0.1327988571590845	0.1327988571590845	50.0	50	25.5
expanded_data	meaning_control	151	not_1602	not	h	P_prime	own_context_log_prob_advantage_per_token	50	1	50.0	0.022065492355415037	0.012930733816964149	0.022065492355415037	0.012930733816964149	0.62	0.62	0.6411468673385237	0.6411468673385237	0.0185909113499339	0.0185909113499339	1.0	1.0	0.0529108405113218	0.0529108405113218	50.0	50	26.0
expanded_data	meaning_control	152	not_1608	not	h	P	own_context_log_prob_advantage_per_token	50	1	50.0	0.010414249724295117	0.0111017998527077	0.010414249724295117	0.0111017998527077	0.78	0.78	0.8343756879559138	0.8343756879559138	0.012703839105928047	0.012703839105928047	1.0	1.0	0.0224566686721074	0.0224566686721074	50.0	50	25.5
expanded_data	meaning_control	152	not_1608	not	h	P_prime	own_context_log_prob_advantage_per_token	50	1	50.0	-0.0011808730731428197	-0.004318482928223601	-0.0011808730731428197	-0.004318482928223601	0.44	0.44	0.3749356724136102	0.3749356724136102	-0.00538020380414979	-0.00538020380414979	0.0	0.0	-0.0045208564171423	-0.0045208564171423	50.0	50	25.5
expanded_data	meaning_control	153	not_1647	not	h	P	own_context_log_prob_advantage_per_token	50	1	50.0	0.0622909781469894	0.05864860897972475	0.0622909781469894	0.05864860897972475	0.7	0.7	0.7788556584998796	0.7788556584998796	0.07389270423421367	0.07389270423421367	1.0	1.0	0.1060791015625	0.1060791015625	50.0	50	25.78
expanded_data	meaning_control	153	not_1647	not	h	P_prime	own_context_log_prob_advantage_per_token	50	1	50.0	0.0641134341606434	0.0345865885416667	0.0641134341606434	0.0345865885416667	0.72	0.72	0.7034004597646879	0.7034004597646879	0.05261127596852608	0.05261127596852608	0.0	0.0	-0.0833231608072917	-0.0833231608072917	50.0	50	25.5
expanded_data	meaning_control	154	not_1663	not	h	P	own_context_log_prob_advantage_per_token	50	1	50.0	0.0021413506098011486	0.0007626862553824999	0.0021413506098011486	0.0007626862553824999	0.56	0.56	0.5283436671644716	0.5283436671644716	0.0020183000237900695	0.0020183000237900695	1.0	1.0	0.0178791392933239	0.0178791392933239	50.0	50	26.56
expanded_data	meaning_control	154	not_1663	not	h	P_prime	own_context_log_prob_advantage_per_token	50	1	50.0	0.0003643562429101161	-0.0013432502746582	0.0003643562429101161	-0.0013432502746582	0.42	0.42	0.4131405145046956	0.4131405145046956	-0.00039844821868893185	-0.00039844821868893185	1.0	1.0	0.0105957031249999	0.0105957031249999	50.0	50	29.04
expanded_data	meaning_control	155	not_1668	not	h	P	own_context_log_prob_advantage_per_token	50	1	50.0	0.10445081049772222	0.0681688347033092	0.10445081049772222	0.0681688347033092	0.8	0.8	0.7780898010705224	0.7780898010705224	0.09254175780041164	0.09254175780041164	0.0	0.0	-0.0669301350911457	-0.0669301350911457	50.0	50	26.84
expanded_data	meaning_control	155	not_1668	not	h	P_prime	own_context_log_prob_advantage_per_token	50	1	50.0	0.09284497463932079	0.07041081768727436	0.09284497463932079	0.07041081768727436	0.76	0.76	0.815422614377557	0.815422614377557	0.11539279610411976	0.11539279610411976	1.0	1.0	0.5056363582611083	0.5056363582611083	50.0	50	26.6
expanded_data	meaning_control	156	not_1686	not	h	P	own_context_log_prob_advantage_per_token	50	1	50.0	0.11009686523834787	0.09455770916408959	0.11009686523834787	0.09455770916408959	0.96	0.96	0.9744131253095666	0.9744131253095666	0.12441193233018605	0.12441193233018605	1.0	1.0	0.0990984945586235	0.0990984945586235	50.0	50	25.68
expanded_data	meaning_control	156	not_1686	not	h	P_prime	own_context_log_prob_advantage_per_token	50	1	50.0	0.12375161701712126	0.06788285160477556	0.12375161701712126	0.06788285160477556	0.84	0.84	0.8014522354565012	0.8014522354565012	0.11293450824077132	0.11293450824077132	1.0	1.0	0.0152126312255858	0.0152126312255858	50.0	50	26.36
expanded_data	meaning_control	157	not_1697	not	h	P	own_context_log_prob_advantage_per_token	50	1	50.0	0.01837440601964914	0.01528593386338005	0.01837440601964914	0.01528593386338005	0.68	0.68	0.7083936928406074	0.7083936928406074	0.019627437900527293	0.019627437900527293	0.0	0.0	-0.0142927623930431	-0.0142927623930431	50.0	50	25.86
expanded_data	meaning_control	157	not_1697	not	h	P_prime	own_context_log_prob_advantage_per_token	50	1	50.0	0.002297988233634961	0.01194840920071645	0.002297988233634961	0.01194840920071645	0.64	0.64	0.6453726201343615	0.6453726201343615	0.0012533939290472493	0.0012533939290472493	1.0	1.0	0.0215589735243058	0.0215589735243058	50.0	50	26.24
expanded_data	meaning_control	158	not_1700	not	h	P	own_context_log_prob_advantage_per_token	50	1	50.0	0.017774078919448367	0.0312286376953125	0.017774078919448367	0.0312286376953125	0.66	0.66	0.6427061490790497	0.6427061490790497	0.022430695484093332	0.022430695484093332	1.0	1.0	0.0425743689903846	0.0425743689903846	50.0	50	25.62
expanded_data	meaning_control	158	not_1700	not	h	P_prime	own_context_log_prob_advantage_per_token	50	1	50.0	0.0723438382197375	0.0385274251302083	0.0723438382197375	0.0385274251302083	0.7	0.7	0.7295670578934157	0.7295670578934157	0.06452592175314462	0.06452592175314462	1.0	1.0	0.0412567138671875	0.0412567138671875	50.0	50	26.24
expanded_data	meaning_control	159	not_1721	not	h	P	own_context_log_prob_advantage_per_token	50	1	50.0	0.011840790871066719	0.01359659433364865	0.011840790871066719	0.01359659433364865	0.78	0.78	0.8372860282181276	0.8372860282181276	0.013973186991898949	0.013973186991898949	1.0	1.0	0.0023246765136719	0.0023246765136719	50.0	50	25.92
expanded_data	meaning_control	159	not_1721	not	h	P_prime	own_context_log_prob_advantage_per_token	50	1	50.0	0.002651550826677025	-0.003135822746053	0.002651550826677025	-0.003135822746053	0.4	0.4	0.3739911147156752	0.3739911147156752	-0.0015463352151582484	-0.0015463352151582484	0.0	0.0	-0.0059883892536163	-0.0059883892536163	50.0	50	25.64
expanded_data	meaning_control	160	not_1754	not	h	P	own_context_log_prob_advantage_per_token	50	1	50.0	0.0017648610103628483	0.00087292802648455	0.0017648610103628483	0.00087292802648455	0.52	0.52	0.49920663997204195	0.49920663997204195	0.0014686040071303723	0.0014686040071303723	1.0	1.0	0.0289103190104165	0.0289103190104165	50.0	50	26.72
expanded_data	meaning_control	160	not_1754	not	h	P_prime	own_context_log_prob_advantage_per_token	50	1	50.0	-0.0007092703937202759	-0.00114350346313125	-0.0007092703937202759	-0.00114350346313125	0.46	0.46	0.43358914219894507	0.43358914219894507	-0.0014355268455356826	-0.0014355268455356826	0.0	0.0	-0.0126509232954543	-0.0126509232954543	50.0	50	26.84
expanded_data	meaning_control	161	not_1760	not	h	P	own_context_log_prob_advantage_per_token	50	1	50.0	0.010018496720517854	0.009195925009371001	0.010018496720517854	0.009195925009371001	0.64	0.64	0.666164343820303	0.666164343820303	0.01052704608275642	0.01052704608275642	1.0	1.0	0.0115198935231854	0.0115198935231854	50.0	50	26.8
expanded_data	meaning_control	161	not_1760	not	h	P_prime	own_context_log_prob_advantage_per_token	50	1	50.0	0.018463806492009995	0.0060521337721084	0.018463806492009995	0.0060521337721084	0.6	0.6	0.5467874678295853	0.5467874678295853	0.016326181926699376	0.016326181926699376	1.0	1.0	0.0066324869791669	0.0066324869791669	50.0	50	28.66
expanded_data	meaning_control	162	not_1761	not	h	P	own_context_log_prob_advantage_per_token	50	1	50.0	0.06092103350449943	0.05679715474446615	0.06092103350449943	0.05679715474446615	0.84	0.84	0.9209342606302633	0.9209342606302633	0.0629420748846448	0.0629420748846448	1.0	1.0	0.0452853611537387	0.0452853611537387	50.0	50	26.72
expanded_data	meaning_control	162	not_1761	not	h	P_prime	own_context_log_prob_advantage_per_token	50	1	50.0	0.14514178592102056	0.10968653734992535	0.14514178592102056	0.10968653734992535	0.72	0.72	0.7317910401312515	0.7317910401312515	0.1470041784833882	0.1470041784833882	1.0	1.0	0.3645833333333335	0.3645833333333335	50.0	50	28.44
expanded_data	meaning_control	163	not_1774	not	h	P	own_context_log_prob_advantage_per_token	50	1	50.0	0.12574073801131158	0.11860983712332565	0.12574073801131158	0.11860983712332565	0.9	0.9	0.9128375866310446	0.9128375866310446	0.1202498437652372	0.1202498437652372	1.0	1.0	0.2156316757202148	0.2156316757202148	50.0	50	26.0
expanded_data	meaning_control	163	not_1774	not	h	P_prime	own_context_log_prob_advantage_per_token	50	1	50.0	0.05823350909502241	0.01824881813742895	0.05823350909502241	0.01824881813742895	0.58	0.58	0.559577821517699	0.559577821517699	0.04359156689142585	0.04359156689142585	0.0	0.0	-0.0592999458312988	-0.0592999458312988	50.0	50	26.94
expanded_data	meaning_control	164	not_1776	not	h	P	own_context_log_prob_advantage_per_token	50	1	50.0	0.18421600388263548	0.12008126072151945	0.18421600388263548	0.12008126072151945	0.84	0.84	0.8487747462618901	0.8487747462618901	0.19575537856124658	0.19575537856124658	1.0	1.0	0.0773357391357423	0.0773357391357423	50.0	50	26.04
expanded_data	meaning_control	164	not_1776	not	h	P_prime	own_context_log_prob_advantage_per_token	50	1	50.0	0.12220135981891309	0.11173395393720635	0.12220135981891309	0.11173395393720635	0.9	0.9	0.8888051417300942	0.8888051417300942	0.12359776448620333	0.12359776448620333	1.0	1.0	0.1333516438802084	0.1333516438802084	50.0	50	25.5
expanded_data	meaning_control	165	not_1804	not	h	P	own_context_log_prob_advantage_per_token	50	1	50.0	0.10900357220191667	0.10956112543741856	0.10900357220191667	0.10956112543741856	0.82	0.82	0.8675728526654289	0.8675728526654289	0.11584825994266261	0.11584825994266261	1.0	1.0	0.1312296549479166	0.1312296549479166	50.0	50	25.5
expanded_data	meaning_control	165	not_1804	not	h	P_prime	own_context_log_prob_advantage_per_token	50	1	50.0	0.2077391076478942	0.12870773553848255	0.2077391076478942	0.12870773553848255	0.74	0.74	0.7739182755974562	0.7739182755974562	0.27226243349185125	0.27226243349185125	1.0	1.0	0.3117472330729167	0.3117472330729167	50.0	50	25.5
expanded_data	meaning_control	166	not_1819	not	h	P	own_context_log_prob_advantage_per_token	50	1	50.0	0.012546694843189871	0.01147545708550345	0.012546694843189871	0.01147545708550345	0.66	0.66	0.6898865073936495	0.6898865073936495	0.015644248630582724	0.015644248630582724	0.0	0.0	-0.0441272258758544	-0.0441272258758544	50.0	50	25.5
expanded_data	meaning_control	166	not_1819	not	h	P_prime	own_context_log_prob_advantage_per_token	50	1	50.0	0.019030904111844747	0.0183562965659829	0.019030904111844747	0.0183562965659829	0.66	0.66	0.6700145502093362	0.6700145502093362	0.01644023040750066	0.01644023040750066	1.0	1.0	0.01385498046875	0.01385498046875	50.0	50	25.84
expanded_data	meaning_control	167	not_2047	not	h	P	own_context_log_prob_advantage_per_token	50	1	50.0	0.028142002935836644	0.0233016342082351	0.028142002935836644	0.0233016342082351	0.76	0.76	0.8418574673237295	0.8418574673237295	0.03089833712864091	0.03089833712864091	0.0	0.0	-0.0358723958333335	-0.0358723958333335	50.0	50	28.94
expanded_data	meaning_control	167	not_2047	not	h	P_prime	own_context_log_prob_advantage_per_token	50	1	50.0	0.032846063316608755	0.0203115349141962	0.032846063316608755	0.0203115349141962	0.7	0.7	0.68377264496642	0.68377264496642	0.028618418783285433	0.028618418783285433	1.0	1.0	0.0010030110677083	0.0010030110677083	50.0	50	26.28
expanded_data	meaning_control	168	not_2138	not	h	P	own_context_log_prob_advantage_per_token	50	1	50.0	0.006663248310921909	0.008659451130109	0.006663248310921909	0.008659451130109	0.7	0.7	0.7035235082325016	0.7035235082325016	0.006390611968859878	0.006390611968859878	1.0	1.0	0.0084021329879762	0.0084021329879762	50.0	50	25.5
expanded_data	meaning_control	168	not_2138	not	h	P_prime	own_context_log_prob_advantage_per_token	50	1	50.0	0.017019695379159788	0.0034632193736541	0.017019695379159788	0.0034632193736541	0.68	0.68	0.6977330575042209	0.6977330575042209	0.010755362126065298	0.010755362126065298	0.0	0.0	-0.0066406249999997	-0.0066406249999997	50.0	50	25.5
expanded_data	meaning_control	169	not_2142	not	h	P	own_context_log_prob_advantage_per_token	50	1	50.0	0.011318002901207082	0.012591599266310101	0.011318002901207082	0.012591599266310101	0.64	0.64	0.6591687517873621	0.6591687517873621	0.011401878750573725	0.011401878750573725	1.0	1.0	0.0150320870535716	0.0150320870535716	50.0	50	26.62
expanded_data	meaning_control	169	not_2142	not	h	P_prime	own_context_log_prob_advantage_per_token	50	1	50.0	0.02352346666096513	0.01298989618525785	0.02352346666096513	0.01298989618525785	0.72	0.72	0.6534159965153317	0.6534159965153317	0.019036170277957964	0.019036170277957964	1.0	1.0	0.0476716694078946	0.0476716694078946	50.0	50	25.9
expanded_data	meaning_control	170	not_2148	not	h	P	own_context_log_prob_advantage_per_token	50	1	50.0	0.18141936169318496	0.16370209088692284	0.18141936169318496	0.16370209088692284	0.88	0.88	0.8972975365021031	0.8972975365021031	0.19777411199967895	0.19777411199967895	1.0	1.0	0.3722737630208332	0.3722737630208332	50.0	50	25.84
expanded_data	meaning_control	170	not_2148	not	h	P_prime	own_context_log_prob_advantage_per_token	50	1	50.0	0.18828332470230008	0.16907514120645561	0.18828332470230008	0.16907514120645561	0.82	0.82	0.7826477698992924	0.7826477698992924	0.1903234023284036	0.1903234023284036	0.0	0.0	-0.0222322270274162	-0.0222322270274162	50.0	50	26.82
expanded_data	meaning_control	171	not_2160	not	h	P	own_context_log_prob_advantage_per_token	50	1	50.0	0.02934008205286961	0.02271869447496195	0.02934008205286961	0.02271869447496195	0.7	0.7	0.6848113247043919	0.6848113247043919	0.0243961569642414	0.0243961569642414	1.0	1.0	0.0072446076766303	0.0072446076766303	50.0	50	26.04
expanded_data	meaning_control	171	not_2160	not	h	P_prime	own_context_log_prob_advantage_per_token	50	1	50.0	0.04503175208884387	0.0492990251020951	0.04503175208884387	0.0492990251020951	0.66	0.66	0.6896536504324341	0.6896536504324341	0.049356503927326885	0.049356503927326885	1.0	1.0	0.0469290161132811	0.0469290161132811	50.0	50	27.04
expanded_data	meaning_control	172	not_2168	not	h	P	own_context_log_prob_advantage_per_token	50	1	50.0	0.023824010310324006	0.0316247940063476	0.023824010310324006	0.0316247940063476	0.72	0.72	0.7744445755468181	0.7744445755468181	0.02936671734069598	0.02936671734069598	0.0	0.0	-0.0084392002650668	-0.0084392002650668	50.0	50	26.2
expanded_data	meaning_control	172	not_2168	not	h	P_prime	own_context_log_prob_advantage_per_token	50	1	50.0	0.011950590551650755	-0.002743417090112	0.011950590551650755	-0.002743417090112	0.5	0.5	0.3624356465359248	0.3624356465359248	-0.0023544885478580333	-0.0023544885478580333	1.0	1.0	0.0385125478108723	0.0385125478108723	50.0	50	25.5
expanded_data	meaning_control	173	not_2378	not	h	P	own_context_log_prob_advantage_per_token	50	1	50.0	0.0014013781936465656	0.0016320214032606501	0.0014013781936465656	0.0016320214032606501	0.6	0.6	0.6267358460512047	0.6267358460512047	0.002084671220265675	0.002084671220265675	0.0	0.0	-0.0027043959673713	-0.0027043959673713	50.0	50	25.6
expanded_data	meaning_control	173	not_2378	not	h	P_prime	own_context_log_prob_advantage_per_token	50	1	50.0	0.0003381991302546152	-0.00142785777216365	0.0003381991302546152	-0.00142785777216365	0.46	0.46	0.45967921310910853	0.45967921310910853	0.0012492429007919725	0.0012492429007919725	0.0	0.0	-0.0013198852539062	-0.0013198852539062	50.0	50	25.5
expanded_data	meaning_control	174	not_2405	not	h	P	own_context_log_prob_advantage_per_token	50	1	50.0	0.11053846973852263	0.08777014068935216	0.11053846973852263	0.08777014068935216	0.88	0.88	0.9118983946507959	0.9118983946507959	0.13061742681421568	0.13061742681421568	1.0	1.0	0.0187748500279019	0.0187748500279019	50.0	50	28.1
expanded_data	meaning_control	174	not_2405	not	h	P_prime	own_context_log_prob_advantage_per_token	50	1	50.0	0.007814258942403129	0.0209541940069818	0.007814258942403129	0.0209541940069818	0.62	0.62	0.6132841412172546	0.6132841412172546	0.010001817756336961	0.010001817756336961	1.0	1.0	0.2525469462076823	0.2525469462076823	50.0	50	26.14
expanded_data	meaning_control	175	not_2456	not	h	P	own_context_log_prob_advantage_per_token	50	1	50.0	0.05606028056066331	0.049176321168998546	0.05606028056066331	0.049176321168998546	0.86	0.86	0.8448358154479088	0.8448358154479088	0.05235017853769758	0.05235017853769758	1.0	1.0	0.1421342329545454	0.1421342329545454	50.0	50	26.24
expanded_data	meaning_control	175	not_2456	not	h	P_prime	own_context_log_prob_advantage_per_token	50	1	50.0	0.00975999760979506	0.017246791720390252	0.00975999760979506	0.017246791720390252	0.6	0.6	0.5902555271099135	0.5902555271099135	0.008157594698255525	0.008157594698255525	1.0	1.0	0.087378910609654	0.087378910609654	50.0	50	25.5
expanded_data	meaning_control	176	not_2467	not	h	P	own_context_log_prob_advantage_per_token	50	1	50.0	0.031074744717395065	0.02691814899444575	0.031074744717395065	0.02691814899444575	0.74	0.74	0.7186659489948998	0.7186659489948998	0.028201705585409638	0.028201705585409638	1.0	1.0	0.0555580139160156	0.0555580139160156	50.0	50	26.58
expanded_data	meaning_control	176	not_2467	not	h	P_prime	own_context_log_prob_advantage_per_token	50	1	50.0	0.02591902949232952	-0.0030403137207031	0.02591902949232952	-0.0030403137207031	0.5	0.5	0.42548443989905776	0.42548443989905776	0.006338281951947468	0.006338281951947468	0.0	0.0	-0.0434814453124996	-0.0434814453124996	50.0	50	27.04
expanded_data	meaning_control	177	not_2497	not	h	P	own_context_log_prob_advantage_per_token	50	1	50.0	0.13163239851963845	0.12461615668402785	0.13163239851963845	0.12461615668402785	0.98	0.98	0.9866802963246956	0.9866802963246956	0.13856573457278232	0.13856573457278232	1.0	1.0	0.095001220703125	0.095001220703125	50.0	50	26.76
expanded_data	meaning_control	177	not_2497	not	h	P_prime	own_context_log_prob_advantage_per_token	50	1	50.0	0.1866418179700066	0.0642364501953125	0.1866418179700066	0.0642364501953125	0.64	0.64	0.6584395286322844	0.6584395286322844	0.20366962165344693	0.20366962165344693	1.0	1.0	0.0263332366943358	0.0263332366943358	50.0	50	26.12
expanded_data	meaning_control	178	not_2551	not	h	P	own_context_log_prob_advantage_per_token	50	1	50.0	0.03942119639832351	0.0337238311767578	0.03942119639832351	0.0337238311767578	0.8	0.8	0.8116565990199135	0.8116565990199135	0.03822511362616348	0.03822511362616348	0.0	0.0	-0.0092857094372018	-0.0092857094372018	50.0	50	25.5
expanded_data	meaning_control	178	not_2551	not	h	P_prime	own_context_log_prob_advantage_per_token	50	1	50.0	0.05093378131279064	0.020034421573985647	0.05093378131279064	0.020034421573985647	0.64	0.64	0.656321308097864	0.656321308097864	0.06263304720698992	0.06263304720698992	0.0	0.0	-0.1494140625	-0.1494140625	50.0	50	27.1
expanded_data	meaning_control	179	not_2698	not	h	P	own_context_log_prob_advantage_per_token	50	1	50.0	0.04940895953931749	0.0461874161174591	0.04940895953931749	0.0461874161174591	0.68	0.68	0.7128469005612841	0.7128469005612841	0.053783563860345364	0.053783563860345364	1.0	1.0	0.0282185872395832	0.0282185872395832	50.0	50	25.54
expanded_data	meaning_control	179	not_2698	not	h	P_prime	own_context_log_prob_advantage_per_token	50	1	50.0	0.05118232307779258	0.0133636474609375	0.05118232307779258	0.0133636474609375	0.66	0.66	0.645670035185418	0.645670035185418	0.06126013404225889	0.06126013404225889	1.0	1.0	0.096883138020833	0.096883138020833	50.0	50	27.32
