source_dataset	dataset_role	source_row_index	id	word	subset	generated_from	analysis_metric	n_candidates	n_items	mean_candidates_per_item	mean_own_context_log_prob_advantage	median_own_context_log_prob_advantage	mean_own_context_log_prob_advantage_per_token	median_own_context_log_prob_advantage_per_token	own_context_win_rate	own_context_win_rate_per_token	weighted_own_context_win_rate	weighted_own_context_win_rate_per_token	weighted_own_context_log_prob_advantage	weighted_own_context_log_prob_advantage_per_token	top1_own_context_win_rate	top1_own_context_win_rate_per_token	top1_mean_own_context_log_prob_advantage	top1_mean_own_context_log_prob_advantage_per_token	mean_unique_samples_obtained	min_unique_samples_obtained	mean_sample_draw
expanded_data	discourse_particle	0	just_e_1157	just	o	P	own_context_log_prob_advantage_per_token	50	1	50.0	0.014522003987006373	0.01664124118785055	0.014522003987006373	0.01664124118785055	0.82	0.82	0.8290495763054804	0.8290495763054804	0.015094057239946947	0.015094057239946947	1.0	1.0	0.0360873718010751	0.0360873718010751	50.0	50	27.66
expanded_data	discourse_particle	0	just_e_1157	just	o	P_prime	own_context_log_prob_advantage_per_token	50	1	50.0	0.013742753940021866	0.01026200566973	0.013742753940021866	0.01026200566973	0.7	0.7	0.7007706234743248	0.7007706234743248	0.013633805175076296	0.013633805175076296	1.0	1.0	0.0267576694488525	0.0267576694488525	50.0	50	25.5
expanded_data	discourse_particle	1	just_j_5467	just	h	P	own_context_log_prob_advantage_per_token	50	1	50.0	0.05220869790608483	0.041257827178291656	0.05220869790608483	0.041257827178291656	0.82	0.82	0.8353523131542178	0.8353523131542178	0.05557074587231875	0.05557074587231875	1.0	1.0	0.028551185131073	0.028551185131073	50.0	50	25.5
expanded_data	discourse_particle	1	just_j_5467	just	h	P_prime	own_context_log_prob_advantage_per_token	50	1	50.0	0.05010729737570261	0.027408130790876298	0.05010729737570261	0.027408130790876298	0.8	0.8	0.8092240476814917	0.8092240476814917	0.053054217855168694	0.053054217855168694	1.0	1.0	0.0813716976873335	0.0813716976873335	50.0	50	25.5
expanded_data	discourse_particle	2	just_j_2485	just	h	P	own_context_log_prob_advantage_per_token	50	1	50.0	0.004931511146906626	0.00597469309965765	0.004931511146906626	0.00597469309965765	0.62	0.62	0.6309908632340907	0.6309908632340907	0.005309959319697392	0.005309959319697392	1.0	1.0	0.0139815270900726	0.0139815270900726	50.0	50	25.62
expanded_data	discourse_particle	2	just_j_2485	just	h	P_prime	own_context_log_prob_advantage_per_token	50	1	50.0	0.010724935910375226	0.0031185669057509	0.010724935910375226	0.0031185669057509	0.6	0.6	0.5746192387977885	0.5746192387977885	0.00949091758113083	0.00949091758113083	0.0	0.0	-0.021140835903309	-0.021140835903309	50.0	50	26.4
expanded_data	discourse_particle	3	just_e_2798	just	o	P	own_context_log_prob_advantage_per_token	50	1	50.0	0.13699382500719595	0.13983989670509245	0.13699382500719595	0.13983989670509245	0.96	0.96	0.9600038654272832	0.9600038654272832	0.13722285858190866	0.13722285858190866	1.0	1.0	0.1126560205366553	0.1126560205366553	50.0	50	25.52
expanded_data	discourse_particle	3	just_e_2798	just	o	P_prime	own_context_log_prob_advantage_per_token	50	1	50.0	0.16110473106921927	0.15447242318905158	0.16110473106921927	0.15447242318905158	0.98	0.98	0.9779680306336491	0.9779680306336491	0.15821175015586159	0.15821175015586159	1.0	1.0	0.2312404712041219	0.2312404712041219	50.0	50	25.5
expanded_data	discourse_particle	4	just_j_1627	just	h	P	own_context_log_prob_advantage_per_token	50	1	50.0	0.00938174759199036	0.0103802642778619	0.00938174759199036	0.0103802642778619	0.76	0.76	0.7591881864617328	0.7591881864617328	0.009513893761105252	0.009513893761105252	0.0	0.0	-0.0067632973194122	-0.0067632973194122	50.0	50	25.5
expanded_data	discourse_particle	4	just_j_1627	just	h	P_prime	own_context_log_prob_advantage_per_token	50	1	50.0	0.0014649336520800198	0.00168376749959475	0.0014649336520800198	0.00168376749959475	0.58	0.58	0.5673581403278624	0.5673581403278624	0.0015765855247386032	0.0015765855247386032	0.0	0.0	-0.0041144043207168	-0.0041144043207168	50.0	50	25.5
expanded_data	discourse_particle	5	just_e_4508	just	o	P	own_context_log_prob_advantage_per_token	50	1	50.0	0.10767531377436064	0.10805401107767121	0.10767531377436064	0.10805401107767121	0.9	0.9	0.9049165997891067	0.9049165997891067	0.11034862904589743	0.11034862904589743	0.0	0.0	-0.040452171255041	-0.040452171255041	50.0	50	25.62
expanded_data	discourse_particle	5	just_e_4508	just	o	P_prime	own_context_log_prob_advantage_per_token	50	1	50.0	0.14409769081932258	0.12374762630967232	0.14409769081932258	0.12374762630967232	0.84	0.84	0.8398943753652164	0.8398943753652164	0.13915704621510994	0.13915704621510994	1.0	1.0	0.2370264584367925	0.2370264584367925	50.0	50	25.86
expanded_data	discourse_particle	6	just_j_638	just	h	P	own_context_log_prob_advantage_per_token	50	1	50.0	0.032870941649487624	0.0214615253841175	0.032870941649487624	0.0214615253841175	0.76	0.76	0.7657891701255839	0.7657891701255839	0.03186166098417647	0.03186166098417647	0.0	0.0	-0.0087260477470629	-0.0087260477470629	50.0	50	26.2
expanded_data	discourse_particle	6	just_j_638	just	h	P_prime	own_context_log_prob_advantage_per_token	50	1	50.0	0.02180183961804646	0.01109002419244275	0.02180183961804646	0.01109002419244275	0.7	0.7	0.6930180889195032	0.6930180889195032	0.02036476587026783	0.02036476587026783	0.0	0.0	-0.0129201868001152	-0.0129201868001152	50.0	50	25.96
expanded_data	discourse_particle	7	just_e_5138	just	o	P	own_context_log_prob_advantage_per_token	50	1	50.0	0.02873457622349423	0.024936620939790752	0.02873457622349423	0.024936620939790752	0.78	0.78	0.7663247550015967	0.7663247550015967	0.028737674719845497	0.028737674719845497	1.0	1.0	0.1125031930428964	0.1125031930428964	50.0	50	25.5
expanded_data	discourse_particle	7	just_e_5138	just	o	P_prime	own_context_log_prob_advantage_per_token	50	1	50.0	0.025584141072423666	0.0185488747311876	0.025584141072423666	0.0185488747311876	0.76	0.76	0.7618087035566046	0.7618087035566046	0.02383692038973612	0.02383692038973612	1.0	1.0	0.0207217108119618	0.0207217108119618	50.0	50	25.5
expanded_data	discourse_particle	8	just_j_498	just	h	P	own_context_log_prob_advantage_per_token	50	1	50.0	0.013956333285374307	0.0046108079453309	0.013956333285374307	0.0046108079453309	0.54	0.54	0.5385430352666193	0.5385430352666193	0.013795821271774698	0.013795821271774698	0.0	0.0	-0.0119827426970005	-0.0119827426970005	50.0	50	27.76
expanded_data	discourse_particle	8	just_j_498	just	h	P_prime	own_context_log_prob_advantage_per_token	50	1	50.0	0.005457894356112864	0.0054110368092854	0.005457894356112864	0.0054110368092854	0.58	0.58	0.5810213372930575	0.5810213372930575	0.006015115511056945	0.006015115511056945	1.0	1.0	0.0351858632317904	0.0351858632317904	50.0	50	29.56
expanded_data	discourse_particle	9	just_j_7769	just	h	P	own_context_log_prob_advantage_per_token	50	1	50.0	0.01128071466130336	0.0119841830885928	0.01128071466130336	0.0119841830885928	0.78	0.78	0.7646370334220169	0.7646370334220169	0.010556850964148205	0.010556850964148205	1.0	1.0	0.01116344332695	0.01116344332695	50.0	50	25.5
expanded_data	discourse_particle	9	just_j_7769	just	h	P_prime	own_context_log_prob_advantage_per_token	50	1	50.0	0.009416832802080135	0.0073875870631665	0.009416832802080135	0.0073875870631665	0.8	0.8	0.8025979388850532	0.8025979388850532	0.009700613481075078	0.009700613481075078	1.0	1.0	0.0013199771036867	0.0013199771036867	50.0	50	25.5
expanded_data	discourse_particle	10	just_j_12718	just	h	P	own_context_log_prob_advantage_per_token	50	1	50.0	0.03341414502136381	0.01469340740417945	0.03341414502136381	0.01469340740417945	0.76	0.76	0.7630363375502823	0.7630363375502823	0.03559237428201238	0.03559237428201238	1.0	1.0	0.0151010727882385	0.0151010727882385	50.0	50	25.5
expanded_data	discourse_particle	10	just_j_12718	just	h	P_prime	own_context_log_prob_advantage_per_token	50	1	50.0	0.02155561213749552	0.0184734423585066	0.02155561213749552	0.0184734423585066	0.8	0.8	0.8027869998139007	0.8027869998139007	0.02224836549805838	0.02224836549805838	1.0	1.0	0.0346317291259765	0.0346317291259765	50.0	50	25.5
expanded_data	discourse_particle	11	just_j_8242	just	h	P	own_context_log_prob_advantage_per_token	50	1	50.0	0.0006839968397759499	0.00178991884425055	0.0006839968397759499	0.00178991884425055	0.54	0.54	0.5284555010726965	0.5284555010726965	0.0005326049315945837	0.0005326049315945837	1.0	1.0	0.0066954657651375	0.0066954657651375	50.0	50	25.5
expanded_data	discourse_particle	11	just_j_8242	just	h	P_prime	own_context_log_prob_advantage_per_token	50	1	50.0	0.001512153145605424	0.00052828374116315	0.001512153145605424	0.00052828374116315	0.56	0.56	0.5877064430423401	0.5877064430423401	0.002002123441501374	0.002002123441501374	1.0	1.0	0.0077280448033259	0.0077280448033259	50.0	50	25.5
expanded_data	discourse_particle	12	just_j_8890	just	h	P	own_context_log_prob_advantage_per_token	50	1	50.0	0.010507088814396064	0.008930435623878	0.010507088814396064	0.008930435623878	0.7	0.7	0.7287721133745549	0.7287721133745549	0.01212280270551893	0.01212280270551893	1.0	1.0	0.0345852303504944	0.0345852303504944	50.0	50	25.5
expanded_data	discourse_particle	12	just_j_8890	just	h	P_prime	own_context_log_prob_advantage_per_token	50	1	50.0	0.0031357467782486288	0.0042973924954395	0.0031357467782486288	0.0042973924954395	0.66	0.66	0.6648767762447206	0.6648767762447206	0.0035080326736394445	0.0035080326736394445	1.0	1.0	0.0086521835469487	0.0086521835469487	50.0	50	25.5
expanded_data	discourse_particle	13	just_j_10613	just	h	P	own_context_log_prob_advantage_per_token	50	1	50.0	0.000783124338261261	0.0034980900776691	0.000783124338261261	0.0034980900776691	0.58	0.58	0.5563506068186161	0.5563506068186161	0.00014981103936589175	0.00014981103936589175	1.0	1.0	0.0073591251122323	0.0073591251122323	50.0	50	25.5
expanded_data	discourse_particle	13	just_j_10613	just	h	P_prime	own_context_log_prob_advantage_per_token	50	1	50.0	0.002697265673974914	0.0014230081644007499	0.002697265673974914	0.0014230081644007499	0.56	0.56	0.5612875523455932	0.5612875523455932	0.0026320858864326492	0.0026320858864326492	1.0	1.0	0.0144276229234842	0.0144276229234842	50.0	50	25.6
expanded_data	discourse_particle	14	just_e_6323	just	o	P	own_context_log_prob_advantage_per_token	50	1	50.0	0.00400388644240688	0.0030923552731884	0.00400388644240688	0.0030923552731884	0.66	0.66	0.6733451287401966	0.6733451287401966	0.00397234752359468	0.00397234752359468	0.0	0.0	-0.0049011366707937	-0.0049011366707937	50.0	50	25.5
expanded_data	discourse_particle	14	just_e_6323	just	o	P_prime	own_context_log_prob_advantage_per_token	50	1	50.0	0.001166396349955926	0.00125764253194365	0.001166396349955926	0.00125764253194365	0.58	0.58	0.5661028610662817	0.5661028610662817	0.0009684786279157212	0.0009684786279157212	1.0	1.0	0.0035905800168476	0.0035905800168476	50.0	50	25.5
expanded_data	discourse_particle	15	just_j_4012	just	h	P	own_context_log_prob_advantage_per_token	50	1	50.0	0.009961224239013668	0.0069733599603394	0.009961224239013668	0.0069733599603394	0.7	0.7	0.7010553418954154	0.7010553418954154	0.009779823457209482	0.009779823457209482	1.0	1.0	0.0259315496267274	0.0259315496267274	50.0	50	25.5
expanded_data	discourse_particle	15	just_j_4012	just	h	P_prime	own_context_log_prob_advantage_per_token	50	1	50.0	0.004713089835384994	0.00312470617117705	0.004713089835384994	0.00312470617117705	0.58	0.58	0.5842206614863594	0.5842206614863594	0.004575656743507469	0.004575656743507469	1.0	1.0	0.0074276085253115	0.0074276085253115	50.0	50	25.5
expanded_data	discourse_particle	16	just_e_9268	just	o	P	own_context_log_prob_advantage_per_token	50	1	50.0	0.005072362460647933	0.0035068573925572	0.005072362460647933	0.0035068573925572	0.66	0.66	0.658400213631835	0.658400213631835	0.004902649116341327	0.004902649116341327	0.0	0.0	-0.0198514247551942	-0.0198514247551942	50.0	50	26.46
expanded_data	discourse_particle	16	just_e_9268	just	o	P_prime	own_context_log_prob_advantage_per_token	50	1	50.0	0.0028943642389306	0.0050108760710388	0.0028943642389306	0.0050108760710388	0.6	0.6	0.5959100204357024	0.5959100204357024	0.0026444087675988434	0.0026444087675988434	1.0	1.0	0.0077222527996186	0.0077222527996186	50.0	50	25.5
expanded_data	discourse_particle	17	just_j_788	just	h	P	own_context_log_prob_advantage_per_token	50	1	50.0	0.0028781172903212782	0.0021418099338112997	0.0028781172903212782	0.0021418099338112997	0.6	0.6	0.598883901847696	0.598883901847696	0.0028911322540443323	0.0028911322540443323	0.0	0.0	-0.0003595779526908	-0.0003595779526908	50.0	50	25.5
expanded_data	discourse_particle	17	just_j_788	just	h	P_prime	own_context_log_prob_advantage_per_token	50	1	50.0	0.001364043524590722	0.0003735812856478	0.001364043524590722	0.0003735812856478	0.52	0.52	0.5045221877689587	0.5045221877689587	0.001217695539488715	0.001217695539488715	0.0	0.0	-0.0072907112082656	-0.0072907112082656	50.0	50	25.5
expanded_data	discourse_particle	18	just_e_5758	just	o	P	own_context_log_prob_advantage_per_token	50	1	50.0	0.019344371373643865	0.01516247812322145	0.019344371373643865	0.01516247812322145	0.8	0.8	0.807677591319883	0.807677591319883	0.02050677667315737	0.02050677667315737	1.0	1.0	0.0030725797017414	0.0030725797017414	50.0	50	25.5
expanded_data	discourse_particle	18	just_e_5758	just	o	P_prime	own_context_log_prob_advantage_per_token	50	1	50.0	0.016376800476125466	0.017029840976764	0.016376800476125466	0.017029840976764	0.74	0.74	0.7654483033438855	0.7654483033438855	0.017458736183428337	0.017458736183428337	0.0	0.0	-0.0174366166626198	-0.0174366166626198	50.0	50	25.5
expanded_data	discourse_particle	19	just_j_7873	just	h	P	own_context_log_prob_advantage_per_token	50	1	50.0	0.01391764668198396	0.009290910103591999	0.01391764668198396	0.009290910103591999	0.72	0.72	0.7246118089019583	0.7246118089019583	0.014087599000726024	0.014087599000726024	1.0	1.0	0.0424093439959097	0.0424093439959097	50.0	50	25.5
expanded_data	discourse_particle	19	just_j_7873	just	h	P_prime	own_context_log_prob_advantage_per_token	50	1	50.0	0.015682311595592132	0.01292954922863165	0.015682311595592132	0.01292954922863165	0.72	0.72	0.6886203793645911	0.6886203793645911	0.014025082407177437	0.014025082407177437	0.0	0.0	-0.0052081424681866	-0.0052081424681866	50.0	50	25.5
expanded_data	discourse_particle	20	just_j_2141	just	h	P	own_context_log_prob_advantage_per_token	50	1	50.0	0.007021039428945433	0.0062107361626036	0.007021039428945433	0.0062107361626036	0.72	0.72	0.7205385880791004	0.7205385880791004	0.007066374378550867	0.007066374378550867	1.0	1.0	0.0251738812242235	0.0251738812242235	50.0	50	25.5
expanded_data	discourse_particle	20	just_j_2141	just	h	P_prime	own_context_log_prob_advantage_per_token	50	1	50.0	0.009092641831072059	0.0069576012360495	0.009092641831072059	0.0069576012360495	0.7	0.7	0.6940555153139454	0.6940555153139454	0.008585827196865159	0.008585827196865159	1.0	1.0	0.0182345588252229	0.0182345588252229	50.0	50	25.5
expanded_data	discourse_particle	21	just_j_5388	just	h	P	own_context_log_prob_advantage_per_token	50	1	50.0	0.0017483478562611654	0.00073923089166675	0.0017483478562611654	0.00073923089166675	0.58	0.58	0.5733966539958567	0.5733966539958567	0.0014942235277803123	0.0014942235277803123	0.0	0.0	-0.0015912297843159	-0.0015912297843159	50.0	50	25.5
expanded_data	discourse_particle	21	just_j_5388	just	h	P_prime	own_context_log_prob_advantage_per_token	50	1	50.0	0.0052676887589321675	0.0059526294901750005	0.0052676887589321675	0.0059526294901750005	0.64	0.64	0.65112337623924	0.65112337623924	0.00588412524685349	0.00588412524685349	1.0	1.0	0.0063618438831274	0.0063618438831274	50.0	50	25.5
expanded_data	discourse_particle	22	just_e_1001	just	o	P	own_context_log_prob_advantage_per_token	50	1	50.0	0.048706663846142	0.0357056671334791	0.048706663846142	0.0357056671334791	0.82	0.82	0.814434998143609	0.814434998143609	0.04460360126868853	0.04460360126868853	0.0	0.0	-0.0012315186587247	-0.0012315186587247	50.0	50	25.5
expanded_data	discourse_particle	22	just_e_1001	just	o	P_prime	own_context_log_prob_advantage_per_token	50	1	50.0	0.019060412311621488	0.01861289347338875	0.019060412311621488	0.01861289347338875	0.78	0.78	0.7920938979155931	0.7920938979155931	0.019475108390702534	0.019475108390702534	1.0	1.0	0.0042138807475566	0.0042138807475566	50.0	50	25.5
expanded_data	discourse_particle	23	just_e_9687	just	o	P	own_context_log_prob_advantage_per_token	50	1	50.0	0.0014354891910476363	0.0005669928307310499	0.0014354891910476363	0.0005669928307310499	0.5	0.5	0.5015845327210998	0.5015845327210998	0.0014928614899093699	0.0014928614899093699	1.0	1.0	0.0058874267118948	0.0058874267118948	50.0	50	25.5
expanded_data	discourse_particle	23	just_e_9687	just	o	P_prime	own_context_log_prob_advantage_per_token	50	1	50.0	0.001819856379825962	0.00074767188316815	0.001819856379825962	0.00074767188316815	0.52	0.52	0.5146670746293363	0.5146670746293363	0.0015969384792510254	0.0015969384792510254	1.0	1.0	0.0125928312540054	0.0125928312540054	50.0	50	25.5
expanded_data	discourse_particle	24	just_j_6768	just	h	P	own_context_log_prob_advantage_per_token	50	1	50.0	0.015471461498906006	0.008904084779214151	0.015471461498906006	0.008904084779214151	0.72	0.72	0.716374241542907	0.716374241542907	0.015290506863484626	0.015290506863484626	0.0	0.0	-0.0038130553263538	-0.0038130553263538	50.0	50	25.5
expanded_data	discourse_particle	24	just_j_6768	just	h	P_prime	own_context_log_prob_advantage_per_token	50	1	50.0	0.017698558487433923	0.015419232990844849	0.017698558487433923	0.015419232990844849	0.74	0.74	0.7479358865580491	0.7479358865580491	0.018146277145851774	0.018146277145851774	0.0	0.0	-0.0120504645050549	-0.0120504645050549	50.0	50	25.5
expanded_data	discourse_particle	25	just_j_12662	just	h	P	own_context_log_prob_advantage_per_token	50	1	50.0	0.06372479318289159	0.0673491896836312	0.06372479318289159	0.0673491896836312	0.84	0.84	0.8472839439547358	0.8472839439547358	0.06501197487148867	0.06501197487148867	1.0	1.0	0.0888200998306274	0.0888200998306274	50.0	50	25.5
expanded_data	discourse_particle	25	just_j_12662	just	h	P_prime	own_context_log_prob_advantage_per_token	50	1	50.0	0.07810030747912772	0.0766715464439798	0.07810030747912772	0.0766715464439798	0.88	0.88	0.8882644977810709	0.8882644977810709	0.07837020157142373	0.07837020157142373	1.0	1.0	0.1031482248771481	0.1031482248771481	50.0	50	25.5
expanded_data	discourse_particle	26	just_j_1461	just	h	P	own_context_log_prob_advantage_per_token	50	1	50.0	0.032086332015933396	0.029268220075733202	0.032086332015933396	0.029268220075733202	0.82	0.82	0.8191944497771875	0.8191944497771875	0.03222967165707348	0.03222967165707348	1.0	1.0	0.0035480241621693	0.0035480241621693	50.0	50	25.5
expanded_data	discourse_particle	26	just_j_1461	just	h	P_prime	own_context_log_prob_advantage_per_token	50	1	50.0	0.022557911040425246	0.02029398960932605	0.022557911040425246	0.02029398960932605	0.8	0.8	0.7981220007707635	0.7981220007707635	0.02267945950174694	0.02267945950174694	0.0	0.0	-0.0169747046061924	-0.0169747046061924	50.0	50	25.5
expanded_data	discourse_particle	27	just_j_10555	just	h	P	own_context_log_prob_advantage_per_token	50	1	50.0	0.00467962946294481	0.0051340135530783	0.00467962946294481	0.0051340135530783	0.66	0.66	0.6646063846451625	0.6646063846451625	0.004807945186737137	0.004807945186737137	1.0	1.0	0.0104416357843499	0.0104416357843499	50.0	50	25.5
expanded_data	discourse_particle	27	just_j_10555	just	h	P_prime	own_context_log_prob_advantage_per_token	50	1	50.0	-0.000904320003033057	-0.0029672111542719502	-0.000904320003033057	-0.0029672111542719502	0.36	0.36	0.34738168922814405	0.34738168922814405	-0.001303119086057585	-0.001303119086057585	0.0	0.0	-0.0139778801735411	-0.0139778801735411	50.0	50	25.5
expanded_data	discourse_particle	28	just_j_2164	just	h	P	own_context_log_prob_advantage_per_token	50	1	50.0	0.0034346432197582895	0.0024350890214892	0.0034346432197582895	0.0024350890214892	0.62	0.62	0.6276526854997778	0.6276526854997778	0.0033782140481137795	0.0033782140481137795	1.0	1.0	0.0140304359105917	0.0140304359105917	50.0	50	25.5
expanded_data	discourse_particle	28	just_j_2164	just	h	P_prime	own_context_log_prob_advantage_per_token	50	1	50.0	0.0025934553014487337	0.0029132036380392	0.0025934553014487337	0.0029132036380392	0.6	0.6	0.5793943070179567	0.5793943070179567	0.0021330732011049917	0.0021330732011049917	1.0	1.0	0.0233520286670629	0.0233520286670629	50.0	50	25.5
expanded_data	discourse_particle	29	just_j_8011	just	h	P	own_context_log_prob_advantage_per_token	50	1	50.0	0.003396122592427372	-0.001913797476935	0.003396122592427372	-0.001913797476935	0.48	0.48	0.4560044962405423	0.4560044962405423	0.0021791985721379414	0.0021791985721379414	0.0	0.0	-0.0186208512472069	-0.0186208512472069	50.0	50	25.5
expanded_data	discourse_particle	29	just_j_8011	just	h	P_prime	own_context_log_prob_advantage_per_token	50	1	50.0	0.002654230509333706	0.00268822498776295	0.002654230509333706	0.00268822498776295	0.58	0.58	0.5754589171801042	0.5754589171801042	0.0027637677322417597	0.0027637677322417597	1.0	1.0	0.0015572832851875	0.0015572832851875	50.0	50	25.5
expanded_data	discourse_particle	30	just_e_3966	just	o	P	own_context_log_prob_advantage_per_token	50	1	50.0	0.024326346961239444	0.02333980712337765	0.024326346961239444	0.02333980712337765	0.88	0.88	0.8866133167357331	0.8866133167357331	0.025640689790230355	0.025640689790230355	1.0	1.0	0.0027878447012467	0.0027878447012467	50.0	50	25.5
expanded_data	discourse_particle	30	just_e_3966	just	o	P_prime	own_context_log_prob_advantage_per_token	50	1	50.0	0.021152625938986792	0.013773393854421199	0.021152625938986792	0.013773393854421199	0.62	0.62	0.6270963843193336	0.6270963843193336	0.022591010036062877	0.022591010036062877	1.0	1.0	0.0725807727769364	0.0725807727769364	50.0	50	25.5
expanded_data	discourse_particle	31	just_j_2438	just	h	P	own_context_log_prob_advantage_per_token	50	1	50.0	0.03290438370202813	0.029767842995841898	0.03290438370202813	0.029767842995841898	0.82	0.82	0.8038210100261969	0.8038210100261969	0.031537035704092775	0.031537035704092775	1.0	1.0	0.0478251303656627	0.0478251303656627	50.0	50	25.5
expanded_data	discourse_particle	31	just_j_2438	just	h	P_prime	own_context_log_prob_advantage_per_token	50	1	50.0	-0.005766950658907231	0.00466331467032425	-0.005766950658907231	0.00466331467032425	0.6	0.6	0.6029215911546536	0.6029215911546536	-0.005006980851893864	-0.005006980851893864	0.0	0.0	-0.038095938531976	-0.038095938531976	50.0	50	25.5
expanded_data	discourse_particle	32	just_e_1907	just	o	P	own_context_log_prob_advantage_per_token	50	1	50.0	0.000629993065466908	0.0019480943299136	0.000629993065466908	0.0019480943299136	0.6	0.6	0.6030152725224465	0.6030152725224465	0.0007027099600681825	0.0007027099600681825	1.0	1.0	0.0064584967018901	0.0064584967018901	50.0	50	25.5
expanded_data	discourse_particle	32	just_e_1907	just	o	P_prime	own_context_log_prob_advantage_per_token	50	1	50.0	0.002883212614218372	0.0013004471426424	0.002883212614218372	0.0013004471426424	0.6	0.6	0.5830200912032654	0.5830200912032654	0.002803155287439709	0.002803155287439709	1.0	1.0	0.0055491657399419	0.0055491657399419	50.0	50	25.5
expanded_data	discourse_particle	33	just_e_2717	just	o	P	own_context_log_prob_advantage_per_token	50	1	50.0	0.023659207513469872	0.01728598802928385	0.023659207513469872	0.01728598802928385	0.74	0.74	0.7371317475907923	0.7371317475907923	0.022119006130750556	0.022119006130750556	0.0	0.0	-0.0046164200856135	-0.0046164200856135	50.0	50	25.5
expanded_data	discourse_particle	33	just_e_2717	just	o	P_prime	own_context_log_prob_advantage_per_token	50	1	50.0	0.017669449479885427	0.0156040287443569	0.017669449479885427	0.0156040287443569	0.86	0.86	0.860053059868249	0.860053059868249	0.017784806594773165	0.017784806594773165	1.0	1.0	0.0081850635832634	0.0081850635832634	50.0	50	25.5
expanded_data	discourse_particle	34	just_j_4722	just	h	P	own_context_log_prob_advantage_per_token	50	1	50.0	0.00104691840289939	0.00133484988300885	0.00104691840289939	0.00133484988300885	0.58	0.58	0.5803911922145695	0.5803911922145695	0.0009806109678247765	0.0009806109678247765	1.0	1.0	0.0046015495949603	0.0046015495949603	50.0	50	27.68
expanded_data	discourse_particle	34	just_j_4722	just	h	P_prime	own_context_log_prob_advantage_per_token	50	1	50.0	0.006636727455146291	0.0063698888684797506	0.006636727455146291	0.0063698888684797506	0.64	0.64	0.6328469151499543	0.6328469151499543	0.006515013365473371	0.006515013365473371	0.0	0.0	-0.0085593965318467	-0.0085593965318467	50.0	50	25.78
expanded_data	discourse_particle	35	just_j_8362	just	h	P	own_context_log_prob_advantage_per_token	50	1	50.0	0.12817147416687624	0.1385420059969588	0.12817147416687624	0.1385420059969588	0.96	0.96	0.9685473613626093	0.9685473613626093	0.1309952782821942	0.1309952782821942	1.0	1.0	0.285999898817025	0.285999898817025	50.0	50	25.5
expanded_data	discourse_particle	35	just_j_8362	just	h	P_prime	own_context_log_prob_advantage_per_token	50	1	50.0	0.1988059641381964	0.17349952691131165	0.1988059641381964	0.17349952691131165	1.0	1.0	1.0	1.0	0.19433942917679634	0.19433942917679634	1.0	1.0	0.3635539272998241	0.3635539272998241	50.0	50	25.5
expanded_data	discourse_particle	36	just_j_8556	just	h	P	own_context_log_prob_advantage_per_token	50	1	50.0	0.04109002622327812	0.04175147064354105	0.04109002622327812	0.04175147064354105	0.98	0.98	0.9857619121117654	0.9857619121117654	0.04259547705777521	0.04259547705777521	1.0	1.0	0.0455998123669233	0.0455998123669233	50.0	50	25.5
expanded_data	discourse_particle	36	just_j_8556	just	h	P_prime	own_context_log_prob_advantage_per_token	50	1	50.0	0.03762863621720848	0.0282660621522985	0.03762863621720848	0.0282660621522985	0.76	0.76	0.7576936367741245	0.7576936367741245	0.036781792956589274	0.036781792956589274	1.0	1.0	0.1124824216400367	0.1124824216400367	50.0	50	25.5
expanded_data	discourse_particle	37	just_e_569	just	o	P	own_context_log_prob_advantage_per_token	50	1	50.0	0.03370257094381297	0.032318016201334704	0.03370257094381297	0.032318016201334704	0.86	0.86	0.8570354870761128	0.8570354870761128	0.032945452721371914	0.032945452721371914	0.0	0.0	-0.0128243081271648	-0.0128243081271648	50.0	50	25.68
expanded_data	discourse_particle	37	just_e_569	just	o	P_prime	own_context_log_prob_advantage_per_token	50	1	50.0	0.03129605309359075	0.033371603710363504	0.03129605309359075	0.033371603710363504	0.78	0.78	0.7793815028840702	0.7793815028840702	0.03113977610232551	0.03113977610232551	1.0	1.0	0.0319164955254757	0.0319164955254757	50.0	50	25.5
expanded_data	discourse_particle	38	just_e_1043	just	o	P	own_context_log_prob_advantage_per_token	50	1	50.0	0.06329408479885823	0.0647245301123784	0.06329408479885823	0.0647245301123784	0.98	0.98	0.9805759438586458	0.9805759438586458	0.0629961951860121	0.0629961951860121	1.0	1.0	0.1466956837423916	0.1466956837423916	50.0	50	25.5
expanded_data	discourse_particle	38	just_e_1043	just	o	P_prime	own_context_log_prob_advantage_per_token	50	1	50.0	0.08676631972567439	0.08206975504967334	0.08676631972567439	0.08206975504967334	0.88	0.88	0.8791272269789515	0.8791272269789515	0.08580377568018593	0.08580377568018593	1.0	1.0	0.1051785548528035	0.1051785548528035	50.0	50	25.5
expanded_data	discourse_particle	39	just_e_1246	just	o	P	own_context_log_prob_advantage_per_token	50	1	50.0	0.07499399865289566	0.08355339444600615	0.07499399865289566	0.08355339444600615	0.86	0.86	0.8573927958193193	0.8573927958193193	0.07294944507601131	0.07294944507601131	1.0	1.0	0.0602308825442665	0.0602308825442665	50.0	50	26.94
expanded_data	discourse_particle	39	just_e_1246	just	o	P_prime	own_context_log_prob_advantage_per_token	50	1	50.0	0.05436285816793748	0.0489061697635775	0.05436285816793748	0.0489061697635775	0.9	0.9	0.9056721831576309	0.9056721831576309	0.054520964227014974	0.054520964227014974	1.0	1.0	0.0693578509723439	0.0693578509723439	50.0	50	38.26
expanded_data	discourse_particle	40	just_j_7614	just	h	P	own_context_log_prob_advantage_per_token	50	1	50.0	0.02610440627490134	0.02455151348541945	0.02610440627490134	0.02455151348541945	0.78	0.78	0.780584412440475	0.780584412440475	0.026361940932904195	0.026361940932904195	0.0	0.0	-0.0110925954321157	-0.0110925954321157	50.0	50	25.5
expanded_data	discourse_particle	40	just_j_7614	just	h	P_prime	own_context_log_prob_advantage_per_token	50	1	50.0	0.014932023818419671	0.0193625945670931	0.014932023818419671	0.0193625945670931	0.6	0.6	0.5979432518711036	0.5979432518711036	0.014707550696048722	0.014707550696048722	1.0	1.0	0.0644281655550003	0.0644281655550003	50.0	50	25.5
expanded_data	discourse_particle	41	just_e_2612	just	o	P	own_context_log_prob_advantage_per_token	50	1	50.0	0.03627344245334893	0.040412742274678545	0.03627344245334893	0.040412742274678545	0.76	0.76	0.7420311678852253	0.7420311678852253	0.03443946263189713	0.03443946263189713	1.0	1.0	0.0134424593137657	0.0134424593137657	50.0	50	27.14
expanded_data	discourse_particle	41	just_e_2612	just	o	P_prime	own_context_log_prob_advantage_per_token	50	1	50.0	0.048566210466558506	0.044492412071961654	0.048566210466558506	0.044492412071961654	0.88	0.88	0.8809085059004179	0.8809085059004179	0.0475478886146034	0.0475478886146034	1.0	1.0	0.0800357496037202	0.0800357496037202	50.0	50	32.9
expanded_data	discourse_particle	42	just_e_4966	just	o	P	own_context_log_prob_advantage_per_token	50	1	50.0	0.07823805781774111	0.07339122965251915	0.07823805781774111	0.07339122965251915	0.9	0.9	0.9078209873402098	0.9078209873402098	0.07982770985736454	0.07982770985736454	1.0	1.0	0.116889238357544	0.116889238357544	50.0	50	25.5
expanded_data	discourse_particle	42	just_e_4966	just	o	P_prime	own_context_log_prob_advantage_per_token	50	1	50.0	0.0574974438644006	0.043187404027232854	0.0574974438644006	0.043187404027232854	0.84	0.84	0.8336458723858854	0.8336458723858854	0.054498653031459544	0.054498653031459544	1.0	1.0	0.0379787172589983	0.0379787172589983	50.0	50	25.58
expanded_data	discourse_particle	43	just_e_2762	just	o	P	own_context_log_prob_advantage_per_token	50	1	50.0	0.06656143775098242	0.07142358494667425	0.06656143775098242	0.07142358494667425	0.86	0.86	0.8627064750490939	0.8627064750490939	0.06616493491931486	0.06616493491931486	1.0	1.0	0.1389797846476237	0.1389797846476237	50.0	50	29.8
expanded_data	discourse_particle	43	just_e_2762	just	o	P_prime	own_context_log_prob_advantage_per_token	50	1	50.0	0.09213096547261712	0.0845794364025718	0.09213096547261712	0.0845794364025718	0.78	0.78	0.7652876578739063	0.7652876578739063	0.08725145937650497	0.08725145937650497	1.0	1.0	0.0244681274189668	0.0244681274189668	50.0	50	25.5
expanded_data	discourse_particle	44	just_e_472	just	o	P	own_context_log_prob_advantage_per_token	50	1	50.0	0.012118228930289365	0.01378332056782455	0.012118228930289365	0.01378332056782455	0.76	0.76	0.7671888916944001	0.7671888916944001	0.012018180493841693	0.012018180493841693	1.0	1.0	0.0320876899518464	0.0320876899518464	50.0	50	25.5
expanded_data	discourse_particle	44	just_e_472	just	o	P_prime	own_context_log_prob_advantage_per_token	50	1	50.0	0.011890592016890626	0.0084394102400921	0.011890592016890626	0.0084394102400921	0.74	0.74	0.7414687304977386	0.7414687304977386	0.01226799640516165	0.01226799640516165	1.0	1.0	0.0101172165437177	0.0101172165437177	50.0	50	25.5
expanded_data	discourse_particle	45	just_e_1267	just	o	P	own_context_log_prob_advantage_per_token	50	1	50.0	0.0295688181009058	0.0354635105704382	0.0295688181009058	0.0354635105704382	0.84	0.84	0.8455188652099953	0.8455188652099953	0.02990944359667609	0.02990944359667609	1.0	1.0	0.0646937489509582	0.0646937489509582	50.0	50	25.5
expanded_data	discourse_particle	45	just_e_1267	just	o	P_prime	own_context_log_prob_advantage_per_token	50	1	50.0	0.030037371091198337	0.026177066337946253	0.030037371091198337	0.026177066337946253	0.82	0.82	0.8227285335419455	0.8227285335419455	0.030133788249391825	0.030133788249391825	1.0	1.0	0.027446080062349	0.027446080062349	50.0	50	25.82
expanded_data	discourse_particle	46	just_e_9397	just	o	P	own_context_log_prob_advantage_per_token	50	1	50.0	0.024169774855465374	0.0182385023403544	0.024169774855465374	0.0182385023403544	0.86	0.86	0.8841501026358441	0.8841501026358441	0.02510508117365379	0.02510508117365379	1.0	1.0	0.1214604158790744	0.1214604158790744	50.0	50	25.5
expanded_data	discourse_particle	46	just_e_9397	just	o	P_prime	own_context_log_prob_advantage_per_token	50	1	50.0	0.013193975721206085	0.00747077694970485	0.013193975721206085	0.00747077694970485	0.64	0.64	0.6029864804607131	0.6029864804607131	0.010659821740981087	0.010659821740981087	0.0	0.0	-0.0095643195612677	-0.0095643195612677	50.0	50	25.5
expanded_data	discourse_particle	47	just_e_6664	just	o	P	own_context_log_prob_advantage_per_token	50	1	50.0	0.019066985345340338	0.0077399100781803	0.019066985345340338	0.0077399100781803	0.66	0.66	0.6540562794774304	0.6540562794774304	0.017990970585858933	0.017990970585858933	0.0	0.0	-0.0014194906621739	-0.0014194906621739	50.0	50	25.5
expanded_data	discourse_particle	47	just_e_6664	just	o	P_prime	own_context_log_prob_advantage_per_token	50	1	50.0	0.009931581042102977	0.01087762393813195	0.009931581042102977	0.01087762393813195	0.76	0.76	0.7505851757735216	0.7505851757735216	0.009213185016144284	0.009213185016144284	1.0	1.0	0.0219859309115652	0.0219859309115652	50.0	50	25.5
expanded_data	discourse_particle	48	just_e_976	just	o	P	own_context_log_prob_advantage_per_token	50	1	50.0	0.11489607030584967	0.0927594336303504	0.11489607030584967	0.0927594336303504	0.96	0.96	0.9704593614362509	0.9704593614362509	0.10757222466634922	0.10757222466634922	1.0	1.0	0.0111525522338019	0.0111525522338019	50.0	50	26.04
expanded_data	discourse_particle	48	just_e_976	just	o	P_prime	own_context_log_prob_advantage_per_token	50	1	50.0	0.119064236851064	0.0855866704474796	0.119064236851064	0.0855866704474796	0.82	0.82	0.802915864546472	0.802915864546472	0.10502407860131435	0.10502407860131435	0.0	0.0	-0.0649541544191765	-0.0649541544191765	50.0	50	29.22
expanded_data	discourse_particle	49	just_e_9416	just	o	P	own_context_log_prob_advantage_per_token	50	1	50.0	0.04490328955331774	0.0432417795755142	0.04490328955331774	0.0432417795755142	0.92	0.92	0.9192262630921484	0.9192262630921484	0.04553796983805758	0.04553796983805758	1.0	1.0	0.0240568363148233	0.0240568363148233	50.0	50	25.5
expanded_data	discourse_particle	49	just_e_9416	just	o	P_prime	own_context_log_prob_advantage_per_token	50	1	50.0	0.048734989282764915	0.039484866888694445	0.048734989282764915	0.039484866888694445	0.86	0.86	0.8584886724208775	0.8584886724208775	0.047176049523989086	0.047176049523989086	1.0	1.0	0.0264685782519253	0.0264685782519253	50.0	50	25.5
expanded_data	discourse_particle	50	just_e_12686	just	o	P	own_context_log_prob_advantage_per_token	50	1	50.0	0.017036574055068563	0.0094691360990206	0.017036574055068563	0.0094691360990206	0.68	0.68	0.6677501476583027	0.6677501476583027	0.015419526995381313	0.015419526995381313	1.0	1.0	0.0162359167028356	0.0162359167028356	50.0	50	26.3
expanded_data	discourse_particle	50	just_e_12686	just	o	P_prime	own_context_log_prob_advantage_per_token	50	1	50.0	0.004039753510588127	0.00188518265677445	0.004039753510588127	0.00188518265677445	0.56	0.56	0.5716342496184835	0.5716342496184835	0.0052092048417308945	0.0052092048417308945	1.0	1.0	0.0158916567933971	0.0158916567933971	50.0	50	25.5
expanded_data	discourse_particle	51	just_j_2401	just	h	P	own_context_log_prob_advantage_per_token	50	1	50.0	0.028693513350986005	0.025611584133357	0.028693513350986005	0.025611584133357	0.76	0.76	0.7718787906557764	0.7718787906557764	0.029393794261487825	0.029393794261487825	1.0	1.0	0.0052102633884975	0.0052102633884975	50.0	50	25.5
expanded_data	discourse_particle	51	just_j_2401	just	h	P_prime	own_context_log_prob_advantage_per_token	50	1	50.0	0.02463385268455491	0.016027740069798	0.02463385268455491	0.016027740069798	0.7	0.7	0.6990541322550949	0.6990541322550949	0.024376684153696683	0.024376684153696683	1.0	1.0	0.0314068480541831	0.0314068480541831	50.0	50	25.5
expanded_data	discourse_particle	52	just_e_11908	just	o	P	own_context_log_prob_advantage_per_token	50	1	50.0	0.04298235261312237	0.0238168604480914	0.04298235261312237	0.0238168604480914	0.8	0.8	0.7948226600402541	0.7948226600402541	0.038584095183279155	0.038584095183279155	0.0	0.0	-0.0251406828562418	-0.0251406828562418	50.0	50	25.5
expanded_data	discourse_particle	52	just_e_11908	just	o	P_prime	own_context_log_prob_advantage_per_token	50	1	50.0	0.03687818929875054	0.03617005420069315	0.03687818929875054	0.03617005420069315	0.82	0.82	0.8283947618289688	0.8283947618289688	0.03706699490200464	0.03706699490200464	1.0	1.0	0.0484003644240529	0.0484003644240529	50.0	50	25.5
expanded_data	discourse_particle	53	just_e_4632	just	o	P	own_context_log_prob_advantage_per_token	50	1	50.0	0.009297332908263237	0.00630649770943915	0.009297332908263237	0.00630649770943915	0.76	0.76	0.7429793649212252	0.7429793649212252	0.008575916450345049	0.008575916450345049	1.0	1.0	0.0066427159309387	0.0066427159309387	50.0	50	25.5
expanded_data	discourse_particle	53	just_e_4632	just	o	P_prime	own_context_log_prob_advantage_per_token	50	1	50.0	0.004119707611377218	0.00492986577704785	0.004119707611377218	0.00492986577704785	0.66	0.66	0.6522163280659116	0.6522163280659116	0.003914854795945867	0.003914854795945867	1.0	1.0	0.0084215537557061	0.0084215537557061	50.0	50	25.5
expanded_data	discourse_particle	54	just_j_2522	just	h	P	own_context_log_prob_advantage_per_token	50	1	50.0	0.02423074638712824	0.02140270939895085	0.02423074638712824	0.02140270939895085	0.78	0.78	0.7667281448957795	0.7667281448957795	0.0234825406619774	0.0234825406619774	0.0	0.0	-0.0216952481053092	-0.0216952481053092	50.0	50	25.5
expanded_data	discourse_particle	54	just_j_2522	just	h	P_prime	own_context_log_prob_advantage_per_token	50	1	50.0	0.028381778799834185	0.02727807730587945	0.028381778799834185	0.02727807730587945	0.9	0.9	0.9097886654879835	0.9097886654879835	0.02924333744758518	0.02924333744758518	1.0	1.0	0.015123615139409	0.015123615139409	50.0	50	25.5
expanded_data	discourse_particle	55	just_e_5739	just	o	P	own_context_log_prob_advantage_per_token	50	1	50.0	0.00263513022565065	0.0038202368154488	0.00263513022565065	0.0038202368154488	0.56	0.56	0.5604001702706486	0.5604001702706486	0.00251371160156272	0.00251371160156272	1.0	1.0	0.0125511154051749	0.0125511154051749	50.0	50	28.76
expanded_data	discourse_particle	55	just_e_5739	just	o	P_prime	own_context_log_prob_advantage_per_token	50	1	50.0	0.0048261888356025615	0.0020243552598086002	0.0048261888356025615	0.0020243552598086002	0.52	0.52	0.5195270856353362	0.5195270856353362	0.00476366041962042	0.00476366041962042	1.0	1.0	0.0254603468853494	0.0254603468853494	50.0	50	29.54
expanded_data	discourse_particle	56	just_e_7244	just	o	P	own_context_log_prob_advantage_per_token	50	1	50.0	0.022248777072276894	0.02443712172300915	0.022248777072276894	0.02443712172300915	0.8	0.8	0.8023152306931967	0.8023152306931967	0.02238434561299816	0.02238434561299816	1.0	1.0	0.0206012536178935	0.0206012536178935	50.0	50	26.86
expanded_data	discourse_particle	56	just_e_7244	just	o	P_prime	own_context_log_prob_advantage_per_token	50	1	50.0	0.03865715129021343	0.0241853166317594	0.03865715129021343	0.0241853166317594	0.7	0.7	0.7033803601158524	0.7033803601158524	0.03825833781004963	0.03825833781004963	1.0	1.0	0.0021937270959218	0.0021937270959218	50.0	50	28.72
expanded_data	discourse_particle	57	just_j_11362	just	h	P	own_context_log_prob_advantage_per_token	50	1	50.0	0.029390461582697487	0.029261111550860898	0.029390461582697487	0.029261111550860898	0.74	0.74	0.7365907276899402	0.7365907276899402	0.028543496418909985	0.028543496418909985	1.0	1.0	0.0715033794516947	0.0715033794516947	50.0	50	26.36
expanded_data	discourse_particle	57	just_j_11362	just	h	P_prime	own_context_log_prob_advantage_per_token	50	1	50.0	0.045383753713413896	0.04550920448441435	0.045383753713413896	0.04550920448441435	0.94	0.94	0.9406896128716202	0.9406896128716202	0.04543274808935488	0.04543274808935488	1.0	1.0	0.0705451497009822	0.0705451497009822	50.0	50	27.54
expanded_data	discourse_particle	58	just_j_8648	just	h	P	own_context_log_prob_advantage_per_token	50	1	50.0	0.00256422120637817	0.00181451595656365	0.00256422120637817	0.00181451595656365	0.6	0.6	0.5945800432170038	0.5945800432170038	0.002911139149386933	0.002911139149386933	1.0	1.0	0.0185756723759538	0.0185756723759538	50.0	50	25.5
expanded_data	discourse_particle	58	just_j_8648	just	h	P_prime	own_context_log_prob_advantage_per_token	50	1	50.0	0.004211136597944428	0.00434886373171755	0.004211136597944428	0.00434886373171755	0.62	0.62	0.6211755825737284	0.6211755825737284	0.004175069468042734	0.004175069468042734	1.0	1.0	0.0069131876031557	0.0069131876031557	50.0	50	25.5
expanded_data	discourse_particle	59	just_e_5473	just	o	P	own_context_log_prob_advantage_per_token	50	1	50.0	0.031911732147685126	0.026511825255627848	0.031911732147685126	0.026511825255627848	0.84	0.84	0.8360813969786578	0.8360813969786578	0.03133176655880632	0.03133176655880632	1.0	1.0	0.1266760670620461	0.1266760670620461	50.0	50	25.5
expanded_data	discourse_particle	59	just_e_5473	just	o	P_prime	own_context_log_prob_advantage_per_token	50	1	50.0	0.018396059683014495	0.0217386085908491	0.018396059683014495	0.0217386085908491	0.66	0.66	0.673731240212074	0.673731240212074	0.018641002937877585	0.018641002937877585	0.0	0.0	-0.0373874710452172	-0.0373874710452172	50.0	50	26.1
expanded_data	discourse_particle	60	only_315	only	h	P	own_context_log_prob_advantage_per_token	50	1	50.0	0.13396025236636377	0.15264971592227944	0.13396025236636377	0.15264971592227944	0.86	0.86	0.8713279591582305	0.8713279591582305	0.1406542108224154	0.1406542108224154	1.0	1.0	0.1572633114728061	0.1572633114728061	50.0	50	25.9
expanded_data	discourse_particle	60	only_315	only	h	P_prime	own_context_log_prob_advantage_per_token	50	1	50.0	0.10793732847492059	0.0812914716570001	0.10793732847492059	0.0812914716570001	0.88	0.88	0.8887786285279035	0.8887786285279035	0.11119235234263715	0.11119235234263715	1.0	1.0	0.1522730588912964	0.1522730588912964	50.0	50	28.86
expanded_data	discourse_particle	61	only_491	only	h	P	own_context_log_prob_advantage_per_token	50	1	50.0	0.0035473472956956765	0.00449939510401555	0.0035473472956956765	0.00449939510401555	0.62	0.62	0.6246835564192298	0.6246835564192298	0.003935485644919021	0.003935485644919021	1.0	1.0	0.0194945647602989	0.0194945647602989	50.0	50	28.62
expanded_data	discourse_particle	61	only_491	only	h	P_prime	own_context_log_prob_advantage_per_token	50	1	50.0	0.003953388983807214	0.0037601601767849	0.003953388983807214	0.0037601601767849	0.56	0.56	0.5473504543889702	0.5473504543889702	0.003270954118778017	0.003270954118778017	0.0	0.0	-0.0129594355821609	-0.0129594355821609	50.0	50	26.9
expanded_data	discourse_particle	62	only_501	only	h	P	own_context_log_prob_advantage_per_token	50	1	50.0	0.007180545634996747	0.007502333682334449	0.007180545634996747	0.007502333682334449	0.88	0.88	0.8728774488298778	0.8728774488298778	0.007215208404723976	0.007215208404723976	1.0	1.0	0.0117954447649526	0.0117954447649526	50.0	50	25.5
expanded_data	discourse_particle	62	only_501	only	h	P_prime	own_context_log_prob_advantage_per_token	50	1	50.0	-0.00034579905989214234	-0.00243642969407895	-0.00034579905989214234	-0.00243642969407895	0.34	0.34	0.30398660465261407	0.30398660465261407	-0.0012488053504502176	-0.0012488053504502176	0.0	0.0	-0.0080560808596403	-0.0080560808596403	50.0	50	25.5
expanded_data	discourse_particle	63	only_649	only	h	P	own_context_log_prob_advantage_per_token	50	1	50.0	0.005219942006649736	0.0040291239777636	0.005219942006649736	0.0040291239777636	0.64	0.64	0.626250250427221	0.626250250427221	0.005210362582694879	0.005210362582694879	1.0	1.0	0.0014779809862375	0.0014779809862375	50.0	50	25.5
expanded_data	discourse_particle	63	only_649	only	h	P_prime	own_context_log_prob_advantage_per_token	50	1	50.0	0.004332874508271303	0.0039394032958002	0.004332874508271303	0.0039394032958002	0.72	0.72	0.7471733849045503	0.7471733849045503	0.004761127852129338	0.004761127852129338	1.0	1.0	0.024776720288974	0.024776720288974	50.0	50	25.5
expanded_data	discourse_particle	64	only_660	only	h	P	own_context_log_prob_advantage_per_token	50	1	50.0	0.022815473457933638	0.025154491988095398	0.022815473457933638	0.025154491988095398	0.82	0.82	0.8164636585841792	0.8164636585841792	0.021715813442870106	0.021715813442870106	1.0	1.0	0.0508382817109426	0.0508382817109426	50.0	50	25.5
expanded_data	discourse_particle	64	only_660	only	h	P_prime	own_context_log_prob_advantage_per_token	50	1	50.0	0.017370741300598735	0.01225050074466755	0.017370741300598735	0.01225050074466755	0.74	0.74	0.748363300704715	0.748363300704715	0.018513918295805776	0.018513918295805776	0.0	0.0	-0.0067341945789478	-0.0067341945789478	50.0	50	25.5
expanded_data	discourse_particle	65	only_687	only	h	P	own_context_log_prob_advantage_per_token	50	1	50.0	0.011135937000607683	0.0098685345998624	0.011135937000607683	0.0098685345998624	0.66	0.66	0.6726552269046233	0.6726552269046233	0.01216432921301611	0.01216432921301611	1.0	1.0	0.0097739144069392	0.0097739144069392	50.0	50	26.42
expanded_data	discourse_particle	65	only_687	only	h	P_prime	own_context_log_prob_advantage_per_token	50	1	50.0	0.015674860893160232	0.0059263200714038	0.015674860893160232	0.0059263200714038	0.62	0.62	0.6165159357951874	0.6165159357951874	0.0160643061804454	0.0160643061804454	0.0	0.0	-0.0097971248626708	-0.0097971248626708	50.0	50	26.14
expanded_data	discourse_particle	66	only_745	only	h	P	own_context_log_prob_advantage_per_token	50	1	50.0	0.0041352632449692	0.00358912973970795	0.0041352632449692	0.00358912973970795	0.68	0.68	0.6670301718919487	0.6670301718919487	0.0038488856889895904	0.0038488856889895904	0.0	0.0	-0.0016494384710339	-0.0016494384710339	50.0	50	25.5
expanded_data	discourse_particle	66	only_745	only	h	P_prime	own_context_log_prob_advantage_per_token	50	1	50.0	0.0028074823786319136	0.00143834108840875	0.0028074823786319136	0.00143834108840875	0.66	0.66	0.6580371490619181	0.6580371490619181	0.002680028585709596	0.002680028585709596	0.0	0.0	-0.0069376121867786	-0.0069376121867786	50.0	50	25.5
expanded_data	discourse_particle	67	only_794	only	h	P	own_context_log_prob_advantage_per_token	50	1	50.0	0.012661166413945348	0.0106345835960272	0.012661166413945348	0.0106345835960272	0.72	0.72	0.735108650323486	0.735108650323486	0.01413153908081446	0.01413153908081446	1.0	1.0	0.0123430645984152	0.0123430645984152	50.0	50	25.98
expanded_data	discourse_particle	67	only_794	only	h	P_prime	own_context_log_prob_advantage_per_token	50	1	50.0	0.014270505078617785	0.0043799688569508	0.014270505078617785	0.0043799688569508	0.6	0.6	0.579875677790689	0.579875677790689	0.014160614080192178	0.014160614080192178	0.0	0.0	-0.0063719559406888	-0.0063719559406888	50.0	50	25.52
expanded_data	discourse_particle	68	only_965	only	h	P	own_context_log_prob_advantage_per_token	50	1	50.0	0.020277034912788126	0.01583323820777555	0.020277034912788126	0.01583323820777555	0.86	0.86	0.8857323995744162	0.8857323995744162	0.021922124627392386	0.021922124627392386	0.0	0.0	-0.0609202698657387	-0.0609202698657387	50.0	50	47.0
expanded_data	discourse_particle	68	only_965	only	h	P_prime	own_context_log_prob_advantage_per_token	50	1	50.0	0.018109391148226836	-0.00385908137668255	0.018109391148226836	-0.00385908137668255	0.48	0.48	0.44877454555076424	0.44877454555076424	0.015889047309650718	0.015889047309650718	0.0	0.0	-0.0164166526360945	-0.0164166526360945	50.0	50	33.88
expanded_data	discourse_particle	69	only_966	only	h	P	own_context_log_prob_advantage_per_token	50	1	50.0	0.0034215184208439913	0.0005917099389163	0.0034215184208439913	0.0005917099389163	0.54	0.54	0.5279665306291097	0.5279665306291097	0.002895200060654113	0.002895200060654113	0.0	0.0	-0.0078838810776219	-0.0078838810776219	50.0	50	26.1
expanded_data	discourse_particle	69	only_966	only	h	P_prime	own_context_log_prob_advantage_per_token	50	1	50.0	-0.002808201406958284	-0.00405041579913365	-0.002808201406958284	-0.00405041579913365	0.46	0.46	0.46595957820468625	0.46595957820468625	-0.00234730137577389	-0.00234730137577389	1.0	1.0	0.010049469769001	0.010049469769001	50.0	50	30.74
expanded_data	discourse_particle	70	only_1038	only	h	P	own_context_log_prob_advantage_per_token	50	1	50.0	0.23908365145343363	0.18374698609113685	0.23908365145343363	0.18374698609113685	0.88	0.88	0.8767306704276582	0.8767306704276582	0.23773949328412775	0.23773949328412775	1.0	1.0	0.351917747295264	0.351917747295264	50.0	50	25.5
expanded_data	discourse_particle	70	only_1038	only	h	P_prime	own_context_log_prob_advantage_per_token	50	1	50.0	0.137641992984706	0.10904167630733586	0.137641992984706	0.10904167630733586	0.98	0.98	0.9782638047696143	0.9782638047696143	0.13269586258725824	0.13269586258725824	1.0	1.0	0.0695846967918928	0.0695846967918928	50.0	50	25.5
expanded_data	discourse_particle	71	only_1142	only	h	P	own_context_log_prob_advantage_per_token	50	1	50.0	0.07005783540733647	0.05731956668260705	0.07005783540733647	0.05731956668260705	0.84	0.84	0.8564908971782671	0.8564908971782671	0.07259900492533874	0.07259900492533874	1.0	1.0	0.0255034065246582	0.0255034065246582	50.0	50	25.5
expanded_data	discourse_particle	71	only_1142	only	h	P_prime	own_context_log_prob_advantage_per_token	50	1	50.0	0.07267134384555154	0.079137139529023	0.07267134384555154	0.079137139529023	0.86	0.86	0.8605861493257667	0.8605861493257667	0.07447957180395086	0.07447957180395086	1.0	1.0	0.1248136525568754	0.1248136525568754	50.0	50	25.5
expanded_data	discourse_particle	72	only_1272	only	h	P	own_context_log_prob_advantage_per_token	50	1	50.0	0.03328740999208391	0.04362962173070275	0.03328740999208391	0.04362962173070275	0.68	0.68	0.6902411006582796	0.6902411006582796	0.03516228761771472	0.03516228761771472	1.0	1.0	0.0478940357764561	0.0478940357764561	50.0	50	26.16
expanded_data	discourse_particle	72	only_1272	only	h	P_prime	own_context_log_prob_advantage_per_token	50	1	50.0	0.023588865938827763	0.0201106258272992	0.023588865938827763	0.0201106258272992	0.74	0.74	0.7453820669175688	0.7453820669175688	0.023597317638657744	0.023597317638657744	1.0	1.0	0.0369118070602416	0.0369118070602416	50.0	50	25.72
expanded_data	discourse_particle	73	only_1368	only	h	P	own_context_log_prob_advantage_per_token	50	1	50.0	0.10410960339004437	0.0996448429531875	0.10410960339004437	0.0996448429531875	0.88	0.88	0.8795238503326778	0.8795238503326778	0.10371218251371617	0.10371218251371617	1.0	1.0	0.1132442951202392	0.1132442951202392	50.0	50	25.52
expanded_data	discourse_particle	73	only_1368	only	h	P_prime	own_context_log_prob_advantage_per_token	50	1	50.0	0.10110592203652859	0.06187476952870685	0.10110592203652859	0.06187476952870685	0.9	0.9	0.9011241863453635	0.9011241863453635	0.09637292841310224	0.09637292841310224	1.0	1.0	0.0431822419166564	0.0431822419166564	50.0	50	25.88
expanded_data	discourse_particle	74	only_1446	only	h	P	own_context_log_prob_advantage_per_token	50	1	50.0	0.1606670572335034	0.14272580786449146	0.1606670572335034	0.14272580786449146	1.0	1.0	1.0	1.0	0.1627454495385929	0.1627454495385929	1.0	1.0	0.3315882993781048	0.3315882993781048	50.0	50	25.92
expanded_data	discourse_particle	74	only_1446	only	h	P_prime	own_context_log_prob_advantage_per_token	50	1	50.0	0.10931891733060387	0.1131323395277324	0.10931891733060387	0.1131323395277324	0.84	0.84	0.842089239435581	0.842089239435581	0.10841777803625427	0.10841777803625427	1.0	1.0	0.1153737258911132	0.1153737258911132	50.0	50	26.26
expanded_data	discourse_particle	75	only_1493	only	h	P	own_context_log_prob_advantage_per_token	50	1	50.0	0.08611075212453308	0.07322562817765879	0.08611075212453308	0.07322562817765879	0.98	0.98	0.9887243995934758	0.9887243995934758	0.0866298898126777	0.0866298898126777	1.0	1.0	0.0756724070418964	0.0756724070418964	50.0	50	25.5
expanded_data	discourse_particle	75	only_1493	only	h	P_prime	own_context_log_prob_advantage_per_token	50	1	50.0	0.08173299307267941	0.09314329303912261	0.08173299307267941	0.09314329303912261	0.9	0.9	0.898568463152704	0.898568463152704	0.07968178807675724	0.07968178807675724	1.0	1.0	0.1125861406326294	0.1125861406326294	50.0	50	25.5
expanded_data	discourse_particle	76	only_1538	only	h	P	own_context_log_prob_advantage_per_token	50	1	50.0	0.05348837187507751	0.04904220691708285	0.05348837187507751	0.04904220691708285	0.84	0.84	0.8263561256002848	0.8263561256002848	0.049654326786315206	0.049654326786315206	0.0	0.0	-0.0227760738796657	-0.0227760738796657	50.0	50	25.5
expanded_data	discourse_particle	76	only_1538	only	h	P_prime	own_context_log_prob_advantage_per_token	50	1	50.0	0.044141708919366814	0.04615744858980175	0.044141708919366814	0.04615744858980175	0.74	0.74	0.7468153612417191	0.7468153612417191	0.044810097441148784	0.044810097441148784	1.0	1.0	0.1060737642374906	0.1060737642374906	50.0	50	26.22
expanded_data	discourse_particle	77	only_1577	only	h	P	own_context_log_prob_advantage_per_token	50	1	50.0	0.008198908846111835	0.006843447685241651	0.008198908846111835	0.006843447685241651	0.66	0.66	0.6605108959165389	0.6605108959165389	0.007815636595962775	0.007815636595962775	0.0	0.0	-0.0052675216094307	-0.0052675216094307	50.0	50	28.48
expanded_data	discourse_particle	77	only_1577	only	h	P_prime	own_context_log_prob_advantage_per_token	50	1	50.0	0.010693130757641521	0.00874031914605035	0.010693130757641521	0.00874031914605035	0.66	0.66	0.6583725869171556	0.6583725869171556	0.010207499002054369	0.010207499002054369	1.0	1.0	0.0110870401064555	0.0110870401064555	50.0	50	26.52
expanded_data	discourse_particle	78	only_1579	only	h	P	own_context_log_prob_advantage_per_token	50	1	50.0	0.004288542913409309	0.00740767326475905	0.004288542913409309	0.00740767326475905	0.62	0.62	0.6287235174613446	0.6287235174613446	0.005218860767891025	0.005218860767891025	1.0	1.0	0.0178624702536541	0.0178624702536541	50.0	50	25.5
expanded_data	discourse_particle	78	only_1579	only	h	P_prime	own_context_log_prob_advantage_per_token	50	1	50.0	0.007290973611830078	0.0054856570561726496	0.007290973611830078	0.0054856570561726496	0.56	0.56	0.5582212076001861	0.5582212076001861	0.007112048470111182	0.007112048470111182	0.0	0.0	-0.0081046192269575	-0.0081046192269575	50.0	50	25.56
expanded_data	discourse_particle	79	only_1602	only	h	P	own_context_log_prob_advantage_per_token	50	1	50.0	0.051929799042271386	0.05462681913709305	0.051929799042271386	0.05462681913709305	0.82	0.82	0.8300442220929941	0.8300442220929941	0.05218031369405663	0.05218031369405663	1.0	1.0	0.0325325677792232	0.0325325677792232	50.0	50	25.5
expanded_data	discourse_particle	79	only_1602	only	h	P_prime	own_context_log_prob_advantage_per_token	50	1	50.0	0.05940848570117468	0.05576494584480915	0.05940848570117468	0.05576494584480915	0.86	0.86	0.8692321963903898	0.8692321963903898	0.05802140856872648	0.05802140856872648	1.0	1.0	0.0452691958500789	0.0452691958500789	50.0	50	26.24
expanded_data	discourse_particle	80	only_1624	only	h	P	own_context_log_prob_advantage_per_token	50	1	50.0	0.12637621800523957	0.0907524735884057	0.12637621800523957	0.0907524735884057	0.9	0.9	0.9107721228158572	0.9107721228158572	0.12573260190435714	0.12573260190435714	1.0	1.0	0.0534897609190507	0.0534897609190507	50.0	50	30.12
expanded_data	discourse_particle	80	only_1624	only	h	P_prime	own_context_log_prob_advantage_per_token	50	1	50.0	0.14203476045398059	0.12821461289536717	0.14203476045398059	0.12821461289536717	0.88	0.88	0.871537953270881	0.871537953270881	0.13882570422105328	0.13882570422105328	1.0	1.0	0.0769991228977838	0.0769991228977838	50.0	50	26.42
expanded_data	discourse_particle	81	only_1817	only	h	P	own_context_log_prob_advantage_per_token	50	1	50.0	0.0013216245127244258	0.00178430133125405	0.0013216245127244258	0.00178430133125405	0.68	0.68	0.6818369227620273	0.6818369227620273	0.0012325191514591413	0.0012325191514591413	1.0	1.0	0.009282025694847	0.009282025694847	50.0	50	25.5
expanded_data	discourse_particle	81	only_1817	only	h	P_prime	own_context_log_prob_advantage_per_token	50	1	50.0	-0.00023968356060090416	-0.0003814182347721	-0.00023968356060090416	-0.0003814182347721	0.44	0.44	0.44590119158526953	0.44590119158526953	-0.00017258425463413305	-0.00017258425463413305	1.0	1.0	0.0012967153029008	0.0012967153029008	50.0	50	25.5
expanded_data	discourse_particle	82	only_1888	only	h	P	own_context_log_prob_advantage_per_token	50	1	50.0	0.014352258653418982	0.01430745871885605	0.014352258653418982	0.01430745871885605	0.74	0.74	0.732142909978539	0.732142909978539	0.014136212976808579	0.014136212976808579	1.0	1.0	0.0021663075786526	0.0021663075786526	50.0	50	25.5
expanded_data	discourse_particle	82	only_1888	only	h	P_prime	own_context_log_prob_advantage_per_token	50	1	50.0	0.013351707854739842	0.01378372550061685	0.013351707854739842	0.01378372550061685	0.78	0.78	0.7895138153826599	0.7895138153826599	0.012982302382115382	0.012982302382115382	1.0	1.0	0.0152781259181887	0.0152781259181887	50.0	50	25.5
expanded_data	discourse_particle	83	only_1891	only	h	P	own_context_log_prob_advantage_per_token	50	1	50.0	0.000130360232235153	3.771505494076788e-06	0.000130360232235153	3.771505494076788e-06	0.5	0.5	0.500797379159351	0.500797379159351	4.007199081737512e-05	4.007199081737512e-05	1.0	1.0	0.0010290642579396	0.0010290642579396	50.0	50	25.5
expanded_data	discourse_particle	83	only_1891	only	h	P_prime	own_context_log_prob_advantage_per_token	50	1	50.0	0.0020523130679367244	0.0016060678855232	0.0020523130679367244	0.0016060678855232	0.72	0.72	0.7256358970025744	0.7256358970025744	0.0020249692357525457	0.0020249692357525457	0.0	0.0	-0.0008112468581268	-0.0008112468581268	50.0	50	25.5
expanded_data	discourse_particle	84	only_2032	only	h	P	own_context_log_prob_advantage_per_token	50	1	50.0	0.016645775013393652	0.01526136369016675	0.016645775013393652	0.01526136369016675	0.84	0.84	0.844480494925548	0.844480494925548	0.016658413591061155	0.016658413591061155	1.0	1.0	0.0141694407532182	0.0141694407532182	50.0	50	25.5
expanded_data	discourse_particle	84	only_2032	only	h	P_prime	own_context_log_prob_advantage_per_token	50	1	50.0	0.010740993202989359	0.010297018548716699	0.010740993202989359	0.010297018548716699	0.68	0.68	0.6541093016631015	0.6541093016631015	0.010007134745838177	0.010007134745838177	0.0	0.0	-0.0248665863008641	-0.0248665863008641	50.0	50	25.5
expanded_data	discourse_particle	85	only_2038	only	h	P	own_context_log_prob_advantage_per_token	50	1	50.0	0.062162769983249946	0.06639500917979375	0.062162769983249946	0.06639500917979375	0.96	0.96	0.9689709431521359	0.9689709431521359	0.06366111251416047	0.06366111251416047	1.0	1.0	0.0098436588936664	0.0098436588936664	50.0	50	25.5
expanded_data	discourse_particle	85	only_2038	only	h	P_prime	own_context_log_prob_advantage_per_token	50	1	50.0	0.09093371871284393	0.0660393118131451	0.09093371871284393	0.0660393118131451	0.86	0.86	0.8639081326909879	0.8639081326909879	0.08829078589459592	0.08829078589459592	1.0	1.0	0.1701231718063354	0.1701231718063354	50.0	50	25.5
expanded_data	discourse_particle	86	only_2118	only	h	P	own_context_log_prob_advantage_per_token	50	1	50.0	0.09078396965308341	0.09498504705207286	0.09078396965308341	0.09498504705207286	0.96	0.96	0.9699892077906038	0.9699892077906038	0.09074358992972704	0.09074358992972704	1.0	1.0	0.1168182757165696	0.1168182757165696	50.0	50	27.46
expanded_data	discourse_particle	86	only_2118	only	h	P_prime	own_context_log_prob_advantage_per_token	50	1	50.0	0.09716594529227729	0.0784322401641365	0.09716594529227729	0.0784322401641365	0.9	0.9	0.8849990842333195	0.8849990842333195	0.09462250771864845	0.09462250771864845	1.0	1.0	0.0599046428998311	0.0599046428998311	50.0	50	25.5
expanded_data	discourse_particle	87	only_2232	only	h	P	own_context_log_prob_advantage_per_token	50	1	50.0	0.006551543942807448	0.0087057079043893	0.006551543942807448	0.0087057079043893	0.76	0.76	0.7755719809607724	0.7755719809607724	0.00687735115766412	0.00687735115766412	1.0	1.0	0.0033872969010296	0.0033872969010296	50.0	50	25.5
expanded_data	discourse_particle	87	only_2232	only	h	P_prime	own_context_log_prob_advantage_per_token	50	1	50.0	0.009661755702840363	0.00706070296814285	0.009661755702840363	0.00706070296814285	0.7	0.7	0.7170908094226068	0.7170908094226068	0.010243245577204409	0.010243245577204409	0.0	0.0	-0.0025181131086488	-0.0025181131086488	50.0	50	25.5
expanded_data	discourse_particle	88	only_2333	only	h	P	own_context_log_prob_advantage_per_token	50	1	50.0	0.00048139571893041744	-0.00289125094811115	0.00048139571893041744	-0.00289125094811115	0.48	0.48	0.46417923161151203	0.46417923161151203	-0.0002966064457418589	-0.0002966064457418589	0.0	0.0	-0.0183966522631437	-0.0183966522631437	50.0	50	25.7
expanded_data	discourse_particle	88	only_2333	only	h	P_prime	own_context_log_prob_advantage_per_token	50	1	50.0	0.025513412715828916	0.018544587748391198	0.025513412715828916	0.018544587748391198	0.72	0.72	0.7265540212966941	0.7265540212966941	0.02494718841169551	0.02494718841169551	1.0	1.0	0.1568498253822327	0.1568498253822327	50.0	50	26.12
expanded_data	discourse_particle	89	only_2405	only	h	P	own_context_log_prob_advantage_per_token	50	1	50.0	0.02609117361018284	0.0241558553912515	0.02609117361018284	0.0241558553912515	0.82	0.82	0.8266972851805284	0.8266972851805284	0.026139621274149316	0.026139621274149316	1.0	1.0	0.0379680369211279	0.0379680369211279	50.0	50	25.5
expanded_data	discourse_particle	89	only_2405	only	h	P_prime	own_context_log_prob_advantage_per_token	50	1	50.0	0.028878473944802793	0.024030538289367902	0.028878473944802793	0.024030538289367902	0.76	0.76	0.7600300203612679	0.7600300203612679	0.028488285500228507	0.028488285500228507	1.0	1.0	0.0366217613220215	0.0366217613220215	50.0	50	25.5
expanded_data	discourse_particle	90	only_2470	only	h	P	own_context_log_prob_advantage_per_token	50	1	50.0	0.0145387868903883	0.0097317208756913	0.0145387868903883	0.0097317208756913	0.6	0.6	0.617595444829936	0.617595444829936	0.01535491637258431	0.01535491637258431	0.0	0.0	-0.0081102802203251	-0.0081102802203251	50.0	50	25.5
expanded_data	discourse_particle	90	only_2470	only	h	P_prime	own_context_log_prob_advantage_per_token	50	1	50.0	0.023220711959455086	0.029320859591718047	0.023220711959455086	0.029320859591718047	0.82	0.82	0.816943126608462	0.816943126608462	0.023377848902236206	0.023377848902236206	0.0	0.0	-0.0186434916087559	-0.0186434916087559	50.0	50	25.5
expanded_data	discourse_particle	91	only_2627	only	h	P	own_context_log_prob_advantage_per_token	50	1	50.0	0.07793971952646118	0.06276346693357335	0.07793971952646118	0.06276346693357335	0.84	0.84	0.8379853881126831	0.8379853881126831	0.07610384344177269	0.07610384344177269	1.0	1.0	0.0812105735143026	0.0812105735143026	50.0	50	25.5
expanded_data	discourse_particle	91	only_2627	only	h	P_prime	own_context_log_prob_advantage_per_token	50	1	50.0	0.08095552827283559	0.08608822800495006	0.08095552827283559	0.08608822800495006	0.88	0.88	0.8817794070184544	0.8817794070184544	0.08098004976459505	0.08098004976459505	1.0	1.0	0.0942885969199386	0.0942885969199386	50.0	50	25.5
expanded_data	discourse_particle	92	only_2678	only	h	P	own_context_log_prob_advantage_per_token	50	1	50.0	0.0033243003371276987	0.00183919633644205	0.0033243003371276987	0.00183919633644205	0.62	0.62	0.6238945524994046	0.6238945524994046	0.0034156630204385243	0.0034156630204385243	1.0	1.0	0.0172553978104521	0.0172553978104521	50.0	50	25.5
expanded_data	discourse_particle	92	only_2678	only	h	P_prime	own_context_log_prob_advantage_per_token	50	1	50.0	0.0023384367404614115	0.00472206172826715	0.0023384367404614115	0.00472206172826715	0.66	0.66	0.669299097510874	0.669299097510874	0.0024140489097289014	0.0024140489097289014	1.0	1.0	0.0160061991403973	0.0160061991403973	50.0	50	25.5
expanded_data	discourse_particle	93	only_2682	only	h	P	own_context_log_prob_advantage_per_token	50	1	50.0	0.08663778159865904	0.026521441729172403	0.08663778159865904	0.026521441729172403	0.88	0.88	0.8665067871280149	0.8665067871280149	0.07874138683114364	0.07874138683114364	1.0	1.0	0.1331420302391052	0.1331420302391052	50.0	50	25.5
expanded_data	discourse_particle	93	only_2682	only	h	P_prime	own_context_log_prob_advantage_per_token	50	1	50.0	0.09138054525122245	0.046028045659092603	0.09138054525122245	0.046028045659092603	0.86	0.86	0.8326418325806497	0.8326418325806497	0.07825140754481372	0.07825140754481372	1.0	1.0	0.1306273570427527	0.1306273570427527	50.0	50	25.5
expanded_data	discourse_particle	94	only_2695	only	h	P	own_context_log_prob_advantage_per_token	50	1	50.0	0.007766622718654264	0.008009787964329801	0.007766622718654264	0.008009787964329801	0.66	0.66	0.6456252813546217	0.6456252813546217	0.0067798547709481795	0.0067798547709481795	1.0	1.0	0.0023973993957042	0.0023973993957042	50.0	50	25.5
expanded_data	discourse_particle	94	only_2695	only	h	P_prime	own_context_log_prob_advantage_per_token	50	1	50.0	0.009670038757034293	0.01199731584322645	0.009670038757034293	0.01199731584322645	0.68	0.68	0.6835263988107327	0.6835263988107327	0.010418773543340828	0.010418773543340828	0.0	0.0	-0.0054363876149274	-0.0054363876149274	50.0	50	25.5
expanded_data	discourse_particle	95	only_2703	only	h	P	own_context_log_prob_advantage_per_token	50	1	50.0	0.020410921644421376	0.0186288430373139	0.020410921644421376	0.0186288430373139	0.8	0.8	0.8040499301385126	0.8040499301385126	0.020727590548843794	0.020727590548843794	1.0	1.0	0.0198776497357133	0.0198776497357133	50.0	50	25.5
expanded_data	discourse_particle	95	only_2703	only	h	P_prime	own_context_log_prob_advantage_per_token	50	1	50.0	0.015048847600138651	0.01137172426376155	0.015048847600138651	0.01137172426376155	0.74	0.74	0.7342580080941903	0.7342580080941903	0.014528144866251667	0.014528144866251667	1.0	1.0	0.0229575896964353	0.0229575896964353	50.0	50	25.5
expanded_data	discourse_particle	96	only_2903	only	h	P	own_context_log_prob_advantage_per_token	50	1	50.0	0.00308217196936179	0.00316319901026795	0.00308217196936179	0.00316319901026795	0.74	0.74	0.7466513764645348	0.7466513764645348	0.0030536725694430998	0.0030536725694430998	0.0	0.0	-0.003379415063297	-0.003379415063297	50.0	50	26.52
expanded_data	discourse_particle	96	only_2903	only	h	P_prime	own_context_log_prob_advantage_per_token	50	1	50.0	0.002035908701944482	-0.00032002064916814997	0.002035908701944482	-0.00032002064916814997	0.48	0.48	0.4723006147352573	0.4723006147352573	0.0019237209958792014	0.0019237209958792014	0.0	0.0	-0.0028177972109811	-0.0028177972109811	50.0	50	28.78
expanded_data	discourse_particle	97	only_3267	only	h	P	own_context_log_prob_advantage_per_token	50	1	50.0	0.008604386262884078	0.00920043035846225	0.008604386262884078	0.00920043035846225	0.66	0.66	0.6895972291939624	0.6895972291939624	0.009512982048873854	0.009512982048873854	1.0	1.0	0.007750910425943	0.007750910425943	50.0	50	44.6
expanded_data	discourse_particle	97	only_3267	only	h	P_prime	own_context_log_prob_advantage_per_token	50	1	50.0	0.00698378729647203	0.0026381897926330503	0.00698378729647203	0.0026381897926330503	0.56	0.56	0.5387967357239634	0.5387967357239634	0.006331923738758287	0.006331923738758287	1.0	1.0	0.0141479273637136	0.0141479273637136	50.0	50	57.18
expanded_data	discourse_particle	98	only_3302	only	h	P	own_context_log_prob_advantage_per_token	50	1	50.0	0.057302545170279835	0.05643108155992295	0.057302545170279835	0.05643108155992295	0.92	0.92	0.9218565088431167	0.9218565088431167	0.057787969181337315	0.057787969181337315	1.0	1.0	0.0411905108428583	0.0411905108428583	50.0	50	25.5
expanded_data	discourse_particle	98	only_3302	only	h	P_prime	own_context_log_prob_advantage_per_token	50	1	50.0	0.05906955172610202	0.059498589772444446	0.05906955172610202	0.059498589772444446	0.84	0.84	0.8401235452477828	0.8401235452477828	0.05786947654340334	0.05786947654340334	1.0	1.0	0.0710948736239702	0.0710948736239702	50.0	50	25.5
expanded_data	discourse_particle	99	only_3332	only	h	P	own_context_log_prob_advantage_per_token	50	1	50.0	0.20572271534491476	0.20105238126323782	0.20572271534491476	0.20105238126323782	0.9	0.9	0.8956619038289972	0.8956619038289972	0.20470692985815458	0.20470692985815458	1.0	1.0	0.2770838737487793	0.2770838737487793	50.0	50	25.5
expanded_data	discourse_particle	99	only_3332	only	h	P_prime	own_context_log_prob_advantage_per_token	50	1	50.0	0.11841690321117943	0.08435232709781285	0.11841690321117943	0.08435232709781285	0.98	0.98	0.9879591721995088	0.9879591721995088	0.11088463249840606	0.11088463249840606	1.0	1.0	0.1015867564989172	0.1015867564989172	50.0	50	25.5
expanded_data	discourse_particle	100	only_3340	only	h	P	own_context_log_prob_advantage_per_token	50	1	50.0	0.15017610714672705	0.1400334450445677	0.15017610714672705	0.1400334450445677	0.86	0.86	0.8642435383255391	0.8642435383255391	0.14978588151261746	0.14978588151261746	1.0	1.0	0.1397738927289059	0.1397738927289059	50.0	50	25.5
expanded_data	discourse_particle	100	only_3340	only	h	P_prime	own_context_log_prob_advantage_per_token	50	1	50.0	0.08732422374724713	0.07030894762292536	0.08732422374724713	0.07030894762292536	0.94	0.94	0.9356908728384759	0.9356908728384759	0.08526052481107428	0.08526052481107428	1.0	1.0	0.0839420326969079	0.0839420326969079	50.0	50	25.5
expanded_data	discourse_particle	101	only_3385	only	h	P	own_context_log_prob_advantage_per_token	50	1	50.0	0.06165392489870656	0.0537826275834511	0.06165392489870656	0.0537826275834511	0.88	0.88	0.8696482841288525	0.8696482841288525	0.06029467541013107	0.06029467541013107	1.0	1.0	0.0727942168712615	0.0727942168712615	50.0	50	25.54
expanded_data	discourse_particle	101	only_3385	only	h	P_prime	own_context_log_prob_advantage_per_token	50	1	50.0	0.041344011705456755	0.03151657484246015	0.041344011705456755	0.03151657484246015	0.88	0.88	0.8830767617487911	0.8830767617487911	0.042075153669435206	0.042075153669435206	1.0	1.0	0.0450092682967314	0.0450092682967314	50.0	50	25.5
expanded_data	discourse_particle	102	only_3392	only	h	P	own_context_log_prob_advantage_per_token	50	1	50.0	0.04451999726511259	0.029193561768989802	0.04451999726511259	0.029193561768989802	0.7	0.7	0.6950681856637584	0.6950681856637584	0.042214175539658456	0.042214175539658456	0.0	0.0	-0.0269254112243652	-0.0269254112243652	50.0	50	25.5
expanded_data	discourse_particle	102	only_3392	only	h	P_prime	own_context_log_prob_advantage_per_token	50	1	50.0	0.07415910937792916	0.06433788290770914	0.07415910937792916	0.06433788290770914	0.84	0.84	0.8350211275809888	0.8350211275809888	0.07304113159351416	0.07304113159351416	1.0	1.0	0.0422072306923244	0.0422072306923244	50.0	50	25.78
expanded_data	discourse_particle	103	only_3393	only	h	P	own_context_log_prob_advantage_per_token	50	1	50.0	0.11513545841285439	0.11362343081460186	0.11513545841285439	0.11362343081460186	0.88	0.88	0.8857254952935176	0.8857254952935176	0.11630813217473412	0.11630813217473412	1.0	1.0	0.0516536737743176	0.0516536737743176	50.0	50	25.92
expanded_data	discourse_particle	103	only_3393	only	h	P_prime	own_context_log_prob_advantage_per_token	50	1	50.0	0.11346106535196665	0.11566094587200795	0.11346106535196665	0.11566094587200795	0.9	0.9	0.905485823096698	0.905485823096698	0.11506386177536294	0.11506386177536294	0.0	0.0	-0.0106049317580002	-0.0106049317580002	50.0	50	25.68
expanded_data	discourse_particle	104	only_3394	only	h	P	own_context_log_prob_advantage_per_token	50	1	50.0	0.011736924180611634	0.009374922673617048	0.011736924180611634	0.009374922673617048	0.76	0.76	0.7539837972763396	0.7539837972763396	0.011532460841939322	0.011532460841939322	1.0	1.0	0.0076012529175857	0.0076012529175857	50.0	50	25.5
expanded_data	discourse_particle	104	only_3394	only	h	P_prime	own_context_log_prob_advantage_per_token	50	1	50.0	0.0015572541654610516	0.00268375217165665	0.0015572541654610516	0.00268375217165665	0.54	0.54	0.5385421395681019	0.5385421395681019	0.0017435465162448864	0.0017435465162448864	1.0	1.0	0.0016783301423235	0.0016783301423235	50.0	50	26.1
expanded_data	discourse_particle	105	only_3465	only	h	P	own_context_log_prob_advantage_per_token	50	1	50.0	0.0897974582441372	0.05803110533290435	0.0897974582441372	0.05803110533290435	0.88	0.88	0.876022600799149	0.876022600799149	0.08849530461098108	0.08849530461098108	1.0	1.0	0.1004270963046861	0.1004270963046861	50.0	50	25.5
expanded_data	discourse_particle	105	only_3465	only	h	P_prime	own_context_log_prob_advantage_per_token	50	1	50.0	0.10227338965945126	0.083994786772463	0.10227338965945126	0.083994786772463	0.96	0.96	0.9652680914788431	0.9652680914788431	0.10116061036341163	0.10116061036341163	1.0	1.0	0.0478440872052821	0.0478440872052821	50.0	50	25.5
expanded_data	discourse_particle	106	only_3483	only	h	P	own_context_log_prob_advantage_per_token	50	1	50.0	0.06572604883609998	0.0611911789715108	0.06572604883609998	0.0611911789715108	0.92	0.92	0.9260198865932552	0.9260198865932552	0.06535827821036014	0.06535827821036014	1.0	1.0	0.0996689615827617	0.0996689615827617	50.0	50	25.5
expanded_data	discourse_particle	106	only_3483	only	h	P_prime	own_context_log_prob_advantage_per_token	50	1	50.0	0.06007024292690489	0.0309294000498116	0.06007024292690489	0.0309294000498116	0.88	0.88	0.8829815000518855	0.8829815000518855	0.05993850489937544	0.05993850489937544	0.0	0.0	-0.0132185003974221	-0.0132185003974221	50.0	50	25.5
expanded_data	discourse_particle	107	only_3484	only	h	P	own_context_log_prob_advantage_per_token	50	1	50.0	0.07396143555194241	0.0258368992557128	0.07396143555194241	0.0258368992557128	0.7	0.7	0.6894325331415976	0.6894325331415976	0.06564424223466299	0.06564424223466299	0.0	0.0	-0.0070733540766947	-0.0070733540766947	50.0	50	25.5
expanded_data	discourse_particle	107	only_3484	only	h	P_prime	own_context_log_prob_advantage_per_token	50	1	50.0	0.030761969757380565	0.02292767976721125	0.030761969757380565	0.02292767976721125	0.86	0.86	0.8698499835299656	0.8698499835299656	0.03117962527636936	0.03117962527636936	1.0	1.0	0.0526116405214581	0.0526116405214581	50.0	50	25.5
expanded_data	discourse_particle	108	only_3568	only	h	P	own_context_log_prob_advantage_per_token	50	1	50.0	0.11643713791039749	0.11818367725731455	0.11643713791039749	0.11818367725731455	0.98	0.98	0.9824720207598063	0.9824720207598063	0.11969301488360397	0.11969301488360397	1.0	1.0	0.0469594940994725	0.0469594940994725	50.0	50	25.5
expanded_data	discourse_particle	108	only_3568	only	h	P_prime	own_context_log_prob_advantage_per_token	50	1	50.0	0.20308214809681416	0.2222845554351806	0.20308214809681416	0.2222845554351806	0.96	0.96	0.96610505303007	0.96610505303007	0.20894083624674833	0.20894083624674833	1.0	1.0	0.2036519514189826	0.2036519514189826	50.0	50	26.04
expanded_data	discourse_particle	109	only_3570	only	h	P	own_context_log_prob_advantage_per_token	50	1	50.0	0.022185526264445265	0.0221087873019725	0.022185526264445265	0.0221087873019725	0.84	0.84	0.8547458716931482	0.8547458716931482	0.022798162236000997	0.022798162236000997	1.0	1.0	0.0142096925426173	0.0142096925426173	50.0	50	25.5
expanded_data	discourse_particle	109	only_3570	only	h	P_prime	own_context_log_prob_advantage_per_token	50	1	50.0	0.009332368644566446	0.00488512591698265	0.009332368644566446	0.00488512591698265	0.54	0.54	0.5319167251533925	0.5319167251533925	0.008428591823858772	0.008428591823858772	0.0	0.0	-0.0054134455594149	-0.0054134455594149	50.0	50	25.7
expanded_data	discourse_particle	110	only_3674	only	h	P	own_context_log_prob_advantage_per_token	50	1	50.0	0.01986023721007487	0.0084899749074663	0.01986023721007487	0.0084899749074663	0.6	0.6	0.6218538561601683	0.6218538561601683	0.019655733919792646	0.019655733919792646	1.0	1.0	0.0681731551885604	0.0681731551885604	50.0	50	26.98
expanded_data	discourse_particle	110	only_3674	only	h	P_prime	own_context_log_prob_advantage_per_token	50	1	50.0	0.015337752036870014	0.0057480826846554	0.015337752036870014	0.0057480826846554	0.64	0.64	0.6165004834477807	0.6165004834477807	0.011544393045923878	0.011544393045923878	1.0	1.0	0.0204659955842154	0.0204659955842154	50.0	50	26.84
expanded_data	discourse_particle	111	only_3779	only	h	P	own_context_log_prob_advantage_per_token	50	1	50.0	0.01648711277367008	0.01188227228398585	0.01648711277367008	0.01188227228398585	0.7	0.7	0.7100047963217274	0.7100047963217274	0.016432209789831755	0.016432209789831755	0.0	0.0	-0.0215608888202243	-0.0215608888202243	50.0	50	25.5
expanded_data	discourse_particle	111	only_3779	only	h	P_prime	own_context_log_prob_advantage_per_token	50	1	50.0	0.015338121999193498	0.0155090267841632	0.015338121999193498	0.0155090267841632	0.68	0.68	0.7042060968982167	0.7042060968982167	0.017042980793979024	0.017042980793979024	1.0	1.0	0.001068553682101	0.001068553682101	50.0	50	25.5
expanded_data	discourse_particle	112	only_3792	only	h	P	own_context_log_prob_advantage_per_token	50	1	50.0	0.022030934746830436	0.021162591481227552	0.022030934746830436	0.021162591481227552	0.84	0.84	0.843495338842731	0.843495338842731	0.02293919183723988	0.02293919183723988	1.0	1.0	0.0163754974642107	0.0163754974642107	50.0	50	25.5
expanded_data	discourse_particle	112	only_3792	only	h	P_prime	own_context_log_prob_advantage_per_token	50	1	50.0	0.031027984624090052	0.02455306164550925	0.031027984624090052	0.02455306164550925	0.76	0.76	0.7613381141302109	0.7613381141302109	0.031481703314386746	0.031481703314386746	0.0	0.0	-0.014714229106903	-0.014714229106903	50.0	50	25.5
expanded_data	discourse_particle	113	only_3843	only	h	P	own_context_log_prob_advantage_per_token	50	1	50.0	0.010367097543515445	0.00547709220311505	0.010367097543515445	0.00547709220311505	0.68	0.68	0.6885169612831632	0.6885169612831632	0.010582036122966551	0.010582036122966551	0.0	0.0	-0.0021842951868094	-0.0021842951868094	50.0	50	25.92
expanded_data	discourse_particle	113	only_3843	only	h	P_prime	own_context_log_prob_advantage_per_token	50	1	50.0	0.0075514329066221604	0.00575974067052195	0.0075514329066221604	0.00575974067052195	0.7	0.7	0.6996030057895272	0.6996030057895272	0.007667957453444371	0.007667957453444371	1.0	1.0	0.0041076722352401	0.0041076722352401	50.0	50	26.3
expanded_data	discourse_particle	114	only_3867	only	h	P	own_context_log_prob_advantage_per_token	50	1	50.0	0.16206618491052435	0.1572634787385508	0.16206618491052435	0.1572634787385508	0.98	0.98	0.9831820069890905	0.9831820069890905	0.16443969751958723	0.16443969751958723	1.0	1.0	0.1671376009782155	0.1671376009782155	50.0	50	25.5
expanded_data	discourse_particle	114	only_3867	only	h	P_prime	own_context_log_prob_advantage_per_token	50	1	50.0	0.15536060520629363	0.15285650621143382	0.15536060520629363	0.15285650621143382	1.0	1.0	1.0	1.0	0.15652694814025003	0.15652694814025003	1.0	1.0	0.1678320547891041	0.1678320547891041	50.0	50	25.5
expanded_data	discourse_particle	115	only_3896	only	h	P	own_context_log_prob_advantage_per_token	50	1	50.0	0.057294826741672876	0.0457654550598888	0.057294826741672876	0.0457654550598888	0.84	0.84	0.8426095698313919	0.8426095698313919	0.053123163169975535	0.053123163169975535	1.0	1.0	0.0242684011658033	0.0242684011658033	50.0	50	25.5
expanded_data	discourse_particle	115	only_3896	only	h	P_prime	own_context_log_prob_advantage_per_token	50	1	50.0	0.04754876478969842	0.0431241135244016	0.04754876478969842	0.0431241135244016	0.94	0.94	0.9398015575325691	0.9398015575325691	0.04710009919342203	0.04710009919342203	1.0	1.0	0.0268588187038034	0.0268588187038034	50.0	50	25.5
expanded_data	discourse_particle	116	only_3930	only	h	P	own_context_log_prob_advantage_per_token	50	1	50.0	0.017268698235721268	0.0127951647105969	0.017268698235721268	0.0127951647105969	0.72	0.72	0.7092376163793095	0.7092376163793095	0.016722435250229522	0.016722435250229522	1.0	1.0	0.0119598388671874	0.0119598388671874	50.0	50	25.5
expanded_data	discourse_particle	116	only_3930	only	h	P_prime	own_context_log_prob_advantage_per_token	50	1	50.0	0.012530133242298078	0.0104451625599686	0.012530133242298078	0.0104451625599686	0.82	0.82	0.8227705198390477	0.8227705198390477	0.01235548137863586	0.01235548137863586	1.0	1.0	0.0314919412136077	0.0314919412136077	50.0	50	25.5
expanded_data	discourse_particle	117	only_3999	only	h	P	own_context_log_prob_advantage_per_token	50	1	50.0	0.2307185831077968	0.12611823175758058	0.2307185831077968	0.12611823175758058	0.92	0.92	0.9251819634562595	0.9251819634562595	0.22436403419255405	0.22436403419255405	1.0	1.0	0.0554751591248945	0.0554751591248945	50.0	50	31.4
expanded_data	discourse_particle	117	only_3999	only	h	P_prime	own_context_log_prob_advantage_per_token	50	1	50.0	0.14067701099535349	0.1534248187292552	0.14067701099535349	0.1534248187292552	0.88	0.88	0.8780370492518323	0.8780370492518323	0.1438470475923109	0.1438470475923109	1.0	1.0	0.0204216241836547	0.0204216241836547	50.0	50	27.16
expanded_data	discourse_particle	118	only_4003	only	h	P	own_context_log_prob_advantage_per_token	50	1	50.0	0.020848142421200987	0.0197128579020499	0.020848142421200987	0.0197128579020499	0.86	0.86	0.860737150007215	0.860737150007215	0.02032215314635348	0.02032215314635348	0.0	0.0	-0.0046453417801275	-0.0046453417801275	50.0	50	25.5
expanded_data	discourse_particle	118	only_4003	only	h	P_prime	own_context_log_prob_advantage_per_token	50	1	50.0	0.019751446685580865	0.015245979030927	0.019751446685580865	0.015245979030927	0.8	0.8	0.7957585151449158	0.7957585151449158	0.01934727082186237	0.01934727082186237	1.0	1.0	0.0463994628978225	0.0463994628978225	50.0	50	25.5
expanded_data	discourse_particle	119	only_4172	only	h	P	own_context_log_prob_advantage_per_token	50	1	50.0	0.06847381584772128	0.063252388437589	0.06847381584772128	0.063252388437589	0.76	0.76	0.7660197129186346	0.7660197129186346	0.07220772189582433	0.07220772189582433	1.0	1.0	0.0326909252575464	0.0326909252575464	50.0	50	25.5
expanded_data	discourse_particle	119	only_4172	only	h	P_prime	own_context_log_prob_advantage_per_token	50	1	50.0	0.05900494947381597	0.05358954891562455	0.05900494947381597	0.05358954891562455	0.92	0.92	0.9211213294277485	0.9211213294277485	0.05826733385422959	0.05826733385422959	1.0	1.0	0.0270793396129942	0.0270793396129942	50.0	50	25.5
expanded_data	meaning_control	120	not_5	not	h	P	own_context_log_prob_advantage_per_token	50	1	50.0	0.3809077771909026	0.36550490209945635	0.3809077771909026	0.36550490209945635	0.96	0.96	0.9623709444693148	0.9623709444693148	0.3851913400639955	0.3851913400639955	1.0	1.0	0.2900613525818134	0.2900613525818134	50.0	50	25.5
expanded_data	meaning_control	120	not_5	not	h	P_prime	own_context_log_prob_advantage_per_token	50	1	50.0	0.44723406558793954	0.39601839617604295	0.44723406558793954	0.39601839617604295	1.0	1.0	1.0	1.0	0.45342797632062687	0.45342797632062687	1.0	1.0	0.3205547940974332	0.3205547940974332	50.0	50	25.5
expanded_data	meaning_control	121	not_7	not	h	P	own_context_log_prob_advantage_per_token	50	1	50.0	0.0503293311608176	0.0484015008677606	0.0503293311608176	0.0484015008677606	0.98	0.98	0.9733789149022452	0.9733789149022452	0.05037217800255798	0.05037217800255798	1.0	1.0	0.0656501935875935	0.0656501935875935	50.0	50	25.5
expanded_data	meaning_control	121	not_7	not	h	P_prime	own_context_log_prob_advantage_per_token	50	1	50.0	0.11396397573142618	0.08634929985239881	0.11396397573142618	0.08634929985239881	0.84	0.84	0.8323801109315799	0.8323801109315799	0.11551203966331629	0.11551203966331629	1.0	1.0	0.0740195560455322	0.0740195560455322	50.0	50	25.84
expanded_data	meaning_control	122	not_15	not	h	P	own_context_log_prob_advantage_per_token	50	1	50.0	0.5389942634133192	0.5085375711275697	0.5389942634133192	0.5085375711275697	1.0	1.0	1.0	1.0	0.5363585283105803	0.5363585283105803	1.0	1.0	0.5086163993467363	0.5086163993467363	50.0	50	25.5
expanded_data	meaning_control	122	not_15	not	h	P_prime	own_context_log_prob_advantage_per_token	50	1	50.0	0.9605278326997113	0.9379485750543898	0.9605278326997113	0.9379485750543898	1.0	1.0	1.0	1.0	0.967921398633509	0.967921398633509	1.0	1.0	0.9065194405042208	0.9065194405042208	50.0	50	25.5
expanded_data	meaning_control	123	not_71	not	h	P	own_context_log_prob_advantage_per_token	50	1	50.0	0.11920610329219274	0.12698466606114214	0.11920610329219274	0.12698466606114214	0.88	0.88	0.895768236853756	0.895768236853756	0.12187249849781079	0.12187249849781079	1.0	1.0	0.1733855009078979	0.1733855009078979	50.0	50	25.5
expanded_data	meaning_control	123	not_71	not	h	P_prime	own_context_log_prob_advantage_per_token	50	1	50.0	0.21621126171198501	0.15133108803823986	0.21621126171198501	0.15133108803823986	0.8	0.8	0.8008468475578754	0.8008468475578754	0.2083208871318278	0.2083208871318278	1.0	1.0	0.1067601333964953	0.1067601333964953	50.0	50	26.46
expanded_data	meaning_control	124	not_81	not	h	P	own_context_log_prob_advantage_per_token	50	1	50.0	1.0736350315147718	0.9810807739107412	1.0736350315147718	0.9810807739107412	1.0	1.0	1.0	1.0	1.0815612495191524	1.0815612495191524	1.0	1.0	0.9600165420108372	0.9600165420108372	50.0	50	26.36
expanded_data	meaning_control	124	not_81	not	h	P_prime	own_context_log_prob_advantage_per_token	50	1	50.0	1.6784607323585445	1.6914145162889174	1.6784607323585445	1.6914145162889174	1.0	1.0	1.0	1.0	1.6763958756896022	1.6763958756896022	1.0	1.0	1.9594946967230904	1.9594946967230904	50.0	50	40.22
expanded_data	meaning_control	125	not_226	not	h	P	own_context_log_prob_advantage_per_token	50	1	50.0	0.004155633158752003	0.0060067055881887	0.004155633158752003	0.0060067055881887	0.58	0.58	0.5680893439116452	0.5680893439116452	0.00355433632017158	0.00355433632017158	1.0	1.0	0.01218461126521	0.01218461126521	50.0	50	25.5
expanded_data	meaning_control	125	not_226	not	h	P_prime	own_context_log_prob_advantage_per_token	50	1	50.0	0.014522448708277931	0.0169398395911506	0.014522448708277931	0.0169398395911506	0.78	0.78	0.782647711352053	0.782647711352053	0.015349556335202741	0.015349556335202741	0.0	0.0	-0.0004278041314387	-0.0004278041314387	50.0	50	25.5
expanded_data	meaning_control	126	not_244	not	h	P	own_context_log_prob_advantage_per_token	50	1	50.0	0.3974990738688756	0.4101932861910206	0.3974990738688756	0.4101932861910206	1.0	1.0	1.0	1.0	0.4054216436869356	0.4054216436869356	1.0	1.0	0.2710442271148949	0.2710442271148949	50.0	50	25.5
expanded_data	meaning_control	126	not_244	not	h	P_prime	own_context_log_prob_advantage_per_token	50	1	50.0	0.4215546021811108	0.4101568270813335	0.4215546021811108	0.4101568270813335	1.0	1.0	1.0	1.0	0.42712373025607087	0.42712373025607087	1.0	1.0	0.1020239041401789	0.1020239041401789	50.0	50	25.5
expanded_data	meaning_control	127	not_272	not	h	P	own_context_log_prob_advantage_per_token	50	1	50.0	0.06899253385687582	0.0640143526768973	0.06899253385687582	0.0640143526768973	0.94	0.94	0.9359763539941239	0.9359763539941239	0.06707465385433752	0.06707465385433752	1.0	1.0	0.082216393379938	0.082216393379938	50.0	50	25.5
expanded_data	meaning_control	127	not_272	not	h	P_prime	own_context_log_prob_advantage_per_token	50	1	50.0	0.054614088534587164	0.04482540851859955	0.054614088534587164	0.04482540851859955	0.86	0.86	0.8561015963251292	0.8561015963251292	0.0537488757567286	0.0537488757567286	0.0	0.0	-0.0385460196709146	-0.0385460196709146	50.0	50	25.5
expanded_data	meaning_control	128	not_302	not	h	P	own_context_log_prob_advantage_per_token	50	1	50.0	0.006904238980156305	0.006873346575337599	0.006904238980156305	0.006873346575337599	0.8	0.8	0.80012557605766	0.80012557605766	0.0066566611976732965	0.0066566611976732965	1.0	1.0	0.0052520572275355	0.0052520572275355	50.0	50	25.5
expanded_data	meaning_control	128	not_302	not	h	P_prime	own_context_log_prob_advantage_per_token	50	1	50.0	0.000774510720239348	-9.615979497499963e-07	0.000774510720239348	-9.615979497499963e-07	0.5	0.5	0.5027882400367454	0.5027882400367454	0.0008383864895814605	0.0008383864895814605	1.0	1.0	0.0207188609820694	0.0207188609820694	50.0	50	25.5
expanded_data	meaning_control	129	not_309	not	h	P	own_context_log_prob_advantage_per_token	50	1	50.0	0.02010952644845765	0.0181008976001244	0.02010952644845765	0.0181008976001244	0.84	0.84	0.8376054418686145	0.8376054418686145	0.019923245214111613	0.019923245214111613	0.0	0.0	-0.0226527717378404	-0.0226527717378404	50.0	50	25.5
expanded_data	meaning_control	129	not_309	not	h	P_prime	own_context_log_prob_advantage_per_token	50	1	50.0	0.01775178440610467	0.02151119891380145	0.01775178440610467	0.02151119891380145	0.66	0.66	0.6484334694520044	0.6484334694520044	0.018071045728112356	0.018071045728112356	1.0	1.0	0.0033861297242184	0.0033861297242184	50.0	50	25.5
expanded_data	meaning_control	130	not_319	not	h	P	own_context_log_prob_advantage_per_token	50	1	50.0	0.11145010791834575	0.052320396554642795	0.11145010791834575	0.052320396554642795	1.0	1.0	1.0	1.0	0.11588189922907498	0.11588189922907498	1.0	1.0	0.0656155451484348	0.0656155451484348	50.0	50	25.5
expanded_data	meaning_control	130	not_319	not	h	P_prime	own_context_log_prob_advantage_per_token	50	1	50.0	0.5420238557274607	0.5583245157563756	0.5420238557274607	0.5583245157563756	0.9	0.9	0.9016782303808836	0.9016782303808836	0.5684672021420347	0.5684672021420347	1.0	1.0	1.005293538493495	1.005293538493495	50.0	50	29.1
expanded_data	meaning_control	131	not_367	not	h	P	own_context_log_prob_advantage_per_token	50	1	50.0	0.04129185905175125	0.04193702911428185	0.04129185905175125	0.04193702911428185	0.96	0.96	0.9729906470172774	0.9729906470172774	0.04146356872802989	0.04146356872802989	1.0	1.0	0.0625106239318847	0.0625106239318847	50.0	50	25.5
expanded_data	meaning_control	131	not_367	not	h	P_prime	own_context_log_prob_advantage_per_token	50	1	50.0	0.059649783494123684	0.0605298231490215	0.059649783494123684	0.0605298231490215	0.88	0.88	0.8549049918792326	0.8549049918792326	0.056800053205186336	0.056800053205186336	1.0	1.0	0.0124068800008521	0.0124068800008521	50.0	50	25.5
expanded_data	meaning_control	132	not_379	not	h	P	own_context_log_prob_advantage_per_token	50	1	50.0	0.33825659800571745	0.3111845393265996	0.33825659800571745	0.3111845393265996	0.96	0.96	0.969018234952946	0.969018234952946	0.3190803960604706	0.3190803960604706	1.0	1.0	0.1427656279669867	0.1427656279669867	50.0	50	34.74
expanded_data	meaning_control	132	not_379	not	h	P_prime	own_context_log_prob_advantage_per_token	50	1	50.0	0.7357127607980563	0.6574216905094328	0.7357127607980563	0.6574216905094328	1.0	1.0	1.0	1.0	0.7094670168260252	0.7094670168260252	1.0	1.0	0.7613534369367234	0.7613534369367234	50.0	50	25.5
expanded_data	meaning_control	133	not_383	not	h	P	own_context_log_prob_advantage_per_token	50	1	50.0	0.15335838920952485	0.10707561920086535	0.15335838920952485	0.10707561920086535	0.88	0.88	0.874251713644984	0.874251713644984	0.14267520621609492	0.14267520621609492	0.0	0.0	-0.00644169202665	-0.00644169202665	50.0	50	25.5
expanded_data	meaning_control	133	not_383	not	h	P_prime	own_context_log_prob_advantage_per_token	50	1	50.0	0.09078737067712601	0.07554094502420135	0.09078737067712601	0.07554094502420135	0.94	0.94	0.9351343000821379	0.9351343000821379	0.08899507165936132	0.08899507165936132	1.0	1.0	0.0407262337513458	0.0407262337513458	50.0	50	25.5
expanded_data	meaning_control	134	not_460	not	h	P	own_context_log_prob_advantage_per_token	50	1	50.0	0.5078648633876967	0.5080818074090141	0.5078648633876967	0.5080818074090141	1.0	1.0	1.0	1.0	0.5118721888854644	0.5118721888854644	1.0	1.0	0.3950315641634392	0.3950315641634392	50.0	50	25.92
expanded_data	meaning_control	134	not_460	not	h	P_prime	own_context_log_prob_advantage_per_token	50	1	50.0	0.9795435106724978	0.9607035722997452	0.9795435106724978	0.9607035722997452	1.0	1.0	1.0	1.0	0.9821777282744786	0.9821777282744786	1.0	1.0	0.9571298917134602	0.9571298917134602	50.0	50	25.5
expanded_data	meaning_control	135	not_686	not	h	P	own_context_log_prob_advantage_per_token	50	1	50.0	0.16324859072430264	0.15276052430594636	0.16324859072430264	0.15276052430594636	0.94	0.94	0.9459458694952848	0.9459458694952848	0.1668265042960908	0.1668265042960908	1.0	1.0	0.3241775725036859	0.3241775725036859	50.0	50	25.5
expanded_data	meaning_control	135	not_686	not	h	P_prime	own_context_log_prob_advantage_per_token	50	1	50.0	0.12140213874952867	0.10081451785737186	0.12140213874952867	0.10081451785737186	0.98	0.98	0.9757658018711926	0.9757658018711926	0.11748181479140384	0.11748181479140384	1.0	1.0	0.0722305722858595	0.0722305722858595	50.0	50	25.5
expanded_data	meaning_control	136	not_698	not	h	P	own_context_log_prob_advantage_per_token	50	1	50.0	0.502135138534803	0.5470378261607133	0.502135138534803	0.5470378261607133	1.0	1.0	1.0	1.0	0.493983116154084	0.493983116154084	1.0	1.0	0.481669897618501	0.481669897618501	50.0	50	25.5
expanded_data	meaning_control	136	not_698	not	h	P_prime	own_context_log_prob_advantage_per_token	50	1	50.0	0.3519791235795974	0.36639392619612826	0.3519791235795974	0.36639392619612826	0.94	0.94	0.9440030677497587	0.9440030677497587	0.3581999678206575	0.3581999678206575	1.0	1.0	0.0165632223260813	0.0165632223260813	50.0	50	25.52
expanded_data	meaning_control	137	not_702	not	h	P	own_context_log_prob_advantage_per_token	50	1	50.0	0.009899052084833186	0.008677922584747099	0.009899052084833186	0.008677922584747099	0.66	0.66	0.67239395229034	0.67239395229034	0.009906152954907071	0.009906152954907071	0.0	0.0	-0.0150187651316324	-0.0150187651316324	50.0	50	26.46
expanded_data	meaning_control	137	not_702	not	h	P_prime	own_context_log_prob_advantage_per_token	50	1	50.0	0.026764680850932875	0.01954400087847845	0.026764680850932875	0.01954400087847845	0.76	0.76	0.7500782948288625	0.7500782948288625	0.025448645603094358	0.025448645603094358	1.0	1.0	0.1142410198847453	0.1142410198847453	50.0	50	27.86
expanded_data	meaning_control	138	not_729	not	h	P	own_context_log_prob_advantage_per_token	50	1	50.0	0.6948373790570043	0.7312282919883728	0.6948373790570043	0.7312282919883728	1.0	1.0	1.0	1.0	0.6953308045933912	0.6953308045933912	1.0	1.0	0.7835090038103936	0.7835090038103936	50.0	50	28.1
expanded_data	meaning_control	138	not_729	not	h	P_prime	own_context_log_prob_advantage_per_token	50	1	50.0	1.0898129016544633	1.099374644941546	1.0898129016544633	1.099374644941546	1.0	1.0	1.0	1.0	1.10532407909812	1.10532407909812	1.0	1.0	1.4897513203322887	1.4897513203322887	50.0	50	25.5
expanded_data	meaning_control	139	not_768	not	h	P	own_context_log_prob_advantage_per_token	50	1	50.0	0.5710678206871322	0.5262166975122509	0.5710678206871322	0.5262166975122509	1.0	1.0	1.0	1.0	0.5809566628321778	0.5809566628321778	1.0	1.0	0.6983856360117593	0.6983856360117593	50.0	50	28.6
expanded_data	meaning_control	139	not_768	not	h	P_prime	own_context_log_prob_advantage_per_token	50	1	50.0	0.5604839992533268	0.530303700764974	0.5604839992533268	0.530303700764974	1.0	1.0	1.0	1.0	0.5606916325010187	0.5606916325010187	1.0	1.0	0.7255573211572109	0.7255573211572109	50.0	50	25.5
expanded_data	meaning_control	140	not_865	not	h	P	own_context_log_prob_advantage_per_token	50	1	50.0	0.010060005123083148	0.0077422261238097	0.010060005123083148	0.0077422261238097	0.64	0.64	0.6321432062222306	0.6321432062222306	0.009936309453996595	0.009936309453996595	1.0	1.0	0.0026031507961992	0.0026031507961992	50.0	50	25.5
expanded_data	meaning_control	140	not_865	not	h	P_prime	own_context_log_prob_advantage_per_token	50	1	50.0	0.013105621017064657	0.01094855432925015	0.013105621017064657	0.01094855432925015	0.78	0.78	0.7660035541298668	0.7660035541298668	0.01342919380238108	0.01342919380238108	1.0	1.0	0.0032369675843612	0.0032369675843612	50.0	50	25.5
expanded_data	meaning_control	141	not_949	not	h	P	own_context_log_prob_advantage_per_token	50	1	50.0	0.07901404250476599	0.07106186600698935	0.07901404250476599	0.07106186600698935	0.88	0.88	0.8824094481561503	0.8824094481561503	0.07553256841616003	0.07553256841616003	1.0	1.0	0.1160674354304437	0.1160674354304437	50.0	50	25.5
expanded_data	meaning_control	141	not_949	not	h	P_prime	own_context_log_prob_advantage_per_token	50	1	50.0	0.12416795438219155	0.09827372654595626	0.12416795438219155	0.09827372654595626	1.0	1.0	1.0	1.0	0.12250863005182863	0.12250863005182863	1.0	1.0	0.2558568448855959	0.2558568448855959	50.0	50	25.9
expanded_data	meaning_control	142	not_969	not	h	P	own_context_log_prob_advantage_per_token	50	1	50.0	0.04447209159046386	0.0380453401316816	0.04447209159046386	0.0380453401316816	0.92	0.92	0.9343124660933523	0.9343124660933523	0.04567227807016009	0.04567227807016009	1.0	1.0	0.05108802733214	0.05108802733214	50.0	50	25.5
expanded_data	meaning_control	142	not_969	not	h	P_prime	own_context_log_prob_advantage_per_token	50	1	50.0	0.0401312097841164	0.01534888262383665	0.0401312097841164	0.01534888262383665	0.7	0.7	0.6690336297383934	0.6690336297383934	0.03589640925985607	0.03589640925985607	0.0	0.0	-0.0179190791171529	-0.0179190791171529	50.0	50	26.16
expanded_data	meaning_control	143	not_1154	not	h	P	own_context_log_prob_advantage_per_token	50	1	50.0	0.002860188084163842	0.0042938581411389	0.002860188084163842	0.0042938581411389	0.64	0.64	0.6745146591018296	0.6745146591018296	0.0036678472944467024	0.0036678472944467024	1.0	1.0	0.0179440637429555	0.0179440637429555	50.0	50	25.5
expanded_data	meaning_control	143	not_1154	not	h	P_prime	own_context_log_prob_advantage_per_token	50	1	50.0	0.004015276052568558	0.0031928333683289498	0.004015276052568558	0.0031928333683289498	0.6	0.6	0.5800412862298033	0.5800412862298033	0.0037513444425552925	0.0037513444425552925	0.0	0.0	-0.0031651172085085	-0.0031651172085085	50.0	50	25.5
expanded_data	meaning_control	144	not_1270	not	h	P	own_context_log_prob_advantage_per_token	50	1	50.0	0.41707602821481166	0.37705506996976	0.41707602821481166	0.37705506996976	1.0	1.0	1.0	1.0	0.4056996352304326	0.4056996352304326	1.0	1.0	0.4824487704497117	0.4824487704497117	50.0	50	27.74
expanded_data	meaning_control	144	not_1270	not	h	P_prime	own_context_log_prob_advantage_per_token	50	1	50.0	0.5968825709010481	0.6328479067080977	0.5968825709010481	0.6328479067080977	0.94	0.94	0.9414367774563502	0.9414367774563502	0.588453361076679	0.588453361076679	1.0	1.0	0.4653337453973705	0.4653337453973705	50.0	50	26.3
expanded_data	meaning_control	145	not_1286	not	h	P	own_context_log_prob_advantage_per_token	50	1	50.0	0.09746376765557133	0.0705897458221601	0.09746376765557133	0.0705897458221601	0.94	0.94	0.9337220491816941	0.9337220491816941	0.09722378969482479	0.09722378969482479	1.0	1.0	0.3171347280343374	0.3171347280343374	50.0	50	25.5
expanded_data	meaning_control	145	not_1286	not	h	P_prime	own_context_log_prob_advantage_per_token	50	1	50.0	0.08364423446225697	0.06595470867113334	0.08364423446225697	0.06595470867113334	0.96	0.96	0.9708965776601186	0.9708965776601186	0.08350436689772199	0.08350436689772199	1.0	1.0	0.0763037999471027	0.0763037999471027	50.0	50	25.5
expanded_data	meaning_control	146	not_1347	not	h	P	own_context_log_prob_advantage_per_token	50	1	50.0	0.10683294965117268	0.0980586346774595	0.10683294965117268	0.0980586346774595	0.96	0.96	0.9587887968501921	0.9587887968501921	0.10616179857194143	0.10616179857194143	1.0	1.0	0.0738156080245971	0.0738156080245971	50.0	50	25.5
expanded_data	meaning_control	146	not_1347	not	h	P_prime	own_context_log_prob_advantage_per_token	50	1	50.0	0.147187733066463	0.11955110182643595	0.147187733066463	0.11955110182643595	0.86	0.86	0.8524131627425399	0.8524131627425399	0.1434011219306487	0.1434011219306487	1.0	1.0	0.1328728043514749	0.1328728043514749	50.0	50	25.5
expanded_data	meaning_control	147	not_1353	not	h	P	own_context_log_prob_advantage_per_token	50	1	50.0	0.05265886638095489	0.0280188849006873	0.05265886638095489	0.0280188849006873	0.86	0.86	0.8580703270810083	0.8580703270810083	0.050906820862227156	0.050906820862227156	1.0	1.0	0.1322544735410938	0.1322544735410938	50.0	50	25.5
expanded_data	meaning_control	147	not_1353	not	h	P_prime	own_context_log_prob_advantage_per_token	50	1	50.0	0.04273117946695961	0.033187546884417204	0.04273117946695961	0.033187546884417204	0.94	0.94	0.9360484505588046	0.9360484505588046	0.042084307716825295	0.042084307716825295	1.0	1.0	0.0350174955699754	0.0350174955699754	50.0	50	25.5
expanded_data	meaning_control	148	not_1385	not	h	P	own_context_log_prob_advantage_per_token	50	1	50.0	0.29031452339352376	0.2651986845872468	0.29031452339352376	0.2651986845872468	1.0	1.0	1.0	1.0	0.2994311738080846	0.2994311738080846	1.0	1.0	0.0389360431311787	0.0389360431311787	50.0	50	25.5
expanded_data	meaning_control	148	not_1385	not	h	P_prime	own_context_log_prob_advantage_per_token	50	1	50.0	0.5964281003091639	0.5978671861288352	0.5964281003091639	0.5978671861288352	1.0	1.0	1.0	1.0	0.6110830724287775	0.6110830724287775	1.0	1.0	0.2560144887454267	0.2560144887454267	50.0	50	25.5
expanded_data	meaning_control	149	not_1406	not	h	P	own_context_log_prob_advantage_per_token	50	1	50.0	0.31826691896071396	0.2905002867474275	0.31826691896071396	0.2905002867474275	1.0	1.0	1.0	1.0	0.3176147599908896	0.3176147599908896	1.0	1.0	0.2228694242589614	0.2228694242589614	50.0	50	25.5
expanded_data	meaning_control	149	not_1406	not	h	P_prime	own_context_log_prob_advantage_per_token	50	1	50.0	0.45693076011631334	0.4107804766337796	0.45693076011631334	0.4107804766337796	0.98	0.98	0.9768102083429689	0.9768102083429689	0.45545484198918534	0.45545484198918534	1.0	1.0	0.4412781238555908	0.4412781238555908	50.0	50	25.5
expanded_data	meaning_control	150	not_1570	not	h	P	own_context_log_prob_advantage_per_token	50	1	50.0	0.06637252683907885	0.052662202087608495	0.06637252683907885	0.052662202087608495	0.9	0.9	0.8956504709467942	0.8956504709467942	0.0640756953310564	0.0640756953310564	1.0	1.0	0.1270683243356902	0.1270683243356902	50.0	50	25.5
expanded_data	meaning_control	150	not_1570	not	h	P_prime	own_context_log_prob_advantage_per_token	50	1	50.0	0.09676794560521108	0.08911309161253615	0.09676794560521108	0.08911309161253615	0.9	0.9	0.9057426519929312	0.9057426519929312	0.09765860828723624	0.09765860828723624	1.0	1.0	0.0871600493406637	0.0871600493406637	50.0	50	25.5
expanded_data	meaning_control	151	not_1602	not	h	P	own_context_log_prob_advantage_per_token	50	1	50.0	0.09331030798730094	0.09843440020554939	0.09331030798730094	0.09843440020554939	0.96	0.96	0.9627073697941884	0.9627073697941884	0.09444756134997995	0.09444756134997995	1.0	1.0	0.1117382316753782	0.1117382316753782	50.0	50	25.5
expanded_data	meaning_control	151	not_1602	not	h	P_prime	own_context_log_prob_advantage_per_token	50	1	50.0	0.09912599181914797	0.09490496697633155	0.09912599181914797	0.09490496697633155	0.96	0.96	0.9582634013693548	0.9582634013693548	0.09953990008145056	0.09953990008145056	1.0	1.0	0.1506432847700257	0.1506432847700257	50.0	50	25.5
expanded_data	meaning_control	152	not_1608	not	h	P	own_context_log_prob_advantage_per_token	50	1	50.0	0.01019131322859742	0.0133851601616028	0.01019131322859742	0.0133851601616028	0.66	0.66	0.6538221909728225	0.6538221909728225	0.010041209405168356	0.010041209405168356	1.0	1.0	0.0072256661951541	0.0072256661951541	50.0	50	25.5
expanded_data	meaning_control	152	not_1608	not	h	P_prime	own_context_log_prob_advantage_per_token	50	1	50.0	0.0012842305434660267	-0.00010526040652843447	0.0012842305434660267	-0.00010526040652843447	0.48	0.48	0.4700897215953806	0.4700897215953806	0.0007074460351174342	0.0007074460351174342	0.0	0.0	-0.0038586240261793	-0.0038586240261793	50.0	50	25.5
expanded_data	meaning_control	153	not_1647	not	h	P	own_context_log_prob_advantage_per_token	50	1	50.0	0.014840435922208217	0.01548181487655325	0.014840435922208217	0.01548181487655325	0.7	0.7	0.7060027701266893	0.7060027701266893	0.015107372963473519	0.015107372963473519	0.0	0.0	-0.0079513598179471	-0.0079513598179471	50.0	50	25.5
expanded_data	meaning_control	153	not_1647	not	h	P_prime	own_context_log_prob_advantage_per_token	50	1	50.0	0.015867796072914952	0.0138571815163481	0.015867796072914952	0.0138571815163481	0.76	0.76	0.7657382319403925	0.7657382319403925	0.016456172394386882	0.016456172394386882	1.0	1.0	0.0236413254254106	0.0236413254254106	50.0	50	25.5
expanded_data	meaning_control	154	not_1663	not	h	P	own_context_log_prob_advantage_per_token	50	1	50.0	0.010059678101882696	0.00987216528334645	0.010059678101882696	0.00987216528334645	0.78	0.78	0.7925066623365538	0.7925066623365538	0.010571654493780364	0.010571654493780364	1.0	1.0	0.0003008842468261	0.0003008842468261	50.0	50	26.86
expanded_data	meaning_control	154	not_1663	not	h	P_prime	own_context_log_prob_advantage_per_token	50	1	50.0	-8.245182820146468e-05	-0.0028382398527907002	-8.245182820146468e-05	-0.0028382398527907002	0.38	0.38	0.37770208828325447	0.37770208828325447	0.00018061819119001956	0.00018061819119001956	1.0	1.0	0.0052116462162562	0.0052116462162562	50.0	50	25.84
expanded_data	meaning_control	155	not_1668	not	h	P	own_context_log_prob_advantage_per_token	50	1	50.0	0.3822893377113274	0.3829070051604517	0.3822893377113274	0.3829070051604517	1.0	1.0	1.0	1.0	0.37084252428908565	0.37084252428908565	1.0	1.0	0.4454429149627685	0.4454429149627685	50.0	50	25.5
expanded_data	meaning_control	155	not_1668	not	h	P_prime	own_context_log_prob_advantage_per_token	50	1	50.0	0.502354520255706	0.4985150712909121	0.502354520255706	0.4985150712909121	1.0	1.0	1.0	1.0	0.5140426259030186	0.5140426259030186	1.0	1.0	0.2476068049669265	0.2476068049669265	50.0	50	25.5
expanded_data	meaning_control	156	not_1686	not	h	P	own_context_log_prob_advantage_per_token	50	1	50.0	0.07949956554908684	0.07563465574513309	0.07949956554908684	0.07563465574513309	0.92	0.92	0.9095957669925357	0.9095957669925357	0.07777217263554456	0.07777217263554456	1.0	1.0	0.0889543926014619	0.0889543926014619	50.0	50	25.5
expanded_data	meaning_control	156	not_1686	not	h	P_prime	own_context_log_prob_advantage_per_token	50	1	50.0	0.12598082800641394	0.0630428410958552	0.12598082800641394	0.0630428410958552	0.98	0.98	0.9824520228183957	0.9824520228183957	0.13228077511934971	0.13228077511934971	1.0	1.0	0.0263580203056335	0.0263580203056335	50.0	50	25.5
expanded_data	meaning_control	157	not_1697	not	h	P	own_context_log_prob_advantage_per_token	50	1	50.0	0.013013424555341902	0.014726623775953851	0.013013424555341902	0.014726623775953851	0.7	0.7	0.7173539857770397	0.7173539857770397	0.014177098106894211	0.014177098106894211	1.0	1.0	0.0138331174850464	0.0138331174850464	50.0	50	25.5
expanded_data	meaning_control	157	not_1697	not	h	P_prime	own_context_log_prob_advantage_per_token	50	1	50.0	0.013322663525448562	0.016110165620711	0.013322663525448562	0.016110165620711	0.7	0.7	0.6898602103562366	0.6898602103562366	0.012877668616427853	0.012877668616427853	0.0	0.0	-0.0607400404082404	-0.0607400404082404	50.0	50	25.5
expanded_data	meaning_control	158	not_1700	not	h	P	own_context_log_prob_advantage_per_token	50	1	50.0	0.14562105238988501	0.1335256980224089	0.14562105238988501	0.1335256980224089	0.9	0.9	0.9007103323102768	0.9007103323102768	0.14100280074985178	0.14100280074985178	1.0	1.0	0.0391686807076136	0.0391686807076136	50.0	50	25.5
expanded_data	meaning_control	158	not_1700	not	h	P_prime	own_context_log_prob_advantage_per_token	50	1	50.0	0.158879027872926	0.0920008416078528	0.158879027872926	0.0920008416078528	0.96	0.96	0.9605189031358209	0.9605189031358209	0.15542593045117345	0.15542593045117345	1.0	1.0	0.0721978664398193	0.0721978664398193	50.0	50	25.5
expanded_data	meaning_control	159	not_1721	not	h	P	own_context_log_prob_advantage_per_token	50	1	50.0	0.06539544688834079	0.06829672130020531	0.06539544688834079	0.06829672130020531	0.96	0.96	0.9636088959817912	0.9636088959817912	0.06498885612430916	0.06498885612430916	1.0	1.0	0.0790641670641691	0.0790641670641691	50.0	50	30.44
expanded_data	meaning_control	159	not_1721	not	h	P_prime	own_context_log_prob_advantage_per_token	50	1	50.0	0.05062940440184091	0.0392809973313258	0.05062940440184091	0.0392809973313258	0.9	0.9	0.8926185105662904	0.8926185105662904	0.04632453452577015	0.04632453452577015	1.0	1.0	0.0100779577537819	0.0100779577537819	50.0	50	25.62
expanded_data	meaning_control	160	not_1754	not	h	P	own_context_log_prob_advantage_per_token	50	1	50.0	0.0023214565174457303	0.0006520114768388	0.0023214565174457303	0.0006520114768388	0.52	0.52	0.5081212101456989	0.5081212101456989	0.0022968428573365714	0.0022968428573365714	0.0	0.0	-0.0061321438483471	-0.0061321438483471	50.0	50	25.5
expanded_data	meaning_control	160	not_1754	not	h	P_prime	own_context_log_prob_advantage_per_token	50	1	50.0	0.005883879635631837	0.006651788123168001	0.005883879635631837	0.006651788123168001	0.64	0.64	0.6496510510031283	0.6496510510031283	0.006039005435869347	0.006039005435869347	1.0	1.0	0.0137279712236844	0.0137279712236844	50.0	50	25.5
expanded_data	meaning_control	161	not_1760	not	h	P	own_context_log_prob_advantage_per_token	50	1	50.0	0.17112064536033367	0.1463304114953065	0.17112064536033367	0.1463304114953065	1.0	1.0	1.0	1.0	0.17370431980091258	0.17370431980091258	1.0	1.0	0.0915791075280372	0.0915791075280372	50.0	50	25.5
expanded_data	meaning_control	161	not_1760	not	h	P_prime	own_context_log_prob_advantage_per_token	50	1	50.0	0.4788487948986323	0.43531216176270626	0.4788487948986323	0.43531216176270626	0.94	0.94	0.940604364260951	0.940604364260951	0.49260125015269157	0.49260125015269157	1.0	1.0	0.1326375915890648	0.1326375915890648	50.0	50	25.5
expanded_data	meaning_control	162	not_1761	not	h	P	own_context_log_prob_advantage_per_token	50	1	50.0	0.16422206203072176	0.16866583984995645	0.16422206203072176	0.16866583984995645	1.0	1.0	1.0	1.0	0.15649038147740352	0.15649038147740352	1.0	1.0	0.1316693740732529	0.1316693740732529	50.0	50	26.34
expanded_data	meaning_control	162	not_1761	not	h	P_prime	own_context_log_prob_advantage_per_token	50	1	50.0	0.44083980463978356	0.38541289794924827	0.44083980463978356	0.38541289794924827	1.0	1.0	1.0	1.0	0.4206522483232229	0.4206522483232229	1.0	1.0	0.2438470852084276	0.2438470852084276	50.0	50	26.66
expanded_data	meaning_control	163	not_1774	not	h	P	own_context_log_prob_advantage_per_token	50	1	50.0	0.12924785943692482	0.12311185703233431	0.12924785943692482	0.12311185703233431	0.98	0.98	0.9874934874755373	0.9874934874755373	0.13106876780871554	0.13106876780871554	1.0	1.0	0.2062424884902106	0.2062424884902106	50.0	50	25.5
expanded_data	meaning_control	163	not_1774	not	h	P_prime	own_context_log_prob_advantage_per_token	50	1	50.0	0.06729773560216089	0.061740029659195804	0.06729773560216089	0.061740029659195804	0.92	0.92	0.9279231725793797	0.9279231725793797	0.06750977749122813	0.06750977749122813	1.0	1.0	0.0590754868327707	0.0590754868327707	50.0	50	25.5
expanded_data	meaning_control	164	not_1776	not	h	P	own_context_log_prob_advantage_per_token	50	1	50.0	0.47935604250474567	0.44827989737192786	0.47935604250474567	0.44827989737192786	1.0	1.0	1.0	1.0	0.4770793541376665	0.4770793541376665	1.0	1.0	0.4616765245314567	0.4616765245314567	50.0	50	28.06
expanded_data	meaning_control	164	not_1776	not	h	P_prime	own_context_log_prob_advantage_per_token	50	1	50.0	0.7576865978455607	0.7523664308504926	0.7576865978455607	0.7523664308504926	1.0	1.0	1.0	1.0	0.7601111210606141	0.7601111210606141	1.0	1.0	1.0582448914647102	1.0582448914647102	50.0	50	28.48
expanded_data	meaning_control	165	not_1804	not	h	P	own_context_log_prob_advantage_per_token	50	1	50.0	0.5637555731110375	0.5593914357199277	0.5637555731110375	0.5593914357199277	1.0	1.0	1.0	1.0	0.5728332786935909	0.5728332786935909	1.0	1.0	0.7261176459929523	0.7261176459929523	50.0	50	29.44
expanded_data	meaning_control	165	not_1804	not	h	P_prime	own_context_log_prob_advantage_per_token	50	1	50.0	0.6689587716336471	0.6205355180590821	0.6689587716336471	0.6205355180590821	1.0	1.0	1.0	1.0	0.6684094461158256	0.6684094461158256	1.0	1.0	1.3295279608832464	1.3295279608832464	50.0	50	27.12
expanded_data	meaning_control	166	not_1819	not	h	P	own_context_log_prob_advantage_per_token	50	1	50.0	0.011101020017536233	0.007533268323020301	0.011101020017536233	0.007533268323020301	0.76	0.76	0.7517149325335655	0.7517149325335655	0.010925910071072171	0.010925910071072171	1.0	1.0	0.0269644054082723	0.0269644054082723	50.0	50	25.5
expanded_data	meaning_control	166	not_1819	not	h	P_prime	own_context_log_prob_advantage_per_token	50	1	50.0	0.0011472469085172321	0.00347321279920065	0.0011472469085172321	0.00347321279920065	0.58	0.58	0.5831063675916771	0.5831063675916771	0.0012193070419668495	0.0012193070419668495	1.0	1.0	0.0090637298730703	0.0090637298730703	50.0	50	25.5
expanded_data	meaning_control	167	not_2047	not	h	P	own_context_log_prob_advantage_per_token	50	1	50.0	0.23605077955299375	0.22008803926833503	0.23605077955299375	0.22008803926833503	1.0	1.0	1.0	1.0	0.23681947471507886	0.23681947471507886	1.0	1.0	0.2747420741800677	0.2747420741800677	50.0	50	25.5
expanded_data	meaning_control	167	not_2047	not	h	P_prime	own_context_log_prob_advantage_per_token	50	1	50.0	0.3498797796990823	0.3143306784985358	0.3498797796990823	0.3143306784985358	1.0	1.0	1.0	1.0	0.3465707681559256	0.3465707681559256	1.0	1.0	0.3894275672295514	0.3894275672295514	50.0	50	25.5
expanded_data	meaning_control	168	not_2138	not	h	P	own_context_log_prob_advantage_per_token	50	1	50.0	0.007101144357755996	0.0090159600202123	0.007101144357755996	0.0090159600202123	0.74	0.74	0.7348169832257047	0.7348169832257047	0.006808025667346318	0.006808025667346318	1.0	1.0	0.0014619412629499	0.0014619412629499	50.0	50	25.5
expanded_data	meaning_control	168	not_2138	not	h	P_prime	own_context_log_prob_advantage_per_token	50	1	50.0	0.004114878995151965	0.00188590510416835	0.004114878995151965	0.00188590510416835	0.6	0.6	0.6111833741351433	0.6111833741351433	0.0043445005074165	0.0043445005074165	0.0	0.0	-0.017930619052199	-0.017930619052199	50.0	50	25.5
expanded_data	meaning_control	169	not_2142	not	h	P	own_context_log_prob_advantage_per_token	50	1	50.0	0.01688927136115961	0.01665720645932175	0.01688927136115961	0.01665720645932175	0.9	0.9	0.9103440541048966	0.9103440541048966	0.0175504750248917	0.0175504750248917	1.0	1.0	0.0123041781826296	0.0123041781826296	50.0	50	25.5
expanded_data	meaning_control	169	not_2142	not	h	P_prime	own_context_log_prob_advantage_per_token	50	1	50.0	0.00684943506794774	0.00225028957145805	0.00684943506794774	0.00225028957145805	0.56	0.56	0.5372877374135595	0.5372877374135595	0.006507522039866046	0.006507522039866046	0.0	0.0	-0.0161241966745127	-0.0161241966745127	50.0	50	25.5
expanded_data	meaning_control	170	not_2148	not	h	P	own_context_log_prob_advantage_per_token	50	1	50.0	1.0059165313427403	0.9923866037435892	1.0059165313427403	0.9923866037435892	1.0	1.0	1.0	1.0	1.000892684881704	1.000892684881704	1.0	1.0	1.2983838140964508	1.2983838140964508	50.0	50	25.5
expanded_data	meaning_control	170	not_2148	not	h	P_prime	own_context_log_prob_advantage_per_token	50	1	50.0	1.0645928023297606	1.0223606394707523	1.0645928023297606	1.0223606394707523	1.0	1.0	1.0	1.0	1.0653715683016955	1.0653715683016955	1.0	1.0	1.044393786569921	1.044393786569921	50.0	50	25.5
expanded_data	meaning_control	171	not_2160	not	h	P	own_context_log_prob_advantage_per_token	50	1	50.0	0.10158725781403855	0.09014574202095585	0.10158725781403855	0.09014574202095585	0.96	0.96	0.9546990285996322	0.9546990285996322	0.09875913135958177	0.09875913135958177	1.0	1.0	0.1302394313471657	0.1302394313471657	50.0	50	25.5
expanded_data	meaning_control	171	not_2160	not	h	P_prime	own_context_log_prob_advantage_per_token	50	1	50.0	0.06063063855210443	0.060124704429695155	0.06063063855210443	0.060124704429695155	0.84	0.84	0.8510755634814124	0.8510755634814124	0.06411393459050052	0.06411393459050052	1.0	1.0	0.1202903281558643	0.1202903281558643	50.0	50	25.5
expanded_data	meaning_control	172	not_2168	not	h	P	own_context_log_prob_advantage_per_token	50	1	50.0	0.08477809351277914	0.07882040425350789	0.08477809351277914	0.07882040425350789	0.76	0.76	0.7702530356485591	0.7702530356485591	0.08859636394098515	0.08859636394098515	1.0	1.0	0.0355480333854412	0.0355480333854412	50.0	50	25.84
expanded_data	meaning_control	172	not_2168	not	h	P_prime	own_context_log_prob_advantage_per_token	50	1	50.0	0.06624764354834617	0.0376159591807259	0.06624764354834617	0.0376159591807259	0.86	0.86	0.8579856853680251	0.8579856853680251	0.06076261971902443	0.06076261971902443	1.0	1.0	0.0413080573081969	0.0413080573081969	50.0	50	26.06
expanded_data	meaning_control	173	not_2378	not	h	P	own_context_log_prob_advantage_per_token	50	1	50.0	-0.002789730921605374	-0.0007785251580169	-0.002789730921605374	-0.0007785251580169	0.46	0.46	0.4587229628968566	0.4587229628968566	-0.0025478712491670426	-0.0025478712491670426	0.0	0.0	-0.0119858898899771	-0.0119858898899771	50.0	50	25.5
expanded_data	meaning_control	173	not_2378	not	h	P_prime	own_context_log_prob_advantage_per_token	50	1	50.0	0.00964498733451118	0.007681490743861451	0.00964498733451118	0.007681490743861451	0.82	0.82	0.8245704975308037	0.8245704975308037	0.009257350587321335	0.009257350587321335	1.0	1.0	0.0052969937141125	0.0052969937141125	50.0	50	25.5
expanded_data	meaning_control	174	not_2405	not	h	P	own_context_log_prob_advantage_per_token	50	1	50.0	0.24465237220622896	0.24590897066424589	0.24465237220622896	0.24590897066424589	0.98	0.98	0.9856282226746433	0.9856282226746433	0.24576672620144582	0.24576672620144582	1.0	1.0	0.1305282789727916	0.1305282789727916	50.0	50	25.5
expanded_data	meaning_control	174	not_2405	not	h	P_prime	own_context_log_prob_advantage_per_token	50	1	50.0	0.2609560930817071	0.1903421760757188	0.2609560930817071	0.1903421760757188	1.0	1.0	1.0	1.0	0.2635213550158471	0.2635213550158471	1.0	1.0	0.3071804333616186	0.3071804333616186	50.0	50	25.5
expanded_data	meaning_control	175	not_2456	not	h	P	own_context_log_prob_advantage_per_token	50	1	50.0	0.006895092977890807	0.00528796686642405	0.006895092977890807	0.00528796686642405	0.62	0.62	0.6145150494964675	0.6145150494964675	0.00663799238989498	0.00663799238989498	0.0	0.0	-0.0331250861071158	-0.0331250861071158	50.0	50	25.5
expanded_data	meaning_control	175	not_2456	not	h	P_prime	own_context_log_prob_advantage_per_token	50	1	50.0	0.012342696180245695	0.011543786180192049	0.012342696180245695	0.011543786180192049	0.82	0.82	0.820967016042914	0.820967016042914	0.012332013383738363	0.012332013383738363	1.0	1.0	0.0108414283697155	0.0108414283697155	50.0	50	25.6
expanded_data	meaning_control	176	not_2467	not	h	P	own_context_log_prob_advantage_per_token	50	1	50.0	0.5032717688741319	0.4901413203247132	0.5032717688741319	0.4901413203247132	1.0	1.0	1.0	1.0	0.5068482184512667	0.5068482184512667	1.0	1.0	0.7152728372149997	0.7152728372149997	50.0	50	26.66
expanded_data	meaning_control	176	not_2467	not	h	P_prime	own_context_log_prob_advantage_per_token	50	1	50.0	0.9542348474968244	0.8969287851734844	0.9542348474968244	0.8969287851734844	1.0	1.0	1.0	1.0	0.9549806183636743	0.9549806183636743	1.0	1.0	0.9831585592693752	0.9831585592693752	50.0	50	25.5
expanded_data	meaning_control	177	not_2497	not	h	P	own_context_log_prob_advantage_per_token	50	1	50.0	0.26742444226168954	0.23669832455806245	0.26742444226168954	0.23669832455806245	1.0	1.0	1.0	1.0	0.2582317388653157	0.2582317388653157	1.0	1.0	0.3305852125430929	0.3305852125430929	50.0	50	31.46
expanded_data	meaning_control	177	not_2497	not	h	P_prime	own_context_log_prob_advantage_per_token	50	1	50.0	0.49239376672017443	0.41029737033887637	0.49239376672017443	0.41029737033887637	1.0	1.0	1.0	1.0	0.478506689097269	0.478506689097269	1.0	1.0	0.4254660053529601	0.4254660053529601	50.0	50	25.5
expanded_data	meaning_control	178	not_2551	not	h	P	own_context_log_prob_advantage_per_token	50	1	50.0	0.2618189239923703	0.2439013599285788	0.2618189239923703	0.2439013599285788	0.98	0.98	0.9757517617528387	0.9757517617528387	0.2594567971312988	0.2594567971312988	1.0	1.0	0.3306413888931274	0.3306413888931274	50.0	50	25.5
expanded_data	meaning_control	178	not_2551	not	h	P_prime	own_context_log_prob_advantage_per_token	50	1	50.0	0.4101467209459411	0.396486833691597	0.4101467209459411	0.396486833691597	1.0	1.0	1.0	1.0	0.41462421044880643	0.41462421044880643	1.0	1.0	0.4077033251523971	0.4077033251523971	50.0	50	25.5
expanded_data	meaning_control	179	not_2698	not	h	P	own_context_log_prob_advantage_per_token	50	1	50.0	0.09267099577347954	0.09164832294851111	0.09267099577347954	0.09164832294851111	0.96	0.96	0.9732620764883717	0.9732620764883717	0.09629872315558782	0.09629872315558782	1.0	1.0	0.0825983728681292	0.0825983728681292	50.0	50	25.5
expanded_data	meaning_control	179	not_2698	not	h	P_prime	own_context_log_prob_advantage_per_token	50	1	50.0	0.14838637371017152	0.1192341818325761	0.14838637371017152	0.1192341818325761	0.94	0.94	0.931625478228891	0.931625478228891	0.14826332245035304	0.14826332245035304	1.0	1.0	0.0917736360992211	0.0917736360992211	50.0	50	26.08
