particle	train_fold	source_row_index	pool_row_index	component	layer_index	position_label	position_order	corruption_mode	clean_patch_position	corrupted_patch_position	clean_log_prob_per_token	corrupted_log_prob_per_token	patched_log_prob_per_token	raw_delta_per_token	restoration	restoration_clipped
not	0	122	73	resid	0	utterance_final	0	prompt_without	29	28	-0.4875379034451076	-1.7351864661489214	-1.7314095156533378	0.0037769504955835753	0.0030272551169364887	0.0030272551169364887
not	0	124	1	resid	0	utterance_final	0	prompt_without	25	24	-0.49492383003234863	-2.7977982838948567	-2.7979586283365885	-0.00016034444173174123	-6.962795625389073e-05	0.0
not	0	133	197	resid	0	utterance_final	0	prompt_without	50	49	-0.6861604635532086	-1.6139427515176625	-1.6165566719495332	-0.0026139204318706977	-0.0028173855717871224	0.0
not	0	134	116	resid	0	utterance_final	0	prompt_without	45	44	-0.7970086511443643	-1.7582361698150635	-1.748739175936755	0.00949699387830849	0.009880068655797613	0.009880068655797613
not	0	122	73	resid	1	utterance_final	0	prompt_without	29	28	-0.4875379034451076	-1.7351864661489214	-1.748636245727539	-0.013449779578617704	-0.010780102651238835	0.0
not	0	124	1	resid	1	utterance_final	0	prompt_without	25	24	-0.49492383003234863	-2.7977982838948567	-2.7730305353800455	0.024767748514811228	0.010755144933441506	0.010755144933441506
not	0	133	197	resid	1	utterance_final	0	prompt_without	50	49	-0.6861604635532086	-1.6139427515176625	-1.6142268089147715	-0.00028405739710901656	-0.0003061681612097122	0.0
not	0	134	116	resid	1	utterance_final	0	prompt_without	45	44	-0.7970086511443643	-1.7582361698150635	-1.6785706106354208	0.07966555917964269	0.08287898300062589	0.08287898300062589
not	0	122	73	resid	2	utterance_final	0	prompt_without	29	28	-0.4875379034451076	-1.7351864661489214	-1.7586653232574463	-0.02347885710852493	-0.01881848607883878	0.0
not	0	124	1	resid	2	utterance_final	0	prompt_without	25	24	-0.49492383003234863	-2.7977982838948567	-2.74079958597819	0.056998697916666785	0.02475110956268824	0.02475110956268824
not	0	133	197	resid	2	utterance_final	0	prompt_without	50	49	-0.6861604635532086	-1.6139427515176625	-1.6176482897538405	-0.0037055382361779188	-0.003993973892633623	0.0
not	0	134	116	resid	2	utterance_final	0	prompt_without	45	44	-0.7970086511443643	-1.7582361698150635	-1.6032500547521256	0.1549861150629379	0.161237700807059	0.161237700807059
not	0	122	73	resid	3	utterance_final	0	prompt_without	29	28	-0.4875379034451076	-1.7351864661489214	-1.6989122799464635	0.036274186202457814	0.02907404159056379	0.02907404159056379
not	0	124	1	resid	3	utterance_final	0	prompt_without	25	24	-0.49492383003234863	-2.7977982838948567	-2.5080636660257976	0.2897346178690592	0.12581433494261934	0.12581433494261934
not	0	133	197	resid	3	utterance_final	0	prompt_without	50	49	-0.6861604635532086	-1.6139427515176625	-1.624211916556725	-0.0102691650390625	-0.011068507312844866	0.0
not	0	134	116	resid	3	utterance_final	0	prompt_without	45	44	-0.7970086511443643	-1.7582361698150635	-0.848804277532241	0.9094318922828225	0.9461151232337731	0.9461151232337731
not	0	122	73	resid	4	utterance_final	0	prompt_without	29	28	-0.4875379034451076	-1.7351864661489214	-1.6595683693885803	0.07561809676034104	0.06060849106135062	0.06060849106135062
not	0	124	1	resid	4	utterance_final	0	prompt_without	25	24	-0.49492383003234863	-2.7977982838948567	-2.1677539666493733	0.6300443172454835	0.2735903888241664	0.2735903888241664
not	0	133	197	resid	4	utterance_final	0	prompt_without	50	49	-0.6861604635532086	-1.6139427515176625	-1.6236848739477305	-0.009742122430068001	-0.010500440196419497	0.0
not	0	134	116	resid	4	utterance_final	0	prompt_without	45	44	-0.7970086511443643	-1.7582361698150635	-0.8439592719078064	0.9142768979072571	0.9511555590622591	0.9511555590622591
not	0	122	73	resid	5	utterance_final	0	prompt_without	29	28	-0.4875379034451076	-1.7351864661489214	-1.4706924642835344	0.26449400186538696	0.21199399395948063	0.21199399395948063
not	0	124	1	resid	5	utterance_final	0	prompt_without	25	24	-0.49492383003234863	-2.7977982838948567	-1.831181319554647	0.9666169643402098	0.41974366545208164	0.41974366545208164
not	0	133	197	resid	5	utterance_final	0	prompt_without	50	49	-0.6861604635532086	-1.6139427515176625	-1.644151577582726	-0.030208826065063477	-0.032560253043137276	0.0
not	0	134	116	resid	5	utterance_final	0	prompt_without	45	44	-0.7970086511443643	-1.7582361698150635	-0.8312145646880654	0.927021605126998	0.964414342203805	0.964414342203805
not	0	122	73	resid	6	utterance_final	0	prompt_without	29	28	-0.4875379034451076	-1.7351864661489214	-1.3002001643180847	0.43498630183083664	0.3486448947515844	0.3486448947515844
not	0	124	1	resid	6	utterance_final	0	prompt_without	25	24	-0.49492383003234863	-2.7977982838948567	-1.672691774368286	1.1251065095265707	0.4885661515934922	0.4885661515934922
not	0	133	197	resid	6	utterance_final	0	prompt_without	50	49	-0.6861604635532086	-1.6139427515176625	-1.636147746672997	-0.022204995155334473	-0.023933411365345242	0.0
not	0	134	116	resid	6	utterance_final	0	prompt_without	45	44	-0.7970086511443643	-1.7582361698150635	-0.8386150212848887	0.9196211485301747	0.9567153776474661	0.9567153776474661
not	0	122	73	resid	7	utterance_final	0	prompt_without	29	28	-0.4875379034451076	-1.7351864661489214	-1.217355830328805	0.5178306358201163	0.41504527099996114	0.41504527099996114
not	0	124	1	resid	7	utterance_final	0	prompt_without	25	24	-0.49492383003234863	-2.7977982838948567	-1.5012147744496664	1.2965835094451903	0.5630283089338582	0.5630283089338582
not	0	133	197	resid	7	utterance_final	0	prompt_without	50	49	-0.6861604635532086	-1.6139427515176625	-1.635340167925908	-0.02139741640824555	-0.023062971438257668	0.0
not	0	134	116	resid	7	utterance_final	0	prompt_without	45	44	-0.7970086511443643	-1.7582361698150635	-0.8977640130940605	0.860472156721003	0.8951805269900794	0.8951805269900794
not	0	122	73	resid	8	utterance_final	0	prompt_without	29	28	-0.4875379034451076	-1.7351864661489214	-1.1231004766055517	0.6120859895433697	0.4905916680710963	0.4905916680710963
not	0	124	1	resid	8	utterance_final	0	prompt_without	25	24	-0.49492383003234863	-2.7977982838948567	-1.6300262610117595	1.1677720228830972	0.5070932203553022	0.5070932203553022
not	0	133	197	resid	8	utterance_final	0	prompt_without	50	49	-0.6861604635532086	-1.6139427515176625	-1.6179357492006743	-0.003992997683011756	-0.004303808915960616	0.0
not	0	134	116	resid	8	utterance_final	0	prompt_without	45	44	-0.7970086511443643	-1.7582361698150635	-0.9309625871041242	0.8272735827109393	0.8606428412026661	0.8606428412026661
not	0	122	73	resid	9	utterance_final	0	prompt_without	29	28	-0.4875379034451076	-1.7351864661489214	-1.054622505392347	0.6805639607565743	0.5454772931262833	0.5454772931262833
not	0	124	1	resid	9	utterance_final	0	prompt_without	25	24	-0.49492383003234863	-2.7977982838948567	-1.7201041380564372	1.0776941458384195	0.46797781096179664	0.46797781096179664
not	0	133	197	resid	9	utterance_final	0	prompt_without	50	49	-0.6861604635532086	-1.6139427515176625	-1.6587095810816839	-0.04476682956402134	-0.04825143802027021	0.0
not	0	134	116	resid	9	utterance_final	0	prompt_without	45	44	-0.7970086511443643	-1.7582361698150635	-0.9990258742781246	0.7592102955369389	0.7898341243776146	0.7898341243776146
not	0	122	73	resid	10	utterance_final	0	prompt_without	29	28	-0.4875379034451076	-1.7351864661489214	-1.0965561185564314	0.6386303475924899	0.5118671769304142	0.5118671769304142
not	0	124	1	resid	10	utterance_final	0	prompt_without	25	24	-0.49492383003234863	-2.7977982838948567	-1.9005403677622477	0.8972579161326091	0.38962519846780125	0.38962519846780125
not	0	133	197	resid	10	utterance_final	0	prompt_without	50	49	-0.6861604635532086	-1.6139427515176625	-1.6588797936072717	-0.044937042089609136	-0.0484348997308416	0.0
not	0	134	116	resid	10	utterance_final	0	prompt_without	45	44	-0.7970086511443643	-1.7582361698150635	-1.0565982320729423	0.7016379377421211	0.7299395035136221	0.7299395035136221
not	0	122	73	resid	11	utterance_final	0	prompt_without	29	28	-0.4875379034451076	-1.7351864661489214	-1.1304526329040527	0.6047338332448686	0.4846988577731643	0.4846988577731643
not	0	124	1	resid	11	utterance_final	0	prompt_without	25	24	-0.49492383003234863	-2.7977982838948567	-1.992328437169393	0.8054698467254637	0.34976715529345737	0.34976715529345737
not	0	133	197	resid	11	utterance_final	0	prompt_without	50	49	-0.6861604635532086	-1.6139427515176625	-1.65418947660006	-0.04024672508239746	-0.043379492801806356	0.0
not	0	134	116	resid	11	utterance_final	0	prompt_without	45	44	-0.7970086511443643	-1.7582361698150635	-1.1130224466323853	0.6452137231826782	0.671239337878047	0.671239337878047
not	0	122	73	resid	12	utterance_final	0	prompt_without	29	28	-0.4875379034451076	-1.7351864661489214	-0.956908004624503	0.7782784615244184	0.6237962233834419	0.6237962233834419
not	0	124	1	resid	12	utterance_final	0	prompt_without	25	24	-0.49492383003234863	-2.7977982838948567	-2.252635192871094	0.5451630910237628	0.23673157262628242	0.23673157262628242
not	0	133	197	resid	12	utterance_final	0	prompt_without	50	49	-0.6861604635532086	-1.6139427515176625	-1.6399471392998328	-0.02600438778217029	-0.028028545187280613	0.0
not	0	134	116	resid	12	utterance_final	0	prompt_without	45	44	-0.7970086511443643	-1.7582361698150635	-1.1020054992507486	0.6562306705643148	0.6827006695270537	0.6827006695270537
not	0	122	73	resid	13	utterance_final	0	prompt_without	29	28	-0.4875379034451076	-1.7351864661489214	-1.170823335647583	0.5643631305013384	0.45234142640159136	0.45234142640159136
not	0	124	1	resid	13	utterance_final	0	prompt_without	25	24	-0.49492383003234863	-2.7977982838948567	-2.4717830340067546	0.32601524988810215	0.1415688333948433	0.1415688333948433
not	0	133	197	resid	13	utterance_final	0	prompt_without	50	49	-0.6861604635532086	-1.6139427515176625	-1.6013765243383555	0.012566227179306999	0.013544370637724923	0.013544370637724923
not	0	134	116	resid	13	utterance_final	0	prompt_without	45	44	-0.7970086511443643	-1.7582361698150635	-1.3501958531491898	0.4080403166658737	0.4244992041324002	0.4244992041324002
not	0	122	73	resid	14	utterance_final	0	prompt_without	29	28	-0.4875379034451076	-1.7351864661489214	-1.3244938935552324	0.41069257259368896	0.3291732823413556	0.3291732823413556
not	0	124	1	resid	14	utterance_final	0	prompt_without	25	24	-0.49492383003234863	-2.7977982838948567	-2.6892200469970704	0.10857823689778634	0.04714900402654297	0.04714900402654297
not	0	133	197	resid	14	utterance_final	0	prompt_without	50	49	-0.6861604635532086	-1.6139427515176625	-1.6074108160459077	0.006531935471754791	0.007040375265285349	0.007040375265285349
not	0	134	116	resid	14	utterance_final	0	prompt_without	45	44	-0.7970086511443643	-1.7582361698150635	-1.5791427913834066	0.17909337843165685	0.1863173649869374	0.1863173649869374
not	0	122	73	resid	15	utterance_final	0	prompt_without	29	28	-0.4875379034451076	-1.7351864661489214	-1.453559730734144	0.28162673541477745	0.22572601278396567	0.22572601278396567
not	0	124	1	resid	15	utterance_final	0	prompt_without	25	24	-0.49492383003234863	-2.7977982838948567	-2.721159235636393	0.07663904825846357	0.033279733565119166	0.033279733565119166
not	0	133	197	resid	15	utterance_final	0	prompt_without	50	49	-0.6861604635532086	-1.6139427515176625	-1.6125013736578135	0.0014413778598489912	0.0015535733744296428	0.0015535733744296428
not	0	134	116	resid	15	utterance_final	0	prompt_without	45	44	-0.7970086511443643	-1.7582361698150635	-1.6818867816644556	0.07634938815060788	0.07942904948892118	0.07942904948892118
not	0	122	73	resid	16	utterance_final	0	prompt_without	29	28	-0.4875379034451076	-1.7351864661489214	-1.538335885320391	0.19685058082853035	0.1577772673435619	0.1577772673435619
not	0	124	1	resid	16	utterance_final	0	prompt_without	25	24	-0.49492383003234863	-2.7977982838948567	-2.7272555033365884	0.07054278055826835	0.03063249081596702	0.03063249081596702
not	0	133	197	resid	16	utterance_final	0	prompt_without	50	49	-0.6861604635532086	-1.6139427515176625	-1.609868654837975	0.0040740966796875	0.004391220583253461	0.004391220583253461
not	0	134	116	resid	16	utterance_final	0	prompt_without	45	44	-0.7970086511443643	-1.7582361698150635	-1.6931320744402267	0.06510409537483675	0.06773016180900698	0.06773016180900698
not	0	122	73	resid	17	utterance_final	0	prompt_without	29	28	-0.4875379034451076	-1.7351864661489214	-1.5798118625368391	0.15537460361208222	0.12453394990923215	0.12453394990923215
not	0	124	1	resid	17	utterance_final	0	prompt_without	25	24	-0.49492383003234863	-2.7977982838948567	-2.762281545003255	0.03551673889160156	0.015422785567850183	0.015422785567850183
not	0	133	197	resid	17	utterance_final	0	prompt_without	50	49	-0.6861604635532086	-1.6139427515176625	-1.6115200978059034	0.002422653711759093	0.0026112308277347843	0.0026112308277347843
not	0	134	116	resid	17	utterance_final	0	prompt_without	45	44	-0.7970086511443643	-1.7582361698150635	-1.7144802738638485	0.043755895951214985	0.04552085234901087	0.04552085234901087
not	0	122	73	resid	18	utterance_final	0	prompt_without	29	28	-0.4875379034451076	-1.7351864661489214	-1.648340540272849	0.08684592587607232	0.06960768318272745	0.06960768318272745
not	0	124	1	resid	18	utterance_final	0	prompt_without	25	24	-0.49492383003234863	-2.7977982838948567	-2.783175786336263	0.014622497558593572	0.006349672051842823	0.006349672051842823
not	0	133	197	resid	18	utterance_final	0	prompt_without	50	49	-0.6861604635532086	-1.6139427515176625	-1.615588353230403	-0.0016456017127404188	-0.0017736938224492884	0.0
not	0	134	116	resid	18	utterance_final	0	prompt_without	45	44	-0.7970086511443643	-1.7582361698150635	-1.7506357501534855	0.007600419661577984	0.007906993416177635	0.007906993416177635
not	0	122	73	resid	19	utterance_final	0	prompt_without	29	28	-0.4875379034451076	-1.7351864661489214	-1.6555974653788976	0.07958900077002373	0.06379120142417687	0.06379120142417687
not	0	124	1	resid	19	utterance_final	0	prompt_without	25	24	-0.49492383003234863	-2.7977982838948567	-2.786855189005534	0.010943094889322769	0.004751928560833356	0.004751928560833356
not	0	133	197	resid	19	utterance_final	0	prompt_without	50	49	-0.6861604635532086	-1.6139427515176625	-1.6137279455478375	0.0002148059698250382	0.00023152626711199733	0.00023152626711199733
not	0	134	116	resid	19	utterance_final	0	prompt_without	45	44	-0.7970086511443643	-1.7582361698150635	-1.7481122963568743	0.010123873458189214	0.01053223431658482	0.01053223431658482
not	0	122	73	resid	20	utterance_final	0	prompt_without	29	28	-0.4875379034451076	-1.7351864661489214	-1.6836663910320826	0.05152007511683876	0.0412937398053729	0.0412937398053729
not	0	124	1	resid	20	utterance_final	0	prompt_without	25	24	-0.49492383003234863	-2.7977982838948567	-2.791587066650391	0.006211217244465939	0.0026971584291310986	0.0026971584291310986
not	0	133	197	resid	20	utterance_final	0	prompt_without	50	49	-0.6861604635532086	-1.6139427515176625	-1.614324221244225	-0.0003814697265625	-0.0004111629759600619	0.0
not	0	134	116	resid	20	utterance_final	0	prompt_without	45	44	-0.7970086511443643	-1.7582361698150635	-1.747584441128899	0.010651728686164486	0.01108138133716248	0.01108138133716248
not	0	122	73	resid	21	utterance_final	0	prompt_without	29	28	-0.4875379034451076	-1.7351864661489214	-1.6873032110077995	0.047883255141121905	0.03837880038698781	0.03837880038698781
not	0	124	1	resid	21	utterance_final	0	prompt_without	25	24	-0.49492383003234863	-2.7977982838948567	-2.7915842056274416	0.006214078267415157	0.002698400799484558	0.002698400799484558
not	0	133	197	resid	21	utterance_final	0	prompt_without	50	49	-0.6861604635532086	-1.6139427515176625	-1.6159369578728309	-0.0019942063551683376	-0.0021494335266343664	0.0
not	0	134	116	resid	21	utterance_final	0	prompt_without	45	44	-0.7970086511443643	-1.7582361698150635	-1.7491903094684376	0.009045860346625911	0.00941073801043026	0.00941073801043026
not	0	122	73	resid	22	utterance_final	0	prompt_without	29	28	-0.4875379034451076	-1.7351864661489214	-1.6948041404996599	0.040382325649261475	0.03236674722066591	0.03236674722066591
not	0	124	1	resid	22	utterance_final	0	prompt_without	25	24	-0.49492383003234863	-2.7977982838948567	-2.7905202229817707	0.007278060913086026	0.003160424529821355	0.003160424529821355
not	0	133	197	resid	22	utterance_final	0	prompt_without	50	49	-0.6861604635532086	-1.6139427515176625	-1.6147009959587684	-0.0007582444411058376	-0.0008172654845237659	0.0
not	0	134	116	resid	22	utterance_final	0	prompt_without	45	44	-0.7970086511443643	-1.7582361698150635	-1.7520476614727694	0.006188508342294119	0.006438130642423066	0.006438130642423066
not	0	122	73	resid	23	utterance_final	0	prompt_without	29	28	-0.4875379034451076	-1.7351864661489214	-1.6955554485321045	0.039631017616816866	0.031764568005377566	0.031764568005377566
not	0	124	1	resid	23	utterance_final	0	prompt_without	25	24	-0.49492383003234863	-2.7977982838948567	-2.7901405970255535	0.007657686869303237	0.003325273271610331	0.003325273271610331
not	0	133	197	resid	23	utterance_final	0	prompt_without	50	49	-0.6861604635532086	-1.6139427515176625	-1.6149439628307636	-0.001001211313101047	-0.001079144672289116	0.0
not	0	134	116	resid	23	utterance_final	0	prompt_without	45	44	-0.7970086511443643	-1.7582361698150635	-1.7529594091808094	0.005276760634254085	0.0054896062917044065	0.0054896062917044065
not	0	122	73	resid	24	utterance_final	0	prompt_without	29	28	-0.4875379034451076	-1.7351864661489214	-1.6980492728097099	0.037137193339211505	0.02976574850431476	0.02976574850431476
not	0	124	1	resid	24	utterance_final	0	prompt_without	25	24	-0.49492383003234863	-2.7977982838948567	-2.790997123718262	0.006801160176594934	0.0029533351960145515	0.0029533351960145515
not	0	133	197	resid	24	utterance_final	0	prompt_without	50	49	-0.6861604635532086	-1.6139427515176625	-1.613977964107807	-3.521259014438449e-05	-3.795350547340217e-05	0.0
not	0	134	116	resid	24	utterance_final	0	prompt_without	45	44	-0.7970086511443643	-1.7582361698150635	-1.7527189219699186	0.005517247845144846	0.005739793896844275	0.005739793896844275
not	0	122	73	resid	25	utterance_final	0	prompt_without	29	28	-0.4875379034451076	-1.7351864661489214	-1.718386241367885	0.016800224781036377	0.013465510467649757	0.013465510467649757
not	0	124	1	resid	25	utterance_final	0	prompt_without	25	24	-0.49492383003234863	-2.7977982838948567	-2.7904479344685873	0.007350349426269442	0.0031918150874186957	0.0031918150874186957
not	0	133	197	resid	25	utterance_final	0	prompt_without	50	49	-0.6861604635532086	-1.6139427515176625	-1.6131058656252348	0.0008368858924276967	0.0009020283134137179	0.0009020283134137179
not	0	134	116	resid	25	utterance_final	0	prompt_without	45	44	-0.7970086511443643	-1.7582361698150635	-1.7553824396694409	0.002853730145622624	0.0029688394164672943	0.0029688394164672943
not	0	122	73	resid	26	utterance_final	0	prompt_without	29	28	-0.4875379034451076	-1.7351864661489214	-1.7188206996236528	0.016365766525268555	0.013117288805913301	0.013117288805913301
not	0	124	1	resid	26	utterance_final	0	prompt_without	25	24	-0.49492383003234863	-2.7977982838948567	-2.790527089436849	0.007271194458007724	0.003157442840972974	0.003157442840972974
not	0	133	197	resid	26	utterance_final	0	prompt_without	50	49	-0.6861604635532086	-1.6139427515176625	-1.6145542768331675	-0.0006115253155050127	-0.0006591258783854279	0.0
not	0	134	116	resid	26	utterance_final	0	prompt_without	45	44	-0.7970086511443643	-1.7582361698150635	-1.7576466342982124	0.0005895355168510363	0.0006133152717749038	0.0006133152717749038
not	0	122	73	resid	27	utterance_final	0	prompt_without	29	28	-0.4875379034451076	-1.7351864661489214	-1.7196831958634513	0.01550327028547005	0.012425991380034522	0.012425991380034522
not	0	124	1	resid	27	utterance_final	0	prompt_without	25	24	-0.49492383003234863	-2.7977982838948567	-2.7922731399536134	0.005525143941243371	0.0023992380183714725	0.0023992380183714725
not	0	133	197	resid	27	utterance_final	0	prompt_without	50	49	-0.6861604635532086	-1.6139427515176625	-1.613459165279682	0.0004835862379806155	0.000521228141832282	0.000521228141832282
not	0	134	116	resid	27	utterance_final	0	prompt_without	45	44	-0.7970086511443643	-1.7582361698150635	-1.7576225855771233	0.0006135842379402234	0.0006383340322890062	0.0006383340322890062
not	0	122	73	resid	28	utterance_final	0	prompt_without	29	28	-0.4875379034451076	-1.7351864661489214	-1.7252248610768999	0.009961605072021484	0.007984303729275666	0.007984303729275666
not	0	124	1	resid	28	utterance_final	0	prompt_without	25	24	-0.49492383003234863	-2.7977982838948567	-2.7985888799031575	-0.0007905960083007812	-0.0003433083410060631	0.0
not	0	133	197	resid	28	utterance_final	0	prompt_without	50	49	-0.6861604635532086	-1.6139427515176625	-1.613225588431725	0.0007171630859375	0.0007729863948049163	0.0007729863948049163
not	0	134	116	resid	28	utterance_final	0	prompt_without	45	44	-0.7970086511443643	-1.7582361698150635	-1.75929694666582	-0.0010607768507564508	-0.0011035647962133047	0.0
not	0	122	73	resid	29	utterance_final	0	prompt_without	29	28	-0.4875379034451076	-1.7351864661489214	-1.7260858927454268	0.009100573403494572	0.007294180168630554	0.007294180168630554
not	0	124	1	resid	29	utterance_final	0	prompt_without	25	24	-0.49492383003234863	-2.7977982838948567	-2.799168841044108	-0.0013705571492512725	-0.0005951506157673938	0.0
not	0	133	197	resid	29	utterance_final	0	prompt_without	50	49	-0.6861604635532086	-1.6139427515176625	-1.6134932041168213	0.00044954740084124367	0.0004845397532082086	0.0004845397532082086
not	0	134	116	resid	29	utterance_final	0	prompt_without	45	44	-0.7970086511443643	-1.7582361698150635	-1.7604604293318356	-0.002224259516772076	-0.0023139781930588597	0.0
not	0	122	73	resid	30	utterance_final	0	prompt_without	29	28	-0.4875379034451076	-1.7351864661489214	-1.7345625928470068	0.0006238733019146014	0.0005000392903612123	0.0005000392903612123
not	0	124	1	resid	30	utterance_final	0	prompt_without	25	24	-0.49492383003234863	-2.7977982838948567	-2.8001426696777343	-0.002344385782877545	-0.0010180258758550262	0.0
not	0	133	197	resid	30	utterance_final	0	prompt_without	50	49	-0.6861604635532086	-1.6139427515176625	-1.613940404011653	2.347506009581224e-06	2.530233698178946e-06	2.530233698178946e-06
not	0	134	116	resid	30	utterance_final	0	prompt_without	45	44	-0.7970086511443643	-1.7582361698150635	-1.7574481964111328	0.0007879734039306641	0.0008197574337242948	0.0008197574337242948
not	0	122	73	resid	31	utterance_final	0	prompt_without	29	28	-0.4875379034451076	-1.7351864661489214	-1.7351864661489214	0.0	0.0	0.0
not	0	124	1	resid	31	utterance_final	0	prompt_without	25	24	-0.49492383003234863	-2.7977982838948567	-2.7977982838948567	0.0	0.0	0.0
not	0	133	197	resid	31	utterance_final	0	prompt_without	50	49	-0.6861604635532086	-1.6139427515176625	-1.6139427515176625	0.0	0.0	0.0
not	0	134	116	resid	31	utterance_final	0	prompt_without	45	44	-0.7970086511443643	-1.7582361698150635	-1.7582361698150635	0.0	0.0	0.0
not	0	139	42	resid	0	utterance_final	0	prompt_without	42	41	-0.6637599070866903	-2.057447486453586	-2.0587949222988553	-0.001347435845269196	-0.0009668134130041466	0.0
not	0	155	130	resid	0	utterance_final	0	prompt_without	70	69	-0.6468315124511719	-1.6258811950683594	-1.6262212480817522	-0.0003400530133927937	-0.00034732968043436446	0.0
not	0	162	271	resid	0	utterance_final	0	prompt_without	39	38	-1.1560872395833333	-2.4831339518229165	-2.4817911783854165	0.0013427734375	0.001011850920631027	0.001011850920631027
not	0	164	22	resid	0	utterance_final	0	prompt_without	48	47	-0.7339491844177246	-2.6290283203125	-2.6123046875	0.0167236328125	0.008824767523285414	0.008824767523285414
not	0	139	42	resid	1	utterance_final	0	prompt_without	42	41	-0.6637599070866903	-2.057447486453586	-2.056396802266439	0.001050684187147155	0.0007538878890091312	0.0007538878890091312
not	0	155	130	resid	1	utterance_final	0	prompt_without	70	69	-0.6468315124511719	-1.6258811950683594	-1.627289090837751	-0.0014078957693917094	-0.0014380228035293715	0.0
not	0	162	271	resid	1	utterance_final	0	prompt_without	39	38	-1.1560872395833333	-2.4831339518229165	-2.47625732421875	0.006876627604166519	0.005181903199595148	0.005181903199595148
not	0	164	22	resid	1	utterance_final	0	prompt_without	48	47	-0.7339491844177246	-2.6290283203125	-2.52288818359375	0.10614013671875	0.05600828731019465	0.05600828731019465
not	0	139	42	resid	2	utterance_final	0	prompt_without	42	41	-0.6637599070866903	-2.057447486453586	-2.0413749747806125	0.016072511672973633	0.01153236342988349	0.01153236342988349
not	0	155	130	resid	2	utterance_final	0	prompt_without	70	69	-0.6468315124511719	-1.6258811950683594	-1.6373062133789062	-0.011425018310546875	-0.011669497997288157	0.0
not	0	162	271	resid	2	utterance_final	0	prompt_without	39	38	-1.1560872395833333	-2.4831339518229165	-2.4830118815104165	0.0001220703125	9.198644733009337e-05	9.198644733009337e-05
not	0	164	22	resid	2	utterance_final	0	prompt_without	48	47	-0.7339491844177246	-2.6290283203125	-2.5050048828125	0.1240234375	0.0654449912675765	0.0654449912675765
not	0	139	42	resid	3	utterance_final	0	prompt_without	42	41	-0.6637599070866903	-2.057447486453586	-1.91594394048055	0.14150354597303605	0.10153175508482054	0.10153175508482054
not	0	155	130	resid	3	utterance_final	0	prompt_without	70	69	-0.6468315124511719	-1.6258811950683594	-1.659073965890067	-0.033192770821707684	-0.033903050489712684	0.0
not	0	162	271	resid	3	utterance_final	0	prompt_without	39	38	-1.1560872395833333	-2.4831339518229165	-2.4838460286458335	-0.0007120768229169627	-0.0005365876094257678	0.0
not	0	164	22	resid	3	utterance_final	0	prompt_without	48	47	-0.7339491844177246	-2.6290283203125	-1.5445404052734375	1.0844879150390625	0.5722652392175769	0.5722652392175769
not	0	139	42	resid	4	utterance_final	0	prompt_without	42	41	-0.6637599070866903	-2.057447486453586	-1.8766995006137424	0.18074798583984375	0.1296904618479497	0.1296904618479497
not	0	155	130	resid	4	utterance_final	0	prompt_without	70	69	-0.6468315124511719	-1.6258811950683594	-1.5954924992152624	0.030388695853097003	0.031038972171322496	0.031038972171322496
not	0	162	271	resid	4	utterance_final	0	prompt_without	39	38	-1.1560872395833333	-2.4831339518229165	-2.4514567057291665	0.03167724609375	0.02387048308215923	0.02387048308215923
not	0	164	22	resid	4	utterance_final	0	prompt_without	48	47	-0.7339491844177246	-2.6290283203125	-1.0239953994750977	1.6050329208374023	0.8469477028354145	0.8469477028354145
not	0	139	42	resid	5	utterance_final	0	prompt_without	42	41	-0.6637599070866903	-2.057447486453586	-1.8589459260304768	0.1985015604231093	0.14242902309087213	0.14242902309087213
not	0	155	130	resid	5	utterance_final	0	prompt_without	70	69	-0.6468315124511719	-1.6258811950683594	-1.4977575029645647	0.1281236921037947	0.1308653629929132	0.1308653629929132
not	0	162	271	resid	5	utterance_final	0	prompt_without	39	38	-1.1560872395833333	-2.4831339518229165	-2.46746826171875	0.01566569010416652	0.011804927407361871	0.011804927407361871
not	0	164	22	resid	5	utterance_final	0	prompt_without	48	47	-0.7339491844177246	-2.6290283203125	-1.1575260162353516	1.4715023040771484	0.7764859399300853	0.7764859399300853
not	0	139	42	resid	6	utterance_final	0	prompt_without	42	41	-0.6637599070866903	-2.057447486453586	-1.6843964523739285	0.37305103407965756	0.2676719227483693	0.2676719227483693
not	0	155	130	resid	6	utterance_final	0	prompt_without	70	69	-0.6468315124511719	-1.6258811950683594	-1.4312831333705358	0.19459806169782357	0.19876219271899015	0.19876219271899015
not	0	162	271	resid	6	utterance_final	0	prompt_without	39	38	-1.1560872395833333	-2.4831339518229165	-2.2554117838541665	0.22772216796875	0.17160071749428918	0.17160071749428918
not	0	164	22	resid	6	utterance_final	0	prompt_without	48	47	-0.7339491844177246	-2.6290283203125	-0.8220081329345703	1.8070201873779297	0.9535328383659989	0.9535328383659989
not	0	139	42	resid	7	utterance_final	0	prompt_without	42	41	-0.6637599070866903	-2.057447486453586	-1.4352463550037808	0.6222011314498053	0.44644233087909835	0.44644233087909835
not	0	155	130	resid	7	utterance_final	0	prompt_without	70	69	-0.6468315124511719	-1.6258811950683594	-1.4103567940848214	0.21552440098353798	0.22013632689957055	0.22013632689957055
not	0	162	271	resid	7	utterance_final	0	prompt_without	39	38	-1.1560872395833333	-2.4831339518229165	-1.9082438151041667	0.5748901367187498	0.43321017370107456	0.43321017370107456
not	0	164	22	resid	7	utterance_final	0	prompt_without	48	47	-0.7339491844177246	-2.6290283203125	-0.903193473815918	1.725834846496582	0.9106927588444567	0.9106927588444567
not	0	139	42	resid	8	utterance_final	0	prompt_without	42	41	-0.6637599070866903	-2.057447486453586	-1.3556981815232172	0.7017493049303689	0.5035198098336713	0.5035198098336713
not	0	155	130	resid	8	utterance_final	0	prompt_without	70	69	-0.6468315124511719	-1.6258811950683594	-1.3782294137137276	0.24765178135463173	0.25295118904753744	0.25295118904753744
not	0	162	271	resid	8	utterance_final	0	prompt_without	39	38	-1.1560872395833333	-2.4831339518229165	-1.9190266927083333	0.5641072591145833	0.4250847041869164	0.4250847041869164
not	0	164	22	resid	8	utterance_final	0	prompt_without	48	47	-0.7339491844177246	-2.6290283203125	-0.9503374099731445	1.6786909103393555	0.88581573114452	0.88581573114452
not	0	139	42	resid	9	utterance_final	0	prompt_without	42	41	-0.6637599070866903	-2.057447486453586	-1.4408107863532171	0.616636700100369	0.44244973495457696	0.44244973495457696
not	0	155	130	resid	9	utterance_final	0	prompt_without	70	69	-0.6468315124511719	-1.6258811950683594	-1.4127886635916573	0.21309253147670204	0.21765241872819452	0.21765241872819452
not	0	162	271	resid	9	utterance_final	0	prompt_without	39	38	-1.1560872395833333	-2.4831339518229165	-1.7908121744791667	0.6923217773437498	0.5217011360326244	0.5217011360326244
not	0	164	22	resid	9	utterance_final	0	prompt_without	48	47	-0.7339491844177246	-2.6290283203125	-1.1439704895019531	1.4850578308105469	0.7836389534779855	0.7836389534779855
not	0	139	42	resid	10	utterance_final	0	prompt_without	42	41	-0.6637599070866903	-2.057447486453586	-1.4890793297025893	0.5683681567509968	0.407816045120519	0.407816045120519
not	0	155	130	resid	10	utterance_final	0	prompt_without	70	69	-0.6468315124511719	-1.6258811950683594	-1.4177605765206474	0.20812061854771202	0.21257411369703497	0.21257411369703497
not	0	162	271	resid	10	utterance_final	0	prompt_without	39	38	-1.1560872395833333	-2.4831339518229165	-1.7913411458333333	0.6917928059895833	0.5213025280941941	0.5213025280941941
not	0	164	22	resid	10	utterance_final	0	prompt_without	48	47	-0.7339491844177246	-2.6290283203125	-1.3390216827392578	1.2900066375732422	0.6807138620964006	0.6807138620964006
not	0	139	42	resid	11	utterance_final	0	prompt_without	42	41	-0.6637599070866903	-2.057447486453586	-1.5000238882170782	0.5574235982365079	0.39996309538019004	0.39996309538019004
not	0	155	130	resid	11	utterance_final	0	prompt_without	70	69	-0.6468315124511719	-1.6258811950683594	-1.4212398529052734	0.20464134216308594	0.20902038558047473	0.20902038558047473
not	0	162	271	resid	11	utterance_final	0	prompt_without	39	38	-1.1560872395833333	-2.4831339518229165	-1.8438313802083333	0.6393025716145833	0.48174835574225394	0.48174835574225394
not	0	164	22	resid	11	utterance_final	0	prompt_without	48	47	-0.7339491844177246	-2.6290283203125	-1.5059051513671875	1.1231231689453125	0.5926523846272107	0.5926523846272107
not	0	139	42	resid	12	utterance_final	0	prompt_without	42	41	-0.6637599070866903	-2.057447486453586	-1.502455386850569	0.5549920996030171	0.3982184442334852	0.3982184442334852
not	0	155	130	resid	12	utterance_final	0	prompt_without	70	69	-0.6468315124511719	-1.6258811950683594	-1.3845958709716797	0.2412853240966797	0.2464484983557502	0.2464484983557502
not	0	162	271	resid	12	utterance_final	0	prompt_without	39	38	-1.1560872395833333	-2.4831339518229165	-2.0725911458333335	0.41054280598958304	0.3093657534456588	0.3093657534456588
not	0	164	22	resid	12	utterance_final	0	prompt_without	48	47	-0.7339491844177246	-2.6290283203125	-1.835906982421875	0.793121337890625	0.4185162101508479	0.4185162101508479
not	0	139	42	resid	13	utterance_final	0	prompt_without	42	41	-0.6637599070866903	-2.057447486453586	-1.732131004333496	0.32531648212009	0.23342138290984132	0.23342138290984132
not	0	155	130	resid	13	utterance_final	0	prompt_without	70	69	-0.6468315124511719	-1.6258811950683594	-1.4999136243547713	0.1259675707135881	0.12866310356881241	0.12866310356881241
not	0	162	271	resid	13	utterance_final	0	prompt_without	39	38	-1.1560872395833333	-2.4831339518229165	-2.2091878255208335	0.27394612630208304	0.20643291888328433	0.20643291888328433
not	0	164	22	resid	13	utterance_final	0	prompt_without	48	47	-0.7339491844177246	-2.6290283203125	-2.064422607421875	0.564605712890625	0.2979325254531085	0.2979325254531085
not	0	139	42	resid	14	utterance_final	0	prompt_without	42	41	-0.6637599070866903	-2.057447486453586	-1.87512387169732	0.18232361475626613	0.1308210085642648	0.1308210085642648
not	0	155	130	resid	14	utterance_final	0	prompt_without	70	69	-0.6468315124511719	-1.6258811950683594	-1.5716402871268136	0.05424090794154579	0.05540158881064079	0.05540158881064079
not	0	162	271	resid	14	utterance_final	0	prompt_without	39	38	-1.1560872395833333	-2.4831339518229165	-2.405029296875	0.07810465494791652	0.05885599521670463	0.05885599521670463
not	0	164	22	resid	14	utterance_final	0	prompt_without	48	47	-0.7339491844177246	-2.6290283203125	-2.36480712890625	0.26422119140625	0.13942488543176115	0.13942488543176115
not	0	139	42	resid	15	utterance_final	0	prompt_without	42	41	-0.6637599070866903	-2.057447486453586	-1.9560881455739338	0.10135934087965226	0.07272744794475124	0.07272744794475124
not	0	155	130	resid	15	utterance_final	0	prompt_without	70	69	-0.6468315124511719	-1.6258811950683594	-1.604327610560826	0.02155358450753342	0.022014801587919988	0.022014801587919988
not	0	162	271	resid	15	utterance_final	0	prompt_without	39	38	-1.1560872395833333	-2.4831339518229165	-2.4383951822916665	0.04473876953125	0.03371303294647922	0.03371303294647922
not	0	164	22	resid	15	utterance_final	0	prompt_without	48	47	-0.7339491844177246	-2.6290283203125	-2.442535400390625	0.186492919921875	0.09840904075692913	0.09840904075692913
not	0	139	42	resid	16	utterance_final	0	prompt_without	42	41	-0.6637599070866903	-2.057447486453586	-1.9665076202816434	0.09093986617194272	0.06525125682274759	0.06525125682274759
not	0	155	130	resid	16	utterance_final	0	prompt_without	70	69	-0.6468315124511719	-1.6258811950683594	-1.606823512486049	0.01905768258231033	0.019465490792423826	0.019465490792423826
not	0	162	271	resid	16	utterance_final	0	prompt_without	39	38	-1.1560872395833333	-2.4831339518229165	-2.4569498697916665	0.02618408203125	0.01973109295230503	0.01973109295230503
not	0	164	22	resid	16	utterance_final	0	prompt_without	48	47	-0.7339491844177246	-2.6290283203125	-2.45892333984375	0.17010498046875	0.08976141272772427	0.08976141272772427
not	0	139	42	resid	17	utterance_final	0	prompt_without	42	41	-0.6637599070866903	-2.057447486453586	-2.0330782731374106	0.024369213316175475	0.01748542046076465	0.01748542046076465
not	0	155	130	resid	17	utterance_final	0	prompt_without	70	69	-0.6468315124511719	-1.6258811950683594	-1.6153289249965124	0.010552270071847003	0.010778074145980787	0.010778074145980787
not	0	162	271	resid	17	utterance_final	0	prompt_without	39	38	-1.1560872395833333	-2.4831339518229165	-2.4581705729166665	0.02496337890625	0.018811228479004096	0.018811228479004096
not	0	164	22	resid	17	utterance_final	0	prompt_without	48	47	-0.7339491844177246	-2.6290283203125	-2.54083251953125	0.08819580078125	0.046539376172070886	0.046539376172070886
not	0	139	42	resid	18	utterance_final	0	prompt_without	42	41	-0.6637599070866903	-2.057447486453586	-2.0485939979553223	0.00885348849826384	0.0063525632497102935	0.0063525632497102935
not	0	155	130	resid	18	utterance_final	0	prompt_without	70	69	-0.6468315124511719	-1.6258811950683594	-1.6249888283865792	0.0008923666817801656	0.0009114621021015996	0.0009114621021015996
not	0	162	271	resid	18	utterance_final	0	prompt_without	39	38	-1.1560872395833333	-2.4831339518229165	-2.4762980143229165	0.0068359375	0.005151241050485229	0.005151241050485229
not	0	164	22	resid	18	utterance_final	0	prompt_without	48	47	-0.7339491844177246	-2.6290283203125	-2.54937744140625	0.07965087890625	0.04203037086820243	0.04203037086820243
not	0	139	42	resid	19	utterance_final	0	prompt_without	42	41	-0.6637599070866903	-2.057447486453586	-2.0486049917009144	0.008842494752671737	0.006344675007212576	0.006344675007212576
not	0	155	130	resid	19	utterance_final	0	prompt_without	70	69	-0.6468315124511719	-1.6258811950683594	-1.6234144483293806	0.002466746738978731	0.0025195317283435957	0.0025195317283435957
not	0	162	271	resid	19	utterance_final	0	prompt_without	39	38	-1.1560872395833333	-2.4831339518229165	-2.4763387044270835	0.006795247395833037	0.005120578901374974	0.005120578901374974
not	0	164	22	resid	19	utterance_final	0	prompt_without	48	47	-0.7339491844177246	-2.6290283203125	-2.56317138671875	0.06585693359375	0.03475154802052906	0.03475154802052906
not	0	139	42	resid	20	utterance_final	0	prompt_without	42	41	-0.6637599070866903	-2.057447486453586	-2.0488266150156655	0.008620871437920563	0.006185655641586996	0.006185655641586996
not	0	155	130	resid	20	utterance_final	0	prompt_without	70	69	-0.6468315124511719	-1.6258811950683594	-1.6250220707484655	0.000859124319893878	0.000877508399366694	0.000877508399366694
not	0	162	271	resid	20	utterance_final	0	prompt_without	39	38	-1.1560872395833333	-2.4831339518229165	-2.4768269856770835	0.006306966145833037	0.004752633112054601	0.004752633112054601
not	0	164	22	resid	20	utterance_final	0	prompt_without	48	47	-0.7339491844177246	-2.6290283203125	-2.61273193359375	0.01629638671875	0.008599317258091991	0.008599317258091991
not	0	139	42	resid	21	utterance_final	0	prompt_without	42	41	-0.6637599070866903	-2.057447486453586	-2.0513860649532742	0.006061421500311859	0.004349196756898238	0.004349196756898238
not	0	155	130	resid	21	utterance_final	0	prompt_without	70	69	-0.6468315124511719	-1.6258811950683594	-1.626068387712751	-0.00018719264439170935	-0.00019119830966218948	0.0
not	0	162	271	resid	21	utterance_final	0	prompt_without	39	38	-1.1560872395833333	-2.4831339518229165	-2.4737345377604165	0.0093994140625	0.007082956444417189	0.007082956444417189
not	0	164	22	resid	21	utterance_final	0	prompt_without	48	47	-0.7339491844177246	-2.6290283203125	-2.61431884765625	0.01470947265625	0.007761930558802134	0.007761930558802134
not	0	139	42	resid	22	utterance_final	0	prompt_without	42	41	-0.6637599070866903	-2.057447486453586	-2.056718111038208	0.0007293754153780974	0.0005233421221343075	0.0005233421221343075
not	0	155	130	resid	22	utterance_final	0	prompt_without	70	69	-0.6468315124511719	-1.6258811950683594	-1.6251416887555803	0.0007395063127790813	0.0007553307313294247	0.0007553307313294247
not	0	162	271	resid	22	utterance_final	0	prompt_without	39	38	-1.1560872395833333	-2.4831339518229165	-2.4685262044270835	0.014607747395833037	0.01100771153050095	0.01100771153050095
not	0	164	22	resid	22	utterance_final	0	prompt_without	48	47	-0.7339491844177246	-2.6290283203125	-2.61688232421875	0.01214599609375	0.0064092289676415965	0.0064092289676415965
not	0	139	42	resid	23	utterance_final	0	prompt_without	42	41	-0.6637599070866903	-2.057447486453586	-2.055102003945245	0.0023454825083413233	0.0016829327770911148	0.0016829327770911148
not	0	155	130	resid	23	utterance_final	0	prompt_without	70	69	-0.6468315124511719	-1.6258811950683594	-1.6259076254708427	-2.643040248329065e-05	-2.6995976764567366e-05	0.0
not	0	162	271	resid	23	utterance_final	0	prompt_without	39	38	-1.1560872395833333	-2.4831339518229165	-2.4737752278645835	0.009358723958333037	0.007052294295306936	0.007052294295306936
not	0	164	22	resid	23	utterance_final	0	prompt_without	48	47	-0.7339491844177246	-2.6290283203125	-2.623046875	0.0059814453125	0.003156303712707922	0.003156303712707922
not	0	139	42	resid	24	utterance_final	0	prompt_without	42	41	-0.6637599070866903	-2.057447486453586	-2.054134236441718	0.0033132500118679964	0.002377326210636886	0.002377326210636886
not	0	155	130	resid	24	utterance_final	0	prompt_without	70	69	-0.6468315124511719	-1.6258811950683594	-1.624091557094029	0.0017896379743302937	0.0018279337669016432	0.0018279337669016432
not	0	162	271	resid	24	utterance_final	0	prompt_without	39	38	-1.1560872395833333	-2.4831339518229165	-2.47320556640625	0.009928385416666519	0.0074815643828474825	0.0074815643828474825
not	0	164	22	resid	24	utterance_final	0	prompt_without	48	47	-0.7339491844177246	-2.6290283203125	-2.6241455078125	0.0048828125	0.0025765744593534055	0.0025765744593534055
not	0	139	42	resid	25	utterance_final	0	prompt_without	42	41	-0.6637599070866903	-2.057447486453586	-2.058982637193468	-0.0015351507398819741	-0.0011015027776737024	0.0
not	0	155	130	resid	25	utterance_final	0	prompt_without	70	69	-0.6468315124511719	-1.6258811950683594	-1.625197274344308	0.0006839207240514344	0.0006985556874122907	0.0006985556874122907
not	0	162	271	resid	25	utterance_final	0	prompt_without	39	38	-1.1560872395833333	-2.4831339518229165	-2.4716593424479165	0.011474609375	0.008646726049028776	0.008646726049028776
not	0	164	22	resid	25	utterance_final	0	prompt_without	48	47	-0.7339491844177246	-2.6290283203125	-2.6217041015625	0.00732421875	0.0038648616890301084	0.0038648616890301084
not	0	139	42	resid	26	utterance_final	0	prompt_without	42	41	-0.6637599070866903	-2.057447486453586	-2.060204188028971	-0.002756701575385101	-0.0019779910621269764	0.0
not	0	155	130	resid	26	utterance_final	0	prompt_without	70	69	-0.6468315124511719	-1.6258811950683594	-1.6262836456298828	-0.0004024505615234375	-0.0004110624503218366	0.0
not	0	162	271	resid	26	utterance_final	0	prompt_without	39	38	-1.1560872395833333	-2.4831339518229165	-2.47711181640625	0.006022135416666519	0.004537998068284495	0.004537998068284495
not	0	164	22	resid	26	utterance_final	0	prompt_without	48	47	-0.7339491844177246	-2.6290283203125	-2.62628173828125	0.00274658203125	0.0014493231333862907	0.0014493231333862907
not	0	139	42	resid	27	utterance_final	0	prompt_without	42	41	-0.6637599070866903	-2.057447486453586	-2.060152212778727	-0.0027047263251409603	-0.0019406977325360283	0.0
not	0	155	130	resid	27	utterance_final	0	prompt_without	70	69	-0.6468315124511719	-1.6258811950683594	-1.6273348672049386	-0.0014536721365792094	-0.0014847787220493907	0.0
not	0	162	271	resid	27	utterance_final	0	prompt_without	39	38	-1.1560872395833333	-2.4831339518229165	-2.4768269856770835	0.006306966145833037	0.004752633112054601	0.004752633112054601
not	0	164	22	resid	27	utterance_final	0	prompt_without	48	47	-0.7339491844177246	-2.6290283203125	-2.6314697265625	-0.00244140625	-0.0012882872296767027	0.0
not	0	139	42	resid	28	utterance_final	0	prompt_without	42	41	-0.6637599070866903	-2.057447486453586	-2.057039419809977	0.00040806664360903966	0.00029279635525948384	0.00029279635525948384
not	0	155	130	resid	28	utterance_final	0	prompt_without	70	69	-0.6468315124511719	-1.6258811950683594	-1.6283152444022042	-0.0024340493338448344	-0.0024861346436864714	0.0
not	0	162	271	resid	28	utterance_final	0	prompt_without	39	38	-1.1560872395833333	-2.4831339518229165	-2.4781697591145835	0.004964192708333037	0.003740782191423574	0.003740782191423574
not	0	164	22	resid	28	utterance_final	0	prompt_without	48	47	-0.7339491844177246	-2.6290283203125	-2.631591796875	-0.0025634765625	-0.001352701591160538	0.0
not	0	139	42	resid	29	utterance_final	0	prompt_without	42	41	-0.6637599070866903	-2.057447486453586	-2.0554727183447943	0.0019747681087918245	0.0014169374385103537	0.0014169374385103537
not	0	155	130	resid	29	utterance_final	0	prompt_without	70	69	-0.6468315124511719	-1.6258811950683594	-1.6277893611363001	-0.001908166067940753	-0.0019489981987838036	0.0
not	0	162	271	resid	29	utterance_final	0	prompt_without	39	38	-1.1560872395833333	-2.4831339518229165	-2.4768269856770835	0.006306966145833037	0.004752633112054601	0.004752633112054601
not	0	164	22	resid	29	utterance_final	0	prompt_without	48	47	-0.7339491844177246	-2.6290283203125	-2.632568359375	-0.0035400390625	-0.001868016483031219	0.0
not	0	139	42	resid	30	utterance_final	0	prompt_without	42	41	-0.6637599070866903	-2.057447486453586	-2.0588932037353516	-0.0014457172817654573	-0.0010373324001511134	0.0
not	0	155	130	resid	30	utterance_final	0	prompt_without	70	69	-0.6468315124511719	-1.6258811950683594	-1.6268912724086217	-0.001010077340262372	-0.0010316916068674284	0.0
not	0	162	271	resid	30	utterance_final	0	prompt_without	39	38	-1.1560872395833333	-2.4831339518229165	-2.4826456705729165	0.00048828125	0.0003679457893203735	0.0003679457893203735
not	0	164	22	resid	30	utterance_final	0	prompt_without	48	47	-0.7339491844177246	-2.6290283203125	-2.628173828125	0.0008544921875	0.000450900530386846	0.000450900530386846
not	0	139	42	resid	31	utterance_final	0	prompt_without	42	41	-0.6637599070866903	-2.057447486453586	-2.057447486453586	0.0	0.0	0.0
not	0	155	130	resid	31	utterance_final	0	prompt_without	70	69	-0.6468315124511719	-1.6258811950683594	-1.6258811950683594	0.0	0.0	0.0
not	0	162	271	resid	31	utterance_final	0	prompt_without	39	38	-1.1560872395833333	-2.4831339518229165	-2.4831339518229165	0.0	0.0	0.0
not	0	164	22	resid	31	utterance_final	0	prompt_without	48	47	-0.7339491844177246	-2.6290283203125	-2.6290283203125	0.0	0.0	0.0
not	0	165	14	resid	0	utterance_final	0	prompt_without	31	30	-0.5720734066433377	-2.722314715385437	-2.72365579340193	-0.0013410780164928582	-0.000623687216425674	0.0
not	0	170	0	resid	0	utterance_final	0	prompt_without	28	27	-0.5607280386121649	-2.5154595312319303	-2.515834933833072	-0.00037540260114177215	-0.00019204816751514604	0.0
not	0	176	148	resid	0	utterance_final	0	prompt_without	45	44	-0.4451634016903964	-1.3702142708229297	-1.359144308350303	0.011069962472626704	0.01196686889555335	0.01196686889555335
not	0	177	158	resid	0	utterance_final	0	prompt_without	39	38	-0.7613577842712402	-1.6281150132417679	-1.6215804144740105	0.006534598767757416	0.007539133853569062	0.007539133853569062
not	0	165	14	resid	1	utterance_final	0	prompt_without	31	30	-0.5720734066433377	-2.722314715385437	-2.722212645742628	0.00010206964280889963	4.7468924717389426e-05	4.7468924717389426e-05
not	0	170	0	resid	1	utterance_final	0	prompt_without	28	27	-0.5607280386121649	-2.5154595312319303	-2.504097969908463	0.011361561323467217	0.005812338608327353	0.005812338608327353
not	0	176	148	resid	1	utterance_final	0	prompt_without	45	44	-0.4451634016903964	-1.3702142708229297	-1.2739535714640762	0.09626069935885351	0.10405989829415761	0.10405989829415761
not	0	177	158	resid	1	utterance_final	0	prompt_without	39	38	-0.7613577842712402	-1.6281150132417679	-1.2798348888754845	0.3482801243662834	0.4018196938258544	0.4018196938258544
not	0	165	14	resid	2	utterance_final	0	prompt_without	31	30	-0.5720734066433377	-2.722314715385437	-2.7026783890194364	0.019636326366000656	0.009132150092255457	0.009132150092255457
not	0	170	0	resid	2	utterance_final	0	prompt_without	28	27	-0.5607280386121649	-2.5154595312319303	-2.5077604557338513	0.007699075498079022	0.003938686989567342	0.003938686989567342
not	0	176	148	resid	2	utterance_final	0	prompt_without	45	44	-0.4451634016903964	-1.3702142708229297	-1.2041571284785415	0.16605714234438818	0.17951136298062	0.17951136298062
not	0	177	158	resid	2	utterance_final	0	prompt_without	39	38	-0.7613577842712402	-1.6281150132417679	-1.1353063136339188	0.4928086996078491	0.5685660103385259	0.5685660103385259
not	0	165	14	resid	3	utterance_final	0	prompt_without	31	30	-0.5720734066433377	-2.722314715385437	-2.683928781085544	0.0383859342998929	0.01785191929102545	0.01785191929102545
not	0	170	0	resid	3	utterance_final	0	prompt_without	28	27	-0.5607280386121649	-2.5154595312319303	-2.247768166818117	0.26769136441381347	0.13694533772259881	0.13694533772259881
not	0	176	148	resid	3	utterance_final	0	prompt_without	45	44	-0.4451634016903964	-1.3702142708229297	-0.6599407448913112	0.7102735259316185	0.7678210459903441	0.7678210459903441
not	0	177	158	resid	3	utterance_final	0	prompt_without	39	38	-0.7613577842712402	-1.6281150132417679	-0.925218753516674	0.7028962597250938	0.8109494057060751	0.8109494057060751
not	0	165	14	resid	4	utterance_final	0	prompt_without	31	30	-0.5720734066433377	-2.722314715385437	-2.697890427377489	0.024424288007947936	0.011358859077187134	0.011358859077187134
not	0	170	0	resid	4	utterance_final	0	prompt_without	28	27	-0.5607280386121649	-2.5154595312319303	-1.2154054547611035	1.3000540764708268	0.66508064221571	0.66508064221571
not	0	176	148	resid	4	utterance_final	0	prompt_without	45	44	-0.4451634016903964	-1.3702142708229297	-0.6174676201560281	0.7527466506669016	0.8137354125971364	0.8137354125971364
not	0	177	158	resid	4	utterance_final	0	prompt_without	39	38	-0.7613577842712402	-1.6281150132417679	-0.9392628222703934	0.6888521909713745	0.7947464041223445	0.7947464041223445
not	0	165	14	resid	5	utterance_final	0	prompt_without	31	30	-0.5720734066433377	-2.722314715385437	-2.668029228846232	0.05428548653920506	0.02524622995498227	0.02524622995498227
not	0	170	0	resid	5	utterance_final	0	prompt_without	28	27	-0.5607280386121649	-2.5154595312319303	-0.6651763037631386	1.8502832274687917	0.9465664386411505	0.9465664386411505
not	0	176	148	resid	5	utterance_final	0	prompt_without	45	44	-0.4451634016903964	-1.3702142708229297	-0.6033724004572089	0.7668418703657208	0.8289726499958073	0.8289726499958073
not	0	177	158	resid	5	utterance_final	0	prompt_without	39	38	-0.7613577842712402	-1.6281150132417679	-0.9105216488242149	0.717593364417553	0.8279058315669996	0.8279058315669996
not	0	165	14	resid	6	utterance_final	0	prompt_without	31	30	-0.5720734066433377	-2.722314715385437	-2.541616744465298	0.18069797092013884	0.08403613593762085	0.08403613593762085
not	0	170	0	resid	6	utterance_final	0	prompt_without	28	27	-0.5607280386121649	-2.5154595312319303	-0.6117227642159713	1.903736767015959	0.9739121583724717	0.9739121583724717
not	0	176	148	resid	6	utterance_final	0	prompt_without	45	44	-0.4451634016903964	-1.3702142708229297	-0.5974342317292185	0.7727800390937112	0.8353919388437373	0.8353919388437373
not	0	177	158	resid	6	utterance_final	0	prompt_without	39	38	-0.7613577842712402	-1.6281150132417679	-0.8242666721343994	0.8038483411073685	0.9274204058985722	0.9274204058985722
not	0	165	14	resid	7	utterance_final	0	prompt_without	31	30	-0.5720734066433377	-2.722314715385437	-2.435227976904975	0.28708673848046207	0.13351373044191447	0.13351373044191447
not	0	170	0	resid	7	utterance_final	0	prompt_without	28	27	-0.5607280386121649	-2.5154595312319303	-0.6614128068873757	1.8540467243445546	0.9484917654136368	0.9484917654136368
not	0	176	148	resid	7	utterance_final	0	prompt_without	45	44	-0.4451634016903964	-1.3702142708229297	-0.6409308007269194	0.7292834700960102	0.7883712068503823	0.7883712068503823
not	0	177	158	resid	7	utterance_final	0	prompt_without	39	38	-0.7613577842712402	-1.6281150132417679	-0.8947538435459137	0.7333611696958542	0.8460975520987443	0.8460975520987443
not	0	165	14	resid	8	utterance_final	0	prompt_without	31	30	-0.5720734066433377	-2.722314715385437	-2.3449518150753446	0.37736290031009245	0.175497930755898	0.175497930755898
not	0	170	0	resid	8	utterance_final	0	prompt_without	28	27	-0.5607280386121649	-2.5154595312319303	-0.7207763195037842	1.7946832117281462	0.9181226263065319	0.9181226263065319
not	0	176	148	resid	8	utterance_final	0	prompt_without	45	44	-0.4451634016903964	-1.3702142708229297	-0.6636298569765958	0.7065844138463339	0.7638330360242066	0.7638330360242066
not	0	177	158	resid	8	utterance_final	0	prompt_without	39	38	-0.7613577842712402	-1.6281150132417679	-0.9423981308937073	0.6857168823480606	0.7911291183143706	0.7911291183143706
not	0	165	14	resid	9	utterance_final	0	prompt_without	31	30	-0.5720734066433377	-2.722314715385437	-2.2825844950146146	0.43973022037082243	0.20450273119720994	0.20450273119720994
not	0	170	0	resid	9	utterance_final	0	prompt_without	28	27	-0.5607280386121649	-2.5154595312319303	-0.8677042816814623	1.647755249550468	0.8429573349443086	0.8429573349443086
not	0	176	148	resid	9	utterance_final	0	prompt_without	45	44	-0.4451634016903964	-1.3702142708229297	-0.7109687147718488	0.6592455560510809	0.7126587067252731	0.7126587067252731
not	0	177	158	resid	9	utterance_final	0	prompt_without	39	38	-0.7613577842712402	-1.6281150132417679	-1.0405580773949623	0.5875569358468056	0.6778794755997175	0.6778794755997175
not	0	165	14	resid	10	utterance_final	0	prompt_without	31	30	-0.5720734066433377	-2.722314715385437	-2.162428339322408	0.5598863760630288	0.2603830434224914	0.2603830434224914
not	0	170	0	resid	10	utterance_final	0	prompt_without	28	27	-0.5607280386121649	-2.5154595312319303	-1.083693541978535	1.4317659892533954	0.7324617189926773	0.7324617189926773
not	0	176	148	resid	10	utterance_final	0	prompt_without	45	44	-0.4451634016903964	-1.3702142708229297	-0.7104166168155093	0.6597976540074204	0.7132555365589202	0.7132555365589202
not	0	177	158	resid	10	utterance_final	0	prompt_without	39	38	-0.7613577842712402	-1.6281150132417679	-1.0546753704547882	0.5734396427869797	0.6615919932598316	0.6615919932598316
not	0	165	14	resid	11	utterance_final	0	prompt_without	31	30	-0.5720734066433377	-2.722314715385437	-2.076122032271491	0.646192683113946	0.30052100686874605	0.30052100686874605
not	0	170	0	resid	11	utterance_final	0	prompt_without	28	27	-0.5607280386121649	-2.5154595312319303	-1.1895162212221246	1.3259433100098057	0.6783250359530215	0.6783250359530215
not	0	176	148	resid	11	utterance_final	0	prompt_without	45	44	-0.4451634016903964	-1.3702142708229297	-0.7365897821657585	0.6336244886571711	0.6849617786439709	0.6849617786439709
not	0	177	158	resid	11	utterance_final	0	prompt_without	39	38	-0.7613577842712402	-1.6281150132417679	-1.097034029662609	0.5310809835791588	0.6127217239479373	0.6127217239479373
not	0	165	14	resid	12	utterance_final	0	prompt_without	31	30	-0.5720734066433377	-2.722314715385437	-2.2966914971669516	0.42562321821848537	0.19794207119361726	0.19794207119361726
not	0	170	0	resid	12	utterance_final	0	prompt_without	28	27	-0.5607280386121649	-2.5154595312319303	-1.592283750835218	0.9231757803967124	0.4722775398474069	0.4722775398474069
not	0	176	148	resid	12	utterance_final	0	prompt_without	45	44	-0.4451634016903964	-1.3702142708229297	-0.702173771280231	0.6680404995426987	0.7221662308897174	0.7221662308897174
not	0	177	158	resid	12	utterance_final	0	prompt_without	39	38	-0.7613577842712402	-1.6281150132417679	-1.1887143179774284	0.43940069526433945	0.5069478287319602	0.5069478287319602
not	0	165	14	resid	13	utterance_final	0	prompt_without	31	30	-0.5720734066433377	-2.722314715385437	-2.4546630117628307	0.26765170362260626	0.12447519380007804	0.12447519380007804
not	0	170	0	resid	13	utterance_final	0	prompt_without	28	27	-0.5607280386121649	-2.5154595312319303	-2.109499165886327	0.4059603653456034	0.20768088449914326	0.20768088449914326
not	0	176	148	resid	13	utterance_final	0	prompt_without	45	44	-0.4451634016903964	-1.3702142708229297	-0.953230492996447	0.41698377782648266	0.4507684839186296	0.4507684839186296
not	0	177	158	resid	13	utterance_final	0	prompt_without	39	38	-0.7613577842712402	-1.6281150132417679	-1.35689827054739	0.2712167426943779	0.31290969792834583	0.31290969792834583
not	0	165	14	resid	14	utterance_final	0	prompt_without	31	30	-0.5720734066433377	-2.722314715385437	-2.487085156970554	0.23522955841488313	0.1093968186075327	0.1093968186075327
not	0	170	0	resid	14	utterance_final	0	prompt_without	28	27	-0.5607280386121649	-2.5154595312319303	-2.3158357017918636	0.19962382944006674	0.10212340170185082	0.10212340170185082
not	0	176	148	resid	14	utterance_final	0	prompt_without	45	44	-0.4451634016903964	-1.3702142708229297	-1.0969878904747241	0.27322638034820557	0.2953636275207478	0.2953636275207478
not	0	177	158	resid	14	utterance_final	0	prompt_without	39	38	-0.7613577842712402	-1.6281150132417679	-1.4260804280638695	0.2020345851778984	0.23309247206147984	0.23309247206147984
not	0	165	14	resid	15	utterance_final	0	prompt_without	31	30	-0.5720734066433377	-2.722314715385437	-2.6021870374679565	0.12012767791748047	0.05586706823512552	0.05586706823512552
not	0	170	0	resid	15	utterance_final	0	prompt_without	28	27	-0.5607280386121649	-2.5154595312319303	-2.409171035415248	0.10628849581668254	0.05437498511584976	0.05437498511584976
not	0	176	148	resid	15	utterance_final	0	prompt_without	45	44	-0.4451634016903964	-1.3702142708229297	-1.189063838033965	0.1811504327889646	0.1958275364454697	0.1958275364454697
not	0	177	158	resid	15	utterance_final	0	prompt_without	39	38	-0.7613577842712402	-1.6281150132417679	-1.5384205803275108	0.08969443291425705	0.10348276301172554	0.10348276301172554
not	0	165	14	resid	16	utterance_final	0	prompt_without	31	30	-0.5720734066433377	-2.722314715385437	-2.6408679485321045	0.08144676685333252	0.037877965846065544	0.037877965846065544
not	0	170	0	resid	16	utterance_final	0	prompt_without	28	27	-0.5607280386121649	-2.5154595312319303	-2.44002418141616	0.07543534981577027	0.038591156944358884	0.038591156944358884
not	0	176	148	resid	16	utterance_final	0	prompt_without	45	44	-0.4451634016903964	-1.3702142708229297	-1.2167750308007905	0.15343924002213916	0.16587113762297945	0.16587113762297945
not	0	177	158	resid	16	utterance_final	0	prompt_without	39	38	-0.7613577842712402	-1.6281150132417679	-1.5482371747493744	0.0798778384923935	0.09215710676825468	0.09215710676825468
not	0	165	14	resid	17	utterance_final	0	prompt_without	31	30	-0.5720734066433377	-2.722314715385437	-2.653459654914008	0.06885506047142886	0.032022015478676384	0.032022015478676384
not	0	170	0	resid	17	utterance_final	0	prompt_without	28	27	-0.5607280386121649	-2.5154595312319303	-2.4752360645093416	0.0402234667225887	0.02057748947845543	0.02057748947845543
not	0	176	148	resid	17	utterance_final	0	prompt_without	45	44	-0.4451634016903964	-1.3702142708229297	-1.2611816182281033	0.10903265259482642	0.11786665602192432	0.11786665602192432
not	0	177	158	resid	17	utterance_final	0	prompt_without	39	38	-0.7613577842712402	-1.6281150132417679	-1.5719027444720268	0.05621226876974106	0.06485353325118036	0.06485353325118036
not	0	165	14	resid	18	utterance_final	0	prompt_without	31	30	-0.5720734066433377	-2.722314715385437	-2.719893468750848	0.0024212466345892025	0.001126034843040776	0.001126034843040776
not	0	170	0	resid	18	utterance_final	0	prompt_without	28	27	-0.5607280386121649	-2.5154595312319303	-2.4801531779138664	0.03530635331806398	0.01806199646926739	0.01806199646926739
not	0	176	148	resid	18	utterance_final	0	prompt_without	45	44	-0.4451634016903964	-1.3702142708229297	-1.3007853428522747	0.06942892797065503	0.07505417300538514	0.07505417300538514
not	0	177	158	resid	18	utterance_final	0	prompt_without	39	38	-0.7613577842712402	-1.6281150132417679	-1.5980200096964836	0.03009500354528427	0.03472137588172061	0.03472137588172061
not	0	165	14	resid	19	utterance_final	0	prompt_without	31	30	-0.5720734066433377	-2.722314715385437	-2.7188060416115656	0.003508673773871429	0.0016317581471467586	0.0016317581471467586
not	0	170	0	resid	19	utterance_final	0	prompt_without	28	27	-0.5607280386121649	-2.5154595312319303	-2.4837205472745394	0.03173898395739094	0.016237004456736818	0.016237004456736818
not	0	176	148	resid	19	utterance_final	0	prompt_without	45	44	-0.4451634016903964	-1.3702142708229297	-1.3202851071502224	0.04992916367270728	0.05397450598530692	0.05397450598530692
not	0	177	158	resid	19	utterance_final	0	prompt_without	39	38	-0.7613577842712402	-1.6281150132417679	-1.6057944744825363	0.022320538759231567	0.02575177686806525	0.02575177686806525
not	0	165	14	resid	20	utterance_final	0	prompt_without	31	30	-0.5720734066433377	-2.722314715385437	-2.7136517498228283	0.008662965562608704	0.004028834125448263	0.004028834125448263
not	0	170	0	resid	20	utterance_final	0	prompt_without	28	27	-0.5607280386121649	-2.5154595312319303	-2.4984085873553625	0.017050943876567803	0.008722908461312929	0.008722908461312929
not	0	176	148	resid	20	utterance_final	0	prompt_without	45	44	-0.4451634016903964	-1.3702142708229297	-1.3460428281263872	0.024171442696542478	0.02612985242553121	0.02612985242553121
not	0	177	158	resid	20	utterance_final	0	prompt_without	39	38	-0.7613577842712402	-1.6281150132417679	-1.6028456762433052	0.025269336998462677	0.029153880872128165	0.029153880872128165
not	0	165	14	resid	21	utterance_final	0	prompt_without	31	30	-0.5720734066433377	-2.722314715385437	-2.7138897445466785	0.008424970838758483	0.0039181513277163895	0.0039181513277163895
not	0	170	0	resid	21	utterance_final	0	prompt_without	28	27	-0.5607280386121649	-2.5154595312319303	-2.5070524780373824	0.008407053194547931	0.004300873662848011	0.004300873662848011
not	0	176	148	resid	21	utterance_final	0	prompt_without	45	44	-0.4451634016903964	-1.3702142708229297	-1.3568749355547356	0.013339335268194086	0.014420109978063209	0.014420109978063209
not	0	177	158	resid	21	utterance_final	0	prompt_without	39	38	-0.7613577842712402	-1.6281150132417679	-1.6009534373879433	0.027161575853824615	0.03133700527203586	0.03133700527203586
not	0	165	14	resid	22	utterance_final	0	prompt_without	31	30	-0.5720734066433377	-2.722314715385437	-2.7157110108269586	0.006603704558478363	0.003071145797278706	0.003071145797278706
not	0	170	0	resid	22	utterance_final	0	prompt_without	28	27	-0.5607280386121649	-2.5154595312319303	-2.5113950340371383	0.004064497194792072	0.0020793122790203587	0.0020793122790203587
not	0	176	148	resid	22	utterance_final	0	prompt_without	45	44	-0.4451634016903964	-1.3702142708229297	-1.3617457259785046	0.008468544844425052	0.00915468016625554	0.00915468016625554
not	0	177	158	resid	22	utterance_final	0	prompt_without	39	38	-0.7613577842712402	-1.6281150132417679	-1.6041081324219704	0.024006880819797516	0.02769735286582054	0.02769735286582054
not	0	165	14	resid	23	utterance_final	0	prompt_without	31	30	-0.5720734066433377	-2.722314715385437	-2.7219889561335244	0.0003257592519125829	0.00015149892739394608	0.00015149892739394608
not	0	170	0	resid	23	utterance_final	0	prompt_without	28	27	-0.5607280386121649	-2.5154595312319303	-2.512864037563926	0.0025954936680041563	0.0013278006098554386	0.0013278006098554386
not	0	176	148	resid	23	utterance_final	0	prompt_without	45	44	-0.4451634016903964	-1.3702142708229297	-1.3638774192694463	0.0063368515534834025	0.006850273606494513	0.006850273606494513
not	0	177	158	resid	23	utterance_final	0	prompt_without	39	38	-0.7613577842712402	-1.6281150132417679	-1.6040995195508003	0.02401549369096756	0.027707289755738697	0.027707289755738697
not	0	165	14	resid	24	utterance_final	0	prompt_without	31	30	-0.5720734066433377	-2.722314715385437	-2.7227620681126914	-0.0004473527272543798	-0.00020804768536238527	0.0
not	0	170	0	resid	24	utterance_final	0	prompt_without	28	27	-0.5607280386121649	-2.5154595312319303	-2.513855827482123	0.0016037037498071172	0.0008204215033430527	0.0008204215033430527
not	0	176	148	resid	24	utterance_final	0	prompt_without	45	44	-0.4451634016903964	-1.3702142708229297	-1.3657496011618413	0.004464669661088383	0.0048264044822476935	0.0048264044822476935
not	0	177	158	resid	24	utterance_final	0	prompt_without	39	38	-0.7613577842712402	-1.6281150132417679	-1.6031668186187744	0.02494819462299347	0.028783370693804485	0.028783370693804485
not	0	165	14	resid	25	utterance_final	0	prompt_without	31	30	-0.5720734066433377	-2.722314715385437	-2.722651640574137	-0.00033692518870021004	-0.00015669180353404744	0.0
not	0	170	0	resid	25	utterance_final	0	prompt_without	28	27	-0.5607280386121649	-2.5154595312319303	-2.5233361972005746	-0.007876665968644225	-0.004029538582860697	0.0
not	0	176	148	resid	25	utterance_final	0	prompt_without	45	44	-0.4451634016903964	-1.3702142708229297	-1.370343475630789	-0.00012920480785938437	-0.00013967319222190044	0.0
not	0	177	158	resid	25	utterance_final	0	prompt_without	39	38	-0.7613577842712402	-1.6281150132417679	-1.6054326370358467	0.022682376205921173	0.026169237991659648	0.026169237991659648
not	0	165	14	resid	26	utterance_final	0	prompt_without	31	30	-0.5720734066433377	-2.722314715385437	-2.723356935713026	-0.0010422203275890496	-0.0004846992397326573	0.0
not	0	170	0	resid	26	utterance_final	0	prompt_without	28	27	-0.5607280386121649	-2.5154595312319303	-2.5242312079981755	-0.008771676766245129	-0.004487407502955392	0.0
not	0	176	148	resid	26	utterance_final	0	prompt_without	45	44	-0.4451634016903964	-1.3702142708229297	-1.3712186163122004	-0.0010043454892707526	-0.0010857191996506937	0.0
not	0	177	158	resid	26	utterance_final	0	prompt_without	39	38	-0.7613577842712402	-1.6281150132417679	-1.6067756339907646	0.021339379251003265	0.024619788030321544	0.024619788030321544
not	0	165	14	resid	27	utterance_final	0	prompt_without	31	30	-0.5720734066433377	-2.722314715385437	-2.7243296835157604	-0.0020149681303234246	-0.0009370893034801708	0.0
not	0	170	0	resid	27	utterance_final	0	prompt_without	28	27	-0.5607280386121649	-2.5154595312319303	-2.5287892692967464	-0.013329738064816077	-0.006819216918100259	0.0
not	0	176	148	resid	27	utterance_final	0	prompt_without	45	44	-0.4451634016903964	-1.3702142708229297	-1.3714054678425645	-0.001191197019634771	-0.0012877097458995055	0.0
not	0	177	158	resid	27	utterance_final	0	prompt_without	39	38	-0.7613577842712402	-1.6281150132417679	-1.6047032922506332	0.023411720991134644	0.027010701738180383	0.027010701738180383
not	0	165	14	resid	28	utterance_final	0	prompt_without	31	30	-0.5720734066433377	-2.722314715385437	-2.7266625828213162	-0.004347867435879227	-0.002022036977060379	0.0
not	0	170	0	resid	28	utterance_final	0	prompt_without	28	27	-0.5607280386121649	-2.5154595312319303	-2.5303024430023995	-0.014842911770469147	-0.007593325132638252	0.0
not	0	176	148	resid	28	utterance_final	0	prompt_without	45	44	-0.4451634016903964	-1.3702142708229297	-1.3707236737915964	-0.0005094029686667501	-0.0005506756284056496	0.0
not	0	177	158	resid	28	utterance_final	0	prompt_without	39	38	-0.7613577842712402	-1.6281150132417679	-1.6269524171948433	0.001162596046924591	0.0013413168163655695	0.0013413168163655695
not	0	165	14	resid	29	utterance_final	0	prompt_without	31	30	-0.5720734066433377	-2.722314715385437	-2.728655974070231	-0.00634125868479396	-0.002949091647999091	0.0
not	0	170	0	resid	29	utterance_final	0	prompt_without	28	27	-0.5607280386121649	-2.5154595312319303	-2.5319067365244816	-0.01644720529255128	-0.008414048351218022	0.0
not	0	176	148	resid	29	utterance_final	0	prompt_without	45	44	-0.4451634016903964	-1.3702142708229297	-1.370347423986955	-0.00013315316402540134	-0.00014394145064721225	0.0
not	0	177	158	resid	29	utterance_final	0	prompt_without	39	38	-0.7613577842712402	-1.6281150132417679	-1.628424920141697	-0.00030990689992904663	-0.0003575475226172984	0.0
not	0	165	14	resid	30	utterance_final	0	prompt_without	31	30	-0.5720734066433377	-2.722314715385437	-2.7241260210673013	-0.0018113056818642725	-0.0008423732138807688	0.0
not	0	170	0	resid	30	utterance_final	0	prompt_without	28	27	-0.5607280386121649	-2.5154595312319303	-2.5211957944066903	-0.005736263174759948	-0.002934553004552102	0.0
not	0	176	148	resid	30	utterance_final	0	prompt_without	45	44	-0.4451634016903964	-1.3702142708229297	-1.3701699827656602	4.4288057269525893e-05	4.787634793647298e-05	4.787634793647298e-05
not	0	177	158	resid	30	utterance_final	0	prompt_without	39	38	-0.7613577842712402	-1.6281150132417679	-1.6279414668679237	0.00017354637384414673	0.00020022489348058017	0.00020022489348058017
not	0	165	14	resid	31	utterance_final	0	prompt_without	31	30	-0.5720734066433377	-2.722314715385437	-2.722314715385437	0.0	0.0	0.0
not	0	170	0	resid	31	utterance_final	0	prompt_without	28	27	-0.5607280386121649	-2.5154595312319303	-2.5154595312319303	0.0	0.0	0.0
not	0	176	148	resid	31	utterance_final	0	prompt_without	45	44	-0.4451634016903964	-1.3702142708229297	-1.3702142708229297	0.0	0.0	0.0
not	0	177	158	resid	31	utterance_final	0	prompt_without	39	38	-0.7613577842712402	-1.6281150132417679	-1.6281150132417679	0.0	0.0	0.0
not	0	178	288	resid	0	utterance_final	0	prompt_without	40	39	-0.739584059715271	-1.4574041175842285	-1.4536533212661744	0.0037507963180540838	0.005225259836273362	0.005225259836273362
not	0	178	288	resid	1	utterance_final	0	prompt_without	40	39	-0.739584059715271	-1.4574041175842285	-1.4229986000061035	0.034405517578125044	0.04793056031377432	0.04793056031377432
not	0	178	288	resid	2	utterance_final	0	prompt_without	40	39	-0.739584059715271	-1.4574041175842285	-1.3987831926345826	0.05862092494964588	0.08166520885983307	0.08166520885983307
not	0	178	288	resid	3	utterance_final	0	prompt_without	40	39	-0.739584059715271	-1.4574041175842285	-1.214681077003479	0.24272304058074945	0.3381391170669405	0.3381391170669405
not	0	178	288	resid	4	utterance_final	0	prompt_without	40	39	-0.739584059715271	-1.4574041175842285	-1.1740645837783814	0.2833395338058471	0.3947222297563221	0.3947222297563221
not	0	178	288	resid	5	utterance_final	0	prompt_without	40	39	-0.739584059715271	-1.4574041175842285	-1.0976613807678222	0.35974273681640634	0.5011600510083261	0.5011600510083261
not	0	178	288	resid	6	utterance_final	0	prompt_without	40	39	-0.739584059715271	-1.4574041175842285	-0.9985639142990113	0.45884020328521724	0.639213404885074	0.639213404885074
not	0	178	288	resid	7	utterance_final	0	prompt_without	40	39	-0.739584059715271	-1.4574041175842285	-0.9895870590209961	0.4678170585632324	0.6517191229680507	0.6517191229680507
not	0	178	288	resid	8	utterance_final	0	prompt_without	40	39	-0.739584059715271	-1.4574041175842285	-0.9942730331420898	0.4631310844421387	0.6451910605800961	0.6451910605800961
not	0	178	288	resid	9	utterance_final	0	prompt_without	40	39	-0.739584059715271	-1.4574041175842285	-1.036882562637329	0.42052155494689947	0.5858314355206667	0.5858314355206667
not	0	178	288	resid	10	utterance_final	0	prompt_without	40	39	-0.739584059715271	-1.4574041175842285	-1.1038816738128663	0.3535224437713622	0.4924945185021563	0.4924945185021563
not	0	178	288	resid	11	utterance_final	0	prompt_without	40	39	-0.739584059715271	-1.4574041175842285	-1.1625724840164184	0.29483163356781006	0.41073195202025603	0.41073195202025603
not	0	178	288	resid	12	utterance_final	0	prompt_without	40	39	-0.739584059715271	-1.4574041175842285	-1.1963036441802979	0.2611004734039306	0.3637408436023337	0.3637408436023337
not	0	178	288	resid	13	utterance_final	0	prompt_without	40	39	-0.739584059715271	-1.4574041175842285	-1.279828200340271	0.1775759172439575	0.2473822168903158	0.2473822168903158
not	0	178	288	resid	14	utterance_final	0	prompt_without	40	39	-0.739584059715271	-1.4574041175842285	-1.3805151224136352	0.07688899517059333	0.10711458161096676	0.10711458161096676
not	0	178	288	resid	15	utterance_final	0	prompt_without	40	39	-0.739584059715271	-1.4574041175842285	-1.4138719654083252	0.04353215217590334	0.060644936984820784	0.060644936984820784
not	0	178	288	resid	16	utterance_final	0	prompt_without	40	39	-0.739584059715271	-1.4574041175842285	-1.4141399621963502	0.04326415538787831	0.06027158883846131	0.06027158883846131
not	0	178	288	resid	17	utterance_final	0	prompt_without	40	39	-0.739584059715271	-1.4574041175842285	-1.435822410583496	0.021581707000732475	0.03006562266426992	0.03006562266426992
not	0	178	288	resid	18	utterance_final	0	prompt_without	40	39	-0.739584059715271	-1.4574041175842285	-1.443255729675293	0.014148387908935467	0.019710215330202355	0.019710215330202355
not	0	178	288	resid	19	utterance_final	0	prompt_without	40	39	-0.739584059715271	-1.4574041175842285	-1.442685079574585	0.014719038009643581	0.020505191862903657	0.020505191862903657
not	0	178	288	resid	20	utterance_final	0	prompt_without	40	39	-0.739584059715271	-1.4574041175842285	-1.4483173608779907	0.00908675670623782	0.012658822509382515	0.012658822509382515
not	0	178	288	resid	21	utterance_final	0	prompt_without	40	39	-0.739584059715271	-1.4574041175842285	-1.4552133178710938	0.002190799713134739	0.003052017966227802	0.003052017966227802
not	0	178	288	resid	22	utterance_final	0	prompt_without	40	39	-0.739584059715271	-1.4574041175842285	-1.4560273170471192	0.0013768005371093128	0.0019180301832143233	0.0019180301832143233
not	0	178	288	resid	23	utterance_final	0	prompt_without	40	39	-0.739584059715271	-1.4574041175842285	-1.4555020666122436	0.0019020509719849255	0.002649760132966578	0.002649760132966578
not	0	178	288	resid	24	utterance_final	0	prompt_without	40	39	-0.739584059715271	-1.4574041175842285	-1.4561985921859741	0.001205525398254359	0.0016794256235097224	0.0016794256235097224
not	0	178	288	resid	25	utterance_final	0	prompt_without	40	39	-0.739584059715271	-1.4574041175842285	-1.4564000797271728	0.0010040378570557174	0.0013987319608154648	0.0013987319608154648
not	0	178	288	resid	26	utterance_final	0	prompt_without	40	39	-0.739584059715271	-1.4574041175842285	-1.4571062088012696	0.0002979087829588778	0.0004150187497453058	0.0004150187497453058
not	0	178	288	resid	27	utterance_final	0	prompt_without	40	39	-0.739584059715271	-1.4574041175842285	-1.457184247970581	0.00021986961364750535	0.0003063018527237141	0.0003063018527237141
not	0	178	288	resid	28	utterance_final	0	prompt_without	40	39	-0.739584059715271	-1.4574041175842285	-1.4578151988983155	-0.00041108131408695847	-0.0005726801718349363	0.0
not	0	178	288	resid	29	utterance_final	0	prompt_without	40	39	-0.739584059715271	-1.4574041175842285	-1.4572008848190308	0.00020323276519773614	0.00028312494610569595	0.00028312494610569595
not	0	178	288	resid	30	utterance_final	0	prompt_without	40	39	-0.739584059715271	-1.4574041175842285	-1.4572820568084717	0.00012206077575682706	0.00017004369607502665	0.00017004369607502665
not	0	178	288	resid	31	utterance_final	0	prompt_without	40	39	-0.739584059715271	-1.4574041175842285	-1.4574041175842285	0.0	0.0	0.0
not	1	120	47	resid	0	utterance_final	0	prompt_without	107	106	-0.5985736846923828	-2.040461540222168	-2.0410890579223633	-0.0006275177001953125	-0.0004352056214279903	0.0
not	1	123	392	resid	0	utterance_final	0	prompt_without	39	38	-0.808233638604482	-1.4642622139718797	-1.4557765854729547	0.00848562849892498	0.012934845855110424	0.012934845855110424
not	1	126	147	resid	0	utterance_final	0	prompt_without	84	83	-0.4441662157996226	-1.2841449470843298	-1.2837670900053897	0.00037785707894011367	0.000449841245816069	0.000449841245816069
not	1	130	56	resid	0	utterance_final	0	prompt_without	46	45	-0.5827055225769678	-1.826221580306689	-1.8274754881858826	-0.0012539078791935498	-0.001008356805205074	0.0
not	1	120	47	resid	1	utterance_final	0	prompt_without	107	106	-0.5985736846923828	-2.040461540222168	-2.0320234298706055	0.0084381103515625	0.0058521266540955295	0.0058521266540955295
not	1	123	392	resid	1	utterance_final	0	prompt_without	39	38	-0.808233638604482	-1.4642622139718797	-1.356789423359765	0.10747279061211468	0.16382333734765497	0.16382333734765497
not	1	126	147	resid	1	utterance_final	0	prompt_without	84	83	-0.4441662157996226	-1.2841449470843298	-1.2829895605475217	0.001155386536808134	0.0013754949902612722	0.0013754949902612722
not	1	130	56	resid	1	utterance_final	0	prompt_without	46	45	-0.5827055225769678	-1.826221580306689	-1.838620548446973	-0.012398968140284072	-0.009970895078685824	0.0
not	1	120	47	resid	2	utterance_final	0	prompt_without	107	106	-0.5985736846923828	-2.040461540222168	-2.022284507751465	0.018177032470703125	0.01260641207358282	0.01260641207358282
not	1	123	392	resid	2	utterance_final	0	prompt_without	39	38	-0.808233638604482	-1.4642622139718797	-1.339957336584727	0.12430487738715268	0.18948088856882161	0.18948088856882161
not	1	126	147	resid	2	utterance_final	0	prompt_without	84	83	-0.4441662157996226	-1.2841449470843298	-1.2810742996506772	0.0030706474336525957	0.0036556252191721427	0.0036556252191721427
not	1	130	56	resid	2	utterance_final	0	prompt_without	46	45	-0.5827055225769678	-1.826221580306689	-1.8395598779122035	-0.013338297605514526	-0.010726276932737136	0.0
not	1	120	47	resid	3	utterance_final	0	prompt_without	107	106	-0.5985736846923828	-2.040461540222168	-1.9310989379882812	0.10936260223388672	0.07584681555813798	0.07584681555813798
not	1	123	392	resid	3	utterance_final	0	prompt_without	39	38	-0.808233638604482	-1.4642622139718797	-0.8594914542304145	0.6047707597414652	0.92186648943268	0.92186648943268
not	1	126	147	resid	3	utterance_final	0	prompt_without	84	83	-0.4441662157996226	-1.2841449470843298	-1.2719048948611242	0.012240052223205566	0.014571859699929537	0.014571859699929537
not	1	130	56	resid	3	utterance_final	0	prompt_without	46	45	-0.5827055225769678	-1.826221580306689	-1.7268095761537552	0.09941200415293383	0.07994428663384505	0.07994428663384505
not	1	120	47	resid	4	utterance_final	0	prompt_without	107	106	-0.5985736846923828	-2.040461540222168	-1.7425661087036133	0.2978954315185547	0.20660097134190825	0.20660097134190825
not	1	123	392	resid	4	utterance_final	0	prompt_without	39	38	-0.808233638604482	-1.4642622139718797	-0.7789740098847283	0.6852882040871514	1.0446011497340149	1.0
not	1	126	147	resid	4	utterance_final	0	prompt_without	84	83	-0.4441662157996226	-1.2841449470843298	-1.2675792584984988	0.016565688585830962	0.019721557188114202	0.019721557188114202
not	1	130	56	resid	4	utterance_final	0	prompt_without	46	45	-0.5827055225769678	-1.826221580306689	-1.6907941699028015	0.1354274104038875	0.10890684487913764	0.10890684487913764
not	1	120	47	resid	5	utterance_final	0	prompt_without	107	106	-0.5985736846923828	-2.040461540222168	-1.6970691680908203	0.34339237213134766	0.23815470170887654	0.23815470170887654
not	1	123	392	resid	5	utterance_final	0	prompt_without	39	38	-0.808233638604482	-1.4642622139718797	-0.7889697816636827	0.675292432308197	1.029364356468788	1.0
not	1	126	147	resid	5	utterance_final	0	prompt_without	84	83	-0.4441662157996226	-1.2841449470843298	-1.2684477769722373	0.015697170112092484	0.01868758044395293	0.01868758044395293
not	1	130	56	resid	5	utterance_final	0	prompt_without	46	45	-0.5827055225769678	-1.826221580306689	-1.675444856286049	0.15077672402064013	0.12125032329370333	0.12125032329370333
not	1	120	47	resid	6	utterance_final	0	prompt_without	107	106	-0.5985736846923828	-2.040461540222168	-1.5657167434692383	0.4747447967529297	0.32925223340514004	0.32925223340514004
not	1	123	392	resid	6	utterance_final	0	prompt_without	39	38	-0.808233638604482	-1.4642622139718797	-0.7929192516538832	0.6713429623179965	1.0233440851902256	1.0
not	1	126	147	resid	6	utterance_final	0	prompt_without	84	83	-0.4441662157996226	-1.2841449470843298	-1.2588390132128182	0.025305933871511588	0.030126874561225352	0.030126874561225352
not	1	130	56	resid	6	utterance_final	0	prompt_without	46	45	-0.5827055225769678	-1.826221580306689	-1.59746257464091	0.2287590056657791	0.18396144082242324	0.18396144082242324
not	1	120	47	resid	7	utterance_final	0	prompt_without	107	106	-0.5985736846923828	-2.040461540222168	-1.3866615295410156	0.6538000106811523	0.4534333292105648	0.4534333292105648
not	1	123	392	resid	7	utterance_final	0	prompt_without	39	38	-0.808233638604482	-1.4642622139718797	-0.827340841293335	0.6369213726785448	0.9708744353427711	0.9708744353427711
not	1	126	147	resid	7	utterance_final	0	prompt_without	84	83	-0.4441662157996226	-1.2841449470843298	-1.2123035293514446	0.07184141773288522	0.0855276628528525	0.0855276628528525
not	1	130	56	resid	7	utterance_final	0	prompt_without	46	45	-0.5827055225769678	-1.826221580306689	-1.5665341367324193	0.25968744357426976	0.20883320481472462	0.20883320481472462
not	1	120	47	resid	8	utterance_final	0	prompt_without	107	106	-0.5985736846923828	-2.040461540222168	-1.3858423233032227	0.6546192169189453	0.45400147758261133	0.45400147758261133
not	1	123	392	resid	8	utterance_final	0	prompt_without	39	38	-0.808233638604482	-1.4642622139718797	-0.858055035273234	0.6062071786986457	0.9240560570995702	0.9240560570995702
not	1	126	147	resid	8	utterance_final	0	prompt_without	84	83	-0.4441662157996226	-1.2841449470843298	-1.1504948563494926	0.13365009073483725	0.15911127955635954	0.15911127955635954
not	1	130	56	resid	8	utterance_final	0	prompt_without	46	45	-0.5827055225769678	-1.826221580306689	-1.5969214588403702	0.22930012146631884	0.18439659065195388	0.18439659065195388
not	1	120	47	resid	9	utterance_final	0	prompt_without	107	106	-0.5985736846923828	-2.040461540222168	-1.3175792694091797	0.7228822708129883	0.5013443091573745	0.5013443091573745
not	1	123	392	resid	9	utterance_final	0	prompt_without	39	38	-0.808233638604482	-1.4642622139718797	-0.8926113115416633	0.5716509024302164	0.8713811012120517	0.8713811012120517
not	1	126	147	resid	9	utterance_final	0	prompt_without	84	83	-0.4441662157996226	-1.2841449470843298	-1.1360351412983265	0.1481098057860033	0.17632566191226826	0.17632566191226826
not	1	130	56	resid	9	utterance_final	0	prompt_without	46	45	-0.5827055225769678	-1.826221580306689	-1.6007127960522969	0.22550878425439214	0.1813477058479663	0.1813477058479663
not	1	120	47	resid	10	utterance_final	0	prompt_without	107	106	-0.5985736846923828	-2.040461540222168	-1.2628412246704102	0.7776203155517578	0.5393070706362534	0.5393070706362534
not	1	123	392	resid	10	utterance_final	0	prompt_without	39	38	-0.808233638604482	-1.4642622139718797	-0.9787863559193082	0.48547585805257154	0.7400224262802715	0.7400224262802715
not	1	126	147	resid	10	utterance_final	0	prompt_without	84	83	-0.4441662157996226	-1.2841449470843298	-1.0844016903537814	0.19974325673054838	0.23779561230681479	0.23779561230681479
not	1	130	56	resid	10	utterance_final	0	prompt_without	46	45	-0.5827055225769678	-1.826221580306689	-1.6016848136981328	0.22453676660855626	0.18056603709524388	0.18056603709524388
not	1	120	47	resid	11	utterance_final	0	prompt_without	107	106	-0.5985736846923828	-2.040461540222168	-1.2010278701782227	0.8394336700439453	0.582176808567069	0.582176808567069
not	1	123	392	resid	11	utterance_final	0	prompt_without	39	38	-0.808233638604482	-1.4642622139718797	-1.0344528887006972	0.42980932527118254	0.6551686030299444	0.6551686030299444
not	1	126	147	resid	11	utterance_final	0	prompt_without	84	83	-0.4441662157996226	-1.2841449470843298	-1.0932223857459376	0.19092256133839225	0.22729451857237548	0.22729451857237548
not	1	130	56	resid	11	utterance_final	0	prompt_without	46	45	-0.5827055225769678	-1.826221580306689	-1.61142302552859	0.21479855477809906	0.17273484603830155	0.17273484603830155
not	1	120	47	resid	12	utterance_final	0	prompt_without	107	106	-0.5985736846923828	-2.040461540222168	-0.8918275833129883	1.1486339569091797	0.796618095161876	0.796618095161876
not	1	123	392	resid	12	utterance_final	0	prompt_without	39	38	-0.808233638604482	-1.4642622139718797	-1.1602794660462274	0.3039827479256523	0.4633681509306388	0.4633681509306388
not	1	126	147	resid	12	utterance_final	0	prompt_without	84	83	-0.4441662157996226	-1.2841449470843298	-1.019395304938494	0.26474964214583574	0.3151861258926329	0.3151861258926329
not	1	130	56	resid	12	utterance_final	0	prompt_without	46	45	-0.5827055225769678	-1.826221580306689	-1.5990349253018696	0.22718665500481938	0.18269700145215056	0.18269700145215056
not	1	120	47	resid	13	utterance_final	0	prompt_without	107	106	-0.5985736846923828	-2.040461540222168	-1.4084692001342773	0.6319923400878906	0.4383089417558629	0.4383089417558629
not	1	123	392	resid	13	utterance_final	0	prompt_without	39	38	-0.808233638604482	-1.4642622139718797	-1.3229147858089871	0.14134742816289259	0.2154592550846331	0.2154592550846331
not	1	126	147	resid	13	utterance_final	0	prompt_without	84	83	-0.4441662157996226	-1.2841449470843298	-1.1607192896180234	0.1234256574663064	0.1469390269888534	0.1469390269888534
not	1	130	56	resid	13	utterance_final	0	prompt_without	46	45	-0.5827055225769678	-1.826221580306689	-1.7176074584325154	0.10861412187417363	0.08734436616159964	0.08734436616159964
not	1	120	47	resid	14	utterance_final	0	prompt_without	107	106	-0.5985736846923828	-2.040461540222168	-1.7920026779174805	0.2484588623046875	0.17231496981670436	0.17231496981670436
not	1	123	392	resid	14	utterance_final	0	prompt_without	39	38	-0.808233638604482	-1.4642622139718797	-1.4198214213053386	0.04444079266654111	0.06774215992291616	0.06774215992291616
not	1	126	147	resid	14	utterance_final	0	prompt_without	84	83	-0.4441662157996226	-1.2841449470843298	-1.2389925617282673	0.045152385356062474	0.05375420076054077	0.05375420076054077
not	1	130	56	resid	14	utterance_final	0	prompt_without	46	45	-0.5827055225769678	-1.826221580306689	-1.7631848802169163	0.06303670008977269	0.05069230887525358	0.05069230887525358
not	1	120	47	resid	15	utterance_final	0	prompt_without	107	106	-0.5985736846923828	-2.040461540222168	-1.9346446990966797	0.10581684112548828	0.07338770537505399	0.07338770537505399
not	1	123	392	resid	15	utterance_final	0	prompt_without	39	38	-0.808233638604482	-1.4642622139718797	-1.459563712279002	0.004698501692877777	0.007162038163118826	0.007162038163118826
not	1	126	147	resid	15	utterance_final	0	prompt_without	84	83	-0.4441662157996226	-1.2841449470843298	-1.2657756078041207	0.018369339280209118	0.021868814764052533	0.021868814764052533
not	1	130	56	resid	15	utterance_final	0	prompt_without	46	45	-0.5827055225769678	-1.826221580306689	-1.782436341047287	0.04378523925940203	0.03521083542687856	0.03521083542687856
not	1	120	47	resid	16	utterance_final	0	prompt_without	107	106	-0.5985736846923828	-2.040461540222168	-1.947108268737793	0.093353271484375	0.06474378095796826	0.06474378095796826
not	1	123	392	resid	16	utterance_final	0	prompt_without	39	38	-0.808233638604482	-1.4642622139718797	-1.466210146745046	-0.0019479327731661833	-0.002969280373305807	0.0
not	1	126	147	resid	16	utterance_final	0	prompt_without	84	83	-0.4441662157996226	-1.2841449470843298	-1.2755105455042952	0.00863440158003459	0.010279309771127999	0.010279309771127999
not	1	130	56	resid	16	utterance_final	0	prompt_without	46	45	-0.5827055225769678	-1.826221580306689	-1.792569135626157	0.03365244468053197	0.027062332224298744	0.027062332224298744
not	1	120	47	resid	17	utterance_final	0	prompt_without	107	106	-0.5985736846923828	-2.040461540222168	-2.0242042541503906	0.016257286071777344	0.011275000347238528	0.011275000347238528
not	1	123	392	resid	17	utterance_final	0	prompt_without	39	38	-0.808233638604482	-1.4642622139718797	-1.4648415247599285	-0.0005793107880487369	-0.0008830572475052687	0.0
not	1	126	147	resid	17	utterance_final	0	prompt_without	84	83	-0.4441662157996226	-1.2841449470843298	-1.276225255707563	0.007919691376766735	0.009428442747179976	0.009428442747179976
not	1	130	56	resid	17	utterance_final	0	prompt_without	46	45	-0.5827055225769678	-1.826221580306689	-1.8063604533672333	0.019861126939455742	0.01597174947279416	0.01597174947279416
not	1	120	47	resid	18	utterance_final	0	prompt_without	107	106	-0.5985736846923828	-2.040461540222168	-2.028782844543457	0.011678695678710938	0.008099586686940987	0.008099586686940987
not	1	123	392	resid	18	utterance_final	0	prompt_without	39	38	-0.808233638604482	-1.4642622139718797	-1.4629707800017462	0.0012914339701335376	0.0019685635940634018	0.0019685635940634018
not	1	126	147	resid	18	utterance_final	0	prompt_without	84	83	-0.4441662157996226	-1.2841449470843298	-1.2828329498484983	0.0013119972358315302	0.0015619410194171147	0.0015619410194171147
not	1	130	56	resid	18	utterance_final	0	prompt_without	46	45	-0.5827055225769678	-1.826221580306689	-1.817140281200409	0.009081299106280083	0.0073029206577836635	0.0073029206577836635
not	1	120	47	resid	19	utterance_final	0	prompt_without	107	106	-0.5985736846923828	-2.040461540222168	-2.0327577590942383	0.0077037811279296875	0.005342843480084051	0.005342843480084051
not	1	123	392	resid	19	utterance_final	0	prompt_without	39	38	-0.808233638604482	-1.4642622139718797	-1.4644341932402716	-0.00017197926839185307	-0.00026215209954160763	0.0
not	1	126	147	resid	19	utterance_final	0	prompt_without	84	83	-0.4441662157996226	-1.2841449470843298	-1.2829407594971738	0.0012041875871560137	0.0014335929498051298	0.0014335929498051298
not	1	130	56	resid	19	utterance_final	0	prompt_without	46	45	-0.5827055225769678	-1.826221580306689	-1.8165073146422703	0.009714265664418686	0.0078119342360194015	0.0078119342360194015
not	1	120	47	resid	20	utterance_final	0	prompt_without	107	106	-0.5985736846923828	-2.040461540222168	-2.0388498306274414	0.0016117095947265625	0.00111777735594727	0.00111777735594727
not	1	123	392	resid	20	utterance_final	0	prompt_without	39	38	-0.808233638604482	-1.4642622139718797	-1.4645647274123297	-0.00030251344044995854	-0.0004611284505107739	0.0
not	1	126	147	resid	20	utterance_final	0	prompt_without	84	83	-0.4441662157996226	-1.2841449470843298	-1.28508564173165	-0.0009406946473202726	-0.0011199029359725875	0.0
not	1	130	56	resid	20	utterance_final	0	prompt_without	46	45	-0.5827055225769678	-1.826221580306689	-1.8170001755158107	0.009221404790878296	0.007415589636786639	0.007415589636786639
not	1	120	47	resid	21	utterance_final	0	prompt_without	107	106	-0.5985736846923828	-2.040461540222168	-2.0377607345581055	0.0027008056640625	0.0018731038296110466	0.0018731038296110466
not	1	123	392	resid	21	utterance_final	0	prompt_without	39	38	-0.808233638604482	-1.4642622139718797	-1.4634926385349698	0.0007695754369099195	0.0011730821884990785	0.0011730821884990785
not	1	126	147	resid	21	utterance_final	0	prompt_without	84	83	-0.4441662157996226	-1.2841449470843298	-1.2854323104276495	-0.0012873633433196918	-0.0015326142143512746	0.0
not	1	130	56	resid	21	utterance_final	0	prompt_without	46	45	-0.5827055225769678	-1.826221580306689	-1.8180961608886719	0.008125419418017144	0.00653422958835905	0.00653422958835905
not	1	120	47	resid	22	utterance_final	0	prompt_without	107	106	-0.5985736846923828	-2.040461540222168	-2.0384559631347656	0.0020055770874023438	0.001390938331098881	0.001390938331098881
not	1	123	392	resid	22	utterance_final	0	prompt_without	39	38	-0.808233638604482	-1.4642622139718797	-1.4627194073465135	0.001542806625366211	0.0023517369262492692	0.0023517369262492692
not	1	126	147	resid	22	utterance_final	0	prompt_without	84	83	-0.4441662157996226	-1.2841449470843298	-1.284850835800171	-0.0007058887158410965	-0.0008403649872913729	0.0
not	1	130	56	resid	22	utterance_final	0	prompt_without	46	45	-0.5827055225769678	-1.826221580306689	-1.8187663902839024	0.007455190022786606	0.005995250303721447	0.005995250303721447
not	1	120	47	resid	23	utterance_final	0	prompt_without	107	106	-0.5985736846923828	-2.040461540222168	-2.0380020141601562	0.0024595260620117188	0.0017057679295787037	0.0017057679295787037
not	1	123	392	resid	23	utterance_final	0	prompt_without	39	38	-0.808233638604482	-1.4642622139718797	-1.4632845918337505	0.0009776221381292416	0.0014902127359036775	0.0014902127359036775
not	1	126	147	resid	23	utterance_final	0	prompt_without	84	83	-0.4441662157996226	-1.2841449470843298	-1.2848333281985784	-0.0006883811142486262	-0.0008195220767027999	0.0
not	1	130	56	resid	23	utterance_final	0	prompt_without	46	45	-0.5827055225769678	-1.826221580306689	-1.8195029497146606	0.006718630592028374	0.0054029303041687555	0.0054029303041687555
not	1	120	47	resid	24	utterance_final	0	prompt_without	107	106	-0.5985736846923828	-2.040461540222168	-2.0387191772460938	0.0017423629760742188	0.0012083900765181433	0.0012083900765181433
not	1	123	392	resid	24	utterance_final	0	prompt_without	39	38	-0.808233638604482	-1.4642622139718797	-1.4655880861812167	-0.001325872209336998	-0.0020210586232382722	0.0
not	1	126	147	resid	24	utterance_final	0	prompt_without	84	83	-0.4441662157996226	-1.2841449470843298	-1.284177252801798	-3.230571746826172e-05	-3.846016126962129e-05	0.0
not	1	130	56	resid	24	utterance_final	0	prompt_without	46	45	-0.5827055225769678	-1.826221580306689	-1.821578934788704	0.0046426455179851	0.0037334825627110494	0.0037334825627110494
not	1	120	47	resid	25	utterance_final	0	prompt_without	107	106	-0.5985736846923828	-2.040461540222168	-2.0382652282714844	0.0021963119506835938	0.001523219674997966	0.001523219674997966
not	1	123	392	resid	25	utterance_final	0	prompt_without	39	38	-0.808233638604482	-1.4642622139718797	-1.4654593931304083	-0.0011971791585285718	-0.0018248887372903108	0.0
not	1	126	147	resid	25	utterance_final	0	prompt_without	84	83	-0.4441662157996226	-1.2841449470843298	-1.2845540713455716	-0.0004091242612418444	-0.0004870650243918778	0.0
not	1	130	56	resid	25	utterance_final	0	prompt_without	46	45	-0.5827055225769678	-1.826221580306689	-1.82597649594148	0.0002450843652090917	0.00019708982741770186	0.00019708982741770186
not	1	120	47	resid	26	utterance_final	0	prompt_without	107	106	-0.5985736846923828	-2.040461540222168	-2.0397653579711914	0.0006961822509765625	0.000482826905231661	0.000482826905231661
not	1	123	392	resid	26	utterance_final	0	prompt_without	39	38	-0.808233638604482	-1.4642622139718797	-1.4651364419195387	-0.000874227947659012	-0.0013326065060038207	0.0
not	1	126	147	resid	26	utterance_final	0	prompt_without	84	83	-0.4441662157996226	-1.2841449470843298	-1.2847102173304155	-0.0005652702460856585	-0.0006729578083734391	0.0
not	1	130	56	resid	26	utterance_final	0	prompt_without	46	45	-0.5827055225769678	-1.826221580306689	-1.826874886949857	-0.0006533066431679835	-0.0005253704920873487	0.0
not	1	120	47	resid	27	utterance_final	0	prompt_without	107	106	-0.5985736846923828	-2.040461540222168	-2.0392990112304688	0.0011625289916992188	0.0008062547910649243	0.0008062547910649243
not	1	123	392	resid	27	utterance_final	0	prompt_without	39	38	-0.808233638604482	-1.4642622139718797	-1.4658273922072516	-0.0015651782353718335	-0.0023858385048170835	0.0
not	1	126	147	resid	27	utterance_final	0	prompt_without	84	83	-0.4441662157996226	-1.2841449470843298	-1.2849195023714486	-0.0007745552871187833	-0.0009221129753299088	0.0
not	1	130	56	resid	27	utterance_final	0	prompt_without	46	45	-0.5827055225769678	-1.826221580306689	-1.8282869656880696	-0.002065385381380569	-0.001660923772187815	0.0
not	1	120	47	resid	28	utterance_final	0	prompt_without	107	106	-0.5985736846923828	-2.040461540222168	-2.0391550064086914	0.0013065338134765625	0.0009061272057087336	0.0009061272057087336
not	1	123	392	resid	28	utterance_final	0	prompt_without	39	38	-0.808233638604482	-1.4642622139718797	-1.4654398030704923	-0.0011775890986125415	-0.001795027141848284	0.0
not	1	126	147	resid	28	utterance_final	0	prompt_without	84	83	-0.4441662157996226	-1.2841449470843298	-1.2840811802169023	6.376686742748383e-05	7.591485957026015e-05	7.591485957026015e-05
not	1	130	56	resid	28	utterance_final	0	prompt_without	46	45	-0.5827055225769678	-1.826221580306689	-1.8292271693547566	-0.0030055890480675806	-0.0024170086340138336	0.0
not	1	120	47	resid	29	utterance_final	0	prompt_without	107	106	-0.5985736846923828	-2.040461540222168	-2.0407800674438477	-0.0003185272216796875	-0.0002209098443114723	0.0
not	1	123	392	resid	29	utterance_final	0	prompt_without	39	38	-0.808233638604482	-1.4642622139718797	-1.4640093843142192	0.0002528296576604916	0.00038539427572785017	0.00038539427572785017
not	1	126	147	resid	29	utterance_final	0	prompt_without	84	83	-0.4441662157996226	-1.2841449470843298	-1.2847448365162994	-0.0005998894319696468	-0.0007141721684454376	0.0
not	1	130	56	resid	29	utterance_final	0	prompt_without	46	45	-0.5827055225769678	-1.826221580306689	-1.830721805493037	-0.004500225186347961	-0.003618952210849607	0.0
not	1	120	47	resid	30	utterance_final	0	prompt_without	107	106	-0.5985736846923828	-2.040461540222168	-2.0407257080078125	-0.00026416778564453125	-0.000183209661300233	0.0
not	1	123	392	resid	30	utterance_final	0	prompt_without	39	38	-0.808233638604482	-1.4642622139718797	-1.4649451772371929	-0.0006829632653131412	-0.0010410571901241638	0.0
not	1	126	147	resid	30	utterance_final	0	prompt_without	84	83	-0.4441662157996226	-1.2841449470843298	-1.2837633238000385	0.0003816232842912548	0.00045432493714165874	0.00045432493714165874
not	1	130	56	resid	30	utterance_final	0	prompt_without	46	45	-0.5827055225769678	-1.826221580306689	-1.8264683584372203	-0.00024677813053131104	-0.0001984519049813094	0.0
not	1	120	47	resid	31	utterance_final	0	prompt_without	107	106	-0.5985736846923828	-2.040461540222168	-2.040461540222168	0.0	0.0	0.0
not	1	123	392	resid	31	utterance_final	0	prompt_without	39	38	-0.808233638604482	-1.4642622139718797	-1.4642622139718797	0.0	0.0	0.0
not	1	126	147	resid	31	utterance_final	0	prompt_without	84	83	-0.4441662157996226	-1.2841449470843298	-1.2841449470843298	0.0	0.0	0.0
not	1	130	56	resid	31	utterance_final	0	prompt_without	46	45	-0.5827055225769678	-1.826221580306689	-1.826221580306689	0.0	0.0	0.0
not	1	132	31	resid	0	utterance_final	0	prompt_without	69	68	-0.9630237926136364	-2.9811456853693183	-2.978482333096591	0.002663352272727515	0.0013197182401558465	0.0013197182401558465
not	1	136	118	resid	0	utterance_final	0	prompt_without	30	29	-0.4527173714204268	-1.358960595997897	-1.3591801665046	-0.00021957050670295963	-0.00024228650846502372	0.0
not	1	138	39	resid	0	utterance_final	0	prompt_without	23	22	-0.4583919445673625	-2.0633058498303094	-2.06270569562912	0.0006001542011895289	0.0003739479103654476	0.0003739479103654476
not	1	144	70	resid	0	utterance_final	0	prompt_without	62	61	-0.9641520023345947	-2.2702388445536297	-2.2703962564468383	-0.00015741189320861437	-0.00012052176633306585	0.0
not	1	132	31	resid	1	utterance_final	0	prompt_without	69	68	-0.9630237926136364	-2.9811456853693183	-2.977994051846591	0.003151633522727515	0.0015616665841843966	0.0015616665841843966
not	1	136	118	resid	1	utterance_final	0	prompt_without	30	29	-0.4527173714204268	-1.358960595997897	-1.3626874100078237	-0.0037268140099266933	-0.004112377239194583	0.0
not	1	138	39	resid	1	utterance_final	0	prompt_without	23	22	-0.4583919445673625	-2.0633058498303094	-2.0672333935896554	-0.003927543759346008	-0.002447199034456945	0.0
not	1	144	70	resid	1	utterance_final	0	prompt_without	62	61	-0.9641520023345947	-2.2702388445536297	-2.247255563735962	0.02298328081766776	0.017597054096815862	0.017597054096815862
not	1	132	31	resid	2	utterance_final	0	prompt_without	69	68	-0.9630237926136364	-2.9811456853693183	-2.9758411754261362	0.005304509943182101	0.0026284388283102957	0.0026284388283102957
not	1	136	118	resid	2	utterance_final	0	prompt_without	30	29	-0.4527173714204268	-1.358960595997897	-1.3576852408322422	0.0012753551656548012	0.0014072989800827775	0.0014072989800827775
not	1	138	39	resid	2	utterance_final	0	prompt_without	23	22	-0.4583919445673625	-2.0633058498303094	-2.0663375755151114	-0.0030317256848020335	-0.001889026990706595	0.0
not	1	144	70	resid	2	utterance_final	0	prompt_without	62	61	-0.9641520023345947	-2.2702388445536297	-2.2390443166097005	0.031194527943929184	0.023883961567922878	0.023883961567922878
not	1	132	31	resid	3	utterance_final	0	prompt_without	69	68	-0.9630237926136364	-2.9811456853693183	-2.9854625355113638	-0.004316850142045414	-0.002139043314252387	0.0
not	1	136	118	resid	3	utterance_final	0	prompt_without	30	29	-0.4527173714204268	-1.358960595997897	-1.3184145580638538	0.04054603793404321	0.04474079014819397	0.04474079014819397
not	1	138	39	resid	3	utterance_final	0	prompt_without	23	22	-0.4583919445673625	-2.0633058498303094	-2.170752987265587	-0.10744713743527745	-0.06694884821106555	0.0
not	1	144	70	resid	3	utterance_final	0	prompt_without	62	61	-0.9641520023345947	-2.2702388445536297	-2.188992738723755	0.08124610582987479	0.06220574559333135	0.06220574559333135
not	1	132	31	resid	4	utterance_final	0	prompt_without	69	68	-0.9630237926136364	-2.9811456853693183	-3.0213179154829546	-0.04017223011363624	-0.019905750122348815	0.0
not	1	136	118	resid	4	utterance_final	0	prompt_without	30	29	-0.4527173714204268	-1.358960595997897	-1.2927290331233632	0.0662315628745338	0.07308365025891787	0.07308365025891787
not	1	138	39	resid	4	utterance_final	0	prompt_without	23	22	-0.4583919445673625	-2.0633058498303094	-1.9090568274259567	0.15424902240435268	0.09611046542654307	0.09611046542654307
not	1	144	70	resid	4	utterance_final	0	prompt_without	62	61	-0.9641520023345947	-2.2702388445536297	-2.0456130584081014	0.2246257861455283	0.17198380604148053	0.17198380604148053
not	1	132	31	resid	5	utterance_final	0	prompt_without	69	68	-0.9630237926136364	-2.9811456853693183	-3.0263227982954546	-0.04517711292613624	-0.02238572064864145	0.0
not	1	136	118	resid	5	utterance_final	0	prompt_without	30	29	-0.4527173714204268	-1.358960595997897	-1.243089368126609	0.1158712278712879	0.127858862531427	0.127858862531427
not	1	138	39	resid	5	utterance_final	0	prompt_without	23	22	-0.4583919445673625	-2.0633058498303094	-1.8360342929760616	0.22727155685424782	0.14160981228274172	0.14160981228274172
not	1	144	70	resid	5	utterance_final	0	prompt_without	62	61	-0.9641520023345947	-2.2702388445536297	-2.064894366264343	0.2053444782892866	0.15722115226305117	0.15722115226305117
not	1	132	31	resid	6	utterance_final	0	prompt_without	69	68	-0.9630237926136364	-2.9811456853693183	-2.856223366477273	0.12492231889204541	0.061900284289304205	0.061900284289304205
not	1	136	118	resid	6	utterance_final	0	prompt_without	30	29	-0.4527173714204268	-1.358960595997897	-1.0872077833522449	0.2717528126456521	0.2998674144817524	0.2998674144817524
not	1	138	39	resid	6	utterance_final	0	prompt_without	23	22	-0.4583919445673625	-2.0633058498303094	-1.7408024271329243	0.3225034226973851	0.2009474911020517	0.2009474911020517
not	1	144	70	resid	6	utterance_final	0	prompt_without	62	61	-0.9641520023345947	-2.2702388445536297	-1.9605242570241292	0.30971458752950043	0.23713169562545847	0.23713169562545847
not	1	132	31	resid	7	utterance_final	0	prompt_without	69	68	-0.9630237926136364	-2.9811456853693183	-2.273720481178977	0.7074252041903413	0.3505364104763634	0.3505364104763634
not	1	136	118	resid	7	utterance_final	0	prompt_without	30	29	-0.4527173714204268	-1.358960595997897	-1.0425573869185014	0.31640320907939556	0.3491371858001106	0.3491371858001106
not	1	138	39	resid	7	utterance_final	0	prompt_without	23	22	-0.4583919445673625	-2.0633058498303094	-1.4301774551471074	0.633128394683202	0.39449368131648854	0.39449368131648854
not	1	144	70	resid	7	utterance_final	0	prompt_without	62	61	-0.9641520023345947	-2.2702388445536297	-1.898440710703532	0.37179813385009775	0.2846657066220915	0.2846657066220915
not	1	132	31	resid	8	utterance_final	0	prompt_without	69	68	-0.9630237926136364	-2.9811456853693183	-1.5300542658025569	1.4510914195667615	0.7190306119643456	0.7190306119643456
not	1	136	118	resid	8	utterance_final	0	prompt_without	30	29	-0.4527173714204268	-1.358960595997897	-1.0284138137643988	0.3305467822334982	0.36474400389323014	0.36474400389323014
not	1	138	39	resid	8	utterance_final	0	prompt_without	23	22	-0.4583919445673625	-2.0633058498303094	-1.3975405792395275	0.6657652705907819	0.4148292742729423	0.4148292742729423
not	1	144	70	resid	8	utterance_final	0	prompt_without	62	61	-0.9641520023345947	-2.2702388445536297	-1.8290298223495483	0.4412090222040814	0.3378098668037031	0.3378098668037031
not	1	132	31	resid	9	utterance_final	0	prompt_without	69	68	-0.9630237926136364	-2.9811456853693183	-1.6390491832386365	1.3420965021306819	0.6650225176924726	0.6650225176924726
not	1	136	118	resid	9	utterance_final	0	prompt_without	30	29	-0.4527173714204268	-1.358960595997897	-1.044352388381958	0.3146082076159389	0.3471564797216805	0.3471564797216805
not	1	138	39	resid	9	utterance_final	0	prompt_without	23	22	-0.4583919445673625	-2.0633058498303094	-1.4129650990168254	0.650340750813484	0.40521846603786077	0.40521846603786077
not	1	144	70	resid	9	utterance_final	0	prompt_without	62	61	-0.9641520023345947	-2.2702388445536297	-1.9379078944524128	0.3323309501012168	0.25444782028168067	0.25444782028168067
not	1	132	31	resid	10	utterance_final	0	prompt_without	69	68	-0.9630237926136364	-2.9811456853693183	-1.7583534934303977	1.2227921919389206	0.6059060140659969	0.6059060140659969
not	1	136	118	resid	10	utterance_final	0	prompt_without	30	29	-0.4527173714204268	-1.358960595997897	-1.0891220504587347	0.2698385455391623	0.2977551039512298	0.2977551039512298
not	1	138	39	resid	10	utterance_final	0	prompt_without	23	22	-0.4583919445673625	-2.0633058498303094	-1.3332551022370656	0.7300507475932438	0.45488467960755397	0.45488467960755397
not	1	144	70	resid	10	utterance_final	0	prompt_without	62	61	-0.9641520023345947	-2.2702388445536297	-2.0484785477320355	0.22176029682159415	0.16978985596763574	0.16978985596763574
not	1	132	31	resid	11	utterance_final	0	prompt_without	69	68	-0.9630237926136364	-2.9811456853693183	-2.0040949041193183	0.97705078125	0.4841386364011283	0.4841386364011283
not	1	136	118	resid	11	utterance_final	0	prompt_without	30	29	-0.4527173714204268	-1.358960595997897	-1.110284185409546	0.248676410588351	0.27440360804274666	0.27440360804274666
not	1	138	39	resid	11	utterance_final	0	prompt_without	23	22	-0.4583919445673625	-2.0633058498303094	-1.2825807283322017	0.7807251214981077	0.4864591919466202	0.4864591919466202
not	1	144	70	resid	11	utterance_final	0	prompt_without	62	61	-0.9641520023345947	-2.2702388445536297	-2.10191589196523	0.16832295258839958	0.12887577391287375	0.12887577391287375
not	1	132	31	resid	12	utterance_final	0	prompt_without	69	68	-0.9630237926136364	-2.9811456853693183	-2.0306396484375	0.9505060369318183	0.4709854446075763	0.4709854446075763
not	1	136	118	resid	12	utterance_final	0	prompt_without	30	29	-0.4527173714204268	-1.358960595997897	-1.1659131028435448	0.1930474931543522	0.21301951608450292	0.21301951608450292
not	1	138	39	resid	12	utterance_final	0	prompt_without	23	22	-0.4583919445673625	-2.0633058498303094	-1.2731978595256805	0.7901079903046289	0.49230552973193825	0.49230552973193825
not	1	144	70	resid	12	utterance_final	0	prompt_without	62	61	-0.9641520023345947	-2.2702388445536297	-2.132859301567078	0.13737954298655186	0.1051840800670993	0.1051840800670993
not	1	132	31	resid	13	utterance_final	0	prompt_without	69	68	-0.9630237926136364	-2.9811456853693183	-2.303799715909091	0.6773459694602275	0.3356318426016046	0.3356318426016046
not	1	136	118	resid	13	utterance_final	0	prompt_without	30	29	-0.4527173714204268	-1.358960595997897	-1.262690864909779	0.09626973108811798	0.1062294629932302	0.1062294629932302
not	1	138	39	resid	13	utterance_final	0	prompt_without	23	22	-0.4583919445673625	-2.0633058498303094	-1.595871125658353	0.4674347241719563	0.2912522114981442	0.2912522114981442
not	1	144	70	resid	13	utterance_final	0	prompt_without	62	61	-0.9641520023345947	-2.2702388445536297	-2.159810781478882	0.11042806307474784	0.08454879071220954	0.08454879071220954
not	1	132	31	resid	14	utterance_final	0	prompt_without	69	68	-0.9630237926136364	-2.9811456853693183	-2.590598366477273	0.3905473188920454	0.19352018344083532	0.19352018344083532
not	1	136	118	resid	14	utterance_final	0	prompt_without	30	29	-0.4527173714204268	-1.358960595997897	-1.2940503207120029	0.0649102752858941	0.07162566684695279	0.07162566684695279
not	1	138	39	resid	14	utterance_final	0	prompt_without	23	22	-0.4583919445673625	-2.0633058498303094	-1.8378575146198273	0.22544833521048213	0.14047378770361205	0.14047378770361205
not	1	144	70	resid	14	utterance_final	0	prompt_without	62	61	-0.9641520023345947	-2.2702388445536297	-2.2065901597340902	0.06364868481953945	0.048732352828392826	0.048732352828392826
not	1	132	31	resid	15	utterance_final	0	prompt_without	69	68	-0.9630237926136364	-2.9811456853693183	-2.701937588778409	0.27920809659090917	0.13835046217632538	0.13835046217632538
not	1	136	118	resid	15	utterance_final	0	prompt_without	30	29	-0.4527173714204268	-1.358960595997897	-1.328228228742426	0.030732367255470905	0.033911831197192856	0.033911831197192856
not	1	138	39	resid	15	utterance_final	0	prompt_without	23	22	-0.4583919445673625	-2.0633058498303094	-1.919101710120837	0.14420413970947243	0.08985163580213745	0.08985163580213745
not	1	144	70	resid	15	utterance_final	0	prompt_without	62	61	-0.9641520023345947	-2.2702388445536297	-2.190056482950846	0.08018236160278347	0.06139129421635857	0.06139129421635857
not	1	132	31	resid	16	utterance_final	0	prompt_without	69	68	-0.9630237926136364	-2.9811456853693183	-2.7758900035511362	0.2052556818181821	0.10170628570800147	0.10170628570800147
not	1	136	118	resid	16	utterance_final	0	prompt_without	30	29	-0.4527173714204268	-1.358960595997897	-1.335515314882452	0.023445281115445082	0.025870848442895986	0.025870848442895986
not	1	138	39	resid	16	utterance_final	0	prompt_without	23	22	-0.4583919445673625	-2.0633058498303094	-2.0161553074916205	0.04715054233868887	0.029378860874760628	0.029378860874760628
not	1	144	70	resid	16	utterance_final	0	prompt_without	62	61	-0.9641520023345947	-2.2702388445536297	-2.194177850087484	0.07606099446614589	0.05823578647872958	0.05823578647872958
not	1	132	31	resid	17	utterance_final	0	prompt_without	69	68	-0.9630237926136364	-2.9811456853693183	-2.842262961647727	0.13888272372159127	0.06881780739812067	0.06881780739812067
not	1	136	118	resid	17	utterance_final	0	prompt_without	30	29	-0.4527173714204268	-1.358960595997897	-1.3529459476470946	0.006014648350802343	0.006636902972275056	0.006636902972275056
not	1	138	39	resid	17	utterance_final	0	prompt_without	23	22	-0.4583919445673625	-2.0633058498303094	-2.029296616713206	0.03400923311710358	0.021190690046100354	0.021190690046100354
not	1	144	70	resid	17	utterance_final	0	prompt_without	62	61	-0.9641520023345947	-2.2702388445536297	-2.2099778254826865	0.06026101907094317	0.04613860053023733	0.04613860053023733
not	1	132	31	resid	18	utterance_final	0	prompt_without	69	68	-0.9630237926136364	-2.9811456853693183	-2.862526633522727	0.11861905184659127	0.05877695112093585	0.05877695112093585
not	1	136	118	resid	18	utterance_final	0	prompt_without	30	29	-0.4527173714204268	-1.358960595997897	-1.355521921678023	0.003438674319873991	0.0037944276179027433	0.0037944276179027433
not	1	138	39	resid	18	utterance_final	0	prompt_without	23	22	-0.4583919445673625	-2.0633058498303094	-2.0581048826376596	0.005200967192649841	0.0032406518353379973	0.0032406518353379973
not	1	144	70	resid	18	utterance_final	0	prompt_without	62	61	-0.9641520023345947	-2.2702388445536297	-2.221420645713806	0.04881819883982352	0.03737745244939582	0.03737745244939582
not	1	132	31	resid	19	utterance_final	0	prompt_without	69	68	-0.9630237926136364	-2.9811456853693183	-2.887717507102273	0.09342817826704541	0.04629461609946274	0.04629461609946274
not	1	136	118	resid	19	utterance_final	0	prompt_without	30	29	-0.4527173714204268	-1.358960595997897	-1.3556301528757269	0.0033304431221701236	0.0036749991965158366	0.0036749991965158366
not	1	138	39	resid	19	utterance_final	0	prompt_without	23	22	-0.4583919445673625	-2.0633058498303094	-2.0616213182608285	0.001684531569480896	0.0010496086824077363	0.0010496086824077363
not	1	144	70	resid	19	utterance_final	0	prompt_without	62	61	-0.9641520023345947	-2.2702388445536297	-2.2288572708765666	0.04138157367706308	0.03168363108746734	0.03168363108746734
not	1	132	31	resid	20	utterance_final	0	prompt_without	69	68	-0.9630237926136364	-2.9811456853693183	-2.9139515269886362	0.0671941583806821	0.03329539143392899	0.03329539143392899
not	1	136	118	resid	20	utterance_final	0	prompt_without	30	29	-0.4527173714204268	-1.358960595997897	-1.3560263243588535	0.002934271639043473	0.003237841188177222	0.003237841188177222
not	1	138	39	resid	20	utterance_final	0	prompt_without	23	22	-0.4583919445673625	-2.0633058498303094	-2.06218750278155	0.0011183470487594604	0.0006968268173713854	0.0006968268173713854
not	1	144	70	resid	20	utterance_final	0	prompt_without	62	61	-0.9641520023345947	-2.2702388445536297	-2.231776261329651	0.038462583223978886	0.029448718094909485	0.029448718094909485
not	1	132	31	resid	21	utterance_final	0	prompt_without	69	68	-0.9630237926136364	-2.9811456853693183	-2.939963600852273	0.041182084517045414	0.020406143288407903	0.020406143288407903
not	1	136	118	resid	21	utterance_final	0	prompt_without	30	29	-0.4527173714204268	-1.358960595997897	-1.3545143821022727	0.004446213895624274	0.00490620373763047	0.00490620373763047
not	1	138	39	resid	21	utterance_final	0	prompt_without	23	22	-0.4583919445673625	-2.0633058498303094	-2.060164282719294	0.00314156711101532	0.0019574676876518244	0.0019574676876518244
not	1	144	70	resid	21	utterance_final	0	prompt_without	62	61	-0.9641520023345947	-2.2702388445536297	-2.24836003780365	0.021878806749979773	0.016751418085498657	0.016751418085498657
not	1	132	31	resid	22	utterance_final	0	prompt_without	69	68	-0.9630237926136364	-2.9811456853693183	-2.9436146129261362	0.0375310724431821	0.018597029534194585	0.018597029534194585
not	1	136	118	resid	22	utterance_final	0	prompt_without	30	29	-0.4527173714204268	-1.358960595997897	-1.3561390660025856	0.002821529995311378	0.0031134356856868063	0.0031134356856868063
not	1	138	39	resid	22	utterance_final	0	prompt_without	23	22	-0.4583919445673625	-2.0633058498303094	-2.061268856128057	0.00203699370225241	0.0012692230378044307	0.0012692230378044307
not	1	144	70	resid	22	utterance_final	0	prompt_without	62	61	-0.9641520023345947	-2.2702388445536297	-2.254438622792562	0.015800221761067768	0.012097374577499969	0.012097374577499969
not	1	132	31	resid	23	utterance_final	0	prompt_without	69	68	-0.9630237926136364	-2.9811456853693183	-2.9486083984375	0.03253728693181834	0.01612255783390254	0.01612255783390254
not	1	136	118	resid	23	utterance_final	0	prompt_without	30	29	-0.4527173714204268	-1.358960595997897	-1.3576531583612614	0.0013074376366355445	0.001442700592045947	0.001442700592045947
not	1	138	39	resid	23	utterance_final	0	prompt_without	23	22	-0.4583919445673625	-2.0633058498303094	-2.0609869013230004	0.00231894850730896	0.00144490523741149	0.00144490523741149
not	1	144	70	resid	23	utterance_final	0	prompt_without	62	61	-0.9641520023345947	-2.2702388445536297	-2.2539422194163006	0.0162966251373291	0.012477443773678338	0.012477443773678338
not	1	132	31	resid	24	utterance_final	0	prompt_without	69	68	-0.9630237926136364	-2.9811456853693183	-2.9479536576704546	0.03319202769886376	0.0164469885679408	0.0164469885679408
not	1	136	118	resid	24	utterance_final	0	prompt_without	30	29	-0.4527173714204268	-1.358960595997897	-1.357828315821561	0.0011322801763360424	0.0012494219494594957	0.0012494219494594957
not	1	138	39	resid	24	utterance_final	0	prompt_without	23	22	-0.4583919445673625	-2.0633058498303094	-2.061443030834198	0.0018628189961114039	0.0011606971501728015	0.0011606971501728015
not	1	144	70	resid	24	utterance_final	0	prompt_without	62	61	-0.9641520023345947	-2.2702388445536297	-2.2552361567815145	0.01500268777211522	0.011486745970601562	0.011486745970601562
not	1	132	31	resid	25	utterance_final	0	prompt_without	69	68	-0.9630237926136364	-2.9811456853693183	-2.9773393110795454	0.003806374289772929	0.0018860973182226592	0.0018860973182226592
not	1	136	118	resid	25	utterance_final	0	prompt_without	30	29	-0.4527173714204268	-1.358960595997897	-1.358763872493397	0.00019672350449995157	0.00021707583479222434	0.00021707583479222434
not	1	138	39	resid	25	utterance_final	0	prompt_without	23	22	-0.4583919445673625	-2.0633058498303094	-2.0641133983929953	-0.0008075485626859447	-0.0005031725128916726	0.0
not	1	144	70	resid	25	utterance_final	0	prompt_without	62	61	-0.9641520023345947	-2.2702388445536297	-2.264522139231364	0.005716705322265536	0.0043769718348535555	0.0043769718348535555
not	1	132	31	resid	26	utterance_final	0	prompt_without	69	68	-0.9630237926136364	-2.9811456853693183	-2.9763960404829546	0.0047496448863637575	0.002353497528277772	0.002353497528277772
not	1	136	118	resid	26	utterance_final	0	prompt_without	30	29	-0.4527173714204268	-1.358960595997897	-1.3580660928379407	0.0008945031599563169	0.0009870453490820558	0.0009870453490820558
not	1	138	39	resid	26	utterance_final	0	prompt_without	23	22	-0.4583919445673625	-2.0633058498303094	-2.0646874805291495	-0.0013816306988401195	-0.0008608752745610706	0.0
not	1	144	70	resid	26	utterance_final	0	prompt_without	62	61	-0.9641520023345947	-2.2702388445536297	-2.265083408355713	0.005155436197916696	0.003947238446378984	0.003947238446378984
not	1	132	31	resid	27	utterance_final	0	prompt_without	69	68	-0.9630237926136364	-2.9811456853693183	-2.9796253551136362	0.0015203302556821008	0.0007533391620890339	0.0007533391620890339
not	1	136	118	resid	27	utterance_final	0	prompt_without	30	29	-0.4527173714204268	-1.358960595997897	-1.3587202614003961	0.0002403345975008353	0.00026519877995544703	0.00026519877995544703
not	1	138	39	resid	27	utterance_final	0	prompt_without	23	22	-0.4583919445673625	-2.0633058498303094	-2.0641049444675446	-0.0007990946372351537	-0.0004979049870617397	0.0
not	1	144	70	resid	27	utterance_final	0	prompt_without	62	61	-0.9641520023345947	-2.2702388445536297	-2.264847405751546	0.005391438802083481	0.004127932866181742	0.004127932866181742
not	1	132	31	resid	28	utterance_final	0	prompt_without	69	68	-0.9630237926136364	-2.9811456853693183	-2.9813676313920454	-0.00022194602272707087	-0.00010997652001287719	0.0
not	1	136	118	resid	28	utterance_final	0	prompt_without	30	29	-0.4527173714204268	-1.358960595997897	-1.3596481258218938	-0.0006875298239967798	-0.0007586592708787819	0.0
not	1	138	39	resid	28	utterance_final	0	prompt_without	23	22	-0.4583919445673625	-2.0633058498303094	-2.06470155219237	-0.0013957023620605469	-0.0008696431362976302	0.0
not	1	144	70	resid	28	utterance_final	0	prompt_without	62	61	-0.9641520023345947	-2.2702388445536297	-2.2688001871109007	0.0014386574427289744	0.001101502133108318	0.001101502133108318
not	1	132	31	resid	29	utterance_final	0	prompt_without	69	68	-0.9630237926136364	-2.9811456853693183	-2.9827436967329546	-0.0015980113636362425	-0.0007918309440933759	0.0
not	1	136	118	resid	29	utterance_final	0	prompt_without	30	29	-0.4527173714204268	-1.358960595997897	-1.3590385892174461	-7.799321954915506e-05	-8.606212706916388e-05	0.0
not	1	138	39	resid	29	utterance_final	0	prompt_without	23	22	-0.4583919445673625	-2.0633058498303094	-2.06357970337073	-0.0002738535404205322	-0.00017063441192857287	0.0
not	1	144	70	resid	29	utterance_final	0	prompt_without	62	61	-0.9641520023345947	-2.2702388445536297	-2.2653618733088177	0.004876971244812012	0.0037340329043710923	0.0037340329043710923
not	1	132	31	resid	30	utterance_final	0	prompt_without	69	68	-0.9630237926136364	-2.9811456853693183	-2.983642578125	-0.0024968927556816567	-0.0012372358501459137	0.0
not	1	136	118	resid	30	utterance_final	0	prompt_without	30	29	-0.4527173714204268	-1.358960595997897	-1.358179311318831	0.0007812846790660188	0.000862113677517741	0.000862113677517741
not	1	138	39	resid	30	utterance_final	0	prompt_without	23	22	-0.4583919445673625	-2.0633058498303094	-2.0629333506027856	0.0003724992275238037	0.00023209919628852237	0.00023209919628852237
not	1	144	70	resid	30	utterance_final	0	prompt_without	62	61	-0.9641520023345947	-2.2702388445536297	-2.269308813412984	0.0009300311406454931	0.0007120745042231455	0.0007120745042231455
not	1	132	31	resid	31	utterance_final	0	prompt_without	69	68	-0.9630237926136364	-2.9811456853693183	-2.9811456853693183	0.0	0.0	0.0
not	1	136	118	resid	31	utterance_final	0	prompt_without	30	29	-0.4527173714204268	-1.358960595997897	-1.358960595997897	0.0	0.0	0.0
not	1	138	39	resid	31	utterance_final	0	prompt_without	23	22	-0.4583919445673625	-2.0633058498303094	-2.0633058498303094	0.0	0.0	0.0
not	1	144	70	resid	31	utterance_final	0	prompt_without	62	61	-0.9641520023345947	-2.2702388445536297	-2.2702388445536297	0.0	0.0	0.0
not	1	148	177	resid	0	utterance_final	0	prompt_without	36	35	-0.60382080078125	-1.6772422790527344	-1.68438720703125	-0.007144927978515625	-0.0066562185713118045	0.0
not	1	149	110	resid	0	utterance_final	0	prompt_without	32	31	-0.678841939994267	-1.865637012890407	-1.8652280228478568	0.00040899004255012805	0.0003446172400699881	0.0003446172400699881
not	1	158	326	resid	0	utterance_final	0	prompt_without	54	53	-0.7043176548821586	-1.5614863123212541	-1.5636871201651437	-0.0022008078438895406	-0.0025675318676078806	0.0
not	1	167	404	resid	0	utterance_final	0	prompt_without	49	48	-0.4900351878135435	-1.1029223703568982	-1.104200747705275	-0.00127837734837688	-0.0020858281667302603	0.0
not	1	148	177	resid	1	utterance_final	0	prompt_without	36	35	-0.60382080078125	-1.6772422790527344	-1.6791102091471355	-0.0018679300944011157	-0.001740164634500343	0.0
not	1	149	110	resid	1	utterance_final	0	prompt_without	32	31	-0.678841939994267	-1.865637012890407	-1.853307374886104	0.012329638004302979	0.010389020215777374	0.010389020215777374
not	1	158	326	resid	1	utterance_final	0	prompt_without	54	53	-0.7043176548821586	-1.5614863123212541	-1.5649750573294503	-0.0034887450081961813	-0.004070079998747583	0.0
not	1	167	404	resid	1	utterance_final	0	prompt_without	49	48	-0.4900351878135435	-1.1029223703568982	-1.1019547793173021	0.000967591039596094	0.0015787424947945425	0.0015787424947945425
not	1	148	177	resid	2	utterance_final	0	prompt_without	36	35	-0.60382080078125	-1.6772422790527344	-1.6875940958658855	-0.010351816813151116	-0.009643757855321193	0.0
not	1	149	110	resid	2	utterance_final	0	prompt_without	32	31	-0.678841939994267	-1.865637012890407	-1.8435706836836678	0.02206632920673912	0.018593209316997403	0.018593209316997403
not	1	158	326	resid	2	utterance_final	0	prompt_without	54	53	-0.7043176548821586	-1.5614863123212541	-1.5650886808122908	-0.0036023684910366782	-0.004202636738724477	0.0
not	1	167	404	resid	2	utterance_final	0	prompt_without	49	48	-0.4900351878135435	-1.1029223703568982	-1.1035821399381083	-0.0006597695812100568	-0.001076494336971039	0.0
not	1	148	177	resid	3	utterance_final	0	prompt_without	36	35	-0.60382080078125	-1.6772422790527344	-1.3068796793619792	0.37036259969075513	0.34502998792901446	0.34502998792901446
not	1	149	110	resid	3	utterance_final	0	prompt_without	32	31	-0.678841939994267	-1.865637012890407	-1.7906404733657837	0.07499653952462326	0.06319249315857789	0.06319249315857789
not	1	158	326	resid	3	utterance_final	0	prompt_without	54	53	-0.7043176548821586	-1.5614863123212541	-1.567624841417585	-0.006138529096330947	-0.007161401718385986	0.0
not	1	167	404	resid	3	utterance_final	0	prompt_without	49	48	-0.4900351878135435	-1.1029223703568982	-1.079560479810161	0.023361890546737207	0.0381177665517334	0.0381177665517334
not	1	148	177	resid	4	utterance_final	0	prompt_without	36	35	-0.60382080078125	-1.6772422790527344	-0.8153978983561198	0.8618443806966146	0.8028946673252995	0.8028946673252995
not	1	149	110	resid	4	utterance_final	0	prompt_without	32	31	-0.678841939994267	-1.865637012890407	-1.7941850508962358	0.07145196199417114	0.06020581280288491	0.06020581280288491
not	1	158	326	resid	4	utterance_final	0	prompt_without	54	53	-0.7043176548821586	-1.5614863123212541	-1.5702448572431291	-0.008758544921875	-0.010217994843677915	0.0
not	1	167	404	resid	4	utterance_final	0	prompt_without	49	48	-0.4900351878135435	-1.1029223703568982	-1.022795792548887	0.08012657780801113	0.1307362596089911	0.1307362596089911
not	1	148	177	resid	5	utterance_final	0	prompt_without	36	35	-0.60382080078125	-1.6772422790527344	-0.654699961344401	1.0225423177083335	0.9526009479099664	0.9526009479099664
not	1	149	110	resid	5	utterance_final	0	prompt_without	32	31	-0.678841939994267	-1.865637012890407	-1.741650572844914	0.12398644004549286	0.10447165047873712	0.10447165047873712
not	1	158	326	resid	5	utterance_final	0	prompt_without	54	53	-0.7043176548821586	-1.5614863123212541	-1.5659144265311105	-0.0044281142098563375	-0.005165977747116785	0.0
not	1	167	404	resid	5	utterance_final	0	prompt_without	49	48	-0.4900351878135435	-1.1029223703568982	-1.0099124023991246	0.09300996795777361	0.1517570779858726	0.1517570779858726
not	1	148	177	resid	6	utterance_final	0	prompt_without	36	35	-0.60382080078125	-1.6772422790527344	-0.6254297892252604	1.051812489827474	0.9798690552765844	0.9798690552765844
not	1	149	110	resid	6	utterance_final	0	prompt_without	32	31	-0.678841939994267	-1.865637012890407	-1.00415415423257	0.8614828586578369	0.7258901543596381	0.7258901543596381
not	1	158	326	resid	6	utterance_final	0	prompt_without	54	53	-0.7043176548821586	-1.5614863123212541	-1.5392227854047502	0.022263526916503906	0.02597333292962336	0.02597333292962336
not	1	167	404	resid	6	utterance_final	0	prompt_without	49	48	-0.4900351878135435	-1.1029223703568982	-0.6566731929779053	0.44624917737899295	0.728109821985755	0.728109821985755
not	1	148	177	resid	7	utterance_final	0	prompt_without	36	35	-0.60382080078125	-1.6772422790527344	-0.6318632761637369	1.0453790028889975	0.9738756155432596	0.9738756155432596
not	1	149	110	resid	7	utterance_final	0	prompt_without	32	31	-0.678841939994267	-1.865637012890407	-0.9792327199663434	0.8864042929240635	0.7468890907686095	0.7468890907686095
not	1	158	326	resid	7	utterance_final	0	prompt_without	54	53	-0.7043176548821586	-1.5614863123212541	-1.482865674155099	0.07862063816615517	0.0917213170171722	0.0917213170171722
not	1	167	404	resid	7	utterance_final	0	prompt_without	49	48	-0.4900351878135435	-1.1029223703568982	-0.6563421833899713	0.4465801869669269	0.7286499043979215	0.7286499043979215
not	1	148	177	resid	8	utterance_final	0	prompt_without	36	35	-0.60382080078125	-1.6772422790527344	-0.6622549692789713	1.0149873097737632	0.9455626986411555	0.9455626986411555
not	1	149	110	resid	8	utterance_final	0	prompt_without	32	31	-0.678841939994267	-1.865637012890407	-1.0336749468530928	0.8319620660373142	0.701015773521097	0.701015773521097
not	1	158	326	resid	8	utterance_final	0	prompt_without	54	53	-0.7043176548821586	-1.5614863123212541	-1.452706950051444	0.10877936226981011	0.12690543608395902	0.12690543608395902
not	1	167	404	resid	8	utterance_final	0	prompt_without	49	48	-0.4900351878135435	-1.1029223703568982	-0.6608866491625386	0.44203572119435963	0.7212350556263929	0.7212350556263929
not	1	148	177	resid	9	utterance_final	0	prompt_without	36	35	-0.60382080078125	-1.6772422790527344	-0.6763846079508463	1.0008576711018882	0.9323995200036013	0.9323995200036013
not	1	149	110	resid	9	utterance_final	0	prompt_without	32	31	-0.678841939994267	-1.865637012890407	-1.0962541443961007	0.7693828684943063	0.6482862004278285	0.6482862004278285
not	1	158	326	resid	9	utterance_final	0	prompt_without	54	53	-0.7043176548821586	-1.5614863123212541	-1.4556306430271693	0.10585566929408485	0.12349456361405307	0.12349456361405307
not	1	167	404	resid	9	utterance_final	0	prompt_without	49	48	-0.4900351878135435	-1.1029223703568982	-0.7002114941996913	0.4027108761572069	0.6570717868271291	0.6570717868271291
not	1	148	177	resid	10	utterance_final	0	prompt_without	36	35	-0.60382080078125	-1.6772422790527344	-0.7621561686197916	0.9150861104329427	0.8524946900694527	0.8524946900694527
not	1	149	110	resid	10	utterance_final	0	prompt_without	32	31	-0.678841939994267	-1.865637012890407	-1.2140996030398779	0.6515374098505291	0.5489889743648668	0.5489889743648668
not	1	158	326	resid	10	utterance_final	0	prompt_without	54	53	-0.7043176548821586	-1.5614863123212541	-1.4581225258963448	0.10336378642490929	0.12058745443833917	0.12058745443833917
not	1	167	404	resid	10	utterance_final	0	prompt_without	49	48	-0.4900351878135435	-1.1029223703568982	-0.7173762475290606	0.3855461228278376	0.629065403567262	0.629065403567262
not	1	148	177	resid	11	utterance_final	0	prompt_without	36	35	-0.60382080078125	-1.6772422790527344	-0.7891998291015625	0.8880424499511719	0.827300802086776	0.827300802086776
not	1	149	110	resid	11	utterance_final	0	prompt_without	32	31	-0.678841939994267	-1.865637012890407	-1.2015003051076616	0.6641367077827454	0.5596052115063559	0.5596052115063559
not	1	158	326	resid	11	utterance_final	0	prompt_without	54	53	-0.7043176548821586	-1.5614863123212541	-1.4394292831420898	0.12205702917916428	0.1423955812194834	0.1423955812194834
not	1	167	404	resid	11	utterance_final	0	prompt_without	49	48	-0.4900351878135435	-1.1029223703568982	-0.7125051367667413	0.3904172335901569	0.6370132133780418	0.6370132133780418
not	1	148	177	resid	12	utterance_final	0	prompt_without	36	35	-0.60382080078125	-1.6772422790527344	-0.8982976277669271	0.7789446512858073	0.7256652368649553	0.7256652368649553
not	1	149	110	resid	12	utterance_final	0	prompt_without	32	31	-0.678841939994267	-1.865637012890407	-1.2965961609567915	0.5690408519336154	0.47947692481144466	0.47947692481144466
not	1	158	326	resid	12	utterance_final	0	prompt_without	54	53	-0.7043176548821586	-1.5614863123212541	-1.470991952078683	0.09049436024257118	0.10557357581521357	0.10557357581521357
not	1	167	404	resid	12	utterance_final	0	prompt_without	49	48	-0.4900351878135435	-1.1029223703568982	-0.7583602205399544	0.3445621498169438	0.5621950656352158	0.5621950656352158
not	1	148	177	resid	13	utterance_final	0	prompt_without	36	35	-0.60382080078125	-1.6772422790527344	-1.217089335123698	0.4601529439290364	0.4286787186986553	0.4286787186986553
not	1	149	110	resid	13	utterance_final	0	prompt_without	32	31	-0.678841939994267	-1.865637012890407	-1.6918671982628959	0.17376981462751107	0.14641939336962365	0.14641939336962365
not	1	158	326	resid	13	utterance_final	0	prompt_without	54	53	-0.7043176548821586	-1.5614863123212541	-1.489046233040946	0.07244007928030816	0.08451088202026945	0.08451088202026945
not	1	167	404	resid	13	utterance_final	0	prompt_without	49	48	-0.4900351878135435	-1.1029223703568982	-0.8388905332934472	0.264031837063451	0.43080006334571014	0.43080006334571014
not	1	148	177	resid	14	utterance_final	0	prompt_without	36	35	-0.60382080078125	-1.6772422790527344	-1.577959696451823	0.09928258260091138	0.09249170489935113	0.09249170489935113
not	1	149	110	resid	14	utterance_final	0	prompt_without	32	31	-0.678841939994267	-1.865637012890407	-1.8492209911346436	0.0164160217557634	0.013832229447754049	0.013832229447754049
not	1	158	326	resid	14	utterance_final	0	prompt_without	54	53	-0.7043176548821586	-1.5614863123212541	-1.548173291342599	0.013313020978655166	0.015531390308214923	0.015531390308214923
not	1	167	404	resid	14	utterance_final	0	prompt_without	49	48	-0.4900351878135435	-1.1029223703568982	-0.9513741193279144	0.15154825102898384	0.24726940837641606	0.24726940837641606
not	1	148	177	resid	15	utterance_final	0	prompt_without	36	35	-0.60382080078125	-1.6772422790527344	-1.6600977579752605	0.017144521077473884	0.015971844633742068	0.015971844633742068
not	1	149	110	resid	15	utterance_final	0	prompt_without	32	31	-0.678841939994267	-1.865637012890407	-1.8585475172315324	0.007089495658874512	0.005973647701092989	0.005973647701092989
not	1	158	326	resid	15	utterance_final	0	prompt_without	54	53	-0.7043176548821586	-1.5614863123212541	-1.5604916300092424	0.0009946823120117188	0.001160427768070129	0.001160427768070129
not	1	167	404	resid	15	utterance_final	0	prompt_without	49	48	-0.4900351878135435	-1.1029223703568982	-0.9905918798139018	0.11233049054299638	0.18328086104990501	0.18328086104990501
not	1	148	177	resid	16	utterance_final	0	prompt_without	36	35	-0.60382080078125	-1.6772422790527344	-1.6802991231282551	-0.0030568440755207593	-0.0028477575094203933	0.0
not	1	149	110	resid	16	utterance_final	0	prompt_without	32	31	-0.678841939994267	-1.865637012890407	-1.8734324659620012	-0.007795453071594238	-0.006568491266626991	0.0
not	1	158	326	resid	16	utterance_final	0	prompt_without	54	53	-0.7043176548821586	-1.5614863123212541	-1.5674939155578613	-0.006007603236607206	-0.007008659479635798	0.0
not	1	167	404	resid	16	utterance_final	0	prompt_without	49	48	-0.4900351878135435	-1.1029223703568982	-1.0239407977750223	0.07898157258187588	0.12886804428527732	0.12886804428527732
not	1	148	177	resid	17	utterance_final	0	prompt_without	36	35	-0.60382080078125	-1.6772422790527344	-1.6834055582682292	-0.006163279215494866	-0.005741714079933922	0.0
not	1	149	110	resid	17	utterance_final	0	prompt_without	32	31	-0.678841939994267	-1.865637012890407	-1.8892892343657357	-0.02365222147532875	-0.019929490790360428	0.0
not	1	158	326	resid	17	utterance_final	0	prompt_without	54	53	-0.7043176548821586	-1.5614863123212541	-1.5797088486807687	-0.01822253635951454	-0.02125898584994553	0.0
not	1	167	404	resid	17	utterance_final	0	prompt_without	49	48	-0.4900351878135435	-1.1029223703568982	-1.0542456988365418	0.048676671520356374	0.0794219114166465	0.0794219114166465
not	1	148	177	resid	18	utterance_final	0	prompt_without	36	35	-0.60382080078125	-1.6772422790527344	-1.674364725748698	0.0028775533040363843	0.002680730134699809	0.002680730134699809
not	1	149	110	resid	18	utterance_final	0	prompt_without	32	31	-0.678841939994267	-1.865637012890407	-1.8916432006018502	-0.02600618771144325	-0.021912955577057015	0.0
not	1	158	326	resid	18	utterance_final	0	prompt_without	54	53	-0.7043176548821586	-1.5614863123212541	-1.5723087447030204	-0.010822432381766278	-0.01262579107138579	0.0
not	1	167	404	resid	18	utterance_final	0	prompt_without	49	48	-0.4900351878135435	-1.1029223703568982	-1.0817316347552883	0.02119073560160989	0.03457526312374935	0.03457526312374935
not	1	148	177	resid	19	utterance_final	0	prompt_without	36	35	-0.60382080078125	-1.6772422790527344	-1.6728057861328125	0.004436492919921875	0.004133039080851911	0.004133039080851911
not	1	149	110	resid	19	utterance_final	0	prompt_without	32	31	-0.678841939994267	-1.865637012890407	-1.8860493387494768	-0.020412325859069824	-0.017199537076993048	0.0
not	1	158	326	resid	19	utterance_final	0	prompt_without	54	53	-0.7043176548821586	-1.5614863123212541	-1.5737323760986328	-0.01224606377737869	-0.01428664437400852	0.0
not	1	167	404	resid	19	utterance_final	0	prompt_without	49	48	-0.4900351878135435	-1.1029223703568982	-1.0842803101385794	0.018642060218318823	0.03041678917310383	0.03041678917310383
not	1	148	177	resid	20	utterance_final	0	prompt_without	36	35	-0.60382080078125	-1.6772422790527344	-1.6789220174153645	-0.0016797383626301343	-0.0015648451206090952	0.0
not	1	149	110	resid	20	utterance_final	0	prompt_without	32	31	-0.678841939994267	-1.865637012890407	-1.8761922887393407	-0.010555275848933787	-0.008893932988090112	0.0
not	1	158	326	resid	20	utterance_final	0	prompt_without	54	53	-0.7043176548821586	-1.5614863123212541	-1.5704928125653947	-0.009006500244140625	-0.010507267345785522	0.0
not	1	167	404	resid	20	utterance_final	0	prompt_without	49	48	-0.4900351878135435	-1.1029223703568982	-1.0862870293278848	0.01663534102901343	0.027142582685414	0.027142582685414
not	1	148	177	resid	21	utterance_final	0	prompt_without	36	35	-0.60382080078125	-1.6772422790527344	-1.6770795186360676	0.00016276041666674068	0.0001516276876896776	0.0001516276876896776
not	1	149	110	resid	21	utterance_final	0	prompt_without	32	31	-0.678841939994267	-1.865637012890407	-1.875254145690373	-0.009617132799966122	-0.008103448539348416	0.0
not	1	158	326	resid	21	utterance_final	0	prompt_without	54	53	-0.7043176548821586	-1.5614863123212541	-1.5726135798863001	-0.011127267565046006	-0.012981421413949253	0.0
not	1	167	404	resid	21	utterance_final	0	prompt_without	49	48	-0.4900351878135435	-1.1029223703568982	-1.091559736959396	0.01136263339750232	0.018539518725697195	0.018539518725697195
not	1	148	177	resid	22	utterance_final	0	prompt_without	36	35	-0.60382080078125	-1.6772422790527344	-1.6742591857910156	0.00298309326171875	0.0027790512134361085	0.0027790512134361085
not	1	149	110	resid	22	utterance_final	0	prompt_without	32	31	-0.678841939994267	-1.865637012890407	-1.8687906861305237	-0.0031536732401167278	-0.0026573022690604946	0.0
not	1	158	326	resid	22	utterance_final	0	prompt_without	54	53	-0.7043176548821586	-1.5614863123212541	-1.5707999638148717	-0.009313651493617625	-0.010865599684248124	0.0
not	1	167	404	resid	22	utterance_final	0	prompt_without	49	48	-0.4900351878135435	-1.1029223703568982	-1.0957158265575286	0.00720654379936958	0.011758352931226132	0.011758352931226132
not	1	148	177	resid	23	utterance_final	0	prompt_without	36	35	-0.60382080078125	-1.6772422790527344	-1.6742909749348958	0.0029513041178386157	0.002749436430684301	0.002749436430684301
not	1	149	110	resid	23	utterance_final	0	prompt_without	32	31	-0.678841939994267	-1.865637012890407	-1.86765433209283	-0.0020173192024230957	-0.0016998041603764205	0.0
not	1	158	326	resid	23	utterance_final	0	prompt_without	54	53	-0.7043176548821586	-1.5614863123212541	-1.564526081085205	-0.0030397687639509563	-0.003546290146717061	0.0
not	1	167	404	resid	23	utterance_final	0	prompt_without	49	48	-0.4900351878135435	-1.1029223703568982	-1.096188199135565	0.0067341712213331295	0.010987619602987478	0.010987619602987478
not	1	148	177	resid	24	utterance_final	0	prompt_without	36	35	-0.60382080078125	-1.6772422790527344	-1.6723785400390625	0.004863739013671875	0.004531061761037134	0.004531061761037134
not	1	149	110	resid	24	utterance_final	0	prompt_without	32	31	-0.678841939994267	-1.865637012890407	-1.8681344389915466	-0.002497426101139677	-0.002104344851251531	0.0
not	1	158	326	resid	24	utterance_final	0	prompt_without	54	53	-0.7043176548821586	-1.5614863123212541	-1.5667582239423479	-0.00527191162109375	-0.0061503784294263415	0.0
not	1	167	404	resid	24	utterance_final	0	prompt_without	49	48	-0.4900351878135435	-1.1029223703568982	-1.0962483575267177	0.006674012830180542	0.010889463869165566	0.010889463869165566
not	1	148	177	resid	25	utterance_final	0	prompt_without	36	35	-0.60382080078125	-1.6772422790527344	-1.6771392822265625	0.000102996826171875	9.595189611608047e-05	9.595189611608047e-05
not	1	149	110	resid	25	utterance_final	0	prompt_without	32	31	-0.678841939994267	-1.865637012890407	-1.8729417749813624	-0.00730476209095543	-0.006155032370609355	0.0
not	1	158	326	resid	25	utterance_final	0	prompt_without	54	53	-0.7043176548821586	-1.5614863123212541	-1.5668977328709193	-0.005411420549665147	-0.006313133947095639	0.0
not	1	167	404	resid	25	utterance_final	0	prompt_without	49	48	-0.4900351878135435	-1.1029223703568982	-1.0973268862693542	0.005595484087544067	0.009129713015573223	0.009129713015573223
not	1	148	177	resid	26	utterance_final	0	prompt_without	36	35	-0.60382080078125	-1.6772422790527344	-1.6753501892089844	0.00189208984375	0.0017626718693917005	0.0017626718693917005
not	1	149	110	resid	26	utterance_final	0	prompt_without	32	31	-0.678841939994267	-1.865637012890407	-1.8686611226626806	-0.003024109772273631	-0.0025481313845480383	0.0
not	1	158	326	resid	26	utterance_final	0	prompt_without	54	53	-0.7043176548821586	-1.5614863123212541	-1.566756044115339	-0.005269731794084853	-0.006147835374462795	0.0
not	1	167	404	resid	26	utterance_final	0	prompt_without	49	48	-0.4900351878135435	-1.1029223703568982	-1.098515102940221	0.004407267416677296	0.007190992962828902	0.007190992962828902
not	1	148	177	resid	27	utterance_final	0	prompt_without	36	35	-0.60382080078125	-1.6772422790527344	-1.6778310139973958	-0.0005887349446613843	-0.0005484657765646873	0.0
not	1	149	110	resid	27	utterance_final	0	prompt_without	32	31	-0.678841939994267	-1.865637012890407	-1.8686322654996599	-0.0029952526092529297	-0.00252381618162907	0.0
not	1	158	326	resid	27	utterance_final	0	prompt_without	54	53	-0.7043176548821586	-1.5614863123212541	-1.56497403553554	-0.0034877232142858094	-0.004068887941733477	0.0
not	1	167	404	resid	27	utterance_final	0	prompt_without	49	48	-0.4900351878135435	-1.1029223703568982	-1.0987030229260843	0.004219347430813869	0.006884378644213853	0.006884378644213853
not	1	148	177	resid	28	utterance_final	0	prompt_without	36	35	-0.60382080078125	-1.6772422790527344	-1.6791750590006511	-0.0019327799479167407	-0.0018005787913141717	0.0
not	1	149	110	resid	28	utterance_final	0	prompt_without	32	31	-0.678841939994267	-1.865637012890407	-1.8668499674115862	-0.0012129545211791992	-0.0010220420937704286	0.0
not	1	158	326	resid	28	utterance_final	0	prompt_without	54	53	-0.7043176548821586	-1.5614863123212541	-1.5665108135768346	-0.005024501255580516	-0.0058617416910598154	0.0
not	1	167	404	resid	28	utterance_final	0	prompt_without	49	48	-0.4900351878135435	-1.1029223703568982	-1.099078728306678	0.003843642050220142	0.006271369608791335	0.006271369608791335
not	1	148	177	resid	29	utterance_final	0	prompt_without	36	35	-0.60382080078125	-1.6772422790527344	-1.6765505472819011	0.0006917317708332593	0.0006444176726807677	0.0006444176726807677
not	1	149	110	resid	29	utterance_final	0	prompt_without	32	31	-0.678841939994267	-1.865637012890407	-1.868766963481903	-0.0031299505914961223	-0.002637313435973486	0.0
not	1	158	326	resid	29	utterance_final	0	prompt_without	54	53	-0.7043176548821586	-1.5614863123212541	-1.5687425477164132	-0.007256235395159072	-0.00846535315096335	0.0
not	1	167	404	resid	29	utterance_final	0	prompt_without	49	48	-0.4900351878135435	-1.1029223703568982	-1.0992366959971767	0.003685674359721558	0.006013626103954032	0.006013626103954032
not	1	148	177	resid	30	utterance_final	0	prompt_without	36	35	-0.60382080078125	-1.6772422790527344	-1.6796226501464844	-0.00238037109375	-0.0022175549324605264	0.0
not	1	149	110	resid	30	utterance_final	0	prompt_without	32	31	-0.678841939994267	-1.865637012890407	-1.8643126402582442	0.0013243726321627847	0.0011159236016466717	0.0011159236016466717
not	1	158	326	resid	30	utterance_final	0	prompt_without	54	53	-0.7043176548821586	-1.5614863123212541	-1.5649734905787878	-0.0034871782575336407	-0.004068252177992655	0.0
not	1	167	404	resid	30	utterance_final	0	prompt_without	49	48	-0.4900351878135435	-1.1029223703568982	-1.102518158574258	0.00040421178264016255	0.0006595206983490297	0.0006595206983490297
not	1	148	177	resid	31	utterance_final	0	prompt_without	36	35	-0.60382080078125	-1.6772422790527344	-1.6772422790527344	0.0	0.0	0.0
not	1	149	110	resid	31	utterance_final	0	prompt_without	32	31	-0.678841939994267	-1.865637012890407	-1.865637012890407	0.0	0.0	0.0
not	1	158	326	resid	31	utterance_final	0	prompt_without	54	53	-0.7043176548821586	-1.5614863123212541	-1.5614863123212541	0.0	0.0	0.0
not	1	167	404	resid	31	utterance_final	0	prompt_without	49	48	-0.4900351878135435	-1.1029223703568982	-1.1029223703568982	0.0	0.0	0.0
not	1	174	176	resid	0	utterance_final	0	prompt_without	39	38	-0.47075083488371317	-1.280011822537678	-1.2792622781381375	0.0007495443995404472	0.0009262084926562009	0.0009262084926562009
not	1	174	176	resid	1	utterance_final	0	prompt_without	39	38	-0.47075083488371317	-1.280011822537678	-1.2766244585921125	0.0033873639455654914	0.004185749711456384	0.004185749711456384
not	1	174	176	resid	2	utterance_final	0	prompt_without	39	38	-0.47075083488371317	-1.280011822537678	-1.2744276029307668	0.005584219606911134	0.006900393929898562	0.006900393929898562
not	1	174	176	resid	3	utterance_final	0	prompt_without	39	38	-0.47075083488371317	-1.280011822537678	-1.2545814456009283	0.025430376936749655	0.03142419729199097	0.03142419729199097
not	1	174	176	resid	4	utterance_final	0	prompt_without	39	38	-0.47075083488371317	-1.280011822537678	-1.2561813738287948	0.02383044870888318	0.02944717349833863	0.02944717349833863
not	1	174	176	resid	5	utterance_final	0	prompt_without	39	38	-0.47075083488371317	-1.280011822537678	-1.2326863626154458	0.04732545992223214	0.058479848459553105	0.058479848459553105
not	1	174	176	resid	6	utterance_final	0	prompt_without	39	38	-0.47075083488371317	-1.280011822537678	-0.8871174672754799	0.39289435526219807	0.48549770871964654	0.48549770871964654
not	1	174	176	resid	7	utterance_final	0	prompt_without	39	38	-0.47075083488371317	-1.280011822537678	-0.8311601557382723	0.4488516667994057	0.55464389566167	0.55464389566167
not	1	174	176	resid	8	utterance_final	0	prompt_without	39	38	-0.47075083488371317	-1.280011822537678	-0.8150197936267387	0.46499202891093927	0.5745884652847829	0.5745884652847829
not	1	174	176	resid	9	utterance_final	0	prompt_without	39	38	-0.47075083488371317	-1.280011822537678	-0.8556442028138695	0.42436761972380843	0.5243890737326208	0.5243890737326208
not	1	174	176	resid	10	utterance_final	0	prompt_without	39	38	-0.47075083488371317	-1.280011822537678	-0.8740208904917647	0.4059909320459133	0.5016810871148932	0.5016810871148932
not	1	174	176	resid	11	utterance_final	0	prompt_without	39	38	-0.47075083488371317	-1.280011822537678	-0.8998330337245289	0.38017878881314904	0.4697851430047079	0.4697851430047079
not	1	174	176	resid	12	utterance_final	0	prompt_without	39	38	-0.47075083488371317	-1.280011822537678	-0.9962714009168672	0.2837404216208108	0.35061670579644516	0.35061670579644516
not	1	174	176	resid	13	utterance_final	0	prompt_without	39	38	-0.47075083488371317	-1.280011822537678	-1.1857910883135911	0.09422073422408683	0.11642811856930271	0.11642811856930271
not	1	174	176	resid	14	utterance_final	0	prompt_without	39	38	-0.47075083488371317	-1.280011822537678	-1.2393272911630027	0.040684531374675315	0.05027368425681701	0.05027368425681701
not	1	174	176	resid	15	utterance_final	0	prompt_without	39	38	-0.47075083488371317	-1.280011822537678	-1.2389344384030598	0.041077384134618145	0.05075913056639596	0.05075913056639596
not	1	174	176	resid	16	utterance_final	0	prompt_without	39	38	-0.47075083488371317	-1.280011822537678	-1.257936154923788	0.022075667613890015	0.027278798744379162	0.027278798744379162
not	1	174	176	resid	17	utterance_final	0	prompt_without	39	38	-0.47075083488371317	-1.280011822537678	-1.2709292638592604	0.009082558678417563	0.011223275083045534	0.011223275083045534
not	1	174	176	resid	18	utterance_final	0	prompt_without	39	38	-0.47075083488371317	-1.280011822537678	-1.2777401354254745	0.002271687112203491	0.002807113090659513	0.002807113090659513
not	1	174	176	resid	19	utterance_final	0	prompt_without	39	38	-0.47075083488371317	-1.280011822537678	-1.2787445783615112	0.0012672441761667486	0.0015659276741369554	0.0015659276741369554
not	1	174	176	resid	20	utterance_final	0	prompt_without	39	38	-0.47075083488371317	-1.280011822537678	-1.279242695831671	0.0007691267060070395	0.000950406256746326	0.000950406256746326
not	1	174	176	resid	21	utterance_final	0	prompt_without	39	38	-0.47075083488371317	-1.280011822537678	-1.279742493862059	0.0002693286756190183	0.0003328081789779562	0.0003328081789779562
not	1	174	176	resid	22	utterance_final	0	prompt_without	39	38	-0.47075083488371317	-1.280011822537678	-1.2803697673285879	-0.00035794479090989206	-0.00044231069626569854	0.0
not	1	174	176	resid	23	utterance_final	0	prompt_without	39	38	-0.47075083488371317	-1.280011822537678	-1.280058799720392	-4.69771827140697e-05	-5.804948394986373e-05	0.0
not	1	174	176	resid	24	utterance_final	0	prompt_without	39	38	-0.47075083488371317	-1.280011822537678	-1.279136079113658	0.0008757434240200812	0.0010821520342391	0.0010821520342391
not	1	174	176	resid	25	utterance_final	0	prompt_without	39	38	-0.47075083488371317	-1.280011822537678	-1.2800100809190331	1.7416186448571125e-06	2.1521099761722584e-06	2.1521099761722584e-06
not	1	174	176	resid	26	utterance_final	0	prompt_without	39	38	-0.47075083488371317	-1.280011822537678	-1.279890685546689	0.00012113699098903474	0.00014968841058335088	0.00014968841058335088
not	1	174	176	resid	27	utterance_final	0	prompt_without	39	38	-0.47075083488371317	-1.280011822537678	-1.2799795866012573	3.223593642065481e-05	3.983379516922754e-05	3.983379516922754e-05
not	1	174	176	resid	28	utterance_final	0	prompt_without	39	38	-0.47075083488371317	-1.280011822537678	-1.2801408767700195	-0.00012905423234155222	-0.00015947170852221416	0.0
not	1	174	176	resid	29	utterance_final	0	prompt_without	39	38	-0.47075083488371317	-1.280011822537678	-1.2793803767460148	0.0006314457916631877	0.0007802745978077349	0.0007802745978077349
not	1	174	176	resid	30	utterance_final	0	prompt_without	39	38	-0.47075083488371317	-1.280011822537678	-1.2790016517406557	0.0010101707970222584	0.0012482633074290756	0.0012482633074290756
not	1	174	176	resid	31	utterance_final	0	prompt_without	39	38	-0.47075083488371317	-1.280011822537678	-1.280011822537678	0.0	0.0	0.0
not	0	122	73	attn	0	utterance_final	0	prompt_without	29	28	-0.4875379034451076	-1.7351864661489214	-1.7314095156533378	0.0037769504955835753	0.0030272551169364887	0.0030272551169364887
not	0	124	1	attn	0	utterance_final	0	prompt_without	25	24	-0.49492383003234863	-2.7977982838948567	-2.7979586283365885	-0.00016034444173174123	-6.962795625389073e-05	0.0
not	0	133	197	attn	0	utterance_final	0	prompt_without	50	49	-0.6861604635532086	-1.6139427515176625	-1.6165566719495332	-0.0026139204318706977	-0.0028173855717871224	0.0
not	0	134	116	attn	0	utterance_final	0	prompt_without	45	44	-0.7970086511443643	-1.7582361698150635	-1.748739175936755	0.00949699387830849	0.009880068655797613	0.009880068655797613
not	0	122	73	attn	1	utterance_final	0	prompt_without	29	28	-0.4875379034451076	-1.7351864661489214	-1.7470962745802743	-0.01190980843135292	-0.009545803832405213	0.0
not	0	124	1	attn	1	utterance_final	0	prompt_without	25	24	-0.49492383003234863	-2.7977982838948567	-2.774724769592285	0.023073514302571763	0.010019440818352729	0.010019440818352729
not	0	133	197	attn	1	utterance_final	0	prompt_without	50	49	-0.6861604635532086	-1.6139427515176625	-1.6157468098860521	-0.0018040583683895939	-0.001944484597079	0.0
not	0	134	116	attn	1	utterance_final	0	prompt_without	45	44	-0.7970086511443643	-1.7582361698150635	-1.6884527802467346	0.06978338956832886	0.07259820199991122	0.07259820199991122
not	0	122	73	attn	2	utterance_final	0	prompt_without	29	28	-0.4875379034451076	-1.7351864661489214	-1.7453946556363786	-0.010208189487457275	-0.008181943050801763	0.0
not	0	124	1	attn	2	utterance_final	0	prompt_without	25	24	-0.49492383003234863	-2.7977982838948567	-2.7671074549357098	0.030690828959146987	0.013327182863864175	0.013327182863864175
not	0	133	197	attn	2	utterance_final	0	prompt_without	50	49	-0.6861604635532086	-1.6139427515176625	-1.6158031408603375	-0.0018603893426749618	-0.0020052003221107395	0.0
not	0	134	116	attn	2	utterance_final	0	prompt_without	45	44	-0.7970086511443643	-1.7582361698150635	-1.7422234310823328	0.01601273873273068	0.01665863536124623	0.01665863536124623
not	0	122	73	attn	3	utterance_final	0	prompt_without	29	28	-0.4875379034451076	-1.7351864661489214	-1.7848114456449236	-0.0496249794960022	-0.03977480596656043	0.0
not	0	124	1	attn	3	utterance_final	0	prompt_without	25	24	-0.49492383003234863	-2.7977982838948567	-2.658500099182129	0.13929818471272792	0.0604888314597825	0.0604888314597825
not	0	133	197	attn	3	utterance_final	0	prompt_without	50	49	-0.6861604635532086	-1.6139427515176625	-1.6226696051084077	-0.00872685359074521	-0.009406143773117126	0.0
not	0	134	116	attn	3	utterance_final	0	prompt_without	45	44	-0.7970086511443643	-1.7582361698150635	-0.9064694292405072	0.8517667405745563	0.8861239654816391	0.8861239654816391
not	0	122	73	attn	4	utterance_final	0	prompt_without	29	28	-0.4875379034451076	-1.7351864661489214	-1.7709512284823827	-0.035764762333461375	-0.028665734408377445	0.0
not	0	124	1	attn	4	utterance_final	0	prompt_without	25	24	-0.49492383003234863	-2.7977982838948567	-2.73287779490153	0.06492048899332659	0.028191067422037863	0.028191067422037863
not	0	133	197	attn	4	utterance_final	0	prompt_without	50	49	-0.6861604635532086	-1.6139427515176625	-1.6205286521178026	-0.006585900600140082	-0.007098540989168363	0.0
not	0	134	116	attn	4	utterance_final	0	prompt_without	45	44	-0.7970086511443643	-1.7582361698150635	-1.4986010474317215	0.25963512238334197	0.27010787492059796	0.27010787492059796
not	0	122	73	attn	5	utterance_final	0	prompt_without	29	28	-0.4875379034451076	-1.7351864661489214	-1.792725920677185	-0.0575394545282637	-0.04611831909104946	0.0
not	0	124	1	attn	5	utterance_final	0	prompt_without	25	24	-0.49492383003234863	-2.7977982838948567	-2.728900909423828	0.06889737447102862	0.029917989821577177	0.029917989821577177
not	0	133	197	attn	5	utterance_final	0	prompt_without	50	49	-0.6861604635532086	-1.6139427515176625	-1.6281451261960542	-0.014202374678391694	-0.015307874339303865	0.0
not	0	134	116	attn	5	utterance_final	0	prompt_without	45	44	-0.7970086511443643	-1.7582361698150635	-1.1951193493955277	0.5631168204195358	0.5858309395867914	0.5858309395867914
not	0	122	73	attn	6	utterance_final	0	prompt_without	29	28	-0.4875379034451076	-1.7351864661489214	-1.6519419976643153	0.0832444684846061	0.06672108714989797	0.06672108714989797
not	0	124	1	attn	6	utterance_final	0	prompt_without	25	24	-0.49492383003234863	-2.7977982838948567	-2.7795677820841473	0.0182305018107094	0.007916411500475935	0.007916411500475935
not	0	133	197	attn	6	utterance_final	0	prompt_without	50	49	-0.6861604635532086	-1.6139427515176625	-1.6225780156942515	-0.008635264176588997	-0.00930742512398538	0.0
not	0	134	116	attn	6	utterance_final	0	prompt_without	45	44	-0.7970086511443643	-1.7582361698150635	-0.9313430996502147	0.8268930701648488	0.8602469801409512	0.8602469801409512
not	0	122	73	attn	7	utterance_final	0	prompt_without	29	28	-0.4875379034451076	-1.7351864661489214	-1.5038073744092668	0.23137909173965454	0.1854521366483415	0.1854521366483415
not	0	124	1	attn	7	utterance_final	0	prompt_without	25	24	-0.49492383003234863	-2.7977982838948567	-2.7262513478597006	0.07154693603515616	0.03106853520180125	0.03106853520180125
not	0	133	197	attn	7	utterance_final	0	prompt_without	50	49	-0.6861604635532086	-1.6139427515176625	-1.62194417990171	-0.008001428384047493	-0.008624252141741739	0.0
not	0	134	116	attn	7	utterance_final	0	prompt_without	45	44	-0.7970086511443643	-1.7582361698150635	-1.4513732510454513	0.30686291876961214	0.3192406717547777	0.3192406717547777
not	0	122	73	attn	8	utterance_final	0	prompt_without	29	28	-0.4875379034451076	-1.7351864661489214	-1.5814977117947169	0.15368875435420448	0.12318272865328465	0.12318272865328465
not	0	124	1	attn	8	utterance_final	0	prompt_without	25	24	-0.49492383003234863	-2.7977982838948567	-2.8588993708292643	-0.06110108693440752	-0.026532530608399173	0.0
not	0	133	197	attn	8	utterance_final	0	prompt_without	50	49	-0.6861604635532086	-1.6139427515176625	-1.6084442688868597	0.005498482630802881	0.005926479414547246	0.005926479414547246
not	0	134	116	attn	8	utterance_final	0	prompt_without	45	44	-0.7970086511443643	-1.7582361698150635	-1.7581237133811503	0.00011245643391322169	0.00011699252438042966	0.00011699252438042966
not	0	122	73	attn	9	utterance_final	0	prompt_without	29	28	-0.4875379034451076	-1.7351864661489214	-1.5897629261016846	0.1454235400472368	0.11655809527971997	0.11655809527971997
not	0	124	1	attn	9	utterance_final	0	prompt_without	25	24	-0.49492383003234863	-2.7977982838948567	-2.8112056096394857	-0.013407325744628995	-0.0058219959503834386	0.0
not	0	133	197	attn	9	utterance_final	0	prompt_without	50	49	-0.6861604635532086	-1.6139427515176625	-1.6417501064447255	-0.02780735492706299	-0.0299718536210387	0.0
not	0	134	116	attn	9	utterance_final	0	prompt_without	45	44	-0.7970086511443643	-1.7582361698150635	-1.6900506124776953	0.0681855573373682	0.07093591892964464	0.07093591892964464
not	0	122	73	attn	10	utterance_final	0	prompt_without	29	28	-0.4875379034451076	-1.7351864661489214	-1.720593239579882	0.014593226569039386	0.01169658428284805	0.01169658428284805
not	0	124	1	attn	10	utterance_final	0	prompt_without	25	24	-0.49492383003234863	-2.7977982838948567	-2.8227529525756836	-0.024954668680826853	-0.010836313129867547	0.0
not	0	133	197	attn	10	utterance_final	0	prompt_without	50	49	-0.6861604635532086	-1.6139427515176625	-1.6336347598295946	-0.019692008311932074	-0.021224815958856214	0.0
not	0	134	116	attn	10	utterance_final	0	prompt_without	45	44	-0.7970086511443643	-1.7582361698150635	-1.723968604031731	0.034267565783332454	0.03564979686674156	0.03564979686674156
not	0	122	73	attn	11	utterance_final	0	prompt_without	29	28	-0.4875379034451076	-1.7351864661489214	-1.7566851377487183	-0.021498671599796904	-0.017231352034908404	0.0
not	0	124	1	attn	11	utterance_final	0	prompt_without	25	24	-0.49492383003234863	-2.7977982838948567	-2.7956916173299153	0.0021066665649414062	0.0009147987035975795	0.0009147987035975795
not	0	133	197	attn	11	utterance_final	0	prompt_without	50	49	-0.6861604635532086	-1.6139427515176625	-1.6142174097207875	-0.000274658203125	-0.00029603734269124455	0.0
not	0	134	116	attn	11	utterance_final	0	prompt_without	45	44	-0.7970086511443643	-1.7582361698150635	-1.7502351753851946	0.008000994429868902	0.008323725938405963	0.008323725938405963
not	0	122	73	attn	12	utterance_final	0	prompt_without	29	28	-0.4875379034451076	-1.7351864661489214	-1.5956591282572066	0.1395273378917148	0.1118322435200352	0.1118322435200352
not	0	124	1	attn	12	utterance_final	0	prompt_without	25	24	-0.49492383003234863	-2.7977982838948567	-2.785577074686686	0.012221209208170603	0.005306936810069049	0.005306936810069049
not	0	133	197	attn	12	utterance_final	0	prompt_without	50	49	-0.6861604635532086	-1.6139427515176625	-1.6195884484511156	-0.0056456969334530704	-0.006085152741856798	0.0
not	0	134	116	attn	12	utterance_final	0	prompt_without	45	44	-0.7970086511443643	-1.7582361698150635	-1.6582694018588346	0.09996676795622883	0.10399906995429643	0.10399906995429643
not	0	122	73	attn	13	utterance_final	0	prompt_without	29	28	-0.4875379034451076	-1.7351864661489214	-1.6700141344751631	0.06517233167375824	0.05223612932516949	0.05223612932516949
not	0	124	1	attn	13	utterance_final	0	prompt_without	25	24	-0.49492383003234863	-2.7977982838948567	-2.7248782475789386	0.07292003631591815	0.03166479014677185	0.03166479014677185
not	0	133	197	attn	13	utterance_final	0	prompt_without	50	49	-0.6861604635532086	-1.6139427515176625	-1.6124731852458074	0.0014695662718551272	0.0015839559462590546	0.0015839559462590546
not	0	134	116	attn	13	utterance_final	0	prompt_without	45	44	-0.7970086511443643	-1.7582361698150635	-1.7563621506971472	0.0018740191179162924	0.0019496103487631222	0.0019496103487631222
not	0	122	73	attn	14	utterance_final	0	prompt_without	29	28	-0.4875379034451076	-1.7351864661489214	-1.676361722605569	0.05882474354335243	0.047148488205582276	0.047148488205582276
not	0	124	1	attn	14	utterance_final	0	prompt_without	25	24	-0.49492383003234863	-2.7977982838948567	-2.7940036773681642	0.003794606526692501	0.0016477696039087053	0.0016477696039087053
not	0	133	197	attn	14	utterance_final	0	prompt_without	50	49	-0.6861604635532086	-1.6139427515176625	-1.6125659392430232	0.0013768122746393718	0.0014839820640034913	0.0014839820640034913
not	0	134	116	attn	14	utterance_final	0	prompt_without	45	44	-0.7970086511443643	-1.7582361698150635	-1.766674024217269	-0.008437854402205458	-0.008778207280076975	0.0
not	0	122	73	attn	15	utterance_final	0	prompt_without	29	28	-0.4875379034451076	-1.7351864661489214	-1.7337947998728072	0.0013916662761142007	0.0011154313143264336	0.0011154313143264336
not	0	124	1	attn	15	utterance_final	0	prompt_without	25	24	-0.49492383003234863	-2.7977982838948567	-2.781676419576009	0.016121864318847656	0.0070007569417460756	0.0070007569417460756
not	0	133	197	attn	15	utterance_final	0	prompt_without	50	49	-0.6861604635532086	-1.6139427515176625	-1.6159076232176561	-0.001964871699993598	-0.0021178154891321635	0.0
not	0	134	116	attn	15	utterance_final	0	prompt_without	45	44	-0.7970086511443643	-1.7582361698150635	-1.7505023444400114	0.0077338253750520725	0.008045780239154341	0.008045780239154341
not	0	122	73	attn	16	utterance_final	0	prompt_without	29	28	-0.4875379034451076	-1.7351864661489214	-1.7208018217767989	0.014384644372122501	0.01152940403421709	0.01152940403421709
not	0	124	1	attn	16	utterance_final	0	prompt_without	25	24	-0.49492383003234863	-2.7977982838948567	-2.7952041625976562	0.0025941212972004912	0.0011264710035970428	0.0011264710035970428
not	0	133	197	attn	16	utterance_final	0	prompt_without	50	49	-0.6861604635532086	-1.6139427515176625	-1.6190474125055165	-0.005104660987854004	-0.005502003060495566	0.0
not	0	134	116	attn	16	utterance_final	0	prompt_without	45	44	-0.7970086511443643	-1.7582361698150635	-1.7494226694107056	0.00881350040435791	0.009169005498871148	0.009169005498871148
not	0	122	73	attn	17	utterance_final	0	prompt_without	29	28	-0.4875379034451076	-1.7351864661489214	-1.728276593344552	0.006909872804369277	0.00553831664695281	0.00553831664695281
not	0	124	1	attn	17	utterance_final	0	prompt_without	25	24	-0.49492383003234863	-2.7977982838948567	-2.797373962402344	0.0004243214925128136	0.0001842573275330395	0.0001842573275330395
not	0	133	197	attn	17	utterance_final	0	prompt_without	50	49	-0.6861604635532086	-1.6139427515176625	-1.6143735097004817	-0.00043075818281912426	-0.00046428799989726456	0.0
not	0	134	116	attn	17	utterance_final	0	prompt_without	45	44	-0.7970086511443643	-1.7582361698150635	-1.7561786876005285	0.0020574822145349447	0.0021404736907452235	0.0021404736907452235
not	0	122	73	attn	18	utterance_final	0	prompt_without	29	28	-0.4875379034451076	-1.7351864661489214	-1.7339537739753723	0.0012326921735490437	0.0009880123380879328	0.0009880123380879328
not	0	124	1	attn	18	utterance_final	0	prompt_without	25	24	-0.49492383003234863	-2.7977982838948567	-2.7962471644083657	0.0015511194864910038	0.000673557989185811	0.000673557989185811
not	0	133	197	attn	18	utterance_final	0	prompt_without	50	49	-0.6861604635532086	-1.6139427515176625	-1.616253843674293	-0.002311092156630501	-0.002490985424717491	0.0
not	0	134	116	attn	18	utterance_final	0	prompt_without	45	44	-0.7970086511443643	-1.7582361698150635	-1.7568621460129232	0.0013740238021402451	0.0014294470096324439	0.0014294470096324439
not	0	122	73	attn	19	utterance_final	0	prompt_without	29	28	-0.4875379034451076	-1.7351864661489214	-1.7311613815171378	0.0040250846317835265	0.00322613655167498	0.00322613655167498
not	0	124	1	attn	19	utterance_final	0	prompt_without	25	24	-0.49492383003234863	-2.7977982838948567	-2.7949225107828775	0.002875773111979285	0.0012487754628377069	0.0012487754628377069
not	0	133	197	attn	19	utterance_final	0	prompt_without	50	49	-0.6861604635532086	-1.6139427515176625	-1.6164287512119	-0.002485999694237462	-0.002679507602685241	0.0
not	0	134	116	attn	19	utterance_final	0	prompt_without	45	44	-0.7970086511443643	-1.7582361698150635	-1.7567021496155684	0.001534020199495112	0.0015958970896053197	0.0015958970896053197
not	0	122	73	attn	20	utterance_final	0	prompt_without	29	28	-0.4875379034451076	-1.7351864661489214	-1.734628643308367	0.0005578228405542784	0.00044709933328132497	0.00044709933328132497
not	0	124	1	attn	20	utterance_final	0	prompt_without	25	24	-0.49492383003234863	-2.7977982838948567	-2.7963011423746744	0.0014971415201823213	0.0006501186018504973	0.0006501186018504973
not	0	133	197	attn	20	utterance_final	0	prompt_without	50	49	-0.6861604635532086	-1.6139427515176625	-1.6161247491836548	-0.0021819976659922524	-0.002351842338766281	0.0
not	0	134	116	attn	20	utterance_final	0	prompt_without	45	44	-0.7970086511443643	-1.7582361698150635	-1.7581236362457275	0.0001125335693359375	0.00011707277117030775	0.00011707277117030775
not	0	122	73	attn	21	utterance_final	0	prompt_without	29	28	-0.4875379034451076	-1.7351864661489214	-1.7298720479011536	0.005314418247767794	0.0042595474451962425	0.0042595474451962425
not	0	124	1	attn	21	utterance_final	0	prompt_without	25	24	-0.49492383003234863	-2.7977982838948567	-2.799719492594401	-0.0019212086995441524	-0.0008342654964632549	0.0
not	0	133	197	attn	21	utterance_final	0	prompt_without	50	49	-0.6861604635532086	-1.6139427515176625	-1.6163782890026386	-0.002435537484976047	-0.002625117461898949	0.0
not	0	134	116	attn	21	utterance_final	0	prompt_without	45	44	-0.7970086511443643	-1.7582361698150635	-1.755444884300232	0.002791285514831543	0.002903875992534699	0.002903875992534699
not	0	122	73	attn	22	utterance_final	0	prompt_without	29	28	-0.4875379034451076	-1.7351864661489214	-1.7341401491846358	0.0010463169642855874	0.0008386311623026961	0.0008386311623026961
not	0	124	1	attn	22	utterance_final	0	prompt_without	25	24	-0.49492383003234863	-2.7977982838948567	-2.796301587422689	0.00149669647216788	0.0006499253442399076	0.0006499253442399076
not	0	133	197	attn	22	utterance_final	0	prompt_without	50	49	-0.6861604635532086	-1.6139427515176625	-1.6177398333182702	-0.003797081800607671	-0.004092643123138764	0.0
not	0	134	116	attn	22	utterance_final	0	prompt_without	45	44	-0.7970086511443643	-1.7582361698150635	-1.758085829370162	0.00015034044490147558	0.00015640464092141722	0.00015640464092141722
not	0	122	73	attn	23	utterance_final	0	prompt_without	29	28	-0.4875379034451076	-1.7351864661489214	-1.7348946162632533	0.0002918498856681051	0.00023391994700465102	0.00023391994700465102
not	0	124	1	attn	23	utterance_final	0	prompt_without	25	24	-0.49492383003234863	-2.7977982838948567	-2.797989908854167	-0.00019162495931013268	-8.321120545183378e-05	0.0
not	0	133	197	attn	23	utterance_final	0	prompt_without	50	49	-0.6861604635532086	-1.6139427515176625	-1.6170919216596162	-0.0031491701419537055	-0.003394298622431084	0.0
not	0	134	116	attn	23	utterance_final	0	prompt_without	45	44	-0.7970086511443643	-1.7582361698150635	-1.758723697241615	-0.00048752742655144843	-0.0005071925398324633	0.0
not	0	122	73	attn	24	utterance_final	0	prompt_without	29	28	-0.4875379034451076	-1.7351864661489214	-1.7291108540126257	0.006075612136295705	0.004869650250811878	0.004869650250811878
not	0	124	1	attn	24	utterance_final	0	prompt_without	25	24	-0.49492383003234863	-2.7977982838948567	-2.7995520273844403	-0.0017537434895835702	-0.0007615454184408945	0.0
not	0	133	197	attn	24	utterance_final	0	prompt_without	50	49	-0.6861604635532086	-1.6139427515176625	-1.6161939822710478	-0.0022512307533852915	-0.0024264644654129705	0.0
not	0	134	116	attn	24	utterance_final	0	prompt_without	45	44	-0.7970086511443643	-1.7582361698150635	-1.7582297114764942	6.458338569270694e-06	6.718844856004601e-06	6.718844856004601e-06
not	0	122	73	attn	25	utterance_final	0	prompt_without	29	28	-0.4875379034451076	-1.7351864661489214	-1.734335252216884	0.0008512139320373535	0.0006822545687005516	0.0006822545687005516
not	0	124	1	attn	25	utterance_final	0	prompt_without	25	24	-0.49492383003234863	-2.7977982838948567	-2.796183967590332	0.0016143163045247988	0.0007010005698822089	0.0007010005698822089
not	0	133	197	attn	25	utterance_final	0	prompt_without	50	49	-0.6861604635532086	-1.6139427515176625	-1.6140589530651386	-0.00011620154747604694	-0.00012524656806177245	0.0
not	0	134	116	attn	25	utterance_final	0	prompt_without	45	44	-0.7970086511443643	-1.7582361698150635	-1.7590131584335775	-0.0007769886185140518	-0.0008083295613389896	0.0
not	0	122	73	attn	26	utterance_final	0	prompt_without	29	28	-0.4875379034451076	-1.7351864661489214	-1.7347189017704554	0.00046756437846595666	0.0003747564758562179	0.0003747564758562179
not	0	124	1	attn	26	utterance_final	0	prompt_without	25	24	-0.49492383003234863	-2.7977982838948567	-2.7993295669555662	-0.0015312830607094874	-0.0006649442214017073	0.0
not	0	133	197	attn	26	utterance_final	0	prompt_without	50	49	-0.6861604635532086	-1.6139427515176625	-1.6151059407454271	-0.0011631892277645939	-0.001253730797466096	0.0
not	0	134	116	attn	26	utterance_final	0	prompt_without	45	44	-0.7970086511443643	-1.7582361698150635	-1.7583126320558435	-7.646224078006192e-05	-7.954645418995398e-05	0.0
not	0	122	73	attn	27	utterance_final	0	prompt_without	29	28	-0.4875379034451076	-1.7351864661489214	-1.7334426130567278	0.0017438530921936035	0.001397711779040126	0.001397711779040126
not	0	124	1	attn	27	utterance_final	0	prompt_without	25	24	-0.49492383003234863	-2.7977982838948567	-2.7982008616129557	-0.00040257771809892873	-0.000174815312846822	0.0
not	0	133	197	attn	27	utterance_final	0	prompt_without	50	49	-0.6861604635532086	-1.6139427515176625	-1.6170543707334077	-0.0031116192157452094	-0.0033538247669850155	0.0
not	0	134	116	attn	27	utterance_final	0	prompt_without	45	44	-0.7970086511443643	-1.7582361698150635	-1.7554066461675308	0.002829523647532639	0.002943656514792298	0.002943656514792298
not	0	122	73	attn	28	utterance_final	0	prompt_without	29	28	-0.4875379034451076	-1.7351864661489214	-1.7349294934953963	0.00025697265352508936	0.00020596557492776396	0.00020596557492776396
not	0	124	1	attn	28	utterance_final	0	prompt_without	25	24	-0.49492383003234863	-2.7977982838948567	-2.797206751505534	0.0005915323893228575	0.0002568669726353109	0.0002568669726353109
not	0	133	197	attn	28	utterance_final	0	prompt_without	50	49	-0.6861604635532086	-1.6139427515176625	-1.615405247761653	-0.0014624962439904188	-0.0015763355939884588	0.0
not	0	134	116	attn	28	utterance_final	0	prompt_without	45	44	-0.7970086511443643	-1.7582361698150635	-1.7582254690282486	1.0700786814865637e-05	1.1132418295372951e-05	1.1132418295372951e-05
not	0	122	73	attn	29	utterance_final	0	prompt_without	29	28	-0.4875379034451076	-1.7351864661489214	-1.7335679531097412	0.0016185130391801472	0.001297250754389219	0.001297250754389219
not	0	124	1	attn	29	utterance_final	0	prompt_without	25	24	-0.49492383003234863	-2.7977982838948567	-2.7972119649251304	0.0005863189697263849	0.00025460309776895493	0.00025460309776895493
not	0	133	197	attn	29	utterance_final	0	prompt_without	50	49	-0.6861604635532086	-1.6139427515176625	-1.6155672256763165	-0.0016244741586539657	-0.0017509217191654387	0.0
not	0	134	116	attn	29	utterance_final	0	prompt_without	45	44	-0.7970086511443643	-1.7582361698150635	-1.7581653314478256	7.083836723786874e-05	7.369573369667208e-05	7.369573369667208e-05
not	0	122	73	attn	30	utterance_final	0	prompt_without	29	28	-0.4875379034451076	-1.7351864661489214	-1.7339333040373666	0.0012531621115547953	0.001004419152168166	0.001004419152168166
not	0	124	1	attn	30	utterance_final	0	prompt_without	25	24	-0.49492383003234863	-2.7977982838948567	-2.798839886983236	-0.0010416030883790839	-0.00045230563334968163	0.0
not	0	133	197	attn	30	utterance_final	0	prompt_without	50	49	-0.6861604635532086	-1.6139427515176625	-1.615069554402278	-0.0011268028846154188	-0.0012145121751436043	0.0
not	0	134	116	attn	30	utterance_final	0	prompt_without	45	44	-0.7970086511443643	-1.7582361698150635	-1.7580457154442282	0.00019045437083531347	0.00019813661920405342	0.00019813661920405342
not	0	122	73	attn	31	utterance_final	0	prompt_without	29	28	-0.4875379034451076	-1.7351864661489214	-1.7351864661489214	0.0	0.0	0.0
not	0	124	1	attn	31	utterance_final	0	prompt_without	25	24	-0.49492383003234863	-2.7977982838948567	-2.7977982838948567	0.0	0.0	0.0
not	0	133	197	attn	31	utterance_final	0	prompt_without	50	49	-0.6861604635532086	-1.6139427515176625	-1.6139427515176625	0.0	0.0	0.0
not	0	134	116	attn	31	utterance_final	0	prompt_without	45	44	-0.7970086511443643	-1.7582361698150635	-1.7582361698150635	0.0	0.0	0.0
not	0	139	42	attn	0	utterance_final	0	prompt_without	42	41	-0.6637599070866903	-2.057447486453586	-2.0587949222988553	-0.001347435845269196	-0.0009668134130041466	0.0
not	0	155	130	attn	0	utterance_final	0	prompt_without	70	69	-0.6468315124511719	-1.6258811950683594	-1.6262212480817522	-0.0003400530133927937	-0.00034732968043436446	0.0
not	0	162	271	attn	0	utterance_final	0	prompt_without	39	38	-1.1560872395833333	-2.4831339518229165	-2.4817911783854165	0.0013427734375	0.001011850920631027	0.001011850920631027
not	0	164	22	attn	0	utterance_final	0	prompt_without	48	47	-0.7339491844177246	-2.6290283203125	-2.6123046875	0.0167236328125	0.008824767523285414	0.008824767523285414
not	0	139	42	attn	1	utterance_final	0	prompt_without	42	41	-0.6637599070866903	-2.057447486453586	-2.0573976039886475	4.988246493864423e-05	3.579171234438648e-05	3.579171234438648e-05
not	0	155	130	attn	1	utterance_final	0	prompt_without	70	69	-0.6468315124511719	-1.6258811950683594	-1.6244495936802454	0.0014316013881139344	0.0014622356899059398	0.0014622356899059398
not	0	162	271	attn	1	utterance_final	0	prompt_without	39	38	-1.1560872395833333	-2.4831339518229165	-2.47442626953125	0.008707682291666519	0.006561699909546549	0.006561699909546549
not	0	164	22	attn	1	utterance_final	0	prompt_without	48	47	-0.7339491844177246	-2.6290283203125	-2.52081298828125	0.10821533203125	0.057103331455419855	0.057103331455419855
not	0	139	42	attn	2	utterance_final	0	prompt_without	42	41	-0.6637599070866903	-2.057447486453586	-2.0442876285976834	0.013159857855902679	0.00944247337117028	0.00944247337117028
not	0	155	130	attn	2	utterance_final	0	prompt_without	70	69	-0.6468315124511719	-1.6258811950683594	-1.6304700034005302	-0.004588808332170791	-0.004687002522593161	0.0
not	0	162	271	attn	2	utterance_final	0	prompt_without	39	38	-1.1560872395833333	-2.4831339518229165	-2.4882609049479165	-0.005126953125	-0.0038634307878639214	0.0
not	0	164	22	attn	2	utterance_final	0	prompt_without	48	47	-0.7339491844177246	-2.6290283203125	-2.61798095703125	0.01104736328125	0.00582949971428708	0.00582949971428708
not	0	139	42	attn	3	utterance_final	0	prompt_without	42	41	-0.6637599070866903	-2.057447486453586	-1.9245281219482422	0.13291936450534392	0.0953724252645809	0.0953724252645809
not	0	155	130	attn	3	utterance_final	0	prompt_without	70	69	-0.6468315124511719	-1.6258811950683594	-1.6432969229561942	-0.017415727887834853	-0.017788400524556908	0.0
not	0	162	271	attn	3	utterance_final	0	prompt_without	39	38	-1.1560872395833333	-2.4831339518229165	-2.4756673177083335	0.007466634114583037	0.005626504361690488	0.005626504361690488
not	0	164	22	attn	3	utterance_final	0	prompt_without	48	47	-0.7339491844177246	-2.6290283203125	-2.32244873046875	0.30657958984375	0.16177666886665196	0.16177666886665196
not	0	139	42	attn	4	utterance_final	0	prompt_without	42	41	-0.6637599070866903	-2.057447486453586	-1.9968014293246799	0.06064605712890625	0.04351481496050619	0.04351481496050619
not	0	155	130	attn	4	utterance_final	0	prompt_without	70	69	-0.6468315124511719	-1.6258811950683594	-1.6203299931117467	0.005551201956612628	0.005669990047668675	0.005669990047668675
not	0	162	271	attn	4	utterance_final	0	prompt_without	39	38	-1.1560872395833333	-2.4831339518229165	-2.4699300130208335	0.013203938802083037	0.009949867386204876	0.009949867386204876
not	0	164	22	attn	4	utterance_final	0	prompt_without	48	47	-0.7339491844177246	-2.6290283203125	-2.6058349609375	0.023193359375	0.012238728681928678	0.012238728681928678
not	0	139	42	attn	5	utterance_final	0	prompt_without	42	41	-0.6637599070866903	-2.057447486453586	-2.024955987930298	0.032491498523288254	0.02331333004922669	0.02331333004922669
not	0	155	130	attn	5	utterance_final	0	prompt_without	70	69	-0.6468315124511719	-1.6258811950683594	-1.6269332340785436	-0.001052039010184247	-0.0010745511988441128	0.0
not	0	162	271	attn	5	utterance_final	0	prompt_without	39	38	-1.1560872395833333	-2.4831339518229165	-2.5027058919270835	-0.019571940104166963	-0.014748493721925193	0.0
not	0	164	22	attn	5	utterance_final	0	prompt_without	48	47	-0.7339491844177246	-2.6290283203125	-2.580322265625	0.0487060546875	0.02570133023205022	0.02570133023205022
not	0	139	42	attn	6	utterance_final	0	prompt_without	42	41	-0.6637599070866903	-2.057447486453586	-1.9702088038126628	0.08723868264092327	0.06259558019491915	0.06259558019491915
not	0	155	130	attn	6	utterance_final	0	prompt_without	70	69	-0.6468315124511719	-1.6258811950683594	-1.6006246294294084	0.025256565638950956	0.025797021425343108	0.025797021425343108
not	0	162	271	attn	6	utterance_final	0	prompt_without	39	38	-1.1560872395833333	-2.4831339518229165	-2.35455322265625	0.12858072916666652	0.09689239118769824	0.09689239118769824
not	0	164	22	attn	6	utterance_final	0	prompt_without	48	47	-0.7339491844177246	-2.6290283203125	-2.46087646484375	0.16815185546875	0.0887307829439829	0.0887307829439829
not	0	139	42	attn	7	utterance_final	0	prompt_without	42	41	-0.6637599070866903	-2.057447486453586	-2.004201226764255	0.053246259689331055	0.03820530546273434	0.03820530546273434
not	0	155	130	attn	7	utterance_final	0	prompt_without	70	69	-0.6468315124511719	-1.6258811950683594	-1.6076706477573939	0.018210547310965497	0.01860022799076469	0.01860022799076469
not	0	162	271	attn	7	utterance_final	0	prompt_without	39	38	-1.1560872395833333	-2.4831339518229165	-2.1209716796875	0.3621622721354165	0.2729084581538319	0.2729084581538319
not	0	164	22	attn	7	utterance_final	0	prompt_without	48	47	-0.7339491844177246	-2.6290283203125	-2.538818359375	0.0902099609375	0.04760221313655417	0.04760221313655417
not	0	139	42	attn	8	utterance_final	0	prompt_without	42	41	-0.6637599070866903	-2.057447486453586	-2.050255298614502	0.007192187839084152	0.005160545265353742	0.005160545265353742
not	0	155	130	attn	8	utterance_final	0	prompt_without	70	69	-0.6468315124511719	-1.6258811950683594	-1.5814612252371651	0.04441996983119423	0.04537049612482497	0.04537049612482497
not	0	162	271	attn	8	utterance_final	0	prompt_without	39	38	-1.1560872395833333	-2.4831339518229165	-2.4552001953125	0.02793375651041652	0.021049565364036255	0.021049565364036255
not	0	164	22	attn	8	utterance_final	0	prompt_without	48	47	-0.7339491844177246	-2.6290283203125	-2.405059814453125	0.223968505859375	0.11818424973246652	0.11818424973246652
not	0	139	42	attn	9	utterance_final	0	prompt_without	42	41	-0.6637599070866903	-2.057447486453586	-2.0207662052578397	0.03668128119574643	0.026319586784585878	0.026319586784585878
not	0	155	130	attn	9	utterance_final	0	prompt_without	70	69	-0.6468315124511719	-1.6258811950683594	-1.6422906603131975	-0.016409465244838106	-0.016760605244232816	0.0
not	0	162	271	attn	9	utterance_final	0	prompt_without	39	38	-1.1560872395833333	-2.4831339518229165	-2.1551920572916665	0.32794189453125	0.24712159075229584	0.24712159075229584
not	0	164	22	attn	9	utterance_final	0	prompt_without	48	47	-0.7339491844177246	-2.6290283203125	-2.63665771484375	-0.00762939453125	-0.004025897592739696	0.0
not	0	139	42	attn	10	utterance_final	0	prompt_without	42	41	-0.6637599070866903	-2.057447486453586	-2.0678697692023382	-0.01042228274875212	-0.007478205950207725	0.0
not	0	155	130	attn	10	utterance_final	0	prompt_without	70	69	-0.6468315124511719	-1.6258811950683594	-1.6207853044782365	0.005095890590122831	0.00520493564381793	0.00520493564381793
not	0	162	271	attn	10	utterance_final	0	prompt_without	39	38	-1.1560872395833333	-2.4831339518229165	-2.4641316731770835	0.019002278645833037	0.014319223634384311	0.014319223634384311
not	0	164	22	attn	10	utterance_final	0	prompt_without	48	47	-0.7339491844177246	-2.6290283203125	-2.4998779296875	0.129150390625	0.06815039444989758	0.06815039444989758
not	0	139	42	attn	11	utterance_final	0	prompt_without	42	41	-0.6637599070866903	-2.057447486453586	-2.0668715900845	-0.009424103630913727	-0.0067619915470544505	0.0
not	0	155	130	attn	11	utterance_final	0	prompt_without	70	69	-0.6468315124511719	-1.6258811950683594	-1.6237662179129464	0.002114977155412978	0.002160234759240449	0.002160234759240449
not	0	162	271	attn	11	utterance_final	0	prompt_without	39	38	-1.1560872395833333	-2.4831339518229165	-2.2595418294270835	0.22359212239583304	0.1684885093596208	0.1684885093596208
not	0	164	22	attn	11	utterance_final	0	prompt_without	48	47	-0.7339491844177246	-2.6290283203125	-2.58514404296875	0.04388427734375	0.023156962953438734	0.023156962953438734
not	0	139	42	attn	12	utterance_final	0	prompt_without	42	41	-0.6637599070866903	-2.057447486453586	-1.9800493717193604	0.07739811473422575	0.05553476681580606	0.05553476681580606
not	0	155	130	attn	12	utterance_final	0	prompt_without	70	69	-0.6468315124511719	-1.6258811950683594	-1.5674544743129186	0.05842672075544075	0.05967697226483433	0.05967697226483433
not	0	162	271	attn	12	utterance_final	0	prompt_without	39	38	-1.1560872395833333	-2.4831339518229165	-2.0673421223958335	0.41579182942708304	0.3133211706808528	0.3133211706808528
not	0	164	22	attn	12	utterance_final	0	prompt_without	48	47	-0.7339491844177246	-2.6290283203125	-2.5587158203125	0.0703125	0.03710267221468904	0.03710267221468904
not	0	139	42	attn	13	utterance_final	0	prompt_without	42	41	-0.6637599070866903	-2.057447486453586	-2.0381049580044217	0.019342528449164398	0.013878668889300888	0.013878668889300888
not	0	155	130	attn	13	utterance_final	0	prompt_without	70	69	-0.6468315124511719	-1.6258811950683594	-1.6164300101143974	0.009451184953962022	0.009653427320151101	0.009653427320151101
not	0	162	271	attn	13	utterance_final	0	prompt_without	39	38	-1.1560872395833333	-2.4831339518229165	-2.2802734375	0.20286051432291652	0.15286614438806007	0.15286614438806007
not	0	164	22	attn	13	utterance_final	0	prompt_without	48	47	-0.7339491844177246	-2.6290283203125	-2.53985595703125	0.08917236328125	0.04705469106394157	0.04705469106394157
not	0	139	42	attn	14	utterance_final	0	prompt_without	42	41	-0.6637599070866903	-2.057447486453586	-2.04513947168986	0.012308014763726227	0.00883125812839441	0.00883125812839441
not	0	155	130	attn	14	utterance_final	0	prompt_without	70	69	-0.6468315124511719	-1.6258811950683594	-1.612405776977539	0.013475418090820312	0.013763773514330689	0.013763773514330689
not	0	162	271	attn	14	utterance_final	0	prompt_without	39	38	-1.1560872395833333	-2.4831339518229165	-2.4627278645833335	0.020406087239583037	0.015377067778680385	0.015377067778680385
not	0	164	22	attn	14	utterance_final	0	prompt_without	48	47	-0.7339491844177246	-2.6290283203125	-2.61419677734375	0.01483154296875	0.00782634492028597	0.00782634492028597
not	0	139	42	attn	15	utterance_final	0	prompt_without	42	41	-0.6637599070866903	-2.057447486453586	-2.048116127649943	0.00933135880364322	0.006695445192876107	0.006695445192876107
not	0	155	130	attn	15	utterance_final	0	prompt_without	70	69	-0.6468315124511719	-1.6258811950683594	-1.6272920880998885	-0.0014108930315290813	-0.0014410842029563748	0.0
not	0	162	271	attn	15	utterance_final	0	prompt_without	39	38	-1.1560872395833333	-2.4831339518229165	-2.4987996419270835	-0.015665690104166963	-0.011804927407362206	0.0
not	0	164	22	attn	15	utterance_final	0	prompt_without	48	47	-0.7339491844177246	-2.6290283203125	-2.62640380859375	0.00262451171875	0.0013849087719024556	0.0013849087719024556
not	0	139	42	attn	16	utterance_final	0	prompt_without	42	41	-0.6637599070866903	-2.057447486453586	-2.0460436873965793	0.011403799057006836	0.008182464438828672	0.008182464438828672
not	0	155	130	attn	16	utterance_final	0	prompt_without	70	69	-0.6468315124511719	-1.6258811950683594	-1.6276953560965401	-0.0018141610281807719	-0.001852981580394543	0.0
not	0	162	271	attn	16	utterance_final	0	prompt_without	39	38	-1.1560872395833333	-2.4831339518229165	-2.4821573893229165	0.0009765625	0.000735891578640747	0.000735891578640747
not	0	164	22	attn	16	utterance_final	0	prompt_without	48	47	-0.7339491844177246	-2.6290283203125	-2.62701416015625	0.00201416015625	0.0010628369644832799	0.0010628369644832799
not	0	139	42	attn	17	utterance_final	0	prompt_without	42	41	-0.6637599070866903	-2.057447486453586	-2.053887022866143	0.003560463587442886	0.002554707123859339	0.002554707123859339
not	0	155	130	attn	17	utterance_final	0	prompt_without	70	69	-0.6468315124511719	-1.6258811950683594	-1.6246812002999442	0.0011999947684151469	0.0012256730069176171	0.0012256730069176171
not	0	162	271	attn	17	utterance_final	0	prompt_without	39	38	-1.1560872395833333	-2.4831339518229165	-2.4871622721354165	-0.0040283203125	-0.003035552761893081	0.0
not	0	164	22	attn	17	utterance_final	0	prompt_without	48	47	-0.7339491844177246	-2.6290283203125	-2.625732421875	0.0032958984375	0.0017391877600635489	0.0017391877600635489
not	0	139	42	attn	18	utterance_final	0	prompt_without	42	41	-0.6637599070866903	-2.057447486453586	-2.0569358931647406	0.0005115932888455355	0.0003670788894293904	0.0003670788894293904
not	0	155	130	attn	18	utterance_final	0	prompt_without	70	69	-0.6468315124511719	-1.6258811950683594	-1.6255149841308594	0.0003662109375	0.0003740473481601546	0.0003740473481601546
not	0	162	271	attn	18	utterance_final	0	prompt_without	39	38	-1.1560872395833333	-2.4831339518229165	-2.4815470377604165	0.0015869140625	0.0011958238152912138	0.0011958238152912138
not	0	164	22	attn	18	utterance_final	0	prompt_without	48	47	-0.7339491844177246	-2.6290283203125	-2.62640380859375	0.00262451171875	0.0013849087719024556	0.0013849087719024556
not	0	139	42	attn	19	utterance_final	0	prompt_without	42	41	-0.6637599070866903	-2.057447486453586	-2.0539778073628745	0.003469679090711608	0.00248956734786125	0.00248956734786125
not	0	155	130	attn	19	utterance_final	0	prompt_without	70	69	-0.6468315124511719	-1.6258811950683594	-1.6254986354282923	0.00038255964006705945	0.00039074589048883015	0.00039074589048883015
not	0	162	271	attn	19	utterance_final	0	prompt_without	39	38	-1.1560872395833333	-2.4831339518229165	-2.4807332356770835	0.0024007161458330373	0.0018090667974916131	0.0018090667974916131
not	0	164	22	attn	19	utterance_final	0	prompt_without	48	47	-0.7339491844177246	-2.6290283203125	-2.628662109375	0.0003662109375	0.00019324308445150542	0.00019324308445150542
not	0	139	42	attn	20	utterance_final	0	prompt_without	42	41	-0.6637599070866903	-2.057447486453586	-2.0570914480421276	0.00035603841145848136	0.00025546501004207657	0.00025546501004207657
not	0	155	130	attn	20	utterance_final	0	prompt_without	70	69	-0.6468315124511719	-1.6258811950683594	-1.6248811994280135	0.0009999956403459187	0.0010213941724313098	0.0010213941724313098
not	0	162	271	attn	20	utterance_final	0	prompt_without	39	38	-1.1560872395833333	-2.4831339518229165	-2.48187255859375	0.0012613932291665186	0.0009505266224108533	0.0009505266224108533
not	0	164	22	attn	20	utterance_final	0	prompt_without	48	47	-0.7339491844177246	-2.6290283203125	-2.62847900390625	0.00054931640625	0.00028986462667725813	0.00028986462667725813
not	0	139	42	attn	21	utterance_final	0	prompt_without	42	41	-0.6637599070866903	-2.057447486453586	-2.056011093987359	0.0014363924662270655	0.0010306416498879678	0.0010306416498879678
not	0	155	130	attn	21	utterance_final	0	prompt_without	70	69	-0.6468315124511719	-1.6258811950683594	-1.6259610312325614	-7.983616420204065e-05	-8.154454837125658e-05	0.0
not	0	162	271	attn	21	utterance_final	0	prompt_without	39	38	-1.1560872395833333	-2.4831339518229165	-2.4815470377604165	0.0015869140625	0.0011958238152912138	0.0011958238152912138
not	0	164	22	attn	21	utterance_final	0	prompt_without	48	47	-0.7339491844177246	-2.6290283203125	-2.6295166015625	-0.00048828125	-0.0002576574459353406	0.0
not	0	139	42	attn	22	utterance_final	0	prompt_without	42	41	-0.6637599070866903	-2.057447486453586	-2.0575217405954995	-7.425414191342128e-05	-5.327890053174785e-05	0.0
not	0	155	130	attn	22	utterance_final	0	prompt_without	70	69	-0.6468315124511719	-1.6258811950683594	-1.6262852805001395	-0.00040408543178016565	-0.0004127323045547268	0.0
not	0	162	271	attn	22	utterance_final	0	prompt_without	39	38	-1.1560872395833333	-2.4831339518229165	-2.4831339518229165	0.0	0.0	0.0
not	0	164	22	attn	22	utterance_final	0	prompt_without	48	47	-0.7339491844177246	-2.6290283203125	-2.62939453125	-0.0003662109375	-0.00019324308445150542	0.0
not	0	139	42	attn	23	utterance_final	0	prompt_without	42	41	-0.6637599070866903	-2.057447486453586	-2.057763655980428	-0.00031616952684210275	-0.00022685825110512048	0.0
not	0	155	130	attn	23	utterance_final	0	prompt_without	70	69	-0.6468315124511719	-1.6258811950683594	-1.6265196119035994	-0.0006384168352400188	-0.0006520780779310486	0.0
not	0	162	271	attn	23	utterance_final	0	prompt_without	39	38	-1.1560872395833333	-2.4831339518229165	-2.4826456705729165	0.00048828125	0.0003679457893203735	0.0003679457893203735
not	0	164	22	attn	23	utterance_final	0	prompt_without	48	47	-0.7339491844177246	-2.6290283203125	-2.62896728515625	6.103515625e-05	3.220718074191757e-05	3.220718074191757e-05
not	0	139	42	attn	24	utterance_final	0	prompt_without	42	41	-0.6637599070866903	-2.057447486453586	-2.056994332207574	0.00045315424601222176	0.00032514765340599085	0.00032514765340599085
not	0	155	130	attn	24	utterance_final	0	prompt_without	70	69	-0.6468315124511719	-1.6258811950683594	-1.626138687133789	-0.0002574920654296875	-0.0002630020416751087	0.0
not	0	162	271	attn	24	utterance_final	0	prompt_without	39	38	-1.1560872395833333	-2.4831339518229165	-2.4831339518229165	0.0	0.0	0.0
not	0	164	22	attn	24	utterance_final	0	prompt_without	48	47	-0.7339491844177246	-2.6290283203125	-2.63006591796875	-0.00103759765625	-0.0005475220726125987	0.0
not	0	139	42	attn	25	utterance_final	0	prompt_without	42	41	-0.6637599070866903	-2.057447486453586	-2.0567663775549994	0.0006811088985867464	0.0004887098863980339	0.0004887098863980339
not	0	155	130	attn	25	utterance_final	0	prompt_without	70	69	-0.6468315124511719	-1.6258811950683594	-1.626098905290876	-0.00021771022251670935	-0.00022236892200886904	0.0
not	0	162	271	attn	25	utterance_final	0	prompt_without	39	38	-1.1560872395833333	-2.4831339518229165	-2.4831339518229165	0.0	0.0	0.0
not	0	164	22	attn	25	utterance_final	0	prompt_without	48	47	-0.7339491844177246	-2.6290283203125	-2.6279296875	0.0010986328125	0.0005797292533545163	0.0005797292533545163
not	0	139	42	attn	26	utterance_final	0	prompt_without	42	41	-0.6637599070866903	-2.057447486453586	-2.0562327173021107	0.0012147691514754477	0.0008716222842620694	0.0008716222842620694
not	0	155	130	attn	26	utterance_final	0	prompt_without	70	69	-0.6468315124511719	-1.6258811950683594	-1.626295907156808	-0.00041471208844856555	-0.00042358635706817314	0.0
not	0	162	271	attn	26	utterance_final	0	prompt_without	39	38	-1.1560872395833333	-2.4831339518229165	-2.4831339518229165	0.0	0.0	0.0
not	0	164	22	attn	26	utterance_final	0	prompt_without	48	47	-0.7339491844177246	-2.6290283203125	-2.62786865234375	0.00115966796875	0.0006119364340964338	0.0006119364340964338
not	0	139	42	attn	27	utterance_final	0	prompt_without	42	41	-0.6637599070866903	-2.057447486453586	-2.0572037961747913	0.00024369027879478367	0.0001748528740605436	0.0001748528740605436
not	0	155	130	attn	27	utterance_final	0	prompt_without	70	69	-0.6468315124511719	-1.6258811950683594	-1.6264324188232422	-0.0005512237548828125	-0.0005630191855118994	0.0
not	0	162	271	attn	27	utterance_final	0	prompt_without	39	38	-1.1560872395833333	-2.4831339518229165	-2.4870402018229165	-0.00390625	-0.002943566314562988	0.0
not	0	164	22	attn	27	utterance_final	0	prompt_without	48	47	-0.7339491844177246	-2.6290283203125	-2.625732421875	0.0032958984375	0.0017391877600635489	0.0017391877600635489
not	0	139	42	attn	28	utterance_final	0	prompt_without	42	41	-0.6637599070866903	-2.057447486453586	-2.056806961695353	0.0006405247582330631	0.0004595899165034042	0.0004595899165034042
not	0	155	130	attn	28	utterance_final	0	prompt_without	70	69	-0.6468315124511719	-1.6258811950683594	-1.6258444104875838	3.67845807756062e-05	3.7571720239236446e-05	3.7571720239236446e-05
not	0	162	271	attn	28	utterance_final	0	prompt_without	39	38	-1.1560872395833333	-2.4831339518229165	-2.4831339518229165	0.0	0.0	0.0
not	0	164	22	attn	28	utterance_final	0	prompt_without	48	47	-0.7339491844177246	-2.6290283203125	-2.626953125	0.0020751953125	0.0010950441452251974	0.0010950441452251974
not	0	139	42	attn	29	utterance_final	0	prompt_without	42	41	-0.6637599070866903	-2.057447486453586	-2.056443797217475	0.0010036892361111605	0.0007201680283088279	0.0007201680283088279
not	0	155	130	attn	29	utterance_final	0	prompt_without	70	69	-0.6468315124511719	-1.6258811950683594	-1.6263563973563058	-0.00047520228794639685	-0.0004853709636839777	0.0
not	0	162	271	attn	29	utterance_final	0	prompt_without	39	38	-1.1560872395833333	-2.4831339518229165	-2.4831339518229165	0.0	0.0	0.0
not	0	164	22	attn	29	utterance_final	0	prompt_without	48	47	-0.7339491844177246	-2.6290283203125	-2.6280517578125	0.0009765625	0.0005153148918706812	0.0005153148918706812
not	0	139	42	attn	30	utterance_final	0	prompt_without	42	41	-0.6637599070866903	-2.057447486453586	-2.057176219092475	0.00027126736111116045	0.00019464000765106042	0.00019464000765106042
not	0	155	130	attn	30	utterance_final	0	prompt_without	70	69	-0.6468315124511719	-1.6258811950683594	-1.6262321472167969	-0.0003509521484375	-0.00035846204198681483	0.0
not	0	162	271	attn	30	utterance_final	0	prompt_without	39	38	-1.1560872395833333	-2.4831339518229165	-2.4831339518229165	0.0	0.0	0.0
not	0	164	22	attn	30	utterance_final	0	prompt_without	48	47	-0.7339491844177246	-2.6290283203125	-2.628662109375	0.0003662109375	0.00019324308445150542	0.00019324308445150542
not	0	139	42	attn	31	utterance_final	0	prompt_without	42	41	-0.6637599070866903	-2.057447486453586	-2.057447486453586	0.0	0.0	0.0
not	0	155	130	attn	31	utterance_final	0	prompt_without	70	69	-0.6468315124511719	-1.6258811950683594	-1.6258811950683594	0.0	0.0	0.0
not	0	162	271	attn	31	utterance_final	0	prompt_without	39	38	-1.1560872395833333	-2.4831339518229165	-2.4831339518229165	0.0	0.0	0.0
not	0	164	22	attn	31	utterance_final	0	prompt_without	48	47	-0.7339491844177246	-2.6290283203125	-2.6290283203125	0.0	0.0	0.0
not	0	165	14	attn	0	utterance_final	0	prompt_without	31	30	-0.5720734066433377	-2.722314715385437	-2.72365579340193	-0.0013410780164928582	-0.000623687216425674	0.0
not	0	170	0	attn	0	utterance_final	0	prompt_without	28	27	-0.5607280386121649	-2.5154595312319303	-2.515834933833072	-0.00037540260114177215	-0.00019204816751514604	0.0
not	0	176	148	attn	0	utterance_final	0	prompt_without	45	44	-0.4451634016903964	-1.3702142708229297	-1.359144308350303	0.011069962472626704	0.01196686889555335	0.01196686889555335
not	0	177	158	attn	0	utterance_final	0	prompt_without	39	38	-0.7613577842712402	-1.6281150132417679	-1.6215804144740105	0.006534598767757416	0.007539133853569062	0.007539133853569062
not	0	165	14	attn	1	utterance_final	0	prompt_without	31	30	-0.5720734066433377	-2.722314715385437	-2.7241150670581393	-0.001800351672702316	-0.000837278897667318	0.0
not	0	170	0	attn	1	utterance_final	0	prompt_without	28	27	-0.5607280386121649	-2.5154595312319303	-2.5082121961995174	0.007247335032412927	0.003707585957342879	0.003707585957342879
not	0	176	148	attn	1	utterance_final	0	prompt_without	45	44	-0.4451634016903964	-1.3702142708229297	-1.2858678861097856	0.08434638471314404	0.09118026643468796	0.09118026643468796
not	0	177	158	attn	1	utterance_final	0	prompt_without	39	38	-0.7613577842712402	-1.6281150132417679	-1.3178109154105186	0.31030409783124924	0.35800578000348066	0.35800578000348066
not	0	165	14	attn	2	utterance_final	0	prompt_without	31	30	-0.5720734066433377	-2.722314715385437	-2.70696402920617	0.015350686179266937	0.007139052773684809	0.007139052773684809
not	0	170	0	attn	2	utterance_final	0	prompt_without	28	27	-0.5607280386121649	-2.5154595312319303	-2.526535002808822	-0.011075471576891704	-0.005665981040725017	0.0
not	0	176	148	attn	2	utterance_final	0	prompt_without	45	44	-0.4451634016903964	-1.3702142708229297	-1.3493757609165076	0.02083850990642211	0.02252687998224728	0.02252687998224728
not	0	177	158	attn	2	utterance_final	0	prompt_without	39	38	-0.7613577842712402	-1.6281150132417679	-1.5202014073729515	0.10791360586881638	0.12450268917513206	0.12450268917513206
not	0	165	14	attn	3	utterance_final	0	prompt_without	31	30	-0.5720734066433377	-2.722314715385437	-2.6984172927008734	0.02389742268456363	0.011113832939310299	0.011113832939310299
not	0	170	0	attn	3	utterance_final	0	prompt_without	28	27	-0.5607280386121649	-2.5154595312319303	-2.3978288518755058	0.11763067935642457	0.06017741045281563	0.06017741045281563
not	0	176	148	attn	3	utterance_final	0	prompt_without	45	44	-0.4451634016903964	-1.3702142708229297	-0.7678156693776449	0.6023986014452848	0.6512059190973836	0.6512059190973836
not	0	177	158	attn	3	utterance_final	0	prompt_without	39	38	-0.7613577842712402	-1.6281150132417679	-0.952342763543129	0.6757722496986389	0.7796557410905853	0.7796557410905853
not	0	165	14	attn	4	utterance_final	0	prompt_without	31	30	-0.5720734066433377	-2.722314715385437	-2.7206638786527844	0.0016508367326526496	0.0007677448693506853	0.0007677448693506853
not	0	170	0	attn	4	utterance_final	0	prompt_without	28	27	-0.5607280386121649	-2.5154595312319303	-2.5556000471115112	-0.040140515879580896	-0.02053505355141328	0.0
not	0	176	148	attn	4	utterance_final	0	prompt_without	45	44	-0.4451634016903964	-1.3702142708229297	-1.1252365509668987	0.244977719856031	0.26482621446078847	0.26482621446078847
not	0	177	158	attn	4	utterance_final	0	prompt_without	39	38	-0.7613577842712402	-1.6281150132417679	-1.3871987089514732	0.24091630429029465	0.27795130659185596	0.27795130659185596
not	0	165	14	attn	5	utterance_final	0	prompt_without	31	30	-0.5720734066433377	-2.722314715385437	-2.706759148173862	0.015555567211575028	0.007234335582863071	0.007234335582863071
not	0	170	0	attn	5	utterance_final	0	prompt_without	28	27	-0.5607280386121649	-2.5154595312319303	-2.4887071722432186	0.026752358988711755	0.01368595077621519	0.01368595077621519
not	0	176	148	attn	5	utterance_final	0	prompt_without	45	44	-0.4451634016903964	-1.3702142708229297	-0.9110834020556826	0.45913086876724707	0.49633040094086633	0.49633040094086633
not	0	177	158	attn	5	utterance_final	0	prompt_without	39	38	-0.7613577842712402	-1.6281150132417679	-1.5378289297223091	0.09028608351945877	0.10416536545843885	0.10416536545843885
not	0	165	14	attn	6	utterance_final	0	prompt_without	31	30	-0.5720734066433377	-2.722314715385437	-2.610799921883477	0.11151479350195981	0.05186152505236562	0.05186152505236562
not	0	170	0	attn	6	utterance_final	0	prompt_without	28	27	-0.5607280386121649	-2.5154595312319303	-1.9611455547182184	0.554313976513712	0.28357550825091105	0.28357550825091105
not	0	176	148	attn	6	utterance_final	0	prompt_without	45	44	-0.4451634016903964	-1.3702142708229297	-0.6919243191227769	0.6782899517001528	0.7332461103854964	0.7332461103854964
not	0	177	158	attn	6	utterance_final	0	prompt_without	39	38	-0.7613577842712402	-1.6281150132417679	-0.9389280304312706	0.6891869828104973	0.7951326620362479	0.7951326620362479
not	0	165	14	attn	7	utterance_final	0	prompt_without	31	30	-0.5720734066433377	-2.722314715385437	-2.5741554896036782	0.14815922578175877	0.0689035343053811	0.0689035343053811
not	0	170	0	attn	7	utterance_final	0	prompt_without	28	27	-0.5607280386121649	-2.5154595312319303	-2.267215421325282	0.24824410990664836	0.12699652655309054	0.12699652655309054
not	0	176	148	attn	7	utterance_final	0	prompt_without	45	44	-0.4451634016903964	-1.3702142708229297	-1.0495902227632927	0.32062404805963696	0.3466015316112316	0.3466015316112316
not	0	177	158	attn	7	utterance_final	0	prompt_without	39	38	-0.7613577842712402	-1.6281150132417679	-1.545484445989132	0.08263056725263596	0.09533300039594553	0.09533300039594553
not	0	165	14	attn	8	utterance_final	0	prompt_without	31	30	-0.5720734066433377	-2.722314715385437	-2.6722159915500217	0.05009872383541536	0.023299117002232337	0.023299117002232337
not	0	170	0	attn	8	utterance_final	0	prompt_without	28	27	-0.5607280386121649	-2.5154595312319303	-2.4706422592464246	0.04481727198550578	0.022927584762775212	0.022927584762775212
not	0	176	148	attn	8	utterance_final	0	prompt_without	45	44	-0.4451634016903964	-1.3702142708229297	-1.340026375019189	0.030187895803740705	0.03263376838081285	0.03263376838081285
not	0	177	158	attn	8	utterance_final	0	prompt_without	39	38	-0.7613577842712402	-1.6281150132417679	-1.6376491710543633	-0.009534157812595367	-0.010999801898300127	0.0
not	0	165	14	attn	9	utterance_final	0	prompt_without	31	30	-0.5720734066433377	-2.722314715385437	-2.634959406322903	0.08735530906253386	0.04062581660364301	0.04062581660364301
not	0	170	0	attn	9	utterance_final	0	prompt_without	28	27	-0.5607280386121649	-2.5154595312319303	-2.4743641238463554	0.041095407385574934	0.021023556197223868	0.021023556197223868
not	0	176	148	attn	9	utterance_final	0	prompt_without	45	44	-0.4451634016903964	-1.3702142708229297	-1.29360780210206	0.07660646872086962	0.08281324981912332	0.08281324981912332
not	0	177	158	attn	9	utterance_final	0	prompt_without	39	38	-0.7613577842712402	-1.6281150132417679	-1.541215218603611	0.08689979463815689	0.10025851730290183	0.10025851730290183
not	0	165	14	attn	10	utterance_final	0	prompt_without	31	30	-0.5720734066433377	-2.722314715385437	-2.5432546271218195	0.17906008826361752	0.08327441554379238	0.08327441554379238
not	0	170	0	attn	10	utterance_final	0	prompt_without	28	27	-0.5607280386121649	-2.5154595312319303	-2.4493823302419564	0.06607720098997394	0.033803722526317984	0.033803722526317984
not	0	176	148	attn	10	utterance_final	0	prompt_without	45	44	-0.4451634016903964	-1.3702142708229297	-1.3121628002686934	0.05805147055423632	0.06275489542393935	0.06275489542393935
not	0	177	158	attn	10	utterance_final	0	prompt_without	39	38	-0.7613577842712402	-1.6281150132417679	-1.4936359152197838	0.1344790980219841	0.15515197742476144	0.15515197742476144
not	0	165	14	attn	11	utterance_final	0	prompt_without	31	30	-0.5720734066433377	-2.722314715385437	-2.62483541170756	0.09747930367787694	0.04533412286405323	0.04533412286405323
not	0	170	0	attn	11	utterance_final	0	prompt_without	28	27	-0.5607280386121649	-2.5154595312319303	-2.4968607111981043	0.01859882003382607	0.009514769728756764	0.009514769728756764
not	0	176	148	attn	11	utterance_final	0	prompt_without	45	44	-0.4451634016903964	-1.3702142708229297	-1.3777229533050999	-0.007508682482170181	-0.00811704818915683	0.0
not	0	177	158	attn	11	utterance_final	0	prompt_without	39	38	-0.7613577842712402	-1.6281150132417679	-1.6415896490216255	-0.013474635779857635	-0.015546032186961793	0.0
not	0	165	14	attn	12	utterance_final	0	prompt_without	31	30	-0.5720734066433377	-2.722314715385437	-2.714732567469279	0.007582147916158188	0.0035261846590575355	0.0035261846590575355
not	0	170	0	attn	12	utterance_final	0	prompt_without	28	27	-0.5607280386121649	-2.5154595312319303	-2.459005926784716	0.05645360444721437	0.028880490573953078	0.028880490573953078
not	0	176	148	attn	12	utterance_final	0	prompt_without	45	44	-0.4451634016903964	-1.3702142708229297	-1.1861650618639858	0.18404920895894383	0.1989611761908143	0.1989611761908143
not	0	177	158	attn	12	utterance_final	0	prompt_without	39	38	-0.7613577842712402	-1.6281150132417679	-1.6576496809720993	-0.02953466773033142	-0.03407490211002981	0.0
not	0	165	14	attn	13	utterance_final	0	prompt_without	31	30	-0.5720734066433377	-2.722314715385437	-2.7094390392303467	0.012875676155090332	0.005988014509228576	0.005988014509228576
not	0	170	0	attn	13	utterance_final	0	prompt_without	28	27	-0.5607280386121649	-2.5154595312319303	-2.525820255279541	-0.010360724047610681	-0.005300331061697409	0.0
not	0	176	148	attn	13	utterance_final	0	prompt_without	45	44	-0.4451634016903964	-1.3702142708229297	-1.3497247659798823	0.020489504843047346	0.02214959795914941	0.02214959795914941
not	0	177	158	attn	13	utterance_final	0	prompt_without	39	38	-0.7613577842712402	-1.6281150132417679	-1.5917023867368698	0.03641262650489807	0.04201017919186713	0.04201017919186713
not	0	165	14	attn	14	utterance_final	0	prompt_without	31	30	-0.5720734066433377	-2.722314715385437	-2.694816059536404	0.027498655849032883	0.012788637134461768	0.012788637134461768
not	0	170	0	attn	14	utterance_final	0	prompt_without	28	27	-0.5607280386121649	-2.5154595312319303	-2.5261336815984627	-0.010674150366532409	-0.0054606734514860275	0.0
not	0	176	148	attn	14	utterance_final	0	prompt_without	45	44	-0.4451634016903964	-1.3702142708229297	-1.3669378107244319	0.003276460098497802	0.003541924242036877	0.003541924242036877
not	0	177	158	attn	14	utterance_final	0	prompt_without	39	38	-0.7613577842712402	-1.6281150132417679	-1.6545662134885788	-0.026451200246810913	-0.030517426751926556	0.0
not	0	165	14	attn	15	utterance_final	0	prompt_without	31	30	-0.5720734066433377	-2.722314715385437	-2.733574218220181	-0.011259502834743973	-0.0052363903478958055	0.0
not	0	170	0	attn	15	utterance_final	0	prompt_without	28	27	-0.5607280386121649	-2.5154595312319303	-2.519478628509923	-0.004019097277992767	-0.0020560866252818705	0.0
not	0	176	148	attn	15	utterance_final	0	prompt_without	45	44	-0.4451634016903964	-1.3702142708229297	-1.3659440098386821	0.0042702609842475425	0.004616244497183146	0.004616244497183146
not	0	177	158	attn	15	utterance_final	0	prompt_without	39	38	-0.7613577842712402	-1.6281150132417679	-1.6156362369656563	0.012478776276111603	0.014397083588138055	0.014397083588138055
not	0	165	14	attn	16	utterance_final	0	prompt_without	31	30	-0.5720734066433377	-2.722314715385437	-2.718828943040636	0.0034857723448009637	0.0016211075150631144	0.0016211075150631144
not	0	170	0	attn	16	utterance_final	0	prompt_without	28	27	-0.5607280386121649	-2.5154595312319303	-2.517138826219659	-0.0016792949877286745	-0.0008590924094019961	0.0
not	0	176	148	attn	16	utterance_final	0	prompt_without	45	44	-0.4451634016903964	-1.3702142708229297	-1.3634690046310425	0.0067452661918872	0.007291778665331752	0.007291778665331752
not	0	177	158	attn	16	utterance_final	0	prompt_without	39	38	-0.7613577842712402	-1.6281150132417679	-1.6355955749750137	-0.00748056173324585	-0.00863051553908668	0.0
not	0	165	14	attn	17	utterance_final	0	prompt_without	31	30	-0.5720734066433377	-2.722314715385437	-2.719909773932563	0.0024049414528741764	0.0011184518886771262	0.0011184518886771262
not	0	170	0	attn	17	utterance_final	0	prompt_without	28	27	-0.5607280386121649	-2.5154595312319303	-2.5144001747432507	0.001059356488679608	0.0005419447595126428	0.0005419447595126428
not	0	176	148	attn	17	utterance_final	0	prompt_without	45	44	-0.4451634016903964	-1.3702142708229297	-1.3697262713403413	0.0004879994825883749	0.0005275379969600986	0.0005275379969600986
not	0	177	158	attn	17	utterance_final	0	prompt_without	39	38	-0.7613577842712402	-1.6281150132417679	-1.6276723891496658	0.0004426240921020508	0.0005106667441675313	0.0005106667441675313
not	0	165	14	attn	18	utterance_final	0	prompt_without	31	30	-0.5720734066433377	-2.722314715385437	-2.717590424749586	0.004724290635850892	0.0021970978869411744	0.0021970978869411744
not	0	170	0	attn	18	utterance_final	0	prompt_without	28	27	-0.5607280386121649	-2.5154595312319303	-2.5164474437111304	-0.0009879124792000482	-0.0005053954893191139	0.0
not	0	176	148	attn	18	utterance_final	0	prompt_without	45	44	-0.4451634016903964	-1.3702142708229297	-1.3701898509805852	2.44198423444697e-05	2.6398377818259243e-05	2.6398377818259243e-05
not	0	177	158	attn	18	utterance_final	0	prompt_without	39	38	-0.7613577842712402	-1.6281150132417679	-1.6302359774708748	-0.002120964229106903	-0.0024470107178985205	0.0
not	0	165	14	attn	19	utterance_final	0	prompt_without	31	30	-0.5720734066433377	-2.722314715385437	-2.7236189312405057	-0.00130421585506868	-0.0006065439491680365	0.0
not	0	170	0	attn	19	utterance_final	0	prompt_without	28	27	-0.5607280386121649	-2.5154595312319303	-2.5166568316911397	-0.001197300459209405	-0.0006125140274917052	0.0
not	0	176	148	attn	19	utterance_final	0	prompt_without	45	44	-0.4451634016903964	-1.3702142708229297	-1.3697154558066167	0.0004988150163129923	0.0005392298228753152	0.0005392298228753152
not	0	177	158	attn	19	utterance_final	0	prompt_without	39	38	-0.7613577842712402	-1.6281150132417679	-1.629606544971466	-0.0014915317296981812	-0.0017208183327985808	0.0
not	0	165	14	attn	20	utterance_final	0	prompt_without	31	30	-0.5720734066433377	-2.722314715385437	-2.725199474228753	-0.002884758843316071	-0.0013415977228172905	0.0
not	0	170	0	attn	20	utterance_final	0	prompt_without	28	27	-0.5607280386121649	-2.5154595312319303	-2.5169329705991244	-0.0014734393671940182	-0.0007537809529119976	0.0
not	0	176	148	attn	20	utterance_final	0	prompt_without	45	44	-0.4451634016903964	-1.3702142708229297	-1.3702368555646953	-2.258474176564107e-05	-2.441459439611134e-05	0.0
not	0	177	158	attn	20	utterance_final	0	prompt_without	39	38	-0.7613577842712402	-1.6281150132417679	-1.6298545151948929	-0.001739501953125	-0.0020069079264456277	0.0
not	0	165	14	attn	21	utterance_final	0	prompt_without	31	30	-0.5720734066433377	-2.722314715385437	-2.7232291830910578	-0.0009144677056207584	-0.0004252860838934055	0.0
not	0	170	0	attn	21	utterance_final	0	prompt_without	28	27	-0.5607280386121649	-2.5154595312319303	-2.515759330046804	-0.00029979881487385285	-0.00015337084198303739	0.0
not	0	176	148	attn	21	utterance_final	0	prompt_without	45	44	-0.4451634016903964	-1.3702142708229297	-1.3706540736285122	-0.00043980280558253426	-0.00047543634653839036	0.0
not	0	177	158	attn	21	utterance_final	0	prompt_without	39	38	-0.7613577842712402	-1.6281150132417679	-1.627911888062954	0.00020312517881393433	0.00023435071785347773	0.00023435071785347773
not	0	165	14	attn	22	utterance_final	0	prompt_without	31	30	-0.5720734066433377	-2.722314715385437	-2.7247654596964517	-0.002450744311014663	-0.0011397531528442076	0.0
not	0	170	0	attn	22	utterance_final	0	prompt_without	28	27	-0.5607280386121649	-2.5154595312319303	-2.5179639929219295	-0.0025044616899991823	-0.0012812305421255883	0.0
not	0	176	148	attn	22	utterance_final	0	prompt_without	45	44	-0.4451634016903964	-1.3702142708229297	-1.3693029194167166	0.0009113514062131234	0.0009851905842407818	0.0009851905842407818
not	0	177	158	attn	22	utterance_final	0	prompt_without	39	38	-0.7613577842712402	-1.6281150132417679	-1.63046295940876	-0.0023479461669921875	-0.0027088855893142192	0.0
not	0	165	14	attn	23	utterance_final	0	prompt_without	31	30	-0.5720734066433377	-2.722314715385437	-2.719929681883918	0.002385033501519196	0.001109193415558764	0.001109193415558764
not	0	170	0	attn	23	utterance_final	0	prompt_without	28	27	-0.5607280386121649	-2.5154595312319303	-2.5172673652046607	-0.0018078339727303216	-0.0009248502822796551	0.0
not	0	176	148	attn	23	utterance_final	0	prompt_without	45	44	-0.4451634016903964	-1.3702142708229297	-1.3712403268525095	-0.001026056029579836	-0.0011091887633617602	0.0
not	0	177	158	attn	23	utterance_final	0	prompt_without	39	38	-0.7613577842712402	-1.6281150132417679	-1.628149352967739	-3.4339725971221924e-05	-3.961862078959318e-05	0.0
not	0	165	14	attn	24	utterance_final	0	prompt_without	31	30	-0.5720734066433377	-2.722314715385437	-2.7209522194332547	0.0013624959521822966	0.0006336479290221444	0.0006336479290221444
not	0	170	0	attn	24	utterance_final	0	prompt_without	28	27	-0.5607280386121649	-2.5154595312319303	-2.516619550554376	-0.0011600193224454713	-0.000593441772859961	0.0
not	0	176	148	attn	24	utterance_final	0	prompt_without	45	44	-0.4451634016903964	-1.3702142708229297	-1.3706909056865808	-0.0004766348636511264	-0.0005152525980523546	0.0
not	0	177	158	attn	24	utterance_final	0	prompt_without	39	38	-0.7613577842712402	-1.6281150132417679	-1.6290563344955444	-0.0009413212537765503	-0.0010860264239094775	0.0
not	0	165	14	attn	25	utterance_final	0	prompt_without	31	30	-0.5720734066433377	-2.722314715385437	-2.722525570127699	-0.00021085474226190115	-9.806096711315257e-05	0.0
not	0	170	0	attn	25	utterance_final	0	prompt_without	28	27	-0.5607280386121649	-2.5154595312319303	-2.5200907180183814	-0.004631186786451025	-0.0023692188947363954	0.0
not	0	176	148	attn	25	utterance_final	0	prompt_without	45	44	-0.4451634016903964	-1.3702142708229297	-1.3701731038816047	4.1166941324943807e-05	4.450235408518466e-05	4.450235408518466e-05
not	0	177	158	attn	25	utterance_final	0	prompt_without	39	38	-0.7613577842712402	-1.6281150132417679	-1.6298249587416649	-0.0017099454998970032	-0.0019728078898493344	0.0
not	0	165	14	attn	26	utterance_final	0	prompt_without	31	30	-0.5720734066433377	-2.722314715385437	-2.7232874631881714	-0.000972747802734375	-0.00045239006374751345	0.0
not	0	170	0	attn	26	utterance_final	0	prompt_without	28	27	-0.5607280386121649	-2.5154595312319303	-2.5161378383636475	-0.0006783071317171263	-0.0003470078290947506	0.0
not	0	176	148	attn	26	utterance_final	0	prompt_without	45	44	-0.4451634016903964	-1.3702142708229297	-1.3707849871028552	-0.0005707162799255538	-0.0006169566441905441	0.0
not	0	177	158	attn	26	utterance_final	0	prompt_without	39	38	-0.7613577842712402	-1.6281150132417679	-1.6302541196346283	-0.0021391063928604126	-0.0024679417965755997	0.0
not	0	165	14	attn	27	utterance_final	0	prompt_without	31	30	-0.5720734066433377	-2.722314715385437	-2.724105291896396	-0.001790576510959152	-0.0008327328210463259	0.0
not	0	170	0	attn	27	utterance_final	0	prompt_without	28	27	-0.5607280386121649	-2.5154595312319303	-2.5206147181360343	-0.005155186904103992	-0.002637286462906944	0.0
not	0	176	148	attn	27	utterance_final	0	prompt_without	45	44	-0.4451634016903964	-1.3702142708229297	-1.3694056633746985	0.0008086074482311911	0.0008741221431308562	0.0008741221431308562
not	0	177	158	attn	27	utterance_final	0	prompt_without	39	38	-0.7613577842712402	-1.6281150132417679	-1.6290562748908997	-0.0009412616491317749	-0.0010859576565051996	0.0
not	0	165	14	attn	28	utterance_final	0	prompt_without	31	30	-0.5720734066433377	-2.722314715385437	-2.723748419019911	-0.0014337036344738152	-0.0006667640644075144	0.0
not	0	170	0	attn	28	utterance_final	0	prompt_without	28	27	-0.5607280386121649	-2.5154595312319303	-2.5184101556476794	-0.0029506244157491146	-0.0015094781185494874	0.0
not	0	176	148	attn	28	utterance_final	0	prompt_without	45	44	-0.4451634016903964	-1.3702142708229297	-1.3714198741045864	-0.001205603281656753	-0.0013032832267779045	0.0
not	0	177	158	attn	28	utterance_final	0	prompt_without	39	38	-0.7613577842712402	-1.6281150132417679	-1.6294043958187103	-0.0012893825769424438	-0.0014875936811901533	0.0
not	0	165	14	attn	29	utterance_final	0	prompt_without	31	30	-0.5720734066433377	-2.722314715385437	-2.7233141660690308	-0.00099945068359375	-0.000464808614517053	0.0
not	0	170	0	attn	29	utterance_final	0	prompt_without	28	27	-0.5607280386121649	-2.5154595312319303	-2.5266376169104325	-0.011178085678502203	-0.0057184762821420225	0.0
not	0	176	148	attn	29	utterance_final	0	prompt_without	45	44	-0.4451634016903964	-1.3702142708229297	-1.3699985525824807	0.00021571824044896992	0.00023319608428805627	0.00023319608428805627
not	0	177	158	attn	29	utterance_final	0	prompt_without	39	38	-0.7613577842712402	-1.6281150132417679	-1.6284392476081848	-0.00032423436641693115	-0.00037407748742059364	0.0
not	0	165	14	attn	30	utterance_final	0	prompt_without	31	30	-0.5720734066433377	-2.722314715385437	-2.7223147286309137	-1.3245476715439963e-08	-6.159995467294146e-09	0.0
not	0	170	0	attn	30	utterance_final	0	prompt_without	28	27	-0.5607280386121649	-2.5154595312319303	-2.516567901561135	-0.0011083703292045222	-0.0005670192215090702	0.0
not	0	176	148	attn	30	utterance_final	0	prompt_without	45	44	-0.4451634016903964	-1.3702142708229297	-1.3709842616861516	-0.0007699908632219366	-0.0008323767793915979	0.0
not	0	177	158	attn	30	utterance_final	0	prompt_without	39	38	-0.7613577842712402	-1.6281150132417679	-1.6292136386036873	-0.001098625361919403	-0.0012675121997243355	0.0
not	0	165	14	attn	31	utterance_final	0	prompt_without	31	30	-0.5720734066433377	-2.722314715385437	-2.722314715385437	0.0	0.0	0.0
not	0	170	0	attn	31	utterance_final	0	prompt_without	28	27	-0.5607280386121649	-2.5154595312319303	-2.5154595312319303	0.0	0.0	0.0
not	0	176	148	attn	31	utterance_final	0	prompt_without	45	44	-0.4451634016903964	-1.3702142708229297	-1.3702142708229297	0.0	0.0	0.0
not	0	177	158	attn	31	utterance_final	0	prompt_without	39	38	-0.7613577842712402	-1.6281150132417679	-1.6281150132417679	0.0	0.0	0.0
not	0	178	288	attn	0	utterance_final	0	prompt_without	40	39	-0.739584059715271	-1.4574041175842285	-1.4536533212661744	0.0037507963180540838	0.005225259836273362	0.005225259836273362
not	0	178	288	attn	1	utterance_final	0	prompt_without	40	39	-0.739584059715271	-1.4574041175842285	-1.427167959213257	0.0302361583709716	0.04212219767268108	0.04212219767268108
not	0	178	288	attn	2	utterance_final	0	prompt_without	40	39	-0.739584059715271	-1.4574041175842285	-1.4361529874801635	0.021251130104064986	0.029605093743346623	0.029605093743346623
not	0	178	288	attn	3	utterance_final	0	prompt_without	40	39	-0.739584059715271	-1.4574041175842285	-1.290712628364563	0.1666914892196656	0.23221904625308779	0.23221904625308779
not	0	178	288	attn	4	utterance_final	0	prompt_without	40	39	-0.739584059715271	-1.4574041175842285	-1.3362950372695923	0.12110908031463619	0.1687178826880112	0.1687178826880112
not	0	178	288	attn	5	utterance_final	0	prompt_without	40	39	-0.739584059715271	-1.4574041175842285	-1.3752656888961792	0.08213842868804933	0.11442760311253966	0.11442760311253966
not	0	178	288	attn	6	utterance_final	0	prompt_without	40	39	-0.739584059715271	-1.4574041175842285	-1.1843383026123047	0.27306581497192384	0.3804098422417916	0.3804098422417916
not	0	178	288	attn	7	utterance_final	0	prompt_without	40	39	-0.739584059715271	-1.4574041175842285	-1.188081955909729	0.2693221616744994	0.37519453339609216	0.37519453339609216
not	0	178	288	attn	8	utterance_final	0	prompt_without	40	39	-0.739584059715271	-1.4574041175842285	-1.5233926677703857	-0.06598855018615724	-0.09192909763773117	0.0
not	0	178	288	attn	9	utterance_final	0	prompt_without	40	39	-0.739584059715271	-1.4574041175842285	-1.4157173824310303	0.04168673515319821	0.05807407399140743	0.05807407399140743
not	0	178	288	attn	10	utterance_final	0	prompt_without	40	39	-0.739584059715271	-1.4574041175842285	-1.4212475872039796	0.03615653038024891	0.05036990814604613	0.05036990814604613
not	0	178	288	attn	11	utterance_final	0	prompt_without	40	39	-0.739584059715271	-1.4574041175842285	-1.4308796977996827	0.026524419784545783	0.03695134942772521	0.03695134942772521
not	0	178	288	attn	12	utterance_final	0	prompt_without	40	39	-0.739584059715271	-1.4574041175842285	-1.3891942310333252	0.06820988655090332	0.09502365642080658	0.09502365642080658
not	0	178	288	attn	13	utterance_final	0	prompt_without	40	39	-0.739584059715271	-1.4574041175842285	-1.4285510063171387	0.02885311126708978	0.040195465354852335	0.040195465354852335
not	0	178	288	attn	14	utterance_final	0	prompt_without	40	39	-0.739584059715271	-1.4574041175842285	-1.4638388967514038	-0.006434779167175275	-0.00896433458028277	0.0
not	0	178	288	attn	15	utterance_final	0	prompt_without	40	39	-0.739584059715271	-1.4574041175842285	-1.4511266136169434	0.006277503967285103	0.008745233430675603	0.008745233430675603
not	0	178	288	attn	16	utterance_final	0	prompt_without	40	39	-0.739584059715271	-1.4574041175842285	-1.4514101219177247	0.005993995666503826	0.008350276090499086	0.008350276090499086
not	0	178	288	attn	17	utterance_final	0	prompt_without	40	39	-0.739584059715271	-1.4574041175842285	-1.4568719244003296	0.0005321931838988547	0.0007414019405905343	0.0007414019405905343
not	0	178	288	attn	18	utterance_final	0	prompt_without	40	39	-0.739584059715271	-1.4574041175842285	-1.4550750350952149	0.0023290824890136452	0.0032446606408967657	0.0032446606408967657
not	0	178	288	attn	19	utterance_final	0	prompt_without	40	39	-0.739584059715271	-1.4574041175842285	-1.457350378036499	5.3739547729581005e-05	7.48649290869934e-05	7.48649290869934e-05
not	0	178	288	attn	20	utterance_final	0	prompt_without	40	39	-0.739584059715271	-1.4574041175842285	-1.4565642547607422	0.0008398628234862482	0.0011700186060272647	0.0011700186060272647
not	0	178	288	attn	21	utterance_final	0	prompt_without	40	39	-0.739584059715271	-1.4574041175842285	-1.4570161247253417	0.0003879928588867987	0.0005405154880161195	0.0005405154880161195
not	0	178	288	attn	22	utterance_final	0	prompt_without	40	39	-0.739584059715271	-1.4574041175842285	-1.4564538478851319	0.0009502696990966175	0.0013238271746233304	0.0013238271746233304
not	0	178	288	attn	23	utterance_final	0	prompt_without	40	39	-0.739584059715271	-1.4574041175842285	-1.4565425062179564	0.0008616113662720526	0.0012003166487573199	0.0012003166487573199
not	0	178	288	attn	24	utterance_final	0	prompt_without	40	39	-0.739584059715271	-1.4574041175842285	-1.4579959774017335	-0.0005918598175049805	-0.0008245239332850019	0.0
not	0	178	288	attn	25	utterance_final	0	prompt_without	40	39	-0.739584059715271	-1.4574041175842285	-1.4568370389938354	0.0005670785903930664	0.0007900010374140173	0.0007900010374140173
not	0	178	288	attn	26	utterance_final	0	prompt_without	40	39	-0.739584059715271	-1.4574041175842285	-1.457421522140503	-1.7404556274414062e-05	-2.4246405604886806e-05	0.0
not	0	178	288	attn	27	utterance_final	0	prompt_without	40	39	-0.739584059715271	-1.4574041175842285	-1.4570958232879638	0.0003082942962646662	0.0004294868788982032	0.0004294868788982032
not	0	178	288	attn	28	utterance_final	0	prompt_without	40	39	-0.739584059715271	-1.4574041175842285	-1.4570860528945924	0.00031806468963613277	0.00044309808029103224	0.00044309808029103224
not	0	178	288	attn	29	utterance_final	0	prompt_without	40	39	-0.739584059715271	-1.4574041175842285	-1.4568524360656738	0.0005516815185546697	0.0007685512720172311	0.0007685512720172311
not	0	178	288	attn	30	utterance_final	0	prompt_without	40	39	-0.739584059715271	-1.4574041175842285	-1.4573455381393432	5.8579444885298315e-05	8.160742270034526e-05	8.160742270034526e-05
not	0	178	288	attn	31	utterance_final	0	prompt_without	40	39	-0.739584059715271	-1.4574041175842285	-1.4574041175842285	0.0	0.0	0.0
not	1	120	47	attn	0	utterance_final	0	prompt_without	107	106	-0.5985736846923828	-2.040461540222168	-2.0410890579223633	-0.0006275177001953125	-0.0004352056214279903	0.0
not	1	123	392	attn	0	utterance_final	0	prompt_without	39	38	-0.808233638604482	-1.4642622139718797	-1.4557765854729547	0.00848562849892498	0.012934845855110424	0.012934845855110424
not	1	126	147	attn	0	utterance_final	0	prompt_without	84	83	-0.4441662157996226	-1.2841449470843298	-1.2837670900053897	0.00037785707894011367	0.000449841245816069	0.000449841245816069
not	1	130	56	attn	0	utterance_final	0	prompt_without	46	45	-0.5827055225769678	-1.826221580306689	-1.8274754881858826	-0.0012539078791935498	-0.001008356805205074	0.0
not	1	120	47	attn	1	utterance_final	0	prompt_without	107	106	-0.5985736846923828	-2.040461540222168	-2.033116340637207	0.0073451995849609375	0.0050941545535537714	0.0050941545535537714
not	1	123	392	attn	1	utterance_final	0	prompt_without	39	38	-0.808233638604482	-1.4642622139718797	-1.4043634997473822	0.05989871422449755	0.09130503833762468	0.09130503833762468
not	1	126	147	attn	1	utterance_final	0	prompt_without	84	83	-0.4441662157996226	-1.2841449470843298	-1.2842490410400649	-0.00010409395573507396	-0.00012392451363127643	0.0
not	1	130	56	attn	1	utterance_final	0	prompt_without	46	45	-0.5827055225769678	-1.826221580306689	-1.834076498945554	-0.007854918638865005	-0.006316700608760676	0.0
not	1	120	47	attn	2	utterance_final	0	prompt_without	107	106	-0.5985736846923828	-2.040461540222168	-2.0296850204467773	0.010776519775390625	0.0074738959302983144	0.0074738959302983144
not	1	123	392	attn	2	utterance_final	0	prompt_without	39	38	-0.808233638604482	-1.4642622139718797	-1.4648362927966647	-0.0005740788247849959	-0.0008750820411496448	0.0
not	1	126	147	attn	2	utterance_final	0	prompt_without	84	83	-0.4441662157996226	-1.2841449470843298	-1.2839523594258195	0.00019258765851026816	0.00022927682730218012	0.00022927682730218012
not	1	130	56	attn	2	utterance_final	0	prompt_without	46	45	-0.5827055225769678	-1.826221580306689	-1.8278413067261379	-0.0016197264194488525	-0.0013025375984335708	0.0
not	1	120	47	attn	3	utterance_final	0	prompt_without	107	106	-0.5985736846923828	-2.040461540222168	-1.983245849609375	0.05721569061279297	0.03968109613612809	0.03968109613612809
not	1	123	392	attn	3	utterance_final	0	prompt_without	39	38	-0.808233638604482	-1.4642622139718797	-1.3485137555334303	0.11574845843844939	0.17643813514316267	0.17643813514316267
not	1	126	147	attn	3	utterance_final	0	prompt_without	84	83	-0.4441662157996226	-1.2841449470843298	-1.278065081370079	0.006079865714250898	0.007238118642542336	0.007238118642542336
not	1	130	56	attn	3	utterance_final	0	prompt_without	46	45	-0.5827055225769678	-1.826221580306689	-1.739513208468755	0.086708371837934	0.06972838935126974	0.06972838935126974
not	1	120	47	attn	4	utterance_final	0	prompt_without	107	106	-0.5985736846923828	-2.040461540222168	-1.9605178833007812	0.07994365692138672	0.05544374107514308	0.05544374107514308
not	1	123	392	attn	4	utterance_final	0	prompt_without	39	38	-0.808233638604482	-1.4642622139718797	-0.8561269376013014	0.6081352763705783	0.9269951023551107	0.9269951023551107
not	1	126	147	attn	4	utterance_final	0	prompt_without	84	83	-0.4441662157996226	-1.2841449470843298	-1.2806569560099457	0.0034879910743841336	0.004152475466907857	0.004152475466907857
not	1	130	56	attn	4	utterance_final	0	prompt_without	46	45	-0.5827055225769678	-1.826221580306689	-1.8396728138128917	-0.013451233506202698	-0.010817096749647547	0.0
not	1	120	47	attn	5	utterance_final	0	prompt_without	107	106	-0.5985736846923828	-2.040461540222168	-2.007230758666992	0.03323078155517578	0.02304671714081812	0.02304671714081812
not	1	123	392	attn	5	utterance_final	0	prompt_without	39	38	-0.808233638604482	-1.4642622139718797	-1.3506785498725042	0.11358366409937548	0.1731382875140231	0.1731382875140231
not	1	126	147	attn	5	utterance_final	0	prompt_without	84	83	-0.4441662157996226	-1.2841449470843298	-1.288192458071951	-0.004047510987621239	-0.004818587467602621	0.0
not	1	130	56	attn	5	utterance_final	0	prompt_without	46	45	-0.5827055225769678	-1.826221580306689	-1.8255059917767842	0.0007155885299048315	0.0005754558016816258	0.0005754558016816258
not	1	120	47	attn	6	utterance_final	0	prompt_without	107	106	-0.5985736846923828	-2.040461540222168	-1.9894037246704102	0.05105781555175781	0.03541039294834612	0.03541039294834612
not	1	123	392	attn	6	utterance_final	0	prompt_without	39	38	-0.808233638604482	-1.4642622139718797	-1.128487315442827	0.33577489852905273	0.5118296841582056	0.5118296841582056
not	1	126	147	attn	6	utterance_final	0	prompt_without	84	83	-0.4441662157996226	-1.2841449470843298	-1.2838748329776828	0.0002701141066470125	0.000321572554859676	0.000321572554859676
not	1	130	56	attn	6	utterance_final	0	prompt_without	46	45	-0.5827055225769678	-1.826221580306689	-1.7759150763352711	0.05030650397141789	0.04045504974279314	0.04045504974279314
not	1	120	47	attn	7	utterance_final	0	prompt_without	107	106	-0.5985736846923828	-2.040461540222168	-1.8974571228027344	0.1430044174194336	0.09917859899505863	0.09917859899505863
not	1	123	392	attn	7	utterance_final	0	prompt_without	39	38	-0.808233638604482	-1.4642622139718797	-1.3330814507272508	0.1311807632446289	0.19996196533232313	0.19996196533232313
not	1	126	147	attn	7	utterance_final	0	prompt_without	84	83	-0.4441662157996226	-1.2841449470843298	-1.2723288253202276	0.011816121764102183	0.01406716780320139	0.01406716780320139
not	1	130	56	attn	7	utterance_final	0	prompt_without	46	45	-0.5827055225769678	-1.826221580306689	-1.77237402399381	0.053847556312879075	0.04330266262197546	0.04330266262197546
not	1	120	47	attn	8	utterance_final	0	prompt_without	107	106	-0.5985736846923828	-2.040461540222168	-2.0777597427368164	-0.03729820251464844	-0.02586761679946611	0.0
not	1	123	392	attn	8	utterance_final	0	prompt_without	39	38	-0.808233638604482	-1.4642622139718797	-1.4517474638091192	0.01251475016276049	0.019076532079036066	0.019076532079036066
not	1	126	147	attn	8	utterance_final	0	prompt_without	84	83	-0.4441662157996226	-1.2841449470843298	-1.277121042801162	0.007023904283167903	0.008362002538356155	0.008362002538356155
not	1	130	56	attn	8	utterance_final	0	prompt_without	46	45	-0.5827055225769678	-1.826221580306689	-1.8160020063320796	0.010219573974609375	0.008218288707318491	0.008218288707318491
not	1	120	47	attn	9	utterance_final	0	prompt_without	107	106	-0.5985736846923828	-2.040461540222168	-2.0562267303466797	-0.01576519012451172	-0.010933714479978887	0.0
not	1	123	392	attn	9	utterance_final	0	prompt_without	39	38	-0.808233638604482	-1.4642622139718797	-1.536751965681712	-0.07248975170983218	-0.11049785700148126	0.0
not	1	126	147	attn	9	utterance_final	0	prompt_without	84	83	-0.4441662157996226	-1.2841449470843298	-1.2883470927254628	-0.0042021456411329705	-0.0050026810020606	0.0
not	1	130	56	attn	9	utterance_final	0	prompt_without	46	45	-0.5827055225769678	-1.826221580306689	-1.8047506908575695	0.021470889449119568	0.017266274380339588	0.017266274380339588
not	1	120	47	attn	10	utterance_final	0	prompt_without	107	106	-0.5985736846923828	-2.040461540222168	-2.035694122314453	0.004767417907714844	0.0033063721907576346	0.0033063721907576346
not	1	123	392	attn	10	utterance_final	0	prompt_without	39	38	-0.808233638604482	-1.4642622139718797	-1.4684699376424153	-0.004207723670535568	-0.00641393352138526	0.0
not	1	126	147	attn	10	utterance_final	0	prompt_without	84	83	-0.4441662157996226	-1.2841449470843298	-1.2865546012328843	-0.002409654148554541	-0.0028687085265469646	0.0
not	1	130	56	attn	10	utterance_final	0	prompt_without	46	45	-0.5827055225769678	-1.826221580306689	-1.8281246821085613	-0.0019031018018722534	-0.0015304199652610305	0.0
not	1	120	47	attn	11	utterance_final	0	prompt_without	107	106	-0.5985736846923828	-2.040461540222168	-2.093686103820801	-0.05322456359863281	-0.036913109015039726	0.0
not	1	123	392	attn	11	utterance_final	0	prompt_without	39	38	-0.808233638604482	-1.4642622139718797	-1.5192943546507094	-0.055032140678829666	-0.08388680424173574	0.0
not	1	126	147	attn	11	utterance_final	0	prompt_without	84	83	-0.4441662157996226	-1.2841449470843298	-1.2820796360403806	0.0020653110439492472	0.002458765879453225	0.002458765879453225
not	1	130	56	attn	11	utterance_final	0	prompt_without	46	45	-0.5827055225769678	-1.826221580306689	-1.8016155660152435	0.024606014291445488	0.019787451990261006	0.019787451990261006
not	1	120	47	attn	12	utterance_final	0	prompt_without	107	106	-0.5985736846923828	-2.040461540222168	-1.4598197937011719	0.5806417465209961	0.40269549694463164	0.40269549694463164
not	1	123	392	attn	12	utterance_final	0	prompt_without	39	38	-0.808233638604482	-1.4642622139718797	-1.2887385023964777	0.17552371157540203	0.26755497880119467	0.26755497880119467
not	1	126	147	attn	12	utterance_final	0	prompt_without	84	83	-0.4441662157996226	-1.2841449470843298	-1.171109937005124	0.11303501007920591	0.13456889546039374	0.13456889546039374
not	1	130	56	attn	12	utterance_final	0	prompt_without	46	45	-0.5827055225769678	-1.826221580306689	-1.792990505695343	0.033231074611346	0.026723478482469903	0.026723478482469903
not	1	120	47	attn	13	utterance_final	0	prompt_without	107	106	-0.5985736846923828	-2.040461540222168	-1.9607734680175781	0.07968807220458984	0.055266484074318306	0.055266484074318306
not	1	123	392	attn	13	utterance_final	0	prompt_without	39	38	-0.808233638604482	-1.4642622139718797	-1.3998374210463629	0.06442479292551684	0.09820424802294142	0.09820424802294142
not	1	126	147	attn	13	utterance_final	0	prompt_without	84	83	-0.4441662157996226	-1.2841449470843298	-1.2805899098768072	0.0035550372075225933	0.004232294313077826	0.004232294313077826
not	1	130	56	attn	13	utterance_final	0	prompt_without	46	45	-0.5827055225769678	-1.826221580306689	-1.8267665803432465	-0.0005450000365574414	-0.00043827342089369103	0.0
not	1	120	47	attn	14	utterance_final	0	prompt_without	107	106	-0.5985736846923828	-2.040461540222168	-2.0288171768188477	0.011644363403320312	0.008075776045039153	0.008075776045039153
not	1	123	392	attn	14	utterance_final	0	prompt_without	39	38	-0.808233638604482	-1.4642622139718797	-1.4425813754399617	0.021680838531918045	0.033048619139457544	0.033048619139457544
not	1	126	147	attn	14	utterance_final	0	prompt_without	84	83	-0.4441662157996226	-1.2841449470843298	-1.2833588870905213	0.0007860599938085411	0.0009358094015146075	0.0009358094015146075
not	1	130	56	attn	14	utterance_final	0	prompt_without	46	45	-0.5827055225769678	-1.826221580306689	-1.8257640103499095	0.00045756995677948	0.00036796465468637567	0.00036796465468637567
not	1	120	47	attn	15	utterance_final	0	prompt_without	107	106	-0.5985736846923828	-2.040461540222168	-2.0396652221679688	0.0007963180541992188	0.0005522746107786807	0.0005522746107786807
not	1	123	392	attn	15	utterance_final	0	prompt_without	39	38	-0.808233638604482	-1.4642622139718797	-1.4635202023718092	0.0007420116000704802	0.0011310659747632626	0.0011310659747632626
not	1	126	147	attn	15	utterance_final	0	prompt_without	84	83	-0.4441662157996226	-1.2841449470843298	-1.2848128363237543	-0.0006678892394245128	-0.000795126369929639	0.0
not	1	130	56	attn	15	utterance_final	0	prompt_without	46	45	-0.5827055225769678	-1.826221580306689	-1.8266721069812775	-0.0004505266745884473	-0.00036230064886413356	0.0
not	1	120	47	attn	16	utterance_final	0	prompt_without	107	106	-0.5985736846923828	-2.040461540222168	-2.032322883605957	0.008138656616210938	0.005644444944173966	0.005644444944173966
not	1	123	392	attn	16	utterance_final	0	prompt_without	39	38	-0.808233638604482	-1.4642622139718797	-1.466248591740926	-0.0019863777690463102	-0.0030278829972213836	0.0
not	1	126	147	attn	16	utterance_final	0	prompt_without	84	83	-0.4441662157996226	-1.2841449470843298	-1.2845594822350195	-0.0004145351506896766	-0.0004935067225519687	0.0
not	1	130	56	attn	16	utterance_final	0	prompt_without	46	45	-0.5827055225769678	-1.826221580306689	-1.8193386048078537	0.00688297549883532	0.005535091771473801	0.005535091771473801
not	1	120	47	attn	17	utterance_final	0	prompt_without	107	106	-0.5985736846923828	-2.040461540222168	-2.037795066833496	0.002666473388671875	0.0018492931877092111	0.0018492931877092111
not	1	123	392	attn	17	utterance_final	0	prompt_without	39	38	-0.808233638604482	-1.4642622139718797	-1.4646332065264385	-0.0003709925545587467	-0.0005655127969859829	0.0
not	1	126	147	attn	17	utterance_final	0	prompt_without	84	83	-0.4441662157996226	-1.2841449470843298	-1.284908787678864	-0.0007638405945342708	-0.0009093570659414355	0.0
not	1	130	56	attn	17	utterance_final	0	prompt_without	46	45	-0.5827055225769678	-1.826221580306689	-1.8229835281769435	0.0032380521297454834	0.0026039487866824766	0.0026039487866824766
not	1	120	47	attn	18	utterance_final	0	prompt_without	107	106	-0.5985736846923828	-2.040461540222168	-2.039605140686035	0.0008563995361328125	0.0005939432341068926	0.0005939432341068926
not	1	123	392	attn	18	utterance_final	0	prompt_without	39	38	-0.808233638604482	-1.4642622139718797	-1.4647148648897808	-0.00045265091790103185	-0.0006899865873182923	0.0
not	1	126	147	attn	18	utterance_final	0	prompt_without	84	83	-0.4441662157996226	-1.2841449470843298	-1.2833596306332087	0.0007853164511211208	0.0009349242092356518	0.0009349242092356518
not	1	130	56	attn	18	utterance_final	0	prompt_without	46	45	-0.5827055225769678	-1.826221580306689	-1.826069821914037	0.00015175839265202384	0.00012203975309260431	0.00012203975309260431
not	1	120	47	attn	19	utterance_final	0	prompt_without	107	106	-0.5985736846923828	-2.040461540222168	-2.0395708084106445	0.0008907318115234375	0.0006177538760087279	0.0006177538760087279
not	1	123	392	attn	19	utterance_final	0	prompt_without	39	38	-0.808233638604482	-1.4642622139718797	-1.4673688345485263	-0.003106620576646568	-0.004735495820295264	0.0
not	1	126	147	attn	19	utterance_final	0	prompt_without	84	83	-0.4441662157996226	-1.2841449470843298	-1.2843121451846624	-0.00016719810033261062	-0.00019905039747481363	0.0
not	1	130	56	attn	19	utterance_final	0	prompt_without	46	45	-0.5827055225769678	-1.826221580306689	-1.8246705879767735	0.0015509923299155126	0.0012472636121379477	0.0012472636121379477
not	1	120	47	attn	20	utterance_final	0	prompt_without	107	106	-0.5985736846923828	-2.040461540222168	-2.039647102355957	0.0008144378662109375	0.0005648413384490938	0.0005648413384490938
not	1	123	392	attn	20	utterance_final	0	prompt_without	39	38	-0.808233638604482	-1.4642622139718797	-1.463652405473921	0.0006098084979586638	0.0009295456339186916	0.0009295456339186916
not	1	126	147	attn	20	utterance_final	0	prompt_without	84	83	-0.4441662157996226	-1.2841449470843298	-1.2844136347204953	-0.00026868763616549884	-0.00031987433271620343	0.0
not	1	130	56	attn	20	utterance_final	0	prompt_without	46	45	-0.5827055225769678	-1.826221580306689	-1.8251085331042607	0.00111304720242833	0.000895080683123958	0.000895080683123958
not	1	120	47	attn	21	utterance_final	0	prompt_without	107	106	-0.5985736846923828	-2.040461540222168	-2.039398193359375	0.0010633468627929688	0.0007374684922374001	0.0007374684922374001
not	1	123	392	attn	21	utterance_final	0	prompt_without	39	38	-0.808233638604482	-1.4642622139718797	-1.4629180232683818	0.001344190703497894	0.0020489819406801033	0.0020489819406801033
not	1	126	147	attn	21	utterance_final	0	prompt_without	84	83	-0.4441662157996226	-1.2841449470843298	-1.28409968190274	4.5265181589870807e-05	5.3888485391338285e-05	5.3888485391338285e-05
not	1	130	56	attn	21	utterance_final	0	prompt_without	46	45	-0.5827055225769678	-1.826221580306689	-1.8252259145180385	0.0009956657886505127	0.0008006859119039387	0.0008006859119039387
not	1	120	47	attn	22	utterance_final	0	prompt_without	107	106	-0.5985736846923828	-2.040461540222168	-2.039670944213867	0.0007905960083007812	0.0005483061704617081	0.0005483061704617081
not	1	123	392	attn	22	utterance_final	0	prompt_without	39	38	-0.808233638604482	-1.4642622139718797	-1.4641387661298115	0.0001234478420681917	0.0001881744891966891	0.0001881744891966891
not	1	126	147	attn	22	utterance_final	0	prompt_without	84	83	-0.4441662157996226	-1.2841449470843298	-1.2846974922438799	-0.0005525451595500552	-0.0006578085122524042	0.0
not	1	130	56	attn	22	utterance_final	0	prompt_without	46	45	-0.5827055225769678	-1.826221580306689	-1.825015311439832	0.001206268866857041	0.0009700468758395592	0.0009700468758395592
not	1	120	47	attn	23	utterance_final	0	prompt_without	107	106	-0.5985736846923828	-2.040461540222168	-2.0406370162963867	-0.00017547607421875	-0.0001216988363871584	0.0
not	1	123	392	attn	23	utterance_final	0	prompt_without	39	38	-0.808233638604482	-1.4642622139718797	-1.463264008363088	0.0009982056087918245	0.0015215886110338966	0.0015215886110338966
not	1	126	147	attn	23	utterance_final	0	prompt_without	84	83	-0.4441662157996226	-1.2841449470843298	-1.2846445875652766	-0.0004996404809467503	-0.000594825157278178	0.0
not	1	130	56	attn	23	utterance_final	0	prompt_without	46	45	-0.5827055225769678	-1.826221580306689	-1.8265808870395024	-0.0003593067328133692	-0.0002889441841783315	0.0
not	1	120	47	attn	24	utterance_final	0	prompt_without	107	106	-0.5985736846923828	-2.040461540222168	-2.0397415161132812	0.0007200241088867188	0.0004993620732190467	0.0004993620732190467
not	1	123	392	attn	24	utterance_final	0	prompt_without	39	38	-0.808233638604482	-1.4642622139718797	-1.4643144408861797	-5.222691429995763e-05	-7.961073078365349e-05	0.0
not	1	126	147	attn	24	utterance_final	0	prompt_without	84	83	-0.4441662157996226	-1.2841449470843298	-1.2843833939503815	-0.00023844686605167809	-0.00028387250435137214	0.0
not	1	130	56	attn	24	utterance_final	0	prompt_without	46	45	-0.5827055225769678	-1.826221580306689	-1.824978729089101	0.001242851217587937	0.0009994653545986386	0.0009994653545986386
not	1	120	47	attn	25	utterance_final	0	prompt_without	107	106	-0.5985736846923828	-2.040461540222168	-2.0386695861816406	0.0017919540405273438	0.0012427832259319055	0.0012427832259319055
not	1	123	392	attn	25	utterance_final	0	prompt_without	39	38	-0.808233638604482	-1.4642622139718797	-1.4652634395493402	-0.0010012255774605183	-0.001526192021284742	0.0
not	1	126	147	attn	25	utterance_final	0	prompt_without	84	83	-0.4441662157996226	-1.2841449470843298	-1.2845357191764701	-0.0003907720921403346	-0.00046521665083432227	0.0
not	1	130	56	attn	25	utterance_final	0	prompt_without	46	45	-0.5827055225769678	-1.826221580306689	-1.8266138384739559	-0.0003922581672668457	-0.00031544278405458534	0.0
not	1	120	47	attn	26	utterance_final	0	prompt_without	107	106	-0.5985736846923828	-2.040461540222168	-2.040590286254883	-0.00012874603271484375	-8.928990713188251e-05	0.0
not	1	123	392	attn	26	utterance_final	0	prompt_without	39	38	-0.808233638604482	-1.4642622139718797	-1.4639757010671828	0.000286512904696945	0.0004367384523402633	0.0004367384523402633
not	1	126	147	attn	26	utterance_final	0	prompt_without	84	83	-0.4441662157996226	-1.2841449470843298	-1.2850740319591458	-0.0009290848748160219	-0.0011060814282702505	0.0
not	1	130	56	attn	26	utterance_final	0	prompt_without	46	45	-0.5827055225769678	-1.826221580306689	-1.8251573244730632	0.0010642558336257935	0.0008558440616913288	0.0008558440616913288
not	1	120	47	attn	27	utterance_final	0	prompt_without	107	106	-0.5985736846923828	-2.040461540222168	-2.0398426055908203	0.0006189346313476562	0.0004292529609525315	0.0004292529609525315
not	1	123	392	attn	27	utterance_final	0	prompt_without	39	38	-0.808233638604482	-1.4642622139718797	-1.463296287589603	0.0009659263822767716	0.001472384616380195	0.001472384616380195
not	1	126	147	attn	27	utterance_final	0	prompt_without	84	83	-0.4441662157996226	-1.2841449470843298	-1.2841318805338973	1.3066550432538904e-05	1.5555811053161124e-05	1.5555811053161124e-05
not	1	130	56	attn	27	utterance_final	0	prompt_without	46	45	-0.5827055225769678	-1.826221580306689	-1.8265625685453415	-0.0003409882386524732	-0.00027421297580588794	0.0
not	1	120	47	attn	28	utterance_final	0	prompt_without	107	106	-0.5985736846923828	-2.040461540222168	-2.03977108001709	0.000690460205078125	0.00047885846491468843	0.00047885846491468843
not	1	123	392	attn	28	utterance_final	0	prompt_without	39	38	-0.808233638604482	-1.4642622139718797	-1.4643476340505812	-8.542007870149249e-05	-0.00013020786274996394	0.0
not	1	126	147	attn	28	utterance_final	0	prompt_without	84	83	-0.4441662157996226	-1.2841449470843298	-1.2842975248724728	-0.0001525777881430379	-0.00018164482320841329	0.0
not	1	130	56	attn	28	utterance_final	0	prompt_without	46	45	-0.5827055225769678	-1.826221580306689	-1.82576389114062	0.00045768916606903076	0.00036806051938294293	0.00036806051938294293
not	1	120	47	attn	29	utterance_final	0	prompt_without	107	106	-0.5985736846923828	-2.040461540222168	-2.040529251098633	-6.771087646484375e-05	-4.695987708417525e-05	0.0
not	1	123	392	attn	29	utterance_final	0	prompt_without	39	38	-0.808233638604482	-1.4642622139718797	-1.4632493986023798	0.001012815369499931	0.001543858617641344	0.001543858617641344
not	1	126	147	attn	29	utterance_final	0	prompt_without	84	83	-0.4441662157996226	-1.2841449470843298	-1.2848344293691345	-0.0006894822848046989	-0.0008208330272245927	0.0
not	1	130	56	attn	29	utterance_final	0	prompt_without	46	45	-0.5827055225769678	-1.826221580306689	-1.8267467270294826	-0.0005251467227935791	-0.000422307954552944	0.0
not	1	120	47	attn	30	utterance_final	0	prompt_without	107	106	-0.5985736846923828	-2.040461540222168	-2.0404958724975586	-3.4332275390625e-05	-2.3810641901835336e-05	0.0
not	1	123	392	attn	30	utterance_final	0	prompt_without	39	38	-0.808233638604482	-1.4642622139718797	-1.4639218317137823	0.00034038225809740474	0.0005188527922076862	0.0005188527922076862
not	1	126	147	attn	30	utterance_final	0	prompt_without	84	83	-0.4441662157996226	-1.2841449470843298	-1.284095804570085	4.9142514244815416e-05	5.850447447598381e-05	5.850447447598381e-05
not	1	130	56	attn	30	utterance_final	0	prompt_without	46	45	-0.5827055225769678	-1.826221580306689	-1.825742428501447	0.0004791518052420507	0.0003853201591275266	0.0003853201591275266
not	1	120	47	attn	31	utterance_final	0	prompt_without	107	106	-0.5985736846923828	-2.040461540222168	-2.040461540222168	0.0	0.0	0.0
not	1	123	392	attn	31	utterance_final	0	prompt_without	39	38	-0.808233638604482	-1.4642622139718797	-1.4642622139718797	0.0	0.0	0.0
not	1	126	147	attn	31	utterance_final	0	prompt_without	84	83	-0.4441662157996226	-1.2841449470843298	-1.2841449470843298	0.0	0.0	0.0
not	1	130	56	attn	31	utterance_final	0	prompt_without	46	45	-0.5827055225769678	-1.826221580306689	-1.826221580306689	0.0	0.0	0.0
not	1	132	31	attn	0	utterance_final	0	prompt_without	69	68	-0.9630237926136364	-2.9811456853693183	-2.978482333096591	0.002663352272727515	0.0013197182401558465	0.0013197182401558465
not	1	136	118	attn	0	utterance_final	0	prompt_without	30	29	-0.4527173714204268	-1.358960595997897	-1.3591801665046	-0.00021957050670295963	-0.00024228650846502372	0.0
not	1	138	39	attn	0	utterance_final	0	prompt_without	23	22	-0.4583919445673625	-2.0633058498303094	-2.06270569562912	0.0006001542011895289	0.0003739479103654476	0.0003739479103654476
not	1	144	70	attn	0	utterance_final	0	prompt_without	62	61	-0.9641520023345947	-2.2702388445536297	-2.2703962564468383	-0.00015741189320861437	-0.00012052176633306585	0.0
not	1	132	31	attn	1	utterance_final	0	prompt_without	69	68	-0.9630237926136364	-2.9811456853693183	-2.979703036221591	0.001442649147727515	0.0007148473800844719	0.0007148473800844719
not	1	136	118	attn	1	utterance_final	0	prompt_without	30	29	-0.4527173714204268	-1.358960595997897	-1.3602971272035078	-0.0013365312056108358	-0.0014748040805866267	0.0
not	1	138	39	attn	1	utterance_final	0	prompt_without	23	22	-0.4583919445673625	-2.0633058498303094	-2.0681798507769904	-0.004874000946681001	-0.00303692361982648	0.0
not	1	144	70	attn	1	utterance_final	0	prompt_without	62	61	-0.9641520023345947	-2.2702388445536297	-2.2497816562652586	0.020457188288371064	0.01566296177795835	0.01566296177795835
not	1	132	31	attn	2	utterance_final	0	prompt_without	69	68	-0.9630237926136364	-2.9811456853693183	-2.98095703125	0.0001886541193183433	9.348004201111065e-05	9.348004201111065e-05
not	1	136	118	attn	2	utterance_final	0	prompt_without	30	29	-0.4527173714204268	-1.358960595997897	-1.358641732822765	0.00031886317513207807	0.00035185165139385826	0.00035185165139385826
not	1	138	39	attn	2	utterance_final	0	prompt_without	23	22	-0.4583919445673625	-2.0633058498303094	-2.06079164147377	0.0025142083565392603	0.001566568990582293	0.001566568990582293
not	1	144	70	attn	2	utterance_final	0	prompt_without	62	61	-0.9641520023345947	-2.2702388445536297	-2.270979396502177	-0.0007405519485472745	-0.0005670005428498769	0.0
not	1	132	31	attn	3	utterance_final	0	prompt_without	69	68	-0.9630237926136364	-2.9811456853693183	-2.9863836115056817	-0.005237926136363313	-0.0025954458723061024	0.0
not	1	136	118	attn	3	utterance_final	0	prompt_without	30	29	-0.4527173714204268	-1.358960595997897	-1.3401536508039995	0.018806945193897473	0.02075264640203637	0.02075264640203637
not	1	138	39	attn	3	utterance_final	0	prompt_without	23	22	-0.4583919445673625	-2.0633058498303094	-2.198952153325081	-0.13564630349477147	-0.08451936459018178	0.0
not	1	144	70	attn	3	utterance_final	0	prompt_without	62	61	-0.9641520023345947	-2.2702388445536297	-2.243403744697571	0.026835099856058697	0.020546183445555578	0.020546183445555578
not	1	132	31	attn	4	utterance_final	0	prompt_without	69	68	-0.9630237926136364	-2.9811456853693183	-2.993796608664773	-0.012650923295454586	-0.006268661640739721	0.0
not	1	136	118	attn	4	utterance_final	0	prompt_without	30	29	-0.4527173714204268	-1.358960595997897	-1.3415153568441218	0.01744523915377516	0.019250062986025506	0.019250062986025506
not	1	138	39	attn	4	utterance_final	0	prompt_without	23	22	-0.4583919445673625	-2.0633058498303094	-2.0292013535896936	0.034104496240615845	0.02125004720114766	0.02125004720114766
not	1	144	70	attn	4	utterance_final	0	prompt_without	62	61	-0.9641520023345947	-2.2702388445536297	-2.1916162172953286	0.07862262725830105	0.060197090053155725	0.060197090053155725
not	1	132	31	attn	5	utterance_final	0	prompt_without	69	68	-0.9630237926136364	-2.9811456853693183	-3.015280983664773	-0.034135298295454586	-0.016914388777995917	0.0
not	1	136	118	attn	5	utterance_final	0	prompt_without	30	29	-0.4527173714204268	-1.358960595997897	-1.3378816409544512	0.021078955043445813	0.023259710496896388	0.023259710496896388
not	1	138	39	attn	5	utterance_final	0	prompt_without	23	22	-0.4583919445673625	-2.0633058498303094	-2.0586174378792443	0.0046884119510650635	0.0029212856438532264	0.0029212856438532264
not	1	144	70	attn	5	utterance_final	0	prompt_without	62	61	-0.9641520023345947	-2.2702388445536297	-2.2483908335367837	0.02184801101684597	0.01672783945953112	0.01672783945953112
not	1	132	31	attn	6	utterance_final	0	prompt_without	69	68	-0.9630237926136364	-2.9811456853693183	-2.784523703835227	0.19662198153409127	0.0974281990794967	0.0974281990794967
not	1	136	118	attn	6	utterance_final	0	prompt_without	30	29	-0.4527173714204268	-1.358960595997897	-1.27573026527058	0.083230330727317	0.09184105157434151	0.09184105157434151
not	1	138	39	attn	6	utterance_final	0	prompt_without	23	22	-0.4583919445673625	-2.0633058498303094	-1.965605154633522	0.09770069519678737	0.060875972771125206	0.060875972771125206
not	1	144	70	attn	6	utterance_final	0	prompt_without	62	61	-0.9641520023345947	-2.2702388445536297	-2.2404669682184855	0.02977187633514422	0.022794714235511285	0.022794714235511285
not	1	132	31	attn	7	utterance_final	0	prompt_without	69	68	-0.9630237926136364	-2.9811456853693183	-2.904086026278409	0.07705965909090917	0.03818384774850573	0.03818384774850573
not	1	136	118	attn	7	utterance_final	0	prompt_without	30	29	-0.4527173714204268	-1.358960595997897	-1.2466536045074463	0.11230699149045065	0.12392588263797837	0.12392588263797837
not	1	138	39	attn	7	utterance_final	0	prompt_without	23	22	-0.4583919445673625	-2.0633058498303094	-1.9151345640420914	0.14817128578821803	0.09232351050254117	0.09232351050254117
not	1	144	70	attn	7	utterance_final	0	prompt_without	62	61	-0.9641520023345947	-2.2702388445536297	-2.2084840059280397	0.06175483862558995	0.047282337306659324	0.047282337306659324
not	1	132	31	attn	8	utterance_final	0	prompt_without	69	68	-0.9630237926136364	-2.9811456853693183	-2.5770097212357954	0.40413596413352293	0.20025349587862998	0.20025349587862998
not	1	136	118	attn	8	utterance_final	0	prompt_without	30	29	-0.4527173714204268	-1.358960595997897	-1.338859568942677	0.02010102705521999	0.022180609476657835	0.022180609476657835
not	1	138	39	attn	8	utterance_final	0	prompt_without	23	22	-0.4583919445673625	-2.0633058498303094	-2.091433674097061	-0.028127824266751755	-0.01752606427953114	0.0
not	1	144	70	attn	8	utterance_final	0	prompt_without	62	61	-0.9641520023345947	-2.2702388445536297	-2.220572249094645	0.04966659545898455	0.03802702381918285	0.03802702381918285
not	1	132	31	attn	9	utterance_final	0	prompt_without	69	68	-0.9630237926136364	-2.9811456853693183	-2.8486882990056817	0.1324573863636367	0.06563398714374497	0.06563398714374497
not	1	136	118	attn	9	utterance_final	0	prompt_without	30	29	-0.4527173714204268	-1.358960595997897	-1.3331517869775946	0.02580880902030236	0.028478898733102852	0.028478898733102852
not	1	138	39	attn	9	utterance_final	0	prompt_without	23	22	-0.4583919445673625	-2.0633058498303094	-2.0564496914545694	0.006856158375740051	0.0042719789225184315	0.0042719789225184315
not	1	144	70	attn	9	utterance_final	0	prompt_without	62	61	-0.9641520023345947	-2.2702388445536297	-2.2441941420237224	0.026044702529907315	0.01994101899507501	0.01994101899507501
not	1	132	31	attn	10	utterance_final	0	prompt_without	69	68	-0.9630237926136364	-2.9811456853693183	-2.8510076349431817	0.1301380504261367	0.06448473250960934	0.06448473250960934
not	1	136	118	attn	10	utterance_final	0	prompt_without	30	29	-0.4527173714204268	-1.358960595997897	-1.3556945367292925	0.00326605926860446	0.003603954413151324	0.003603954413151324
not	1	138	39	attn	10	utterance_final	0	prompt_without	23	22	-0.4583919445673625	-2.0633058498303094	-1.9695887366930644	0.09371711313724496	0.058393857034898376	0.058393857034898376
not	1	144	70	attn	10	utterance_final	0	prompt_without	62	61	-0.9641520023345947	-2.2702388445536297	-2.2223827521006267	0.04785609245300293	0.03664081966532613	0.03664081966532613
not	1	132	31	attn	11	utterance_final	0	prompt_without	69	68	-0.9630237926136364	-2.9811456853693183	-2.892300692471591	0.08884499289772751	0.0440236009611949	0.0440236009611949
not	1	136	118	attn	11	utterance_final	0	prompt_without	30	29	-0.4527173714204268	-1.358960595997897	-1.3398876190185547	0.019072976979342293	0.021046200911719853	0.021046200911719853
not	1	138	39	attn	11	utterance_final	0	prompt_without	23	22	-0.4583919445673625	-2.0633058498303094	-2.0572054038445153	0.006100445985794067	0.003801104822999573	0.003801104822999573
not	1	144	70	attn	11	utterance_final	0	prompt_without	62	61	-0.9641520023345947	-2.2702388445536297	-2.2323007186253867	0.03793812592824297	0.029047169531075195	0.029047169531075195
not	1	132	31	attn	12	utterance_final	0	prompt_without	69	68	-0.9630237926136364	-2.9811456853693183	-2.775978781960227	0.20516690340909127	0.10166229509999632	0.10166229509999632
not	1	136	118	attn	12	utterance_final	0	prompt_without	30	29	-0.4527173714204268	-1.358960595997897	-1.3549289551648227	0.004031640833074279	0.004448740386394618	0.004448740386394618
not	1	138	39	attn	12	utterance_final	0	prompt_without	23	22	-0.4583919445673625	-2.0633058498303094	-1.8508610526720684	0.21244479715824105	0.1323714602145181	0.1323714602145181
not	1	144	70	attn	12	utterance_final	0	prompt_without	62	61	-0.9641520023345947	-2.2702388445536297	-2.231417679786682	0.038821164766947636	0.029723264573273452	0.029723264573273452
not	1	132	31	attn	13	utterance_final	0	prompt_without	69	68	-0.9630237926136364	-2.9811456853693183	-2.86669921875	0.11444646661931834	0.05670939254469178	0.05670939254469178
not	1	136	118	attn	13	utterance_final	0	prompt_without	30	29	-0.4527173714204268	-1.358960595997897	-1.3611582344228572	-0.0021976384249602354	-0.0024249984610752477	0.0
not	1	138	39	attn	13	utterance_final	0	prompt_without	23	22	-0.4583919445673625	-2.0633058498303094	-2.0313591907421746	0.031946659088134766	0.019905528255050334	0.019905528255050334
not	1	144	70	attn	13	utterance_final	0	prompt_without	62	61	-0.9641520023345947	-2.2702388445536297	-2.2249406417210897	0.045298202832539936	0.03468238203485651	0.03468238203485651
not	1	132	31	attn	14	utterance_final	0	prompt_without	69	68	-0.9630237926136364	-2.9811456853693183	-2.9689830433238638	0.012162642045454586	0.006026713296711172	0.006026713296711172
not	1	136	118	attn	14	utterance_final	0	prompt_without	30	29	-0.4527173714204268	-1.358960595997897	-1.3605062853206287	-0.0015456893227316915	-0.0017056009698195082	0.0
not	1	138	39	attn	14	utterance_final	0	prompt_without	23	22	-0.4583919445673625	-2.0633058498303094	-2.0817168404658637	-0.018410990635554292	-0.011471637559609692	0.0
not	1	144	70	attn	14	utterance_final	0	prompt_without	62	61	-0.9641520023345947	-2.2702388445536297	-2.2784780899683637	-0.008239245414733976	-0.006308344245115845	0.0
not	1	132	31	attn	15	utterance_final	0	prompt_without	69	68	-0.9630237926136364	-2.9811456853693183	-2.9176469282670454	0.06349875710227293	0.03146428237571288	0.03146428237571288
not	1	136	118	attn	15	utterance_final	0	prompt_without	30	29	-0.4527173714204268	-1.358960595997897	-1.3606202147223734	-0.0016596187244763971	-0.0018313171116398506	0.0
not	1	138	39	attn	15	utterance_final	0	prompt_without	23	22	-0.4583919445673625	-2.0633058498303094	-2.0597842087348304	0.0035216410954790334	0.002194286611842928	0.002194286611842928
not	1	144	70	attn	15	utterance_final	0	prompt_without	62	61	-0.9641520023345947	-2.2702388445536297	-2.250443363189697	0.0197954813639325	0.015156328602392223	0.015156328602392223
not	1	132	31	attn	16	utterance_final	0	prompt_without	69	68	-0.9630237926136364	-2.9811456853693183	-2.9765625	0.004583185369318343	0.0022710151382680597	0.0022710151382680597
not	1	136	118	attn	16	utterance_final	0	prompt_without	30	29	-0.4527173714204268	-1.358960595997897	-1.3598000027916648	-0.0008394067937678162	-0.0009262489042709081	0.0
not	1	138	39	attn	16	utterance_final	0	prompt_without	23	22	-0.4583919445673625	-2.0633058498303094	-2.0666397412618003	-0.0033338914314908763	-0.002077302352829111	0.0
not	1	144	70	attn	16	utterance_final	0	prompt_without	62	61	-0.9641520023345947	-2.2702388445536297	-2.2541731198628745	0.01606572469075518	0.012300655799777903	0.012300655799777903
not	1	132	31	attn	17	utterance_final	0	prompt_without	69	68	-0.9630237926136364	-2.9811456853693183	-2.972312233664773	0.008833451704545414	0.004377065496516473	0.004377065496516473
not	1	136	118	attn	17	utterance_final	0	prompt_without	30	29	-0.4527173714204268	-1.358960595997897	-1.3591919573870572	-0.00023136138916024507	-0.0002552972346558682	0.0
not	1	138	39	attn	17	utterance_final	0	prompt_without	23	22	-0.4583919445673625	-2.0633058498303094	-2.0621238946914673	0.0011819551388421168	0.0007364601521403523	0.0007364601521403523
not	1	144	70	attn	17	utterance_final	0	prompt_without	62	61	-0.9641520023345947	-2.2702388445536297	-2.2615110635757447	0.008727780977884958	0.0066823894826598985	0.0066823894826598985
not	1	132	31	attn	18	utterance_final	0	prompt_without	69	68	-0.9630237926136364	-2.9811456853693183	-2.9766956676136362	0.004450017755682101	0.0022050292262603332	0.0022050292262603332
not	1	136	118	attn	18	utterance_final	0	prompt_without	30	29	-0.4527173714204268	-1.358960595997897	-1.3592056469483809	-0.0002450509504838827	-0.00027040307043193183	0.0
not	1	138	39	attn	18	utterance_final	0	prompt_without	23	22	-0.4583919445673625	-2.0633058498303094	-2.0619347045818963	0.001371145248413086	0.0008543419331820416	0.0008543419331820416
not	1	144	70	attn	18	utterance_final	0	prompt_without	62	61	-0.9641520023345947	-2.2702388445536297	-2.269553478558858	0.0006853659947716473	0.0005247476451161653	0.0005247476451161653
not	1	132	31	attn	19	utterance_final	0	prompt_without	69	68	-0.9630237926136364	-2.9811456853693183	-2.984652432528409	-0.0035067471590908283	-0.0017376290162049999	0.0
not	1	136	118	attn	19	utterance_final	0	prompt_without	30	29	-0.4527173714204268	-1.358960595997897	-1.3589430137114091	1.758228648784943e-05	1.9401288761134798e-05	1.9401288761134798e-05
not	1	138	39	attn	19	utterance_final	0	prompt_without	23	22	-0.4583919445673625	-2.0633058498303094	-2.063437337676684	-0.00013148784637451172	-8.192828658492366e-05	0.0
not	1	144	70	attn	19	utterance_final	0	prompt_without	62	61	-0.9641520023345947	-2.2702388445536297	-2.2625361998875935	0.007702644666036207	0.00589749809664222	0.00589749809664222
not	1	132	31	attn	20	utterance_final	0	prompt_without	69	68	-0.9630237926136364	-2.9811456853693183	-2.9803022904829546	0.0008433948863637575	0.00041791077604937343	0.00041791077604937343
not	1	136	118	attn	20	utterance_final	0	prompt_without	30	29	-0.4527173714204268	-1.358960595997897	-1.3589499581943858	1.0637803511182042e-05	1.1738353703159377e-05	1.1738353703159377e-05
not	1	138	39	attn	20	utterance_final	0	prompt_without	23	22	-0.4583919445673625	-2.0633058498303094	-2.0628525763750076	0.00045327345530177254	0.00028242851770139585	0.00028242851770139585
not	1	144	70	attn	20	utterance_final	0	prompt_without	62	61	-0.9641520023345947	-2.2702388445536297	-2.2689367532730103	0.0013020912806194218	0.0009969408147525436	0.0009969408147525436
not	1	132	31	attn	21	utterance_final	0	prompt_without	69	68	-0.9630237926136364	-2.9811456853693183	-2.976540305397727	0.0046053799715912724	0.0022820127902694574	0.0022820127902694574
not	1	136	118	attn	21	utterance_final	0	prompt_without	30	29	-0.4527173714204268	-1.358960595997897	-1.3584831866351041	0.0004774093627928355	0.000526800476787481	0.000526800476787481
not	1	138	39	attn	21	utterance_final	0	prompt_without	23	22	-0.4583919445673625	-2.0633058498303094	-2.0614077101151147	0.0018981397151947021	0.0011827050092657236	0.0011827050092657236
not	1	144	70	attn	21	utterance_final	0	prompt_without	62	61	-0.9641520023345947	-2.2702388445536297	-2.2684566100438435	0.001782234509786207	0.0013645604964201304	0.0013645604964201304
not	1	132	31	attn	22	utterance_final	0	prompt_without	69	68	-0.9630237926136364	-2.9811456853693183	-2.979225852272727	0.0019198330965912724	0.000951296898112433	0.000951296898112433
not	1	136	118	attn	22	utterance_final	0	prompt_without	30	29	-0.4527173714204268	-1.358960595997897	-1.3585829409686	0.000377655029296875	0.0004167259065279678	0.0004167259065279678
not	1	138	39	attn	22	utterance_final	0	prompt_without	23	22	-0.4583919445673625	-2.0633058498303094	-2.063232511281967	7.333854834223885e-05	4.569625080930629e-05	4.569625080930629e-05
not	1	144	70	attn	22	utterance_final	0	prompt_without	62	61	-0.9641520023345947	-2.2702388445536297	-2.2706294775009157	-0.00039063294728602926	-0.0002990865037904722	0.0
not	1	132	31	attn	23	utterance_final	0	prompt_without	69	68	-0.9630237926136364	-2.9811456853693183	-2.975308504971591	0.005837180397727515	0.002892382476341421	0.002892382476341421
not	1	136	118	attn	23	utterance_final	0	prompt_without	30	29	-0.4527173714204268	-1.358960595997897	-1.3591722510077737	-0.00021165500987674335	-0.00023355210183825218	0.0
not	1	138	39	attn	23	utterance_final	0	prompt_without	23	22	-0.4583919445673625	-2.0633058498303094	-2.0613965541124344	0.0019092957178750147	0.0011896561626227535	0.0011896561626227535
not	1	144	70	attn	23	utterance_final	0	prompt_without	62	61	-0.9641520023345947	-2.2702388445536297	-2.2700313250223796	0.00020751953125008882	0.00015888647258517218	0.00015888647258517218
not	1	132	31	attn	24	utterance_final	0	prompt_without	69	68	-0.9630237926136364	-2.9811456853693183	-2.979270241477273	0.0018754438920454142	0.0009293015941096375	0.0009293015941096375
not	1	136	118	attn	24	utterance_final	0	prompt_without	30	29	-0.4527173714204268	-1.358960595997897	-1.3590022780678488	-4.168206995180945e-05	-4.5994352091562876e-05	0.0
not	1	138	39	attn	24	utterance_final	0	prompt_without	23	22	-0.4583919445673625	-2.0633058498303094	-2.0636756469806037	-0.00036979715029428206	-0.00023041556876142525	0.0
not	1	144	70	attn	24	utterance_final	0	prompt_without	62	61	-0.9641520023345947	-2.2702388445536297	-2.2686112483342487	0.0016275962193810223	0.0012461623276257376	0.0012461623276257376
not	1	132	31	attn	25	utterance_final	0	prompt_without	69	68	-0.9630237926136364	-2.9811456853693183	-2.9811234907670454	2.219460227292913e-05	1.0997652001397745e-05	1.0997652001397745e-05
not	1	136	118	attn	25	utterance_final	0	prompt_without	30	29	-0.4527173714204268	-1.358960595997897	-1.3589160247282548	4.4571269642190714e-05	4.918245834386433e-05	4.918245834386433e-05
not	1	138	39	attn	25	utterance_final	0	prompt_without	23	22	-0.4583919445673625	-2.0633058498303094	-2.06253274778525	0.0007731020450592041	0.0004817093568221905	0.0004817093568221905
not	1	144	70	attn	25	utterance_final	0	prompt_without	62	61	-0.9641520023345947	-2.2702388445536297	-2.2695712804794312	0.0006675640741984346	0.0005111176781049617	0.0005111176781049617
not	1	132	31	attn	26	utterance_final	0	prompt_without	69	68	-0.9630237926136364	-2.9811456853693183	-2.980313387784091	0.000832297585227515	0.0004124119500487846	0.0004124119500487846
not	1	136	118	attn	26	utterance_final	0	prompt_without	30	29	-0.4527173714204268	-1.358960595997897	-1.3598579515110363	-0.0008973555131392974	-0.000990192796815318	0.0
not	1	138	39	attn	26	utterance_final	0	prompt_without	23	22	-0.4583919445673625	-2.0633058498303094	-2.0618985841671624	0.0014072656631469727	0.0008768480717452618	0.0008768480717452618
not	1	144	70	attn	26	utterance_final	0	prompt_without	62	61	-0.9641520023345947	-2.2702388445536297	-2.271023909250895	-0.0007850646972653585	-0.000601081545183885	0.0
not	1	132	31	attn	27	utterance_final	0	prompt_without	69	68	-0.9630237926136364	-2.9811456853693183	-2.9813676313920454	-0.00022194602272707087	-0.00010997652001287719	0.0
not	1	136	118	attn	27	utterance_final	0	prompt_without	30	29	-0.4527173714204268	-1.358960595997897	-1.3592172124169088	-0.00025661641901186805	-0.0002831650621515143	0.0
not	1	138	39	attn	27	utterance_final	0	prompt_without	23	22	-0.4583919445673625	-2.0633058498303094	-2.0624714493751526	0.000834400455156814	0.0005199035614437568	0.0005199035614437568
not	1	144	70	attn	27	utterance_final	0	prompt_without	62	61	-0.9641520023345947	-2.2702388445536297	-2.26986448764801	0.00037435690561959944	0.00028662481966633163	0.00028662481966633163
not	1	132	31	attn	28	utterance_final	0	prompt_without	69	68	-0.9630237926136364	-2.9811456853693183	-2.9811234907670454	2.219460227292913e-05	1.0997652001397745e-05	1.0997652001397745e-05
not	1	136	118	attn	28	utterance_final	0	prompt_without	30	29	-0.4527173714204268	-1.358960595997897	-1.3589594515887173	1.144409179643091e-06	1.2628057773084749e-06	1.2628057773084749e-06
not	1	138	39	attn	28	utterance_final	0	prompt_without	23	22	-0.4583919445673625	-2.0633058498303094	-2.0628359814484916	0.0004698683818178395	0.00029276859043778856	0.00029276859043778856
not	1	144	70	attn	28	utterance_final	0	prompt_without	62	61	-0.9641520023345947	-2.2702388445536297	-2.2688228368759153	0.001416007677714326	0.0010841604340095304	0.0010841604340095304
not	1	132	31	attn	29	utterance_final	0	prompt_without	69	68	-0.9630237926136364	-2.9811456853693183	-2.9780384410511362	0.003107244318182101	0.001539671280181821	0.001539671280181821
not	1	136	118	attn	29	utterance_final	0	prompt_without	30	29	-0.4527173714204268	-1.358960595997897	-1.3598326444625854	-0.0008720484646884685	-0.0009622675690569221	0.0
not	1	138	39	attn	29	utterance_final	0	prompt_without	23	22	-0.4583919445673625	-2.0633058498303094	-2.0630192160606384	0.0002866337696709742	0.00017859759874409744	0.00017859759874409744
not	1	144	70	attn	29	utterance_final	0	prompt_without	62	61	-0.9641520023345947	-2.2702388445536297	-2.268483320871989	0.0017555236816408915	0.0013441094610969861	0.0013441094610969861
not	1	132	31	attn	30	utterance_final	0	prompt_without	69	68	-0.9630237926136364	-2.9811456853693183	-2.9774613813920454	0.003684303977272929	0.0018256102322155218	0.0018256102322155218
not	1	136	118	attn	30	utterance_final	0	prompt_without	30	29	-0.4527173714204268	-1.358960595997897	-1.3595158425244418	-0.000555246526544817	-0.0006126904030688858	0.0
not	1	138	39	attn	30	utterance_final	0	prompt_without	23	22	-0.4583919445673625	-2.0633058498303094	-2.0628989189863205	0.00040693084398890633	0.00025355306764709935	0.00025355306764709935
not	1	144	70	attn	30	utterance_final	0	prompt_without	62	61	-0.9641520023345947	-2.2702388445536297	-2.2704097429911294	-0.00017089843749973355	-0.0001308476833051759	0.0
not	1	132	31	attn	31	utterance_final	0	prompt_without	69	68	-0.9630237926136364	-2.9811456853693183	-2.9811456853693183	0.0	0.0	0.0
not	1	136	118	attn	31	utterance_final	0	prompt_without	30	29	-0.4527173714204268	-1.358960595997897	-1.358960595997897	0.0	0.0	0.0
not	1	138	39	attn	31	utterance_final	0	prompt_without	23	22	-0.4583919445673625	-2.0633058498303094	-2.0633058498303094	0.0	0.0	0.0
not	1	144	70	attn	31	utterance_final	0	prompt_without	62	61	-0.9641520023345947	-2.2702388445536297	-2.2702388445536297	0.0	0.0	0.0
not	1	148	177	attn	0	utterance_final	0	prompt_without	36	35	-0.60382080078125	-1.6772422790527344	-1.68438720703125	-0.007144927978515625	-0.0066562185713118045	0.0
not	1	149	110	attn	0	utterance_final	0	prompt_without	32	31	-0.678841939994267	-1.865637012890407	-1.8652280228478568	0.00040899004255012805	0.0003446172400699881	0.0003446172400699881
not	1	158	326	attn	0	utterance_final	0	prompt_without	54	53	-0.7043176548821586	-1.5614863123212541	-1.5636871201651437	-0.0022008078438895406	-0.0025675318676078806	0.0
not	1	167	404	attn	0	utterance_final	0	prompt_without	49	48	-0.4900351878135435	-1.1029223703568982	-1.104200747705275	-0.00127837734837688	-0.0020858281667302603	0.0
not	1	148	177	attn	1	utterance_final	0	prompt_without	36	35	-0.60382080078125	-1.6772422790527344	-1.6786422729492188	-0.001399993896484375	-0.0013042350323926493	0.0
not	1	149	110	attn	1	utterance_final	0	prompt_without	32	31	-0.678841939994267	-1.865637012890407	-1.8561056085995264	0.009531404290880507	0.008031213230116461	0.008031213230116461
not	1	158	326	attn	1	utterance_final	0	prompt_without	54	53	-0.7043176548821586	-1.5614863123212541	-1.565220832824707	-0.0037345205034529094	-0.004356809445891643	0.0
not	1	167	404	attn	1	utterance_final	0	prompt_without	49	48	-0.4900351878135435	-1.1029223703568982	-1.102263992832553	0.0006583775243451662	0.0010742230268432698	0.0010742230268432698
not	1	148	177	attn	2	utterance_final	0	prompt_without	36	35	-0.60382080078125	-1.6772422790527344	-1.7071367899576824	-0.02989451090494799	-0.027849741699864906	0.0
not	1	149	110	attn	2	utterance_final	0	prompt_without	32	31	-0.678841939994267	-1.865637012890407	-1.845425273690905	0.020211739199502032	0.017030521663844847	0.017030521663844847
not	1	158	326	attn	2	utterance_final	0	prompt_without	54	53	-0.7043176548821586	-1.5614863123212541	-1.5643874577113561	-0.002901145390102	-0.003384567745126793	0.0
not	1	167	404	attn	2	utterance_final	0	prompt_without	49	48	-0.4900351878135435	-1.1029223703568982	-1.1037634380402104	-0.0008410676833121578	-0.0013723042466345947	0.0
not	1	148	177	attn	3	utterance_final	0	prompt_without	36	35	-0.60382080078125	-1.6772422790527344	-1.4784138997395833	0.19882837931315112	0.185228620199888	0.185228620199888
not	1	149	110	attn	3	utterance_final	0	prompt_without	32	31	-0.678841939994267	-1.865637012890407	-1.8157517399106706	0.04988527297973633	0.04203360303645442	0.04203360303645442
not	1	158	326	attn	3	utterance_final	0	prompt_without	54	53	-0.7043176548821586	-1.5614863123212541	-1.5635463850838798	-0.002060072762625653	-0.0024033458815216043	0.0
not	1	167	404	attn	3	utterance_final	0	prompt_without	49	48	-0.4900351878135435	-1.1029223703568982	-1.076820473517141	0.026101896839757277	0.04258842015824155	0.04258842015824155
not	1	148	177	attn	4	utterance_final	0	prompt_without	36	35	-0.60382080078125	-1.6772422790527344	-1.5569521586100261	0.12029012044270826	0.11206233793310132	0.11206233793310132
not	1	149	110	attn	4	utterance_final	0	prompt_without	32	31	-0.678841939994267	-1.865637012890407	-1.820509365626744	0.04512764726366303	0.038024801664821445	0.038024801664821445
not	1	158	326	attn	4	utterance_final	0	prompt_without	54	53	-0.7043176548821586	-1.5614863123212541	-1.5682898248944963	-0.0068035125732421875	-0.007937192423214095	0.0
not	1	167	404	attn	4	utterance_final	0	prompt_without	49	48	-0.4900351878135435	-1.1029223703568982	-1.0459350732065016	0.05698729715039663	0.09298170817329082	0.09298170817329082
not	1	148	177	attn	5	utterance_final	0	prompt_without	36	35	-0.60382080078125	-1.6772422790527344	-1.6009559631347656	0.07628631591796875	0.0710683710566436	0.0710683710566436
not	1	149	110	attn	5	utterance_final	0	prompt_without	32	31	-0.678841939994267	-1.865637012890407	-1.8791930420058114	-0.013556029115404433	-0.01142238405348584	0.0
not	1	158	326	attn	5	utterance_final	0	prompt_without	54	53	-0.7043176548821586	-1.5614863123212541	-1.5663978712899345	-0.004911558968680341	-0.0057299796557590795	0.0
not	1	167	404	attn	5	utterance_final	0	prompt_without	49	48	-0.4900351878135435	-1.1029223703568982	-1.077510460730522	0.025411909626376294	0.04146262207821371	0.04146262207821371
not	1	148	177	attn	6	utterance_final	0	prompt_without	36	35	-0.60382080078125	-1.6772422790527344	-1.4752044677734375	0.20203781127929688	0.18821852866651742	0.18821852866651742
not	1	149	110	attn	6	utterance_final	0	prompt_without	32	31	-0.678841939994267	-1.865637012890407	-1.8877238460949488	-0.022086833204541856	-0.018610486097354016	0.0
not	1	158	326	attn	6	utterance_final	0	prompt_without	54	53	-0.7043176548821586	-1.5614863123212541	-1.5401700564793177	0.021316255841936416	0.024868216607011207	0.024868216607011207
not	1	167	404	attn	6	utterance_final	0	prompt_without	49	48	-0.4900351878135435	-1.1029223703568982	-0.9672503009919198	0.13567206936497844	0.22136548655164803	0.22136548655164803
not	1	148	177	attn	7	utterance_final	0	prompt_without	36	35	-0.60382080078125	-1.6772422790527344	-0.967505137125651	0.7097371419270834	0.6611914856314998	0.6611914856314998
not	1	149	110	attn	7	utterance_final	0	prompt_without	32	31	-0.678841939994267	-1.865637012890407	-1.9025390829358781	-0.03690207004547119	-0.03109388544681008	0.0
not	1	158	326	attn	7	utterance_final	0	prompt_without	54	53	-0.7043176548821586	-1.5614863123212541	-1.4903336252485002	0.0711526870727539	0.08300896965287081	0.08300896965287081
not	1	167	404	attn	7	utterance_final	0	prompt_without	49	48	-0.4900351878135435	-1.1029223703568982	-1.073305933706222	0.029616436650676148	0.04832281942620186	0.04832281942620186
not	1	148	177	attn	8	utterance_final	0	prompt_without	36	35	-0.60382080078125	-1.6772422790527344	-1.5736427307128906	0.10359954833984375	0.09651339239705606	0.09651339239705606
not	1	149	110	attn	8	utterance_final	0	prompt_without	32	31	-0.678841939994267	-1.865637012890407	-1.877704279763358	-0.012067266872951121	-0.010167944869794016	0.0
not	1	158	326	attn	8	utterance_final	0	prompt_without	54	53	-0.7043176548821586	-1.5614863123212541	-1.547433512551444	0.01405279976981011	0.0163944395864808	0.0163944395864808
not	1	167	404	attn	8	utterance_final	0	prompt_without	49	48	-0.4900351878135435	-1.1029223703568982	-1.0880061464924966	0.014916223864401612	0.024337633889653845	0.024337633889653845
not	1	148	177	attn	9	utterance_final	0	prompt_without	36	35	-0.60382080078125	-1.6772422790527344	-1.7312978108723958	-0.054055531819661384	-0.05035816118260113	0.0
not	1	149	110	attn	9	utterance_final	0	prompt_without	32	31	-0.678841939994267	-1.865637012890407	-1.963368194443839	-0.09773118155343208	-0.08234882650375212	0.0
not	1	158	326	attn	9	utterance_final	0	prompt_without	54	53	-0.7043176548821586	-1.5614863123212541	-1.5317551067897253	0.02973120553152886	0.034685362412054076	0.034685362412054076
not	1	167	404	attn	9	utterance_final	0	prompt_without	49	48	-0.4900351878135435	-1.1029223703568982	-1.0804275351185952	0.02249483523830298	0.03670306033314986	0.03670306033314986
not	1	148	177	attn	10	utterance_final	0	prompt_without	36	35	-0.60382080078125	-1.6772422790527344	-1.6095352172851562	0.06770706176757812	0.06307593348756713	0.06307593348756713
not	1	149	110	attn	10	utterance_final	0	prompt_without	32	31	-0.678841939994267	-1.865637012890407	-1.821359293801444	0.04427771908896294	0.037308647550172144	0.037308647550172144
not	1	158	326	attn	10	utterance_final	0	prompt_without	54	53	-0.7043176548821586	-1.5614863123212541	-1.514794145311628	0.046692167009626084	0.054472555201825854	0.054472555201825854
not	1	167	404	attn	10	utterance_final	0	prompt_without	49	48	-0.4900351878135435	-1.1029223703568982	-1.094020293604943	0.008902076751955201	0.014524821215893973	0.014524821215893973
not	1	148	177	attn	11	utterance_final	0	prompt_without	36	35	-0.60382080078125	-1.6772422790527344	-1.6440264383951824	0.03321584065755201	0.030943894201780845	0.030943894201780845
not	1	149	110	attn	11	utterance_final	0	prompt_without	32	31	-0.678841939994267	-1.865637012890407	-1.900529078074864	-0.03489206518445709	-0.029400244390389883	0.0
not	1	158	326	attn	11	utterance_final	0	prompt_without	54	53	-0.7043176548821586	-1.5614863123212541	-1.5004534721374512	0.06103284018380295	0.07120283698443503	0.07120283698443503
not	1	167	404	attn	11	utterance_final	0	prompt_without	49	48	-0.4900351878135435	-1.1029223703568982	-1.0836426865669988	0.019279683789899416	0.031457149601159425	0.031457149601159425
not	1	148	177	attn	12	utterance_final	0	prompt_without	36	35	-0.60382080078125	-1.6772422790527344	-1.1112353006998699	0.5660069783528645	0.5272923914884744	0.5272923914884744
not	1	149	110	attn	12	utterance_final	0	prompt_without	32	31	-0.678841939994267	-1.865637012890407	-1.84737948008946	0.018257532800946885	0.015383896696160837	0.015383896696160837
not	1	158	326	attn	12	utterance_final	0	prompt_without	54	53	-0.7043176548821586	-1.5614863123212541	-1.548199040549142	0.013287271772112197	0.015501350471457594	0.015501350471457594
not	1	167	404	attn	12	utterance_final	0	prompt_without	49	48	-0.4900351878135435	-1.1029223703568982	-1.0826438742299234	0.020278496126974854	0.03308683344106382	0.03308683344106382
not	1	148	177	attn	13	utterance_final	0	prompt_without	36	35	-0.60382080078125	-1.6772422790527344	-1.5622291564941406	0.11501312255859375	0.10714628399628986	0.10714628399628986
not	1	149	110	attn	13	utterance_final	0	prompt_without	32	31	-0.678841939994267	-1.865637012890407	-1.8547263060297285	0.01091070686067841	0.0091934210967467	0.0091934210967467
not	1	158	326	attn	13	utterance_final	0	prompt_without	54	53	-0.7043176548821586	-1.5614863123212541	-1.5353397641863142	0.026146548134939884	0.030503387994908898	0.030503387994908898
not	1	167	404	attn	13	utterance_final	0	prompt_without	49	48	-0.4900351878135435	-1.1029223703568982	-1.093355651824705	0.009566718532193264	0.015609265138313655	0.015609265138313655
not	1	148	177	attn	14	utterance_final	0	prompt_without	36	35	-0.60382080078125	-1.6772422790527344	-1.6545117696126301	0.02273050944010424	0.021175754258901978	0.021175754258901978
not	1	149	110	attn	14	utterance_final	0	prompt_without	32	31	-0.678841939994267	-1.865637012890407	-1.848389174257006	0.017247838633400958	0.014533122884737803	0.014533122884737803
not	1	158	326	attn	14	utterance_final	0	prompt_without	54	53	-0.7043176548821586	-1.5614863123212541	-1.5691279683794295	-0.00764165605817535	-0.008914997056712042	0.0
not	1	167	404	attn	14	utterance_final	0	prompt_without	49	48	-0.4900351878135435	-1.1029223703568982	-1.0917090062172181	0.011213364139680104	0.01829596777199185	0.01829596777199185
not	1	148	177	attn	15	utterance_final	0	prompt_without	36	35	-0.60382080078125	-1.6772422790527344	-1.6855748494466145	-0.008332570393880134	-0.0077626268549218485	0.0
not	1	149	110	attn	15	utterance_final	0	prompt_without	32	31	-0.678841939994267	-1.865637012890407	-1.8559756108692713	0.009661402021135634	0.008140750026505321	0.008140750026505321
not	1	158	326	attn	15	utterance_final	0	prompt_without	54	53	-0.7043176548821586	-1.5614863123212541	-1.5742904118129186	-0.0128040994916645	-0.014937666444685969	0.0
not	1	167	404	attn	15	utterance_final	0	prompt_without	49	48	-0.4900351878135435	-1.1029223703568982	-1.1034761090432443	-0.0005537386863461169	-0.0009034920326579782	0.0
not	1	148	177	attn	16	utterance_final	0	prompt_without	36	35	-0.60382080078125	-1.6772422790527344	-1.6688512166341145	0.008391062418619866	0.00781711805518544	0.00781711805518544
not	1	149	110	attn	16	utterance_final	0	prompt_without	32	31	-0.678841939994267	-1.865637012890407	-1.8662393348557609	-0.0006023219653539247	-0.0005075197724608651	0.0
not	1	158	326	attn	16	utterance_final	0	prompt_without	54	53	-0.7043176548821586	-1.5614863123212541	-1.5749882970537459	-0.013501984732491756	-0.015751841385370665	0.0
not	1	167	404	attn	16	utterance_final	0	prompt_without	49	48	-0.4900351878135435	-1.1029223703568982	-1.102469486574973	0.0004528837819253173	0.0007389349864455372	0.0007389349864455372
not	1	148	177	attn	17	utterance_final	0	prompt_without	36	35	-0.60382080078125	-1.6772422790527344	-1.6774978637695312	-0.000255584716796875	-0.0002381028533250886	0.0
not	1	149	110	attn	17	utterance_final	0	prompt_without	32	31	-0.678841939994267	-1.865637012890407	-1.8631102102143424	0.0025268026760645323	0.002129097713473285	0.002129097713473285
not	1	158	326	attn	17	utterance_final	0	prompt_without	54	53	-0.7043176548821586	-1.5614863123212541	-1.5736222948346819	-0.012135982513427734	-0.014158220098347487	0.0
not	1	167	404	attn	17	utterance_final	0	prompt_without	49	48	-0.4900351878135435	-1.1029223703568982	-1.1017263973912885	0.001195972965609693	0.0019513753912207025	0.0019513753912207025
not	1	148	177	attn	18	utterance_final	0	prompt_without	36	35	-0.60382080078125	-1.6772422790527344	-1.6776695251464844	-0.00042724609375	-0.0003980226801852227	0.0
not	1	149	110	attn	18	utterance_final	0	prompt_without	32	31	-0.678841939994267	-1.865637012890407	-1.864207889352526	0.0014291235378809386	0.0012041872860100809	0.0012041872860100809
not	1	158	326	attn	18	utterance_final	0	prompt_without	54	53	-0.7043176548821586	-1.5614863123212541	-1.5660579545157296	-0.004571642194475478	-0.005333422022375226	0.0
not	1	167	404	attn	18	utterance_final	0	prompt_without	49	48	-0.4900351878135435	-1.1029223703568982	-1.1018183654354465	0.0011040049214516845	0.0018013183386709002	0.0018013183386709002
not	1	148	177	attn	19	utterance_final	0	prompt_without	36	35	-0.60382080078125	-1.6772422790527344	-1.6764488220214844	0.00079345703125	0.0007391849774868422	0.0007391849774868422
not	1	149	110	attn	19	utterance_final	0	prompt_without	32	31	-0.678841939994267	-1.865637012890407	-1.860032822404589	0.00560419048581795	0.00472212146292622	0.00472212146292622
not	1	158	326	attn	19	utterance_final	0	prompt_without	54	53	-0.7043176548821586	-1.5614863123212541	-1.5641053744724818	-0.002619062151227647	-0.0030554805387453627	0.0
not	1	167	404	attn	19	utterance_final	0	prompt_without	49	48	-0.4900351878135435	-1.1029223703568982	-1.1037906754401423	-0.000868305083244092	-0.0014167453782290011	0.0
not	1	148	177	attn	20	utterance_final	0	prompt_without	36	35	-0.60382080078125	-1.6772422790527344	-1.6746902465820312	0.002552032470703125	0.0023774747593206607	0.0023774747593206607
not	1	149	110	attn	20	utterance_final	0	prompt_without	32	31	-0.678841939994267	-1.865637012890407	-1.8663098982402258	-0.000672885349818797	-0.0005669768649921614	0.0
not	1	158	326	attn	20	utterance_final	0	prompt_without	54	53	-0.7043176548821586	-1.5614863123212541	-1.5688486780439104	-0.00736236572265625	-0.008589168139502777	0.0
not	1	167	404	attn	20	utterance_final	0	prompt_without	49	48	-0.4900351878135435	-1.1029223703568982	-1.1018898410181845	0.0010325293387136725	0.001684697229967985	0.001684697229967985
not	1	148	177	attn	21	utterance_final	0	prompt_without	36	35	-0.60382080078125	-1.6772422790527344	-1.6787389119466145	-0.0014966328938801343	-0.0013942639719582855	0.0
not	1	149	110	attn	21	utterance_final	0	prompt_without	32	31	-0.678841939994267	-1.865637012890407	-1.86534070117133	0.00029631171907684717	0.00024967387027800575	0.00024967387027800575
not	1	158	326	attn	21	utterance_final	0	prompt_without	54	53	-0.7043176548821586	-1.5614863123212541	-1.569687843322754	-0.008201531001499784	-0.009568164830014832	0.0
not	1	167	404	attn	21	utterance_final	0	prompt_without	49	48	-0.4900351878135435	-1.1029223703568982	-1.1025419350593322	0.00038043529756603967	0.0006207264703877671	0.0006207264703877671
not	1	148	177	attn	22	utterance_final	0	prompt_without	36	35	-0.60382080078125	-1.6772422790527344	-1.6767044067382812	0.000537872314453125	0.0005010821241617536	0.0005010821241617536
not	1	149	110	attn	22	utterance_final	0	prompt_without	32	31	-0.678841939994267	-1.865637012890407	-1.8652532270976476	0.000383785792759328	0.0003233800017578218	0.0003233800017578218
not	1	158	326	attn	22	utterance_final	0	prompt_without	54	53	-0.7043176548821586	-1.5614863123212541	-1.5655003956386022	-0.004014083317348094	-0.0046829562449713195	0.0
not	1	167	404	attn	22	utterance_final	0	prompt_without	49	48	-0.4900351878135435	-1.1029223703568982	-1.1022240538750925	0.0006983164818057386	0.0011393882947720818	0.0011393882947720818
not	1	148	177	attn	23	utterance_final	0	prompt_without	36	35	-0.60382080078125	-1.6772422790527344	-1.6759109497070312	0.001331329345703125	0.0012402671016485958	0.0012402671016485958
not	1	149	110	attn	23	utterance_final	0	prompt_without	32	31	-0.678841939994267	-1.865637012890407	-1.8639848487717765	0.0016521641186304503	0.001392122495586933	0.001392122495586933
not	1	158	326	attn	23	utterance_final	0	prompt_without	54	53	-0.7043176548821586	-1.5614863123212541	-1.5652227401733398	-0.003736427852085722	-0.004359034618984779	0.0
not	1	167	404	attn	23	utterance_final	0	prompt_without	49	48	-0.4900351878135435	-1.1029223703568982	-1.1025321099065966	0.00039026045030166046	0.0006367574023691612	0.0006367574023691612
not	1	148	177	attn	24	utterance_final	0	prompt_without	36	35	-0.60382080078125	-1.6772422790527344	-1.6766319274902344	0.0006103515625	0.0005686038288360325	0.0005686038288360325
not	1	149	110	attn	24	utterance_final	0	prompt_without	32	31	-0.678841939994267	-1.865637012890407	-1.8636318445205688	0.002005168369838106	0.0016895658025819801	0.0016895658025819801
not	1	158	326	attn	24	utterance_final	0	prompt_without	54	53	-0.7043176548821586	-1.5614863123212541	-1.566336223057338	-0.004849910736083984	-0.005658058882570126	0.0
not	1	167	404	attn	24	utterance_final	0	prompt_without	49	48	-0.4900351878135435	-1.1029223703568982	-1.10241098173203	0.0005113886248682142	0.0008343927551985301	0.0008343927551985301
not	1	148	177	attn	25	utterance_final	0	prompt_without	36	35	-0.60382080078125	-1.6772422790527344	-1.6764806111653645	0.0007616678873698657	0.0007095701947350344	0.0007095701947350344
not	1	149	110	attn	25	utterance_final	0	prompt_without	32	31	-0.678841939994267	-1.865637012890407	-1.8640891994748796	0.0015478134155273438	0.0013041960241292625	0.0013041960241292625
not	1	158	326	attn	25	utterance_final	0	prompt_without	54	53	-0.7043176548821586	-1.5614863123212541	-1.5663387434823173	-0.004852431161063153	-0.005660999289871881	0.0
not	1	167	404	attn	25	utterance_final	0	prompt_without	49	48	-0.4900351878135435	-1.1029223703568982	-1.1022013156644759	0.0007210546924223404	0.0011764884516431114	0.0011764884516431114
not	1	148	177	attn	26	utterance_final	0	prompt_without	36	35	-0.60382080078125	-1.6772422790527344	-1.6789105733235676	-0.0016682942708332593	-0.0015541837988184196	0.0
not	1	149	110	attn	26	utterance_final	0	prompt_without	32	31	-0.678841939994267	-1.865637012890407	-1.8642945204462325	0.0013424924441745034	0.0011311914540548392	0.0011311914540548392
not	1	158	326	attn	26	utterance_final	0	prompt_without	54	53	-0.7043176548821586	-1.5614863123212541	-1.5643856184823173	-0.002899306161063153	-0.0033824220425011957	0.0
not	1	167	404	attn	26	utterance_final	0	prompt_without	49	48	-0.4900351878135435	-1.1029223703568982	-1.1024882793426514	0.00043409101424685126	0.0007082722997166682	0.0007082722997166682
not	1	148	177	attn	27	utterance_final	0	prompt_without	36	35	-0.60382080078125	-1.6772422790527344	-1.6761843363444011	0.0010579427083332593	0.0009855799699823873	0.0009855799699823873
not	1	149	110	attn	27	utterance_final	0	prompt_without	32	31	-0.678841939994267	-1.865637012890407	-1.864786752632686	0.0008502602577209473	0.0007164339296135216	0.0007164339296135216
not	1	158	326	attn	27	utterance_final	0	prompt_without	54	53	-0.7043176548821586	-1.5614863123212541	-1.5638288770403181	-0.002342564719064022	-0.0027329099107085216	0.0
not	1	167	404	attn	27	utterance_final	0	prompt_without	49	48	-0.4900351878135435	-1.1029223703568982	-1.1021713018417358	0.0007510685151623786	0.0012254596548186894	0.0012254596548186894
not	1	148	177	attn	28	utterance_final	0	prompt_without	36	35	-0.60382080078125	-1.6772422790527344	-1.6784947713216145	-0.0012524922688801343	-0.0011668224404238726	0.0
not	1	149	110	attn	28	utterance_final	0	prompt_without	32	31	-0.678841939994267	-1.865637012890407	-1.8642913869449071	0.0013456259454998065	0.0011338317593584807	0.0011338317593584807
not	1	158	326	attn	28	utterance_final	0	prompt_without	54	53	-0.7043176548821586	-1.5614863123212541	-1.5662001882280623	-0.004713875906808163	-0.0054993563587491506	0.0
not	1	167	404	attn	28	utterance_final	0	prompt_without	49	48	-0.4900351878135435	-1.1029223703568982	-1.10258767297191	0.0003346973849882584	0.0005460995017049201	0.0005460995017049201
not	1	148	177	attn	29	utterance_final	0	prompt_without	36	35	-0.60382080078125	-1.6772422790527344	-1.679491678873698	-0.0022493998209636157	-0.0020955420275228635	0.0
not	1	149	110	attn	29	utterance_final	0	prompt_without	32	31	-0.678841939994267	-1.865637012890407	-1.8631435632705688	0.002493449619838106	0.0021009942464231277	0.0021009942464231277
not	1	158	326	attn	29	utterance_final	0	prompt_without	54	53	-0.7043176548821586	-1.5614863123212541	-1.5615932600838798	-0.0001069477626256532	-0.0001247686341509193	0.0
not	1	167	404	attn	29	utterance_final	0	prompt_without	49	48	-0.4900351878135435	-1.1029223703568982	-1.1034829885728898	-0.0005606182159916262	-0.0009147168222137993	0.0
not	1	148	177	attn	30	utterance_final	0	prompt_without	36	35	-0.60382080078125	-1.6772422790527344	-1.6760215759277344	0.001220703125	0.001137207657672065	0.001137207657672065
not	1	149	110	attn	30	utterance_final	0	prompt_without	32	31	-0.678841939994267	-1.865637012890407	-1.8627073509352547	0.0029296619551522074	0.0024685491388188392	0.0024685491388188392
not	1	158	326	attn	30	utterance_final	0	prompt_without	54	53	-0.7043176548821586	-1.5614863123212541	-1.5638579641069685	-0.0023716517857144126	-0.002766843800378837	0.0
not	1	167	404	attn	30	utterance_final	0	prompt_without	49	48	-0.4900351878135435	-1.1029223703568982	-1.103008508682251	-8.613832535275812e-05	-0.00014054515709612645	0.0
not	1	148	177	attn	31	utterance_final	0	prompt_without	36	35	-0.60382080078125	-1.6772422790527344	-1.6772422790527344	0.0	0.0	0.0
not	1	149	110	attn	31	utterance_final	0	prompt_without	32	31	-0.678841939994267	-1.865637012890407	-1.865637012890407	0.0	0.0	0.0
not	1	158	326	attn	31	utterance_final	0	prompt_without	54	53	-0.7043176548821586	-1.5614863123212541	-1.5614863123212541	0.0	0.0	0.0
not	1	167	404	attn	31	utterance_final	0	prompt_without	49	48	-0.4900351878135435	-1.1029223703568982	-1.1029223703568982	0.0	0.0	0.0
not	1	174	176	attn	0	utterance_final	0	prompt_without	39	38	-0.47075083488371317	-1.280011822537678	-1.2792622781381375	0.0007495443995404472	0.0009262084926562009	0.0009262084926562009
not	1	174	176	attn	1	utterance_final	0	prompt_without	39	38	-0.47075083488371317	-1.280011822537678	-1.2781370325786312	0.0018747899590467743	0.002316669143389405	0.002316669143389405
not	1	174	176	attn	2	utterance_final	0	prompt_without	39	38	-0.47075083488371317	-1.280011822537678	-1.2732615238282738	0.0067502987094041345	0.008341312397837374	0.008341312397837374
not	1	174	176	attn	3	utterance_final	0	prompt_without	39	38	-0.47075083488371317	-1.280011822537678	-1.2573764963847835	0.02263532615289443	0.0279703661713805	0.0279703661713805
not	1	174	176	attn	4	utterance_final	0	prompt_without	39	38	-0.47075083488371317	-1.280011822537678	-1.2673618182903383	0.012650004247339641	0.015631550810340938	0.015631550810340938
not	1	174	176	attn	5	utterance_final	0	prompt_without	39	38	-0.47075083488371317	-1.280011822537678	-1.266903586503936	0.013108236033742005	0.01619778567572197	0.01619778567572197
not	1	174	176	attn	6	utterance_final	0	prompt_without	39	38	-0.47075083488371317	-1.280011822537678	-1.253988643971885	0.026023178565792948	0.03215671947962516	0.03215671947962516
not	1	174	176	attn	7	utterance_final	0	prompt_without	39	38	-0.47075083488371317	-1.280011822537678	-1.2317887312028466	0.04822309133483138	0.05958904737843521	0.05958904737843521
not	1	174	176	attn	8	utterance_final	0	prompt_without	39	38	-0.47075083488371317	-1.280011822537678	-1.2990826048502109	-0.019070782312532897	-0.02356567609643312	0.0
not	1	174	176	attn	9	utterance_final	0	prompt_without	39	38	-0.47075083488371317	-1.280011822537678	-1.2761983377177541	0.003813484819923829	0.004712305273702941	0.004712305273702941
not	1	174	176	attn	10	utterance_final	0	prompt_without	39	38	-0.47075083488371317	-1.280011822537678	-1.283448370491586	-0.00343654795390802	-0.004246526159466206	0.0
not	1	174	176	attn	11	utterance_final	0	prompt_without	39	38	-0.47075083488371317	-1.280011822537678	-1.2878305737565203	-0.007818751218842346	-0.009661594143452764	0.0
not	1	174	176	attn	12	utterance_final	0	prompt_without	39	38	-0.47075083488371317	-1.280011822537678	-1.1759204282993223	0.10409139423835567	0.12862524677003773	0.12862524677003773
not	1	174	176	attn	13	utterance_final	0	prompt_without	39	38	-0.47075083488371317	-1.280011822537678	-1.270657050900343	0.009354771637335002	0.011559647357343076	0.011559647357343076
not	1	174	176	attn	14	utterance_final	0	prompt_without	39	38	-0.47075083488371317	-1.280011822537678	-1.27753885199384	0.0024729705438379934	0.003055838081367418	0.003055838081367418
not	1	174	176	attn	15	utterance_final	0	prompt_without	39	38	-0.47075083488371317	-1.280011822537678	-1.2746102083020094	0.005401614235668539	0.006674749330655041	0.006674749330655041
not	1	174	176	attn	16	utterance_final	0	prompt_without	39	38	-0.47075083488371317	-1.280011822537678	-1.2803779229885195	-0.0003661004508415111	-0.00045238860692250923	0.0
not	1	174	176	attn	17	utterance_final	0	prompt_without	39	38	-0.47075083488371317	-1.280011822537678	-1.2785057498187553	0.0015060727189226686	0.0018610469822458022	0.0018610469822458022
not	1	174	176	attn	18	utterance_final	0	prompt_without	39	38	-0.47075083488371317	-1.280011822537678	-1.2797241472616427	0.00028767527603523746	0.0003554789869078005	0.0003554789869078005
not	1	174	176	attn	19	utterance_final	0	prompt_without	39	38	-0.47075083488371317	-1.280011822537678	-1.2797989787125006	0.00021284382517738898	0.0002630101146904659	0.0002630101146904659
not	1	174	176	attn	20	utterance_final	0	prompt_without	39	38	-0.47075083488371317	-1.280011822537678	-1.2787955446941097	0.0012162778435682586	0.0015029488164185814	0.0015029488164185814
not	1	174	176	attn	21	utterance_final	0	prompt_without	39	38	-0.47075083488371317	-1.280011822537678	-1.2784817073403336	0.0015301151973443616	0.001890756159864004	0.001890756159864004
not	1	174	176	attn	22	utterance_final	0	prompt_without	39	38	-0.47075083488371317	-1.280011822537678	-1.2799303531646729	8.146937300512747e-05	0.00010067132142537344	0.00010067132142537344
not	1	174	176	attn	23	utterance_final	0	prompt_without	39	38	-0.47075083488371317	-1.280011822537678	-1.2795674597344748	0.0004443628032031466	0.0005490970280074263	0.0005490970280074263
not	1	174	176	attn	24	utterance_final	0	prompt_without	39	38	-0.47075083488371317	-1.280011822537678	-1.2794481457733526	0.0005636767643253382	0.0006965327291501206	0.0006965327291501206
not	1	174	176	attn	25	utterance_final	0	prompt_without	39	38	-0.47075083488371317	-1.280011822537678	-1.2791860045456305	0.0008258179920475062	0.0010204594125333285	0.0010204594125333285
not	1	174	176	attn	26	utterance_final	0	prompt_without	39	38	-0.47075083488371317	-1.280011822537678	-1.2798494187796987	0.0001624037579792681	0.0002006815606545845	0.0002006815606545845
not	1	174	176	attn	27	utterance_final	0	prompt_without	39	38	-0.47075083488371317	-1.280011822537678	-1.2796475451167038	0.0003642774209742239	0.00045013589748130395	0.00045013589748130395
not	1	174	176	attn	28	utterance_final	0	prompt_without	39	38	-0.47075083488371317	-1.280011822537678	-1.2790996475917538	0.0009121749459242157	0.0011271702946766245	0.0011271702946766245
not	1	174	176	attn	29	utterance_final	0	prompt_without	39	38	-0.47075083488371317	-1.280011822537678	-1.2793593930035103	0.0006524295341676645	0.0008062041098249993	0.0008062041098249993
not	1	174	176	attn	30	utterance_final	0	prompt_without	39	38	-0.47075083488371317	-1.280011822537678	-1.2799920977615729	1.9724776105123354e-05	2.437381315304124e-05	2.437381315304124e-05
not	1	174	176	attn	31	utterance_final	0	prompt_without	39	38	-0.47075083488371317	-1.280011822537678	-1.280011822537678	0.0	0.0	0.0
not	0	122	73	mlp	0	utterance_final	0	prompt_without	29	28	-0.4875379034451076	-1.7351864661489214	-1.7334371634892054	0.0017493026597159567	0.001402079649677145	0.001402079649677145
not	0	124	1	mlp	0	utterance_final	0	prompt_without	25	24	-0.49492383003234863	-2.7977982838948567	-2.798890495300293	-0.0010922114054361387	-0.0004742817844907791	0.0
not	0	133	197	mlp	0	utterance_final	0	prompt_without	50	49	-0.6861604635532086	-1.6139427515176625	-1.616473362996028	-0.0025306114783654188	-0.002727591926676632	0.0
not	0	134	116	mlp	0	utterance_final	0	prompt_without	45	44	-0.7970086511443643	-1.7582361698150635	-1.7558091984075659	0.002426971407497591	0.0025248667566799363	0.0025248667566799363
not	0	122	73	mlp	1	utterance_final	0	prompt_without	29	28	-0.4875379034451076	-1.7351864661489214	-1.741557010582515	-0.00637054443359375	-0.00510604077464568	0.0
not	0	124	1	mlp	1	utterance_final	0	prompt_without	25	24	-0.49492383003234863	-2.7977982838948567	-2.788439178466797	0.009359105428059955	0.004064097116697937	0.004064097116697937
not	0	133	197	mlp	1	utterance_final	0	prompt_without	50	49	-0.6861604635532086	-1.6139427515176625	-1.6183384565206675	-0.004395705003005013	-0.004737862599909242	0.0
not	0	134	116	mlp	1	utterance_final	0	prompt_without	45	44	-0.7970086511443643	-1.7582361698150635	-1.735176352893605	0.02305981692145842	0.02398996748797652	0.02398996748797652
not	0	122	73	mlp	2	utterance_final	0	prompt_without	29	28	-0.4875379034451076	-1.7351864661489214	-1.7294956701142448	0.005690796034676593	0.004561217160659338	0.004561217160659338
not	0	124	1	mlp	2	utterance_final	0	prompt_without	25	24	-0.49492383003234863	-2.7977982838948567	-2.772256088256836	0.025542195638020626	0.011091440784007936	0.011091440784007936
not	0	133	197	mlp	2	utterance_final	0	prompt_without	50	49	-0.6861604635532086	-1.6139427515176625	-1.6173043526135957	-0.0033616010959331977	-0.0036232650046688435	0.0
not	0	134	116	mlp	2	utterance_final	0	prompt_without	45	44	-0.7970086511443643	-1.7582361698150635	-1.7643491660847384	-0.006112996269674875	-0.006359572682780306	0.0
not	0	122	73	mlp	3	utterance_final	0	prompt_without	29	28	-0.4875379034451076	-1.7351864661489214	-1.7852438517979212	-0.050057385648999864	-0.04012138285201012	0.0
not	0	124	1	mlp	3	utterance_final	0	prompt_without	25	24	-0.49492383003234863	-2.7977982838948567	-2.778371047973633	0.01942723592122375	0.008436081215213153	0.008436081215213153
not	0	133	197	mlp	3	utterance_final	0	prompt_without	50	49	-0.6861604635532086	-1.6139427515176625	-1.621965344135578	-0.00802259261791538	-0.008647063779927161	0.0
not	0	134	116	mlp	3	utterance_final	0	prompt_without	45	44	-0.7970086511443643	-1.7582361698150635	-1.463473618030548	0.2947625517845154	0.3066522192291669	0.3066522192291669
not	0	122	73	mlp	4	utterance_final	0	prompt_without	29	28	-0.4875379034451076	-1.7351864661489214	-1.8839085612978255	-0.1487220951489041	-0.11920191277790947	0.0
not	0	124	1	mlp	4	utterance_final	0	prompt_without	25	24	-0.49492383003234863	-2.7977982838948567	-2.7450817743937175	0.052716509501139264	0.02289161244231974	0.02289161244231974
not	0	133	197	mlp	4	utterance_final	0	prompt_without	50	49	-0.6861604635532086	-1.6139427515176625	-1.6164416716648982	-0.002498920147235628	-0.002693433771750738	0.0
not	0	134	116	mlp	4	utterance_final	0	prompt_without	45	44	-0.7970086511443643	-1.7582361698150635	-1.3776818654116463	0.3805543044034172	0.3959045044087932	0.3959045044087932
not	0	122	73	mlp	5	utterance_final	0	prompt_without	29	28	-0.4875379034451076	-1.7351864661489214	-1.7816305330821447	-0.04644406693322334	-0.037225279875747315	0.0
not	0	124	1	mlp	5	utterance_final	0	prompt_without	25	24	-0.49492383003234863	-2.7977982838948567	-2.7950571060180662	0.0027411778767905126	0.0011903288397649545	0.0011903288397649545
not	0	133	197	mlp	5	utterance_final	0	prompt_without	50	49	-0.6861604635532086	-1.6139427515176625	-1.6135788789162269	0.00036387260143566635	0.00039219610694875366	0.00039219610694875366
not	0	134	116	mlp	5	utterance_final	0	prompt_without	45	44	-0.7970086511443643	-1.7582361698150635	-1.7308367806322433	0.027399389182820144	0.028504582578650378	0.028504582578650378
not	0	122	73	mlp	6	utterance_final	0	prompt_without	29	28	-0.4875379034451076	-1.7351864661489214	-1.9665681038584029	-0.2313816377094815	-0.18545417726290483	0.0
not	0	124	1	mlp	6	utterance_final	0	prompt_without	25	24	-0.49492383003234863	-2.7977982838948567	-2.775582695007324	0.02221558888753261	0.009646895361695206	0.009646895361695206
not	0	133	197	mlp	6	utterance_final	0	prompt_without	50	49	-0.6861604635532086	-1.6139427515176625	-1.6079483949221098	0.005994356595552697	0.0064609517483937545	0.0064609517483937545
not	0	134	116	mlp	6	utterance_final	0	prompt_without	45	44	-0.7970086511443643	-1.7582361698150635	-1.4851741685586817	0.2730620012563818	0.2840763460808995	0.2840763460808995
not	0	122	73	mlp	7	utterance_final	0	prompt_without	29	28	-0.4875379034451076	-1.7351864661489214	-1.6998889446258545	0.035297521523066866	0.028291237274840147	0.028291237274840147
not	0	124	1	mlp	7	utterance_final	0	prompt_without	25	24	-0.49492383003234863	-2.7977982838948567	-2.795141855875651	0.0026564280192058476	0.0011535270690724542	0.0011535270690724542
not	0	133	197	mlp	7	utterance_final	0	prompt_without	50	49	-0.6861604635532086	-1.6139427515176625	-1.6276064194165742	-0.013663667898911713	-0.014727235124190266	0.0
not	0	134	116	mlp	7	utterance_final	0	prompt_without	45	44	-0.7970086511443643	-1.7582361698150635	-1.731535455759834	0.026700714055229557	0.027777725394456568	0.027777725394456568
not	0	122	73	mlp	8	utterance_final	0	prompt_without	29	28	-0.4875379034451076	-1.7351864661489214	-1.8783393842833382	-0.14315291813441688	-0.11473817420523151	0.0
not	0	124	1	mlp	8	utterance_final	0	prompt_without	25	24	-0.49492383003234863	-2.7977982838948567	-2.8278159459431964	-0.030017662048339666	-0.013034866923810104	0.0
not	0	133	197	mlp	8	utterance_final	0	prompt_without	50	49	-0.6861604635532086	-1.6139427515176625	-1.620822127048786	-0.006879375531123388	-0.00741485973634685	0.0
not	0	134	116	mlp	8	utterance_final	0	prompt_without	45	44	-0.7970086511443643	-1.7582361698150635	-1.8801991273375118	-0.12196295752244835	-0.12688250716241808	0.0
not	0	122	73	mlp	9	utterance_final	0	prompt_without	29	28	-0.4875379034451076	-1.7351864661489214	-1.6341076067515783	0.10107885939734307	0.08101548979328946	0.08101548979328946
not	0	124	1	mlp	9	utterance_final	0	prompt_without	25	24	-0.49492383003234863	-2.7977982838948567	-2.803701909383138	-0.005903625488281161	-0.002563589812019181	0.0
not	0	133	197	mlp	9	utterance_final	0	prompt_without	50	49	-0.6861604635532086	-1.6139427515176625	-1.6204559252812312	-0.006513173763568636	-0.007020153163150464	0.0
not	0	134	116	mlp	9	utterance_final	0	prompt_without	45	44	-0.7970086511443643	-1.7582361698150635	-1.6590483889860266	0.0991877808290369	0.10318866127158496	0.10318866127158496
not	0	122	73	mlp	10	utterance_final	0	prompt_without	29	28	-0.4875379034451076	-1.7351864661489214	-1.8080242361341203	-0.07283776998519897	-0.058380037586345815	0.0
not	0	124	1	mlp	10	utterance_final	0	prompt_without	25	24	-0.49492383003234863	-2.7977982838948567	-2.7141730626424154	0.08362522125244132	0.03631340871065745	0.03631340871065745
not	0	133	197	mlp	10	utterance_final	0	prompt_without	50	49	-0.6861604635532086	-1.6139427515176625	-1.6368121825731718	-0.022869431055509315	-0.02464956633919434	0.0
not	0	134	116	mlp	10	utterance_final	0	prompt_without	45	44	-0.7970086511443643	-1.7582361698150635	-1.5299339049002703	0.22830226491479322	0.2375111620092993	0.2375111620092993
not	0	122	73	mlp	11	utterance_final	0	prompt_without	29	28	-0.4875379034451076	-1.7351864661489214	-1.5064281395503454	0.22875832659857598	0.18335157306062813	0.18335157306062813
not	0	124	1	mlp	11	utterance_final	0	prompt_without	25	24	-0.49492383003234863	-2.7977982838948567	-2.805689303080241	-0.007891019185384263	-0.0034265954759926274	0.0
not	0	133	197	mlp	11	utterance_final	0	prompt_without	50	49	-0.6861604635532086	-1.6139427515176625	-1.6126340260872474	0.0013087254304151585	0.001410595403029832	0.001410595403029832
not	0	134	116	mlp	11	utterance_final	0	prompt_without	45	44	-0.7970086511443643	-1.7582361698150635	-1.6732766102342045	0.08495955958085899	0.08838652444985269	0.08838652444985269
not	0	122	73	mlp	12	utterance_final	0	prompt_without	29	28	-0.4875379034451076	-1.7351864661489214	-1.55767194713865	0.17751451901027138	0.1422792638221574	0.1422792638221574
not	0	124	1	mlp	12	utterance_final	0	prompt_without	25	24	-0.49492383003234863	-2.7977982838948567	-2.7378260930379232	0.059972190856933505	0.02604231887515398	0.02604231887515398
not	0	133	197	mlp	12	utterance_final	0	prompt_without	50	49	-0.6861604635532086	-1.6139427515176625	-1.6396208634743323	-0.025678111956669802	-0.02767687235440477	0.0
not	0	134	116	mlp	12	utterance_final	0	prompt_without	45	44	-0.7970086511443643	-1.7582361698150635	-1.8037836025742924	-0.0455474327592289	-0.047384653346397486	0.0
not	0	122	73	mlp	13	utterance_final	0	prompt_without	29	28	-0.4875379034451076	-1.7351864661489214	-1.735365731375558	-0.0001792652266365824	-0.00014368246956345765	0.0
not	0	124	1	mlp	13	utterance_final	0	prompt_without	25	24	-0.49492383003234863	-2.7977982838948567	-2.7507109959920246	0.04708728790283212	0.020447179751312418	0.020447179751312418
not	0	133	197	mlp	13	utterance_final	0	prompt_without	50	49	-0.6861604635532086	-1.6139427515176625	-1.6238809182093694	-0.009938166691706884	-0.01071174436139661	0.0
not	0	134	116	mlp	13	utterance_final	0	prompt_without	45	44	-0.7970086511443643	-1.7582361698150635	-1.747980973299812	0.01025519651525153	0.010668854476236434	0.010668854476236434
not	0	122	73	mlp	14	utterance_final	0	prompt_without	29	28	-0.4875379034451076	-1.7351864661489214	-1.6768720490591866	0.05831441708973473	0.04673945759482137	0.04673945759482137
not	0	124	1	mlp	14	utterance_final	0	prompt_without	25	24	-0.49492383003234863	-2.7977982838948567	-2.787861442565918	0.009936841328938684	0.004314973103406512	0.004314973103406512
not	0	133	197	mlp	14	utterance_final	0	prompt_without	50	49	-0.6861604635532086	-1.6139427515176625	-1.6312462458243737	-0.017303494306711187	-0.018650382240724704	0.0
not	0	134	116	mlp	14	utterance_final	0	prompt_without	45	44	-0.7970086511443643	-1.7582361698150635	-1.7565045006134932	0.0017316692015703072	0.0018015185457497796	0.0018015185457497796
not	0	122	73	mlp	15	utterance_final	0	prompt_without	29	28	-0.4875379034451076	-1.7351864661489214	-1.719931151185717	0.015255314963204425	0.012227253266051308	0.012227253266051308
not	0	124	1	mlp	15	utterance_final	0	prompt_without	25	24	-0.49492383003234863	-2.7977982838948567	-2.755870056152344	0.041928227742512814	0.01820690992172347	0.01820690992172347
not	0	133	197	mlp	15	utterance_final	0	prompt_without	50	49	-0.6861604635532086	-1.6139427515176625	-1.6201272560999944	-0.0061845045823318845	-0.0066659006779496	0.0
not	0	134	116	mlp	15	utterance_final	0	prompt_without	45	44	-0.7970086511443643	-1.7582361698150635	-1.7578193510279936	0.0004168187870698947	0.0004336317666459672	0.0004336317666459672
not	0	122	73	mlp	16	utterance_final	0	prompt_without	29	28	-0.4875379034451076	-1.7351864661489214	-1.723324486187526	0.011861979961395264	0.009507468942767697	0.009507468942767697
not	0	124	1	mlp	16	utterance_final	0	prompt_without	25	24	-0.49492383003234863	-2.7977982838948567	-2.7814207712809247	0.016377512613932055	0.007111769634885127	0.007111769634885127
not	0	133	197	mlp	16	utterance_final	0	prompt_without	50	49	-0.6861604635532086	-1.6139427515176625	-1.6156881130658662	-0.0017453615482037055	-0.0018812188708980564	0.0
not	0	134	116	mlp	16	utterance_final	0	prompt_without	45	44	-0.7970086511443643	-1.7582361698150635	-1.7474505761090446	0.010785593706018837	0.011220645993296623	0.011220645993296623
not	0	122	73	mlp	17	utterance_final	0	prompt_without	29	28	-0.4875379034451076	-1.7351864661489214	-1.723456518990653	0.011729947158268361	0.009401643626990657	0.009401643626990657
not	0	124	1	mlp	17	utterance_final	0	prompt_without	25	24	-0.49492383003234863	-2.7977982838948567	-2.786644681294759	0.011153602600097567	0.004843339410617947	0.004843339410617947
not	0	133	197	mlp	17	utterance_final	0	prompt_without	50	49	-0.6861604635532086	-1.6139427515176625	-1.6194464793572059	-0.0055037278395433376	-0.0059321329054669355	0.0
not	0	134	116	mlp	17	utterance_final	0	prompt_without	45	44	-0.7970086511443643	-1.7582361698150635	-1.7629550765542423	-0.004718906739178852	-0.004909250565053238	0.0
not	0	122	73	mlp	18	utterance_final	0	prompt_without	29	28	-0.4875379034451076	-1.7351864661489214	-1.7309779695102148	0.004208496638706594	0.00337314269780125	0.00337314269780125
not	0	124	1	mlp	18	utterance_final	0	prompt_without	25	24	-0.49492383003234863	-2.7977982838948567	-2.782211112976074	0.0155871709187827	0.006768571726799538	0.006768571726799538
not	0	133	197	mlp	18	utterance_final	0	prompt_without	50	49	-0.6861604635532086	-1.6139427515176625	-1.6169440287810106	-0.00300127726334809	-0.0032348938994436567	0.0
not	0	134	116	mlp	18	utterance_final	0	prompt_without	45	44	-0.7970086511443643	-1.7582361698150635	-1.755031911765828	0.00320425804923552	0.0033335063624341014	0.0033335063624341014
not	0	122	73	mlp	19	utterance_final	0	prompt_without	29	28	-0.4875379034451076	-1.7351864661489214	-1.725670303617205	0.009516162531716388	0.0076272780782864445	0.0076272780782864445
not	0	124	1	mlp	19	utterance_final	0	prompt_without	25	24	-0.49492383003234863	-2.7977982838948567	-2.7940940221150714	0.003704261779785334	0.001608538308969619	0.001608538308969619
not	0	133	197	mlp	19	utterance_final	0	prompt_without	50	49	-0.6861604635532086	-1.6139427515176625	-1.6173301935195923	-0.0033874420019297524	-0.0036511173428000763	0.0
not	0	134	116	mlp	19	utterance_final	0	prompt_without	45	44	-0.7970086511443643	-1.7582361698150635	-1.7562180757522583	0.0020180940628051758	0.0020994967618031147	0.0020994967618031147
not	0	122	73	mlp	20	utterance_final	0	prompt_without	29	28	-0.4875379034451076	-1.7351864661489214	-1.7278462903840202	0.007340175764901202	0.0058832078073284555	0.0058832078073284555
not	0	124	1	mlp	20	utterance_final	0	prompt_without	25	24	-0.49492383003234863	-2.7977982838948567	-2.8076282501220704	-0.00982996622721366	-0.004268563668647371	0.0
not	0	133	197	mlp	20	utterance_final	0	prompt_without	50	49	-0.6861604635532086	-1.6139427515176625	-1.6175062656402588	-0.0035635141225962563	-0.0038408947538916423	0.0
not	0	134	116	mlp	20	utterance_final	0	prompt_without	45	44	-0.7970086511443643	-1.7582361698150635	-1.7562902149032145	0.0019459549118490127	0.0020244477754237755	0.0020244477754237755
not	0	122	73	mlp	21	utterance_final	0	prompt_without	29	28	-0.4875379034451076	-1.7351864661489214	-1.7290039999144418	0.0061824662344796	0.004955294639286408	0.004955294639286408
not	0	124	1	mlp	21	utterance_final	0	prompt_without	25	24	-0.49492383003234863	-2.7977982838948567	-2.7960533777872723	0.0017449061075844874	0.0007577078744600404	0.0007577078744600404
not	0	133	197	mlp	21	utterance_final	0	prompt_without	50	49	-0.6861604635532086	-1.6139427515176625	-1.6131762908055232	0.0007664607121393718	0.0008261213024673923	0.0008261213024673923
not	0	134	116	mlp	21	utterance_final	0	prompt_without	45	44	-0.7970086511443643	-1.7582361698150635	-1.7553921376957613	0.0028440321193021756	0.0029587502064394124	0.0029587502064394124
not	0	122	73	mlp	22	utterance_final	0	prompt_without	29	28	-0.4875379034451076	-1.7351864661489214	-1.7341375010354179	0.0010489651135034972	0.0008407536744403857	0.0008407536744403857
not	0	124	1	mlp	22	utterance_final	0	prompt_without	25	24	-0.49492383003234863	-2.7977982838948567	-2.7967861811319987	0.0010121027628580137	0.0004394954145939042	0.0004394954145939042
not	0	133	197	mlp	22	utterance_final	0	prompt_without	50	49	-0.6861604635532086	-1.6139427515176625	-1.6172891305043147	-0.003346378986652132	-0.003606858020532013	0.0
not	0	134	116	mlp	22	utterance_final	0	prompt_without	45	44	-0.7970086511443643	-1.7582361698150635	-1.7593429298961865	-0.0011067600811229816	-0.0011514028256843316	0.0
not	0	122	73	mlp	23	utterance_final	0	prompt_without	29	28	-0.4875379034451076	-1.7351864661489214	-1.7340568729809351	0.0011295931679862203	0.0009053776854743837	0.0009053776854743837
not	0	124	1	mlp	23	utterance_final	0	prompt_without	25	24	-0.49492383003234863	-2.7977982838948567	-2.796135139465332	0.0016631444295245323	0.0007222036905811408	0.0007222036905811408
not	0	133	197	mlp	23	utterance_final	0	prompt_without	50	49	-0.6861604635532086	-1.6139427515176625	-1.6173278460135827	-0.003385094495920171	-0.0036485871091018977	0.0
not	0	134	116	mlp	23	utterance_final	0	prompt_without	45	44	-0.7970086511443643	-1.7582361698150635	-1.757994094315697	0.00024207549936638983	0.0002518399594938365	0.0002518399594938365
not	0	122	73	mlp	24	utterance_final	0	prompt_without	29	28	-0.4875379034451076	-1.7351864661489214	-1.7306707501411438	0.004515716007777559	0.003619381404961848	0.003619381404961848
not	0	124	1	mlp	24	utterance_final	0	prompt_without	25	24	-0.49492383003234863	-2.7977982838948567	-2.796823183695475	0.0009751001993816288	0.00042342742468923434	0.00042342742468923434
not	0	133	197	mlp	24	utterance_final	0	prompt_without	50	49	-0.6861604635532086	-1.6139427515176625	-1.6158536214094896	-0.0019108698918270939	-0.002059610230347817	0.0
not	0	134	116	mlp	24	utterance_final	0	prompt_without	45	44	-0.7970086511443643	-1.7582361698150635	-1.758505428538603	-0.00026925872353955604	-0.0002801196577392201	0.0
not	0	122	73	mlp	25	utterance_final	0	prompt_without	29	28	-0.4875379034451076	-1.7351864661489214	-1.7336703964642115	0.0015160696847098531	0.0012151416112116834	0.0012151416112116834
not	0	124	1	mlp	25	utterance_final	0	prompt_without	25	24	-0.49492383003234863	-2.7977982838948567	-2.795842107137044	0.0019561767578126776	0.0008494500230056701	0.0008494500230056701
not	0	133	197	mlp	25	utterance_final	0	prompt_without	50	49	-0.6861604635532086	-1.6139427515176625	-1.612706762093764	0.0012359894238984648	0.0013321976932866594	0.0013321976932866594
not	0	134	116	mlp	25	utterance_final	0	prompt_without	45	44	-0.7970086511443643	-1.7582361698150635	-1.758567073765923	-0.00033090395085944024	-0.0003442514331227782	0.0
not	0	122	73	mlp	26	utterance_final	0	prompt_without	29	28	-0.4875379034451076	-1.7351864661489214	-1.7319279057638985	0.003258560385022813	0.0026117614225925102	0.0026117614225925102
not	0	124	1	mlp	26	utterance_final	0	prompt_without	25	24	-0.49492383003234863	-2.7977982838948567	-2.797113863627116	0.0006844202677407374	0.0002972025967776011	0.0002972025967776011
not	0	133	197	mlp	26	utterance_final	0	prompt_without	50	49	-0.6861604635532086	-1.6139427515176625	-1.6156787322117732	-0.0017359806941106282	-0.0018711078198306139	0.0
not	0	134	116	mlp	26	utterance_final	0	prompt_without	45	44	-0.7970086511443643	-1.7582361698150635	-1.7575585631763233	0.0006776066387401691	0.000704938867831463	0.000704938867831463
not	0	122	73	mlp	27	utterance_final	0	prompt_without	29	28	-0.4875379034451076	-1.7351864661489214	-1.7315085870879037	0.003677879061017686	0.0029478485937155675	0.0029478485937155675
not	0	124	1	mlp	27	utterance_final	0	prompt_without	25	24	-0.49492383003234863	-2.7977982838948567	-2.7984338760375977	-0.0006355921427410038	-0.00027599947607866924	0.0
not	0	133	197	mlp	27	utterance_final	0	prompt_without	50	49	-0.6861604635532086	-1.6139427515176625	-1.6154451278539805	-0.001502376336318001	-0.0016193199156821598	0.0
not	0	134	116	mlp	27	utterance_final	0	prompt_without	45	44	-0.7970086511443643	-1.7582361698150635	-1.7591605011154623	-0.0009243313003988174	-0.0009616155202018078	0.0
not	0	122	73	mlp	28	utterance_final	0	prompt_without	29	28	-0.4875379034451076	-1.7351864661489214	-1.7329761300768172	0.002210336072104191	0.0017716015055666884	0.0017716015055666884
not	0	124	1	mlp	28	utterance_final	0	prompt_without	25	24	-0.49492383003234863	-2.7977982838948567	-2.797153091430664	0.0006451924641925899	0.000280168318820176	0.000280168318820176
not	0	133	197	mlp	28	utterance_final	0	prompt_without	50	49	-0.6861604635532086	-1.6139427515176625	-1.6139838328728309	-4.108135516833755e-05	-4.427908971884954e-05	0.0
not	0	134	116	mlp	28	utterance_final	0	prompt_without	45	44	-0.7970086511443643	-1.7582361698150635	-1.758740246295929	-0.0005040764808654785	-0.0005244091238280152	0.0
not	0	122	73	mlp	29	utterance_final	0	prompt_without	29	28	-0.4875379034451076	-1.7351864661489214	-1.731824321406228	0.0033621447426932516	0.0026947850886847933	0.0026947850886847933
not	0	124	1	mlp	29	utterance_final	0	prompt_without	25	24	-0.49492383003234863	-2.7977982838948567	-2.795970916748047	0.0018273671468098662	0.0007935157488698115	0.0007935157488698115
not	0	133	197	mlp	29	utterance_final	0	prompt_without	50	49	-0.6861604635532086	-1.6139427515176625	-1.614355912575355	-0.00041316105769251266	-0.00044532113088619564	0.0
not	0	134	116	mlp	29	utterance_final	0	prompt_without	45	44	-0.7970086511443643	-1.7582361698150635	-1.7580407051479114	0.00019546466715203437	0.00020334901296037214	0.00020334901296037214
not	0	122	73	mlp	30	utterance_final	0	prompt_without	29	28	-0.4875379034451076	-1.7351864661489214	-1.7346698471478053	0.0005166190011161031	0.00041407413638703183	0.00041407413638703183
not	0	124	1	mlp	30	utterance_final	0	prompt_without	25	24	-0.49492383003234863	-2.7977982838948567	-2.79766362508138	0.00013465881347674014	5.8474231302919244e-05	5.8474231302919244e-05
not	0	133	197	mlp	30	utterance_final	0	prompt_without	50	49	-0.6861604635532086	-1.6139427515176625	-1.6143171787261963	-0.00037442720853375633	-0.0004035722748655251	0.0
not	0	134	116	mlp	30	utterance_final	0	prompt_without	45	44	-0.7970086511443643	-1.7582361698150635	-1.7564330206197851	0.001803149195278353	0.0018758817868343638	0.0018758817868343638
not	0	122	73	mlp	31	utterance_final	0	prompt_without	29	28	-0.4875379034451076	-1.7351864661489214	-1.7351864661489214	0.0	0.0	0.0
not	0	124	1	mlp	31	utterance_final	0	prompt_without	25	24	-0.49492383003234863	-2.7977982838948567	-2.7977982838948567	0.0	0.0	0.0
not	0	133	197	mlp	31	utterance_final	0	prompt_without	50	49	-0.6861604635532086	-1.6139427515176625	-1.6139427515176625	0.0	0.0	0.0
not	0	134	116	mlp	31	utterance_final	0	prompt_without	45	44	-0.7970086511443643	-1.7582361698150635	-1.7582361698150635	0.0	0.0	0.0
not	0	139	42	mlp	0	utterance_final	0	prompt_without	42	41	-0.6637599070866903	-2.057447486453586	-2.0536405775282116	0.003806908925374497	0.0027315368104979774	0.0027315368104979774
not	0	155	130	mlp	0	utterance_final	0	prompt_without	70	69	-0.6468315124511719	-1.6258811950683594	-1.627828870500837	-0.0019476754324776469	-0.001989353009411266	0.0
not	0	162	271	mlp	0	utterance_final	0	prompt_without	39	38	-1.1560872395833333	-2.4831339518229165	-2.4793904622395835	0.0037434895833330373	0.0028209177181226404	0.0028209177181226404
not	0	164	22	mlp	0	utterance_final	0	prompt_without	48	47	-0.7339491844177246	-2.6290283203125	-2.6348876953125	-0.005859375	-0.0030918893512240867	0.0
not	0	139	42	mlp	1	utterance_final	0	prompt_without	42	41	-0.6637599070866903	-2.057447486453586	-2.061156802707248	-0.0037093162536621094	-0.0026615120264952955	0.0
not	0	155	130	mlp	1	utterance_final	0	prompt_without	70	69	-0.6468315124511719	-1.6258811950683594	-1.6317604609898158	-0.005879265921456378	-0.00600507413039548	0.0
not	0	162	271	mlp	1	utterance_final	0	prompt_without	39	38	-1.1560872395833333	-2.4831339518229165	-2.4755859375	0.007548014322916519	0.0056878286599106615	0.0056878286599106615
not	0	164	22	mlp	1	utterance_final	0	prompt_without	48	47	-0.7339491844177246	-2.6290283203125	-2.5965576171875	0.032470703125	0.017134220154700147	0.017134220154700147
not	0	139	42	mlp	2	utterance_final	0	prompt_without	42	41	-0.6637599070866903	-2.057447486453586	-2.0514831807878284	0.005964305665757674	0.004279514113534005	0.004279514113534005
not	0	155	130	mlp	2	utterance_final	0	prompt_without	70	69	-0.6468315124511719	-1.6258811950683594	-1.6234098161969865	0.0024713788713728313	0.002524262982003489	0.002524262982003489
not	0	162	271	mlp	2	utterance_final	0	prompt_without	39	38	-1.1560872395833333	-2.4831339518229165	-2.4929402669270835	-0.009806315104166963	-0.007389577935517724	0.0
not	0	164	22	mlp	2	utterance_final	0	prompt_without	48	47	-0.7339491844177246	-2.6290283203125	-2.54937744140625	0.07965087890625	0.04203037086820243	0.04203037086820243
not	0	139	42	mlp	3	utterance_final	0	prompt_without	42	41	-0.6637599070866903	-2.057447486453586	-2.0086815092298718	0.04876597722371434	0.03499060904730675	0.03499060904730675
not	0	155	130	mlp	3	utterance_final	0	prompt_without	70	69	-0.6468315124511719	-1.6258811950683594	-1.6366721561976842	-0.010790961129324872	-0.011021872863978224	0.0
not	0	162	271	mlp	3	utterance_final	0	prompt_without	39	38	-1.1560872395833333	-2.4831339518229165	-2.5169677734375	-0.03383382161458348	-0.02549557698499099	0.0
not	0	164	22	mlp	3	utterance_final	0	prompt_without	48	47	-0.7339491844177246	-2.6290283203125	-2.56781005859375	0.06121826171875	0.03230380228414332	0.03230380228414332
not	0	139	42	mlp	4	utterance_final	0	prompt_without	42	41	-0.6637599070866903	-2.057447486453586	-2.0456604427761502	0.011787043677435882	0.008457450473075416	0.008457450473075416
not	0	155	130	mlp	4	utterance_final	0	prompt_without	70	69	-0.6468315124511719	-1.6258811950683594	-1.6332566397530692	-0.007375444684709853	-0.007533269062499337	0.0
not	0	162	271	mlp	4	utterance_final	0	prompt_without	39	38	-1.1560872395833333	-2.4831339518229165	-2.51690673828125	-0.03377278645833348	-0.025449583761325945	0.0
not	0	164	22	mlp	4	utterance_final	0	prompt_without	48	47	-0.7339491844177246	-2.6290283203125	-2.50665283203125	0.12237548828125	0.06457539738754473	0.06457539738754473
not	0	139	42	mlp	5	utterance_final	0	prompt_without	42	41	-0.6637599070866903	-2.057447486453586	-2.031401660707262	0.02604582574632408	0.01868842496117803	0.01868842496117803
not	0	155	130	mlp	5	utterance_final	0	prompt_without	70	69	-0.6468315124511719	-1.6258811950683594	-1.6115234919956751	0.014357703072684247	0.014664938181996396	0.014664938181996396
not	0	162	271	mlp	5	utterance_final	0	prompt_without	39	38	-1.1560872395833333	-2.4831339518229165	-2.4775390625	0.005594889322916519	0.004216045502629168	0.004216045502629168
not	0	164	22	mlp	5	utterance_final	0	prompt_without	48	47	-0.7339491844177246	-2.6290283203125	-2.41558837890625	0.21343994140625	0.11262851105448575	0.11262851105448575
not	0	139	42	mlp	6	utterance_final	0	prompt_without	42	41	-0.6637599070866903	-2.057447486453586	-2.028619792726305	0.028827693727281112	0.02068447344588989	0.02068447344588989
not	0	155	130	mlp	6	utterance_final	0	prompt_without	70	69	-0.6468315124511719	-1.6258811950683594	-1.6588799612862724	-0.03299876621791298	-0.033704894454080155	0.0
not	0	162	271	mlp	6	utterance_final	0	prompt_without	39	38	-1.1560872395833333	-2.4831339518229165	-2.6091512044270835	-0.12601725260416696	-0.09496067579376662	0.0
not	0	164	22	mlp	6	utterance_final	0	prompt_without	48	47	-0.7339491844177246	-2.6290283203125	-2.41900634765625	0.21002197265625	0.11082490893293837	0.11082490893293837
not	0	139	42	mlp	7	utterance_final	0	prompt_without	42	41	-0.6637599070866903	-2.057447486453586	-2.0226055251227484	0.03484196133083772	0.02499983629520845	0.02499983629520845
not	0	155	130	mlp	7	utterance_final	0	prompt_without	70	69	-0.6468315124511719	-1.6258811950683594	-1.7032549721854073	-0.07737377711704796	-0.07902946958750144	0.0
not	0	162	271	mlp	7	utterance_final	0	prompt_without	39	38	-1.1560872395833333	-2.4831339518229165	-2.48040771484375	0.0027262369791665186	0.0020543639903719737	0.0020543639903719737
not	0	164	22	mlp	7	utterance_final	0	prompt_without	48	47	-0.7339491844177246	-2.6290283203125	-2.504852294921875	0.124176025390625	0.0655255092194313	0.0655255092194313
not	0	139	42	mlp	8	utterance_final	0	prompt_without	42	41	-0.6637599070866903	-2.057447486453586	-1.9870167043473985	0.07043078210618758	0.05053555986929428	0.05053555986929428
not	0	155	130	mlp	8	utterance_final	0	prompt_without	70	69	-0.6468315124511719	-1.6258811950683594	-1.6142033168247767	0.011677878243582684	0.011927768785303598	0.011927768785303598
not	0	162	271	mlp	8	utterance_final	0	prompt_without	39	38	-1.1560872395833333	-2.4831339518229165	-2.2938435872395835	0.18929036458333304	0.14264031765986457	0.14264031765986457
not	0	164	22	mlp	8	utterance_final	0	prompt_without	48	47	-0.7339491844177246	-2.6290283203125	-2.235626220703125	0.393402099609375	0.2075913834720297	0.2075913834720297
not	0	139	42	mlp	9	utterance_final	0	prompt_without	42	41	-0.6637599070866903	-2.057447486453586	-1.9790824784172907	0.07836500803629542	0.056228532991514465	0.056228532991514465
not	0	155	130	mlp	9	utterance_final	0	prompt_without	70	69	-0.6468315124511719	-1.6258811950683594	-1.621725082397461	0.0041561126708984375	0.004245047768963422	0.004245047768963422
not	0	162	271	mlp	9	utterance_final	0	prompt_without	39	38	-1.1560872395833333	-2.4831339518229165	-2.21173095703125	0.2714029947916665	0.20451653456390748	0.20451653456390748
not	0	164	22	mlp	9	utterance_final	0	prompt_without	48	47	-0.7339491844177246	-2.6290283203125	-2.413970947265625	0.215057373046875	0.11348200134414656	0.11348200134414656
not	0	139	42	mlp	10	utterance_final	0	prompt_without	42	41	-0.6637599070866903	-2.057447486453586	-2.068369494544135	-0.010922008090548996	-0.007836769339302349	0.0
not	0	155	130	mlp	10	utterance_final	0	prompt_without	70	69	-0.6468315124511719	-1.6258811950683594	-1.6420582362583704	-0.016177041190011066	-0.01652320763412816	0.0
not	0	162	271	mlp	10	utterance_final	0	prompt_without	39	38	-1.1560872395833333	-2.4831339518229165	-2.5121256510416665	-0.02899169921875	-0.021846781240897176	0.0
not	0	164	22	mlp	10	utterance_final	0	prompt_without	48	47	-0.7339491844177246	-2.6290283203125	-2.486480712890625	0.142547607421875	0.07521987062274849	0.07521987062274849
not	0	139	42	mlp	11	utterance_final	0	prompt_without	42	41	-0.6637599070866903	-2.057447486453586	-1.9883785777621799	0.06906890869140625	0.049558387198070514	0.049558387198070514
not	0	155	130	mlp	11	utterance_final	0	prompt_without	70	69	-0.6468315124511719	-1.6258811950683594	-1.5805950164794922	0.04528617858886719	0.046255240559200786	0.046255240559200786
not	0	162	271	mlp	11	utterance_final	0	prompt_without	39	38	-1.1560872395833333	-2.4831339518229165	-2.4477335611979165	0.035400390625	0.02667606972572708	0.02667606972572708
not	0	164	22	mlp	11	utterance_final	0	prompt_without	48	47	-0.7339491844177246	-2.6290283203125	-2.67987060546875	-0.05084228515625	-0.026828581558017334	0.0
not	0	139	42	mlp	12	utterance_final	0	prompt_without	42	41	-0.6637599070866903	-2.057447486453586	-1.9611573219299316	0.09629016452365446	0.06909020784083889	0.06909020784083889
not	0	155	130	mlp	12	utterance_final	0	prompt_without	70	69	-0.6468315124511719	-1.6258811950683594	-1.6114392961774553	0.014441898890904081	0.014750935674988542	0.014750935674988542
not	0	162	271	mlp	12	utterance_final	0	prompt_without	39	38	-1.1560872395833333	-2.4831339518229165	-2.4706013997395835	0.012532552083333037	0.009443941925889363	0.009443941925889363
not	0	164	22	mlp	12	utterance_final	0	prompt_without	48	47	-0.7339491844177246	-2.6290283203125	-2.6690673828125	-0.0400390625	-0.021127910566697924	0.0
not	0	139	42	mlp	13	utterance_final	0	prompt_without	42	41	-0.6637599070866903	-2.057447486453586	-2.0105760627322726	0.04687142372131348	0.03363122726730876	0.03363122726730876
not	0	155	130	mlp	13	utterance_final	0	prompt_without	70	69	-0.6468315124511719	-1.6258811950683594	-1.6150997706821986	0.01078142438616081	0.011012132047619886	0.011012132047619886
not	0	162	271	mlp	13	utterance_final	0	prompt_without	39	38	-1.1560872395833333	-2.4831339518229165	-2.3382975260416665	0.14483642578125	0.10914191975715579	0.10914191975715579
not	0	164	22	mlp	13	utterance_final	0	prompt_without	48	47	-0.7339491844177246	-2.6290283203125	-2.50543212890625	0.12359619140625	0.06521954100238309	0.06521954100238309
not	0	139	42	mlp	14	utterance_final	0	prompt_without	42	41	-0.6637599070866903	-2.057447486453586	-2.0525094668070474	0.004938019646538727	0.0035431324205256244	0.0035431324205256244
not	0	155	130	mlp	14	utterance_final	0	prompt_without	70	69	-0.6468315124511719	-1.6258811950683594	-1.632117680140904	-0.006236485072544706	-0.006369937280275078	0.0
not	0	162	271	mlp	14	utterance_final	0	prompt_without	39	38	-1.1560872395833333	-2.4831339518229165	-2.4833780924479165	-0.000244140625	-0.00018397289466018675	0.0
not	0	164	22	mlp	14	utterance_final	0	prompt_without	48	47	-0.7339491844177246	-2.6290283203125	-2.6190185546875	0.010009765625	0.005281977641674481	0.005281977641674481
not	0	139	42	mlp	15	utterance_final	0	prompt_without	42	41	-0.6637599070866903	-2.057447486453586	-2.063884046342638	-0.006436559889051896	-0.004618366400291667	0.0
not	0	155	130	mlp	15	utterance_final	0	prompt_without	70	69	-0.6468315124511719	-1.6258811950683594	-1.6260662078857422	-0.0001850128173828125	-0.00018897183735174476	0.0
not	0	162	271	mlp	15	utterance_final	0	prompt_without	39	38	-1.1560872395833333	-2.4831339518229165	-2.49676513671875	-0.013631184895833481	-0.010271819951860538	0.0
not	0	164	22	mlp	15	utterance_final	0	prompt_without	48	47	-0.7339491844177246	-2.6290283203125	-2.62060546875	0.0084228515625	0.004444590942384624	0.004444590942384624
not	0	139	42	mlp	16	utterance_final	0	prompt_without	42	41	-0.6637599070866903	-2.057447486453586	-2.062789943483141	-0.005342457029554826	-0.003833324705370281	0.0
not	0	155	130	mlp	16	utterance_final	0	prompt_without	70	69	-0.6468315124511719	-1.6258811950683594	-1.625668934413365	0.0002122606549943562	0.00021680274123264386	0.00021680274123264386
not	0	162	271	mlp	16	utterance_final	0	prompt_without	39	38	-1.1560872395833333	-2.4831339518229165	-2.49639892578125	-0.013264973958333481	-0.009995860609870257	0.0
not	0	164	22	mlp	16	utterance_final	0	prompt_without	48	47	-0.7339491844177246	-2.6290283203125	-2.63958740234375	-0.01055908203125	-0.00557184226835174	0.0
not	0	139	42	mlp	17	utterance_final	0	prompt_without	42	41	-0.6637599070866903	-2.057447486453586	-2.06034435166253	-0.002896865208943833	-0.0020785614020179324	0.0
not	0	155	130	mlp	17	utterance_final	0	prompt_without	70	69	-0.6468315124511719	-1.6258811950683594	-1.6249643053327287	0.0009168897356306438	0.0009365099155944995	0.0009365099155944995
not	0	162	271	mlp	17	utterance_final	0	prompt_without	39	38	-1.1560872395833333	-2.4831339518229165	-2.48284912109375	0.00028483072916651864	0.00021463504377010632	0.00021463504377010632
not	0	164	22	mlp	17	utterance_final	0	prompt_without	48	47	-0.7339491844177246	-2.6290283203125	-2.6156005859375	0.013427734375	0.007085579763221866	0.007085579763221866
not	0	139	42	mlp	18	utterance_final	0	prompt_without	42	41	-0.6637599070866903	-2.057447486453586	-2.0574691825442843	-2.1696090698242188e-05	-1.556739904943257e-05	0.0
not	0	155	130	mlp	18	utterance_final	0	prompt_without	70	69	-0.6468315124511719	-1.6258811950683594	-1.6257098061697823	0.00017138889857704065	0.00017505638541129523	0.00017505638541129523
not	0	162	271	mlp	18	utterance_final	0	prompt_without	39	38	-1.1560872395833333	-2.4831339518229165	-2.4831746419270835	-4.0690104166962726e-05	-3.066214911025422e-05	0.0
not	0	164	22	mlp	18	utterance_final	0	prompt_without	48	47	-0.7339491844177246	-2.6290283203125	-2.6241455078125	0.0048828125	0.0025765744593534055	0.0025765744593534055
not	0	139	42	mlp	19	utterance_final	0	prompt_without	42	41	-0.6637599070866903	-2.057447486453586	-2.0569291379716663	0.0005183484819197837	0.0003719258818072064	0.0003719258818072064
not	0	155	130	mlp	19	utterance_final	0	prompt_without	70	69	-0.6468315124511719	-1.6258811950683594	-1.6248057229178292	0.0010754721505301656	0.0010984857761816768	0.0010984857761816768
not	0	162	271	mlp	19	utterance_final	0	prompt_without	39	38	-1.1560872395833333	-2.4831339518229165	-2.48077392578125	0.0023600260416665186	0.0017784046483816935	0.0017784046483816935
not	0	164	22	mlp	19	utterance_final	0	prompt_without	48	47	-0.7339491844177246	-2.6290283203125	-2.62176513671875	0.00726318359375	0.003832654508288191	0.003832654508288191
not	0	139	42	mlp	20	utterance_final	0	prompt_without	42	41	-0.6637599070866903	-2.057447486453586	-2.054769171608819	0.0026783148447671046	0.0019217469427285638	0.0019217469427285638
not	0	155	130	mlp	20	utterance_final	0	prompt_without	70	69	-0.6468315124511719	-1.6258811950683594	-1.6280247824532645	-0.0021435873849051656	-0.0021894572083154614	0.0
not	0	162	271	mlp	20	utterance_final	0	prompt_without	39	38	-1.1560872395833333	-2.4831339518229165	-2.48455810546875	-0.0014241536458334814	-0.0010731752188512008	0.0
not	0	164	22	mlp	20	utterance_final	0	prompt_without	48	47	-0.7339491844177246	-2.6290283203125	-2.63250732421875	-0.00347900390625	-0.0018358093022893015	0.0
not	0	139	42	mlp	21	utterance_final	0	prompt_without	42	41	-0.6637599070866903	-2.057447486453586	-2.0596175723605685	-0.002170085906982422	-0.0015570820455817057	0.0
not	0	155	130	mlp	21	utterance_final	0	prompt_without	70	69	-0.6468315124511719	-1.6258811950683594	-1.6260536738804408	-0.00017247881208137805	-0.0001761696215664042	0.0
not	0	162	271	mlp	21	utterance_final	0	prompt_without	39	38	-1.1560872395833333	-2.4831339518229165	-2.4826863606770835	0.0004475911458330373	0.00033728364021011926	0.00033728364021011926
not	0	164	22	mlp	21	utterance_final	0	prompt_without	48	47	-0.7339491844177246	-2.6290283203125	-2.626953125	0.0020751953125	0.0010950441452251974	0.0010950441452251974
not	0	139	42	mlp	22	utterance_final	0	prompt_without	42	41	-0.6637599070866903	-2.057447486453586	-2.0541418658362494	0.0033056206173367464	0.002371851960421701	0.002371851960421701
not	0	155	130	mlp	22	utterance_final	0	prompt_without	70	69	-0.6468315124511719	-1.6258811950683594	-1.6269182477678572	-0.0010370526994978313	-0.0010592442017095503	0.0
not	0	162	271	mlp	22	utterance_final	0	prompt_without	39	38	-1.1560872395833333	-2.4831339518229165	-2.4818318684895835	0.0013020833333330373	0.0009811887715207729	0.0009811887715207729
not	0	164	22	mlp	22	utterance_final	0	prompt_without	48	47	-0.7339491844177246	-2.6290283203125	-2.62579345703125	0.00323486328125	0.0017069805793216311	0.0017069805793216311
not	0	139	42	mlp	23	utterance_final	0	prompt_without	42	41	-0.6637599070866903	-2.057447486453586	-2.056480328241984	0.0009671582116022037	0.0006939562538410154	0.0006939562538410154
not	0	155	130	mlp	23	utterance_final	0	prompt_without	70	69	-0.6468315124511719	-1.6258811950683594	-1.6262659345354353	-0.0003847394670759563	-0.00039297236279927484	0.0
not	0	162	271	mlp	23	utterance_final	0	prompt_without	39	38	-1.1560872395833333	-2.4831339518229165	-2.4831339518229165	0.0	0.0	0.0
not	0	164	22	mlp	23	utterance_final	0	prompt_without	48	47	-0.7339491844177246	-2.6290283203125	-2.623779296875	0.0052490234375	0.002769817543804911	0.002769817543804911
not	0	139	42	mlp	24	utterance_final	0	prompt_without	42	41	-0.6637599070866903	-2.057447486453586	-2.0586572223239474	-0.0012097358703613281	-0.000868010799745284	0.0
not	0	155	130	mlp	24	utterance_final	0	prompt_without	70	69	-0.6468315124511719	-1.6258811950683594	-1.6247814723423548	0.0010997227260045594	0.0011232552806357996	0.0011232552806357996
not	0	162	271	mlp	24	utterance_final	0	prompt_without	39	38	-1.1560872395833333	-2.4831339518229165	-2.4831339518229165	0.0	0.0	0.0
not	0	164	22	mlp	24	utterance_final	0	prompt_without	48	47	-0.7339491844177246	-2.6290283203125	-2.6270751953125	0.001953125	0.0010306297837413623	0.0010306297837413623
not	0	139	42	mlp	25	utterance_final	0	prompt_without	42	41	-0.6637599070866903	-2.057447486453586	-2.0590683354271784	-0.0016208489735922704	-0.0011629930535282278	0.0
not	0	155	130	mlp	25	utterance_final	0	prompt_without	70	69	-0.6468315124511719	-1.6258811950683594	-1.6259517669677734	-7.05718994140625e-05	-7.208204105169646e-05	0.0
not	0	162	271	mlp	25	utterance_final	0	prompt_without	39	38	-1.1560872395833333	-2.4831339518229165	-2.48101806640625	0.0021158854166665186	0.001594431753721507	0.001594431753721507
not	0	164	22	mlp	25	utterance_final	0	prompt_without	48	47	-0.7339491844177246	-2.6290283203125	-2.62847900390625	0.00054931640625	0.00028986462667725813	0.00028986462667725813
not	0	139	42	mlp	26	utterance_final	0	prompt_without	42	41	-0.6637599070866903	-2.057447486453586	-2.0581790606180825	-0.0007315741644964291	-0.0005249197706337872	0.0
not	0	155	130	mlp	26	utterance_final	0	prompt_without	70	69	-0.6468315124511719	-1.6258811950683594	-1.6273193359375	-0.001438140869140625	-0.0014689151068372737	0.0
not	0	162	271	mlp	26	utterance_final	0	prompt_without	39	38	-1.1560872395833333	-2.4831339518229165	-2.4820353190104165	0.0010986328125	0.0008278780259708404	0.0008278780259708404
not	0	164	22	mlp	26	utterance_final	0	prompt_without	48	47	-0.7339491844177246	-2.6290283203125	-2.62457275390625	0.00445556640625	0.002351124194159983	0.002351124194159983
not	0	139	42	mlp	27	utterance_final	0	prompt_without	42	41	-0.6637599070866903	-2.057447486453586	-2.056785398059421	0.0006620883941650391	0.0004750622764865301	0.0004750622764865301
not	0	155	130	mlp	27	utterance_final	0	prompt_without	70	69	-0.6468315124511719	-1.6258811950683594	-1.625439235142299	0.0004419599260603313	0.000451417260949299	0.000451417260949299
not	0	162	271	mlp	27	utterance_final	0	prompt_without	39	38	-1.1560872395833333	-2.4831339518229165	-2.4831339518229165	0.0	0.0	0.0
not	0	164	22	mlp	27	utterance_final	0	prompt_without	48	47	-0.7339491844177246	-2.6290283203125	-2.62493896484375	0.00408935546875	0.002157881109708477	0.002157881109708477
not	0	139	42	mlp	28	utterance_final	0	prompt_without	42	41	-0.6637599070866903	-2.057447486453586	-2.0560122860802545	0.0014352003733315577	0.0010297862982918452	0.0010297862982918452
not	0	155	130	mlp	28	utterance_final	0	prompt_without	70	69	-0.6468315124511719	-1.6258811950683594	-1.6267525809151786	-0.0008713858468192281	-0.0008900323061132574	0.0
not	0	162	271	mlp	28	utterance_final	0	prompt_without	39	38	-1.1560872395833333	-2.4831339518229165	-2.4831339518229165	0.0	0.0	0.0
not	0	164	22	mlp	28	utterance_final	0	prompt_without	48	47	-0.7339491844177246	-2.6290283203125	-2.62823486328125	0.00079345703125	0.0004186933496449284	0.0004186933496449284
not	0	139	42	mlp	29	utterance_final	0	prompt_without	42	41	-0.6637599070866903	-2.057447486453586	-2.058357450697157	-0.0009099642435708155	-0.0006529183850401975	0.0
not	0	155	130	mlp	29	utterance_final	0	prompt_without	70	69	-0.6468315124511719	-1.6258811950683594	-1.6253367832728796	0.0005444117954798156	0.0005560614595415612	0.0005560614595415612
not	0	162	271	mlp	29	utterance_final	0	prompt_without	39	38	-1.1560872395833333	-2.4831339518229165	-2.4831339518229165	0.0	0.0	0.0
not	0	164	22	mlp	29	utterance_final	0	prompt_without	48	47	-0.7339491844177246	-2.6290283203125	-2.62591552734375	0.00311279296875	0.001642566217837796	0.001642566217837796
not	0	139	42	mlp	30	utterance_final	0	prompt_without	42	41	-0.6637599070866903	-2.057447486453586	-2.0574216842651367	2.580218844938642e-05	1.8513610102708575e-05	1.8513610102708575e-05
not	0	155	130	mlp	30	utterance_final	0	prompt_without	70	69	-0.6468315124511719	-1.6258811950683594	-1.6261602129255022	-0.0002790178571427937	-0.0002849884557410054	0.0
not	0	162	271	mlp	30	utterance_final	0	prompt_without	39	38	-1.1560872395833333	-2.4831339518229165	-2.4831339518229165	0.0	0.0	0.0
not	0	164	22	mlp	30	utterance_final	0	prompt_without	48	47	-0.7339491844177246	-2.6290283203125	-2.62603759765625	0.00299072265625	0.001578151856353961	0.001578151856353961
not	0	139	42	mlp	31	utterance_final	0	prompt_without	42	41	-0.6637599070866903	-2.057447486453586	-2.057447486453586	0.0	0.0	0.0
not	0	155	130	mlp	31	utterance_final	0	prompt_without	70	69	-0.6468315124511719	-1.6258811950683594	-1.6258811950683594	0.0	0.0	0.0
not	0	162	271	mlp	31	utterance_final	0	prompt_without	39	38	-1.1560872395833333	-2.4831339518229165	-2.4831339518229165	0.0	0.0	0.0
not	0	164	22	mlp	31	utterance_final	0	prompt_without	48	47	-0.7339491844177246	-2.6290283203125	-2.6290283203125	0.0	0.0	0.0
not	0	165	14	mlp	0	utterance_final	0	prompt_without	31	30	-0.5720734066433377	-2.722314715385437	-2.726986050605774	-0.004671335220336914	-0.002172470225246331	0.0
not	0	170	0	mlp	0	utterance_final	0	prompt_without	28	27	-0.5607280386121649	-2.5154595312319303	-2.51972244287792	-0.0042629116459895755	-0.0021808169879518062	0.0
not	0	176	148	mlp	0	utterance_final	0	prompt_without	45	44	-0.4451634016903964	-1.3702142708229297	-1.3660370472705725	0.004177223552357168	0.004515669020747325	0.004515669020747325
not	0	177	158	mlp	0	utterance_final	0	prompt_without	39	38	-0.7613577842712402	-1.6281150132417679	-1.629259616136551	-0.00114460289478302	-0.0013205576561991846	0.0
not	0	165	14	mlp	1	utterance_final	0	prompt_without	31	30	-0.5720734066433377	-2.722314715385437	-2.7262640131844416	-0.0039492977990045475	-0.0018366765548350962	0.0
not	0	170	0	mlp	1	utterance_final	0	prompt_without	28	27	-0.5607280386121649	-2.5154595312319303	-2.5038372654663887	0.011622265765541595	0.005945709581813321	0.005945709581813321
not	0	176	148	mlp	1	utterance_final	0	prompt_without	45	44	-0.4451634016903964	-1.3702142708229297	-1.3378320968512334	0.03238217397169629	0.03500583054644626	0.03500583054644626
not	0	177	158	mlp	1	utterance_final	0	prompt_without	39	38	-0.7613577842712402	-1.6281150132417679	-1.4813148751854897	0.14680013805627823	0.16936707667340364	0.16936707667340364
not	0	165	14	mlp	2	utterance_final	0	prompt_without	31	30	-0.5720734066433377	-2.722314715385437	-2.711465252770318	0.010849462615118988	0.0050456953696354995	0.0050456953696354995
not	0	170	0	mlp	2	utterance_final	0	prompt_without	28	27	-0.5607280386121649	-2.5154595312319303	-2.513451488394486	0.0020080428374442683	0.0010272729758669075	0.0010272729758669075
not	0	176	148	mlp	2	utterance_final	0	prompt_without	45	44	-0.4451634016903964	-1.3702142708229297	-1.3726156191392378	-0.002401348316308116	-0.002595909475291863	0.0
not	0	177	158	mlp	2	utterance_final	0	prompt_without	39	38	-0.7613577842712402	-1.6281150132417679	-1.5395022630691528	0.08861275017261505	0.1022347979466672	0.1022347979466672
not	0	165	14	mlp	3	utterance_final	0	prompt_without	31	30	-0.5720734066433377	-2.722314715385437	-2.7159225278430514	0.0063921875423855745	0.0029727768303944605	0.0029727768303944605
not	0	170	0	mlp	3	utterance_final	0	prompt_without	28	27	-0.5607280386121649	-2.5154595312319303	-2.4315340769918343	0.08392545424009601	0.04293451789003391	0.04293451789003391
not	0	176	148	mlp	3	utterance_final	0	prompt_without	45	44	-0.4451634016903964	-1.3702142708229297	-1.0871753150766545	0.28303895574627513	0.305971233789224	0.305971233789224
not	0	177	158	mlp	3	utterance_final	0	prompt_without	39	38	-0.7613577842712402	-1.6281150132417679	-1.5068612322211266	0.12125378102064133	0.1398935906939685	0.1398935906939685
not	0	165	14	mlp	4	utterance_final	0	prompt_without	31	30	-0.5720734066433377	-2.722314715385437	-2.726772599750095	-0.0044578843646578825	-0.0020732018990304696	0.0
not	0	170	0	mlp	4	utterance_final	0	prompt_without	28	27	-0.5607280386121649	-2.5154595312319303	-2.4528007193615564	0.06265881187037392	0.032054945708373216	0.032054945708373216
not	0	176	148	mlp	4	utterance_final	0	prompt_without	45	44	-0.4451634016903964	-1.3702142708229297	-1.0404091892820415	0.32980508154088817	0.35652642740627116	0.35652642740627116
not	0	177	158	mlp	4	utterance_final	0	prompt_without	39	38	-0.7613577842712402	-1.6281150132417679	-1.4568251967430115	0.1712898164987564	0.197621445513875	0.197621445513875
not	0	165	14	mlp	5	utterance_final	0	prompt_without	31	30	-0.5720734066433377	-2.722314715385437	-2.7117290099461875	0.010585705439249526	0.004923031380809167	0.004923031380809167
not	0	170	0	mlp	5	utterance_final	0	prompt_without	28	27	-0.5607280386121649	-2.5154595312319303	-2.373944241749613	0.14151528948231729	0.07239628052068471	0.07239628052068471
not	0	176	148	mlp	5	utterance_final	0	prompt_without	45	44	-0.4451634016903964	-1.3702142708229297	-1.3335768779118855	0.036637392911044175	0.039605814267707144	0.039605814267707144
not	0	177	158	mlp	5	utterance_final	0	prompt_without	39	38	-0.7613577842712402	-1.6281150132417679	-1.6177798137068748	0.010335199534893036	0.011923984236241615	0.011923984236241615
not	0	165	14	mlp	6	utterance_final	0	prompt_without	31	30	-0.5720734066433377	-2.722314715385437	-2.721046487490336	0.0012682278951010595	0.0005898072416081423	0.0005898072416081423
not	0	170	0	mlp	6	utterance_final	0	prompt_without	28	27	-0.5607280386121649	-2.5154595312319303	-2.310325710397018	0.2051338208349125	0.10494219876715065	0.10494219876715065
not	0	176	148	mlp	6	utterance_final	0	prompt_without	45	44	-0.4451634016903964	-1.3702142708229297	-1.0955640041466914	0.27465026667623826	0.29690287944250204	0.29690287944250204
not	0	177	158	mlp	6	utterance_final	0	prompt_without	39	38	-0.7613577842712402	-1.6281150132417679	-1.2383145987987518	0.38980041444301605	0.44972271521287815	0.44972271521287815
not	0	165	14	mlp	7	utterance_final	0	prompt_without	31	30	-0.5720734066433377	-2.722314715385437	-2.7757691939671836	-0.05345447858174657	-0.024859758002239142	0.0
not	0	170	0	mlp	7	utterance_final	0	prompt_without	28	27	-0.5607280386121649	-2.5154595312319303	-2.3971529759858785	0.11830655524605183	0.060523174508993714	0.060523174508993714
not	0	176	148	mlp	7	utterance_final	0	prompt_without	45	44	-0.4451634016903964	-1.3702142708229297	-1.347024552749865	0.02318971807306469	0.025068586871131594	0.025068586871131594
not	0	177	158	mlp	7	utterance_final	0	prompt_without	39	38	-0.7613577842712402	-1.6281150132417679	-1.557649403810501	0.07046560943126678	0.0812979771913305	0.0812979771913305
not	0	165	14	mlp	8	utterance_final	0	prompt_without	31	30	-0.5720734066433377	-2.722314715385437	-2.7205386691623263	0.0017760462231106722	0.0008259753060690974	0.0008259753060690974
not	0	170	0	mlp	8	utterance_final	0	prompt_without	28	27	-0.5607280386121649	-2.5154595312319303	-2.44977036902779	0.06568916220414023	0.033605209949373896	0.033605209949373896
not	0	176	148	mlp	8	utterance_final	0	prompt_without	45	44	-0.4451634016903964	-1.3702142708229297	-1.4883120854695637	-0.11809781464663405	-0.1276662922952338	0.0
not	0	177	158	mlp	8	utterance_final	0	prompt_without	39	38	-0.7613577842712402	-1.6281150132417679	-1.6175285503268242	0.010586462914943695	0.012213873228975014	0.012213873228975014
not	0	165	14	mlp	9	utterance_final	0	prompt_without	31	30	-0.5720734066433377	-2.722314715385437	-2.6357220146391125	0.08659270074632452	0.040271154867256104	0.040271154867256104
not	0	170	0	mlp	9	utterance_final	0	prompt_without	28	27	-0.5607280386121649	-2.5154595312319303	-2.463455087260196	0.052004443971734204	0.02660439255625689	0.02660439255625689
not	0	176	148	mlp	9	utterance_final	0	prompt_without	45	44	-0.4451634016903964	-1.3702142708229297	-1.2137304147084553	0.15648385611447435	0.16916243347916332	0.16916243347916332
not	0	177	158	mlp	9	utterance_final	0	prompt_without	39	38	-0.7613577842712402	-1.6281150132417679	-1.6917281225323677	-0.06361310929059982	-0.07339207238704537	0.0
not	0	165	14	mlp	10	utterance_final	0	prompt_without	31	30	-0.5720734066433377	-2.722314715385437	-2.8008478350109525	-0.07853311962551546	-0.036522933173234254	0.0
not	0	170	0	mlp	10	utterance_final	0	prompt_without	28	27	-0.5607280386121649	-2.5154595312319303	-2.3635843835378947	0.15187514769403565	0.07769616863873714	0.07769616863873714
not	0	176	148	mlp	10	utterance_final	0	prompt_without	45	44	-0.4451634016903964	-1.3702142708229297	-1.1192432894851223	0.2509709813378074	0.27130505976731367	0.27130505976731367
not	0	177	158	mlp	10	utterance_final	0	prompt_without	39	38	-0.7613577842712402	-1.6281150132417679	-1.627656102180481	0.00045891106128692627	0.0005294574373864618	0.0005294574373864618
not	0	165	14	mlp	11	utterance_final	0	prompt_without	31	30	-0.5720734066433377	-2.722314715385437	-2.5771333509021335	0.14518136448330354	0.06751863797474679	0.06751863797474679
not	0	170	0	mlp	11	utterance_final	0	prompt_without	28	27	-0.5607280386121649	-2.5154595312319303	-2.528893621344315	-0.013434090112384833	-0.006872601256544053	0.0
not	0	176	148	mlp	11	utterance_final	0	prompt_without	45	44	-0.4451634016903964	-1.3702142708229297	-1.3135785297913984	0.05663574103153124	0.061224461185190204	0.061224461185190204
not	0	177	158	mlp	11	utterance_final	0	prompt_without	39	38	-0.7613577842712402	-1.6281150132417679	-1.6846437528729439	-0.056528739631175995	-0.06521865378419375	0.0
not	0	165	14	mlp	12	utterance_final	0	prompt_without	31	30	-0.5720734066433377	-2.722314715385437	-2.673822363217672	0.04849235216776515	0.02255205123751129	0.02255205123751129
not	0	170	0	mlp	12	utterance_final	0	prompt_without	28	27	-0.5607280386121649	-2.5154595312319303	-2.4755804789693734	0.03987905226255695	0.020401294199803546	0.020401294199803546
not	0	176	148	mlp	12	utterance_final	0	prompt_without	45	44	-0.4451634016903964	-1.3702142708229297	-1.3402839610070894	0.029930309815840328	0.03235531235585724	0.03235531235585724
not	0	177	158	mlp	12	utterance_final	0	prompt_without	39	38	-0.7613577842712402	-1.6281150132417679	-1.6141630932688713	0.013951919972896576	0.01609668717671691	0.01609668717671691
not	0	165	14	mlp	13	utterance_final	0	prompt_without	31	30	-0.5720734066433377	-2.722314715385437	-2.7436401181750827	-0.021325402789645675	-0.009917678868387628	0.0
not	0	170	0	mlp	13	utterance_final	0	prompt_without	28	27	-0.5607280386121649	-2.5154595312319303	-2.4614034702903345	0.054056060941595874	0.027653957152523796	0.027653957152523796
not	0	176	148	mlp	13	utterance_final	0	prompt_without	45	44	-0.4451634016903964	-1.3702142708229297	-1.3961234020464348	-0.025909131223505133	-0.02800833131241899	0.0
not	0	177	158	mlp	13	utterance_final	0	prompt_without	39	38	-0.7613577842712402	-1.6281150132417679	-1.5880879908800125	0.04002702236175537	0.046180200203575585	0.046180200203575585
not	0	165	14	mlp	14	utterance_final	0	prompt_without	31	30	-0.5720734066433377	-2.722314715385437	-2.6670233143700495	0.05529140101538754	0.025714044647264848	0.025714044647264848
not	0	170	0	mlp	14	utterance_final	0	prompt_without	28	27	-0.5607280386121649	-2.5154595312319303	-2.484752554642527	0.030706976589403467	0.015709050938883397	0.015709050938883397
not	0	176	148	mlp	14	utterance_final	0	prompt_without	45	44	-0.4451634016903964	-1.3702142708229297	-1.3796535802609993	-0.009439309438069587	-0.010204097691320807	0.0
not	0	177	158	mlp	14	utterance_final	0	prompt_without	39	38	-0.7613577842712402	-1.6281150132417679	-1.6107130870223045	0.01740192621946335	0.020077047687426977	0.020077047687426977
not	0	165	14	mlp	15	utterance_final	0	prompt_without	31	30	-0.5720734066433377	-2.722314715385437	-2.704138610098097	0.01817610528734015	0.008453053717014325	0.008453053717014325
not	0	170	0	mlp	15	utterance_final	0	prompt_without	28	27	-0.5607280386121649	-2.5154595312319303	-2.5061048457497046	0.009354685482225733	0.004785662643460264	0.004785662643460264
not	0	176	148	mlp	15	utterance_final	0	prompt_without	45	44	-0.4451634016903964	-1.3702142708229297	-1.3443471410057761	0.025867129817153556	0.02796292688358908	0.02796292688358908
not	0	177	158	mlp	15	utterance_final	0	prompt_without	39	38	-0.7613577842712402	-1.6281150132417679	-1.6296044439077377	-0.0014894306659698486	-0.0017183942817977857	0.0
not	0	165	14	mlp	16	utterance_final	0	prompt_without	31	30	-0.5720734066433377	-2.722314715385437	-2.726501941680908	-0.004187226295471191	-0.0019473285525896335	0.0
not	0	170	0	mlp	16	utterance_final	0	prompt_without	28	27	-0.5607280386121649	-2.5154595312319303	-2.5150710595281502	0.0003884717037800911	0.00019873404876669508	0.00019873404876669508
not	0	176	148	mlp	16	utterance_final	0	prompt_without	45	44	-0.4451634016903964	-1.3702142708229297	-1.3481155164314038	0.022098754391525866	0.023889231531936162	0.023889231531936162
not	0	177	158	mlp	16	utterance_final	0	prompt_without	39	38	-0.7613577842712402	-1.6281150132417679	-1.5984962806105614	0.029618732631206512	0.03417188993783822	0.03417188993783822
not	0	165	14	mlp	17	utterance_final	0	prompt_without	31	30	-0.5720734066433377	-2.722314715385437	-2.7082323498196073	0.014082365565829758	0.0065492024121088085	0.0065492024121088085
not	0	170	0	mlp	17	utterance_final	0	prompt_without	28	27	-0.5607280386121649	-2.5154595312319303	-2.5128130159879984	0.0026465152439318906	0.0013539021875505696	0.0013539021875505696
not	0	176	148	mlp	17	utterance_final	0	prompt_without	45	44	-0.4451634016903964	-1.3702142708229297	-1.3775897459550337	-0.007375475132104015	-0.007973048162227412	0.0
not	0	177	158	mlp	17	utterance_final	0	prompt_without	39	38	-0.7613577842712402	-1.6281150132417679	-1.6245285645127296	0.0035864487290382385	0.004137777695027668	0.004137777695027668
not	0	165	14	mlp	18	utterance_final	0	prompt_without	31	30	-0.5720734066433377	-2.722314715385437	-2.7194553878572254	0.002859327528211608	0.0013297705316080675	0.0013297705316080675
not	0	170	0	mlp	18	utterance_final	0	prompt_without	28	27	-0.5607280386121649	-2.5154595312319303	-2.5157050772717127	-0.00024554603978232947	-0.00012561624996036892	0.0
not	0	176	148	mlp	18	utterance_final	0	prompt_without	45	44	-0.4451634016903964	-1.3702142708229297	-1.3678012002598157	0.002413070563114017	0.0026085814776617366	0.0026085814776617366
not	0	177	158	mlp	18	utterance_final	0	prompt_without	39	38	-0.7613577842712402	-1.6281150132417679	-1.6275485754013062	0.000566437840461731	0.000653513834703756	0.000653513834703756
not	0	165	14	mlp	19	utterance_final	0	prompt_without	31	30	-0.5720734066433377	-2.722314715385437	-2.718658539983961	0.003656175401475892	0.001700355856159591	0.001700355856159591
not	0	170	0	mlp	19	utterance_final	0	prompt_without	28	27	-0.5607280386121649	-2.5154595312319303	-2.5149365663528442	0.0005229648790860963	0.0002675379616385111	0.0002675379616385111
not	0	176	148	mlp	19	utterance_final	0	prompt_without	45	44	-0.4451634016903964	-1.3702142708229297	-1.3693662412238843	0.0008480295990453968	0.0009167383409310634	0.0009167383409310634
not	0	177	158	mlp	19	utterance_final	0	prompt_without	39	38	-0.7613577842712402	-1.6281150132417679	-1.624764934182167	0.00335007905960083	0.0038650719574382032	0.0038650719574382032
not	0	165	14	mlp	20	utterance_final	0	prompt_without	31	30	-0.5720734066433377	-2.722314715385437	-2.7212508254581027	0.001063889927334305	0.0004947769922421802	0.0004947769922421802
not	0	170	0	mlp	20	utterance_final	0	prompt_without	28	27	-0.5607280386121649	-2.5154595312319303	-2.5124396022997404	0.0030199289321899414	0.0015449328685765325	0.0015449328685765325
not	0	176	148	mlp	20	utterance_final	0	prompt_without	45	44	-0.4451634016903964	-1.3702142708229297	-1.3700645620172673	0.0001497088056623408	0.00016183845738421961	0.00016183845738421961
not	0	177	158	mlp	20	utterance_final	0	prompt_without	39	38	-0.7613577842712402	-1.6281150132417679	-1.6306155174970627	-0.0025005042552948	-0.0028848957605634514	0.0
not	0	165	14	mlp	21	utterance_final	0	prompt_without	31	30	-0.5720734066433377	-2.722314715385437	-2.7173255019717746	0.00498921341366243	0.002320303955364499	0.002320303955364499
not	0	170	0	mlp	21	utterance_final	0	prompt_without	28	27	-0.5607280386121649	-2.5154595312319303	-2.514516184204503	0.0009433470274271549	0.00048259673054270214	0.00048259673054270214
not	0	176	148	mlp	21	utterance_final	0	prompt_without	45	44	-0.4451634016903964	-1.3702142708229297	-1.3702011108398438	1.3159983085930804e-05	1.4226226389335305e-05	1.4226226389335305e-05
not	0	177	158	mlp	21	utterance_final	0	prompt_without	39	38	-0.7613577842712402	-1.6281150132417679	-1.6295989230275154	-0.001483909785747528	-0.001712024700976547	0.0
not	0	165	14	mlp	22	utterance_final	0	prompt_without	31	30	-0.5720734066433377	-2.722314715385437	-2.72624405225118	-0.003929336865743149	-0.0018273934417350716	0.0
not	0	170	0	mlp	22	utterance_final	0	prompt_without	28	27	-0.5607280386121649	-2.5154595312319303	-2.5140842011100366	0.0013753301218937253	0.0007035903023440235	0.0007035903023440235
not	0	176	148	mlp	22	utterance_final	0	prompt_without	45	44	-0.4451634016903964	-1.3702142708229297	-1.3712932232654456	-0.0010789524425158792	-0.001166370929987523	0.0
not	0	177	158	mlp	22	utterance_final	0	prompt_without	39	38	-0.7613577842712402	-1.6281150132417679	-1.629045806825161	-0.0009307935833930969	-0.001073880381128897	0.0
not	0	165	14	mlp	23	utterance_final	0	prompt_without	31	30	-0.5720734066433377	-2.722314715385437	-2.721252719561259	0.001061995824178208	0.000493896112896966	0.000493896112896966
not	0	170	0	mlp	23	utterance_final	0	prompt_without	28	27	-0.5607280386121649	-2.5154595312319303	-2.5164810042632255	-0.0010214730312951836	-0.0005225643701714692	0.0
not	0	176	148	mlp	23	utterance_final	0	prompt_without	45	44	-0.4451634016903964	-1.3702142708229297	-1.3697918075503726	0.00042246327255712757	0.0004566919362535086	0.0004566919362535086
not	0	177	158	mlp	23	utterance_final	0	prompt_without	39	38	-0.7613577842712402	-1.6281150132417679	-1.6278373822569847	0.0002776309847831726	0.0003203099732008268	0.0003203099732008268
not	0	165	14	mlp	24	utterance_final	0	prompt_without	31	30	-0.5720734066433377	-2.722314715385437	-2.7232870525783963	-0.000972337192959305	-0.000452199103889473	0.0
not	0	170	0	mlp	24	utterance_final	0	prompt_without	28	27	-0.5607280386121649	-2.5154595312319303	-2.5196222129621004	-0.0041626817301700925	-0.0021295414464270967	0.0
not	0	176	148	mlp	24	utterance_final	0	prompt_without	45	44	-0.4451634016903964	-1.3702142708229297	-1.3710803371487241	-0.0008660663257944456	-0.0009362364327127217	0.0
not	0	177	158	mlp	24	utterance_final	0	prompt_without	39	38	-0.7613577842712402	-1.6281150132417679	-1.6302970573306084	-0.0021820440888404846	-0.0025174801154322773	0.0
not	0	165	14	mlp	25	utterance_final	0	prompt_without	31	30	-0.5720734066433377	-2.722314715385437	-2.723936160405477	-0.0016214450200400243	-0.0007540758395105789	0.0
not	0	170	0	mlp	25	utterance_final	0	prompt_without	28	27	-0.5607280386121649	-2.5154595312319303	-2.5194623972240247	-0.004002865992094318	-0.002047783036804511	0.0
not	0	176	148	mlp	25	utterance_final	0	prompt_without	45	44	-0.4451634016903964	-1.3702142708229297	-1.3702729940414429	-5.872321851319029e-05	-6.348106949865147e-05	0.0
not	0	177	158	mlp	25	utterance_final	0	prompt_without	39	38	-0.7613577842712402	-1.6281150132417679	-1.6308881789445877	-0.0027731657028198242	-0.00319947225143261	0.0
not	0	165	14	mlp	26	utterance_final	0	prompt_without	31	30	-0.5720734066433377	-2.722314715385437	-2.7223168346616955	-2.1192762584831826e-06	-9.855992673319854e-07	0.0
not	0	170	0	mlp	26	utterance_final	0	prompt_without	28	27	-0.5607280386121649	-2.5154595312319303	-2.5211771224674426	-0.005717591235512298	-0.002925000828553431	0.0
not	0	176	148	mlp	26	utterance_final	0	prompt_without	45	44	-0.4451634016903964	-1.3702142708229297	-1.370942448124741	-0.0007281773018112947	-0.0007871754150062507	0.0
not	0	177	158	mlp	26	utterance_final	0	prompt_without	39	38	-0.7613577842712402	-1.6281150132417679	-1.6300443038344383	-0.0019292905926704407	-0.0022258719375919302	0.0
not	0	165	14	mlp	27	utterance_final	0	prompt_without	31	30	-0.5720734066433377	-2.722314715385437	-2.7232579787572226	-0.0009432633717856298	-0.000438677913939549	0.0
not	0	170	0	mlp	27	utterance_final	0	prompt_without	28	27	-0.5607280386121649	-2.5154595312319303	-2.5206004130212882	-0.005140881789357898	-0.0026299682635531688	0.0
not	0	176	148	mlp	27	utterance_final	0	prompt_without	45	44	-0.4451634016903964	-1.3702142708229297	-1.37096153606068	-0.0007472652377502609	-0.0008078098866617023	0.0
not	0	177	158	mlp	27	utterance_final	0	prompt_without	39	38	-0.7613577842712402	-1.6281150132417679	-1.6305783316493034	-0.002463318407535553	-0.0028419934962195894	0.0
not	0	165	14	mlp	28	utterance_final	0	prompt_without	31	30	-0.5720734066433377	-2.722314715385437	-2.725048369831509	-0.002733654446072098	-0.0012713244950499523	0.0
not	0	170	0	mlp	28	utterance_final	0	prompt_without	28	27	-0.5607280386121649	-2.5154595312319303	-2.526295385862652	-0.010835854630721453	-0.005543397991812702	0.0
not	0	176	148	mlp	28	utterance_final	0	prompt_without	45	44	-0.4451634016903964	-1.3702142708229297	-1.371971719192736	-0.0017574483698064025	-0.001899839704441822	0.0
not	0	177	158	mlp	28	utterance_final	0	prompt_without	39	38	-0.7613577842712402	-1.6281150132417679	-1.6292985305190086	-0.0011835172772407532	-0.001365454175267105	0.0
not	0	165	14	mlp	29	utterance_final	0	prompt_without	31	30	-0.5720734066433377	-2.722314715385437	-2.7236710521909924	-0.0013563368055553582	-0.0006307835311511251	0.0
not	0	170	0	mlp	29	utterance_final	0	prompt_without	28	27	-0.5607280386121649	-2.5154595312319303	-2.5218025194971183	-0.0063429882651879765	-0.0032449409492487343	0.0
not	0	176	148	mlp	29	utterance_final	0	prompt_without	45	44	-0.4451634016903964	-1.3702142708229297	-1.370015025138855	0.00019924568407470034	0.00021538889451727455	0.00021538889451727455
not	0	177	158	mlp	29	utterance_final	0	prompt_without	39	38	-0.7613577842712402	-1.6281150132417679	-1.6305459141731262	-0.0024309009313583374	-0.0028045926242179576	0.0
not	0	165	14	mlp	30	utterance_final	0	prompt_without	31	30	-0.5720734066433377	-2.722314715385437	-2.7215030325783625	0.0008116828070745541	0.0003774845194232605	0.0003774845194232605
not	0	170	0	mlp	30	utterance_final	0	prompt_without	28	27	-0.5607280386121649	-2.5154595312319303	-2.5111899375915527	0.0042695936403776	0.0021842353573868173	0.0021842353573868173
not	0	176	148	mlp	30	utterance_final	0	prompt_without	45	44	-0.4451634016903964	-1.3702142708229297	-1.3688941977240823	0.0013200730988474074	0.001427027575343296	0.001427027575343296
not	0	177	158	mlp	30	utterance_final	0	prompt_without	39	38	-0.7613577842712402	-1.6281150132417679	-1.628572791814804	-0.00045777857303619385	-0.0005281508567051821	0.0
not	0	165	14	mlp	31	utterance_final	0	prompt_without	31	30	-0.5720734066433377	-2.722314715385437	-2.722314715385437	0.0	0.0	0.0
not	0	170	0	mlp	31	utterance_final	0	prompt_without	28	27	-0.5607280386121649	-2.5154595312319303	-2.5154595312319303	0.0	0.0	0.0
not	0	176	148	mlp	31	utterance_final	0	prompt_without	45	44	-0.4451634016903964	-1.3702142708229297	-1.3702142708229297	0.0	0.0	0.0
not	0	177	158	mlp	31	utterance_final	0	prompt_without	39	38	-0.7613577842712402	-1.6281150132417679	-1.6281150132417679	0.0	0.0	0.0
not	0	178	288	mlp	0	utterance_final	0	prompt_without	40	39	-0.739584059715271	-1.4574041175842285	-1.4538701820373534	0.003533935546875089	0.004923149622436757	0.004923149622436757
not	0	178	288	mlp	1	utterance_final	0	prompt_without	40	39	-0.739584059715271	-1.4574041175842285	-1.435269718170166	0.02213439941406259	0.030835582220667564	0.030835582220667564
not	0	178	288	mlp	2	utterance_final	0	prompt_without	40	39	-0.739584059715271	-1.4574041175842285	-1.4513260650634765	0.0060780525207519975	0.008467376265294587	0.008467376265294587
not	0	178	288	mlp	3	utterance_final	0	prompt_without	40	39	-0.739584059715271	-1.4574041175842285	-1.415180492401123	0.04222362518310541	0.058822019140085925	0.058822019140085925
not	0	178	288	mlp	4	utterance_final	0	prompt_without	40	39	-0.739584059715271	-1.4574041175842285	-1.4171983289718628	0.04020578861236568	0.056010957302763884	0.056010957302763884
not	0	178	288	mlp	5	utterance_final	0	prompt_without	40	39	-0.739584059715271	-1.4574041175842285	-1.3709258460998535	0.08647827148437504	0.1204734676000962	0.1204734676000962
not	0	178	288	mlp	6	utterance_final	0	prompt_without	40	39	-0.739584059715271	-1.4574041175842285	-1.4308542919158935	0.02654982566833497	0.03698674253705767	0.03698674253705767
not	0	178	288	mlp	7	utterance_final	0	prompt_without	40	39	-0.739584059715271	-1.4574041175842285	-1.3441701173782348	0.11323400020599372	0.157747055079736	0.157747055079736
not	0	178	288	mlp	8	utterance_final	0	prompt_without	40	39	-0.739584059715271	-1.4574041175842285	-1.4603611040115356	-0.002956986427307129	-0.004119397883761762	0.0
not	0	178	288	mlp	9	utterance_final	0	prompt_without	40	39	-0.739584059715271	-1.4574041175842285	-1.390067048072815	0.0673370695114135	0.09380772907255022	0.09380772907255022
not	0	178	288	mlp	10	utterance_final	0	prompt_without	40	39	-0.739584059715271	-1.4574041175842285	-1.5694092798233032	-0.11200516223907475	-0.15603515255841735	0.0
not	0	178	288	mlp	11	utterance_final	0	prompt_without	40	39	-0.739584059715271	-1.4574041175842285	-1.5183113527297973	-0.06090723514556884	-0.08485028312859966	0.0
not	0	178	288	mlp	12	utterance_final	0	prompt_without	40	39	-0.739584059715271	-1.4574041175842285	-1.3955478858947754	0.06185623168945309	0.08617233666204592	0.08617233666204592
not	0	178	288	mlp	13	utterance_final	0	prompt_without	40	39	-0.739584059715271	-1.4574041175842285	-1.4388394594192504	0.0185646581649781	0.025862551431193346	0.025862551431193346
not	0	178	288	mlp	14	utterance_final	0	prompt_without	40	39	-0.739584059715271	-1.4574041175842285	-1.4552348852157593	0.0021692323684692205	0.003021972351830307	0.003021972351830307
not	0	178	288	mlp	15	utterance_final	0	prompt_without	40	39	-0.739584059715271	-1.4574041175842285	-1.4539482736587523	0.003455843925476154	0.004814359654055585	0.004814359654055585
not	0	178	288	mlp	16	utterance_final	0	prompt_without	40	39	-0.739584059715271	-1.4574041175842285	-1.4545346307754516	0.0028694868087768555	0.003997501570652262	0.003997501570652262
not	0	178	288	mlp	17	utterance_final	0	prompt_without	40	39	-0.739584059715271	-1.4574041175842285	-1.456954264640808	0.0004498529434204812	0.0006266931921016404	0.0006266931921016404
not	0	178	288	mlp	18	utterance_final	0	prompt_without	40	39	-0.739584059715271	-1.4574041175842285	-1.4586853075027466	-0.0012811899185181108	-0.0017848343808080102	0.0
not	0	178	288	mlp	19	utterance_final	0	prompt_without	40	39	-0.739584059715271	-1.4574041175842285	-1.4558611154556274	0.0015430021286011453	0.0021495667496140513	0.0021495667496140513
not	0	178	288	mlp	20	utterance_final	0	prompt_without	40	39	-0.739584059715271	-1.4574041175842285	-1.4572641038894654	0.0001400136947631303	0.00019505402952767678	0.00019505402952767678
not	0	178	288	mlp	21	utterance_final	0	prompt_without	40	39	-0.739584059715271	-1.4574041175842285	-1.4576827144622804	-0.0002785968780518733	-0.00038811520380046676	0.0
not	0	178	288	mlp	22	utterance_final	0	prompt_without	40	39	-0.739584059715271	-1.4574041175842285	-1.457546706199646	-0.00014258861541760481	-0.00019864116898727738	0.0
not	0	178	288	mlp	23	utterance_final	0	prompt_without	40	39	-0.739584059715271	-1.4574041175842285	-1.45658438205719	0.000819735527038512	0.0011419791325866793	0.0011419791325866793
not	0	178	288	mlp	24	utterance_final	0	prompt_without	40	39	-0.739584059715271	-1.4574041175842285	-1.456452693939209	0.0009514236450194336	0.001325434744529139	0.001325434744529139
not	0	178	288	mlp	25	utterance_final	0	prompt_without	40	39	-0.739584059715271	-1.4574041175842285	-1.45696946144104	0.0004346561431884943	0.0006055224264405321	0.0006055224264405321
not	0	178	288	mlp	26	utterance_final	0	prompt_without	40	39	-0.739584059715271	-1.4574041175842285	-1.4569206523895264	0.00048346519470210403	0.000673518647747739	0.000673518647747739
not	0	178	288	mlp	27	utterance_final	0	prompt_without	40	39	-0.739584059715271	-1.4574041175842285	-1.4566521692276	0.0007519483566285068	0.0010475443648939936	0.0010475443648939936
not	0	178	288	mlp	28	utterance_final	0	prompt_without	40	39	-0.739584059715271	-1.4574041175842285	-1.4573164749145509	8.764266967764556e-05	0.0001220955986348953	0.0001220955986348953
not	0	178	288	mlp	29	utterance_final	0	prompt_without	40	39	-0.739584059715271	-1.4574041175842285	-1.4566270685195923	0.0007770490646361594	0.001082512331771613	0.001082512331771613
not	0	178	288	mlp	30	utterance_final	0	prompt_without	40	39	-0.739584059715271	-1.4574041175842285	-1.4577019834518432	-0.00029786586761471057	-0.00041495896408774886	0.0
not	0	178	288	mlp	31	utterance_final	0	prompt_without	40	39	-0.739584059715271	-1.4574041175842285	-1.4574041175842285	0.0	0.0	0.0
not	1	120	47	mlp	0	utterance_final	0	prompt_without	107	106	-0.5985736846923828	-2.040461540222168	-2.038863182067871	0.001598358154296875	0.001108517661874334	0.001108517661874334
not	1	123	392	mlp	0	utterance_final	0	prompt_without	39	38	-0.808233638604482	-1.4642622139718797	-1.4634958571857877	0.0007663567860920484	0.0011681759223107976	0.0011681759223107976
not	1	126	147	mlp	0	utterance_final	0	prompt_without	84	83	-0.4441662157996226	-1.2841449470843298	-1.283185605275429	0.0009593418089008932	0.0011421024999449998	0.0011421024999449998
not	1	130	56	mlp	0	utterance_final	0	prompt_without	46	45	-0.5827055225769678	-1.826221580306689	-1.826118032137553	0.00010354816913604736	8.327047205574053e-05	8.327047205574053e-05
not	1	120	47	mlp	1	utterance_final	0	prompt_without	107	106	-0.5985736846923828	-2.040461540222168	-2.039907455444336	0.0005540847778320312	0.0003842773040268425	0.0003842773040268425
not	1	123	392	mlp	1	utterance_final	0	prompt_without	39	38	-0.808233638604482	-1.4642622139718797	-1.410892215039995	0.053369998931884766	0.08135316194419702	0.08135316194419702
not	1	126	147	mlp	1	utterance_final	0	prompt_without	84	83	-0.4441662157996226	-1.2841449470843298	-1.287360742940741	-0.0032157958564111855	-0.0038284253358329447	0.0
not	1	130	56	mlp	1	utterance_final	0	prompt_without	46	45	-0.5827055225769678	-1.826221580306689	-1.8258114258448284	0.00041015446186065674	0.000329834471626746	0.000329834471626746
not	1	120	47	mlp	2	utterance_final	0	prompt_without	107	106	-0.5985736846923828	-2.040461540222168	-2.0392894744873047	0.0011720657348632812	0.0008128688582598787	0.0008128688582598787
not	1	123	392	mlp	2	utterance_final	0	prompt_without	39	38	-0.808233638604482	-1.4642622139718797	-1.4284152785936992	0.03584693537818051	0.05464233834342512	0.05464233834342512
not	1	126	147	mlp	2	utterance_final	0	prompt_without	84	83	-0.4441662157996226	-1.2841449470843298	-1.2842814316183835	-0.00013648453405368244	-0.00016248570228074216	0.0
not	1	130	56	mlp	2	utterance_final	0	prompt_without	46	45	-0.5827055225769678	-1.826221580306689	-1.8337881813446681	-0.007566601037979126	-0.0060848438513881505	0.0
not	1	120	47	mlp	3	utterance_final	0	prompt_without	107	106	-0.5985736846923828	-2.040461540222168	-2.0521068572998047	-0.011645317077636719	-0.008076437451758647	0.0
not	1	123	392	mlp	3	utterance_final	0	prompt_without	39	38	-0.808233638604482	-1.4642622139718797	-1.426481995317671	0.037780218654208664	0.05758928813893586	0.05758928813893586
not	1	126	147	mlp	3	utterance_final	0	prompt_without	84	83	-0.4441662157996226	-1.2841449470843298	-1.281300817505788	0.002844129578541743	0.0033859542779038983	0.0033859542779038983
not	1	130	56	mlp	3	utterance_final	0	prompt_without	46	45	-0.5827055225769678	-1.826221580306689	-1.7917870730161667	0.03443450729052233	0.02769124457740351	0.02769124457740351
not	1	120	47	mlp	4	utterance_final	0	prompt_without	107	106	-0.5985736846923828	-2.040461540222168	-2.0216379165649414	0.018823623657226562	0.013054845829400719	0.013054845829400719
not	1	123	392	mlp	4	utterance_final	0	prompt_without	39	38	-0.808233638604482	-1.4642622139718797	-1.1030770275327895	0.36118518643909026	0.5505631919109844	0.5505631919109844
not	1	126	147	mlp	4	utterance_final	0	prompt_without	84	83	-0.4441662157996226	-1.2841449470843298	-1.2809053437184479	0.0032396033658819157	0.0038567683266540545	0.0038567683266540545
not	1	130	56	mlp	4	utterance_final	0	prompt_without	46	45	-0.5827055225769678	-1.826221580306689	-1.8048048665126164	0.021416713794072617	0.017222707870112243	0.017222707870112243
not	1	120	47	mlp	5	utterance_final	0	prompt_without	107	106	-0.5985736846923828	-2.040461540222168	-2.017366409301758	0.023095130920410156	0.016017286526020733	0.016017286526020733
not	1	123	392	mlp	5	utterance_final	0	prompt_without	39	38	-0.808233638604482	-1.4642622139718797	-1.2132509880595737	0.25101122591230607	0.38262239685478866	0.38262239685478866
not	1	126	147	mlp	5	utterance_final	0	prompt_without	84	83	-0.4441662157996226	-1.2841449470843298	-1.2793542328527419	0.004790714231587945	0.005703375636976876	0.005703375636976876
not	1	130	56	mlp	5	utterance_final	0	prompt_without	46	45	-0.5827055225769678	-1.826221580306689	-1.7962750991185505	0.029946481188138474	0.02408210252050268	0.02408210252050268
not	1	120	47	mlp	6	utterance_final	0	prompt_without	107	106	-0.5985736846923828	-2.040461540222168	-1.9945621490478516	0.045899391174316406	0.03183284400259536	0.03183284400259536
not	1	123	392	mlp	6	utterance_final	0	prompt_without	39	38	-0.808233638604482	-1.4642622139718797	-1.0482652717166476	0.4159969422552321	0.6341140582515938	0.6341140582515938
not	1	126	147	mlp	6	utterance_final	0	prompt_without	84	83	-0.4441662157996226	-1.2841449470843298	-1.280150177115101	0.003994769969228873	0.004755798951146137	0.004755798951146137
not	1	130	56	mlp	6	utterance_final	0	prompt_without	46	45	-0.5827055225769678	-1.826221580306689	-1.8031056821346283	0.023115898172060723	0.018589143283170195	0.018589143283170195
not	1	120	47	mlp	7	utterance_final	0	prompt_without	107	106	-0.5985736846923828	-2.040461540222168	-1.9962244033813477	0.04423713684082031	0.03068001209051483	0.03068001209051483
not	1	123	392	mlp	7	utterance_final	0	prompt_without	39	38	-0.808233638604482	-1.4642622139718797	-1.1672965155707464	0.2969656984011333	0.45267189502350974	0.45267189502350974
not	1	126	147	mlp	7	utterance_final	0	prompt_without	84	83	-0.4441662157996226	-1.2841449470843298	-1.2816041122048587	0.002540834879471099	0.0030248800175987954	0.0030248800175987954
not	1	130	56	mlp	7	utterance_final	0	prompt_without	46	45	-0.5827055225769678	-1.826221580306689	-1.7879880021015804	0.03823357820510864	0.030746348603580907	0.030746348603580907
not	1	120	47	mlp	8	utterance_final	0	prompt_without	107	106	-0.5985736846923828	-2.040461540222168	-1.9542522430419922	0.08620929718017578	0.05978918322222803	0.05978918322222803
not	1	123	392	mlp	8	utterance_final	0	prompt_without	39	38	-0.808233638604482	-1.4642622139718797	-1.1193837589687772	0.34487845500310255	0.5257064523598827	0.5257064523598827
not	1	126	147	mlp	8	utterance_final	0	prompt_without	84	83	-0.4441662157996226	-1.2841449470843298	-1.2753300848653761	0.008814862218953667	0.01049414930479461	0.01049414930479461
not	1	130	56	mlp	8	utterance_final	0	prompt_without	46	45	-0.5827055225769678	-1.826221580306689	-1.8060790399710338	0.020142540335655212	0.016198054066490556	0.016198054066490556
not	1	120	47	mlp	9	utterance_final	0	prompt_without	107	106	-0.5985736846923828	-2.040461540222168	-2.0309629440307617	0.00949859619140625	0.006587610926174443	0.006587610926174443
not	1	123	392	mlp	9	utterance_final	0	prompt_without	39	38	-0.808233638604482	-1.4642622139718797	-1.2501531375779047	0.21410907639397503	0.32637157043664883	0.32637157043664883
not	1	126	147	mlp	9	utterance_final	0	prompt_without	84	83	-0.4441662157996226	-1.2841449470843298	-1.277168524467339	0.0069764226169908294	0.008305475314024589	0.008305475314024589
not	1	130	56	mlp	9	utterance_final	0	prompt_without	46	45	-0.5827055225769678	-1.826221580306689	-1.744243547320366	0.08197803298632311	0.06592438632114639	0.06592438632114639
not	1	120	47	mlp	10	utterance_final	0	prompt_without	107	106	-0.5985736846923828	-2.040461540222168	-1.9959306716918945	0.04453086853027344	0.030883725360119425	0.030883725360119425
not	1	123	392	mlp	10	utterance_final	0	prompt_without	39	38	-0.808233638604482	-1.4642622139718797	-1.3552766773435805	0.10898553662829924	0.1661292521705533	0.1661292521705533
not	1	126	147	mlp	10	utterance_final	0	prompt_without	84	83	-0.4441662157996226	-1.2841449470843298	-1.2583343194702925	0.025810627614037296	0.03072771565842052	0.03072771565842052
not	1	130	56	mlp	10	utterance_final	0	prompt_without	46	45	-0.5827055225769678	-1.826221580306689	-1.8274356027444203	-0.001214022437731277	-0.0009762820754785504	0.0
not	1	120	47	mlp	11	utterance_final	0	prompt_without	107	106	-0.5985736846923828	-2.040461540222168	-2.024704933166504	0.015756607055664062	0.01092776181950343	0.01092776181950343
not	1	123	392	mlp	11	utterance_final	0	prompt_without	39	38	-0.808233638604482	-1.4642622139718797	-1.3282785018285115	0.13598371214336824	0.20728321486181128	0.20728321486181128
not	1	126	147	mlp	11	utterance_final	0	prompt_without	84	83	-0.4441662157996226	-1.2841449470843298	-1.2944314722287453	-0.010286525144415526	-0.012246173339035358	0.0
not	1	130	56	mlp	11	utterance_final	0	prompt_without	46	45	-0.5827055225769678	-1.826221580306689	-1.8304050415754318	-0.004183461268742805	-0.0033642197402585397	0.0
not	1	120	47	mlp	12	utterance_final	0	prompt_without	107	106	-0.5985736846923828	-2.040461540222168	-1.7618341445922852	0.2786273956298828	0.19323790998122267	0.19323790998122267
not	1	123	392	mlp	12	utterance_final	0	prompt_without	39	38	-0.808233638604482	-1.4642622139718797	-1.3464249968528748	0.11783721711900497	0.17962207980500275	0.17962207980500275
not	1	126	147	mlp	12	utterance_final	0	prompt_without	84	83	-0.4441662157996226	-1.2841449470843298	-1.2868029747979115	-0.002658027713581701	-0.0031643988289041265	0.0
not	1	130	56	mlp	12	utterance_final	0	prompt_without	46	45	-0.5827055225769678	-1.826221580306689	-1.8697303434213002	-0.04350876311461116	-0.034988501229364755	0.0
not	1	120	47	mlp	13	utterance_final	0	prompt_without	107	106	-0.5985736846923828	-2.040461540222168	-2.019716262817383	0.020745277404785156	0.014387580369184003	0.014387580369184003
not	1	123	392	mlp	13	utterance_final	0	prompt_without	39	38	-0.808233638604482	-1.4642622139718797	-1.4406573573748271	0.02360485659705258	0.035981445753080314	0.035981445753080314
not	1	126	147	mlp	13	utterance_final	0	prompt_without	84	83	-0.4441662157996226	-1.2841449470843298	-1.290732428178949	-0.006587481094619152	-0.00784243796809464	0.0
not	1	130	56	mlp	13	utterance_final	0	prompt_without	46	45	-0.5827055225769678	-1.826221580306689	-1.8183793425559998	0.007842237750689263	0.006306503001663512	0.006306503001663512
not	1	120	47	mlp	14	utterance_final	0	prompt_without	107	106	-0.5985736846923828	-2.040461540222168	-2.014423370361328	0.026038169860839844	0.01805838766238362	0.01805838766238362
not	1	123	392	mlp	14	utterance_final	0	prompt_without	39	38	-0.808233638604482	-1.4642622139718797	-1.459740890396966	0.004521323574913749	0.006891961333211223	0.006891961333211223
not	1	126	147	mlp	14	utterance_final	0	prompt_without	84	83	-0.4441662157996226	-1.2841449470843298	-1.2820992368762776	0.0020457102080522205	0.0024354309601665805	0.0024354309601665805
not	1	130	56	mlp	14	utterance_final	0	prompt_without	46	45	-0.5827055225769678	-1.826221580306689	-1.8166831483443577	0.009538431962331284	0.007670533808582685	0.007670533808582685
not	1	120	47	mlp	15	utterance_final	0	prompt_without	107	106	-0.5985736846923828	-2.040461540222168	-2.0310211181640625	0.009440422058105469	0.006547265116285223	0.006547265116285223
not	1	123	392	mlp	15	utterance_final	0	prompt_without	39	38	-0.808233638604482	-1.4642622139718797	-1.4631895820299785	0.0010726319419012142	0.001635038445239226	0.001635038445239226
not	1	126	147	mlp	15	utterance_final	0	prompt_without	84	83	-0.4441662157996226	-1.2841449470843298	-1.2847647909390725	-0.0006198438547426743	-0.000737928035147572	0.0
not	1	130	56	mlp	15	utterance_final	0	prompt_without	46	45	-0.5827055225769678	-1.826221580306689	-1.8259704560041428	0.0002511243025462573	0.0002019469720437171	0.0002019469720437171
not	1	120	47	mlp	16	utterance_final	0	prompt_without	107	106	-0.5985736846923828	-2.040461540222168	-2.0350074768066406	0.005454063415527344	0.0037825850287943417	0.0037825850287943417
not	1	123	392	mlp	16	utterance_final	0	prompt_without	39	38	-0.808233638604482	-1.4642622139718797	-1.4648526310920715	-0.0005904171201918107	-0.0008999868944141002	0.0
not	1	126	147	mlp	16	utterance_final	0	prompt_without	84	83	-0.4441662157996226	-1.2841449470843298	-1.2854521698870902	-0.0013072228027604105	-0.0015562570266047999	0.0
not	1	130	56	mlp	16	utterance_final	0	prompt_without	46	45	-0.5827055225769678	-1.826221580306689	-1.822283332546552	0.00393824776013707	0.003167026059419854	0.003167026059419854
not	1	120	47	mlp	17	utterance_final	0	prompt_without	107	106	-0.5985736846923828	-2.040461540222168	-2.0367326736450195	0.0037288665771484375	0.002586100273227116	0.002586100273227116
not	1	123	392	mlp	17	utterance_final	0	prompt_without	39	38	-0.808233638604482	-1.4642622139718797	-1.4657005137867398	-0.0014382998148601	-0.00219243470309903	0.0
not	1	126	147	mlp	17	utterance_final	0	prompt_without	84	83	-0.4441662157996226	-1.2841449470843298	-1.283435975090932	0.0007089719933977001	0.0008440356487519172	0.0008440356487519172
not	1	130	56	mlp	17	utterance_final	0	prompt_without	46	45	-0.5827055225769678	-1.826221580306689	-1.8222233007351558	0.003998279571533203	0.003215301922866067	0.003215301922866067
not	1	120	47	mlp	18	utterance_final	0	prompt_without	107	106	-0.5985736846923828	-2.040461540222168	-2.0387420654296875	0.0017194747924804688	0.0011925163152502532	0.0011925163152502532
not	1	123	392	mlp	18	utterance_final	0	prompt_without	39	38	-0.808233638604482	-1.4642622139718797	-1.4616646700435214	0.0025975439283583146	0.003959498146713509	0.003959498146713509
not	1	126	147	mlp	18	utterance_final	0	prompt_without	84	83	-0.4441662157996226	-1.2841449470843298	-1.2845416372105227	-0.0003966901261929223	-0.00047226210785861666	0.0
not	1	130	56	mlp	18	utterance_final	0	prompt_without	46	45	-0.5827055225769678	-1.826221580306689	-1.8245233247677486	0.0016982555389404297	0.0013656884672972565	0.0013656884672972565
not	1	120	47	mlp	19	utterance_final	0	prompt_without	107	106	-0.5985736846923828	-2.040461540222168	-2.03983211517334	0.000629425048828125	0.0004365284348669812	0.0004365284348669812
not	1	123	392	mlp	19	utterance_final	0	prompt_without	39	38	-0.808233638604482	-1.4642622139718797	-1.4662805332077875	-0.002018319235907784	-0.0030765721367814786	0.0
not	1	126	147	mlp	19	utterance_final	0	prompt_without	84	83	-0.4441662157996226	-1.2841449470843298	-1.2849651231604107	-0.0008201760760808696	-0.0009764248135502785	0.0
not	1	130	56	mlp	19	utterance_final	0	prompt_without	46	45	-0.5827055225769678	-1.826221580306689	-1.82479531566302	0.0014262646436691284	0.0011469611789919707	0.0011469611789919707
not	1	120	47	mlp	20	utterance_final	0	prompt_without	107	106	-0.5985736846923828	-2.040461540222168	-2.0394411087036133	0.0010204315185546875	0.0007077051898601058	0.0007077051898601058
not	1	123	392	mlp	20	utterance_final	0	prompt_without	39	38	-0.808233638604482	-1.4642622139718797	-1.466300494141049	-0.002038280169169182	-0.0031069990633070792	0.0
not	1	126	147	mlp	20	utterance_final	0	prompt_without	84	83	-0.4441662157996226	-1.2841449470843298	-1.2837271387294187	0.00041780835491112	0.0004974034929099957	0.0004974034929099957
not	1	130	56	mlp	20	utterance_final	0	prompt_without	46	45	-0.5827055225769678	-1.826221580306689	-1.8224332531293232	0.003788327177365769	0.0030464642203994474	0.0030464642203994474
not	1	120	47	mlp	21	utterance_final	0	prompt_without	107	106	-0.5985736846923828	-2.040461540222168	-2.0387611389160156	0.0017004013061523438	0.0011792881808603446	0.0011792881808603446
not	1	123	392	mlp	21	utterance_final	0	prompt_without	39	38	-0.808233638604482	-1.4642622139718797	-1.4659244219462078	-0.0016622079743280338	-0.0025337432495179685	0.0
not	1	126	147	mlp	21	utterance_final	0	prompt_without	84	83	-0.4441662157996226	-1.2841449470843298	-1.2849378565610465	-0.00079290947671673	-0.0009439637543012702	0.0
not	1	130	56	mlp	21	utterance_final	0	prompt_without	46	45	-0.5827055225769678	-1.826221580306689	-1.8266228884458542	-0.0004013081391651685	-0.00032272051226892403	0.0
not	1	120	47	mlp	22	utterance_final	0	prompt_without	107	106	-0.5985736846923828	-2.040461540222168	-2.0390748977661133	0.0013866424560546875	0.0009616853701463494	0.0009616853701463494
not	1	123	392	mlp	22	utterance_final	0	prompt_without	39	38	-0.808233638604482	-1.4642622139718797	-1.463311493396759	0.0009507205751206893	0.0014492060419597642	0.0014492060419597642
not	1	126	147	mlp	22	utterance_final	0	prompt_without	84	83	-0.4441662157996226	-1.2841449470843298	-1.285061123007435	-0.0009161759231051114	-0.0010907132394934148	0.0
not	1	130	56	mlp	22	utterance_final	0	prompt_without	46	45	-0.5827055225769678	-1.826221580306689	-1.8234627743562062	0.0027588059504828344	0.0022185527346704056	0.0022185527346704056
not	1	120	47	mlp	23	utterance_final	0	prompt_without	107	106	-0.5985736846923828	-2.040461540222168	-2.04038143157959	8.0108642578125e-05	5.5558164437615785e-05	5.5558164437615785e-05
not	1	123	392	mlp	23	utterance_final	0	prompt_without	39	38	-0.808233638604482	-1.4642622139718797	-1.4643301632669237	-6.794929504394531e-05	-0.00010357673064148381	0.0
not	1	126	147	mlp	23	utterance_final	0	prompt_without	84	83	-0.4441662157996226	-1.2841449470843298	-1.2841823121248666	-3.736504053675205e-05	-4.4483317428292514e-05	0.0
not	1	130	56	mlp	23	utterance_final	0	prompt_without	46	45	-0.5827055225769678	-1.826221580306689	-1.8244886249303818	0.0017329553763072436	0.0013935930827231042	0.0013935930827231042
not	1	120	47	mlp	24	utterance_final	0	prompt_without	107	106	-0.5985736846923828	-2.040461540222168	-2.041048049926758	-0.0005865097045898438	-0.00040676513248968704	0.0
not	1	123	392	mlp	24	utterance_final	0	prompt_without	39	38	-0.808233638604482	-1.4642622139718797	-1.464436948299408	-0.00017473432752823648	-0.0002663517018757597	0.0
not	1	126	147	mlp	24	utterance_final	0	prompt_without	84	83	-0.4441662157996226	-1.2841449470843298	-1.2842646857439461	-0.00011973865961634189	-0.00014254963269511283	0.0
not	1	130	56	mlp	24	utterance_final	0	prompt_without	46	45	-0.5827055225769678	-1.826221580306689	-1.8267642905314763	-0.0005427102247872462	-0.00043643201984706865	0.0
not	1	120	47	mlp	25	utterance_final	0	prompt_without	107	106	-0.5985736846923828	-2.040461540222168	-2.0394535064697266	0.0010080337524414062	0.0006991069025066653	0.0006991069025066653
not	1	123	392	mlp	25	utterance_final	0	prompt_without	39	38	-0.808233638604482	-1.4642622139718797	-1.464987297852834	-0.0007250838809542692	-0.0011052626488841561	0.0
not	1	126	147	mlp	25	utterance_final	0	prompt_without	84	83	-0.4441662157996226	-1.2841449470843298	-1.2842590101694658	-0.00011406308513595143	-0.00013579282532725253	0.0
not	1	130	56	mlp	25	utterance_final	0	prompt_without	46	45	-0.5827055225769678	-1.826221580306689	-1.8267059922218323	-0.0004844119151432569	-0.0003895501888633786	0.0
not	1	120	47	mlp	26	utterance_final	0	prompt_without	107	106	-0.5985736846923828	-2.040461540222168	-2.040996551513672	-0.0005350112915039062	-0.00037104916963693403	0.0
not	1	123	392	mlp	26	utterance_final	0	prompt_without	39	38	-0.808233638604482	-1.4642622139718797	-1.4632830156220331	0.0009791983498466106	0.001492615393008189	0.001492615393008189
not	1	126	147	mlp	26	utterance_final	0	prompt_without	84	83	-0.4441662157996226	-1.2841449470843298	-1.28486522981676	-0.0007202827324301886	-0.0008575011552120501	0.0
not	1	130	56	mlp	26	utterance_final	0	prompt_without	46	45	-0.5827055225769678	-1.826221580306689	-1.8242565592130024	0.0019650210936865697	0.0015802136864031299	0.0015802136864031299
not	1	120	47	mlp	27	utterance_final	0	prompt_without	107	106	-0.5985736846923828	-2.040461540222168	-2.0398073196411133	0.0006542205810546875	0.00045372500957386225	0.00045372500957386225
not	1	123	392	mlp	27	utterance_final	0	prompt_without	39	38	-0.808233638604482	-1.4642622139718797	-1.465670645236969	-0.0014084312650892716	-0.0021469053604875423	0.0
not	1	126	147	mlp	27	utterance_final	0	prompt_without	84	83	-0.4441662157996226	-1.2841449470843298	-1.284310058011847	-0.00016511092751714251	-0.00019656560501789524	0.0
not	1	130	56	mlp	27	utterance_final	0	prompt_without	46	45	-0.5827055225769678	-1.826221580306689	-1.8281671007474263	-0.0019455204407372584	-0.00156453181978943	0.0
not	1	120	47	mlp	28	utterance_final	0	prompt_without	107	106	-0.5985736846923828	-2.040461540222168	-2.0403871536254883	7.43865966796875e-05	5.158972412064323e-05	5.158972412064323e-05
not	1	123	392	mlp	28	utterance_final	0	prompt_without	39	38	-0.808233638604482	-1.4642622139718797	-1.4663442042138841	-0.0020819902420043945	-0.0031736273695675697	0.0
not	1	126	147	mlp	28	utterance_final	0	prompt_without	84	83	-0.4441662157996226	-1.2841449470843298	-1.2843879198623915	-0.00024297277806173412	-0.0002892606312663642	0.0
not	1	130	56	mlp	28	utterance_final	0	prompt_without	46	45	-0.5827055225769678	-1.826221580306689	-1.827578142285347	-0.0013565619786579663	-0.0010909082920365599	0.0
not	1	120	47	mlp	29	utterance_final	0	prompt_without	107	106	-0.5985736846923828	-2.040461540222168	-2.0399837493896484	0.00047779083251953125	0.00033136476646720845	0.00033136476646720845
not	1	123	392	mlp	29	utterance_final	0	prompt_without	39	38	-0.808233638604482	-1.4642622139718797	-1.4648364186286926	-0.0005742046568129044	-0.0008752738499101672	0.0
not	1	126	147	mlp	29	utterance_final	0	prompt_without	84	83	-0.4441662157996226	-1.2841449470843298	-1.2844100119703907	-0.0002650648860609284	-0.0003155614257702982	0.0
not	1	130	56	mlp	29	utterance_final	0	prompt_without	46	45	-0.5827055225769678	-1.826221580306689	-1.825127551952998	0.001094028353691101	0.0008797862696590033	0.0008797862696590033
not	1	120	47	mlp	30	utterance_final	0	prompt_without	107	106	-0.5985736846923828	-2.040461540222168	-2.04034423828125	0.00011730194091796875	8.135302649793741e-05	8.135302649793741e-05
not	1	123	392	mlp	30	utterance_final	0	prompt_without	39	38	-0.808233638604482	-1.4642622139718797	-1.4641130169232686	0.00014919704861116045	0.0002274246187029356	0.0002274246187029356
not	1	126	147	mlp	30	utterance_final	0	prompt_without	84	83	-0.4441662157996226	-1.2841449470843298	-1.284375380661528	-0.00023043357719809698	-0.00027433263321520045	0.0
not	1	130	56	mlp	30	utterance_final	0	prompt_without	46	45	-0.5827055225769678	-1.826221580306689	-1.8260674724976222	0.00015410780906677246	0.00012392908648733178	0.00012392908648733178
not	1	120	47	mlp	31	utterance_final	0	prompt_without	107	106	-0.5985736846923828	-2.040461540222168	-2.040461540222168	0.0	0.0	0.0
not	1	123	392	mlp	31	utterance_final	0	prompt_without	39	38	-0.808233638604482	-1.4642622139718797	-1.4642622139718797	0.0	0.0	0.0
not	1	126	147	mlp	31	utterance_final	0	prompt_without	84	83	-0.4441662157996226	-1.2841449470843298	-1.2841449470843298	0.0	0.0	0.0
not	1	130	56	mlp	31	utterance_final	0	prompt_without	46	45	-0.5827055225769678	-1.826221580306689	-1.826221580306689	0.0	0.0	0.0
not	1	132	31	mlp	0	utterance_final	0	prompt_without	69	68	-0.9630237926136364	-2.9811456853693183	-2.9771617542613638	0.003983931107954586	0.001974078534232961	0.001974078534232961
not	1	136	118	mlp	0	utterance_final	0	prompt_without	30	29	-0.4527173714204268	-1.358960595997897	-1.3593898794867776	-0.0004292834888806052	-0.0004736956671656836	0.0
not	1	138	39	mlp	0	utterance_final	0	prompt_without	23	22	-0.4583919445673625	-2.0633058498303094	-2.0633533845345178	-4.7534704208374023e-05	-2.961822690456782e-05	0.0
not	1	144	70	mlp	0	utterance_final	0	prompt_without	62	61	-0.9641520023345947	-2.2702388445536297	-2.268941084543864	0.0012977600097658915	0.0009936245951004327	0.0009936245951004327
not	1	132	31	mlp	1	utterance_final	0	prompt_without	69	68	-0.9630237926136364	-2.9811456853693183	-2.9796142578125	0.0015314275568183433	0.0007588379880896228	0.0007588379880896228
not	1	136	118	mlp	1	utterance_final	0	prompt_without	30	29	-0.4527173714204268	-1.358960595997897	-1.3639397231015291	-0.0049791271036321305	-0.005494250294619985	0.0
not	1	138	39	mlp	1	utterance_final	0	prompt_without	23	22	-0.4583919445673625	-2.0633058498303094	-2.061247577269872	0.0020582725604372243	0.0012824816045817733	0.0012824816045817733
not	1	144	70	mlp	1	utterance_final	0	prompt_without	62	61	-0.9641520023345947	-2.2702388445536297	-2.2595012346903482	0.010737609863281428	0.008221206673392623	0.008221206673392623
not	1	132	31	mlp	2	utterance_final	0	prompt_without	69	68	-0.9630237926136364	-2.9811456853693183	-2.9804798473011362	0.0006658380681821008	0.00032992956003907167	0.00032992956003907167
not	1	136	118	mlp	2	utterance_final	0	prompt_without	30	29	-0.4527173714204268	-1.358960595997897	-1.356746537035162	0.002214058962735077	0.002443117810637831	0.002443117810637831
not	1	138	39	mlp	2	utterance_final	0	prompt_without	23	22	-0.4583919445673625	-2.0633058498303094	-2.0612857093413672	0.002020140488942168	0.0012587220300837203	0.0012587220300837203
not	1	144	70	mlp	2	utterance_final	0	prompt_without	62	61	-0.9641520023345947	-2.2702388445536297	-2.2819975217183432	-0.011758677164713571	-0.009002982638379266	0.0
not	1	132	31	mlp	3	utterance_final	0	prompt_without	69	68	-0.9630237926136364	-2.9811456853693183	-2.968716708096591	0.012428977272727515	0.006158685120726844	0.006158685120726844
not	1	136	118	mlp	3	utterance_final	0	prompt_without	30	29	-0.4527173714204268	-1.358960595997897	-1.3513035600835628	0.007657035914334198	0.008449206246925862	0.008449206246925862
not	1	138	39	mlp	3	utterance_final	0	prompt_without	23	22	-0.4583919445673625	-2.0633058498303094	-2.072593783338865	-0.00928793350855539	-0.005787184893904741	0.0
not	1	144	70	mlp	3	utterance_final	0	prompt_without	62	61	-0.9641520023345947	-2.2702388445536297	-2.280991967519124	-0.010753122965494466	-0.00823308421607323	0.0
not	1	132	31	mlp	4	utterance_final	0	prompt_without	69	68	-0.9630237926136364	-2.9811456853693183	-2.9953502308238638	-0.014204545454545414	-0.0070384972808305215	0.0
not	1	136	118	mlp	4	utterance_final	0	prompt_without	30	29	-0.4527173714204268	-1.358960595997897	-1.3591997428373856	-0.00023914683948866866	-0.0002638881406260105	0.0
not	1	138	39	mlp	4	utterance_final	0	prompt_without	23	22	-0.4583919445673625	-2.0633058498303094	-2.0431352903445563	0.02017055948575308	0.012568000949838095	0.012568000949838095
not	1	144	70	mlp	4	utterance_final	0	prompt_without	62	61	-0.9641520023345947	-2.2702388445536297	-2.233156696955363	0.03708214759826678	0.028391793255695307	0.028391793255695307
not	1	132	31	mlp	5	utterance_final	0	prompt_without	69	68	-0.9630237926136364	-2.9811456853693183	-3.0121293501420454	-0.03098366477272707	-0.01535272219381152	0.0
not	1	136	118	mlp	5	utterance_final	0	prompt_without	30	29	-0.4527173714204268	-1.358960595997897	-1.3482154846191405	0.010745111378756445	0.011856763269889582	0.011856763269889582
not	1	138	39	mlp	5	utterance_final	0	prompt_without	23	22	-0.4583919445673625	-2.0633058498303094	-2.0323855131864548	0.03092033664385463	0.01926604071561626	0.01926604071561626
not	1	144	70	mlp	5	utterance_final	0	prompt_without	62	61	-0.9641520023345947	-2.2702388445536297	-2.2983612696329754	-0.028122425079345703	-0.021531818689457007	0.0
not	1	132	31	mlp	6	utterance_final	0	prompt_without	69	68	-0.9630237926136364	-2.9811456853693183	-2.9349809126420454	0.04616477272727293	0.022875116162699362	0.022875116162699362
not	1	136	118	mlp	6	utterance_final	0	prompt_without	30	29	-0.4527173714204268	-1.358960595997897	-1.3320349736647172	0.026925622333179744	0.029711253671147318	0.029711253671147318
not	1	138	39	mlp	6	utterance_final	0	prompt_without	23	22	-0.4583919445673625	-2.0633058498303094	-2.0906003266572952	-0.027294476826985825	-0.017006816837638362	0.0
not	1	144	70	mlp	6	utterance_final	0	prompt_without	62	61	-0.9641520023345947	-2.2702388445536297	-2.2560858090718585	0.014153035481771159	0.010836213201355908	0.010836213201355908
not	1	132	31	mlp	7	utterance_final	0	prompt_without	69	68	-0.9630237926136364	-2.9811456853693183	-2.8186590021306817	0.1624866832386367	0.08051381030150077	0.08051381030150077
not	1	136	118	mlp	7	utterance_final	0	prompt_without	30	29	-0.4527173714204268	-1.358960595997897	-1.3056364146145907	0.0533241813833063	0.058840915923171005	0.058840915923171005
not	1	138	39	mlp	7	utterance_final	0	prompt_without	23	22	-0.4583919445673625	-2.0633058498303094	-1.8772438168525696	0.18606203297773982	0.11593271911196737	0.11593271911196737
not	1	144	70	mlp	7	utterance_final	0	prompt_without	62	61	-0.9641520023345947	-2.2702388445536297	-2.277234180768331	-0.006995336214701275	-0.005355950300223708	0.0
not	1	132	31	mlp	8	utterance_final	0	prompt_without	69	68	-0.9630237926136364	-2.9811456853693183	-2.5040283203125	0.47711736505681834	0.2364165250718972	0.2364165250718972
not	1	136	118	mlp	8	utterance_final	0	prompt_without	30	29	-0.4527173714204268	-1.358960595997897	-1.334062723679976	0.024897872317920955	0.027473719684392037	0.027473719684392037
not	1	138	39	mlp	8	utterance_final	0	prompt_without	23	22	-0.4583919445673625	-2.0633058498303094	-2.0224435329437256	0.040862316886583816	0.025460753223325704	0.025460753223325704
not	1	144	70	mlp	8	utterance_final	0	prompt_without	62	61	-0.9641520023345947	-2.2702388445536297	-2.248394417762756	0.021844426790873506	0.016725095211708844	0.016725095211708844
not	1	132	31	mlp	9	utterance_final	0	prompt_without	69	68	-0.9630237926136364	-2.9811456853693183	-2.7124689275568183	0.2686767578125	0.13313207630170956	0.13313207630170956
not	1	136	118	mlp	9	utterance_final	0	prompt_without	30	29	-0.4527173714204268	-1.358960595997897	-1.3055811751972546	0.053379420800642396	0.058901870218704466	0.058901870218704466
not	1	138	39	mlp	9	utterance_final	0	prompt_without	23	22	-0.4583919445673625	-2.0633058498303094	-2.024023483196894	0.03928236663341522	0.02447630773501165	0.02447630773501165
not	1	144	70	mlp	9	utterance_final	0	prompt_without	62	61	-0.9641520023345947	-2.2702388445536297	-2.2069195032119753	0.0633193413416544	0.048480192353882956	0.048480192353882956
not	1	132	31	mlp	10	utterance_final	0	prompt_without	69	68	-0.9630237926136364	-2.9811456853693183	-2.8602294921875	0.12091619318181834	0.059915208103070064	0.059915208103070064
not	1	136	118	mlp	10	utterance_final	0	prompt_without	30	29	-0.4527173714204268	-1.358960595997897	-1.3077359307896008	0.05122466520829616	0.056524191099116154	0.056524191099116154
not	1	138	39	mlp	10	utterance_final	0	prompt_without	23	22	-0.4583919445673625	-2.0633058498303094	-2.1159674475590386	-0.05266159772872925	-0.032812724443372084	0.0
not	1	144	70	mlp	10	utterance_final	0	prompt_without	62	61	-0.9641520023345947	-2.2702388445536297	-2.150202679634094	0.12003616491953562	0.09190519423317578	0.09190519423317578
not	1	132	31	mlp	11	utterance_final	0	prompt_without	69	68	-0.9630237926136364	-2.9811456853693183	-2.880776145241477	0.10036954012784127	0.049734131762868804	0.049734131762868804
not	1	136	118	mlp	11	utterance_final	0	prompt_without	30	29	-0.4527173714204268	-1.358960595997897	-1.3068822383880616	0.05207835760983537	0.057466203550505496	0.057466203550505496
not	1	138	39	mlp	11	utterance_final	0	prompt_without	23	22	-0.4583919445673625	-2.0633058498303094	-2.116659755508105	-0.05335390567779541	-0.033244092099167136	0.0
not	1	144	70	mlp	11	utterance_final	0	prompt_without	62	61	-0.9641520023345947	-2.2702388445536297	-2.2789024273554483	-0.00866358280181867	-0.006633236414126404	0.0
not	1	132	31	mlp	12	utterance_final	0	prompt_without	69	68	-0.9630237926136364	-2.9811456853693183	-3.0558527166193183	-0.07470703125	-0.03701809663636813	0.0
not	1	136	118	mlp	12	utterance_final	0	prompt_without	30	29	-0.4527173714204268	-1.358960595997897	-1.3241661830381914	0.034794412959705534	0.038394122037081375	0.038394122037081375
not	1	138	39	mlp	12	utterance_final	0	prompt_without	23	22	-0.4583919445673625	-2.0633058498303094	-2.056378558278084	0.006927291552225601	0.004316301036154735	0.004316301036154735
not	1	144	70	mlp	12	utterance_final	0	prompt_without	62	61	-0.9641520023345947	-2.2702388445536297	-2.2581015666325888	0.012137277921040912	0.009292856744823903	0.009292856744823903
not	1	132	31	mlp	13	utterance_final	0	prompt_without	69	68	-0.9630237926136364	-2.9811456853693183	-2.902365944602273	0.07877974076704541	0.03903616577860624	0.03903616577860624
not	1	136	118	mlp	13	utterance_final	0	prompt_without	30	29	-0.4527173714204268	-1.358960595997897	-1.3692929636348377	-0.010332367636940676	-0.011401318494555446	0.0
not	1	138	39	mlp	13	utterance_final	0	prompt_without	23	22	-0.4583919445673625	-2.0633058498303094	-2.1083692610263824	-0.045063411196073044	-0.028078397880595296	0.0
not	1	144	70	mlp	13	utterance_final	0	prompt_without	62	61	-0.9641520023345947	-2.2702388445536297	-2.252548837661743	0.0176900068918866	0.013544280763009117	0.013544280763009117
not	1	132	31	mlp	14	utterance_final	0	prompt_without	69	68	-0.9630237926136364	-2.9811456853693183	-3.0234375	-0.04229181463068166	-0.02095602588847273	0.0
not	1	136	118	mlp	14	utterance_final	0	prompt_without	30	29	-0.4527173714204268	-1.358960595997897	-1.3486715663563122	0.010289029641584735	0.01135349690077068	0.01135349690077068
not	1	138	39	mlp	14	utterance_final	0	prompt_without	23	22	-0.4583919445673625	-2.0633058498303094	-2.0753891319036484	-0.012083282073338975	-0.0075289285199128895	0.0
not	1	144	70	mlp	14	utterance_final	0	prompt_without	62	61	-0.9641520023345947	-2.2702388445536297	-2.256937789916992	0.013301054636637666	0.010183897583746606	0.010183897583746606
not	1	132	31	mlp	15	utterance_final	0	prompt_without	69	68	-0.9630237926136364	-2.9811456853693183	-2.915505149147727	0.06564053622159127	0.032525555793838194	0.032525555793838194
not	1	136	118	mlp	15	utterance_final	0	prompt_without	30	29	-0.4527173714204268	-1.358960595997897	-1.3505209337581288	0.00843966223976822	0.00931280037288351	0.00931280037288351
not	1	138	39	mlp	15	utterance_final	0	prompt_without	23	22	-0.4583919445673625	-2.0633058498303094	-2.051595817009608	0.011710032820701599	0.007296361993189313	0.007296361993189313
not	1	144	70	mlp	15	utterance_final	0	prompt_without	62	61	-0.9641520023345947	-2.2702388445536297	-2.250471568107605	0.019767276446024606	0.01513473362340907	0.01513473362340907
not	1	132	31	mlp	16	utterance_final	0	prompt_without	69	68	-0.9630237926136364	-2.9811456853693183	-2.9531915838068183	0.0279541015625	0.01385154269563448	0.01385154269563448
not	1	136	118	mlp	16	utterance_final	0	prompt_without	30	29	-0.4527173714204268	-1.358960595997897	-1.35715746012601	0.0018031358718870738	0.001989682044495035	0.001989682044495035
not	1	138	39	mlp	16	utterance_final	0	prompt_without	23	22	-0.4583919445673625	-2.0633058498303094	-2.0724324683348336	-0.009126618504524231	-0.005686671711545136	0.0
not	1	144	70	mlp	16	utterance_final	0	prompt_without	62	61	-0.9641520023345947	-2.2702388445536297	-2.2513652245203652	0.018873620033264427	0.014450509279458202	0.014450509279458202
not	1	132	31	mlp	17	utterance_final	0	prompt_without	69	68	-0.9630237926136364	-2.9811456853693183	-2.9454900568181817	0.03565562855113669	0.01766772794008495	0.01766772794008495
not	1	136	118	mlp	17	utterance_final	0	prompt_without	30	29	-0.4527173714204268	-1.358960595997897	-1.3556098201058127	0.0033507758920843234	0.003697435524162512	0.003697435524162512
not	1	138	39	mlp	17	utterance_final	0	prompt_without	23	22	-0.4583919445673625	-2.0633058498303094	-2.062915861606598	0.00038998822371150155	0.00024299635166261858	0.00024299635166261858
not	1	144	70	mlp	17	utterance_final	0	prompt_without	62	61	-0.9641520023345947	-2.2702388445536297	-2.2757553974787395	-0.0055165529251097745	-0.004223725978080584	0.0
not	1	132	31	mlp	18	utterance_final	0	prompt_without	69	68	-0.9630237926136364	-2.9811456853693183	-2.970603249289773	0.010542436079545414	0.005223884700616398	0.005223884700616398
not	1	136	118	mlp	18	utterance_final	0	prompt_without	30	29	-0.4527173714204268	-1.358960595997897	-1.3579494931481102	0.0010111028497867824	0.0011157080377160362	0.0011157080377160362
not	1	138	39	mlp	18	utterance_final	0	prompt_without	23	22	-0.4583919445673625	-2.0633058498303094	-2.06174565354983	0.0015601962804794312	0.0009721370569244403	0.0009721370569244403
not	1	144	70	mlp	18	utterance_final	0	prompt_without	62	61	-0.9641520023345947	-2.2702388445536297	-2.2544063250223796	0.01583251953125009	0.012122103231934193	0.012122103231934193
not	1	132	31	mlp	19	utterance_final	0	prompt_without	69	68	-0.9630237926136364	-2.9811456853693183	-2.9700150923295454	0.011130593039772929	0.0055153224786509076	0.0055153224786509076
not	1	136	118	mlp	19	utterance_final	0	prompt_without	30	29	-0.4527173714204268	-1.358960595997897	-1.3573612928390504	0.001599303158846599	0.0017647615071464543	0.0017647615071464543
not	1	138	39	mlp	19	utterance_final	0	prompt_without	23	22	-0.4583919445673625	-2.0633058498303094	-2.0659865786631904	-0.002680728832880952	-0.0016703256318548409	0.0
not	1	144	70	mlp	19	utterance_final	0	prompt_without	62	61	-0.9641520023345947	-2.2702388445536297	-2.2659091711044312	0.0043296734491984346	0.0033149966060773885	0.0033149966060773885
not	1	132	31	mlp	20	utterance_final	0	prompt_without	69	68	-0.9630237926136364	-2.9811456853693183	-2.976229580965909	0.004916104403409172	0.002435979918287485	0.002435979918287485
not	1	136	118	mlp	20	utterance_final	0	prompt_without	30	29	-0.4527173714204268	-1.358960595997897	-1.3578684655102817	0.0010921304876152504	0.0012051185134371062	0.0012051185134371062
not	1	138	39	mlp	20	utterance_final	0	prompt_without	23	22	-0.4583919445673625	-2.0633058498303094	-2.0628664990266166	0.0004393508036928395	0.00027375350307084345	0.00027375350307084345
not	1	144	70	mlp	20	utterance_final	0	prompt_without	62	61	-0.9641520023345947	-2.2702388445536297	-2.258638087908427	0.011600756645202548	0.008882071444417066	0.008882071444417066
not	1	132	31	mlp	21	utterance_final	0	prompt_without	69	68	-0.9630237926136364	-2.9811456853693183	-2.9796142578125	0.0015314275568183433	0.0007588379880896228	0.0007588379880896228
not	1	136	118	mlp	21	utterance_final	0	prompt_without	30	29	-0.4527173714204268	-1.358960595997897	-1.3595906734466552	-0.0006300774487582039	-0.0006952630725068022	0.0
not	1	138	39	mlp	21	utterance_final	0	prompt_without	23	22	-0.4583919445673625	-2.0633058498303094	-2.0629609674215317	0.0003448824087777247	0.00021489153259047851	0.00021489153259047851
not	1	144	70	mlp	21	utterance_final	0	prompt_without	62	61	-0.9641520023345947	-2.2702388445536297	-2.264204247792562	0.0060345967610677675	0.004620364102906831	0.004620364102906831
not	1	132	31	mlp	22	utterance_final	0	prompt_without	69	68	-0.9630237926136364	-2.9811456853693183	-2.975253018465909	0.005892666903409172	0.002919876606344585	0.002919876606344585
not	1	136	118	mlp	22	utterance_final	0	prompt_without	30	29	-0.4527173714204268	-1.358960595997897	-1.3584502241828225	0.0005103718150745173	0.0005631731098596349	0.0005631731098596349
not	1	138	39	mlp	22	utterance_final	0	prompt_without	23	22	-0.4583919445673625	-2.0633058498303094	-2.0629294564326606	0.00037639339764883317	0.0002345256006658908	0.0002345256006658908
not	1	144	70	mlp	22	utterance_final	0	prompt_without	62	61	-0.9641520023345947	-2.2702388445536297	-2.265164542198181	0.005074302355448701	0.003885118654765319	0.003885118654765319
not	1	132	31	mlp	23	utterance_final	0	prompt_without	69	68	-0.9630237926136364	-2.9811456853693183	-2.9827325994318183	-0.0015869140625	-0.0007863321180927871	0.0
not	1	136	118	mlp	23	utterance_final	0	prompt_without	30	29	-0.4527173714204268	-1.358960595997897	-1.358411513675343	0.0005490823225540176	0.0006058884719497059	0.0006058884719497059
not	1	138	39	mlp	23	utterance_final	0	prompt_without	23	22	-0.4583919445673625	-2.0633058498303094	-2.063455214103063	-0.00014936427275369368	-9.306684443563473e-05	0.0
not	1	144	70	mlp	23	utterance_final	0	prompt_without	62	61	-0.9641520023345947	-2.2702388445536297	-2.2673215945561727	0.0029172499974570165	0.0022335804198904746	0.0022335804198904746
not	1	132	31	mlp	24	utterance_final	0	prompt_without	69	68	-0.9630237926136364	-2.9811456853693183	-2.978904030539773	0.002241654829545414	0.00111076285213105	0.00111076285213105
not	1	136	118	mlp	24	utterance_final	0	prompt_without	30	29	-0.4527173714204268	-1.358960595997897	-1.359082258831371	-0.00012166283347392337	-0.000134249647527735	0.0
not	1	138	39	mlp	24	utterance_final	0	prompt_without	23	22	-0.4583919445673625	-2.0633058498303094	-2.0636391937732697	-0.0003333439429602514	-0.00020770207166074544	0.0
not	1	144	70	mlp	24	utterance_final	0	prompt_without	62	61	-0.9641520023345947	-2.2702388445536297	-2.270108373959859	0.0001304705937705819	9.989427161590037e-05	9.989427161590037e-05
not	1	132	31	mlp	25	utterance_final	0	prompt_without	69	68	-0.9630237926136364	-2.9811456853693183	-2.9780828302556817	0.0030628551136366866	0.0015176759761792455	0.0015176759761792455
not	1	136	118	mlp	25	utterance_final	0	prompt_without	30	29	-0.4527173714204268	-1.358960595997897	-1.3590383291244508	-7.773312655379172e-05	-8.577512575615036e-05	0.0
not	1	138	39	mlp	25	utterance_final	0	prompt_without	23	22	-0.4583919445673625	-2.0633058498303094	-2.0639553169409433	-0.0006494671106338501	-0.000404674112738429	0.0
not	1	144	70	mlp	25	utterance_final	0	prompt_without	62	61	-0.9641520023345947	-2.2702388445536297	-2.2720576683680216	-0.0018188238143919122	-0.001392574946472732	0.0
not	1	132	31	mlp	26	utterance_final	0	prompt_without	69	68	-0.9630237926136364	-2.9811456853693183	-2.9810680042613638	7.768110795458583e-05	3.849178200456203e-05	3.849178200456203e-05
not	1	136	118	mlp	26	utterance_final	0	prompt_without	30	29	-0.4527173714204268	-1.358960595997897	-1.3581631335345181	0.0007974624633788618	0.0008799651591885537	0.0008799651591885537
not	1	138	39	mlp	26	utterance_final	0	prompt_without	23	22	-0.4583919445673625	-2.0633058498303094	-2.062965373198191	0.0003404766321182251	0.00021214635314810977	0.00021214635314810977
not	1	144	70	mlp	26	utterance_final	0	prompt_without	62	61	-0.9641520023345947	-2.2702388445536297	-2.270315893491109	-7.704893747950692e-05	-5.899220096927181e-05	0.0
not	1	132	31	mlp	27	utterance_final	0	prompt_without	69	68	-0.9630237926136364	-2.9811456853693183	-2.9799249822443183	0.001220703125	0.0006048708600713747	0.0006048708600713747
not	1	136	118	mlp	27	utterance_final	0	prompt_without	30	29	-0.4527173714204268	-1.358960595997897	-1.358945311199535	1.5284798361880902e-05	1.6866110495896217e-05	1.6866110495896217e-05
not	1	138	39	mlp	27	utterance_final	0	prompt_without	23	22	-0.4583919445673625	-2.0633058498303094	-2.0623775968949	0.0009282529354095459	0.0005783817638849993	0.0005783817638849993
not	1	144	70	mlp	27	utterance_final	0	prompt_without	62	61	-0.9641520023345947	-2.2702388445536297	-2.269201223055522	0.0010376214981078213	0.0007944506173455569	0.0007944506173455569
not	1	132	31	mlp	28	utterance_final	0	prompt_without	69	68	-0.9630237926136364	-2.9811456853693183	-2.982155539772727	-0.0010098544034087276	-0.0005003931660588663	0.0
not	1	136	118	mlp	28	utterance_final	0	prompt_without	30	29	-0.4527173714204268	-1.358960595997897	-1.359111527963118	-0.00015093196522109054	-0.00016654686195470488	0.0
not	1	138	39	mlp	28	utterance_final	0	prompt_without	23	22	-0.4583919445673625	-2.0633058498303094	-2.063797285159429	-0.0004914353291196605	-0.00030620666162098234	0.0
not	1	144	70	mlp	28	utterance_final	0	prompt_without	62	61	-0.9641520023345947	-2.2702388445536297	-2.273750392595927	-0.0035115480422973633	-0.0026886022650157476	0.0
not	1	132	31	mlp	29	utterance_final	0	prompt_without	69	68	-0.9630237926136364	-2.9811456853693183	-2.9761297052556817	0.005015980113636687	0.002485469352293445	0.002485469352293445
not	1	136	118	mlp	29	utterance_final	0	prompt_without	30	29	-0.4527173714204268	-1.358960595997897	-1.3593247175216674	-0.00036412152377041096	-0.0004017922715396633	0.0
not	1	138	39	mlp	29	utterance_final	0	prompt_without	23	22	-0.4583919445673625	-2.0633058498303094	-2.0620298633972802	0.0012759864330291748	0.0007950497711091356	0.0007950497711091356
not	1	144	70	mlp	29	utterance_final	0	prompt_without	62	61	-0.9641520023345947	-2.2702388445536297	-2.26815550327301	0.0020833412806195994	0.0015951016527201308	0.0015951016527201308
not	1	132	31	mlp	30	utterance_final	0	prompt_without	69	68	-0.9630237926136364	-2.9811456853693183	-2.978127219460227	0.0030184659090912724	0.0014956806721766701	0.0014956806721766701
not	1	136	118	mlp	30	utterance_final	0	prompt_without	30	29	-0.4527173714204268	-1.358960595997897	-1.3593529029326006	-0.00039230693470360123	-0.000432893647162451	0.0
not	1	138	39	mlp	30	utterance_final	0	prompt_without	23	22	-0.4583919445673625	-2.0633058498303094	-2.062892590959867	0.0004132588704424123	0.00025749597476053054	0.00025749597476053054
not	1	144	70	mlp	30	utterance_final	0	prompt_without	62	61	-0.9641520023345947	-2.2702388445536297	-2.270051670074463	0.00018717447916660745	0.00014330936742965646	0.00014330936742965646
not	1	132	31	mlp	31	utterance_final	0	prompt_without	69	68	-0.9630237926136364	-2.9811456853693183	-2.9811456853693183	0.0	0.0	0.0
not	1	136	118	mlp	31	utterance_final	0	prompt_without	30	29	-0.4527173714204268	-1.358960595997897	-1.358960595997897	0.0	0.0	0.0
not	1	138	39	mlp	31	utterance_final	0	prompt_without	23	22	-0.4583919445673625	-2.0633058498303094	-2.0633058498303094	0.0	0.0	0.0
not	1	144	70	mlp	31	utterance_final	0	prompt_without	62	61	-0.9641520023345947	-2.2702388445536297	-2.2702388445536297	0.0	0.0	0.0
not	1	148	177	mlp	0	utterance_final	0	prompt_without	36	35	-0.60382080078125	-1.6772422790527344	-1.6823895772298176	-0.005147298177083259	-0.004795225623183804	0.0
not	1	149	110	mlp	0	utterance_final	0	prompt_without	32	31	-0.678841939994267	-1.865637012890407	-1.8632506728172302	0.0023863400731767292	0.0020107431583393214	0.0020107431583393214
not	1	158	326	mlp	0	utterance_final	0	prompt_without	54	53	-0.7043176548821586	-1.5614863123212541	-1.5668927601405553	-0.005406447819301219	-0.006307332602960187	0.0
not	1	167	404	mlp	0	utterance_final	0	prompt_without	49	48	-0.4900351878135435	-1.1029223703568982	-1.1033472053466304	-0.00042483498973222567	-0.0006931699696659482	0.0
not	1	148	177	mlp	1	utterance_final	0	prompt_without	36	35	-0.60382080078125	-1.6772422790527344	-1.6577962239583333	0.019446055094401116	0.01811595490497808	0.01811595490497808
not	1	149	110	mlp	1	utterance_final	0	prompt_without	32	31	-0.678841939994267	-1.865637012890407	-1.8489820190838404	0.016654993806566543	0.014033588600872185	0.014033588600872185
not	1	158	326	mlp	1	utterance_final	0	prompt_without	54	53	-0.7043176548821586	-1.5614863123212541	-1.5624284744262695	-0.0009421621050154094	-0.0010991560375413667	0.0
not	1	167	404	mlp	1	utterance_final	0	prompt_without	49	48	-0.4900351878135435	-1.1029223703568982	-1.1013299765125397	0.0015923938443584973	0.0025981842820572507	0.0025981842820572507
not	1	148	177	mlp	2	utterance_final	0	prompt_without	36	35	-0.60382080078125	-1.6772422790527344	-1.6627400716145833	0.014502207438151116	0.013510263891406214	0.013510263891406214
not	1	149	110	mlp	2	utterance_final	0	prompt_without	32	31	-0.678841939994267	-1.865637012890407	-1.8635428973606654	0.0020941155297415914	0.0017645131645443342	0.0017645131645443342
not	1	158	326	mlp	2	utterance_final	0	prompt_without	54	53	-0.7043176548821586	-1.5614863123212541	-1.5618643079485213	-0.00037799562726714697	-0.000440981624779024	0.0
not	1	167	404	mlp	2	utterance_final	0	prompt_without	49	48	-0.4900351878135435	-1.1029223703568982	-1.1031902490123626	-0.00026787865546440415	-0.0004370766155571459	0.0
not	1	148	177	mlp	3	utterance_final	0	prompt_without	36	35	-0.60382080078125	-1.6772422790527344	-1.6664225260416667	0.010819753011067634	0.01007968745742868	0.01007968745742868
not	1	149	110	mlp	3	utterance_final	0	prompt_without	32	31	-0.678841939994267	-1.865637012890407	-1.8081102882112776	0.05752672467912934	0.048472331907097224	0.048472331907097224
not	1	158	326	mlp	3	utterance_final	0	prompt_without	54	53	-0.7043176548821586	-1.5614863123212541	-1.5628491810389928	-0.0013628687177387189	-0.0015899656455130651	0.0
not	1	167	404	mlp	3	utterance_final	0	prompt_without	49	48	-0.4900351878135435	-1.1029223703568982	-1.0987647848744546	0.004157585482443604	0.006783606511708218	0.006783606511708218
not	1	148	177	mlp	4	utterance_final	0	prompt_without	36	35	-0.60382080078125	-1.6772422790527344	-1.676892598470052	0.0003496805826823657	0.00032576261027071255	0.00032576261027071255
not	1	149	110	mlp	4	utterance_final	0	prompt_without	32	31	-0.678841939994267	-1.865637012890407	-1.8252036486353194	0.04043336425508759	0.034069373203933113	0.034069373203933113
not	1	158	326	mlp	4	utterance_final	0	prompt_without	54	53	-0.7043176548821586	-1.5614863123212541	-1.5729291779654366	-0.01144286564418251	-0.01334960809039563	0.0
not	1	167	404	mlp	4	utterance_final	0	prompt_without	49	48	-0.4900351878135435	-1.1029223703568982	-1.0802680907710906	0.02265427958580757	0.03696321318353731	0.03696321318353731
not	1	148	177	mlp	5	utterance_final	0	prompt_without	36	35	-0.60382080078125	-1.6772422790527344	-1.4518114725748699	0.2254308064778645	0.21001145499796836	0.21001145499796836
not	1	149	110	mlp	5	utterance_final	0	prompt_without	32	31	-0.678841939994267	-1.865637012890407	-1.9803300840514046	-0.1146930711609977	-0.09664100718004484	0.0
not	1	158	326	mlp	5	utterance_final	0	prompt_without	54	53	-0.7043176548821586	-1.5614863123212541	-1.565535068511963	-0.004048756190708769	-0.0047234067129857055	0.0
not	1	167	404	mlp	5	utterance_final	0	prompt_without	49	48	-0.4900351878135435	-1.1029223703568982	-1.1211422104989328	-0.018219840142034593	-0.029727885752849383	0.0
not	1	148	177	mlp	6	utterance_final	0	prompt_without	36	35	-0.60382080078125	-1.6772422790527344	-1.7351099650065105	-0.057867685953776116	-0.05390956593020632	0.0
not	1	149	110	mlp	6	utterance_final	0	prompt_without	32	31	-0.678841939994267	-1.865637012890407	-1.9212883029665266	-0.055651290076119686	-0.0468920804838814	0.0
not	1	158	326	mlp	6	utterance_final	0	prompt_without	54	53	-0.7043176548821586	-1.5614863123212541	-1.5699752398899622	-0.008488927568708116	-0.009903450732869662	0.0
not	1	167	404	mlp	6	utterance_final	0	prompt_without	49	48	-0.4900351878135435	-1.1029223703568982	-1.1046511665467293	-0.0017287961898311277	-0.0028207413029213337	0.0
not	1	148	177	mlp	7	utterance_final	0	prompt_without	36	35	-0.60382080078125	-1.6772422790527344	-1.47308349609375	0.20415878295898438	0.19019442697172262	0.19019442697172262
not	1	149	110	mlp	7	utterance_final	0	prompt_without	32	31	-0.678841939994267	-1.865637012890407	-1.8619832141058785	0.003653798784528428	0.0030787107799597206	0.0030787107799597206
not	1	158	326	mlp	7	utterance_final	0	prompt_without	54	53	-0.7043176548821586	-1.5614863123212541	-1.5684181622096471	-0.006931849888393016	-0.008086914784195251	0.0
not	1	167	404	mlp	7	utterance_final	0	prompt_without	49	48	-0.4900351878135435	-1.1029223703568982	-1.056676995369696	0.04624537498720227	0.07545495533989396	0.07545495533989396
not	1	148	177	mlp	8	utterance_final	0	prompt_without	36	35	-0.60382080078125	-1.6772422790527344	-1.63580322265625	0.041439056396484375	0.03860464620403638	0.03860464620403638
not	1	149	110	mlp	8	utterance_final	0	prompt_without	32	31	-0.678841939994267	-1.865637012890407	-1.911374228341239	-0.04573721545083198	-0.03853842714329721	0.0
not	1	158	326	mlp	8	utterance_final	0	prompt_without	54	53	-0.7043176548821586	-1.5614863123212541	-1.5731195722307478	-0.01163325990949371	-0.013571728047371223	0.0
not	1	167	404	mlp	8	utterance_final	0	prompt_without	49	48	-0.4900351878135435	-1.1029223703568982	-1.0895599049906577	0.013362465366240528	0.021802487875156838	0.021802487875156838
not	1	148	177	mlp	9	utterance_final	0	prompt_without	36	35	-0.60382080078125	-1.6772422790527344	-1.4656766255696614	0.211565653483073	0.19709467135290995	0.19709467135290995
not	1	149	110	mlp	9	utterance_final	0	prompt_without	32	31	-0.678841939994267	-1.865637012890407	-1.713919494833265	0.15171751805714195	0.1278380080285514	0.1278380080285514
not	1	158	326	mlp	9	utterance_final	0	prompt_without	54	53	-0.7043176548821586	-1.5614863123212541	-1.5499793461390905	0.011506966182163625	0.01342438980041828	0.01342438980041828
not	1	167	404	mlp	9	utterance_final	0	prompt_without	49	48	-0.4900351878135435	-1.1029223703568982	-1.062614833154986	0.04030753720191216	0.06576665061691164	0.06576665061691164
not	1	148	177	mlp	10	utterance_final	0	prompt_without	36	35	-0.60382080078125	-1.6772422790527344	-1.456469217936198	0.22077306111653638	0.2056722970291634	0.2056722970291634
not	1	149	110	mlp	10	utterance_final	0	prompt_without	32	31	-0.678841939994267	-1.865637012890407	-1.9475806525775365	-0.08194363968712959	-0.0690461576379503	0.0
not	1	158	326	mlp	10	utterance_final	0	prompt_without	54	53	-0.7043176548821586	-1.5614863123212541	-1.6084130832127161	-0.04692677089146202	-0.05474625149228151	0.0
not	1	167	404	mlp	10	utterance_final	0	prompt_without	49	48	-0.4900351878135435	-1.1029223703568982	-1.0978573368441673	0.00506503351273091	0.008264218370030307	0.008264218370030307
not	1	148	177	mlp	11	utterance_final	0	prompt_without	36	35	-0.60382080078125	-1.6772422790527344	-1.489532470703125	0.18770980834960938	0.17487055378459154	0.17487055378459154
not	1	149	110	mlp	11	utterance_final	0	prompt_without	32	31	-0.678841939994267	-1.865637012890407	-1.910604110785893	-0.04496709789548614	-0.03788952189172204	0.0
not	1	158	326	mlp	11	utterance_final	0	prompt_without	54	53	-0.7043176548821586	-1.5614863123212541	-1.5517584255763464	0.009727886744907766	0.011348859597796204	0.011348859597796204
not	1	167	404	mlp	11	utterance_final	0	prompt_without	49	48	-0.4900351878135435	-1.1029223703568982	-1.0395711660385132	0.06335120431838503	0.1033651969282351	0.1033651969282351
not	1	148	177	mlp	12	utterance_final	0	prompt_without	36	35	-0.60382080078125	-1.6772422790527344	-1.8430379231770833	-0.16579564412434888	-0.15445530714675776	0.0
not	1	149	110	mlp	12	utterance_final	0	prompt_without	32	31	-0.678841939994267	-1.865637012890407	-1.7770471232278007	0.08858988966260628	0.07464632410919948	0.07464632410919948
not	1	158	326	mlp	12	utterance_final	0	prompt_without	54	53	-0.7043176548821586	-1.5614863123212541	-1.5979012761797224	-0.03641496385846832	-0.04248284575320664	0.0
not	1	167	404	mlp	12	utterance_final	0	prompt_without	49	48	-0.4900351878135435	-1.1029223703568982	-1.0813095723429034	0.02161279801399485	0.03526390929617131	0.03526390929617131
not	1	148	177	mlp	13	utterance_final	0	prompt_without	36	35	-0.60382080078125	-1.6772422790527344	-1.5117721557617188	0.16547012329101562	0.1541520517713786	0.1541520517713786
not	1	149	110	mlp	13	utterance_final	0	prompt_without	32	31	-0.678841939994267	-1.865637012890407	-1.8821112428392683	-0.016474229948861385	-0.013881275988666914	0.0
not	1	158	326	mlp	13	utterance_final	0	prompt_without	54	53	-0.7043176548821586	-1.5614863123212541	-1.5871408326285226	-0.025654520307268447	-0.029929372807347754	0.0
not	1	167	404	mlp	13	utterance_final	0	prompt_without	49	48	-0.4900351878135435	-1.1029223703568982	-1.0901278180460776	0.012794552310820606	0.02087586863495149	0.02087586863495149
not	1	148	177	mlp	14	utterance_final	0	prompt_without	36	35	-0.60382080078125	-1.6772422790527344	-1.5977414449055989	0.07950083414713549	0.07406301788851344	0.07406301788851344
not	1	149	110	mlp	14	utterance_final	0	prompt_without	32	31	-0.678841939994267	-1.865637012890407	-1.8801525916372026	-0.014515578746795654	-0.012230905805307432	0.0
not	1	158	326	mlp	14	utterance_final	0	prompt_without	54	53	-0.7043176548821586	-1.5614863123212541	-1.5675681659153529	-0.006081853594098741	-0.007095282289332744	0.0
not	1	167	404	mlp	14	utterance_final	0	prompt_without	49	48	-0.4900351878135435	-1.1029223703568982	-1.087044592826597	0.015877777530301174	0.025906525674777026	0.025906525674777026
not	1	148	177	mlp	15	utterance_final	0	prompt_without	36	35	-0.60382080078125	-1.6772422790527344	-1.6665674845377605	0.010674794514973884	0.009944644048080124	0.009944644048080124
not	1	149	110	mlp	15	utterance_final	0	prompt_without	32	31	-0.678841939994267	-1.865637012890407	-1.86447012424469	0.0011668886457170125	0.0009832267359093853	0.0009832267359093853
not	1	158	326	mlp	15	utterance_final	0	prompt_without	54	53	-0.7043176548821586	-1.5614863123212541	-1.581378391810826	-0.019892079489571834	-0.023206727540647655	0.0
not	1	167	404	mlp	15	utterance_final	0	prompt_without	49	48	-0.4900351878135435	-1.1029223703568982	-1.1040125969917542	-0.0010902266348560286	-0.0017788373878726165	0.0
not	1	148	177	mlp	16	utterance_final	0	prompt_without	36	35	-0.60382080078125	-1.6772422790527344	-1.6701469421386719	0.0070953369140625	0.006610019510218877	0.006610019510218877
not	1	149	110	mlp	16	utterance_final	0	prompt_without	32	31	-0.678841939994267	-1.865637012890407	-1.8631394846098763	0.0024975282805306254	0.002104430948163527	0.002104430948163527
not	1	158	326	mlp	16	utterance_final	0	prompt_without	54	53	-0.7043176548821586	-1.5614863123212541	-1.5835326058523995	-0.0220462935311454	-0.025719901608408795	0.0
not	1	167	404	mlp	16	utterance_final	0	prompt_without	49	48	-0.4900351878135435	-1.1029223703568982	-1.1043747394315657	-0.0014523690746675033	-0.0023697168353896273	0.0
not	1	148	177	mlp	17	utterance_final	0	prompt_without	36	35	-0.60382080078125	-1.6772422790527344	-1.6749814351399739	0.0022608439127604907	0.002106203349313539	0.002106203349313539
not	1	149	110	mlp	17	utterance_final	0	prompt_without	32	31	-0.678841939994267	-1.865637012890407	-1.8646005136626107	0.0010364992277962504	0.0008733599013575933	0.0008733599013575933
not	1	158	326	mlp	17	utterance_final	0	prompt_without	54	53	-0.7043176548821586	-1.5614863123212541	-1.5705322538103377	-0.009045941489083553	-0.010553280746533007	0.0
not	1	167	404	mlp	17	utterance_final	0	prompt_without	49	48	-0.4900351878135435	-1.1029223703568982	-1.1008910555993356	0.0020313147575625745	0.003314337149511007	0.003314337149511007
not	1	148	177	mlp	18	utterance_final	0	prompt_without	36	35	-0.60382080078125	-1.6772422790527344	-1.6792882283528645	-0.0020459493001301343	-0.0019060074179107146	0.0
not	1	149	110	mlp	18	utterance_final	0	prompt_without	32	31	-0.678841939994267	-1.865637012890407	-1.8662531120436532	-0.0006160991532462301	-0.0005191285061057436	0.0
not	1	158	326	mlp	18	utterance_final	0	prompt_without	54	53	-0.7043176548821586	-1.5614863123212541	-1.5689599854605538	-0.007473673139299697	-0.00871902288358079	0.0
not	1	167	404	mlp	18	utterance_final	0	prompt_without	49	48	-0.4900351878135435	-1.1029223703568982	-1.100710395843752	0.002211974513146142	0.0036091055191706024	0.0036091055191706024
not	1	148	177	mlp	19	utterance_final	0	prompt_without	36	35	-0.60382080078125	-1.6772422790527344	-1.6760330200195312	0.001209259033203125	0.0011265463358813893	0.0011265463358813893
not	1	149	110	mlp	19	utterance_final	0	prompt_without	32	31	-0.678841939994267	-1.865637012890407	-1.8734113914625985	-0.007774378572191543	-0.006550733778511316	0.0
not	1	158	326	mlp	19	utterance_final	0	prompt_without	54	53	-0.7043176548821586	-1.5614863123212541	-1.567176137651716	-0.005689825330461806	-0.006637929748225874	0.0
not	1	167	404	mlp	19	utterance_final	0	prompt_without	49	48	-0.4900351878135435	-1.1029223703568982	-1.1026764838926253	0.0002458864642729264	0.00040119368013628306	0.00040119368013628306
not	1	148	177	mlp	20	utterance_final	0	prompt_without	36	35	-0.60382080078125	-1.6772422790527344	-1.6771926879882812	4.9591064453125e-05	4.6199061092927635e-05	4.6199061092927635e-05
not	1	149	110	mlp	20	utterance_final	0	prompt_without	32	31	-0.678841939994267	-1.865637012890407	-1.8670018911361694	-0.0013648782457624797	-0.0011500538525423458	0.0
not	1	158	326	mlp	20	utterance_final	0	prompt_without	54	53	-0.7043176548821586	-1.5614863123212541	-1.5674522944859095	-0.005965982164655381	-0.006960103023924766	0.0
not	1	167	404	mlp	20	utterance_final	0	prompt_without	49	48	-0.4900351878135435	-1.1029223703568982	-1.1017145533715524	0.0012078169853457776	0.001970700350321551	0.001970700350321551
not	1	148	177	mlp	21	utterance_final	0	prompt_without	36	35	-0.60382080078125	-1.6772422790527344	-1.6769688924153645	0.0002733866373698657	0.00025468713166620845	0.00025468713166620845
not	1	149	110	mlp	21	utterance_final	0	prompt_without	32	31	-0.678841939994267	-1.865637012890407	-1.8660239577293396	-0.00038694483893264575	-0.00032604183128969605	0.0
not	1	158	326	mlp	21	utterance_final	0	prompt_without	54	53	-0.7043176548821586	-1.5614863123212541	-1.5675918034144811	-0.006105491093227	-0.007122858541594323	0.0
not	1	167	404	mlp	21	utterance_final	0	prompt_without	49	48	-0.4900351878135435	-1.1029223703568982	-1.1018799351107689	0.0010424352461293473	0.0017008599230342153	0.0017008599230342153
not	1	148	177	mlp	22	utterance_final	0	prompt_without	36	35	-0.60382080078125	-1.6772422790527344	-1.6767539978027344	0.00048828125	0.00045488306306882593	0.00045488306306882593
not	1	149	110	mlp	22	utterance_final	0	prompt_without	32	31	-0.678841939994267	-1.865637012890407	-1.863385123865945	0.0022518890244620504	0.0018974539715325566	0.0018974539715325566
not	1	158	326	mlp	22	utterance_final	0	prompt_without	54	53	-0.7043176548821586	-1.5614863123212541	-1.5666145597185408	-0.005128247397286678	-0.005982775213232824	0.0
not	1	167	404	mlp	22	utterance_final	0	prompt_without	49	48	-0.4900351878135435	-1.1029223703568982	-1.102417811270683	0.0005045590862151617	0.0008232495320286289	0.0008232495320286289
not	1	148	177	mlp	23	utterance_final	0	prompt_without	36	35	-0.60382080078125	-1.6772422790527344	-1.677050272623698	0.00019200642903638432	0.00017887328782126624	0.00017887328782126624
not	1	149	110	mlp	23	utterance_final	0	prompt_without	32	31	-0.678841939994267	-1.865637012890407	-1.8636130435126168	0.002023969377790147	0.0017054076344040154	0.0017054076344040154
not	1	158	326	mlp	23	utterance_final	0	prompt_without	54	53	-0.7043176548821586	-1.5614863123212541	-1.5697167260306222	-0.008230413709368056	-0.009601860308282273	0.0
not	1	167	404	mlp	23	utterance_final	0	prompt_without	49	48	-0.4900351878135435	-1.1029223703568982	-1.1019320372612245	0.0009903330956737566	0.001615848926003118	0.001615848926003118
not	1	148	177	mlp	24	utterance_final	0	prompt_without	36	35	-0.60382080078125	-1.6772422790527344	-1.6794598897298176	-0.0022176106770832593	-0.002065927244770849	0.0
not	1	149	110	mlp	24	utterance_final	0	prompt_without	32	31	-0.678841939994267	-1.865637012890407	-1.8661333577973502	-0.0004963449069432802	-0.0004182229251525692	0.0
not	1	158	326	mlp	24	utterance_final	0	prompt_without	54	53	-0.7043176548821586	-1.5614863123212541	-1.5684322629656111	-0.006945950644356991	-0.008103365170990893	0.0
not	1	167	404	mlp	24	utterance_final	0	prompt_without	49	48	-0.4900351878135435	-1.1029223703568982	-1.1031655957621913	-0.00024322540529309045	-0.0003968518386756849	0.0
not	1	148	177	mlp	25	utterance_final	0	prompt_without	36	35	-0.60382080078125	-1.6772422790527344	-1.6778729756673176	-0.0006306966145832593	-0.0005875572897971645	0.0
not	1	149	110	mlp	25	utterance_final	0	prompt_without	32	31	-0.678841939994267	-1.865637012890407	-1.8643423404012407	0.0012946724891662598	0.001090898099203316	0.001090898099203316
not	1	158	326	mlp	25	utterance_final	0	prompt_without	54	53	-0.7043176548821586	-1.5614863123212541	-1.5683209555489677	-0.006834643227713544	-0.007973510426912881	0.0
not	1	167	404	mlp	25	utterance_final	0	prompt_without	49	48	-0.4900351878135435	-1.1029223703568982	-1.1022402355747838	0.0006821347821144297	0.0011129858831175287	0.0011129858831175287
not	1	148	177	mlp	26	utterance_final	0	prompt_without	36	35	-0.60382080078125	-1.6772422790527344	-1.6761436462402344	0.0010986328125	0.0010234868919048584	0.0010234868919048584
not	1	149	110	mlp	26	utterance_final	0	prompt_without	32	31	-0.678841939994267	-1.865637012890407	-1.8656951955386571	-5.818264825019348e-05	-4.902501668481836e-05	0.0
not	1	158	326	mlp	26	utterance_final	0	prompt_without	54	53	-0.7043176548821586	-1.5614863123212541	-1.5656724657331194	-0.004186153411865234	-0.004883698646158995	0.0
not	1	167	404	mlp	26	utterance_final	0	prompt_without	49	48	-0.4900351878135435	-1.1029223703568982	-1.1021948552900744	0.0007275150668237806	0.001187029338425294	0.001187029338425294
not	1	148	177	mlp	27	utterance_final	0	prompt_without	36	35	-0.60382080078125	-1.6772422790527344	-1.6764195760091145	0.0008227030436198657	0.0007664305776186376	0.0007664305776186376
not	1	149	110	mlp	27	utterance_final	0	prompt_without	32	31	-0.678841939994267	-1.865637012890407	-1.8620769466672624	0.0035600662231445312	0.0029997312126152412	0.0029997312126152412
not	1	158	326	mlp	27	utterance_final	0	prompt_without	54	53	-0.7043176548821586	-1.5614863123212541	-1.5711124283926827	-0.009626116071428603	-0.011230130719184129	0.0
not	1	167	404	mlp	27	utterance_final	0	prompt_without	49	48	-0.4900351878135435	-1.1029223703568982	-1.1020049279735935	0.0009174423833047118	0.0014969188611475219	0.0014969188611475219
not	1	148	177	mlp	28	utterance_final	0	prompt_without	36	35	-0.60382080078125	-1.6772422790527344	-1.6785964965820312	-0.001354217529296875	-0.001261589745229947	0.0
not	1	149	110	mlp	28	utterance_final	0	prompt_without	32	31	-0.678841939994267	-1.865637012890407	-1.866617807320186	-0.0009807944297790527	-0.0008264227347907814	0.0
not	1	158	326	mlp	28	utterance_final	0	prompt_without	54	53	-0.7043176548821586	-1.5614863123212541	-1.5628801073346819	-0.0013937950134277344	-0.001626045237808719	0.0
not	1	167	404	mlp	28	utterance_final	0	prompt_without	49	48	-0.4900351878135435	-1.1029223703568982	-1.101627403689969	0.001294966666929298	0.002112895658146178	0.002112895658146178
not	1	148	177	mlp	29	utterance_final	0	prompt_without	36	35	-0.60382080078125	-1.6772422790527344	-1.679186503092448	-0.0019442240397136157	-0.0018112401131048473	0.0
not	1	149	110	mlp	29	utterance_final	0	prompt_without	32	31	-0.678841939994267	-1.865637012890407	-1.8653998204639979	0.0002371924264090719	0.00019985963189942342	0.00019985963189942342
not	1	158	326	mlp	29	utterance_final	0	prompt_without	54	53	-0.7043176548821586	-1.5614863123212541	-1.563826356615339	-0.002340044294084853	-0.0027299695034067673	0.0
not	1	167	404	mlp	29	utterance_final	0	prompt_without	49	48	-0.4900351878135435	-1.1029223703568982	-1.1028500372363674	7.233312053078755e-05	0.00011802028593683442	0.00011802028593683442
not	1	148	177	mlp	30	utterance_final	0	prompt_without	36	35	-0.60382080078125	-1.6772422790527344	-1.6773643493652344	-0.0001220703125	-0.00011372076576720648	0.0
not	1	149	110	mlp	30	utterance_final	0	prompt_without	32	31	-0.678841939994267	-1.865637012890407	-1.8626603484153748	0.002976664475032198	0.0025081537183738335	0.0025081537183738335
not	1	158	326	mlp	30	utterance_final	0	prompt_without	54	53	-0.7043176548821586	-1.5614863123212541	-1.5627409390040807	-0.0012546266828266095	-0.0014636870724776291	0.0
not	1	167	404	mlp	30	utterance_final	0	prompt_without	49	48	-0.4900351878135435	-1.1029223703568982	-1.103032119812504	-0.00010974945560571214	-0.0001790695885501711	0.0
not	1	148	177	mlp	31	utterance_final	0	prompt_without	36	35	-0.60382080078125	-1.6772422790527344	-1.6772422790527344	0.0	0.0	0.0
not	1	149	110	mlp	31	utterance_final	0	prompt_without	32	31	-0.678841939994267	-1.865637012890407	-1.865637012890407	0.0	0.0	0.0
not	1	158	326	mlp	31	utterance_final	0	prompt_without	54	53	-0.7043176548821586	-1.5614863123212541	-1.5614863123212541	0.0	0.0	0.0
not	1	167	404	mlp	31	utterance_final	0	prompt_without	49	48	-0.4900351878135435	-1.1029223703568982	-1.1029223703568982	0.0	0.0	0.0
not	1	174	176	mlp	0	utterance_final	0	prompt_without	39	38	-0.47075083488371317	-1.280011822537678	-1.2788429754536326	0.0011688470840454102	0.001444338849737314	0.001444338849737314
not	1	174	176	mlp	1	utterance_final	0	prompt_without	39	38	-0.47075083488371317	-1.280011822537678	-1.2778254340334636	0.002186388504214376	0.0027017100015567074	0.0027017100015567074
not	1	174	176	mlp	2	utterance_final	0	prompt_without	39	38	-0.47075083488371317	-1.280011822537678	-1.2730449525321401	0.006966870005537862	0.00860892853087446	0.00860892853087446
not	1	174	176	mlp	3	utterance_final	0	prompt_without	39	38	-0.47075083488371317	-1.280011822537678	-1.2810351325244438	-0.001023309986765808	-0.0012644993424585657	0.0
not	1	174	176	mlp	4	utterance_final	0	prompt_without	39	38	-0.47075083488371317	-1.280011822537678	-1.2748469724887754	0.005164850048902547	0.006382180937543237	0.006382180937543237
not	1	174	176	mlp	5	utterance_final	0	prompt_without	39	38	-0.47075083488371317	-1.280011822537678	-1.2614926157928095	0.01851920674486851	0.022884096759137502	0.022884096759137502
not	1	174	176	mlp	6	utterance_final	0	prompt_without	39	38	-0.47075083488371317	-1.280011822537678	-1.3009839435903037	-0.020972121052625692	-0.025915151443817338	0.0
not	1	174	176	mlp	7	utterance_final	0	prompt_without	39	38	-0.47075083488371317	-1.280011822537678	-1.2538630177335042	0.02614880480417381	0.032311955232117134	0.032311955232117134
not	1	174	176	mlp	8	utterance_final	0	prompt_without	39	38	-0.47075083488371317	-1.280011822537678	-1.2797345417301829	0.0002772808074951172	0.00034263459097287017	0.00034263459097287017
not	1	174	176	mlp	9	utterance_final	0	prompt_without	39	38	-0.47075083488371317	-1.280011822537678	-1.2409008944906839	0.03911092804699412	0.04832919001863181	0.04832919001863181
not	1	174	176	mlp	10	utterance_final	0	prompt_without	39	38	-0.47075083488371317	-1.280011822537678	-1.291711333321362	-0.01169951078368392	-0.014457030503349262	0.0
not	1	174	176	mlp	11	utterance_final	0	prompt_without	39	38	-0.47075083488371317	-1.280011822537678	-1.325087515319266	-0.04507569278158807	-0.055699821774755034	0.0
not	1	174	176	mlp	12	utterance_final	0	prompt_without	39	38	-0.47075083488371317	-1.280011822537678	-1.248414446667927	0.03159737586975098	0.039044728896855986	0.039044728896855986
not	1	174	176	mlp	13	utterance_final	0	prompt_without	39	38	-0.47075083488371317	-1.280011822537678	-1.2671722697048653	0.012839552832812684	0.015865775106785204	0.015865775106785204
not	1	174	176	mlp	14	utterance_final	0	prompt_without	39	38	-0.47075083488371317	-1.280011822537678	-1.2833680844888455	-0.0033562619511675607	-0.004147317123116626	0.0
not	1	174	176	mlp	15	utterance_final	0	prompt_without	39	38	-0.47075083488371317	-1.280011822537678	-1.2771786916546706	0.0028331308830074065	0.0035008865202072934	0.0035008865202072934
not	1	174	176	mlp	16	utterance_final	0	prompt_without	39	38	-0.47075083488371317	-1.280011822537678	-1.2807182277121194	-0.0007064051744414268	-0.0008729015548979873	0.0
not	1	174	176	mlp	17	utterance_final	0	prompt_without	39	38	-0.47075083488371317	-1.280011822537678	-1.2765915888111765	0.003420233726501465	0.004226366745314969	0.004226366745314969
not	1	174	176	mlp	18	utterance_final	0	prompt_without	39	38	-0.47075083488371317	-1.280011822537678	-1.2794496547885057	0.0005621677491722821	0.0006946680462158417	0.0006946680462158417
not	1	174	176	mlp	19	utterance_final	0	prompt_without	39	38	-0.47075083488371317	-1.280011822537678	-1.2797233854852073	0.0002884370524707247	0.000356420310469802	0.000356420310469802
not	1	174	176	mlp	20	utterance_final	0	prompt_without	39	38	-0.47075083488371317	-1.280011822537678	-1.2797920442209012	0.00021977831677677528	0.0002715790333769941	0.0002715790333769941
not	1	174	176	mlp	21	utterance_final	0	prompt_without	39	38	-0.47075083488371317	-1.280011822537678	-1.278992894219189	0.001018928318488932	0.001259084935556809	0.001259084935556809
not	1	174	176	mlp	22	utterance_final	0	prompt_without	39	38	-0.47075083488371317	-1.280011822537678	-1.2789708172402732	0.0010410052974048067	0.0012863653546708895	0.0012863653546708895
not	1	174	176	mlp	23	utterance_final	0	prompt_without	39	38	-0.47075083488371317	-1.280011822537678	-1.2796855060065664	0.0003263165311115923	0.000403227804243448	0.000403227804243448
not	1	174	176	mlp	24	utterance_final	0	prompt_without	39	38	-0.47075083488371317	-1.280011822537678	-1.2801822656538429	-0.00017044311616487562	-0.00021061575779031136	0.0
not	1	174	176	mlp	25	utterance_final	0	prompt_without	39	38	-0.47075083488371317	-1.280011822537678	-1.278636699769555	0.001375122768122905	0.001699232743332117	0.001699232743332117
not	1	174	176	mlp	26	utterance_final	0	prompt_without	39	38	-0.47075083488371317	-1.280011822537678	-1.2790840486200845	0.0009277739175934663	0.001146445870674019	0.001146445870674019
not	1	174	176	mlp	27	utterance_final	0	prompt_without	39	38	-0.47075083488371317	-1.280011822537678	-1.2801504135131836	-0.00013859097550561472	-0.00017125621724011167	0.0
not	1	174	176	mlp	28	utterance_final	0	prompt_without	39	38	-0.47075083488371317	-1.280011822537678	-1.278788743949518	0.0012230785881599537	0.0015113524645561376	0.0015113524645561376
not	1	174	176	mlp	29	utterance_final	0	prompt_without	39	38	-0.47075083488371317	-1.280011822537678	-1.2798417952002548	0.00017002733742321752	0.00021010198195284832	0.00021010198195284832
not	1	174	176	mlp	30	utterance_final	0	prompt_without	39	38	-0.47075083488371317	-1.280011822537678	-1.2803849243536227	-0.000373101815944743	-0.0004610401608835234	0.0
not	1	174	176	mlp	31	utterance_final	0	prompt_without	39	38	-0.47075083488371317	-1.280011822537678	-1.280011822537678	0.0	0.0	0.0
