particle	train_fold	source_row_index	pool_row_index	component	layer_index	position_label	position_order	corruption_mode	clean_patch_position	corrupted_patch_position	clean_log_prob_per_token	corrupted_log_prob_per_token	patched_log_prob_per_token	raw_delta_per_token	restoration	restoration_clipped
just	0	0	162	resid	0	utterance_final	0	prompt_without	28	27	-0.4615573245425557	-0.5357130738191827	-0.5355578245118607	0.0001552493073219141	0.002093557260715953	0.002093557260715953
just	0	1	1	resid	0	utterance_final	0	prompt_without	28	27	-1.195556640625	-2.1697591145833335	-2.1619466145833335	0.0078125	0.008019380168741123	0.008019380168741123
just	0	3	2	resid	0	utterance_final	0	prompt_without	33	32	-0.37853654225667316	-0.7311519235372543	-0.7330683569113413	-0.0019164333740869788	-0.0054349114526063315	0.0
just	0	5	5	resid	0	utterance_final	0	prompt_without	26	25	-0.7108791122833887	-1.0601252168416977	-1.0567197402318318	0.0034054766098658984	0.009750936561405028	0.009750936561405028
just	0	0	162	resid	1	utterance_final	0	prompt_without	28	27	-0.4615573245425557	-0.5357130738191827	-0.5359984359075857	-0.00028536208840301835	-0.0038481451699519313	0.0
just	0	1	1	resid	1	utterance_final	0	prompt_without	28	27	-1.195556640625	-2.1697591145833335	-2.1731770833333335	-0.00341796875	-0.0035084788238242412	0.0
just	0	3	2	resid	1	utterance_final	0	prompt_without	33	32	-0.37853654225667316	-0.7311519235372543	-0.7316009948650996	-0.0004490713278452185	-0.0012735443536647255	0.0
just	0	5	5	resid	1	utterance_final	0	prompt_without	26	25	-0.7108791122833887	-1.0601252168416977	-1.0471811493237813	0.012944067517916436	0.03706288301851435	0.03706288301851435
just	0	0	162	resid	2	utterance_final	0	prompt_without	28	27	-0.4615573245425557	-0.5357130738191827	-0.535926153493482	-0.000213079674299399	-0.002873407340333615	0.0
just	0	1	1	resid	2	utterance_final	0	prompt_without	28	27	-1.195556640625	-2.1697591145833335	-2.1624348958333335	0.00732421875	0.007518168908194803	0.007518168908194803
just	0	3	2	resid	2	utterance_final	0	prompt_without	33	32	-0.37853654225667316	-0.7311519235372543	-0.7280756632486979	0.003076260288556454	0.00872412393748822	0.00872412393748822
just	0	5	5	resid	2	utterance_final	0	prompt_without	26	25	-0.7108791122833887	-1.0601252168416977	-1.044099246462186	0.01602597037951159	0.04588732750442445	0.04588732750442445
just	0	0	162	resid	3	utterance_final	0	prompt_without	28	27	-0.4615573245425557	-0.5357130738191827	-0.5362743527390236	-0.000561278919840924	-0.007568919811559815	0.0
just	0	1	1	resid	3	utterance_final	0	prompt_without	28	27	-1.195556640625	-2.1697591145833335	-2.1559244791666665	0.013834635416666963	0.014200985715479376	0.014200985715479376
just	0	3	2	resid	3	utterance_final	0	prompt_without	33	32	-0.37853654225667316	-0.7311519235372543	-0.7145125567913055	0.01663936674594879	0.0471884314448229	0.0471884314448229
just	0	5	5	resid	3	utterance_final	0	prompt_without	26	25	-0.7108791122833887	-1.0601252168416977	-1.0478645463784535	0.012260670463244194	0.03510610513108012	0.03510610513108012
just	0	0	162	resid	4	utterance_final	0	prompt_without	28	27	-0.4615573245425557	-0.5357130738191827	-0.5386903175087863	-0.0029772436896036147	-0.040148521438269774	0.0
just	0	1	1	resid	4	utterance_final	0	prompt_without	28	27	-1.195556640625	-2.1697591145833335	-2.1642252604166665	0.005533854166666963	0.005680394286191933	0.005680394286191933
just	0	3	2	resid	4	utterance_final	0	prompt_without	33	32	-0.37853654225667316	-0.7311519235372543	-0.6798264880975088	0.05132543543974555	0.1455564282344937	0.1455564282344937
just	0	5	5	resid	4	utterance_final	0	prompt_without	26	25	-0.7108791122833887	-1.0601252168416977	-1.0412715623776119	0.018853654464085823	0.05398386472464743	0.05398386472464743
just	0	0	162	resid	5	utterance_final	0	prompt_without	28	27	-0.4615573245425557	-0.5357130738191827	-0.5347621773564538	0.0009508964627288341	0.01282296345198613	0.01282296345198613
just	0	1	1	resid	5	utterance_final	0	prompt_without	28	27	-1.195556640625	-2.1697591145833335	-2.0426432291666665	0.12711588541666696	0.13048199816222567	0.13048199816222567
just	0	3	2	resid	5	utterance_final	0	prompt_without	33	32	-0.37853654225667316	-0.7311519235372543	-0.6521905114253362	0.0789614121119181	0.2239307083688654	0.2239307083688654
just	0	5	5	resid	5	utterance_final	0	prompt_without	26	25	-0.7108791122833887	-1.0601252168416977	-1.0348124702771504	0.025312746564547295	0.07247825024866143	0.07247825024866143
just	0	0	162	resid	6	utterance_final	0	prompt_without	28	27	-0.4615573245425557	-0.5357130738191827	-0.5318978470425273	0.003815226776655356	0.05144883321754626	0.05144883321754626
just	0	1	1	resid	6	utterance_final	0	prompt_without	28	27	-1.195556640625	-2.1697591145833335	-1.7869466145833333	0.3828125000000002	0.39294962826831525	0.39294962826831525
just	0	3	2	resid	6	utterance_final	0	prompt_without	33	32	-0.37853654225667316	-0.7311519235372543	-0.6207929948965708	0.11035892864068353	0.3129725318274455	0.3129725318274455
just	0	5	5	resid	6	utterance_final	0	prompt_without	26	25	-0.7108791122833887	-1.0601252168416977	-1.0258072465658188	0.034317970275878906	0.09826300086948943	0.09826300086948943
just	0	0	162	resid	7	utterance_final	0	prompt_without	28	27	-0.4615573245425557	-0.5357130738191827	-0.5313521762226903	0.004360897596492386	0.05880727575450299	0.05880727575450299
just	0	1	1	resid	7	utterance_final	0	prompt_without	28	27	-1.195556640625	-2.1697591145833335	-1.8084309895833333	0.3613281250000002	0.3708963328042772	0.3708963328042772
just	0	3	2	resid	7	utterance_final	0	prompt_without	33	32	-0.37853654225667316	-0.7311519235372543	-0.6105706592400869	0.12058126429716742	0.34196257650263745	0.34196257650263745
just	0	5	5	resid	7	utterance_final	0	prompt_without	26	25	-0.7108791122833887	-1.0601252168416977	-1.0306664754947026	0.02945874134699511	0.0843495201879246	0.0843495201879246
just	0	0	162	resid	8	utterance_final	0	prompt_without	28	27	-0.4615573245425557	-0.5357130738191827	-0.5315973703251329	0.004115703494049772	0.055500801140809124	0.055500801140809124
just	0	1	1	resid	8	utterance_final	0	prompt_without	28	27	-1.195556640625	-2.1697591145833335	-1.83544921875	0.3343098958333335	0.34316264305404737	0.34316264305404737
just	0	3	2	resid	8	utterance_final	0	prompt_without	33	32	-0.37853654225667316	-0.7311519235372543	-0.556304082274437	0.17484784126281738	0.4958599384627763	0.4958599384627763
just	0	5	5	resid	8	utterance_final	0	prompt_without	26	25	-0.7108791122833887	-1.0601252168416977	-1.0284289966026943	0.031696220239003425	0.09075611674778618	0.09075611674778618
just	0	0	162	resid	9	utterance_final	0	prompt_without	28	27	-0.4615573245425557	-0.5357130738191827	-0.529094607331032	0.006618466488150676	0.08925088820101428	0.08925088820101428
just	0	1	1	resid	9	utterance_final	0	prompt_without	28	27	-1.195556640625	-2.1697591145833335	-1.8185221354166667	0.35123697916666674	0.3605379667529864	0.3605379667529864
just	0	3	2	resid	9	utterance_final	0	prompt_without	33	32	-0.37853654225667316	-0.7311519235372543	-0.598804439107577	0.13234748442967736	0.37533100215037574	0.37533100215037574
just	0	5	5	resid	9	utterance_final	0	prompt_without	26	25	-0.7108791122833887	-1.0601252168416977	-1.01863927145799	0.041485945383707756	0.11878713847409972	0.11878713847409972
just	0	0	162	resid	10	utterance_final	0	prompt_without	28	27	-0.4615573245425557	-0.5357130738191827	-0.5285837955253069	0.007129278293875774	0.09613925236303751	0.09613925236303751
just	0	1	1	resid	10	utterance_final	0	prompt_without	28	27	-1.195556640625	-2.1697591145833335	-1.82421875	0.3455403645833335	0.35469050204661273	0.35469050204661273
just	0	3	2	resid	10	utterance_final	0	prompt_without	33	32	-0.37853654225667316	-0.7311519235372543	-0.5693838099638621	0.16176811357339227	0.45876646953375816	0.45876646953375816
just	0	5	5	resid	10	utterance_final	0	prompt_without	26	25	-0.7108791122833887	-1.0601252168416977	-1.0088728318611782	0.05125238498051954	0.14675148644918562	0.14675148644918562
just	0	0	162	resid	11	utterance_final	0	prompt_without	28	27	-0.4615573245425557	-0.5357130738191827	-0.5293157793754755	0.00639729444370718	0.08626835418846662	0.08626835418846662
just	0	1	1	resid	11	utterance_final	0	prompt_without	28	27	-1.195556640625	-2.1697591145833335	-1.9306640625	0.23909505208333348	0.24542644724751495	0.24542644724751495
just	0	3	2	resid	11	utterance_final	0	prompt_without	33	32	-0.37853654225667316	-0.7311519235372543	-0.601801261305809	0.1293506622314453	0.36683216075738656	0.36683216075738656
just	0	5	5	resid	11	utterance_final	0	prompt_without	26	25	-0.7108791122833887	-1.0601252168416977	-1.0182262460390727	0.041898970802624946	0.11996975844759819	0.11996975844759819
just	0	0	162	resid	12	utterance_final	0	prompt_without	28	27	-0.4615573245425557	-0.5357130738191827	-0.5297342926956886	0.005978781123494037	0.08062464720289034	0.08062464720289034
just	0	1	1	resid	12	utterance_final	0	prompt_without	28	27	-1.195556640625	-2.1697591145833335	-2.0301106770833335	0.1396484375	0.14334642051624757	0.14334642051624757
just	0	3	2	resid	12	utterance_final	0	prompt_without	33	32	-0.37853654225667316	-0.7311519235372543	-0.570463036497434	0.16068888703982032	0.4557058357926759	0.4557058357926759
just	0	5	5	resid	12	utterance_final	0	prompt_without	26	25	-0.7108791122833887	-1.0601252168416977	-1.0154109795888264	0.04471423725287127	0.12803074012642546	0.12803074012642546
just	0	0	162	resid	13	utterance_final	0	prompt_without	28	27	-0.4615573245425557	-0.5357130738191827	-0.5337465752002805	0.0019664986189021905	0.026518491662277748	0.026518491662277748
just	0	1	1	resid	13	utterance_final	0	prompt_without	28	27	-1.195556640625	-2.1697591145833335	-2.1847330729166665	-0.014973958333333037	-0.015370478656753516	0.0
just	0	3	2	resid	13	utterance_final	0	prompt_without	33	32	-0.37853654225667316	-0.7311519235372543	-0.5794770618279775	0.1516748617092768	0.4301425001894257	0.4301425001894257
just	0	5	5	resid	13	utterance_final	0	prompt_without	26	25	-0.7108791122833887	-1.0601252168416977	-1.051258996129036	0.008866220712661743	0.025386741890435226	0.025386741890435226
just	0	0	162	resid	14	utterance_final	0	prompt_without	28	27	-0.4615573245425557	-0.5357130738191827	-0.5353038283281548	0.00040924549102783203	0.005518729094101698	0.005518729094101698
just	0	1	1	resid	14	utterance_final	0	prompt_without	28	27	-1.195556640625	-2.1697591145833335	-2.12255859375	0.04720052083333348	0.04845042185281111	0.04845042185281111
just	0	3	2	resid	14	utterance_final	0	prompt_without	33	32	-0.37853654225667316	-0.7311519235372543	-0.6293395161628723	0.10181240737438202	0.28873501491804865	0.28873501491804865
just	0	5	5	resid	14	utterance_final	0	prompt_without	26	25	-0.7108791122833887	-1.0601252168416977	-1.05151562889417	0.008609587947527642	0.02465192262750124	0.02465192262750124
just	0	0	162	resid	15	utterance_final	0	prompt_without	28	27	-0.4615573245425557	-0.5357130738191827	-0.5367209329161533	-0.0010078590969706536	-0.013591112041913107	0.0
just	0	1	1	resid	15	utterance_final	0	prompt_without	28	27	-1.195556640625	-2.1697591145833335	-2.1329752604166665	0.03678385416666696	0.03775791496115643	0.03775791496115643
just	0	3	2	resid	15	utterance_final	0	prompt_without	33	32	-0.37853654225667316	-0.7311519235372543	-0.6545088738203049	0.07664304971694946	0.21735594584276935	0.21735594584276935
just	0	5	5	resid	15	utterance_final	0	prompt_without	26	25	-0.7108791122833887	-1.0601252168416977	-1.0516752898693085	0.008449926972389221	0.024194763698440765	0.024194763698440765
just	0	0	162	resid	16	utterance_final	0	prompt_without	28	27	-0.4615573245425557	-0.5357130738191827	-0.536102203435676	-0.00038912961649339994	-0.005247463889034552	0.0
just	0	1	1	resid	16	utterance_final	0	prompt_without	28	27	-1.195556640625	-2.1697591145833335	-2.20556640625	-0.03580729166666652	-0.03675549244006333	0.0
just	0	3	2	resid	16	utterance_final	0	prompt_without	33	32	-0.37853654225667316	-0.7311519235372543	-0.665857861439387	0.06529406209786737	0.1851707712259776	0.1851707712259776
just	0	5	5	resid	16	utterance_final	0	prompt_without	26	25	-0.7108791122833887	-1.0601252168416977	-1.0524439364671707	0.0076812803745269775	0.02199388990821095	0.02199388990821095
just	0	0	162	resid	17	utterance_final	0	prompt_without	28	27	-0.4615573245425557	-0.5357130738191827	-0.5368403972581376	-0.0011273234389549414	-0.015202104354035044	0.0
just	0	1	1	resid	17	utterance_final	0	prompt_without	28	27	-1.195556640625	-2.1697591145833335	-2.15966796875	0.010091145833333481	0.01035836605129077	0.01035836605129077
just	0	3	2	resid	17	utterance_final	0	prompt_without	33	32	-0.37853654225667316	-0.7311519235372543	-0.6968667507171631	0.03428517282009125	0.09723107567111498	0.09723107567111498
just	0	5	5	resid	17	utterance_final	0	prompt_without	26	25	-0.7108791122833887	-1.0601252168416977	-1.0553676635026932	0.004757553339004517	0.013622351908610083	0.013622351908610083
just	0	0	162	resid	18	utterance_final	0	prompt_without	28	27	-0.4615573245425557	-0.5357130738191827	-0.5359468016513559	-0.00023372783217323612	-0.003151850456009141	0.0
just	0	1	1	resid	18	utterance_final	0	prompt_without	28	27	-1.195556640625	-2.1697591145833335	-2.1883138020833335	-0.0185546875	-0.019046027900760168	0.0
just	0	3	2	resid	18	utterance_final	0	prompt_without	33	32	-0.37853654225667316	-0.7311519235372543	-0.7039785335461298	0.027173389991124508	0.07706240689909737	0.07706240689909737
just	0	5	5	resid	18	utterance_final	0	prompt_without	26	25	-0.7108791122833887	-1.0601252168416977	-1.0559156686067581	0.004209548234939575	0.012053243200130707	0.012053243200130707
just	0	0	162	resid	19	utterance_final	0	prompt_without	28	27	-0.4615573245425557	-0.5357130738191827	-0.5360228239103805	-0.0003097500911978246	-0.0041770205846393405	0.0
just	0	1	1	resid	19	utterance_final	0	prompt_without	28	27	-1.195556640625	-2.1697591145833335	-2.1863606770833335	-0.0166015625	-0.017041182858574887	0.0
just	0	3	2	resid	19	utterance_final	0	prompt_without	33	32	-0.37853654225667316	-0.7311519235372543	-0.7124830732742945	0.018668850262959835	0.05294394758152867	0.05294394758152867
just	0	5	5	resid	19	utterance_final	0	prompt_without	26	25	-0.7108791122833887	-1.0601252168416977	-1.0577017565568287	0.00242346028486895	0.006939119014466595	0.006939119014466595
just	0	0	162	resid	20	utterance_final	0	prompt_without	28	27	-0.4615573245425557	-0.5357130738191827	-0.5357328431550846	-1.9769335901975715e-05	-0.0002665920861810615	0.0
just	0	1	1	resid	20	utterance_final	0	prompt_without	28	27	-1.195556640625	-2.1697591145833335	-2.185546875	-0.01578776041666652	-0.0162058307576642	0.0
just	0	3	2	resid	20	utterance_final	0	prompt_without	33	32	-0.37853654225667316	-0.7311519235372543	-0.7128547032674154	0.018297220269838932	0.051890023071000324	0.051890023071000324
just	0	5	5	resid	20	utterance_final	0	prompt_without	26	25	-0.7108791122833887	-1.0601252168416977	-1.0587880164384842	0.001337200403213501	0.0038288198086122004	0.0038288198086122004
just	0	0	162	resid	21	utterance_final	0	prompt_without	28	27	-0.4615573245425557	-0.5357130738191827	-0.5363217703131742	-0.000608696493991534	-0.008208352014904236	0.0
just	0	1	1	resid	21	utterance_final	0	prompt_without	28	27	-1.195556640625	-2.1697591145833335	-2.19091796875	-0.02115885416666652	-0.021719154623673725	0.0
just	0	3	2	resid	21	utterance_final	0	prompt_without	33	32	-0.37853654225667316	-0.7311519235372543	-0.7200375745693842	0.011114348967870114	0.03151975086142446	0.03151975086142446
just	0	5	5	resid	21	utterance_final	0	prompt_without	26	25	-0.7108791122833887	-1.0601252168416977	-1.0571762671073277	0.0029489497343699878	0.00844375841528575	0.00844375841528575
just	0	0	162	resid	22	utterance_final	0	prompt_without	28	27	-0.4615573245425557	-0.5357130738191827	-0.5362749349239261	-0.000561861104743433	-0.007576770651288198	0.0
just	0	1	1	resid	22	utterance_final	0	prompt_without	28	27	-1.195556640625	-2.1697591145833335	-2.18310546875	-0.013346354166666519	-0.0136997744549326	0.0
just	0	3	2	resid	22	utterance_final	0	prompt_without	33	32	-0.37853654225667316	-0.7311519235372543	-0.7268534650405248	0.004298458496729496	0.012190218365174348	0.012190218365174348
just	0	5	5	resid	22	utterance_final	0	prompt_without	26	25	-0.7108791122833887	-1.0601252168416977	-1.0586002220710118	0.0015249947706859057	0.004366533372260699	0.004366533372260699
just	0	0	162	resid	23	utterance_final	0	prompt_without	28	27	-0.4615573245425557	-0.5357130738191827	-0.5367040855939998	-0.0009910117748171965	-0.013363923694174745	0.0
just	0	1	1	resid	23	utterance_final	0	prompt_without	28	27	-1.195556640625	-2.1697591145833335	-2.18212890625	-0.012369791666666519	-0.01269735193383996	0.0
just	0	3	2	resid	23	utterance_final	0	prompt_without	33	32	-0.37853654225667316	-0.7311519235372543	-0.7267134586970011	0.004438464840253231	0.012587269517665993	0.012587269517665993
just	0	5	5	resid	23	utterance_final	0	prompt_without	26	25	-0.7108791122833887	-1.0601252168416977	-1.0588185737530391	0.0013066430886585767	0.0037413247323433607	0.0037413247323433607
just	0	0	162	resid	24	utterance_final	0	prompt_without	28	27	-0.4615573245425557	-0.5357130738191827	-0.5353325189546098	0.00038055486457289067	0.005131832235330637	0.005131832235330637
just	0	1	1	resid	24	utterance_final	0	prompt_without	28	27	-1.195556640625	-2.1697591145833335	-2.1847330729166665	-0.014973958333333037	-0.015370478656753516	0.0
just	0	3	2	resid	24	utterance_final	0	prompt_without	33	32	-0.37853654225667316	-0.7311519235372543	-0.726757417122523	0.004394506414731381	0.012462605569762733	0.012462605569762733
just	0	5	5	resid	24	utterance_final	0	prompt_without	26	25	-0.7108791122833887	-1.0601252168416977	-1.0581787625948589	0.0019464542468388135	0.005573302669475702	0.005573302669475702
just	0	0	162	resid	25	utterance_final	0	prompt_without	28	27	-0.4615573245425557	-0.5357130738191827	-0.5354432560676752	0.0002698177515074729	0.0036385277492235715	0.0036385277492235715
just	0	1	1	resid	25	utterance_final	0	prompt_without	28	27	-1.195556640625	-2.1697591145833335	-2.1822916666666665	-0.012532552083333037	-0.012864422354021915	0.0
just	0	3	2	resid	25	utterance_final	0	prompt_without	33	32	-0.37853654225667316	-0.7311519235372543	-0.7275863488515218	0.0035655746857324866	0.010111795670351961	0.010111795670351961
just	0	5	5	resid	25	utterance_final	0	prompt_without	26	25	-0.7108791122833887	-1.0601252168416977	-1.0581808040539424	0.0019444127877552564	0.005567457338470109	0.005567457338470109
just	0	0	162	resid	26	utterance_final	0	prompt_without	28	27	-0.4615573245425557	-0.5357130738191827	-0.5353293696115183	0.0003837042076643149	0.0051743015397628	0.0051743015397628
just	0	1	1	resid	26	utterance_final	0	prompt_without	28	27	-1.195556640625	-2.1697591145833335	-2.1715494791666665	-0.0017903645833330373	-0.0018377746220028701	0.0
just	0	3	2	resid	26	utterance_final	0	prompt_without	33	32	-0.37853654225667316	-0.7311519235372543	-0.7280222078164419	0.0031297157208124426	0.008875720932667093	0.008875720932667093
just	0	5	5	resid	26	utterance_final	0	prompt_without	26	25	-0.7108791122833887	-1.0601252168416977	-1.0588938345511754	0.0012313822905223315	0.0035258297070475814	0.0035258297070475814
just	0	0	162	resid	27	utterance_final	0	prompt_without	28	27	-0.4615573245425557	-0.5357130738191827	-0.5353999026986056	0.0003131711205770493	0.004223153614277583	0.004223153614277583
just	0	1	1	resid	27	utterance_final	0	prompt_without	28	27	-1.195556640625	-2.1697591145833335	-2.1686197916666665	0.0011393229166669627	0.001169492941275051	0.001169492941275051
just	0	3	2	resid	27	utterance_final	0	prompt_without	33	32	-0.37853654225667316	-0.7311519235372543	-0.729210818807284	0.0019411047299703332	0.005504878212972133	0.005504878212972133
just	0	5	5	resid	27	utterance_final	0	prompt_without	26	25	-0.7108791122833887	-1.0601252168416977	-1.0595562011003494	0.0005690157413482666	0.001629268684522337	0.001629268684522337
just	0	0	162	resid	28	utterance_final	0	prompt_without	28	27	-0.4615573245425557	-0.5357130738191827	-0.5354478054268416	0.00026526839234108923	0.0035771790444938415	0.0035771790444938415
just	0	1	1	resid	28	utterance_final	0	prompt_without	28	27	-1.195556640625	-2.1697591145833335	-2.1700846354166665	-0.0003255208333330373	-0.00033414084036390956	0.0
just	0	3	2	resid	28	utterance_final	0	prompt_without	33	32	-0.37853654225667316	-0.7311519235372543	-0.7281351188818613	0.0030168046553930017	0.008555510665578386	0.008555510665578386
just	0	5	5	resid	28	utterance_final	0	prompt_without	26	25	-0.7108791122833887	-1.0601252168416977	-1.0581824382146199	0.0019427786270778125	0.0055627782292227475	0.0055627782292227475
just	0	0	162	resid	29	utterance_final	0	prompt_without	28	27	-0.4615573245425557	-0.5357130738191827	-0.5355455875396729	0.00016748627950979866	0.002258574434802299	0.002258574434802299
just	0	1	1	resid	29	utterance_final	0	prompt_without	28	27	-1.195556640625	-2.1697591145833335	-2.1695963541666665	0.00016276041666696273	0.00016707042018241063	0.00016707042018241063
just	0	3	2	resid	29	utterance_final	0	prompt_without	33	32	-0.37853654225667316	-0.7311519235372543	-0.7299569646517435	0.0011949588855107995	0.0033888450389518133	0.0033888450389518133
just	0	5	5	resid	29	utterance_final	0	prompt_without	26	25	-0.7108791122833887	-1.0601252168416977	-1.0600500454505284	7.517139116930416e-05	0.00021523902539836	0.00021523902539836
just	0	0	162	resid	30	utterance_final	0	prompt_without	28	27	-0.4615573245425557	-0.5357130738191827	-0.535801748896754	-8.867507757137627e-05	-0.0011957950453792483	0.0
just	0	1	1	resid	30	utterance_final	0	prompt_without	28	27	-1.195556640625	-2.1697591145833335	-2.1735026041666665	-0.0037434895833330373	-0.003842619664188151	0.0
just	0	3	2	resid	30	utterance_final	0	prompt_without	33	32	-0.37853654225667316	-0.7311519235372543	-0.7299508502086004	0.0012010733286539343	0.003406185301083684	0.003406185301083684
just	0	5	5	resid	30	utterance_final	0	prompt_without	26	25	-0.7108791122833887	-1.0601252168416977	-1.0594626118739445	0.0006626049677531665	0.0018972436889200582	0.0018972436889200582
just	0	0	162	resid	31	utterance_final	0	prompt_without	28	27	-0.4615573245425557	-0.5357130738191827	-0.5357130738191827	0.0	0.0	0.0
just	0	1	1	resid	31	utterance_final	0	prompt_without	28	27	-1.195556640625	-2.1697591145833335	-2.1697591145833335	0.0	0.0	0.0
just	0	3	2	resid	31	utterance_final	0	prompt_without	33	32	-0.37853654225667316	-0.7311519235372543	-0.7311519235372543	0.0	0.0	0.0
just	0	5	5	resid	31	utterance_final	0	prompt_without	26	25	-0.7108791122833887	-1.0601252168416977	-1.0601252168416977	0.0	0.0	0.0
just	0	6	0	resid	0	utterance_final	0	prompt_without	24	23	-0.7691068649291992	-1.4321659008661907	-1.4343339337242975	-0.0021680328581068498	-0.003269743326916778	0.0
just	0	8	383	resid	0	utterance_final	0	prompt_without	29	28	-0.3251445349305868	-0.36236757785081863	-0.3603300526738167	0.002037525177001953	0.05473827546469873	0.05473827546469873
just	0	11	75	resid	0	utterance_final	0	prompt_without	25	24	-0.5174395442008972	-0.8014094630877177	-0.8001328110694885	0.0012766520182291297	0.004495729770370341	0.004495729770370341
just	0	17	296	resid	0	utterance_final	0	prompt_without	47	46	-0.4483628173669179	-0.49750227067205643	-0.4980496863524119	-0.0005474156803554897	-0.0111400441709482	0.0
just	0	6	0	resid	1	utterance_final	0	prompt_without	24	23	-0.7691068649291992	-1.4321659008661907	-1.4271711905797322	0.004994710286458481	0.0075328289273673575	0.0075328289273673575
just	0	8	383	resid	1	utterance_final	0	prompt_without	29	28	-0.3251445349305868	-0.36236757785081863	-0.36036344431340694	0.0020041335374116898	0.05384120641900515	0.05384120641900515
just	0	11	75	resid	1	utterance_final	0	prompt_without	25	24	-0.5174395442008972	-0.8014094630877177	-0.7999624212582906	0.0014470418294270093	0.005095757448885792	0.005095757448885792
just	0	17	296	resid	1	utterance_final	0	prompt_without	47	46	-0.4483628173669179	-0.49750227067205643	-0.4983870287736257	-0.0008847581015692385	-0.018005045682441875	0.0
just	0	6	0	resid	2	utterance_final	0	prompt_without	24	23	-0.7691068649291992	-1.4321659008661907	-1.428057074546814	0.004108826319376702	0.006196772982017172	0.006196772982017172
just	0	8	383	resid	2	utterance_final	0	prompt_without	29	28	-0.3251445349305868	-0.36236757785081863	-0.3537171520292759	0.00865042582154274	0.23239437571185184	0.23239437571185184
just	0	11	75	resid	2	utterance_final	0	prompt_without	25	24	-0.5174395442008972	-0.8014094630877177	-0.8061371445655823	-0.00472768147786462	-0.016648529169559306	0.0
just	0	17	296	resid	2	utterance_final	0	prompt_without	47	46	-0.4483628173669179	-0.49750227067205643	-0.49711789025200737	0.0003843804200490686	0.007822236394495537	0.007822236394495537
just	0	6	0	resid	3	utterance_final	0	prompt_without	24	23	-0.7691068649291992	-1.4321659008661907	-1.4214444425370958	0.01072145832909488	0.01616968889345429	0.01616968889345429
just	0	8	383	resid	3	utterance_final	0	prompt_without	29	28	-0.3251445349305868	-0.36236757785081863	-0.3448224440217018	0.01754513382911682	0.4713514117240674	0.4713514117240674
just	0	11	75	resid	3	utterance_final	0	prompt_without	25	24	-0.5174395442008972	-0.8014094630877177	-0.7938563625017802	0.0075531005859375	0.026598241868526495	0.026598241868526495
just	0	17	296	resid	3	utterance_final	0	prompt_without	47	46	-0.4483628173669179	-0.49750227067205643	-0.4997330175505744	-0.0022307468785179863	-0.04539624941827988	0.0
just	0	6	0	resid	4	utterance_final	0	prompt_without	24	23	-0.7691068649291992	-1.4321659008661907	-1.4228618542353313	0.009304046630859375	0.014032003376157159	0.014032003376157159
just	0	8	383	resid	4	utterance_final	0	prompt_without	29	28	-0.3251445349305868	-0.36236757785081863	-0.3417159505188465	0.020651627331972122	0.5548076060366186	0.5548076060366186
just	0	11	75	resid	4	utterance_final	0	prompt_without	25	24	-0.5174395442008972	-0.8014094630877177	-0.775001585483551	0.02640787760416663	0.09299533453292214	0.09299533453292214
just	0	17	296	resid	4	utterance_final	0	prompt_without	47	46	-0.4483628173669179	-0.49750227067205643	-0.49728015065193176	0.00022212002012467202	0.00452019721801514	0.00452019721801514
just	0	6	0	resid	5	utterance_final	0	prompt_without	24	23	-0.7691068649291992	-1.4321659008661907	-1.4101856682035658	0.021980232662624832	0.03314973700880769	0.03314973700880769
just	0	8	383	resid	5	utterance_final	0	prompt_without	29	28	-0.3251445349305868	-0.36236757785081863	-0.33039907924830914	0.0319684986025095	0.8588362501963449	0.8588362501963449
just	0	11	75	resid	5	utterance_final	0	prompt_without	25	24	-0.5174395442008972	-0.8014094630877177	-0.7455724477767944	0.05583701531092322	0.196630035779169	0.196630035779169
just	0	17	296	resid	5	utterance_final	0	prompt_without	47	46	-0.4483628173669179	-0.49750227067205643	-0.5001379185252719	-0.0026356478532154615	-0.0536360841633509	0.0
just	0	6	0	resid	6	utterance_final	0	prompt_without	24	23	-0.7691068649291992	-1.4321659008661907	-1.3727823628319635	0.059383538034227135	0.08955995592505608	0.08955995592505608
just	0	8	383	resid	6	utterance_final	0	prompt_without	29	28	-0.3251445349305868	-0.36236757785081863	-0.3276973180472851	0.034670259803533554	0.9314192791231812	0.9314192791231812
just	0	11	75	resid	6	utterance_final	0	prompt_without	25	24	-0.5174395442008972	-0.8014094630877177	-0.6807403763135275	0.12066908677419019	0.424936159601765	0.424936159601765
just	0	17	296	resid	6	utterance_final	0	prompt_without	47	46	-0.4483628173669179	-0.49750227067205643	-0.49798238939709133	-0.00048011872503489483	-0.00977053452454036	0.0
just	0	6	0	resid	7	utterance_final	0	prompt_without	24	23	-0.7691068649291992	-1.4321659008661907	-1.3637953069474962	0.06837059391869449	0.10311388611434524	0.10311388611434524
just	0	8	383	resid	7	utterance_final	0	prompt_without	29	28	-0.3251445349305868	-0.36236757785081863	-0.3291617017239332	0.033205876126885414	0.8920784955180825	0.8920784955180825
just	0	11	75	resid	7	utterance_final	0	prompt_without	25	24	-0.5174395442008972	-0.8014094630877177	-0.67037965854009	0.1310298045476277	0.46142142471030945	0.46142142471030945
just	0	17	296	resid	7	utterance_final	0	prompt_without	47	46	-0.4483628173669179	-0.49750227067205643	-0.49575717581643	0.0017450948556264612	0.035513110917006804	0.035513110917006804
just	0	6	0	resid	8	utterance_final	0	prompt_without	24	23	-0.7691068649291992	-1.4321659008661907	-1.3630029757817586	0.06916292508443211	0.10430884934204329	0.10430884934204329
just	0	8	383	resid	8	utterance_final	0	prompt_without	29	28	-0.3251445349305868	-0.36236757785081863	-0.3311833292245865	0.031184248626232147	0.8377673123892456	0.8377673123892456
just	0	11	75	resid	8	utterance_final	0	prompt_without	25	24	-0.5174395442008972	-0.8014094630877177	-0.7154388626416525	0.08597060044606519	0.30274544847241297	0.30274544847241297
just	0	17	296	resid	8	utterance_final	0	prompt_without	47	46	-0.4483628173669179	-0.49750227067205643	-0.4935486647817824	0.003953605890274048	0.08045685542579324	0.08045685542579324
just	0	6	0	resid	9	utterance_final	0	prompt_without	24	23	-0.7691068649291992	-1.4321659008661907	-1.3647318681081135	0.06743403275807713	0.10170140078520126	0.10170140078520126
just	0	8	383	resid	9	utterance_final	0	prompt_without	29	28	-0.3251445349305868	-0.36236757785081863	-0.33334642462432384	0.02902115322649479	0.7796555829324996	0.7796555829324996
just	0	11	75	resid	9	utterance_final	0	prompt_without	25	24	-0.5174395442008972	-0.8014094630877177	-0.7253570954004923	0.07605236768722534	0.2678183942346968	0.2678183942346968
just	0	17	296	resid	9	utterance_final	0	prompt_without	47	46	-0.4483628173669179	-0.49750227067205643	-0.49162649777200484	0.00587577290005159	0.11957342837261804	0.11957342837261804
just	0	6	0	resid	10	utterance_final	0	prompt_without	24	23	-0.7691068649291992	-1.4321659008661907	-1.3682350052727594	0.06393089559343124	0.09641810476662654	0.09641810476662654
just	0	8	383	resid	10	utterance_final	0	prompt_without	29	28	-0.3251445349305868	-0.36236757785081863	-0.33692988008260727	0.025437697768211365	0.6833857678622299	0.6833857678622299
just	0	11	75	resid	10	utterance_final	0	prompt_without	25	24	-0.5174395442008972	-0.8014094630877177	-0.7498449087142944	0.05156455437342322	0.18158456563131564	0.18158456563131564
just	0	17	296	resid	10	utterance_final	0	prompt_without	47	46	-0.4483628173669179	-0.49750227067205643	-0.49370800455411273	0.003794266117943701	0.07721425174152138	0.07721425174152138
just	0	6	0	resid	11	utterance_final	0	prompt_without	24	23	-0.7691068649291992	-1.4321659008661907	-1.3515277571148343	0.08063814375135636	0.12161533043193332	0.12161533043193332
just	0	8	383	resid	11	utterance_final	0	prompt_without	29	28	-0.3251445349305868	-0.36236757785081863	-0.33947375044226646	0.02289382740855217	0.6150444889100859	0.6150444889100859
just	0	11	75	resid	11	utterance_final	0	prompt_without	25	24	-0.5174395442008972	-0.8014094630877177	-0.7461497584978739	0.05525970458984375	0.19459703621589636	0.19459703621589636
just	0	17	296	resid	11	utterance_final	0	prompt_without	47	46	-0.4483628173669179	-0.49750227067205643	-0.49416303303506637	0.0033392376369900667	0.06795430987509342	0.06795430987509342
just	0	6	0	resid	12	utterance_final	0	prompt_without	24	23	-0.7691068649291992	-1.4321659008661907	-1.338813132709927	0.09335276815626359	0.14079103533268889	0.14079103533268889
just	0	8	383	resid	12	utterance_final	0	prompt_without	29	28	-0.3251445349305868	-0.36236757785081863	-0.3460009712725878	0.016366606578230858	0.4396901836667181	0.4396901836667181
just	0	11	75	resid	12	utterance_final	0	prompt_without	25	24	-0.5174395442008972	-0.8014094630877177	-0.7363917628924052	0.0650177001953125	0.22895981535715434	0.22895981535715434
just	0	17	296	resid	12	utterance_final	0	prompt_without	47	46	-0.4483628173669179	-0.49750227067205643	-0.4942650662528144	0.0032372044192420235	0.06587790871705747	0.06587790871705747
just	0	6	0	resid	13	utterance_final	0	prompt_without	24	23	-0.7691068649291992	-1.4321659008661907	-1.345066401693556	0.0870994991726346	0.13136009684198227	0.13136009684198227
just	0	8	383	resid	13	utterance_final	0	prompt_without	29	28	-0.3251445349305868	-0.36236757785081863	-0.3499296084046364	0.012437969446182251	0.33414703555635017	0.33414703555635017
just	0	11	75	resid	13	utterance_final	0	prompt_without	25	24	-0.5174395442008972	-0.8014094630877177	-0.7785289088884989	0.02288055419921875	0.08057386602395046	0.08057386602395046
just	0	17	296	resid	13	utterance_final	0	prompt_without	47	46	-0.4483628173669179	-0.49750227067205643	-0.495988087521659	0.001514183150397419	0.030814000737755063	0.030814000737755063
just	0	6	0	resid	14	utterance_final	0	prompt_without	24	23	-0.7691068649291992	-1.4321659008661907	-1.384720351960924	0.047445548905266755	0.07155554231791718	0.07155554231791718
just	0	8	383	resid	14	utterance_final	0	prompt_without	29	28	-0.3251445349305868	-0.36236757785081863	-0.35508408211171627	0.007283495739102364	0.1956716906436354	0.1956716906436354
just	0	11	75	resid	14	utterance_final	0	prompt_without	25	24	-0.5174395442008972	-0.8014094630877177	-0.7991206447283427	0.002288818359375	0.008060073293492877	0.008060073293492877
just	0	17	296	resid	14	utterance_final	0	prompt_without	47	46	-0.4483628173669179	-0.49750227067205643	-0.49523310197724235	0.0022691686948140832	0.046178142860551434	0.046178142860551434
just	0	6	0	resid	15	utterance_final	0	prompt_without	24	23	-0.7691068649291992	-1.4321659008661907	-1.38783593972524	0.04432996114095067	0.06685673331984154	0.06685673331984154
just	0	8	383	resid	15	utterance_final	0	prompt_without	29	28	-0.3251445349305868	-0.36236757785081863	-0.35655483417212963	0.005812743678689003	0.15615981990364378	0.15615981990364378
just	0	11	75	resid	15	utterance_final	0	prompt_without	25	24	-0.5174395442008972	-0.8014094630877177	-0.7973836859067281	0.004025777180989509	0.014176773359554433	0.014176773359554433
just	0	17	296	resid	15	utterance_final	0	prompt_without	47	46	-0.4483628173669179	-0.49750227067205643	-0.4954046044084761	0.0020976662635803223	0.042688026066439136	0.042688026066439136
just	0	6	0	resid	16	utterance_final	0	prompt_without	24	23	-0.7691068649291992	-1.4321659008661907	-1.399534993701511	0.03263090716467976	0.0492126724712648	0.0492126724712648
just	0	8	383	resid	16	utterance_final	0	prompt_without	29	28	-0.3251445349305868	-0.36236757785081863	-0.3570332881063223	0.0053342897444963455	0.14330611701809584	0.14330611701809584
just	0	11	75	resid	16	utterance_final	0	prompt_without	25	24	-0.5174395442008972	-0.8014094630877177	-0.7983602484067281	0.0030492146809895093	0.010737808754330806	0.010737808754330806
just	0	17	296	resid	16	utterance_final	0	prompt_without	47	46	-0.4483628173669179	-0.49750227067205643	-0.49678083591991	0.0007214347521464215	0.014681375221384095	0.014681375221384095
just	0	6	0	resid	17	utterance_final	0	prompt_without	24	23	-0.7691068649291992	-1.4321659008661907	-1.4193514850404527	0.012814415825737946	0.019326206463093375	0.019326206463093375
just	0	8	383	resid	17	utterance_final	0	prompt_without	29	28	-0.3251445349305868	-0.36236757785081863	-0.36144792661070824	0.0009196512401103973	0.024706503497878726	0.024706503497878726
just	0	11	75	resid	17	utterance_final	0	prompt_without	25	24	-0.5174395442008972	-0.8014094630877177	-0.8046290675799052	-0.0032196044921875	-0.011337836432846648	0.0
just	0	17	296	resid	17	utterance_final	0	prompt_without	47	46	-0.4483628173669179	-0.49750227067205643	-0.49618229269981384	0.001319977972242592	0.026861877441859156	0.026861877441859156
just	0	6	0	resid	18	utterance_final	0	prompt_without	24	23	-0.7691068649291992	-1.4321659008661907	-1.4202742179234822	0.011891682942708481	0.01793457640751994	0.01793457640751994
just	0	8	383	resid	18	utterance_final	0	prompt_without	29	28	-0.3251445349305868	-0.36236757785081863	-0.36234034411609173	2.7233734726905823e-05	0.0007316364431910398	0.0007316364431910398
just	0	11	75	resid	18	utterance_final	0	prompt_without	25	24	-0.5174395442008972	-0.8014094630877177	-0.8042425115903219	-0.0028330485026042407	-0.009976579609945888	0.0
just	0	17	296	resid	18	utterance_final	0	prompt_without	47	46	-0.4483628173669179	-0.49750227067205643	-0.49673927823702496	0.0007629924350314732	0.015527084322521083	0.015527084322521083
just	0	6	0	resid	19	utterance_final	0	prompt_without	24	23	-0.7691068649291992	-1.4321659008661907	-1.4255647791756525	0.00660112169053817	0.0099555564931106	0.0099555564931106
just	0	8	383	resid	19	utterance_final	0	prompt_without	29	28	-0.3251445349305868	-0.36236757785081863	-0.3625332601368427	-0.00016568228602409363	-0.004451067753357704	0.0
just	0	11	75	resid	19	utterance_final	0	prompt_without	25	24	-0.5174395442008972	-0.8014094630877177	-0.7991333603858948	0.0022761027018228797	0.008015295108528898	0.008015295108528898
just	0	17	296	resid	19	utterance_final	0	prompt_without	47	46	-0.4483628173669179	-0.49750227067205643	-0.4969383014572991	0.0005639692147573205	0.01147691268063713	0.01147691268063713
just	0	6	0	resid	20	utterance_final	0	prompt_without	24	23	-0.7691068649291992	-1.4321659008661907	-1.4280922280417547	0.004073672824435937	0.006143755840201001	0.006143755840201001
just	0	8	383	resid	20	utterance_final	0	prompt_without	29	28	-0.3251445349305868	-0.36236757785081863	-0.3625761643052101	-0.0002085864543914795	-0.005603691639033267	0.0
just	0	11	75	resid	20	utterance_final	0	prompt_without	25	24	-0.5174395442008972	-0.8014094630877177	-0.7991359035174052	0.0022735595703125	0.008006339471536257	0.008006339471536257
just	0	17	296	resid	20	utterance_final	0	prompt_without	47	46	-0.4483628173669179	-0.49750227067205643	-0.4962989191214244	0.0012033515506320591	0.024488500984324632	0.024488500984324632
just	0	6	0	resid	21	utterance_final	0	prompt_without	24	23	-0.7691068649291992	-1.4321659008661907	-1.4268884791268244	0.005277421739366295	0.007959203409253882	0.007959203409253882
just	0	8	383	resid	21	utterance_final	0	prompt_without	29	28	-0.3251445349305868	-0.36236757785081863	-0.36264107935130596	-0.0002735015004873276	-0.007347639500441579	0.0
just	0	11	75	resid	21	utterance_final	0	prompt_without	25	24	-0.5174395442008972	-0.8014094630877177	-0.7994919419288635	0.0019175211588541297	0.006752550292548347	0.006752550292548347
just	0	17	296	resid	21	utterance_final	0	prompt_without	47	46	-0.4483628173669179	-0.49750227067205643	-0.4972721536954244	0.00023011697663205544	0.004682937256202483	0.004682937256202483
just	0	6	0	resid	22	utterance_final	0	prompt_without	24	23	-0.7691068649291992	-1.4321659008661907	-1.4270355568991766	0.005130343967014062	0.007737386399936767	0.007737386399936767
just	0	8	383	resid	22	utterance_final	0	prompt_without	29	28	-0.3251445349305868	-0.36236757785081863	-0.36294239945709705	-0.0005748216062784195	-0.015442628038504264	0.0
just	0	11	75	resid	22	utterance_final	0	prompt_without	25	24	-0.5174395442008972	-0.8014094630877177	-0.7965953151384989	0.00481414794921875	0.016953020827313352	0.016953020827313352
just	0	17	296	resid	22	utterance_final	0	prompt_without	47	46	-0.4483628173669179	-0.49750227067205643	-0.49718568060133195	0.0003165900707244873	0.006442686058360796	0.006442686058360796
just	0	6	0	resid	23	utterance_final	0	prompt_without	24	23	-0.7691068649291992	-1.4321659008661907	-1.4266990290747747	0.005466871791415917	0.008244924652433842	0.008244924652433842
just	0	8	383	resid	23	utterance_final	0	prompt_without	29	28	-0.3251445349305868	-0.36236757785081863	-0.36219616048038006	0.00017141737043857574	0.004605141250969715	0.004605141250969715
just	0	11	75	resid	23	utterance_final	0	prompt_without	25	24	-0.5174395442008972	-0.8014094630877177	-0.7990265488624573	0.0023829142252603797	0.008391431862225232	0.008391431862225232
just	0	17	296	resid	23	utterance_final	0	prompt_without	47	46	-0.4483628173669179	-0.49750227067205643	-0.4977268444167243	-0.0002245737446678886	-0.0045701311179301395	0.0
just	0	6	0	resid	24	utterance_final	0	prompt_without	24	23	-0.7691068649291992	-1.4321659008661907	-1.4275636937883165	0.004602207077874176	0.0069408707648039815	0.0069408707648039815
just	0	8	383	resid	24	utterance_final	0	prompt_without	29	28	-0.3251445349305868	-0.36236757785081863	-0.36292536556720734	-0.0005577877163887024	-0.01498501123575602	0.0
just	0	11	75	resid	24	utterance_final	0	prompt_without	25	24	-0.5174395442008972	-0.8014094630877177	-0.8023224472999573	-0.0009129842122396203	-0.0032150736804045115	0.0
just	0	17	296	resid	24	utterance_final	0	prompt_without	47	46	-0.4483628173669179	-0.49750227067205643	-0.4977104266484578	-0.00020815597640139183	-0.004236025482595772	0.0
just	0	6	0	resid	25	utterance_final	0	prompt_without	24	23	-0.7691068649291992	-1.4321659008661907	-1.4303884771135118	0.0017774237526788639	0.002680641777495914	0.002680641777495914
just	0	8	383	resid	25	utterance_final	0	prompt_without	29	28	-0.3251445349305868	-0.36236757785081863	-0.3626955393701792	-0.0003279615193605423	-0.008810712226385058	0.0
just	0	11	75	resid	25	utterance_final	0	prompt_without	25	24	-0.5174395442008972	-0.8014094630877177	-0.798164427280426	0.0032450358072916297	0.011427392802774215	0.011427392802774215
just	0	17	296	resid	25	utterance_final	0	prompt_without	47	46	-0.4483628173669179	-0.49750227067205643	-0.49696336521042717	0.0005389054616292688	0.010966859119959222	0.010966859119959222
just	0	6	0	resid	26	utterance_final	0	prompt_without	24	23	-0.7691068649291992	-1.4321659008661907	-1.4309011300404866	0.0012647708257040868	0.0019074784553939391	0.0019074784553939391
just	0	8	383	resid	26	utterance_final	0	prompt_without	29	28	-0.3251445349305868	-0.36236757785081863	-0.36233964189887047	2.7935951948165894e-05	0.0007505015645290483	0.0007505015645290483
just	0	11	75	resid	26	utterance_final	0	prompt_without	25	24	-0.5174395442008972	-0.8014094630877177	-0.7951202988624573	0.00628916422526038	0.022147290283119743	0.022147290283119743
just	0	17	296	resid	26	utterance_final	0	prompt_without	47	46	-0.4483628173669179	-0.49750227067205643	-0.4967391987641652	0.0007630719078912107	0.0155287016148268	0.0155287016148268
just	0	6	0	resid	27	utterance_final	0	prompt_without	24	23	-0.7691068649291992	-1.4321659008661907	-1.43000594774882	0.0021599531173706055	0.0032575577743515728	0.0032575577743515728
just	0	8	383	resid	27	utterance_final	0	prompt_without	29	28	-0.3251445349305868	-0.36236757785081863	-0.36235499382019043	1.2584030628204346e-05	0.00033807098079465593	0.00033807098079465593
just	0	11	75	resid	27	utterance_final	0	prompt_without	25	24	-0.5174395442008972	-0.8014094630877177	-0.7975896795590719	0.0038197835286457593	0.013451366763140075	0.013451366763140075
just	0	17	296	resid	27	utterance_final	0	prompt_without	47	46	-0.4483628173669179	-0.49750227067205643	-0.4971226387553745	0.00037963191668194396	0.007725603179273583	0.007725603179273583
just	0	6	0	resid	28	utterance_final	0	prompt_without	24	23	-0.7691068649291992	-1.4321659008661907	-1.431131919225057	0.0010339816411337743	0.0015594111309751167	0.0015594111309751167
just	0	8	383	resid	28	utterance_final	0	prompt_without	29	28	-0.3251445349305868	-0.36236757785081863	-0.36223072558641434	0.00013685226440429688	0.0036765469361967084	0.0036765469361967084
just	0	11	75	resid	28	utterance_final	0	prompt_without	25	24	-0.5174395442008972	-0.8014094630877177	-0.7974523504575094	0.003957112630208259	0.013934971160749647	0.013934971160749647
just	0	17	296	resid	28	utterance_final	0	prompt_without	47	46	-0.4483628173669179	-0.49750227067205643	-0.49762190712822807	-0.00011963645617163454	-0.0024346314035838925	0.0
just	0	6	0	resid	29	utterance_final	0	prompt_without	24	23	-0.7691068649291992	-1.4321659008661907	-1.4312438037660387	0.0009220971001520084	0.0013906711924209906	0.0013906711924209906
just	0	8	383	resid	29	utterance_final	0	prompt_without	29	28	-0.3251445349305868	-0.36236757785081863	-0.3628826532512903	-0.0005150754004716873	-0.013837541481374395	0.0
just	0	11	75	resid	29	utterance_final	0	prompt_without	25	24	-0.5174395442008972	-0.8014094630877177	-0.7968394557634989	0.00457000732421875	0.016093279676007446	0.016093279676007446
just	0	17	296	resid	29	utterance_final	0	prompt_without	47	46	-0.4483628173669179	-0.49750227067205643	-0.49705542458428276	0.00044684608777367796	0.009093428146196961	0.009093428146196961
just	0	6	0	resid	30	utterance_final	0	prompt_without	24	23	-0.7691068649291992	-1.4321659008661907	-1.4325454632441204	-0.0003795623779296875	-0.0005724413021433527	0.0
just	0	8	383	resid	30	utterance_final	0	prompt_without	29	28	-0.3251445349305868	-0.36236757785081863	-0.3623416293412447	2.5948509573936462e-05	0.0006971087675326158	0.0006971087675326158
just	0	11	75	resid	30	utterance_final	0	prompt_without	25	24	-0.5174395442008972	-0.8014094630877177	-0.7960561712582906	0.005353291829427009	0.018851615869780302	0.018851615869780302
just	0	17	296	resid	30	utterance_final	0	prompt_without	47	46	-0.4483628173669179	-0.49750227067205643	-0.49744706352551776	5.520714653867165e-05	0.0011234790545156233	0.0011234790545156233
just	0	6	0	resid	31	utterance_final	0	prompt_without	24	23	-0.7691068649291992	-1.4321659008661907	-1.4321659008661907	0.0	0.0	0.0
just	0	8	383	resid	31	utterance_final	0	prompt_without	29	28	-0.3251445349305868	-0.36236757785081863	-0.36236757785081863	0.0	0.0	0.0
just	0	11	75	resid	31	utterance_final	0	prompt_without	25	24	-0.5174395442008972	-0.8014094630877177	-0.8014094630877177	0.0	0.0	0.0
just	0	17	296	resid	31	utterance_final	0	prompt_without	47	46	-0.4483628173669179	-0.49750227067205643	-0.49750227067205643	0.0	0.0	0.0
just	0	19	165	resid	0	utterance_final	0	prompt_without	32	31	-0.5664214678108692	-0.6366394050419331	-0.6365711614489555	6.82435929775238e-05	0.0009718826224267579	0.0009718826224267579
just	0	21	244	resid	0	utterance_final	0	prompt_without	54	53	-0.3882971592247486	-0.4403469078242779	-0.44000802747905254	0.00033888034522533417	0.006510700903335371	0.006510700903335371
just	0	24	457	resid	0	utterance_final	0	prompt_without	45	44	-0.30480959227210597	-0.32799839973449707	-0.3281942323634499	-0.00019583262895284115	-0.008445135838505424	0.0
just	0	25	30	resid	0	utterance_final	0	prompt_without	40	39	-0.6369946116492862	-0.8973461048943656	-0.8975887412116641	-0.00024263631729848356	-0.0009319566954435715	0.0
just	0	19	165	resid	1	utterance_final	0	prompt_without	32	31	-0.5664214678108692	-0.6366394050419331	-0.6361778900027275	0.00046151503920555115	0.006572608900299348	0.006572608900299348
just	0	21	244	resid	1	utterance_final	0	prompt_without	54	53	-0.3882971592247486	-0.4403469078242779	-0.44009216874837875	0.00025473907589912415	0.004894146134289455	0.004894146134289455
just	0	24	457	resid	1	utterance_final	0	prompt_without	45	44	-0.30480959227210597	-0.32799839973449707	-0.3279345537486829	6.384598581415935e-05	0.0027533104458997435	0.0027533104458997435
just	0	25	30	resid	1	utterance_final	0	prompt_without	40	39	-0.6369946116492862	-0.8973461048943656	-0.900655156090146	-0.003309051195780399	-0.012709937456227512	0.0
just	0	19	165	resid	2	utterance_final	0	prompt_without	32	31	-0.5664214678108692	-0.6366394050419331	-0.6373999156057835	-0.0007605105638504028	-0.01083071639298967	0.0
just	0	21	244	resid	2	utterance_final	0	prompt_without	54	53	-0.3882971592247486	-0.4403469078242779	-0.4383487980812788	0.001998109742999077	0.03838846097744932	0.03838846097744932
just	0	24	457	resid	2	utterance_final	0	prompt_without	45	44	-0.30480959227210597	-0.32799839973449707	-0.3277706535238969	0.00022774621060017708	0.009821385207908968	0.009821385207908968
just	0	25	30	resid	2	utterance_final	0	prompt_without	40	39	-0.6369946116492862	-0.8973461048943656	-0.8975962059838432	-0.00025010108947753906	-0.0009606285962113102	0.0
just	0	19	165	resid	3	utterance_final	0	prompt_without	32	31	-0.5664214678108692	-0.6366394050419331	-0.6337525025010109	0.002886902540922165	0.041113462667271616	0.041113462667271616
just	0	21	244	resid	3	utterance_final	0	prompt_without	54	53	-0.3882971592247486	-0.4403469078242779	-0.43187016621232033	0.00847674161195755	0.16285845446012803	0.16285845446012803
just	0	24	457	resid	3	utterance_final	0	prompt_without	45	44	-0.30480959227210597	-0.32799839973449707	-0.32847388480838974	-0.0004754850738926675	-0.02050493862885513	0.0
just	0	25	30	resid	3	utterance_final	0	prompt_without	40	39	-0.6369946116492862	-0.8973461048943656	-0.8711199363072714	0.026226168587094256	0.10073369758784713	0.10073369758784713
just	0	19	165	resid	4	utterance_final	0	prompt_without	32	31	-0.5664214678108692	-0.6366394050419331	-0.6346100457012653	0.0020293593406677246	0.028900868078618986	0.028900868078618986
just	0	21	244	resid	4	utterance_final	0	prompt_without	54	53	-0.3882971592247486	-0.4403469078242779	-0.43050096184015274	0.009845945984125137	0.18916414101977397	0.18916414101977397
just	0	24	457	resid	4	utterance_final	0	prompt_without	45	44	-0.30480959227210597	-0.32799839973449707	-0.3276505093825491	0.0003478903519479881	0.015002511557018015	0.015002511557018015
just	0	25	30	resid	4	utterance_final	0	prompt_without	40	39	-0.6369946116492862	-0.8973461048943656	-0.8525201309294927	0.04482597396487287	0.17217482952047583	0.17217482952047583
just	0	19	165	resid	5	utterance_final	0	prompt_without	32	31	-0.5664214678108692	-0.6366394050419331	-0.6303347945213318	0.006304610520601273	0.08978632482260052	0.08978632482260052
just	0	21	244	resid	5	utterance_final	0	prompt_without	54	53	-0.3882971592247486	-0.4403469078242779	-0.42673476226627827	0.013612145557999611	0.2615218310223062	0.2615218310223062
just	0	24	457	resid	5	utterance_final	0	prompt_without	45	44	-0.30480959227210597	-0.32799839973449707	-0.3284554857956736	-0.00045708606117650374	-0.019711494949355687	0.0
just	0	25	30	resid	5	utterance_final	0	prompt_without	40	39	-0.6369946116492862	-0.8973461048943656	-0.8335675171443394	0.0637785877500262	0.2449710848786599	0.2449710848786599
just	0	19	165	resid	6	utterance_final	0	prompt_without	32	31	-0.5664214678108692	-0.6366394050419331	-0.6231689415872097	0.013470463454723358	0.19183792611845815	0.19183792611845815
just	0	21	244	resid	6	utterance_final	0	prompt_without	54	53	-0.3882971592247486	-0.4403469078242779	-0.4217200521379709	0.018626855686306953	0.35786639104872475	0.35786639104872475
just	0	24	457	resid	6	utterance_final	0	prompt_without	45	44	-0.30480959227210597	-0.32799839973449707	-0.32814439346915797	-0.0001459937346608986	-0.006295870751338953	0.0
just	0	25	30	resid	6	utterance_final	0	prompt_without	40	39	-0.6369946116492862	-0.8973461048943656	-0.7909258433750698	0.10642026151929584	0.408756101963733	0.408756101963733
just	0	19	165	resid	7	utterance_final	0	prompt_without	32	31	-0.5664214678108692	-0.6366394050419331	-0.6264444999396801	0.01019490510225296	0.1451894701592404	0.1451894701592404
just	0	21	244	resid	7	utterance_final	0	prompt_without	54	53	-0.3882971592247486	-0.4403469078242779	-0.41780681908130646	0.02254008874297142	0.4330489454693595	0.4330489454693595
just	0	24	457	resid	7	utterance_final	0	prompt_without	45	44	-0.30480959227210597	-0.32799839973449707	-0.32815210442793996	-0.00015370469344289095	-0.006628400088800503	0.0
just	0	25	30	resid	7	utterance_final	0	prompt_without	40	39	-0.6369946116492862	-0.8973461048943656	-0.8008003688993908	0.09654573599497485	0.3708284319463934	0.3708284319463934
just	0	19	165	resid	8	utterance_final	0	prompt_without	32	31	-0.5664214678108692	-0.6366394050419331	-0.6263961270451546	0.010243277996778488	0.14587836670666174	0.14587836670666174
just	0	21	244	resid	8	utterance_final	0	prompt_without	54	53	-0.3882971592247486	-0.4403469078242779	-0.41798901557922363	0.022357892245054245	0.4295485155380068	0.4295485155380068
just	0	24	457	resid	8	utterance_final	0	prompt_without	45	44	-0.30480959227210597	-0.32799839973449707	-0.32876252500634445	-0.0007641252718473823	-0.03295233155420705	0.0
just	0	25	30	resid	8	utterance_final	0	prompt_without	40	39	-0.6369946116492862	-0.8973461048943656	-0.7978185982931227	0.09952750660124288	0.38228129733657257	0.38228129733657257
just	0	19	165	resid	9	utterance_final	0	prompt_without	32	31	-0.5664214678108692	-0.6366394050419331	-0.633273147046566	0.00336625799536705	0.04794014361728993	0.04794014361728993
just	0	21	244	resid	9	utterance_final	0	prompt_without	54	53	-0.3882971592247486	-0.4403469078242779	-0.4187017735093832	0.021645134314894676	0.415854733159853	0.415854733159853
just	0	24	457	resid	9	utterance_final	0	prompt_without	45	44	-0.30480959227210597	-0.32799839973449707	-0.3276020853142989	0.00039631442019816276	0.017090763327994658	0.017090763327994658
just	0	25	30	resid	9	utterance_final	0	prompt_without	40	39	-0.6369946116492862	-0.8973461048943656	-0.8007030543826875	0.0966430505116781	0.3712022132352591	0.3712022132352591
just	0	19	165	resid	10	utterance_final	0	prompt_without	32	31	-0.5664214678108692	-0.6366394050419331	-0.6336038373410702	0.0030355677008628845	0.04323065901058646	0.04323065901058646
just	0	21	244	resid	10	utterance_final	0	prompt_without	54	53	-0.3882971592247486	-0.4403469078242779	-0.41834113374352455	0.022005774080753326	0.4227834845095168	0.4227834845095168
just	0	24	457	resid	10	utterance_final	0	prompt_without	45	44	-0.30480959227210597	-0.32799839973449707	-0.329177925461217	-0.001179525726719921	-0.05086616587045028	0.0
just	0	25	30	resid	10	utterance_final	0	prompt_without	40	39	-0.6369946116492862	-0.8973461048943656	-0.7957124937148321	0.10163361117953351	0.3903707634350369	0.3903707634350369
just	0	19	165	resid	11	utterance_final	0	prompt_without	32	31	-0.5664214678108692	-0.6366394050419331	-0.6318779774010181	0.004761427640914917	0.06780927820831086	0.06780927820831086
just	0	21	244	resid	11	utterance_final	0	prompt_without	54	53	-0.3882971592247486	-0.4403469078242779	-0.41647252067923546	0.02387438714504242	0.45868400496478745	0.45868400496478745
just	0	24	457	resid	11	utterance_final	0	prompt_without	45	44	-0.30480959227210597	-0.32799839973449707	-0.32948120644218043	-0.0014828067076833595	-0.06394493162652964	0.0
just	0	25	30	resid	11	utterance_final	0	prompt_without	40	39	-0.6369946116492862	-0.8973461048943656	-0.7760633514040992	0.1212827534902664	0.4658423578776943	0.4658423578776943
just	0	19	165	resid	12	utterance_final	0	prompt_without	32	31	-0.5664214678108692	-0.6366394050419331	-0.6313074566423893	0.005331948399543762	0.07593427847357714	0.07593427847357714
just	0	21	244	resid	12	utterance_final	0	prompt_without	54	53	-0.3882971592247486	-0.4403469078242779	-0.43153543397784233	0.008811473846435547	0.16928946024756086	0.16928946024756086
just	0	24	457	resid	12	utterance_final	0	prompt_without	45	44	-0.30480959227210597	-0.32799839973449707	-0.32859944042406586	-0.0006010406895687881	-0.025919430766053377	0.0
just	0	25	30	resid	12	utterance_final	0	prompt_without	40	39	-0.6369946116492862	-0.8973461048943656	-0.7704115084239415	0.12693459647042415	0.4875508678221233	0.4875508678221233
just	0	19	165	resid	13	utterance_final	0	prompt_without	32	31	-0.5664214678108692	-0.6366394050419331	-0.6332521662116051	0.0033872388303279877	0.04823893956300244	0.04823893956300244
just	0	21	244	resid	13	utterance_final	0	prompt_without	54	53	-0.3882971592247486	-0.4403469078242779	-0.4396361242979765	0.000710783526301384	0.013655849363849035	0.013655849363849035
just	0	24	457	resid	13	utterance_final	0	prompt_without	45	44	-0.30480959227210597	-0.32799839973449707	-0.32846933603286743	-0.00047093629837036133	-0.02030877608234714	0.0
just	0	25	30	resid	13	utterance_final	0	prompt_without	40	39	-0.6369946116492862	-0.8973461048943656	-0.7963934512365431	0.10095265365782247	0.3877552319732295	0.3877552319732295
just	0	19	165	resid	14	utterance_final	0	prompt_without	32	31	-0.5664214678108692	-0.6366394050419331	-0.6343139447271824	0.0023254603147506714	0.03311775319030458	0.03311775319030458
just	0	21	244	resid	14	utterance_final	0	prompt_without	54	53	-0.3882971592247486	-0.4403469078242779	-0.4397926330566406	0.0005542747676372528	0.010648942262946215	0.010648942262946215
just	0	24	457	resid	14	utterance_final	0	prompt_without	45	44	-0.30480959227210597	-0.32799839973449707	-0.3277483111933658	0.0002500885411312881	0.010784881522557622	0.010784881522557622
just	0	25	30	resid	14	utterance_final	0	prompt_without	40	39	-0.6369946116492862	-0.8973461048943656	-0.8219905467260451	0.07535555816832051	0.2894377797840601	0.2894377797840601
just	0	19	165	resid	15	utterance_final	0	prompt_without	32	31	-0.5664214678108692	-0.6366394050419331	-0.633658193051815	0.0029812119901180267	0.04245655893177054	0.04245655893177054
just	0	21	244	resid	15	utterance_final	0	prompt_without	54	53	-0.3882971592247486	-0.4403469078242779	-0.4397387746721506	0.0006081331521272659	0.011683690478627324	0.011683690478627324
just	0	24	457	resid	15	utterance_final	0	prompt_without	45	44	-0.30480959227210597	-0.32799839973449707	-0.3278193128736396	0.00017908686085749137	0.0077229870983207905	0.0077229870983207905
just	0	25	30	resid	15	utterance_final	0	prompt_without	40	39	-0.6369946116492862	-0.8973461048943656	-0.8418256555284772	0.0555204493658884	0.21325189525079752	0.21325189525079752
just	0	19	165	resid	16	utterance_final	0	prompt_without	32	31	-0.5664214678108692	-0.6366394050419331	-0.6358835995197296	0.0007558055222034454	0.01076371012888546	0.01076371012888546
just	0	21	244	resid	16	utterance_final	0	prompt_without	54	53	-0.3882971592247486	-0.4403469078242779	-0.4401359986513853	0.0002109091728925705	0.004052069002586459	0.004052069002586459
just	0	24	457	resid	16	utterance_final	0	prompt_without	45	44	-0.30480959227210597	-0.32799839973449707	-0.327895860922964	0.00010253881153304834	0.0044219096518590476	0.0044219096518590476
just	0	25	30	resid	16	utterance_final	0	prompt_without	40	39	-0.6369946116492862	-0.8973461048943656	-0.8525910547801426	0.04475505011422298	0.1719024137575936	0.1719024137575936
just	0	19	165	resid	17	utterance_final	0	prompt_without	32	31	-0.5664214678108692	-0.6366394050419331	-0.6357426531612873	0.000896751880645752	0.012770980122854367	0.012770980122854367
just	0	21	244	resid	17	utterance_final	0	prompt_without	54	53	-0.3882971592247486	-0.4403469078242779	-0.4400836657732725	0.00026324205100536346	0.005057508596837761	0.005057508596837761
just	0	24	457	resid	17	utterance_final	0	prompt_without	45	44	-0.30480959227210597	-0.32799839973449707	-0.32808933132573176	-9.093159123468864e-05	-0.003921356946973946	0.0
just	0	25	30	resid	17	utterance_final	0	prompt_without	40	39	-0.6369946116492862	-0.8973461048943656	-0.8751001301265898	0.02224597476777579	0.08544592731348288	0.08544592731348288
just	0	19	165	resid	18	utterance_final	0	prompt_without	32	31	-0.5664214678108692	-0.6366394050419331	-0.6361910104751587	0.0004483945667743683	0.006385755327714215	0.006385755327714215
just	0	21	244	resid	18	utterance_final	0	prompt_without	54	53	-0.3882971592247486	-0.4403469078242779	-0.4399652238935232	0.00038168393075466156	0.007333060024772405	0.007333060024772405
just	0	24	457	resid	18	utterance_final	0	prompt_without	45	44	-0.30480959227210597	-0.32799839973449707	-0.32722869044856023	0.0007697092859368371	0.0331931379906101	0.0331931379906101
just	0	25	30	resid	18	utterance_final	0	prompt_without	40	39	-0.6369946116492862	-0.8973461048943656	-0.8837322904950097	0.013613814399355939	0.05229013373294042	0.05229013373294042
just	0	19	165	resid	19	utterance_final	0	prompt_without	32	31	-0.5664214678108692	-0.6366394050419331	-0.6362133920192719	0.0004260130226612091	0.00606701135721692	0.00606701135721692
just	0	21	244	resid	19	utterance_final	0	prompt_without	54	53	-0.3882971592247486	-0.4403469078242779	-0.4395777955651283	0.0007691122591495514	0.014776483649654115	0.014776483649654115
just	0	24	457	resid	19	utterance_final	0	prompt_without	45	44	-0.30480959227210597	-0.32799839973449707	-0.3272540381080226	0.0007443616264744546	0.0321000391107521	0.0321000391107521
just	0	25	30	resid	19	utterance_final	0	prompt_without	40	39	-0.6369946116492862	-0.8973461048943656	-0.8858525298890614	0.011493575005304235	0.04414637635469548	0.04414637635469548
just	0	19	165	resid	20	utterance_final	0	prompt_without	32	31	-0.5664214678108692	-0.6366394050419331	-0.6373670175671577	-0.0007276125252246857	-0.010362203076834274	0.0
just	0	21	244	resid	20	utterance_final	0	prompt_without	54	53	-0.3882971592247486	-0.4403469078242779	-0.44038331881165504	-3.641098737716675e-05	-0.0006995420411597539	0.0
just	0	24	457	resid	20	utterance_final	0	prompt_without	45	44	-0.30480959227210597	-0.32799839973449707	-0.3275707019002814	0.00042769783421564567	0.0184441496143909	0.0184441496143909
just	0	25	30	resid	20	utterance_final	0	prompt_without	40	39	-0.6369946116492862	-0.8973461048943656	-0.8903328293845767	0.007013275509788919	0.026937719551264633	0.026937719551264633
just	0	19	165	resid	21	utterance_final	0	prompt_without	32	31	-0.5664214678108692	-0.6366394050419331	-0.6369650773704052	-0.00032567232847213745	-0.004638021868977129	0.0
just	0	21	244	resid	21	utterance_final	0	prompt_without	54	53	-0.3882971592247486	-0.4403469078242779	-0.4403432346880436	3.6731362342834473e-06	7.056972095186386e-05	7.056972095186386e-05
just	0	24	457	resid	21	utterance_final	0	prompt_without	45	44	-0.30480959227210597	-0.32799839973449707	-0.328482471014324	-0.0004840712798269142	-0.02087521234595647	0.0
just	0	25	30	resid	21	utterance_final	0	prompt_without	40	39	-0.6369946116492862	-0.8973461048943656	-0.8902194840567452	0.00712662083762039	0.027373074564668663	0.027373074564668663
just	0	19	165	resid	22	utterance_final	0	prompt_without	32	31	-0.5664214678108692	-0.6366394050419331	-0.6359565518796444	0.0006828531622886658	0.009724768189097089	0.009724768189097089
just	0	21	244	resid	22	utterance_final	0	prompt_without	54	53	-0.3882971592247486	-0.4403469078242779	-0.43980826810002327	0.0005386397242546082	0.010348555732687623	0.010348555732687623
just	0	24	457	resid	22	utterance_final	0	prompt_without	45	44	-0.30480959227210597	-0.32799839973449707	-0.32780377174678604	0.00019462798771102685	0.008393186584807578	0.008393186584807578
just	0	25	30	resid	22	utterance_final	0	prompt_without	40	39	-0.6369946116492862	-0.8973461048943656	-0.8928599868501935	0.004486118044172094	0.01723100562342129	0.01723100562342129
just	0	19	165	resid	23	utterance_final	0	prompt_without	32	31	-0.5664214678108692	-0.6366394050419331	-0.63663574680686	3.6582350730895996e-06	5.2098298773026706e-05	5.2098298773026706e-05
just	0	21	244	resid	23	utterance_final	0	prompt_without	54	53	-0.3882971592247486	-0.4403469078242779	-0.4397776182740927	0.0005692895501852036	0.010937412100975107	0.010937412100975107
just	0	24	457	resid	23	utterance_final	0	prompt_without	45	44	-0.30480959227210597	-0.32799839973449707	-0.3277217902635273	0.0002766094709697464	0.01192857681096223	0.01192857681096223
just	0	25	30	resid	23	utterance_final	0	prompt_without	40	39	-0.6369946116492862	-0.8973461048943656	-0.8923426469167074	0.005003457977658221	0.019218088267111504	0.019218088267111504
just	0	19	165	resid	24	utterance_final	0	prompt_without	32	31	-0.5664214678108692	-0.6366394050419331	-0.6368229649960995	-0.00018355995416641235	-0.0026141462054400386	0.0
just	0	21	244	resid	24	utterance_final	0	prompt_without	54	53	-0.3882971592247486	-0.4403469078242779	-0.44008785858750343	0.0002590492367744446	0.004976954620233985	0.004976954620233985
just	0	24	457	resid	24	utterance_final	0	prompt_without	45	44	-0.30480959227210597	-0.32799839973449707	-0.3273034723181474	0.0006949274163496888	0.029968225725999956	0.029968225725999956
just	0	25	30	resid	24	utterance_final	0	prompt_without	40	39	-0.6369946116492862	-0.8973461048943656	-0.8933773324603126	0.003968772434053025	0.015243901176003851	0.015243901176003851
just	0	19	165	resid	25	utterance_final	0	prompt_without	32	31	-0.5664214678108692	-0.6366394050419331	-0.6373866051435471	-0.0007472001016139984	-0.010641157104276815	0.0
just	0	21	244	resid	25	utterance_final	0	prompt_without	54	53	-0.3882971592247486	-0.4403469078242779	-0.4406502917408943	-0.0003033839166164398	-0.00582872972068848	0.0
just	0	24	457	resid	25	utterance_final	0	prompt_without	45	44	-0.30480959227210597	-0.32799839973449707	-0.32776685764915064	0.00023154208534642562	0.009985079470859096	0.009985079470859096
just	0	25	30	resid	25	utterance_final	0	prompt_without	40	39	-0.6369946116492862	-0.8973461048943656	-0.8959350188573202	0.0014110860370454281	0.00541992680532512	0.00541992680532512
just	0	19	165	resid	26	utterance_final	0	prompt_without	32	31	-0.5664214678108692	-0.6366394050419331	-0.636780921369791	-0.0001415163278579712	-0.002015387142352076	0.0
just	0	21	244	resid	26	utterance_final	0	prompt_without	54	53	-0.3882971592247486	-0.4403469078242779	-0.44005672074854374	0.0002901870757341385	0.005575186884510004	0.005575186884510004
just	0	24	457	resid	26	utterance_final	0	prompt_without	45	44	-0.30480959227210597	-0.32799839973449707	-0.3275467910264668	0.0004516087080302933	0.01947528818645536	0.01947528818645536
just	0	25	30	resid	26	utterance_final	0	prompt_without	40	39	-0.6369946116492862	-0.8973461048943656	-0.8978111176263719	-0.0004650127320062758	-0.0017860958898689334	0.0
just	0	19	165	resid	27	utterance_final	0	prompt_without	32	31	-0.5664214678108692	-0.6366394050419331	-0.6362991333007812	0.0003402717411518097	0.004845937584752579	0.004845937584752579
just	0	21	244	resid	27	utterance_final	0	prompt_without	54	53	-0.3882971592247486	-0.4403469078242779	-0.4396311864256859	0.0007157213985919952	0.013750717685473474	0.013750717685473474
just	0	24	457	resid	27	utterance_final	0	prompt_without	45	44	-0.30480959227210597	-0.32799839973449707	-0.32766409296738475	0.00033430676711232454	0.014416729607786938	0.014416729607786938
just	0	25	30	resid	27	utterance_final	0	prompt_without	40	39	-0.6369946116492862	-0.8973461048943656	-0.8982122228259132	-0.0008661179315475609	-0.0033267254232041176	0.0
just	0	19	165	resid	28	utterance_final	0	prompt_without	32	31	-0.5664214678108692	-0.6366394050419331	-0.637196883559227	-0.00055747851729393	-0.007939260811086687	0.0
just	0	21	244	resid	28	utterance_final	0	prompt_without	54	53	-0.3882971592247486	-0.4403469078242779	-0.4402156751602888	0.00013123266398906708	0.00252129294607686	0.00252129294607686
just	0	24	457	resid	28	utterance_final	0	prompt_without	45	44	-0.30480959227210597	-0.32799839973449707	-0.32776790857315063	0.00023049116134643555	0.00993975915838962	0.00993975915838962
just	0	25	30	resid	28	utterance_final	0	prompt_without	40	39	-0.6369946116492862	-0.8973461048943656	-0.8989504121598744	-0.0016043072655087531	-0.006162082058805606	0.0
just	0	19	165	resid	29	utterance_final	0	prompt_without	32	31	-0.5664214678108692	-0.6366394050419331	-0.6365867704153061	5.2634626626968384e-05	0.0007495894738941898	0.0007495894738941898
just	0	21	244	resid	29	utterance_final	0	prompt_without	54	53	-0.3882971592247486	-0.4403469078242779	-0.44011806324124336	0.00022884458303451538	0.004396651073096346	0.004396651073096346
just	0	24	457	resid	29	utterance_final	0	prompt_without	45	44	-0.30480959227210597	-0.32799839973449707	-0.32752136180275365	0.00047703793174341813	0.02057190446369891	0.02057190446369891
just	0	25	30	resid	29	utterance_final	0	prompt_without	40	39	-0.6369946116492862	-0.8973461048943656	-0.8985493523733956	-0.0012032474790300007	-0.004621626955284389	0.0
just	0	19	165	resid	30	utterance_final	0	prompt_without	32	31	-0.5664214678108692	-0.6366394050419331	-0.6370881646871567	-0.00044875964522361755	-0.006390954546940037	0.0
just	0	21	244	resid	30	utterance_final	0	prompt_without	54	53	-0.3882971592247486	-0.4403469078242779	-0.44024011120200157	0.00010679662227630615	0.002051818215261697	0.002051818215261697
just	0	24	457	resid	30	utterance_final	0	prompt_without	45	44	-0.30480959227210597	-0.32799839973449707	-0.3279761138715242	2.2285862972870607e-05	0.0009610611933802572	0.0009610611933802572
just	0	25	30	resid	30	utterance_final	0	prompt_without	40	39	-0.6369946116492862	-0.8973461048943656	-0.8985915354319981	-0.001245430537632486	-0.00478365044927978	0.0
just	0	19	165	resid	31	utterance_final	0	prompt_without	32	31	-0.5664214678108692	-0.6366394050419331	-0.6366394050419331	0.0	0.0	0.0
just	0	21	244	resid	31	utterance_final	0	prompt_without	54	53	-0.3882971592247486	-0.4403469078242779	-0.4403469078242779	0.0	0.0	0.0
just	0	24	457	resid	31	utterance_final	0	prompt_without	45	44	-0.30480959227210597	-0.32799839973449707	-0.32799839973449707	0.0	0.0	0.0
just	0	25	30	resid	31	utterance_final	0	prompt_without	40	39	-0.6369946116492862	-0.8973461048943656	-0.8973461048943656	0.0	0.0	0.0
just	0	27	202	resid	0	utterance_final	0	prompt_without	41	40	-0.3881986039025443	-0.4539489643914359	-0.45330044882638115	0.0006485155650547414	0.009863300523870236	0.009863300523870236
just	0	33	409	resid	0	utterance_final	0	prompt_without	75	74	-0.5135097066561382	-0.5480095028877259	-0.5473279436429341	0.0006815592447917407	0.019755457111010725	0.019755457111010725
just	0	34	115	resid	0	utterance_final	0	prompt_without	47	46	-0.6084936474050794	-0.7232314986842019	-0.7217229051249368	0.0015085935592651367	0.013148176843535135	0.013148176843535135
just	0	35	77	resid	0	utterance_final	0	prompt_without	34	33	-0.7607646147410075	-0.9043518463770549	-0.9045166412989298	-0.0001647949218749334	-0.0011476989980045125	0.0
just	0	27	202	resid	1	utterance_final	0	prompt_without	41	40	-0.3881986039025443	-0.4539489643914359	-0.4539276191166469	2.13452747889753e-05	0.0003246411826530068	0.0003246411826530068
just	0	33	409	resid	1	utterance_final	0	prompt_without	75	74	-0.5135097066561382	-0.5480095028877259	-0.548359489440918	-0.00034998655319207206	-0.01014459769103295	0.0
just	0	34	115	resid	1	utterance_final	0	prompt_without	47	46	-0.6084936474050794	-0.7232314986842019	-0.7212197227137429	0.0020117759704589844	0.017533673047135438	0.017533673047135438
just	0	35	77	resid	1	utterance_final	0	prompt_without	34	33	-0.7607646147410075	-0.9043518463770549	-0.896894367535909	0.0074574788411458925	0.051936921940583636	0.051936921940583636
just	0	27	202	resid	2	utterance_final	0	prompt_without	41	40	-0.3881986039025443	-0.4539489643914359	-0.4537222010748727	0.00022676331656318327	0.003448852825704195	0.003448852825704195
just	0	33	409	resid	2	utterance_final	0	prompt_without	75	74	-0.5135097066561382	-0.5480095028877259	-0.5455706040064494	0.0024388988812764634	0.07069313873348122	0.07069313873348122
just	0	34	115	resid	2	utterance_final	0	prompt_without	47	46	-0.6084936474050794	-0.7232314986842019	-0.722075526203428	0.0011559724807739258	0.010074900897017796	0.010074900897017796
just	0	35	77	resid	2	utterance_final	0	prompt_without	34	33	-0.7607646147410075	-0.9043518463770549	-0.8933441559473674	0.011007690429687522	0.07666204232970293	0.07666204232970293
just	0	27	202	resid	3	utterance_final	0	prompt_without	41	40	-0.3881986039025443	-0.4539489643914359	-0.4531928437096732	0.0007561206817626731	0.011499871272803414	0.011499871272803414
just	0	33	409	resid	3	utterance_final	0	prompt_without	75	74	-0.5135097066561382	-0.5480095028877259	-0.5475395123163859	0.00046999057134000655	0.013622995573222753	0.013622995573222753
just	0	34	115	resid	3	utterance_final	0	prompt_without	47	46	-0.6084936474050794	-0.7232314986842019	-0.7211559585162571	0.002075540167944756	0.018089411164721868	0.018089411164721868
just	0	35	77	resid	3	utterance_final	0	prompt_without	34	33	-0.7607646147410075	-0.9043518463770549	-0.8805898427963257	0.02376200358072922	0.16548827712591543	0.16548827712591543
just	0	27	202	resid	4	utterance_final	0	prompt_without	41	40	-0.3881986039025443	-0.4539489643914359	-0.4530579430716378	0.0008910213197980688	0.013551580754429554	0.013551580754429554
just	0	33	409	resid	4	utterance_final	0	prompt_without	75	74	-0.5135097066561382	-0.5480095028877259	-0.5438960274060567	0.004113475481669182	0.11923187760462535	0.11923187760462535
just	0	34	115	resid	4	utterance_final	0	prompt_without	47	46	-0.6084936474050794	-0.7232314986842019	-0.7256944520132882	-0.0024629533290863037	-0.021465918192024383	0.0
just	0	35	77	resid	4	utterance_final	0	prompt_without	34	33	-0.7607646147410075	-0.9043518463770549	-0.870972736676534	0.03337910970052094	0.23246572358973708	0.23246572358973708
just	0	27	202	resid	5	utterance_final	0	prompt_without	41	40	-0.3881986039025443	-0.4539489643914359	-0.45280138424464633	0.0011475801467895619	0.017453594752281903	0.017453594752281903
just	0	33	409	resid	5	utterance_final	0	prompt_without	75	74	-0.5135097066561382	-0.5480095028877259	-0.5446687380472819	0.0033407648404439882	0.09683433542674702	0.09683433542674702
just	0	34	115	resid	5	utterance_final	0	prompt_without	47	46	-0.6084936474050794	-0.7232314986842019	-0.7241196164063045	-0.0008881177221026215	-0.007740407478453642	0.0
just	0	35	77	resid	5	utterance_final	0	prompt_without	34	33	-0.7607646147410075	-0.9043518463770549	-0.8669108470280965	0.03744099934895839	0.2607543785220446	0.2607543785220446
just	0	27	202	resid	6	utterance_final	0	prompt_without	41	40	-0.3881986039025443	-0.4539489643914359	-0.45334762505122594	0.0006013393402099498	0.00914579533463615	0.00914579533463615
just	0	33	409	resid	6	utterance_final	0	prompt_without	75	74	-0.5135097066561382	-0.5480095028877259	-0.539693808555603	0.00831569433212287	0.24103604196099832	0.24103604196099832
just	0	34	115	resid	6	utterance_final	0	prompt_without	47	46	-0.6084936474050794	-0.7232314986842019	-0.7196792364120483	0.00355226227215355	0.030959811714723243	0.030959811714723243
just	0	35	77	resid	6	utterance_final	0	prompt_without	34	33	-0.7607646147410075	-0.9043518463770549	-0.8407857656478882	0.0635660807291667	0.44270009251441356	0.44270009251441356
just	0	27	202	resid	7	utterance_final	0	prompt_without	41	40	-0.3881986039025443	-0.4539489643914359	-0.45540269783564974	-0.001453733444213845	-0.022109893138296186	0.0
just	0	33	409	resid	7	utterance_final	0	prompt_without	75	74	-0.5135097066561382	-0.5480095028877259	-0.5454858620961507	0.002523640791575188	0.07314944049624746	0.07314944049624746
just	0	34	115	resid	7	utterance_final	0	prompt_without	47	46	-0.6084936474050794	-0.7232314986842019	-0.7167082514081683	0.006523247276033595	0.05685348996264978	0.05685348996264978
just	0	35	77	resid	7	utterance_final	0	prompt_without	34	33	-0.7607646147410075	-0.9043518463770549	-0.843763264020284	0.06058858235677089	0.4219635803714473	0.4219635803714473
just	0	27	202	resid	8	utterance_final	0	prompt_without	41	40	-0.3881986039025443	-0.4539489643914359	-0.45544064385550365	-0.0014916794640677522	-0.022687015751339776	0.0
just	0	33	409	resid	8	utterance_final	0	prompt_without	75	74	-0.5135097066561382	-0.5480095028877259	-0.542794382572174	0.005215120315551824	0.15116380052056377	0.15116380052056377
just	0	34	115	resid	8	utterance_final	0	prompt_without	47	46	-0.6084936474050794	-0.7232314986842019	-0.7176173329353333	0.005614165748868638	0.04893037202876556	0.04893037202876556
just	0	35	77	resid	8	utterance_final	0	prompt_without	34	33	-0.7607646147410075	-0.9043518463770549	-0.8479248444239299	0.056427001953125	0.3929806383909632	0.3929806383909632
just	0	27	202	resid	9	utterance_final	0	prompt_without	41	40	-0.3881986039025443	-0.4539489643914359	-0.4555922133581979	-0.0016432489667619898	-0.02499224269712732	0.0
just	0	33	409	resid	9	utterance_final	0	prompt_without	75	74	-0.5135097066561382	-0.5480095028877259	-0.5445775548617046	0.003431948026021314	0.09947734192351698	0.09947734192351698
just	0	34	115	resid	9	utterance_final	0	prompt_without	47	46	-0.6084936474050794	-0.7232314986842019	-0.7201076405388969	0.003123858145305025	0.027226047119408073	0.027226047119408073
just	0	35	77	resid	9	utterance_final	0	prompt_without	34	33	-0.7607646147410075	-0.9043518463770549	-0.8537028392155965	0.05064900716145837	0.35274032784362847	0.35274032784362847
just	0	27	202	resid	10	utterance_final	0	prompt_without	41	40	-0.3881986039025443	-0.4539489643914359	-0.4538238491330828	0.00012511525835307014	0.0019028832301871276	0.0019028832301871276
just	0	33	409	resid	10	utterance_final	0	prompt_without	75	74	-0.5135097066561382	-0.5480095028877259	-0.5453407526016235	0.0026687502861023615	0.07735553764398401	0.07735553764398401
just	0	34	115	resid	10	utterance_final	0	prompt_without	47	46	-0.6084936474050794	-0.7232314986842019	-0.7170463119234357	0.0061851867607661815	0.05390711689135168	0.05390711689135168
just	0	35	77	resid	10	utterance_final	0	prompt_without	34	33	-0.7607646147410075	-0.9043518463770549	-0.848713215192159	0.05563863118489587	0.3874901030610014	0.3874901030610014
just	0	27	202	resid	11	utterance_final	0	prompt_without	41	40	-0.3881986039025443	-0.4539489643914359	-0.45607126440320694	-0.00212230001177105	-0.03227815020314008	0.0
just	0	33	409	resid	11	utterance_final	0	prompt_without	75	74	-0.5135097066561382	-0.5480095028877259	-0.546810758113861	0.001198744773864835	0.03474643055332815	0.03474643055332815
just	0	34	115	resid	11	utterance_final	0	prompt_without	47	46	-0.6084936474050794	-0.7232314986842019	-0.715203561953136	0.008027936731065943	0.06996764050894068	0.06996764050894068
just	0	35	77	resid	11	utterance_final	0	prompt_without	34	33	-0.7607646147410075	-0.9043518463770549	-0.8568074941635132	0.047544352213541696	0.331118245486152	0.331118245486152
just	0	27	202	resid	12	utterance_final	0	prompt_without	41	40	-0.3881986039025443	-0.4539489643914359	-0.45615380150931223	-0.002204837117876335	-0.0335334605237463	0.0
just	0	33	409	resid	12	utterance_final	0	prompt_without	75	74	-0.5135097066561382	-0.5480095028877259	-0.5474228461583456	0.0005866567293802971	0.01700464331563672	0.01700464331563672
just	0	34	115	resid	12	utterance_final	0	prompt_without	47	46	-0.6084936474050794	-0.7232314986842019	-0.7146278577191489	0.00860364096505295	0.07498520208577807	0.07498520208577807
just	0	35	77	resid	12	utterance_final	0	prompt_without	34	33	-0.7607646147410075	-0.9043518463770549	-0.8734924793243408	0.030859367052714082	0.2149172088708679	0.2149172088708679
just	0	27	202	resid	13	utterance_final	0	prompt_without	41	40	-0.3881986039025443	-0.4539489643914359	-0.4557783126831055	-0.0018293482916695858	-0.027822635162261213	0.0
just	0	33	409	resid	13	utterance_final	0	prompt_without	75	74	-0.5135097066561382	-0.5480095028877259	-0.5472151517868042	0.0007943511009216309	0.023024805584049502	0.023024805584049502
just	0	34	115	resid	13	utterance_final	0	prompt_without	47	46	-0.6084936474050794	-0.7232314986842019	-0.7177714620317731	0.005460036652428779	0.04758705685664411	0.04758705685664411
just	0	35	77	resid	13	utterance_final	0	prompt_without	34	33	-0.7607646147410075	-0.9043518463770549	-0.8910675446192423	0.013284301757812589	0.09251729145029065	0.09251729145029065
just	0	27	202	resid	14	utterance_final	0	prompt_without	41	40	-0.3881986039025443	-0.4539489643914359	-0.456147575378418	-0.002198610986982097	-0.03343876703692823	0.0
just	0	33	409	resid	14	utterance_final	0	prompt_without	75	74	-0.5135097066561382	-0.5480095028877259	-0.548406970500946	-0.000397467613220126	-0.011520868429251999	0.0
just	0	34	115	resid	14	utterance_final	0	prompt_without	47	46	-0.6084936474050794	-0.7232314986842019	-0.723284798009055	-5.329932485309552e-05	-0.00046453131428646313	0.0
just	0	35	77	resid	14	utterance_final	0	prompt_without	34	33	-0.7607646147410075	-0.9043518463770549	-0.8923686106999715	0.01198323567708337	0.08345613701542384	0.08345613701542384
just	0	27	202	resid	15	utterance_final	0	prompt_without	41	40	-0.3881986039025443	-0.4539489643914359	-0.45525075367518836	-0.0013017892837524636	-0.019798968006759423	0.0
just	0	33	409	resid	15	utterance_final	0	prompt_without	75	74	-0.5135097066561382	-0.5480095028877259	-0.547640860080719	0.00036864280700688035	0.010685361865104413	0.010685361865104413
just	0	34	115	resid	15	utterance_final	0	prompt_without	47	46	-0.6084936474050794	-0.7232314986842019	-0.7227429449558258	0.0004885537283760844	0.004257999630719777	0.004257999630719777
just	0	35	77	resid	15	utterance_final	0	prompt_without	34	33	-0.7607646147410075	-0.9043518463770549	-0.9011159658432006	0.003235880533854263	0.02253599081885147	0.02253599081885147
just	0	27	202	resid	16	utterance_final	0	prompt_without	41	40	-0.3881986039025443	-0.4539489643914359	-0.45584808077131	-0.0018991163798741106	-0.028883740952187823	0.0
just	0	33	409	resid	16	utterance_final	0	prompt_without	75	74	-0.5135097066561382	-0.5480095028877259	-0.5474050879478455	0.0006044149398803933	0.017519377094957916	0.017519377094957916
just	0	34	115	resid	16	utterance_final	0	prompt_without	47	46	-0.6084936474050794	-0.7232314986842019	-0.7227080932685307	0.0005234054156711965	0.004561750196959061	0.004561750196959061
just	0	35	77	resid	16	utterance_final	0	prompt_without	34	33	-0.7607646147410075	-0.9043518463770549	-0.9041361888249715	0.00021565755208341475	0.0015019270838095484	0.0015019270838095484
just	0	27	202	resid	17	utterance_final	0	prompt_without	41	40	-0.3881986039025443	-0.4539489643914359	-0.45338011469159806	0.0005688496998378367	0.008651659026781196	0.008651659026781196
just	0	33	409	resid	17	utterance_final	0	prompt_without	75	74	-0.5135097066561382	-0.5480095028877259	-0.5471734126408895	0.0008360902468363962	0.024234643046119764	0.024234643046119764
just	0	34	115	resid	17	utterance_final	0	prompt_without	47	46	-0.6084936474050794	-0.7232314986842019	-0.7221226564475468	0.0011088422366550832	0.009664136327231763	0.009664136327231763
just	0	35	77	resid	17	utterance_final	0	prompt_without	34	33	-0.7607646147410075	-0.9043518463770549	-0.9019592682520549	0.0023925781250000444	0.016662889156220707	0.016662889156220707
just	0	27	202	resid	18	utterance_final	0	prompt_without	41	40	-0.3881986039025443	-0.4539489643914359	-0.4539367471422468	1.2217249189094836e-05	0.0001858126571208521	0.0001858126571208521
just	0	33	409	resid	18	utterance_final	0	prompt_without	75	74	-0.5135097066561382	-0.5480095028877259	-0.547429887453715	0.0005796154340108606	0.016800546592219277	0.016800546592219277
just	0	34	115	resid	18	utterance_final	0	prompt_without	47	46	-0.6084936474050794	-0.7232314986842019	-0.7243187342371259	-0.001087235552924004	-0.00947582285011673	0.0
just	0	35	77	resid	18	utterance_final	0	prompt_without	34	33	-0.7607646147410075	-0.9043518463770549	-0.9068563222885132	-0.0025044759114583037	-0.017442190944989003	0.0
just	0	27	202	resid	19	utterance_final	0	prompt_without	41	40	-0.3881986039025443	-0.4539489643914359	-0.45374840668269567	0.00020055770874022327	0.003050290633373898	0.003050290633373898
just	0	33	409	resid	19	utterance_final	0	prompt_without	75	74	-0.5135097066561382	-0.5480095028877259	-0.5478723804155986	0.00013712247212727124	0.003974587884716927	0.003974587884716927
just	0	34	115	resid	19	utterance_final	0	prompt_without	47	46	-0.6084936474050794	-0.7232314986842019	-0.7224341290337699	0.0007973696504319783	0.006949490874569535	0.006949490874569535
just	0	35	77	resid	19	utterance_final	0	prompt_without	34	33	-0.7607646147410075	-0.9043518463770549	-0.9030192454655965	0.0013326009114583703	0.00928077584806519	0.00928077584806519
just	0	27	202	resid	20	utterance_final	0	prompt_without	41	40	-0.3881986039025443	-0.4539489643914359	-0.4529718399047852	0.0009771244866507156	0.014861127443032026	0.014861127443032026
just	0	33	409	resid	20	utterance_final	0	prompt_without	75	74	-0.5135097066561382	-0.5480095028877259	-0.5475199421246847	0.0004895607630411858	0.014190250856987616	0.014190250856987616
just	0	34	115	resid	20	utterance_final	0	prompt_without	47	46	-0.6084936474050794	-0.7232314986842019	-0.7224940061569214	0.0007374925272805033	0.0064276306298120135	0.0064276306298120135
just	0	35	77	resid	20	utterance_final	0	prompt_without	34	33	-0.7607646147410075	-0.9043518463770549	-0.9034892161687215	0.000862630208333437	0.006007708335236647	0.006007708335236647
just	0	27	202	resid	21	utterance_final	0	prompt_without	41	40	-0.3881986039025443	-0.4539489643914359	-0.45324078627995085	0.0007081781114850472	0.010770710703627132	0.010770710703627132
just	0	33	409	resid	21	utterance_final	0	prompt_without	75	74	-0.5135097066561382	-0.5480095028877259	-0.5482286930084228	-0.00021919012069693267	-0.006353374356925739	0.0
just	0	34	115	resid	21	utterance_final	0	prompt_without	47	46	-0.6084936474050794	-0.7232314986842019	-0.7218378526823861	0.001393646001815796	0.01214634914528316	0.01214634914528316
just	0	35	77	resid	21	utterance_final	0	prompt_without	34	33	-0.7607646147410075	-0.9043518463770549	-0.9027466217676798	0.0016052246093750666	0.011179438387974864	0.011179438387974864
just	0	27	202	resid	22	utterance_final	0	prompt_without	41	40	-0.3881986039025443	-0.4539489643914359	-0.45383755479540144	0.00011140959603445078	0.0016944332351344783	0.0016944332351344783
just	0	33	409	resid	22	utterance_final	0	prompt_without	75	74	-0.5135097066561382	-0.5480095028877259	-0.5479260404904683	8.346239725753879e-05	0.0024192142091877438	0.0024192142091877438
just	0	34	115	resid	22	utterance_final	0	prompt_without	47	46	-0.6084936474050794	-0.7232314986842019	-0.7227286696434021	0.0005028290407997904	0.0043824163969792265	0.0043824163969792265
just	0	35	77	resid	22	utterance_final	0	prompt_without	34	33	-0.7607646147410075	-0.9043518463770549	-0.9037872711817424	0.0005645751953125	0.003931931752424456	0.003931931752424456
just	0	27	202	resid	23	utterance_final	0	prompt_without	41	40	-0.3881986039025443	-0.4539489643914359	-0.45316223076411655	0.000786733627319347	0.011965464850223356	0.011965464850223356
just	0	33	409	resid	23	utterance_final	0	prompt_without	75	74	-0.5135097066561382	-0.5480095028877259	-0.5477246602376302	0.00028484265009565135	0.00825635746320298	0.00825635746320298
just	0	34	115	resid	23	utterance_final	0	prompt_without	47	46	-0.6084936474050794	-0.7232314986842019	-0.7219022384711674	0.0013292602130344777	0.011585193536532156	0.011585193536532156
just	0	35	77	resid	23	utterance_final	0	prompt_without	34	33	-0.7607646147410075	-0.9043518463770549	-0.904871662457784	-0.0005198160807291519	-0.0036202110369168285	0.0
just	0	27	202	resid	24	utterance_final	0	prompt_without	41	40	-0.3881986039025443	-0.4539489643914359	-0.4538394927978516	0.00010947159358432046	0.0016649580743031132	0.0016649580743031132
just	0	33	409	resid	24	utterance_final	0	prompt_without	75	74	-0.5135097066561382	-0.5480095028877259	-0.5479696909586589	3.9811929066990714e-05	0.001153975774226146	0.001153975774226146
just	0	34	115	resid	24	utterance_final	0	prompt_without	47	46	-0.6084936474050794	-0.7232314986842019	-0.7234972587653569	-0.0002657600811549754	-0.0023162372154631123	0.0
just	0	35	77	resid	24	utterance_final	0	prompt_without	34	33	-0.7607646147410075	-0.9043518463770549	-0.9050171295801799	-0.0006652832031249778	-0.004633303362316232	0.0
just	0	27	202	resid	25	utterance_final	0	prompt_without	41	40	-0.3881986039025443	-0.4539489643914359	-0.4539790834699358	-3.01190784999239e-05	-0.00045808233256778056	0.0
just	0	33	409	resid	25	utterance_final	0	prompt_without	75	74	-0.5135097066561382	-0.5480095028877259	-0.5479113499323527	9.815295537318747e-05	0.002845030002911132	0.002845030002911132
just	0	34	115	resid	25	utterance_final	0	prompt_without	47	46	-0.6084936474050794	-0.7232314986842019	-0.7237937067236219	-0.0005622080394199758	-0.004899935227584955	0.0
just	0	35	77	resid	25	utterance_final	0	prompt_without	34	33	-0.7607646147410075	-0.9043518463770549	-0.9048269033432007	-0.00047505696614580373	-0.0033084903214092008	0.0
just	0	27	202	resid	26	utterance_final	0	prompt_without	41	40	-0.3881986039025443	-0.4539489643914359	-0.4534947054726737	0.00045425891876221813	0.0069088430144647545	0.0069088430144647545
just	0	33	409	resid	26	utterance_final	0	prompt_without	75	74	-0.5135097066561382	-0.5480095028877259	-0.5481272180875142	-0.00011771519978831524	-0.0034120549291979936	0.0
just	0	34	115	resid	26	utterance_final	0	prompt_without	47	46	-0.6084936474050794	-0.7232314986842019	-0.7235606695924487	-0.00032917090824680084	-0.002868895526429439	0.0
just	0	35	77	resid	26	utterance_final	0	prompt_without	34	33	-0.7607646147410075	-0.9043518463770549	-0.9059601227442423	-0.0016082763671874112	-0.01120069207312202	0.0
just	0	27	202	resid	27	utterance_final	0	prompt_without	41	40	-0.3881986039025443	-0.4539489643914359	-0.4543076583317348	-0.0003586939402989153	-0.005455391234843739	0.0
just	0	33	409	resid	27	utterance_final	0	prompt_without	75	74	-0.5135097066561382	-0.5480095028877259	-0.5477919379870096	0.00021756490071622725	0.006306266253162002	0.006306266253162002
just	0	34	115	resid	27	utterance_final	0	prompt_without	47	46	-0.6084936474050794	-0.7232314986842019	-0.7230768118585859	0.00015468682561603497	0.0013481760717283147	0.0013481760717283147
just	0	35	77	resid	27	utterance_final	0	prompt_without	34	33	-0.7607646147410075	-0.9043518463770549	-0.9045461416244507	-0.00019429524739578152	-0.0013531512877709385	0.0
just	0	27	202	resid	28	utterance_final	0	prompt_without	41	40	-0.3881986039025443	-0.4539489643914359	-0.4537461042404175	0.0002028601510183914	0.0030853085748885622	0.0030853085748885622
just	0	33	409	resid	28	utterance_final	0	prompt_without	75	74	-0.5135097066561382	-0.5480095028877259	-0.5482709209124247	-0.0002614180246988118	-0.007577378803746664	0.0
just	0	34	115	resid	28	utterance_final	0	prompt_without	47	46	-0.6084936474050794	-0.7232314986842019	-0.7228881078107017	0.0003433908735002156	0.002992829913337399	0.002992829913337399
just	0	35	77	resid	28	utterance_final	0	prompt_without	34	33	-0.7607646147410075	-0.9043518463770549	-0.9038269519805908	0.0005248943964640818	0.003655578497359286	0.003655578497359286
just	0	27	202	resid	29	utterance_final	0	prompt_without	41	40	-0.3881986039025443	-0.4539489643914359	-0.4537449189594814	0.00020404543195451375	0.003103335562532571	0.003103335562532571
just	0	33	409	resid	29	utterance_final	0	prompt_without	75	74	-0.5135097066561382	-0.5480095028877259	-0.5477223753929138	0.00028712749481207833	0.008322585237450964	0.008322585237450964
just	0	34	115	resid	29	utterance_final	0	prompt_without	47	46	-0.6084936474050794	-0.7232314986842019	-0.7228190473147801	0.0004124513694218068	0.003594728024132484	0.003594728024132484
just	0	35	77	resid	29	utterance_final	0	prompt_without	34	33	-0.7607646147410075	-0.9043518463770549	-0.9044545888900757	-0.00010274251302078152	-0.0007155407333237294	0.0
just	0	27	202	resid	30	utterance_final	0	prompt_without	41	40	-0.3881986039025443	-0.4539489643914359	-0.4536691733769008	0.00027979101453506905	0.00425535331600713	0.00425535331600713
just	0	33	409	resid	30	utterance_final	0	prompt_without	75	74	-0.5135097066561382	-0.5480095028877259	-0.5481539487838745	-0.00014444589614859282	-0.004186862298518139	0.0
just	0	34	115	resid	30	utterance_final	0	prompt_without	47	46	-0.6084936474050794	-0.7232314986842019	-0.7230276167392731	0.00020388194492881873	0.001776937101888335	0.001776937101888335
just	0	35	77	resid	30	utterance_final	0	prompt_without	34	33	-0.7607646147410075	-0.9043518463770549	-0.9041890859603882	0.00016276041666674068	0.0011335298745733316	0.0011335298745733316
just	0	27	202	resid	31	utterance_final	0	prompt_without	41	40	-0.3881986039025443	-0.4539489643914359	-0.4539489643914359	0.0	0.0	0.0
just	0	33	409	resid	31	utterance_final	0	prompt_without	75	74	-0.5135097066561382	-0.5480095028877259	-0.5480095028877259	0.0	0.0	0.0
just	0	34	115	resid	31	utterance_final	0	prompt_without	47	46	-0.6084936474050794	-0.7232314986842019	-0.7232314986842019	0.0	0.0	0.0
just	0	35	77	resid	31	utterance_final	0	prompt_without	34	33	-0.7607646147410075	-0.9043518463770549	-0.9043518463770549	0.0	0.0	0.0
just	0	36	93	resid	0	utterance_final	0	prompt_without	51	51	-0.51922607421875	-0.54654541015625	-0.5459228515625	0.0006225585937500444	0.022788203753352814	0.022788203753352814
just	0	36	93	resid	1	utterance_final	0	prompt_without	51	51	-0.51922607421875	-0.54654541015625	-0.55504150390625	-0.008496093749999933	-0.31099195710455496	0.0
just	0	36	93	resid	2	utterance_final	0	prompt_without	51	51	-0.51922607421875	-0.54654541015625	-0.5555908203125	-0.009045410156249933	-0.33109919571045304	0.0
just	0	36	93	resid	3	utterance_final	0	prompt_without	51	51	-0.51922607421875	-0.54654541015625	-0.554296875	-0.00775146484375	-0.2837354781054511	0.0
just	0	36	93	resid	4	utterance_final	0	prompt_without	51	51	-0.51922607421875	-0.54654541015625	-0.54771728515625	-0.0011718749999999334	-0.04289544235924685	0.0
just	0	36	93	resid	5	utterance_final	0	prompt_without	51	51	-0.51922607421875	-0.54654541015625	-0.54674072265625	-0.0001953124999999334	-0.007149240393205777	0.0
just	0	36	93	resid	6	utterance_final	0	prompt_without	51	51	-0.51922607421875	-0.54654541015625	-0.5442626953125	0.002282714843749978	0.0835567470956202	0.0835567470956202
just	0	36	93	resid	7	utterance_final	0	prompt_without	51	51	-0.51922607421875	-0.54654541015625	-0.54373779296875	0.0028076171875	0.1027703306523681	0.1027703306523681
just	0	36	93	resid	8	utterance_final	0	prompt_without	51	51	-0.51922607421875	-0.54654541015625	-0.53780517578125	0.008740234375000044	0.3199285075960693	0.3199285075960693
just	0	36	93	resid	9	utterance_final	0	prompt_without	51	51	-0.51922607421875	-0.54654541015625	-0.5388427734375	0.007702636718750044	0.2819481680071506	0.2819481680071506
just	0	36	93	resid	10	utterance_final	0	prompt_without	51	51	-0.51922607421875	-0.54654541015625	-0.53416748046875	0.012377929687500067	0.4530831099195731	0.4530831099195731
just	0	36	93	resid	11	utterance_final	0	prompt_without	51	51	-0.51922607421875	-0.54654541015625	-0.5289306640625	0.017614746093750022	0.6447721179624668	0.6447721179624668
just	0	36	93	resid	12	utterance_final	0	prompt_without	51	51	-0.51922607421875	-0.54654541015625	-0.52481689453125	0.021728515625	0.795352993744414	0.795352993744414
just	0	36	93	resid	13	utterance_final	0	prompt_without	51	51	-0.51922607421875	-0.54654541015625	-0.53155517578125	0.014990234375000022	0.5487042001787313	0.5487042001787313
just	0	36	93	resid	14	utterance_final	0	prompt_without	51	51	-0.51922607421875	-0.54654541015625	-0.53424072265625	0.012304687500000022	0.45040214477211843	0.45040214477211843
just	0	36	93	resid	15	utterance_final	0	prompt_without	51	51	-0.51922607421875	-0.54654541015625	-0.53895263671875	0.007592773437499978	0.2779267202859686	0.2779267202859686
just	0	36	93	resid	16	utterance_final	0	prompt_without	51	51	-0.51922607421875	-0.54654541015625	-0.5445556640625	0.001989746093750022	0.0728328865058095	0.0728328865058095
just	0	36	93	resid	17	utterance_final	0	prompt_without	51	51	-0.51922607421875	-0.54654541015625	-0.5460205078125	0.0005249023437500222	0.019213583556747894	0.019213583556747894
just	0	36	93	resid	18	utterance_final	0	prompt_without	51	51	-0.51922607421875	-0.54654541015625	-0.5472412109375	-0.0006958007812499778	-0.025469168900803456	0.0
just	0	36	93	resid	19	utterance_final	0	prompt_without	51	51	-0.51922607421875	-0.54654541015625	-0.54649658203125	4.882812500006661e-05	0.0017873100983044922	0.0017873100983044922
just	0	36	93	resid	20	utterance_final	0	prompt_without	51	51	-0.51922607421875	-0.54654541015625	-0.54407958984375	0.002465820312499978	0.0902591599642529	0.0902591599642529
just	0	36	93	resid	21	utterance_final	0	prompt_without	51	51	-0.51922607421875	-0.54654541015625	-0.5476806640625	-0.0011352539062500222	-0.041554959785523565	0.0
just	0	36	93	resid	22	utterance_final	0	prompt_without	51	51	-0.51922607421875	-0.54654541015625	-0.5446044921875	0.0019409179687500666	0.07104557640750908	0.07104557640750908
just	0	36	93	resid	23	utterance_final	0	prompt_without	51	51	-0.51922607421875	-0.54654541015625	-0.5438720703125	0.0026733398437500666	0.09785522788203989	0.09785522788203989
just	0	36	93	resid	24	utterance_final	0	prompt_without	51	51	-0.51922607421875	-0.54654541015625	-0.54447021484375	0.0020751953125	0.07596067917783729	0.07596067917783729
just	0	36	93	resid	25	utterance_final	0	prompt_without	51	51	-0.51922607421875	-0.54654541015625	-0.54635009765625	0.0001953125000000444	0.007149240393209842	0.007149240393209842
just	0	36	93	resid	26	utterance_final	0	prompt_without	51	51	-0.51922607421875	-0.54654541015625	-0.54583740234375	0.0007080078125000222	0.025915996425380596	0.025915996425380596
just	0	36	93	resid	27	utterance_final	0	prompt_without	51	51	-0.51922607421875	-0.54654541015625	-0.5485107421875	-0.0019653320312499334	-0.07193923145665523	0.0
just	0	36	93	resid	28	utterance_final	0	prompt_without	51	51	-0.51922607421875	-0.54654541015625	-0.545263671875	0.00128173828125	0.046916890080428916	0.046916890080428916
just	0	36	93	resid	29	utterance_final	0	prompt_without	51	51	-0.51922607421875	-0.54654541015625	-0.54681396484375	-0.0002685546874999778	-0.009830205540660483	0.0
just	0	36	93	resid	30	utterance_final	0	prompt_without	51	51	-0.51922607421875	-0.54654541015625	-0.54849853515625	-0.001953125	-0.07149240393208216	0.0
just	0	36	93	resid	31	utterance_final	0	prompt_without	51	51	-0.51922607421875	-0.54654541015625	-0.54654541015625	0.0	0.0	0.0
just	1	2	197	resid	0	utterance_final	0	prompt_without	31	30	-0.5145439130288584	-0.5825948671058372	-0.5828319787979126	-0.00023711169207540905	-0.0034843257569495615	0.0
just	1	4	290	resid	0	utterance_final	0	prompt_without	38	37	-0.5846256205910131	-0.637218249471564	-0.6377125790244654	-0.0004943295529014069	-0.009399217407902057	0.0
just	1	9	491	resid	0	utterance_final	0	prompt_without	44	43	-0.5975271743886611	-0.625893680488362	-0.6258968149914461	-3.1345030840901345e-06	-0.00011050014665440881	0.0
just	1	10	74	resid	0	utterance_final	0	prompt_without	34	33	-1.474222469329834	-1.7407281398773193	-1.7419000148773194	-0.0011718750000000444	-0.004397185987047292	0.0
just	1	2	197	resid	1	utterance_final	0	prompt_without	31	30	-0.5145439130288584	-0.5825948671058372	-0.5813104885595816	0.0012843785462556268	0.018873777211157773	0.018873777211157773
just	1	4	290	resid	1	utterance_final	0	prompt_without	38	37	-0.5846256205910131	-0.637218249471564	-0.6380856162623355	-0.0008673667907714844	-0.016492174079022728	0.0
just	1	9	491	resid	1	utterance_final	0	prompt_without	44	43	-0.5975271743886611	-0.625893680488362	-0.6238385719411513	0.0020551085472106934	0.0724484199776849	0.0724484199776849
just	1	10	74	resid	1	utterance_final	0	prompt_without	34	33	-1.474222469329834	-1.7407281398773193	-1.7411184310913086	-0.0003902912139892578	-0.0014644762086580695	0.0
just	1	2	197	resid	2	utterance_final	0	prompt_without	31	30	-0.5145439130288584	-0.5825948671058372	-0.5808215847721806	0.0017732823336565895	0.026058155358860417	0.026058155358860417
just	1	4	290	resid	2	utterance_final	0	prompt_without	38	37	-0.5846256205910131	-0.637218249471564	-0.6384965495059365	-0.0012783000343724593	-0.024305688108418214	0.0
just	1	9	491	resid	2	utterance_final	0	prompt_without	44	43	-0.5975271743886611	-0.625893680488362	-0.6239276177742902	0.001966062714071848	0.069309301158262	0.069309301158262
just	1	10	74	resid	2	utterance_final	0	prompt_without	34	33	-1.474222469329834	-1.7407281398773193	-1.7411186695098877	-0.0003905296325683594	-0.0014653708184373352	0.0
just	1	2	197	resid	3	utterance_final	0	prompt_without	31	30	-0.5145439130288584	-0.5825948671058372	-0.5801178393540559	0.002477027751781269	0.03639960358203458	0.03639960358203458
just	1	4	290	resid	3	utterance_final	0	prompt_without	38	37	-0.5846256205910131	-0.637218249471564	-0.6370932930394223	0.0001249564321417207	0.002375930521091147	0.002375930521091147
just	1	9	491	resid	3	utterance_final	0	prompt_without	44	43	-0.5975271743886611	-0.625893680488362	-0.6257688438191134	0.00012483666924867354	0.004400847563316573	0.004400847563316573
just	1	10	74	resid	3	utterance_final	0	prompt_without	34	33	-1.474222469329834	-1.7407281398773193	-1.728424310684204	0.012303829193115234	0.04616723226878945	0.04616723226878945
just	1	2	197	resid	4	utterance_final	0	prompt_without	31	30	-0.5145439130288584	-0.5825948671058372	-0.5743291289718063	0.008265738134030864	0.12146395662110356	0.12146395662110356
just	1	4	290	resid	4	utterance_final	0	prompt_without	38	37	-0.5846256205910131	-0.637218249471564	-0.6370880227339896	0.00013022673757445702	0.0024761404848240172	0.0024761404848240172
just	1	9	491	resid	4	utterance_final	0	prompt_without	44	43	-0.5975271743886611	-0.625893680488362	-0.6266792942495907	-0.000785613761228654	-0.027695118971205863	0.0
just	1	10	74	resid	4	utterance_final	0	prompt_without	34	33	-1.474222469329834	-1.7407281398773193	-1.668266773223877	0.07246136665344238	0.2718942771633499	0.2718942771633499
just	1	2	197	resid	5	utterance_final	0	prompt_without	31	30	-0.5145439130288584	-0.5825948671058372	-0.5725771056281196	0.010017761477717602	0.14720971386213885	0.14720971386213885
just	1	4	290	resid	5	utterance_final	0	prompt_without	38	37	-0.5846256205910131	-0.637218249471564	-0.6362807123284591	0.0009375371431049606	0.017826398167589363	0.017826398167589363
just	1	9	491	resid	5	utterance_final	0	prompt_without	44	43	-0.5975271743886611	-0.625893680488362	-0.624108728240518	0.0017849522478440294	0.06292464223723515	0.06292464223723515
just	1	10	74	resid	5	utterance_final	0	prompt_without	34	33	-1.474222469329834	-1.7407281398773193	-1.658402943611145	0.0823251962661744	0.30890598349015586	0.30890598349015586
just	1	2	197	resid	6	utterance_final	0	prompt_without	31	30	-0.5145439130288584	-0.5825948671058372	-0.5700814723968506	0.012513394708986603	0.18388272256743865	0.18388272256743865
just	1	4	290	resid	6	utterance_final	0	prompt_without	38	37	-0.5846256205910131	-0.637218249471564	-0.6371242121646279	9.403730693613443e-05	0.0017880320671878407	0.0017880320671878407
just	1	9	491	resid	6	utterance_final	0	prompt_without	44	43	-0.5975271743886611	-0.625893680488362	-0.6248576465774985	0.0010360339108634875	0.03652314131398828	0.03652314131398828
just	1	10	74	resid	6	utterance_final	0	prompt_without	34	33	-1.474222469329834	-1.7407281398773193	-1.6064489841461183	0.13427915573120108	0.5038510267168052	0.5038510267168052
just	1	2	197	resid	7	utterance_final	0	prompt_without	31	30	-0.5145439130288584	-0.5825948671058372	-0.5741863383187188	0.008408528787118397	0.12356224686588115	0.12356224686588115
just	1	4	290	resid	7	utterance_final	0	prompt_without	38	37	-0.5846256205910131	-0.637218249471564	-0.6375596146834525	-0.0003413652118884336	-0.0064907425081135745	0.0
just	1	9	491	resid	7	utterance_final	0	prompt_without	44	43	-0.5975271743886611	-0.625893680488362	-0.6265026506255654	-0.0006089701372034018	-0.021467928939257776	0.0
just	1	10	74	resid	7	utterance_final	0	prompt_without	34	33	-1.474222469329834	-1.7407281398773193	-1.6143601655960083	0.12636797428131108	0.4741661744821867	0.4741661744821867
just	1	2	197	resid	8	utterance_final	0	prompt_without	31	30	-0.5145439130288584	-0.5825948671058372	-0.5786322090360854	0.003962658069751823	0.05823074964194168	0.05823074964194168
just	1	4	290	resid	8	utterance_final	0	prompt_without	38	37	-0.5846256205910131	-0.637218249471564	-0.6354923750224867	0.001725874449077347	0.032815899980911306	0.032815899980911306
just	1	9	491	resid	8	utterance_final	0	prompt_without	44	43	-0.5975271743886611	-0.625893680488362	-0.6230796189869151	0.0028140615014469184	0.09920366969256701	0.09920366969256701
just	1	10	74	resid	8	utterance_final	0	prompt_without	34	33	-1.474222469329834	-1.7407281398773193	-1.621685004234314	0.11904313564300528	0.44668143607771554	0.44668143607771554
just	1	2	197	resid	9	utterance_final	0	prompt_without	31	30	-0.5145439130288584	-0.5825948671058372	-0.5829988894639192	-0.00040402235808201237	-0.00593705648307274	0.0
just	1	4	290	resid	9	utterance_final	0	prompt_without	38	37	-0.5846256205910131	-0.637218249471564	-0.6355100430940327	0.0017082063775313294	0.032479958007252875	0.032479958007252875
just	1	9	491	resid	9	utterance_final	0	prompt_without	44	43	-0.5975271743886611	-0.625893680488362	-0.6233170838917003	0.002576596596661762	0.09083235656889474	0.09083235656889474
just	1	10	74	resid	9	utterance_final	0	prompt_without	34	33	-1.474222469329834	-1.7407281398773193	-1.6228566408157348	0.11787149906158456	0.4422851447004484	0.4422851447004484
just	1	2	197	resid	10	utterance_final	0	prompt_without	31	30	-0.5145439130288584	-0.5825948671058372	-0.5854010626121804	-0.002806195506343201	-0.041236681313370716	0.0
just	1	4	290	resid	10	utterance_final	0	prompt_without	38	37	-0.5846256205910131	-0.637218249471564	-0.6320023787649054	0.005215870706658632	0.09917493796526097	0.09917493796526097
just	1	9	491	resid	10	utterance_final	0	prompt_without	44	43	-0.5975271743886611	-0.625893680488362	-0.6233276233953589	0.002566057093003171	0.09046080909591561	0.09046080909591561
just	1	10	74	resid	10	utterance_final	0	prompt_without	34	33	-1.474222469329834	-1.7407281398773193	-1.6090863466262817	0.13164179325103764	0.49395494279954555	0.49395494279954555
just	1	2	197	resid	11	utterance_final	0	prompt_without	31	30	-0.5145439130288584	-0.5825948671058372	-0.5832903561768709	-0.0006954890710336725	-0.010220122266720017	0.0
just	1	4	290	resid	11	utterance_final	0	prompt_without	38	37	-0.5846256205910131	-0.637218249471564	-0.6316127275165758	0.005605521954988202	0.10658379461729392	0.10658379461729392
just	1	9	491	resid	11	utterance_final	0	prompt_without	44	43	-0.5975271743886611	-0.625893680488362	-0.6239219132591697	0.001971767229192345	0.06951040153701317	0.06951040153701317
just	1	10	74	resid	11	utterance_final	0	prompt_without	34	33	-1.474222469329834	-1.7407281398773193	-1.5963917016983031	0.1443364381790162	0.5415886194185077	0.5415886194185077
just	1	2	197	resid	12	utterance_final	0	prompt_without	31	30	-0.5145439130288584	-0.5825948671058372	-0.5837655597262912	-0.0011706926204539947	-0.017203177182934345	0.0
just	1	4	290	resid	12	utterance_final	0	prompt_without	38	37	-0.5846256205910131	-0.637218249471564	-0.631262503172222	0.005955746299342035	0.11324298530253742	0.11324298530253742
just	1	9	491	resid	12	utterance_final	0	prompt_without	44	43	-0.5975271743886611	-0.625893680488362	-0.6241259294397691	0.001767751048592947	0.06231825105213027	0.06231825105213027
just	1	10	74	resid	12	utterance_final	0	prompt_without	34	33	-1.474222469329834	-1.7407281398773193	-1.610843825340271	0.1298843145370483	0.4873604162726655	0.4873604162726655
just	1	2	197	resid	13	utterance_final	0	prompt_without	31	30	-0.5145439130288584	-0.5825948671058372	-0.5853826293238887	-0.0027877622180515482	-0.040965806517540504	0.0
just	1	4	290	resid	13	utterance_final	0	prompt_without	38	37	-0.5846256205910131	-0.637218249471564	-0.6332284776788009	0.003989771792763164	0.0758618056881086	0.0758618056881086
just	1	9	491	resid	13	utterance_final	0	prompt_without	44	43	-0.5975271743886611	-0.625893680488362	-0.625830169986276	6.351050208597275e-05	0.0022389257902524114	0.0022389257902524114
just	1	10	74	resid	13	utterance_final	0	prompt_without	34	33	-1.474222469329834	-1.7407281398773193	-1.7016652345657348	0.03906290531158452	0.14657438707152906	0.14657438707152906
just	1	2	197	resid	14	utterance_final	0	prompt_without	31	30	-0.5145439130288584	-0.5825948671058372	-0.5829756039160269	-0.00038073681018968575	-0.00559487835775232	0.0
just	1	4	290	resid	14	utterance_final	0	prompt_without	38	37	-0.5846256205910131	-0.637218249471564	-0.6369277301587557	0.0002905193128083239	0.005523954953234133	0.005523954953234133
just	1	9	491	resid	14	utterance_final	0	prompt_without	44	43	-0.5975271743886611	-0.625893680488362	-0.6257339610772974	0.0001597194110646294	0.005630563401190721	0.005630563401190721
just	1	10	74	resid	14	utterance_final	0	prompt_without	34	33	-1.474222469329834	-1.7407281398773193	-1.7074273586273194	0.03330078124999991	0.12495336846525545	0.12495336846525545
just	1	2	197	resid	15	utterance_final	0	prompt_without	31	30	-0.5145439130288584	-0.5825948671058372	-0.5836730709782353	-0.001078203872398098	-0.015844066949868778	0.0
just	1	4	290	resid	15	utterance_final	0	prompt_without	38	37	-0.5846256205910131	-0.637218249471564	-0.6362372699536776	0.0009809795178864489	0.01865241458293447	0.01865241458293447
just	1	9	491	resid	15	utterance_final	0	prompt_without	44	43	-0.5975271743886611	-0.625893680488362	-0.6247450709342957	0.001148609554066371	0.04049175284503864	0.04049175284503864
just	1	10	74	resid	15	utterance_final	0	prompt_without	34	33	-1.474222469329834	-1.7407281398773193	-1.7240288257598877	0.01669931411743164	0.06266025815933324	0.06266025815933324
just	1	2	197	resid	16	utterance_final	0	prompt_without	31	30	-0.5145439130288584	-0.5825948671058372	-0.5845210110699689	-0.0019261439641317102	-0.02830443731843742	0.0
just	1	4	290	resid	16	utterance_final	0	prompt_without	38	37	-0.5846256205910131	-0.637218249471564	-0.6372269831205669	-8.733649002889976e-06	-0.00016606222561579785	0.0
just	1	9	491	resid	16	utterance_final	0	prompt_without	44	43	-0.5975271743886611	-0.625893680488362	-0.6245883037062252	0.0013053767821368245	0.046018243401170486	0.046018243401170486
just	1	10	74	resid	16	utterance_final	0	prompt_without	34	33	-1.474222469329834	-1.7407281398773193	-1.7186575889587403	0.022070550918579013	0.08281456403249977	0.08281456403249977
just	1	2	197	resid	17	utterance_final	0	prompt_without	31	30	-0.5145439130288584	-0.5825948671058372	-0.5844339927037557	-0.001839125597918545	-0.027025713641547742	0.0
just	1	4	290	resid	17	utterance_final	0	prompt_without	38	37	-0.5846256205910131	-0.637218249471564	-0.6387100470693488	-0.0014917975977847275	-0.02836514602023256	0.0
just	1	9	491	resid	17	utterance_final	0	prompt_without	44	43	-0.5975271743886611	-0.625893680488362	-0.6236634990748238	0.002230181413538257	0.07862023633434961	0.07862023633434961
just	1	10	74	resid	17	utterance_final	0	prompt_without	34	33	-1.474222469329834	-1.7407281398773193	-1.7420953273773194	-0.0013671875000000888	-0.005130050318221979	0.0
just	1	2	197	resid	18	utterance_final	0	prompt_without	31	30	-0.5145439130288584	-0.5825948671058372	-0.5836144376684118	-0.0010195705625746232	-0.01498245801846204	0.0
just	1	4	290	resid	18	utterance_final	0	prompt_without	38	37	-0.5846256205910131	-0.637218249471564	-0.6372773270857962	-5.9077614232183606e-05	-0.001123305974423934	0.0
just	1	9	491	resid	18	utterance_final	0	prompt_without	44	43	-0.5975271743886611	-0.625893680488362	-0.6245125041288488	0.001381176359513181	0.048690394039318886	0.048690394039318886
just	1	10	74	resid	18	utterance_final	0	prompt_without	34	33	-1.474222469329834	-1.7407281398773193	-1.7355525255203248	0.00517561435699454	0.019420278549278983	0.019420278549278983
just	1	2	197	resid	19	utterance_final	0	prompt_without	31	30	-0.5145439130288584	-0.5825948671058372	-0.5835467179616293	-0.0009518508557920802	-0.013987325654763818	0.0
just	1	4	290	resid	19	utterance_final	0	prompt_without	38	37	-0.5846256205910131	-0.637218249471564	-0.6381430625915527	-0.00092481311998871	-0.017584462683718615	0.0
just	1	9	491	resid	19	utterance_final	0	prompt_without	44	43	-0.5975271743886611	-0.625893680488362	-0.6246373267734752	0.0012563537148868598	0.044290040883819166	0.044290040883819166
just	1	10	74	resid	19	utterance_final	0	prompt_without	34	33	-1.474222469329834	-1.7407281398773193	-1.7402398586273193	0.00048828125	0.001832160827936302	0.001832160827936302
just	1	2	197	resid	20	utterance_final	0	prompt_without	31	30	-0.5145439130288584	-0.5825948671058372	-0.5834985176722208	-0.0009036505663836403	-0.013279028613786024	0.0
just	1	4	290	resid	20	utterance_final	0	prompt_without	38	37	-0.5846256205910131	-0.637218249471564	-0.6374072777597528	-0.00018902828818878614	-0.003594197365910528	0.0
just	1	9	491	resid	20	utterance_final	0	prompt_without	44	43	-0.5975271743886611	-0.625893680488362	-0.6239991433480206	0.001894537140341379	0.06678782130173422	0.06678782130173422
just	1	10	74	resid	20	utterance_final	0	prompt_without	34	33	-1.474222469329834	-1.7407281398773193	-1.7395562648773193	0.0011718750000000444	0.004397185987047292	0.004397185987047292
just	1	2	197	resid	21	utterance_final	0	prompt_without	31	30	-0.5145439130288584	-0.5825948671058372	-0.5827363287961042	-0.0001414616902669641	-0.002078761307401268	0.0
just	1	4	290	resid	21	utterance_final	0	prompt_without	38	37	-0.5846256205910131	-0.637218249471564	-0.6386962187917609	-0.001477969320196837	-0.0281022141630079	0.0
just	1	9	491	resid	21	utterance_final	0	prompt_without	44	43	-0.5975271743886611	-0.625893680488362	-0.6247673981329974	0.001126282355364605	0.03970465560354927	0.03970465560354927
just	1	10	74	resid	21	utterance_final	0	prompt_without	34	33	-1.474222469329834	-1.7407281398773193	-1.734087586402893	0.0066405534744262695	0.024917118876999926	0.024917118876999926
just	1	2	197	resid	22	utterance_final	0	prompt_without	31	30	-0.5145439130288584	-0.5825948671058372	-0.5823370615641276	0.00025780554170962144	0.0037884192103757055	0.0037884192103757055
just	1	4	290	resid	22	utterance_final	0	prompt_without	38	37	-0.5846256205910131	-0.637218249471564	-0.6371830137152421	3.5235756321916334e-05	0.0006699751861034412	0.0006699751861034412
just	1	9	491	resid	22	utterance_final	0	prompt_without	44	43	-0.5975271743886611	-0.625893680488362	-0.6247855985865873	0.0011080819017746935	0.039063037861627105	0.039063037861627105
just	1	10	74	resid	22	utterance_final	0	prompt_without	34	33	-1.474222469329834	-1.7407281398773193	-1.7352592945098877	0.005468845367431641	0.020520559116798287	0.020520559116798287
just	1	2	197	resid	23	utterance_final	0	prompt_without	31	30	-0.5145439130288584	-0.5825948671058372	-0.5828416259200485	-0.00024675881421132306	-0.0036260889734505567	0.0
just	1	4	290	resid	23	utterance_final	0	prompt_without	38	37	-0.5846256205910131	-0.637218249471564	-0.6375456358257093	-0.00032738635414530926	-0.006224947509067732	0.0
just	1	9	491	resid	23	utterance_final	0	prompt_without	44	43	-0.5975271743886611	-0.625893680488362	-0.6249024131718803	0.000991267316481692	0.03494499156849434	0.03494499156849434
just	1	10	74	resid	23	utterance_final	0	prompt_without	34	33	-1.474222469329834	-1.7407281398773193	-1.7370172023773194	0.0037109374999999556	0.013924422292315728	0.013924422292315728
just	1	2	197	resid	24	utterance_final	0	prompt_without	31	30	-0.5145439130288584	-0.5825948671058372	-0.5820295325031987	0.0005653346026385231	0.008307519127491147	0.008307519127491147
just	1	4	290	resid	24	utterance_final	0	prompt_without	38	37	-0.5846256205910131	-0.637218249471564	-0.6374401795236688	-0.00022193005210480177	-0.004219793853789895	0.0
just	1	9	491	resid	24	utterance_final	0	prompt_without	44	43	-0.5975271743886611	-0.625893680488362	-0.6250812095754287	0.0008124709129333496	0.028641909936941993	0.028641909936941993
just	1	10	74	resid	24	utterance_final	0	prompt_without	34	33	-1.474222469329834	-1.7407281398773193	-1.7368218898773193	0.00390625	0.014657286623490416	0.014657286623490416
just	1	2	197	resid	25	utterance_final	0	prompt_without	31	30	-0.5145439130288584	-0.5825948671058372	-0.5823990548098529	0.00019581229598431005	0.0028774364539078823	0.0028774364539078823
just	1	4	290	resid	25	utterance_final	0	prompt_without	38	37	-0.5846256205910131	-0.637218249471564	-0.638333144940828	-0.0011148954692640212	-0.021198702042375294	0.0
just	1	9	491	resid	25	utterance_final	0	prompt_without	44	43	-0.5975271743886611	-0.625893680488362	-0.6252111582195058	0.0006825222688562338	0.02406085072505386	0.02406085072505386
just	1	10	74	resid	25	utterance_final	0	prompt_without	34	33	-1.474222469329834	-1.7407281398773193	-1.7348687648773193	0.005859375	0.021985929935235623	0.021985929935235623
just	1	2	197	resid	26	utterance_final	0	prompt_without	31	30	-0.5145439130288584	-0.5825948671058372	-0.5809000421453405	0.0016948249604966659	0.024905234371578253	0.024905234371578253
just	1	4	290	resid	26	utterance_final	0	prompt_without	38	37	-0.5846256205910131	-0.637218249471564	-0.637212125878585	6.123592979023762e-06	0.00011643443405218905	0.00011643443405218905
just	1	9	491	resid	26	utterance_final	0	prompt_without	44	43	-0.5975271743886611	-0.625893680488362	-0.6250081658363342	0.0008855146520277968	0.031216909439443895	0.031216909439443895
just	1	10	74	resid	26	utterance_final	0	prompt_without	34	33	-1.474222469329834	-1.7407281398773193	-1.7352593898773194	0.005468749999999911	0.02052020127288625	0.02052020127288625
just	1	2	197	resid	27	utterance_final	0	prompt_without	31	30	-0.5145439130288584	-0.5825948671058372	-0.5808317219769513	0.001763145128885868	0.025909190441201005	0.025909190441201005
just	1	4	290	resid	27	utterance_final	0	prompt_without	38	37	-0.5846256205910131	-0.637218249471564	-0.6371861257051167	3.212376644734505e-05	0.0006108035884706384	0.0006108035884706384
just	1	9	491	resid	27	utterance_final	0	prompt_without	44	43	-0.5975271743886611	-0.625893680488362	-0.625399813932531	0.0004938665558310573	0.017410200399557287	0.017410200399557287
just	1	10	74	resid	27	utterance_final	0	prompt_without	34	33	-1.474222469329834	-1.7407281398773193	-1.7377984523773193	0.0029296875	0.010992964967617811	0.010992964967617811
just	1	2	197	resid	28	utterance_final	0	prompt_without	31	30	-0.5145439130288584	-0.5825948671058372	-0.5812109311421713	0.0013839359636659276	0.020336760629401728	0.020336760629401728
just	1	4	290	resid	28	utterance_final	0	prompt_without	38	37	-0.5846256205910131	-0.637218249471564	-0.6376933800546747	-0.00047513058311066114	-0.00903416682573111	0.0
just	1	9	491	resid	28	utterance_final	0	prompt_without	44	43	-0.5975271743886611	-0.625893680488362	-0.6244838202700895	0.0014098602182724962	0.04970158162296063	0.04970158162296063
just	1	10	74	resid	28	utterance_final	0	prompt_without	34	33	-1.474222469329834	-1.7407281398773193	-1.7371148586273193	0.0036132812500000444	0.013557990126728802	0.013557990126728802
just	1	2	197	resid	29	utterance_final	0	prompt_without	31	30	-0.5145439130288584	-0.5825948671058372	-0.5807911819881864	0.0018036851176508328	0.026504920351454818	0.026504920351454818
just	1	4	290	resid	29	utterance_final	0	prompt_without	38	37	-0.5846256205910131	-0.637218249471564	-0.6375972095288729	-0.0003789600573088636	-0.0072055735827460275	0.0
just	1	9	491	resid	29	utterance_final	0	prompt_without	44	43	-0.5975271743886611	-0.625893680488362	-0.6256848152946023	0.000208865193759733	0.0073630919869238	0.0073630919869238
just	1	10	74	resid	29	utterance_final	0	prompt_without	34	33	-1.474222469329834	-1.7407281398773193	-1.7393609523773192	0.0013671875000000888	0.005130050318221979	0.005130050318221979
just	1	2	197	resid	30	utterance_final	0	prompt_without	31	30	-0.5145439130288584	-0.5825948671058372	-0.5812908896693477	0.0013039774364894674	0.019161780377309867	0.019161780377309867
just	1	4	290	resid	30	utterance_final	0	prompt_without	38	37	-0.5846256205910131	-0.637218249471564	-0.6373692311738667	-0.00015098170230265495	-0.0028707768658145336	0.0
just	1	9	491	resid	30	utterance_final	0	prompt_without	44	43	-0.5975271743886611	-0.625893680488362	-0.6255257585469414	0.00036792194142065693	0.012970294618854593	0.012970294618854593
just	1	10	74	resid	30	utterance_final	0	prompt_without	34	33	-1.474222469329834	-1.7407281398773193	-1.7419000148773194	-0.0011718750000000444	-0.004397185987047292	0.0
just	1	2	197	resid	31	utterance_final	0	prompt_without	31	30	-0.5145439130288584	-0.5825948671058372	-0.5825948671058372	0.0	0.0	0.0
just	1	4	290	resid	31	utterance_final	0	prompt_without	38	37	-0.5846256205910131	-0.637218249471564	-0.637218249471564	0.0	0.0	0.0
just	1	9	491	resid	31	utterance_final	0	prompt_without	44	43	-0.5975271743886611	-0.625893680488362	-0.625893680488362	0.0	0.0	0.0
just	1	10	74	resid	31	utterance_final	0	prompt_without	34	33	-1.474222469329834	-1.7407281398773193	-1.7407281398773193	0.0	0.0	0.0
just	1	12	225	resid	0	utterance_final	0	prompt_without	26	25	-0.24122889135398118	-0.2984287294687009	-0.29766514955782425	0.0007635799108766661	0.013349336921989774	0.013349336921989774
just	1	13	18	resid	0	utterance_final	0	prompt_without	53	52	-0.3288378348717323	-0.582470511778807	-0.5820535574203882	0.00041695435841881956	0.0016439299679496036	0.0016439299679496036
just	1	15	192	resid	0	utterance_final	0	prompt_without	43	42	-0.563782296928705	-0.6283812289144478	-0.6280074119567871	0.0003738169576606998	0.005786735881998826	0.005786735881998826
just	1	16	462	resid	0	utterance_final	0	prompt_without	61	60	-0.7021033445994059	-0.7493457396825155	-0.7499681075414022	-0.0006223678588866965	-0.013173926889011813	0.0
just	1	12	225	resid	1	utterance_final	0	prompt_without	26	25	-0.24122889135398118	-0.2984287294687009	-0.2981662049013026	0.00026252456739833674	0.004589603328453809	0.004589603328453809
just	1	13	18	resid	1	utterance_final	0	prompt_without	53	52	-0.3288378348717323	-0.582470511778807	-0.5815329918494592	0.0009375199293478742	0.0036963688621689714	0.0036963688621689714
just	1	15	192	resid	1	utterance_final	0	prompt_without	43	42	-0.563782296928705	-0.6283812289144478	-0.6277477881487679	0.000633440765679949	0.009805746723796471	0.009805746723796471
just	1	16	462	resid	1	utterance_final	0	prompt_without	61	60	-0.7021033445994059	-0.7493457396825155	-0.7488575220108032	0.0004882176717122544	0.010334312450784389	0.010334312450784389
just	1	12	225	resid	2	utterance_final	0	prompt_without	26	25	-0.24122889135398118	-0.2984287294687009	-0.29739632326013904	0.0010324062085618757	0.018049110672154114	0.018049110672154114
just	1	13	18	resid	2	utterance_final	0	prompt_without	53	52	-0.3288378348717323	-0.582470511778807	-0.5830784913821098	-0.0006079796033027218	-0.0023970870422405067	0.0
just	1	15	192	resid	2	utterance_final	0	prompt_without	43	42	-0.563782296928705	-0.6283812289144478	-0.6278499037611718	0.0005313251532760299	0.008224983555351886	0.008224983555351886
just	1	16	462	resid	2	utterance_final	0	prompt_without	61	60	-0.7021033445994059	-0.7493457396825155	-0.7490357955296835	0.00030994415283203125	0.006560720562257112	0.006560720562257112
just	1	12	225	resid	3	utterance_final	0	prompt_without	26	25	-0.24122889135398118	-0.2984287294687009	-0.2885204553604126	0.009908274108288317	0.17322206556627534	0.17322206556627534
just	1	13	18	resid	3	utterance_final	0	prompt_without	53	52	-0.3288378348717323	-0.582470511778807	-0.5832282702128092	-0.0007577584340021648	-0.002987621481753277	0.0
just	1	15	192	resid	3	utterance_final	0	prompt_without	43	42	-0.563782296928705	-0.6283812289144478	-0.6285854437771965	-0.00020421486274868617	-0.003161273050052235	0.0
just	1	16	462	resid	3	utterance_final	0	prompt_without	61	60	-0.7021033445994059	-0.7493457396825155	-0.7465044339497884	0.0028413057327271174	0.06014313473583732	0.06014313473583732
just	1	12	225	resid	4	utterance_final	0	prompt_without	26	25	-0.24122889135398118	-0.2984287294687009	-0.28816896793889063	0.010259761529810285	0.17936696794898885	0.17936696794898885
just	1	13	18	resid	4	utterance_final	0	prompt_without	53	52	-0.3288378348717323	-0.582470511778807	-0.5798382850793692	0.0026322266994378563	0.010378105579835222	0.010378105579835222
just	1	15	192	resid	4	utterance_final	0	prompt_without	43	42	-0.563782296928705	-0.6283812289144478	-0.6272543879116282	0.0011268410028195674	0.017443647567861712	0.017443647567861712
just	1	16	462	resid	4	utterance_final	0	prompt_without	61	60	-0.7021033445994059	-0.7493457396825155	-0.7453500191370647	0.0039957205454508316	0.08457912725257678	0.08457912725257678
just	1	12	225	resid	5	utterance_final	0	prompt_without	26	25	-0.24122889135398118	-0.2984287294687009	-0.2887695022657806	0.00965922720292034	0.16886808636674525	0.16886808636674525
just	1	13	18	resid	5	utterance_final	0	prompt_without	53	52	-0.3288378348717323	-0.582470511778807	-0.574491812632634	0.007978699146172996	0.0314576940300804	0.0314576940300804
just	1	15	192	resid	5	utterance_final	0	prompt_without	43	42	-0.563782296928705	-0.6283812289144478	-0.628025585529851	0.00035564338459681544	0.005505406570426069	0.005505406570426069
just	1	16	462	resid	5	utterance_final	0	prompt_without	61	60	-0.7021033445994059	-0.7493457396825155	-0.7440101782480876	0.005335561434427927	0.11294011290159026	0.11294011290159026
just	1	12	225	resid	6	utterance_final	0	prompt_without	26	25	-0.24122889135398118	-0.2984287294687009	-0.28328363801918777	0.015145091449513148	0.26477507539686074	0.26477507539686074
just	1	13	18	resid	6	utterance_final	0	prompt_without	53	52	-0.3288378348717323	-0.582470511778807	-0.5645354069196261	0.017935104859180928	0.07071291080428073	0.07071291080428073
just	1	15	192	resid	6	utterance_final	0	prompt_without	43	42	-0.563782296928705	-0.6283812289144478	-0.6267964793186561	0.0015847495957916902	0.02453213307212956	0.02453213307212956
just	1	16	462	resid	6	utterance_final	0	prompt_without	61	60	-0.7021033445994059	-0.7493457396825155	-0.7428370793660481	0.006508660316467352	0.1377715991117134	0.1377715991117134
just	1	12	225	resid	7	utterance_final	0	prompt_without	26	25	-0.24122889135398118	-0.2984287294687009	-0.2803005517697802	0.018128177698920722	0.3169270805026219	0.3169270805026219
just	1	13	18	resid	7	utterance_final	0	prompt_without	53	52	-0.3288378348717323	-0.582470511778807	-0.5565027273618258	0.02596778441698122	0.10238343392359979	0.10238343392359979
just	1	15	192	resid	7	utterance_final	0	prompt_without	43	42	-0.563782296928705	-0.6283812289144478	-0.6256977389840519	0.0026834899303959103	0.041540778584205754	0.041540778584205754
just	1	16	462	resid	7	utterance_final	0	prompt_without	61	60	-0.7021033445994059	-0.7493457396825155	-0.7423522313435872	0.0069935083389283115	0.14803458475433393	0.14803458475433393
just	1	12	225	resid	8	utterance_final	0	prompt_without	26	25	-0.24122889135398118	-0.2984287294687009	-0.28215549038905724	0.016273239079643675	0.28449799188253194	0.28449799188253194
just	1	13	18	resid	8	utterance_final	0	prompt_without	53	52	-0.3288378348717323	-0.582470511778807	-0.5489093676591531	0.03356114411965394	0.13232184641551523	0.13232184641551523
just	1	15	192	resid	8	utterance_final	0	prompt_without	43	42	-0.563782296928705	-0.6283812289144478	-0.6250812095754287	0.0033000193390191335	0.05108473526694615	0.05108473526694615
just	1	16	462	resid	8	utterance_final	0	prompt_without	61	60	-0.7021033445994059	-0.7493457396825155	-0.7423698425292968	0.006975897153218669	0.14766180124751424	0.14766180124751424
just	1	12	225	resid	9	utterance_final	0	prompt_without	26	25	-0.24122889135398118	-0.2984287294687009	-0.28371750607210044	0.01471122339660047	0.2571899481095682	0.2571899481095682
just	1	13	18	resid	9	utterance_final	0	prompt_without	53	52	-0.3288378348717323	-0.582470511778807	-0.5511321318455231	0.03133837993328392	0.1235581326327506	0.1235581326327506
just	1	15	192	resid	9	utterance_final	0	prompt_without	43	42	-0.563782296928705	-0.6283812289144478	-0.6251029383902457	0.003278290524202143	0.0507483703434241	0.0507483703434241
just	1	16	462	resid	9	utterance_final	0	prompt_without	61	60	-0.7021033445994059	-0.7493457396825155	-0.7402618487675985	0.009083890914917014	0.1922826075802569	0.1922826075802569
just	1	12	225	resid	10	utterance_final	0	prompt_without	26	25	-0.24122889135398118	-0.2984287294687009	-0.28355617382947135	0.014872555639229568	0.26001044984430266	0.26001044984430266
just	1	13	18	resid	10	utterance_final	0	prompt_without	53	52	-0.3288378348717323	-0.582470511778807	-0.5453214003489568	0.03714911142985022	0.14646815971374547	0.14646815971374547
just	1	15	192	resid	10	utterance_final	0	prompt_without	43	42	-0.563782296928705	-0.6283812289144478	-0.625471320806765	0.002909908107682768	0.0450457618761405	0.0450457618761405
just	1	16	462	resid	10	utterance_final	0	prompt_without	61	60	-0.7021033445994059	-0.7493457396825155	-0.737394920984904	0.011950818697611498	0.25296809521590574	0.25296809521590574
just	1	12	225	resid	11	utterance_final	0	prompt_without	26	25	-0.24122889135398118	-0.2984287294687009	-0.28150558705423395	0.016923142414466963	0.2958599704517692	0.2958599704517692
just	1	13	18	resid	11	utterance_final	0	prompt_without	53	52	-0.3288378348717323	-0.582470511778807	-0.5405063690283359	0.04196414275047111	0.1654524301135134	0.1654524301135134
just	1	15	192	resid	11	utterance_final	0	prompt_without	43	42	-0.563782296928705	-0.6283812289144478	-0.6248907365050971	0.0034904924093507317	0.054033283555231106	0.054033283555231106
just	1	16	462	resid	11	utterance_final	0	prompt_without	61	60	-0.7021033445994059	-0.7493457396825155	-0.738771645228068	0.010574094454447458	0.22382638381998507	0.22382638381998507
just	1	12	225	resid	12	utterance_final	0	prompt_without	26	25	-0.24122889135398118	-0.2984287294687009	-0.28078381220499676	0.017644917263704152	0.3084784475843373	0.3084784475843373
just	1	13	18	resid	12	utterance_final	0	prompt_without	53	52	-0.3288378348717323	-0.582470511778807	-0.538806832753695	0.043663679025112034	0.17215320816532412	0.17215320816532412
just	1	15	192	resid	12	utterance_final	0	prompt_without	43	42	-0.563782296928705	-0.6283812289144478	-0.6271634662852568	0.0012177626291910437	0.018851126353912586	0.018851126353912586
just	1	16	462	resid	12	utterance_final	0	prompt_without	61	60	-0.7021033445994059	-0.7493457396825155	-0.7400378147761028	0.009307924906412746	0.19702483098153886	0.19702483098153886
just	1	12	225	resid	13	utterance_final	0	prompt_without	26	25	-0.24122889135398118	-0.2984287294687009	-0.2849571681490131	0.013471561319687797	0.23551747284090724	0.23551747284090724
just	1	13	18	resid	13	utterance_final	0	prompt_without	53	52	-0.3288378348717323	-0.582470511778807	-0.5445798329817944	0.03789067879701269	0.1493919445202046	0.1493919445202046
just	1	15	192	resid	13	utterance_final	0	prompt_without	43	42	-0.563782296928705	-0.6283812289144478	-0.62841796875	-3.673983555219085e-05	-0.0005687375073058394	0.0
just	1	16	462	resid	13	utterance_final	0	prompt_without	61	60	-0.7021033445994059	-0.7493457396825155	-0.7486580769220988	0.0006876627604166519	0.014556052020794134	0.014556052020794134
just	1	12	225	resid	14	utterance_final	0	prompt_without	26	25	-0.24122889135398118	-0.2984287294687009	-0.2901598869585523	0.008268842510148589	0.14456059287378814	0.14456059287378814
just	1	13	18	resid	14	utterance_final	0	prompt_without	53	52	-0.3288378348717323	-0.582470511778807	-0.5625384465242044	0.01993206525460267	0.07858634580395699	0.07858634580395699
just	1	15	192	resid	14	utterance_final	0	prompt_without	43	42	-0.563782296928705	-0.6283812289144478	-0.6278851382872638	0.0004960906271840315	0.007679548437325868	0.007679548437325868
just	1	16	462	resid	14	utterance_final	0	prompt_without	61	60	-0.7021033445994059	-0.7493457396825155	-0.7496673822402954	-0.0003216425577798887	-0.006808345707580025	0.0
just	1	12	225	resid	15	utterance_final	0	prompt_without	26	25	-0.24122889135398118	-0.2984287294687009	-0.2952505537107879	0.0031781757579130154	0.05556267050159968	0.05556267050159968
just	1	13	18	resid	15	utterance_final	0	prompt_without	53	52	-0.3288378348717323	-0.582470511778807	-0.5625065809641129	0.019963930814694164	0.07871198245488098	0.07871198245488098
just	1	15	192	resid	15	utterance_final	0	prompt_without	43	42	-0.563782296928705	-0.6283812289144478	-0.6275208300235224	0.0008603988909253735	0.013319088481451455	0.013319088481451455
just	1	16	462	resid	15	utterance_final	0	prompt_without	61	60	-0.7021033445994059	-0.7493457396825155	-0.7507742166519165	-0.0014284769694009603	-0.030237183506212184	0.0
just	1	12	225	resid	16	utterance_final	0	prompt_without	26	25	-0.24122889135398118	-0.2984287294687009	-0.29527320815067665	0.003155521318024268	0.05516661273928029	0.05516661273928029
just	1	13	18	resid	16	utterance_final	0	prompt_without	53	52	-0.3288378348717323	-0.582470511778807	-0.5598597434850839	0.022610768293723105	0.08914769409624287	0.08914769409624287
just	1	15	192	resid	16	utterance_final	0	prompt_without	43	42	-0.563782296928705	-0.6283812289144478	-0.6272284891091141	0.0011527398053337023	0.017844564451748444	0.017844564451748444
just	1	16	462	resid	16	utterance_final	0	prompt_without	61	60	-0.7021033445994059	-0.7493457396825155	-0.7500061909357707	-0.0006604512532552009	-0.013980054400148947	0.0
just	1	12	225	resid	17	utterance_final	0	prompt_without	26	25	-0.24122889135398118	-0.2984287294687009	-0.297289675357295	0.0011390541114059127	0.019913589774877175	0.019913589774877175
just	1	13	18	resid	17	utterance_final	0	prompt_without	53	52	-0.3288378348717323	-0.582470511778807	-0.5789994643284724	0.0034710474503346633	0.013685332239766472	0.013685332239766472
just	1	15	192	resid	17	utterance_final	0	prompt_without	43	42	-0.563782296928705	-0.6283812289144478	-0.6271707310396082	0.0012104978748396222	0.018738666996952556	0.018738666996952556
just	1	16	462	resid	17	utterance_final	0	prompt_without	61	60	-0.7021033445994059	-0.7493457396825155	-0.7498177448908488	-0.00047200520833334814	-0.009991136298297093	0.0
just	1	12	225	resid	18	utterance_final	0	prompt_without	26	25	-0.24122889135398118	-0.2984287294687009	-0.2977788869072409	0.0006498425614600012	0.011360916094844183	0.011360916094844183
just	1	13	18	resid	18	utterance_final	0	prompt_without	53	52	-0.3288378348717323	-0.582470511778807	-0.5806229022833017	0.0018476094955053313	0.00728458776698656	0.00728458776698656
just	1	15	192	resid	18	utterance_final	0	prompt_without	43	42	-0.563782296928705	-0.6283812289144478	-0.6273462188010123	0.0010350101134355416	0.016022093270272195	0.016022093270272195
just	1	16	462	resid	18	utterance_final	0	prompt_without	61	60	-0.7021033445994059	-0.7493457396825155	-0.7503467162450155	-0.0010009765624999778	-0.021188099391215114	0.0
just	1	12	225	resid	19	utterance_final	0	prompt_without	26	25	-0.24122889135398118	-0.2984287294687009	-0.29839156188216864	3.716758653227181e-05	0.0006497848203298875	0.0006497848203298875
just	1	13	18	resid	19	utterance_final	0	prompt_without	53	52	-0.3288378348717323	-0.582470511778807	-0.5808467589891874	0.0016237527896196813	0.006401985774942507	0.006401985774942507
just	1	15	192	resid	19	utterance_final	0	prompt_without	43	42	-0.563782296928705	-0.6283812289144478	-0.6278141549989289	0.000567073915518912	0.00877837911691894	0.00877837911691894
just	1	16	462	resid	19	utterance_final	0	prompt_without	61	60	-0.7021033445994059	-0.7493457396825155	-0.7513741413752238	-0.002028401692708348	-0.04293604693707743	0.0
just	1	12	225	resid	20	utterance_final	0	prompt_without	26	25	-0.24122889135398118	-0.2984287294687009	-0.29844795255100026	-1.922308229934666e-05	-0.00033606882349549545	0.0
just	1	13	18	resid	20	utterance_final	0	prompt_without	53	52	-0.3288378348717323	-0.582470511778807	-0.5811530382205279	0.0013174735582791586	0.0051944156973190445	0.0051944156973190445
just	1	15	192	resid	20	utterance_final	0	prompt_without	43	42	-0.563782296928705	-0.6283812289144478	-0.6275456839916753	0.0008355449227724909	0.012934345771488883	0.012934345771488883
just	1	16	462	resid	20	utterance_final	0	prompt_without	61	60	-0.7021033445994059	-0.7493457396825155	-0.7502520481745402	-0.0009063084920246656	-0.019184219818454872	0.0
just	1	12	225	resid	21	utterance_final	0	prompt_without	26	25	-0.24122889135398118	-0.2984287294687009	-0.29826876696418314	0.00015996250451777438	0.0027965551964841983	0.0027965551964841983
just	1	13	18	resid	21	utterance_final	0	prompt_without	53	52	-0.3288378348717323	-0.582470511778807	-0.5813313355812659	0.001139176197541114	0.004491440974533744	0.004491440974533744
just	1	15	192	resid	21	utterance_final	0	prompt_without	43	42	-0.563782296928705	-0.6283812289144478	-0.6277996862635893	0.0005815426508585242	0.00900235705114865	0.00900235705114865
just	1	16	462	resid	21	utterance_final	0	prompt_without	61	60	-0.7021033445994059	-0.7493457396825155	-0.7486499389012654	0.0006958007812500888	0.014728312991456617	0.014728312991456617
just	1	12	225	resid	22	utterance_final	0	prompt_without	26	25	-0.24122889135398118	-0.2984287294687009	-0.2979685418746051	0.0004601875940958289	0.008045260428410281	0.008045260428410281
just	1	13	18	resid	22	utterance_final	0	prompt_without	53	52	-0.3288378348717323	-0.582470511778807	-0.5812212442740415	0.0012492675047655055	0.004925499032694469	0.004925499032694469
just	1	15	192	resid	22	utterance_final	0	prompt_without	43	42	-0.563782296928705	-0.6283812289144478	-0.6280712052887562	0.00031002362569165776	0.004799206676668908	0.004799206676668908
just	1	16	462	resid	22	utterance_final	0	prompt_without	61	60	-0.7021033445994059	-0.7493457396825155	-0.7503426472345988	-0.0009969075520832593	-0.021101968905883874	0.0
just	1	12	225	resid	23	utterance_final	0	prompt_without	26	25	-0.24122889135398118	-0.2984287294687009	-0.29868348907021913	-0.0002547596015182174	-0.004453851792504599	0.0
just	1	13	18	resid	23	utterance_final	0	prompt_without	53	52	-0.3288378348717323	-0.582470511778807	-0.5815263558656741	0.0009441559131329047	0.0037225326194022784	0.0037225326194022784
just	1	15	192	resid	23	utterance_final	0	prompt_without	43	42	-0.563782296928705	-0.6283812289144478	-0.6285523877424353	-0.00017115882798746096	-0.0026495612655830928	0.0
just	1	16	462	resid	23	utterance_final	0	prompt_without	61	60	-0.7021033445994059	-0.7493457396825155	-0.7495471556981405	-0.0002014160156249556	-0.0042634590238412205	0.0
just	1	12	225	resid	24	utterance_final	0	prompt_without	26	25	-0.24122889135398118	-0.2984287294687009	-0.29863138058606314	-0.00020265111736222918	-0.003542861729010369	0.0
just	1	13	18	resid	24	utterance_final	0	prompt_without	53	52	-0.3288378348717323	-0.582470511778807	-0.5818247886804434	0.0006457230983636375	0.0025458986840257015	0.0025458986840257015
just	1	15	192	resid	24	utterance_final	0	prompt_without	43	42	-0.563782296928705	-0.6283812289144478	-0.6281442759083766	0.0002369530060711833	0.0036680638330596465	0.0036680638330596465
just	1	16	462	resid	24	utterance_final	0	prompt_without	61	60	-0.7021033445994059	-0.7493457396825155	-0.7493986368179322	-5.289713541667407e-05	-0.0011196963092920372	0.0
just	1	12	225	resid	25	utterance_final	0	prompt_without	26	25	-0.24122889135398118	-0.2984287294687009	-0.2985556967118207	-0.00012696724311977992	-0.0022197133296974546	0.0
just	1	13	18	resid	25	utterance_final	0	prompt_without	53	52	-0.3288378348717323	-0.582470511778807	-0.5821718252622164	0.0002986865165905961	0.0011776342079929552	0.0011776342079929552
just	1	15	192	resid	25	utterance_final	0	prompt_without	43	42	-0.563782296928705	-0.6283812289144478	-0.628204439200607	0.0001767897138408303	0.002736728122375897	0.002736728122375897
just	1	16	462	resid	25	utterance_final	0	prompt_without	61	60	-0.7021033445994059	-0.7493457396825155	-0.7503121296564738	-0.0009663899739582593	-0.02045599026590779	0.0
just	1	12	225	resid	26	utterance_final	0	prompt_without	26	25	-0.24122889135398118	-0.2984287294687009	-0.29822637754328113	0.00020235192541978586	0.003537631085842407	0.003537631085842407
just	1	13	18	resid	26	utterance_final	0	prompt_without	53	52	-0.3288378348717323	-0.582470511778807	-0.5817914314759083	0.0006790803028987602	0.002677416455875517	0.002677416455875517
just	1	15	192	resid	26	utterance_final	0	prompt_without	43	42	-0.563782296928705	-0.6283812289144478	-0.628167706377366	0.000213522537081845	0.0033053570781784746	0.0033053570781784746
just	1	16	462	resid	26	utterance_final	0	prompt_without	61	60	-0.7021033445994059	-0.7493457396825155	-0.7497302691141764	-0.00038452943166089604	-0.008139499087301263	0.0
just	1	12	225	resid	27	utterance_final	0	prompt_without	26	25	-0.24122889135398118	-0.2984287294687009	-0.2986465669145771	-0.00021783744587616782	-0.0038083577341473246	0.0
just	1	13	18	resid	27	utterance_final	0	prompt_without	53	52	-0.3288378348717323	-0.582470511778807	-0.5815811585157346	0.0008893532630724899	0.003506461682767827	0.003506461682767827
just	1	15	192	resid	27	utterance_final	0	prompt_without	43	42	-0.563782296928705	-0.6283812289144478	-0.6282129334468468	0.00016829546760099845	0.0026052360685799216	0.0026052360685799216
just	1	16	462	resid	27	utterance_final	0	prompt_without	61	60	-0.7021033445994059	-0.7493457396825155	-0.7495573282241821	-0.00021158854166658525	-0.004478785237165799	0.0
just	1	12	225	resid	28	utterance_final	0	prompt_without	26	25	-0.24122889135398118	-0.2984287294687009	-0.29829637677061793	0.00013235269808298256	0.0023138649067071934	0.0023138649067071934
just	1	13	18	resid	28	utterance_final	0	prompt_without	53	52	-0.3288378348717323	-0.582470511778807	-0.5817208687464396	0.0007496430323674641	0.002955624809504007	0.002955624809504007
just	1	15	192	resid	28	utterance_final	0	prompt_without	43	42	-0.563782296928705	-0.6283812289144478	-0.6285155520719641	-0.00013432315751626955	-0.0020793402210723087	0.0
just	1	16	462	resid	28	utterance_final	0	prompt_without	61	60	-0.7021033445994059	-0.7493457396825155	-0.7508594115575155	-0.0015136718749999556	-0.03204054054281287	0.0
just	1	12	225	resid	29	utterance_final	0	prompt_without	26	25	-0.24122889135398118	-0.2984287294687009	-0.2988661597756779	-0.0004374303069769603	-0.00764740463250354	0.0
just	1	13	18	resid	29	utterance_final	0	prompt_without	53	52	-0.3288378348717323	-0.582470511778807	-0.581915237964728	0.0005552738140790492	0.0021892834190386633	0.0021892834190386633
just	1	15	192	resid	29	utterance_final	0	prompt_without	43	42	-0.563782296928705	-0.6283812289144478	-0.6281801579045314	0.00020107100991639815	0.003112605792937491	0.003112605792937491
just	1	16	462	resid	29	utterance_final	0	prompt_without	61	60	-0.7021033445994059	-0.7493457396825155	-0.7493782917658488	-3.255208333330373e-05	-0.0006890438826405306	0.0
just	1	12	225	resid	30	utterance_final	0	prompt_without	26	25	-0.24122889135398118	-0.2984287294687009	-0.29857225511588303	-0.0001435256471821189	-0.002509196737484895	0.0
just	1	13	18	resid	30	utterance_final	0	prompt_without	53	52	-0.3288378348717323	-0.582470511778807	-0.5820530102803156	0.0004175014984914016	0.001646087182387641	0.001646087182387641
just	1	15	192	resid	30	utterance_final	0	prompt_without	43	42	-0.563782296928705	-0.6283812289144478	-0.6282861606747496	9.506823969818168e-05	0.0014716689080736425	0.0014716689080736425
just	1	16	462	resid	30	utterance_final	0	prompt_without	61	60	-0.7021033445994059	-0.7493457396825155	-0.7501229206720988	-0.0007771809895833481	-0.016450922698057945	0.0
just	1	12	225	resid	31	utterance_final	0	prompt_without	26	25	-0.24122889135398118	-0.2984287294687009	-0.2984287294687009	0.0	0.0	0.0
just	1	13	18	resid	31	utterance_final	0	prompt_without	53	52	-0.3288378348717323	-0.582470511778807	-0.582470511778807	0.0	0.0	0.0
just	1	15	192	resid	31	utterance_final	0	prompt_without	43	42	-0.563782296928705	-0.6283812289144478	-0.6283812289144478	0.0	0.0	0.0
just	1	16	462	resid	31	utterance_final	0	prompt_without	61	60	-0.7021033445994059	-0.7493457396825155	-0.7493457396825155	0.0	0.0	0.0
just	1	18	146	resid	0	utterance_final	0	prompt_without	37	36	-0.6786665831293378	-0.7617929237229484	-0.7613543782915387	0.00043854543140964264	0.005275649430468867	0.005275649430468867
just	1	20	492	resid	0	utterance_final	0	prompt_without	93	92	-0.38797505838530405	-0.41584122606686186	-0.4143552950450352	0.0014859310218266475	0.05332383838377804	0.05332383838377804
just	1	22	52	resid	0	utterance_final	0	prompt_without	51	50	-0.49871410243213177	-0.669625835493207	-0.6719124130904675	-0.002286577597260475	-0.013378704646587183	0.0
just	1	23	218	resid	0	utterance_final	0	prompt_without	33	32	-0.8336779955894716	-0.8965597075800742	-0.8952161958140712	0.0013435117660030027	0.021365699556713497	0.021365699556713497
just	1	18	146	resid	1	utterance_final	0	prompt_without	37	36	-0.6786665831293378	-0.7617929237229484	-0.7606246244339716	0.0011682992889767707	0.014054501625283515	0.014054501625283515
just	1	20	492	resid	1	utterance_final	0	prompt_without	93	92	-0.38797505838530405	-0.41584122606686186	-0.4149661489895412	0.0008750770773206518	0.03140284976824385	0.03140284976824385
just	1	22	52	resid	1	utterance_final	0	prompt_without	51	50	-0.49871410243213177	-0.669625835493207	-0.6693858988583088	0.00023993663489818573	0.0014038628630162243	0.0014038628630162243
just	1	23	218	resid	1	utterance_final	0	prompt_without	33	32	-0.8336779955894716	-0.8965597075800742	-0.8974186297385923	-0.0008589221585181273	-0.013659331645526606	0.0
just	1	18	146	resid	2	utterance_final	0	prompt_without	37	36	-0.6786665831293378	-0.7617929237229484	-0.7611653946694874	0.0006275290534609734	0.0075490999481000595	0.0075490999481000595
just	1	20	492	resid	2	utterance_final	0	prompt_without	93	92	-0.38797505838530405	-0.41584122606686186	-0.4143424076693399	0.0014988183975219727	0.05378631229991163	0.05378631229991163
just	1	22	52	resid	2	utterance_final	0	prompt_without	51	50	-0.49871410243213177	-0.669625835493207	-0.6693017091602087	0.00032412633299827576	0.0018964545452385612	0.0018964545452385612
just	1	23	218	resid	2	utterance_final	0	prompt_without	33	32	-0.8336779955894716	-0.8965597075800742	-0.8860946547600531	0.010465052820021081	0.16642442593778373	0.16642442593778373
just	1	18	146	resid	3	utterance_final	0	prompt_without	37	36	-0.6786665831293378	-0.7617929237229484	-0.7604285535358247	0.0013643701871236535	0.016413211232211088	0.016413211232211088
just	1	20	492	resid	3	utterance_final	0	prompt_without	93	92	-0.38797505838530405	-0.41584122606686186	-0.41373917886189054	0.0021020472049713135	0.07543366669549167	0.07543366669549167
just	1	22	52	resid	3	utterance_final	0	prompt_without	51	50	-0.49871410243213177	-0.669625835493207	-0.6697385627776384	-0.00011272728443145752	-0.0006595643400981399	0.0
just	1	23	218	resid	3	utterance_final	0	prompt_without	33	32	-0.8336779955894716	-0.8965597075800742	-0.8849514069095734	0.011608300670500782	0.1846053534966669	0.1846053534966669
just	1	18	146	resid	4	utterance_final	0	prompt_without	37	36	-0.6786665831293378	-0.7617929237229484	-0.7617662946383158	2.662908463257896e-05	0.0003203447239758053	0.0003203447239758053
just	1	20	492	resid	4	utterance_final	0	prompt_without	93	92	-0.38797505838530405	-0.41584122606686186	-0.41404546584401813	0.001795760222843723	0.06444231023673128	0.06444231023673128
just	1	22	52	resid	4	utterance_final	0	prompt_without	51	50	-0.49871410243213177	-0.669625835493207	-0.6677610445767641	0.001864790916442871	0.010910842006244762	0.010910842006244762
just	1	23	218	resid	4	utterance_final	0	prompt_without	33	32	-0.8336779955894716	-0.8965597075800742	-0.8748160869844498	0.021743620595624402	0.34578607845272896	0.34578607845272896
just	1	18	146	resid	5	utterance_final	0	prompt_without	37	36	-0.6786665831293378	-0.7617929237229484	-0.7605093717575073	0.0012835519654410543	0.015440977628452387	0.015440977628452387
just	1	20	492	resid	5	utterance_final	0	prompt_without	93	92	-0.38797505838530405	-0.41584122606686186	-0.41327000515801565	0.0025712209088462057	0.09227034510912935	0.09227034510912935
just	1	22	52	resid	5	utterance_final	0	prompt_without	51	50	-0.49871410243213177	-0.669625835493207	-0.6731054242700338	-0.0034795887768268585	-0.020358981296991645	0.0
just	1	23	218	resid	5	utterance_final	0	prompt_without	33	32	-0.8336779955894716	-0.8965597075800742	-0.872805283915612	0.023754423664462232	0.3777636281278768	0.3777636281278768
just	1	18	146	resid	6	utterance_final	0	prompt_without	37	36	-0.6786665831293378	-0.7617929237229484	-0.7581389915375483	0.0036539321854001106	0.0439563700183016	0.0439563700183016
just	1	20	492	resid	6	utterance_final	0	prompt_without	93	92	-0.38797505838530405	-0.41584122606686186	-0.4098604491778782	0.00598077688898363	0.2146250233375932	0.2146250233375932
just	1	22	52	resid	6	utterance_final	0	prompt_without	51	50	-0.49871410243213177	-0.669625835493207	-0.6627775114029646	0.006848324090242386	0.04006936193078764	0.04006936193078764
just	1	23	218	resid	6	utterance_final	0	prompt_without	33	32	-0.8336779955894716	-0.8965597075800742	-0.8688276237057101	0.0277320838743641	0.4410198608859212	0.4410198608859212
just	1	18	146	resid	7	utterance_final	0	prompt_without	37	36	-0.6786665831293378	-0.7617929237229484	-0.7588033250399998	0.002989598682948569	0.03596451692206888	0.03596451692206888
just	1	20	492	resid	7	utterance_final	0	prompt_without	93	92	-0.38797505838530405	-0.41584122606686186	-0.4101596474647522	0.00568157860210966	0.20388805045014508	0.20388805045014508
just	1	22	52	resid	7	utterance_final	0	prompt_without	51	50	-0.49871410243213177	-0.669625835493207	-0.6584903337061405	0.01113550178706646	0.06515352449844503	0.06515352449844503
just	1	23	218	resid	7	utterance_final	0	prompt_without	33	32	-0.8336779955894716	-0.8965597075800742	-0.8715527057647705	0.025007001815303687	0.3976832217774366	0.3976832217774366
just	1	18	146	resid	8	utterance_final	0	prompt_without	37	36	-0.6786665831293378	-0.7617929237229484	-0.758319582257952	0.003473341464996338	0.04178388511021876	0.04178388511021876
just	1	20	492	resid	8	utterance_final	0	prompt_without	93	92	-0.38797505838530405	-0.41584122606686186	-0.4107913630349295	0.0050498630319323334	0.18121842549861633	0.18121842549861633
just	1	22	52	resid	8	utterance_final	0	prompt_without	51	50	-0.49871410243213177	-0.669625835493207	-0.6605568211525679	0.009069014340639114	0.053062561464977405	0.053062561464977405
just	1	23	218	resid	8	utterance_final	0	prompt_without	33	32	-0.8336779955894716	-0.8965597075800742	-0.8819606842533234	0.014599023326750782	0.2321664417936419	0.2321664417936419
just	1	18	146	resid	9	utterance_final	0	prompt_without	37	36	-0.6786665831293378	-0.7617929237229484	-0.7583180353755042	0.0034748883474441383	0.041802493922260216	0.041802493922260216
just	1	20	492	resid	9	utterance_final	0	prompt_without	93	92	-0.38797505838530405	-0.41584122606686186	-0.4114759692123958	0.0043652568544660375	0.15665077826094548	0.15665077826094548
just	1	22	52	resid	9	utterance_final	0	prompt_without	51	50	-0.49871410243213177	-0.669625835493207	-0.6679759100079536	0.001649925485253334	0.009653670088663451	0.009653670088663451
just	1	23	218	resid	9	utterance_final	0	prompt_without	33	32	-0.8336779955894716	-0.8965597075800742	-0.8845296598249867	0.012030047755087536	0.19131234462708943	0.19131234462708943
just	1	18	146	resid	10	utterance_final	0	prompt_without	37	36	-0.6786665831293378	-0.7617929237229484	-0.7580306615148272	0.0037622622081211476	0.04525956731951136	0.04525956731951136
just	1	20	492	resid	10	utterance_final	0	prompt_without	93	92	-0.38797505838530405	-0.41584122606686186	-0.41244554945400785	0.003395676612854004	0.1218566058906373	0.1218566058906373
just	1	22	52	resid	10	utterance_final	0	prompt_without	51	50	-0.49871410243213177	-0.669625835493207	-0.6740577276796103	-0.0044318921864032745	-0.025930883193487603	0.0
just	1	23	218	resid	10	utterance_final	0	prompt_without	33	32	-0.8336779955894716	-0.8965597075800742	-0.8841113582734139	0.012448349306660278	0.19796454187698706	0.19796454187698706
just	1	18	146	resid	11	utterance_final	0	prompt_without	37	36	-0.6786665831293378	-0.7617929237229484	-0.7617633740107218	2.95497122265731e-05	0.0003554795268931207	0.0003554795268931207
just	1	20	492	resid	11	utterance_final	0	prompt_without	93	92	-0.38797505838530405	-0.41584122606686186	-0.4119277809347425	0.003913445132119331	0.1404371486183692	0.1404371486183692
just	1	22	52	resid	11	utterance_final	0	prompt_without	51	50	-0.49871410243213177	-0.669625835493207	-0.6783951688557863	-0.008769333362579346	-0.05130913604068148	0.0
just	1	23	218	resid	11	utterance_final	0	prompt_without	33	32	-0.8336779955894716	-0.8965597075800742	-0.8867085326102472	0.009851174969827015	0.15666200327528038	0.15666200327528038
just	1	18	146	resid	12	utterance_final	0	prompt_without	37	36	-0.6786665831293378	-0.7617929237229484	-0.7591350958460853	0.0026578278768630836	0.031973353546942675	0.031973353546942675
just	1	20	492	resid	12	utterance_final	0	prompt_without	93	92	-0.38797505838530405	-0.41584122606686186	-0.4132447966507503	0.0025964294161115453	0.0931749728122786	0.0931749728122786
just	1	22	52	resid	12	utterance_final	0	prompt_without	51	50	-0.49871410243213177	-0.669625835493207	-0.6540775112807751	0.015548324212431908	0.09097283102778979	0.09097283102778979
just	1	23	218	resid	12	utterance_final	0	prompt_without	33	32	-0.8336779955894716	-0.8965597075800742	-0.890227852329131	0.0063318552509431525	0.10069470201271596	0.10069470201271596
just	1	18	146	resid	13	utterance_final	0	prompt_without	37	36	-0.6786665831293378	-0.7617929237229484	-0.7604172116234189	0.0013757120995294692	0.016549653090770267	0.016549653090770267
just	1	20	492	resid	13	utterance_final	0	prompt_without	93	92	-0.38797505838530405	-0.41584122606686186	-0.41473218372889925	0.0011090423379626069	0.039798882667909354	0.039798882667909354
just	1	22	52	resid	13	utterance_final	0	prompt_without	51	50	-0.49871410243213177	-0.669625835493207	-0.6442231573164463	0.025402678176760674	0.14863039372307482	0.14863039372307482
just	1	23	218	resid	13	utterance_final	0	prompt_without	33	32	-0.8336779955894716	-0.8965597075800742	-0.8896353860055247	0.006924321574549475	0.11011661984623272	0.11011661984623272
just	1	18	146	resid	14	utterance_final	0	prompt_without	37	36	-0.6786665831293378	-0.7617929237229484	-0.7593588460059393	0.0024340777170090977	0.029281665710618215	0.029281665710618215
just	1	20	492	resid	14	utterance_final	0	prompt_without	93	92	-0.38797505838530405	-0.41584122606686186	-0.4169308458055769	-0.0010896197387150197	-0.039101886960801725	0.0
just	1	22	52	resid	14	utterance_final	0	prompt_without	51	50	-0.49871410243213177	-0.669625835493207	-0.6499050594866276	0.0197207760065794	0.11538573539320551	0.11538573539320551
just	1	23	218	resid	14	utterance_final	0	prompt_without	33	32	-0.8336779955894716	-0.8965597075800742	-0.8973517302543886	-0.000792022674314441	-0.012595437516599516	0.0
just	1	18	146	resid	15	utterance_final	0	prompt_without	37	36	-0.6786665831293378	-0.7617929237229484	-0.7620743910471598	-0.0002814673242114152	-0.003386018465403852	0.0
just	1	20	492	resid	15	utterance_final	0	prompt_without	93	92	-0.38797505838530405	-0.41584122606686186	-0.4173498749732971	-0.0015086489064352615	-0.05413908807538343	0.0
just	1	22	52	resid	15	utterance_final	0	prompt_without	51	50	-0.49871410243213177	-0.669625835493207	-0.6512058936059475	0.018419941887259483	0.10777458959284632	0.10777458959284632
just	1	23	218	resid	15	utterance_final	0	prompt_without	33	32	-0.8336779955894716	-0.8965597075800742	-0.8929426554710634	0.0036170521090107544	0.057521527237542606	0.057521527237542606
just	1	18	146	resid	16	utterance_final	0	prompt_without	37	36	-0.6786665831293378	-0.7617929237229484	-0.761873702208201	-8.077848525267495e-05	-0.0009717555792283235	0.0
just	1	20	492	resid	16	utterance_final	0	prompt_without	93	92	-0.38797505838530405	-0.41584122606686186	-0.4173443189689091	-0.0015030929020472539	-0.053939706357326644	0.0
just	1	22	52	resid	16	utterance_final	0	prompt_without	51	50	-0.49871410243213177	-0.669625835493207	-0.6358270775526762	0.03379875794053078	0.1977556328941607	0.1977556328941607
just	1	23	218	resid	16	utterance_final	0	prompt_without	33	32	-0.8336779955894716	-0.8965597075800742	-0.8932190325952345	0.0033406749848396977	0.05312633640348325	0.05312633640348325
just	1	18	146	resid	17	utterance_final	0	prompt_without	37	36	-0.6786665831293378	-0.7617929237229484	-0.7619347288495019	-0.00014180512655348476	-0.0017058988226938078	0.0
just	1	20	492	resid	17	utterance_final	0	prompt_without	93	92	-0.38797505838530405	-0.41584122606686186	-0.41757913146700176	-0.0017379054001399052	-0.06236614305920773	0.0
just	1	22	52	resid	17	utterance_final	0	prompt_without	51	50	-0.49871410243213177	-0.669625835493207	-0.6588584631681442	0.010767372325062752	0.06299960881687998	0.06299960881687998
just	1	23	218	resid	17	utterance_final	0	prompt_without	33	32	-0.8336779955894716	-0.8965597075800742	-0.8944443887279879	0.0021153188520862676	0.03363965110241265	0.03363965110241265
just	1	18	146	resid	18	utterance_final	0	prompt_without	37	36	-0.6786665831293378	-0.7617929237229484	-0.7592990710621789	0.0024938526607695133	0.030000751181403516	0.030000751181403516
just	1	20	492	resid	18	utterance_final	0	prompt_without	93	92	-0.38797505838530405	-0.41584122606686186	-0.41443180612155367	0.001409419945308188	0.05057817642577958	0.05057817642577958
just	1	22	52	resid	18	utterance_final	0	prompt_without	51	50	-0.49871410243213177	-0.669625835493207	-0.6668452098965645	0.002780625596642494	0.016269366338054973	0.016269366338054973
just	1	23	218	resid	18	utterance_final	0	prompt_without	33	32	-0.8336779955894716	-0.8965597075800742	-0.8958243823820545	0.0007353251980196651	0.01169378464329274	0.01169378464329274
just	1	18	146	resid	19	utterance_final	0	prompt_without	37	36	-0.6786665831293378	-0.7617929237229484	-0.759193017369225	0.0025999063537234246	0.031276564505995634	0.031276564505995634
just	1	20	492	resid	19	utterance_final	0	prompt_without	93	92	-0.38797505838530405	-0.41584122606686186	-0.41386609843799044	0.0019751276288714203	0.07087905489704584	0.07087905489704584
just	1	22	52	resid	19	utterance_final	0	prompt_without	51	50	-0.49871410243213177	-0.669625835493207	-0.6675892043858767	0.0020366311073303223	0.011916274388268788	0.011916274388268788
just	1	23	218	resid	19	utterance_final	0	prompt_without	33	32	-0.8336779955894716	-0.8965597075800742	-0.8961664745884557	0.00039323299161853065	0.006253535076737381	0.006253535076737381
just	1	18	146	resid	20	utterance_final	0	prompt_without	37	36	-0.6786665831293378	-0.7617929237229484	-0.760702425525302	0.0010904981976463946	0.013118563741156851	0.013118563741156851
just	1	20	492	resid	20	utterance_final	0	prompt_without	93	92	-0.38797505838530405	-0.41584122606686186	-0.41447347828320097	0.0013677477836608887	0.04908273714889335	0.04908273714889335
just	1	22	52	resid	20	utterance_final	0	prompt_without	51	50	-0.49871410243213177	-0.669625835493207	-0.6686854474246502	0.0009403880685567856	0.005502185553409247	0.005502185553409247
just	1	23	218	resid	20	utterance_final	0	prompt_without	33	32	-0.8336779955894716	-0.8965597075800742	-0.8959904447678597	0.0005692628122144772	0.009052915294347449	0.009052915294347449
just	1	18	146	resid	21	utterance_final	0	prompt_without	37	36	-0.6786665831293378	-0.7617929237229484	-0.7614043184689113	0.0003886052540370555	0.004674875030730334	0.004674875030730334
just	1	20	492	resid	21	utterance_final	0	prompt_without	93	92	-0.38797505838530405	-0.41584122606686186	-0.4146629912512643	0.0011782348155975342	0.04228191077660475	0.04228191077660475
just	1	22	52	resid	21	utterance_final	0	prompt_without	51	50	-0.49871410243213177	-0.669625835493207	-0.6693311762064695	0.000294659286737442	0.0017240436420602305	0.0017240436420602305
just	1	23	218	resid	21	utterance_final	0	prompt_without	33	32	-0.8336779955894716	-0.8965597075800742	-0.8961691433383573	0.0003905642417169064	0.006211094280882092	0.006211094280882092
just	1	18	146	resid	22	utterance_final	0	prompt_without	37	36	-0.6786665831293378	-0.7617929237229484	-0.7619261798404512	-0.0001332561175028113	-0.001603055259635162	0.0
just	1	20	492	resid	22	utterance_final	0	prompt_without	93	92	-0.38797505838530405	-0.41584122606686186	-0.41486322028296335	0.0009780057838985057	0.03509652978029565	0.03509652978029565
just	1	22	52	resid	22	utterance_final	0	prompt_without	51	50	-0.49871410243213177	-0.669625835493207	-0.6692368444055319	0.0003889910876750946	0.002275976497974477	0.002275976497974477
just	1	23	218	resid	22	utterance_final	0	prompt_without	33	32	-0.8336779955894716	-0.8965597075800742	-0.8971518547304215	-0.0005921471503472775	-0.009416842061103103	0.0
just	1	18	146	resid	23	utterance_final	0	prompt_without	37	36	-0.6786665831293378	-0.7617929237229484	-0.7613210564567929	0.0004718672661554457	0.005676507143052504	0.005676507143052504
just	1	20	492	resid	23	utterance_final	0	prompt_without	93	92	-0.38797505838530405	-0.41584122606686186	-0.41473573446273804	0.0011054916041238205	0.03967146170786338	0.03967146170786338
just	1	22	52	resid	23	utterance_final	0	prompt_without	51	50	-0.49871410243213177	-0.669625835493207	-0.6695105079561472	0.00011532753705978394	0.000674778349000602	0.000674778349000602
just	1	23	218	resid	23	utterance_final	0	prompt_without	33	32	-0.8336779955894716	-0.8965597075800742	-0.8957214278559531	0.0008382797241210938	0.013331057593444207	0.013331057593444207
just	1	18	146	resid	24	utterance_final	0	prompt_without	37	36	-0.6786665831293378	-0.7617929237229484	-0.7615474008378529	0.0002455228850954949	0.002953611133874054	0.002953611133874054
just	1	20	492	resid	24	utterance_final	0	prompt_without	93	92	-0.38797505838530405	-0.41584122606686186	-0.41516578623226713	0.0006754398345947266	0.024238705598608072	0.024238705598608072
just	1	22	52	resid	24	utterance_final	0	prompt_without	51	50	-0.49871410243213177	-0.669625835493207	-0.6703204922378063	-0.0006946567445993423	-0.004064418118977865	0.0
just	1	23	218	resid	24	utterance_final	0	prompt_without	33	32	-0.8336779955894716	-0.8965597075800742	-0.895733279566611	0.0008264280134632207	0.013142581321366177	0.013142581321366177
just	1	18	146	resid	25	utterance_final	0	prompt_without	37	36	-0.6786665831293378	-0.7617929237229484	-0.7618233079002017	-3.0384177253317546e-05	-0.0003655180420110181	0.0
just	1	20	492	resid	25	utterance_final	0	prompt_without	93	92	-0.38797505838530405	-0.41584122606686186	-0.4152441791125706	0.0005970469542912471	0.021425513587445343	0.021425513587445343
just	1	22	52	resid	25	utterance_final	0	prompt_without	51	50	-0.49871410243213177	-0.669625835493207	-0.6703391131013632	-0.0007132776081562042	-0.004173368295910468	0.0
just	1	23	218	resid	25	utterance_final	0	prompt_without	33	32	-0.8336779955894716	-0.8965597075800742	-0.8970356602822581	-0.0004759527021839238	-0.007569016286564419	0.0
just	1	18	146	resid	26	utterance_final	0	prompt_without	37	36	-0.6786665831293378	-0.7617929237229484	-0.7617392114230565	5.371229989192816e-05	0.0006461525854303842	0.0006461525854303842
just	1	20	492	resid	26	utterance_final	0	prompt_without	93	92	-0.38797505838530405	-0.41584122606686186	-0.4144409937517984	0.0014002323150634766	0.05024847087208797	0.05024847087208797
just	1	22	52	resid	26	utterance_final	0	prompt_without	51	50	-0.49871410243213177	-0.669625835493207	-0.669765891507268	-0.00014005601406097412	-0.0008194640095945033	0.0
just	1	23	218	resid	26	utterance_final	0	prompt_without	33	32	-0.8336779955894716	-0.8965597075800742	-0.8955730238268452	0.0009866837532289674	0.015691108304691573	0.015691108304691573
just	1	18	146	resid	27	utterance_final	0	prompt_without	37	36	-0.6786665831293378	-0.7617929237229484	-0.7614688816524687	0.0003240420704796465	0.0038981876041413724	0.0038981876041413724
just	1	20	492	resid	27	utterance_final	0	prompt_without	93	92	-0.38797505838530405	-0.41584122606686186	-0.4147510400840214	0.0010901859828404414	0.03912220708992362	0.03912220708992362
just	1	22	52	resid	27	utterance_final	0	prompt_without	51	50	-0.49871410243213177	-0.669625835493207	-0.6694304663687944	0.00019536912441253662	0.0011430995456743838	0.0011430995456743838
just	1	23	218	resid	27	utterance_final	0	prompt_without	33	32	-0.8336779955894716	-0.8965597075800742	-0.896145720635691	0.0004139869443832156	0.006583582591470863	0.006583582591470863
just	1	18	146	resid	28	utterance_final	0	prompt_without	37	36	-0.6786665831293378	-0.7617929237229484	-0.7617428331148057	5.0090608142649984e-05	0.0006025840640277163	0.0006025840640277163
just	1	20	492	resid	28	utterance_final	0	prompt_without	93	92	-0.38797505838530405	-0.41584122606686186	-0.41475020136151997	0.001091024705341892	0.039152305326288064	0.039152305326288064
just	1	22	52	resid	28	utterance_final	0	prompt_without	51	50	-0.49871410243213177	-0.669625835493207	-0.6700895447283983	-0.0004637092351913452	-0.002713150389889493	0.0
just	1	23	218	resid	28	utterance_final	0	prompt_without	33	32	-0.8336779955894716	-0.8965597075800742	-0.8968515626845821	-0.00029185510450790986	-0.004641335219237138	0.0
just	1	18	146	resid	29	utterance_final	0	prompt_without	37	36	-0.6786665831293378	-0.7617929237229484	-0.7615194235529218	0.000273500170026586	0.0032901745472434323	0.0032901745472434323
just	1	20	492	resid	29	utterance_final	0	prompt_without	93	92	-0.38797505838530405	-0.41584122606686186	-0.4153323599270412	0.0005088661398206518	0.01826107363006453	0.01826107363006453
just	1	22	52	resid	29	utterance_final	0	prompt_without	51	50	-0.49871410243213177	-0.669625835493207	-0.6697534117847681	-0.0001275762915611267	-0.000746445485492429	0.0
just	1	23	218	resid	29	utterance_final	0	prompt_without	33	32	-0.8336779955894716	-0.8965597075800742	-0.8962559776921426	0.00030372988793159195	0.004830178414623687	0.004830178414623687
just	1	18	146	resid	30	utterance_final	0	prompt_without	37	36	-0.6786665831293378	-0.7617929237229484	-0.762196211587815	-0.0004032878648666527	-0.0048515050943749955	0.0
just	1	20	492	resid	30	utterance_final	0	prompt_without	93	92	-0.38797505838530405	-0.41584122606686186	-0.41582387685775757	1.7349209104289276e-05	0.000622590422283693	0.000622590422283693
just	1	22	52	resid	30	utterance_final	0	prompt_without	51	50	-0.49871410243213177	-0.669625835493207	-0.6701060179620981	-0.0004801824688911438	-0.0028095348417042313	0.0
just	1	23	218	resid	30	utterance_final	0	prompt_without	33	32	-0.8336779955894716	-0.8965597075800742	-0.8961383373506607	0.0004213702294134647	0.006700998049741982	0.006700998049741982
just	1	18	146	resid	31	utterance_final	0	prompt_without	37	36	-0.6786665831293378	-0.7617929237229484	-0.7617929237229484	0.0	0.0	0.0
just	1	20	492	resid	31	utterance_final	0	prompt_without	93	92	-0.38797505838530405	-0.41584122606686186	-0.41584122606686186	0.0	0.0	0.0
just	1	22	52	resid	31	utterance_final	0	prompt_without	51	50	-0.49871410243213177	-0.669625835493207	-0.669625835493207	0.0	0.0	0.0
just	1	23	218	resid	31	utterance_final	0	prompt_without	33	32	-0.8336779955894716	-0.8965597075800742	-0.8965597075800742	0.0	0.0	0.0
just	1	28	6	resid	0	utterance_final	0	prompt_without	38	37	-0.46957128842671714	-0.7794718305269878	-0.781412132581075	-0.0019403020540872395	-0.006261047628175624	0.0
just	1	29	76	resid	0	utterance_final	0	prompt_without	68	68	-0.6198534094370328	-0.783491694010221	-0.7826669949751633	0.0008246990350576633	0.005039768274329543	0.005039768274329543
just	1	30	334	resid	0	utterance_final	0	prompt_without	70	69	-0.24109645116896855	-0.2810814210346767	-0.28102115790049237	6.0263134184335154e-05	0.001507144669277791	0.001507144669277791
just	1	32	347	resid	0	utterance_final	0	prompt_without	26	25	-0.43844628604975616	-0.4801799248565327	-0.4795073243704709	0.0006726004860618251	0.01611650709816875	0.01611650709816875
just	1	28	6	resid	1	utterance_final	0	prompt_without	38	37	-0.46957128842671714	-0.7794718305269878	-0.7787550489107767	0.0007167816162110263	0.0023129408272513003	0.0023129408272513003
just	1	29	76	resid	1	utterance_final	0	prompt_without	68	68	-0.6198534094370328	-0.783491694010221	-0.7831576145612277	0.00033407944899332964	0.00204157266659631	0.00204157266659631
just	1	30	334	resid	1	utterance_final	0	prompt_without	70	69	-0.24109645116896855	-0.2810814210346767	-0.28140529564448763	-0.00032387460981092575	-0.008099908813203497	0.0
just	1	32	347	resid	1	utterance_final	0	prompt_without	26	25	-0.43844628604975616	-0.4801799248565327	-0.4797860031778162	0.0003939216787164912	0.009438948770806145	0.009438948770806145
just	1	28	6	resid	2	utterance_final	0	prompt_without	38	37	-0.46957128842671714	-0.7794718305269878	-0.7723892490069072	0.007082581520080566	0.022854369573154683	0.022854369573154683
just	1	29	76	resid	2	utterance_final	0	prompt_without	68	68	-0.6198534094370328	-0.783491694010221	-0.782006364602309	0.0014853294079120172	0.009076906494016043	0.009076906494016043
just	1	30	334	resid	2	utterance_final	0	prompt_without	70	69	-0.24109645116896855	-0.2810814210346767	-0.28069156124478295	0.0003898597898937539	0.009750158402097605	0.009750158402097605
just	1	32	347	resid	2	utterance_final	0	prompt_without	26	25	-0.43844628604975616	-0.4801799248565327	-0.4787313369187442	0.0014485879377885147	0.03471031952174988	0.03471031952174988
just	1	28	6	resid	3	utterance_final	0	prompt_without	38	37	-0.46957128842671714	-0.7794718305269878	-0.7465909481048584	0.03288088242212939	0.10610140337053858	0.10610140337053858
just	1	29	76	resid	3	utterance_final	0	prompt_without	68	68	-0.6198534094370328	-0.783491694010221	-0.7828799761258639	0.0006117178843570992	0.0037382320766354937	0.0037382320766354937
just	1	30	334	resid	3	utterance_final	0	prompt_without	70	69	-0.24109645116896855	-0.2810814210346767	-0.27857830978575204	0.002503111248924661	0.06260130387321801	0.06260130387321801
just	1	32	347	resid	3	utterance_final	0	prompt_without	26	25	-0.43844628604975616	-0.4801799248565327	-0.47362452474507416	0.006555400111458554	0.15707712768133011	0.15707712768133011
just	1	28	6	resid	4	utterance_final	0	prompt_without	38	37	-0.46957128842671714	-0.7794718305269878	-0.7242006301879883	0.05527120033899946	0.17835141547160008	0.17835141547160008
just	1	29	76	resid	4	utterance_final	0	prompt_without	68	68	-0.6198534094370328	-0.783491694010221	-0.7837029145314143	-0.00021122052119326717	-0.0012907769214532284	0.0
just	1	30	334	resid	4	utterance_final	0	prompt_without	70	69	-0.24109645116896855	-0.2810814210346767	-0.275588557833717	0.005492863200959708	0.13737319846451826	0.13737319846451826
just	1	32	347	resid	4	utterance_final	0	prompt_without	26	25	-0.43844628604975616	-0.4801799248565327	-0.4760336523706263	0.004146272485906433	0.09935084992476564	0.09935084992476564
just	1	28	6	resid	5	utterance_final	0	prompt_without	38	37	-0.46957128842671714	-0.7794718305269878	-0.7042909622192383	0.0751808683077495	0.24259676281374226	0.24259676281374226
just	1	29	76	resid	5	utterance_final	0	prompt_without	68	68	-0.6198534094370328	-0.783491694010221	-0.7832322991811312	0.0002593948290897652	0.0015851720137884317	0.0015851720137884317
just	1	30	334	resid	5	utterance_final	0	prompt_without	70	69	-0.24109645116896855	-0.2810814210346767	-0.2758703288577852	0.00521109217689153	0.13032627495764748	0.13032627495764748
just	1	32	347	resid	5	utterance_final	0	prompt_without	26	25	-0.43844628604975616	-0.4801799248565327	-0.47480148347941314	0.005378441377119569	0.12887544750222543	0.12887544750222543
just	1	28	6	resid	6	utterance_final	0	prompt_without	38	37	-0.46957128842671714	-0.7794718305269878	-0.6731709957122802	0.10630083481470753	0.3430159692341329	0.3430159692341329
just	1	29	76	resid	6	utterance_final	0	prompt_without	68	68	-0.6198534094370328	-0.783491694010221	-0.7815774174836966	0.0019142765265244277	0.011698219224904282	0.011698219224904282
just	1	30	334	resid	6	utterance_final	0	prompt_without	70	69	-0.24109645116896855	-0.2810814210346767	-0.2724801756086804	0.008601245425996329	0.21511196469283614	0.21511196469283614
just	1	32	347	resid	6	utterance_final	0	prompt_without	26	25	-0.43844628604975616	-0.4801799248565327	-0.47484714605591516	0.005332778800617555	0.12778130431683418	0.12778130431683418
just	1	28	6	resid	7	utterance_final	0	prompt_without	38	37	-0.46957128842671714	-0.7794718305269878	-0.666503910223643	0.1129679203033448	0.3645295988762523	0.3645295988762523
just	1	29	76	resid	7	utterance_final	0	prompt_without	68	68	-0.6198534094370328	-0.783491694010221	-0.78057127732497	0.002920416685251004	0.017846781349903668	0.017846781349903668
just	1	30	334	resid	7	utterance_final	0	prompt_without	70	69	-0.24109645116896855	-0.2810814210346767	-0.2690514269329253	0.012029994101751429	0.30086290278959477	0.30086290278959477
just	1	32	347	resid	7	utterance_final	0	prompt_without	26	25	-0.43844628604975616	-0.4801799248565327	-0.47182141921736975	0.00835850563916296	0.20028221545363398	0.20028221545363398
just	1	28	6	resid	8	utterance_final	0	prompt_without	38	37	-0.46957128842671714	-0.7794718305269878	-0.6651709953943888	0.11430083513259892	0.3688307040638091	0.3688307040638091
just	1	29	76	resid	8	utterance_final	0	prompt_without	68	68	-0.6198534094370328	-0.783491694010221	-0.7828402794324435	0.0006514145777775093	0.003980820133115979	0.003980820133115979
just	1	30	334	resid	8	utterance_final	0	prompt_without	70	69	-0.24109645116896855	-0.2810814210346767	-0.26633511838458834	0.014746302650088361	0.3687961426409642	0.3687961426409642
just	1	32	347	resid	8	utterance_final	0	prompt_without	26	25	-0.43844628604975616	-0.4801799248565327	-0.469201307405125	0.010978617451407713	0.2630639878357563	0.2630639878357563
just	1	28	6	resid	9	utterance_final	0	prompt_without	38	37	-0.46957128842671714	-0.7794718305269878	-0.6706658244132996	0.10880600611368818	0.35109976051117453	0.35109976051117453
just	1	29	76	resid	9	utterance_final	0	prompt_without	68	68	-0.6198534094370328	-0.783491694010221	-0.781743022111746	0.0017486718984750516	0.010686202822499937	0.010686202822499937
just	1	30	334	resid	9	utterance_final	0	prompt_without	70	69	-0.24109645116896855	-0.2810814210346767	-0.26668810844421387	0.014393312590462837	0.359968073973886	0.359968073973886
just	1	32	347	resid	9	utterance_final	0	prompt_without	26	25	-0.43844628604975616	-0.4801799248565327	-0.4715235856446353	0.008656339211897401	0.20741875042278407	0.20741875042278407
just	1	28	6	resid	10	utterance_final	0	prompt_without	38	37	-0.46957128842671714	-0.7794718305269878	-0.6749212940533956	0.10455053647359214	0.33736803351497213	0.33736803351497213
just	1	29	76	resid	10	utterance_final	0	prompt_without	68	68	-0.6198534094370328	-0.783491694010221	-0.7814452969110929	0.0020463970991281277	0.01250561324610357	0.01250561324610357
just	1	30	334	resid	10	utterance_final	0	prompt_without	70	69	-0.24109645116896855	-0.2810814210346767	-0.2664794694809687	0.014601951553708026	0.3651860087115116	0.3651860087115116
just	1	32	347	resid	10	utterance_final	0	prompt_without	26	25	-0.43844628604975616	-0.4801799248565327	-0.4710457243702628	0.009134200486269894	0.21886901663572927	0.21886901663572927
just	1	28	6	resid	11	utterance_final	0	prompt_without	38	37	-0.46957128842671714	-0.7794718305269878	-0.6773523767789205	0.1021194537480673	0.3295233143381395	0.3295233143381395
just	1	29	76	resid	11	utterance_final	0	prompt_without	68	68	-0.6198534094370328	-0.783491694010221	-0.7814206297581012	0.002071064252119781	0.01265635518926187	0.01265635518926187
just	1	30	334	resid	11	utterance_final	0	prompt_without	70	69	-0.24109645116896855	-0.2810814210346767	-0.2672524736041114	0.013828947430565286	0.345853641431033	0.345853641431033
just	1	32	347	resid	11	utterance_final	0	prompt_without	26	25	-0.43844628604975616	-0.4801799248565327	-0.4712331945245916	0.0089467303319411	0.2143769531663355	0.2143769531663355
just	1	28	6	resid	12	utterance_final	0	prompt_without	38	37	-0.46957128842671714	-0.7794718305269878	-0.6765604893366496	0.10291134119033818	0.3320786097787478	0.3320786097787478
just	1	29	76	resid	12	utterance_final	0	prompt_without	68	68	-0.6198534094370328	-0.783491694010221	-0.7795464350627019	0.00394525894751907	0.024109632766007943	0.024109632766007943
just	1	30	334	resid	12	utterance_final	0	prompt_without	70	69	-0.24109645116896855	-0.2810814210346767	-0.2675685655503046	0.013512855484372088	0.3379483723448035	0.3379483723448035
just	1	32	347	resid	12	utterance_final	0	prompt_without	26	25	-0.43844628604975616	-0.4801799248565327	-0.4715639894658869	0.008615935390645812	0.20645061482745158	0.20645061482745158
just	1	28	6	resid	13	utterance_final	0	prompt_without	38	37	-0.46957128842671714	-0.7794718305269878	-0.6937673926353455	0.08570443789164228	0.27655465624810677	0.27655465624810677
just	1	29	76	resid	13	utterance_final	0	prompt_without	68	68	-0.6198534094370328	-0.783491694010221	-0.7799504261750442	0.003541267835176831	0.021640827172036126	0.021640827172036126
just	1	30	334	resid	13	utterance_final	0	prompt_without	70	69	-0.24109645116896855	-0.2810814210346767	-0.2687368847074963	0.012344536327180411	0.3087294142934271	0.3087294142934271
just	1	32	347	resid	13	utterance_final	0	prompt_without	26	25	-0.43844628604975616	-0.4801799248565327	-0.475018325177106	0.005161599679426698	0.12367959820912086	0.12367959820912086
just	1	28	6	resid	14	utterance_final	0	prompt_without	38	37	-0.46957128842671714	-0.7794718305269878	-0.7239155968030294	0.05555623372395835	0.17927117309134205	0.17927117309134205
just	1	29	76	resid	14	utterance_final	0	prompt_without	68	68	-0.6198534094370328	-0.783491694010221	-0.7815961425121014	0.0018955514981195964	0.011583789839056885	0.011583789839056885
just	1	30	334	resid	14	utterance_final	0	prompt_without	70	69	-0.24109645116896855	-0.2810814210346767	-0.27345740227472215	0.007624018759954554	0.1906721146860999	0.1906721146860999
just	1	32	347	resid	14	utterance_final	0	prompt_without	26	25	-0.43844628604975616	-0.4801799248565327	-0.47612368247725745	0.0040562423792752655	0.09719359478945383	0.09719359478945383
just	1	28	6	resid	15	utterance_final	0	prompt_without	38	37	-0.46957128842671714	-0.7794718305269878	-0.7413722197214763	0.0380996108055115	0.12294141387201603	0.12294141387201603
just	1	29	76	resid	15	utterance_final	0	prompt_without	68	68	-0.6198534094370328	-0.783491694010221	-0.7817830718480624	0.0017086221621586128	0.010441457306981372	0.010441457306981372
just	1	30	334	resid	15	utterance_final	0	prompt_without	70	69	-0.24109645116896855	-0.2810814210346767	-0.2756437914712088	0.005437629563467883	0.1359918384765695	0.1359918384765695
just	1	32	347	resid	15	utterance_final	0	prompt_without	26	25	-0.43844628604975616	-0.4801799248565327	-0.47731736302375793	0.0028625618327747793	0.06859123514314709	0.06859123514314709
just	1	28	6	resid	16	utterance_final	0	prompt_without	38	37	-0.46957128842671714	-0.7794718305269878	-0.7577854673067729	0.021686363220214888	0.06997846171304245	0.06997846171304245
just	1	29	76	resid	16	utterance_final	0	prompt_without	68	68	-0.6198534094370328	-0.783491694010221	-0.7818986681791452	0.0015930258310757894	0.009735043576329469	0.009735043576329469
just	1	30	334	resid	16	utterance_final	0	prompt_without	70	69	-0.24109645116896855	-0.2810814210346767	-0.27529014292217435	0.005791278112502352	0.14483637556693668	0.14483637556693668
just	1	32	347	resid	16	utterance_final	0	prompt_without	26	25	-0.43844628604975616	-0.4801799248565327	-0.4776510271159085	0.002528897740624203	0.060596147686349605	0.060596147686349605
just	1	28	6	resid	17	utterance_final	0	prompt_without	38	37	-0.46957128842671714	-0.7794718305269878	-0.762139372030894	0.017332458496093772	0.055929100280456195	0.055929100280456195
just	1	29	76	resid	17	utterance_final	0	prompt_without	68	68	-0.6198534094370328	-0.783491694010221	-0.7824801894334646	0.0010115045767563613	0.006181344294794046	0.006181344294794046
just	1	30	334	resid	17	utterance_final	0	prompt_without	70	69	-0.24109645116896855	-0.2810814210346767	-0.27724285920461017	0.0038385618300665336	0.09600011811834713	0.09600011811834713
just	1	32	347	resid	17	utterance_final	0	prompt_without	26	25	-0.43844628604975616	-0.4801799248565327	-0.4792456410147927	0.0009342838417399912	0.022386829149158346	0.022386829149158346
just	1	28	6	resid	18	utterance_final	0	prompt_without	38	37	-0.46957128842671714	-0.7794718305269878	-0.7669363935788472	0.012535436948140521	0.04044987099146341	0.04044987099146341
just	1	29	76	resid	18	utterance_final	0	prompt_without	68	68	-0.6198534094370328	-0.783491694010221	-0.7817477996532733	0.0017438943569476617	0.010657007078118659	0.010657007078118659
just	1	30	334	resid	18	utterance_final	0	prompt_without	70	69	-0.24109645116896855	-0.2810814210346767	-0.27781425203595844	0.0032671689987182617	0.08170992774763214	0.08170992774763214
just	1	32	347	resid	18	utterance_final	0	prompt_without	26	25	-0.43844628604975616	-0.4801799248565327	-0.4797874553637071	0.00039246949282562005	0.00940415223898215	0.00940415223898215
just	1	28	6	resid	19	utterance_final	0	prompt_without	38	37	-0.46957128842671714	-0.7794718305269878	-0.7677400867144267	0.011731743812561035	0.037856480447088545	0.037856480447088545
just	1	29	76	resid	19	utterance_final	0	prompt_without	68	68	-0.6198534094370328	-0.783491694010221	-0.78222544835164	0.0012662456585810222	0.007738077075812209	0.007738077075812209
just	1	30	334	resid	19	utterance_final	0	prompt_without	70	69	-0.24109645116896855	-0.2810814210346767	-0.27817853291829425	0.0029028881163824516	0.07259948240881436	0.07259948240881436
just	1	32	347	resid	19	utterance_final	0	prompt_without	26	25	-0.43844628604975616	-0.4801799248565327	-0.4800789708440954	0.00010095401243731539	0.002419008150828268	0.002419008150828268
just	1	28	6	resid	20	utterance_final	0	prompt_without	38	37	-0.46957128842671714	-0.7794718305269878	-0.768047034740448	0.011424795786539765	0.036866007749167436	0.036866007749167436
just	1	29	76	resid	20	utterance_final	0	prompt_without	68	68	-0.6198534094370328	-0.783491694010221	-0.7826033005347619	0.0008883934754591039	0.005429007507480712	0.005429007507480712
just	1	30	334	resid	20	utterance_final	0	prompt_without	70	69	-0.24109645116896855	-0.2810814210346767	-0.28082373028709773	0.0002576907475789758	0.006444690303492667	0.006444690303492667
just	1	32	347	resid	20	utterance_final	0	prompt_without	26	25	-0.43844628604975616	-0.4801799248565327	-0.4801794561472806	4.687092521327152e-07	1.1230970160613169e-05	1.1230970160613169e-05
just	1	28	6	resid	21	utterance_final	0	prompt_without	38	37	-0.46957128842671714	-0.7794718305269878	-0.7693493843078614	0.01012244621912639	0.03266353182386883	0.03266353182386883
just	1	29	76	resid	21	utterance_final	0	prompt_without	68	68	-0.6198534094370328	-0.783491694010221	-0.7827368928835943	0.0007548011266267363	0.004612619403799403	0.004612619403799403
just	1	30	334	resid	21	utterance_final	0	prompt_without	70	69	-0.24109645116896855	-0.2810814210346767	-0.2803937139965239	0.0006877070381527961	0.0171991385878869	0.0171991385878869
just	1	32	347	resid	21	utterance_final	0	prompt_without	26	25	-0.43844628604975616	-0.4801799248565327	-0.48050257563591003	-0.00032265077937732034	-0.0077311921174946655	0.0
just	1	28	6	resid	22	utterance_final	0	prompt_without	38	37	-0.46957128842671714	-0.7794718305269878	-0.7698152860005697	0.009656544526418065	0.03116014080186287	0.03116014080186287
just	1	29	76	resid	22	utterance_final	0	prompt_without	68	68	-0.6198534094370328	-0.783491694010221	-0.7842877415510324	-0.0007960475408114176	-0.004864677864887912	0.0
just	1	30	334	resid	22	utterance_final	0	prompt_without	70	69	-0.24109645116896855	-0.2810814210346767	-0.2796146415528797	0.0014667794817970203	0.03668327090712547	0.03668327090712547
just	1	32	347	resid	22	utterance_final	0	prompt_without	26	25	-0.43844628604975616	-0.4801799248565327	-0.47937079722231085	0.0008091276342218623	0.019387900440890362	0.019387900440890362
just	1	28	6	resid	23	utterance_final	0	prompt_without	38	37	-0.46957128842671714	-0.7794718305269878	-0.7697461128234864	0.00972571770350139	0.03138335169595981	0.03138335169595981
just	1	29	76	resid	23	utterance_final	0	prompt_without	68	68	-0.6198534094370328	-0.783491694010221	-0.7828107659633343	0.0006809280468866863	0.0041611781048837455	0.0041611781048837455
just	1	30	334	resid	23	utterance_final	0	prompt_without	70	69	-0.24109645116896855	-0.2810814210346767	-0.27966656003679546	0.0014148609978812399	0.03538482091228611	0.03538482091228611
just	1	32	347	resid	23	utterance_final	0	prompt_without	26	25	-0.43844628604975616	-0.4801799248565327	-0.4802969043905085	-0.00011697953397576955	-0.002803003460047554	0.0
just	1	28	6	resid	24	utterance_final	0	prompt_without	38	37	-0.46957128842671714	-0.7794718305269878	-0.7698057134946187	0.009666117032369081	0.031191029763483077	0.031191029763483077
just	1	29	76	resid	24	utterance_final	0	prompt_without	68	68	-0.6198534094370328	-0.783491694010221	-0.78334713440675	0.00014455960347103947	0.0008834094285948367	0.0008834094285948367
just	1	30	334	resid	24	utterance_final	0	prompt_without	70	69	-0.24109645116896855	-0.2810814210346767	-0.2792277279354277	0.0018536930992489875	0.046359747311920545	0.046359747311920545
just	1	32	347	resid	24	utterance_final	0	prompt_without	26	25	-0.43844628604975616	-0.4801799248565327	-0.4806827333840457	-0.000502808527512999	-0.012048039468615778	0.0
just	1	28	6	resid	25	utterance_final	0	prompt_without	38	37	-0.46957128842671714	-0.7794718305269878	-0.7780245105425517	0.0014473199844360352	0.004670272515908487	0.004670272515908487
just	1	29	76	resid	25	utterance_final	0	prompt_without	68	68	-0.6198534094370328	-0.783491694010221	-0.7833190743739789	0.00017261963624215504	0.0010548853936741796	0.0010548853936741796
just	1	30	334	resid	25	utterance_final	0	prompt_without	70	69	-0.24109645116896855	-0.2810814210346767	-0.27958968707493376	0.0014917339597429469	0.03730736736211187	0.03730736736211187
just	1	32	347	resid	25	utterance_final	0	prompt_without	26	25	-0.43844628604975616	-0.4801799248565327	-0.48070666464892303	-0.0005267397923903183	-0.012621468135790457	0.0
just	1	28	6	resid	26	utterance_final	0	prompt_without	38	37	-0.46957128842671714	-0.7794718305269878	-0.778449825445811	0.00102200508117678	0.0032978486396003227	0.0032978486396003227
just	1	29	76	resid	26	utterance_final	0	prompt_without	68	68	-0.6198534094370328	-0.783491694010221	-0.7834882415257968	3.452484424237845e-06	2.1098268252095376e-05	2.1098268252095376e-05
just	1	30	334	resid	26	utterance_final	0	prompt_without	70	69	-0.24109645116896855	-0.2810814210346767	-0.28032298882802326	0.0007584322066534477	0.018967932430627967	0.018967932430627967
just	1	32	347	resid	26	utterance_final	0	prompt_without	26	25	-0.43844628604975616	-0.4801799248565327	-0.4806714789433913	-0.000491554086858581	-0.01177836634697582	0.0
just	1	28	6	resid	27	utterance_final	0	prompt_without	38	37	-0.46957128842671714	-0.7794718305269878	-0.7779986222585042	0.0014732082684835168	0.004753809911074145	0.004753809911074145
just	1	29	76	resid	27	utterance_final	0	prompt_without	68	68	-0.6198534094370328	-0.783491694010221	-0.7833038155849164	0.00018787842530465504	0.0011481324544234347	0.0011481324544234347
just	1	30	334	resid	27	utterance_final	0	prompt_without	70	69	-0.24109645116896855	-0.2810814210346767	-0.2802729436329433	0.0008084774017333984	0.02021953260059259	0.02021953260059259
just	1	32	347	resid	27	utterance_final	0	prompt_without	26	25	-0.43844628604975616	-0.4801799248565327	-0.480084627866745	9.529698978771872e-05	0.002283457482079055	0.002283457482079055
just	1	28	6	resid	28	utterance_final	0	prompt_without	38	37	-0.46957128842671714	-0.7794718305269878	-0.7779701828956604	0.0015016476313273186	0.004845579233744771	0.004845579233744771
just	1	29	76	resid	28	utterance_final	0	prompt_without	68	68	-0.6198534094370328	-0.783491694010221	-0.7838567953843337	-0.0003651013741127196	-0.0022311488724353246	0.0
just	1	30	334	resid	28	utterance_final	0	prompt_without	70	69	-0.24109645116896855	-0.2810814210346767	-0.2809504951749529	0.0001309258597237961	0.0032743768511897904	0.0032743768511897904
just	1	32	347	resid	28	utterance_final	0	prompt_without	26	25	-0.43844628604975616	-0.4801799248565327	-0.4801212901418859	5.8634714646788044e-05	0.0014049748913163825	0.0014049748913163825
just	1	28	6	resid	29	utterance_final	0	prompt_without	38	37	-0.46957128842671714	-0.7794718305269878	-0.7788268605868022	0.0006449699401855913	0.002081215914675317	0.002081215914675317
just	1	29	76	resid	29	utterance_final	0	prompt_without	68	68	-0.6198534094370328	-0.783491694010221	-0.7833789357772241	0.00011275823299694565	0.0006890700015039199	0.0006890700015039199
just	1	30	334	resid	29	utterance_final	0	prompt_without	70	69	-0.24109645116896855	-0.2810814210346767	-0.2809592201596215	0.0001222008750552117	0.003056170242609422	0.003056170242609422
just	1	32	347	resid	29	utterance_final	0	prompt_without	26	25	-0.43844628604975616	-0.4801799248565327	-0.48041103915734723	-0.00023111430081451667	-0.005537842072304253	0.0
just	1	28	6	resid	30	utterance_final	0	prompt_without	38	37	-0.46957128842671714	-0.7794718305269878	-0.7789550503094991	0.0005167802174886882	0.0016675679686984223	0.0016675679686984223
just	1	29	76	resid	30	utterance_final	0	prompt_without	68	68	-0.6198534094370328	-0.783491694010221	-0.7836888845150287	-0.0001971905048077094	-0.001205038938913557	0.0
just	1	30	334	resid	30	utterance_final	0	prompt_without	70	69	-0.24109645116896855	-0.2810814210346767	-0.2814017647788638	-0.00032034374418710154	-0.008011603991774776	0.0
just	1	32	347	resid	30	utterance_final	0	prompt_without	26	25	-0.43844628604975616	-0.4801799248565327	-0.4803050024942918	-0.00012507763775909675	-0.00299704606009067	0.0
just	1	28	6	resid	31	utterance_final	0	prompt_without	38	37	-0.46957128842671714	-0.7794718305269878	-0.7794718305269878	0.0	0.0	0.0
just	1	29	76	resid	31	utterance_final	0	prompt_without	68	68	-0.6198534094370328	-0.783491694010221	-0.783491694010221	0.0	0.0	0.0
just	1	30	334	resid	31	utterance_final	0	prompt_without	70	69	-0.24109645116896855	-0.2810814210346767	-0.2810814210346767	0.0	0.0	0.0
just	1	32	347	resid	31	utterance_final	0	prompt_without	26	25	-0.43844628604975616	-0.4801799248565327	-0.4801799248565327	0.0	0.0	0.0
just	1	38	61	resid	0	utterance_final	0	prompt_without	81	80	-0.7810891178938059	-0.9507696949518644	-0.952192471577571	-0.0014227766257066676	-0.008385029390958787	0.0
just	1	38	61	resid	1	utterance_final	0	prompt_without	81	80	-0.7810891178938059	-0.9507696949518644	-0.9509789760296161	-0.00020928107775175508	-0.0012333826380148787	0.0
just	1	38	61	resid	2	utterance_final	0	prompt_without	81	80	-0.7810891178938059	-0.9507696949518644	-0.9516574419461764	-0.0008877469943120442	-0.0052318716125552165	0.0
just	1	38	61	resid	3	utterance_final	0	prompt_without	81	80	-0.7810891178938059	-0.9507696949518644	-0.9517070330106295	-0.0009373380587651692	-0.005524132903228201	0.0
just	1	38	61	resid	4	utterance_final	0	prompt_without	81	80	-0.7810891178938059	-0.9507696949518644	-0.9529372270290668	-0.0021675320772024387	-0.012774190863700258	0.0
just	1	38	61	resid	5	utterance_final	0	prompt_without	81	80	-0.7810891178938059	-0.9507696949518644	-0.9525802318866436	-0.0018105369347792832	-0.010670266250684565	0.0
just	1	38	61	resid	6	utterance_final	0	prompt_without	81	80	-0.7810891178938059	-0.9507696949518644	-0.9556509577311002	-0.00488126277923584	-0.028767363147083416	0.0
just	1	38	61	resid	7	utterance_final	0	prompt_without	81	80	-0.7810891178938059	-0.9507696949518644	-0.9545380610686082	-0.0037683661167438043	-0.022208588526042124	0.0
just	1	38	61	resid	8	utterance_final	0	prompt_without	81	80	-0.7810891178938059	-0.9507696949518644	-0.9531007959292486	-0.002331100977384204	-0.013738172145575545	0.0
just	1	38	61	resid	9	utterance_final	0	prompt_without	81	80	-0.7810891178938059	-0.9507696949518644	-0.946318621818836	0.004451073133028394	0.026232072109852615	0.026232072109852615
just	1	38	61	resid	10	utterance_final	0	prompt_without	81	80	-0.7810891178938059	-0.9507696949518644	-0.947589227786431	0.0031804671654334093	0.018743849299529252	0.018743849299529252
just	1	38	61	resid	11	utterance_final	0	prompt_without	81	80	-0.7810891178938059	-0.9507696949518644	-0.9505659983708308	0.00020369658103358557	0.0012004708173752145	0.0012004708173752145
just	1	38	61	resid	12	utterance_final	0	prompt_without	81	80	-0.7810891178938059	-0.9507696949518644	-0.9548207200490512	-0.0040510250971868	-0.02387441843624027	0.0
just	1	38	61	resid	13	utterance_final	0	prompt_without	81	80	-0.7810891178938059	-0.9507696949518644	-0.9531074487246	-0.0023377537727355957	-0.013777379905631165	0.0
just	1	38	61	resid	14	utterance_final	0	prompt_without	81	80	-0.7810891178938059	-0.9507696949518644	-0.9541878425157987	-0.003418147563934326	-0.020144601245461115	0.0
just	1	38	61	resid	15	utterance_final	0	prompt_without	81	80	-0.7810891178938059	-0.9507696949518644	-0.954534072142381	-0.003764377190516588	-0.02218508008272836	0.0
just	1	38	61	resid	16	utterance_final	0	prompt_without	81	80	-0.7810891178938059	-0.9507696949518644	-0.9544892265246465	-0.003719531572782153	-0.02192078573323961	0.0
just	1	38	61	resid	17	utterance_final	0	prompt_without	81	80	-0.7810891178938059	-0.9507696949518644	-0.9531422945169302	-0.0023725995650658582	-0.013982741019639752	0.0
just	1	38	61	resid	18	utterance_final	0	prompt_without	81	80	-0.7810891178938059	-0.9507696949518644	-0.950067937374115	0.0007017575777493734	0.004135756666535013	0.004135756666535013
just	1	38	61	resid	19	utterance_final	0	prompt_without	81	80	-0.7810891178938059	-0.9507696949518644	-0.9501887880838834	0.000580906867980957	0.003423531897715034	0.003423531897715034
just	1	38	61	resid	20	utterance_final	0	prompt_without	81	80	-0.7810891178938059	-0.9507696949518644	-0.9482110601205093	0.0025586348313551	0.015079126177651014	0.015079126177651014
just	1	38	61	resid	21	utterance_final	0	prompt_without	81	80	-0.7810891178938059	-0.9507696949518644	-0.950714675279764	5.5019672100309336e-05	0.00032425439053925193	0.00032425439053925193
just	1	38	61	resid	22	utterance_final	0	prompt_without	81	80	-0.7810891178938059	-0.9507696949518644	-0.9498538008103004	0.0009158941415640109	0.005397754754515158	0.005397754754515158
just	1	38	61	resid	23	utterance_final	0	prompt_without	81	80	-0.7810891178938059	-0.9507696949518644	-0.950256897852971	0.0005127970988934027	0.003022131983426378	0.003022131983426378
just	1	38	61	resid	24	utterance_final	0	prompt_without	81	80	-0.7810891178938059	-0.9507696949518644	-0.9516077545972971	-0.0008380596454327094	-0.004939042876698586	0.0
just	1	38	61	resid	25	utterance_final	0	prompt_without	81	80	-0.7810891178938059	-0.9507696949518644	-0.9507053127655616	6.438218630278048e-05	0.0003794316793297517	0.0003794316793297517
just	1	38	61	resid	26	utterance_final	0	prompt_without	81	80	-0.7810891178938059	-0.9507696949518644	-0.950043825002817	0.0007258699490473308	0.004277861153188822	0.004277861153188822
just	1	38	61	resid	27	utterance_final	0	prompt_without	81	80	-0.7810891178938059	-0.9507696949518644	-0.9500367412200341	0.0007329537318302437	0.0043196089059707385	0.0043196089059707385
just	1	38	61	resid	28	utterance_final	0	prompt_without	81	80	-0.7810891178938059	-0.9507696949518644	-0.9512878885635963	-0.0005181936117318875	-0.0030539359348983153	0.0
just	1	38	61	resid	29	utterance_final	0	prompt_without	81	80	-0.7810891178938059	-0.9507696949518644	-0.9504885811072129	0.0002811138446514594	0.0016567237660635283	0.0016567237660635283
just	1	38	61	resid	30	utterance_final	0	prompt_without	81	80	-0.7810891178938059	-0.9507696949518644	-0.9502646877215459	0.0005050072303184328	0.0029762229659652663	0.0029762229659652663
just	1	38	61	resid	31	utterance_final	0	prompt_without	81	80	-0.7810891178938059	-0.9507696949518644	-0.9507696949518644	0.0	0.0	0.0
just	0	0	162	attn	0	utterance_final	0	prompt_without	28	27	-0.4615573245425557	-0.5357130738191827	-0.5355578245118607	0.0001552493073219141	0.002093557260715953	0.002093557260715953
just	0	1	1	attn	0	utterance_final	0	prompt_without	28	27	-1.195556640625	-2.1697591145833335	-2.1619466145833335	0.0078125	0.008019380168741123	0.008019380168741123
just	0	3	2	attn	0	utterance_final	0	prompt_without	33	32	-0.37853654225667316	-0.7311519235372543	-0.7330683569113413	-0.0019164333740869788	-0.0054349114526063315	0.0
just	0	5	5	attn	0	utterance_final	0	prompt_without	26	25	-0.7108791122833887	-1.0601252168416977	-1.0567197402318318	0.0034054766098658984	0.009750936561405028	0.009750936561405028
just	0	0	162	attn	1	utterance_final	0	prompt_without	28	27	-0.4615573245425557	-0.5357130738191827	-0.5357550438060317	-4.196998684902198e-05	-0.0005659707744636119	0.0
just	0	1	1	attn	1	utterance_final	0	prompt_without	28	27	-1.195556640625	-2.1697591145833335	-2.1770833333333335	-0.00732421875	-0.007518168908194803	0.0
just	0	3	2	attn	1	utterance_final	0	prompt_without	33	32	-0.37853654225667316	-0.7311519235372543	-0.7289196451505026	0.0022322783867517737	0.006330632483032604	0.006330632483032604
just	0	5	5	attn	1	utterance_final	0	prompt_without	26	25	-0.7108791122833887	-1.0601252168416977	-1.0508193522691727	0.009305864572525024	0.02664557872247176	0.02664557872247176
just	0	0	162	attn	2	utterance_final	0	prompt_without	28	27	-0.4615573245425557	-0.5357130738191827	-0.5367662629415823	-0.0010531891223996004	-0.014202393377091178	0.0
just	0	1	1	attn	2	utterance_final	0	prompt_without	28	27	-1.195556640625	-2.1697591145833335	-2.16357421875	0.006184895833333481	0.006348675966920208	0.006348675966920208
just	0	3	2	attn	2	utterance_final	0	prompt_without	33	32	-0.37853654225667316	-0.7311519235372543	-0.7298463433980942	0.0013055801391601562	0.0037025615116922173	0.0037025615116922173
just	0	5	5	attn	2	utterance_final	0	prompt_without	26	25	-0.7108791122833887	-1.0601252168416977	-1.0564196854829788	0.003705531358718872	0.010610086441494465	0.010610086441494465
just	0	0	162	attn	3	utterance_final	0	prompt_without	28	27	-0.4615573245425557	-0.5357130738191827	-0.536514631537504	-0.0008015577183213551	-0.010809110906981249	0.0
just	0	1	1	attn	3	utterance_final	0	prompt_without	28	27	-1.195556640625	-2.1697591145833335	-2.1482747395833335	0.021484375	0.02205329546403809	0.02205329546403809
just	0	3	2	attn	3	utterance_final	0	prompt_without	33	32	-0.37853654225667316	-0.7311519235372543	-0.7178879827260971	0.013263940811157227	0.037615888345502765	0.037615888345502765
just	0	5	5	attn	3	utterance_final	0	prompt_without	26	25	-0.7108791122833887	-1.0601252168416977	-1.05718990166982	0.002935315171877617	0.008404718430832339	0.008404718430832339
just	0	0	162	attn	4	utterance_final	0	prompt_without	28	27	-0.4615573245425557	-0.5357130738191827	-0.5370572639066119	-0.0013441900874292534	-0.018126579537548104	0.0
just	0	1	1	attn	4	utterance_final	0	prompt_without	28	27	-1.195556640625	-2.1697591145833335	-2.1637369791666665	0.006022135416666963	0.006181605546738253	0.006181605546738253
just	0	3	2	attn	4	utterance_final	0	prompt_without	33	32	-0.37853654225667316	-0.7311519235372543	-0.7040136754512787	0.027138248085975647	0.07696274617238365	0.07696274617238365
just	0	5	5	attn	4	utterance_final	0	prompt_without	26	25	-0.7108791122833887	-1.0601252168416977	-1.0555211305618286	0.00460408627986908	0.013182928083598415	0.013182928083598415
just	0	0	162	attn	5	utterance_final	0	prompt_without	28	27	-0.4615573245425557	-0.5357130738191827	-0.5326452671095382	0.0030678067096444606	0.04136977563533835	0.04136977563533835
just	0	1	1	attn	5	utterance_final	0	prompt_without	28	27	-1.195556640625	-2.1697591145833335	-2.0709635416666665	0.09879557291666696	0.10141174505053908	0.10141174505053908
just	0	3	2	attn	5	utterance_final	0	prompt_without	33	32	-0.37853654225667316	-0.7311519235372543	-0.6915363371372223	0.03961558640003204	0.11234786825282969	0.11234786825282969
just	0	5	5	attn	5	utterance_final	0	prompt_without	26	25	-0.7108791122833887	-1.0601252168416977	-1.0543077737092972	0.005817443132400513	0.016657145366754555	0.016657145366754555
just	0	0	162	attn	6	utterance_final	0	prompt_without	28	27	-0.4615573245425557	-0.5357130738191827	-0.533514374910399	0.0021986989087836584	0.02964974301023837	0.02964974301023837
just	0	1	1	attn	6	utterance_final	0	prompt_without	28	27	-1.195556640625	-2.1697591145833335	-1.7814127604166667	0.38834635416666674	0.39863002255450675	0.39863002255450675
just	0	3	2	attn	6	utterance_final	0	prompt_without	33	32	-0.37853654225667316	-0.7311519235372543	-0.6611419717470804	0.07000995179017389	0.19854480407497016	0.19854480407497016
just	0	5	5	attn	6	utterance_final	0	prompt_without	26	25	-0.7108791122833887	-1.0601252168416977	-1.0530469417572021	0.007078275084495544	0.02026729859577798	0.02026729859577798
just	0	0	162	attn	7	utterance_final	0	prompt_without	28	27	-0.4615573245425557	-0.5357130738191827	-0.5331101140310598	0.0026029597881228606	0.03510125396229102	0.03510125396229102
just	0	1	1	attn	7	utterance_final	0	prompt_without	28	27	-1.195556640625	-2.1697591145833335	-1.95458984375	0.21516927083333348	0.22086709548074526	0.22086709548074526
just	0	3	2	attn	7	utterance_final	0	prompt_without	33	32	-0.37853654225667316	-0.7311519235372543	-0.6855320334434509	0.045619890093803406	0.12937578028538407	0.12937578028538407
just	0	5	5	attn	7	utterance_final	0	prompt_without	26	25	-0.7108791122833887	-1.0601252168416977	-1.0465935468673706	0.013531669974327087	0.03874537123739883	0.03874537123739883
just	0	0	162	attn	8	utterance_final	0	prompt_without	28	27	-0.4615573245425557	-0.5357130738191827	-0.5341862661893978	0.0015268076297848543	0.0205892010353685	0.0205892010353685
just	0	1	1	attn	8	utterance_final	0	prompt_without	28	27	-1.195556640625	-2.1697591145833335	-2.1222330729166665	0.04752604166666696	0.04878456269317547	0.04878456269317547
just	0	3	2	attn	8	utterance_final	0	prompt_without	33	32	-0.37853654225667316	-0.7311519235372543	-0.6523450414339701	0.07880688210328424	0.22349246881143978	0.22349246881143978
just	0	5	5	attn	8	utterance_final	0	prompt_without	26	25	-0.7108791122833887	-1.0601252168416977	-1.0560434858004253	0.004081731041272407	0.011687262901427539	0.011687262901427539
just	0	0	162	attn	9	utterance_final	0	prompt_without	28	27	-0.4615573245425557	-0.5357130738191827	-0.533020205275957	0.0026928685432257016	0.03631368531090365	0.03631368531090365
just	0	1	1	attn	9	utterance_final	0	prompt_without	28	27	-1.195556640625	-2.1697591145833335	-2.1482747395833335	0.021484375	0.02205329546403809	0.02205329546403809
just	0	3	2	attn	9	utterance_final	0	prompt_without	33	32	-0.37853654225667316	-0.7311519235372543	-0.7664012362559637	-0.03524931271870935	-0.0999653293361612	0.0
just	0	5	5	attn	9	utterance_final	0	prompt_without	26	25	-0.7108791122833887	-1.0601252168416977	-1.050791973869006	0.00933324297269178	0.02672397158014266	0.02672397158014266
just	0	0	162	attn	10	utterance_final	0	prompt_without	28	27	-0.4615573245425557	-0.5357130738191827	-0.5334238895150119	0.0022891843041707993	0.030869950428675994	0.030869950428675994
just	0	1	1	attn	10	utterance_final	0	prompt_without	28	27	-1.195556640625	-2.1697591145833335	-1.9615885416666667	0.20817057291666674	0.2136830674129146	0.2136830674129146
just	0	3	2	attn	10	utterance_final	0	prompt_without	33	32	-0.37853654225667316	-0.7311519235372543	-0.6916481802860895	0.03950374325116479	0.11203068654492723	0.11203068654492723
just	0	5	5	attn	10	utterance_final	0	prompt_without	26	25	-0.7108791122833887	-1.0601252168416977	-1.0415558169285457	0.018569399913151985	0.053169955715430754	0.053169955715430754
just	0	0	162	attn	11	utterance_final	0	prompt_without	28	27	-0.4615573245425557	-0.5357130738191827	-0.5360670838245126	-0.0003540100053299744	-0.00477387132870026	0.0
just	0	1	1	attn	11	utterance_final	0	prompt_without	28	27	-1.195556640625	-2.1697591145833335	-2.1432291666666665	0.026529947916666963	0.0272324784896837	0.0272324784896837
just	0	3	2	attn	11	utterance_final	0	prompt_without	33	32	-0.37853654225667316	-0.7311519235372543	-0.7351572066545486	-0.0040052831172943115	-0.011358787307429593	0.0
just	0	5	5	attn	11	utterance_final	0	prompt_without	26	25	-0.7108791122833887	-1.0601252168416977	-1.0536655833323796	0.006459633509318108	0.018495935745618686	0.018495935745618686
just	0	0	162	attn	12	utterance_final	0	prompt_without	28	27	-0.4615573245425557	-0.5357130738191827	-0.5334284582803416	0.0022846155388410727	0.03080834002928965	0.03080834002928965
just	0	1	1	attn	12	utterance_final	0	prompt_without	28	27	-1.195556640625	-2.1697591145833335	-2.0818684895833335	0.087890625	0.09021802689833763	0.09021802689833763
just	0	3	2	attn	12	utterance_final	0	prompt_without	33	32	-0.37853654225667316	-0.7311519235372543	-0.6695363372564316	0.061615586280822754	0.17473879346118013	0.17473879346118013
just	0	5	5	attn	12	utterance_final	0	prompt_without	26	25	-0.7108791122833887	-1.0601252168416977	-1.0444238533576329	0.015701363484064812	0.04495787720788555	0.04495787720788555
just	0	0	162	attn	13	utterance_final	0	prompt_without	28	27	-0.4615573245425557	-0.5357130738191827	-0.5361957605495009	-0.00048268673031826026	-0.006509093833273393	0.0
just	0	1	1	attn	13	utterance_final	0	prompt_without	28	27	-1.195556640625	-2.1697591145833335	-2.0935872395833335	0.076171875	0.07818895664522595	0.07818895664522595
just	0	3	2	attn	13	utterance_final	0	prompt_without	33	32	-0.37853654225667316	-0.7311519235372543	-0.6985668241977692	0.03258509933948517	0.09240975030966313	0.09240975030966313
just	0	5	5	attn	13	utterance_final	0	prompt_without	26	25	-0.7108791122833887	-1.0601252168416977	-1.0571903735399246	0.0029348433017730713	0.008403367320259057	0.008403367320259057
just	0	0	162	attn	14	utterance_final	0	prompt_without	28	27	-0.4615573245425557	-0.5357130738191827	-0.5358700502750485	-0.00015697645586587594	-0.002116848085241493	0.0
just	0	1	1	attn	14	utterance_final	0	prompt_without	28	27	-1.195556640625	-2.1697591145833335	-2.1744791666666665	-0.004720052083333037	-0.0048450421852807915	0.0
just	0	3	2	attn	14	utterance_final	0	prompt_without	33	32	-0.37853654225667316	-0.7311519235372543	-0.726341779033343	0.004810144503911373	0.0136413348914121	0.0136413348914121
just	0	5	5	attn	14	utterance_final	0	prompt_without	26	25	-0.7108791122833887	-1.0601252168416977	-1.056992510954539	0.0031327058871586377	0.008969909316871454	0.008969909316871454
just	0	0	162	attn	15	utterance_final	0	prompt_without	28	27	-0.4615573245425557	-0.5357130738191827	-0.5364290198614431	-0.0007159460422604402	-0.009654626232548882	0.0
just	0	1	1	attn	15	utterance_final	0	prompt_without	28	27	-1.195556640625	-2.1697591145833335	-2.1780598958333335	-0.00830078125	-0.008520591429287443	0.0
just	0	3	2	attn	15	utterance_final	0	prompt_without	33	32	-0.37853654225667316	-0.7311519235372543	-0.7388436992963155	-0.007691775759061215	-0.021813500395607408	0.0
just	0	5	5	attn	15	utterance_final	0	prompt_without	26	25	-0.7108791122833887	-1.0601252168416977	-1.0580837925275166	0.002041424314181084	0.005845231450076932	0.005845231450076932
just	0	0	162	attn	16	utterance_final	0	prompt_without	28	27	-0.4615573245425557	-0.5357130738191827	-0.5357236557228621	-1.058190367941858e-05	-0.00014269835828836913	0.0
just	0	1	1	attn	16	utterance_final	0	prompt_without	28	27	-1.195556640625	-2.1697591145833335	-2.18212890625	-0.012369791666666519	-0.01269735193383996	0.0
just	0	3	2	attn	16	utterance_final	0	prompt_without	33	32	-0.37853654225667316	-0.7311519235372543	-0.7321946769952774	-0.0010427534580230713	-0.0029571978801268945	0.0
just	0	5	5	attn	16	utterance_final	0	prompt_without	26	25	-0.7108791122833887	-1.0601252168416977	-1.0583789547284443	0.0017462621132533496	0.005000090453297524	0.005000090453297524
just	0	0	162	attn	17	utterance_final	0	prompt_without	28	27	-0.4615573245425557	-0.5357130738191827	-0.5358523629432501	-0.0001392891240674654	-0.0018783320973248905	0.0
just	0	1	1	attn	17	utterance_final	0	prompt_without	28	27	-1.195556640625	-2.1697591145833335	-2.1736653645833335	-0.00390625	-0.0040096900843705615	0.0
just	0	3	2	attn	17	utterance_final	0	prompt_without	33	32	-0.37853654225667316	-0.7311519235372543	-0.726128617922465	0.005023305614789364	0.014245849391329436	0.014245849391329436
just	0	5	5	attn	17	utterance_final	0	prompt_without	26	25	-0.7108791122833887	-1.0601252168416977	-1.0578566988309224	0.0022685180107753222	0.006495471191137017	0.006495471191137017
just	0	0	162	attn	18	utterance_final	0	prompt_without	28	27	-0.4615573245425557	-0.5357130738191827	-0.5354575085085492	0.00025556531063342103	0.0034463317156984397	0.0034463317156984397
just	0	1	1	attn	18	utterance_final	0	prompt_without	28	27	-1.195556640625	-2.1697591145833335	-2.1712239583333335	-0.00146484375	-0.0015036337816389607	0.0
just	0	3	2	attn	18	utterance_final	0	prompt_without	33	32	-0.37853654225667316	-0.7311519235372543	-0.7296761274337769	0.001475796103477478	0.004185285673352876	0.004185285673352876
just	0	5	5	attn	18	utterance_final	0	prompt_without	26	25	-0.7108791122833887	-1.0601252168416977	-1.0593951096137364	0.0007301072279612963	0.0020905236119516976	0.0020905236119516976
just	0	0	162	attn	19	utterance_final	0	prompt_without	28	27	-0.4615573245425557	-0.5357130738191827	-0.535695749659871	1.7324159311660203e-05	0.00023361855932484772	0.00023361855932484772
just	0	1	1	attn	19	utterance_final	0	prompt_without	28	27	-1.195556640625	-2.1697591145833335	-2.1599934895833335	0.009765625	0.010024225210926404	0.010024225210926404
just	0	3	2	attn	19	utterance_final	0	prompt_without	33	32	-0.37853654225667316	-0.7311519235372543	-0.7330192228158315	-0.0018672992785772058	-0.00529556955739083	0.0
just	0	5	5	attn	19	utterance_final	0	prompt_without	26	25	-0.7108791122833887	-1.0601252168416977	-1.058178926507632	0.0019462903340656812	0.0055728333363292675	0.0055728333363292675
just	0	0	162	attn	20	utterance_final	0	prompt_without	28	27	-0.4615573245425557	-0.5357130738191827	-0.5359947958657908	-0.00028172204660814604	-0.003799058729178557	0.0
just	0	1	1	attn	20	utterance_final	0	prompt_without	28	27	-1.195556640625	-2.1697591145833335	-2.1637369791666665	0.006022135416666963	0.006181605546738253	0.006181605546738253
just	0	3	2	attn	20	utterance_final	0	prompt_without	33	32	-0.37853654225667316	-0.7311519235372543	-0.7303424874941508	0.000809436043103573	0.002295521086357526	0.002295521086357526
just	0	5	5	attn	20	utterance_final	0	prompt_without	26	25	-0.7108791122833887	-1.0601252168416977	-1.0602240761121113	-9.885927041364262e-05	-0.0002830647761659927	0.0
just	0	0	162	attn	21	utterance_final	0	prompt_without	28	27	-0.4615573245425557	-0.5357130738191827	-0.5359430895295254	-0.00023001571034275692	-0.0031017920065067065	0.0
just	0	1	1	attn	21	utterance_final	0	prompt_without	28	27	-1.195556640625	-2.1697591145833335	-2.1697591145833335	0.0	0.0	0.0
just	0	3	2	attn	21	utterance_final	0	prompt_without	33	32	-0.37853654225667316	-0.7311519235372543	-0.7306923717260361	0.0004595518112182617	0.0013032664926564553	0.0013032664926564553
just	0	5	5	attn	21	utterance_final	0	prompt_without	26	25	-0.7108791122833887	-1.0601252168416977	-1.0593610008557637	0.0007642159859340136	0.002188187573059738	0.002188187573059738
just	0	0	162	attn	22	utterance_final	0	prompt_without	28	27	-0.4615573245425557	-0.5357130738191827	-0.5357319033423136	-1.8829523130925452e-05	-0.0002539185877643112	0.0
just	0	1	1	attn	22	utterance_final	0	prompt_without	28	27	-1.195556640625	-2.1697591145833335	-2.1695963541666665	0.00016276041666696273	0.00016707042018241063	0.00016707042018241063
just	0	3	2	attn	22	utterance_final	0	prompt_without	33	32	-0.37853654225667316	-0.7311519235372543	-0.7299975901842117	0.0011543333530426025	0.0032736330129742204	0.0032736330129742204
just	0	5	5	attn	22	utterance_final	0	prompt_without	26	25	-0.7108791122833887	-1.0601252168416977	-1.0590777347485225	0.0010474820931751783	0.002999266361180828	0.002999266361180828
just	0	0	162	attn	23	utterance_final	0	prompt_without	28	27	-0.4615573245425557	-0.5357130738191827	-0.5356858552888383	2.7218530344375047e-05	0.0003670454497444344	0.0003670454497444344
just	0	1	1	attn	23	utterance_final	0	prompt_without	28	27	-1.195556640625	-2.1697591145833335	-2.1708984375	-0.0011393229166665186	-0.0011694929412745952	0.0
just	0	3	2	attn	23	utterance_final	0	prompt_without	33	32	-0.37853654225667316	-0.7311519235372543	-0.729808991154035	0.001342932383219364	0.003808490651605391	0.003808490651605391
just	0	5	5	attn	23	utterance_final	0	prompt_without	26	25	-0.7108791122833887	-1.0601252168416977	-1.0574478507041931	0.0026773661375045776	0.007666130280509897	0.007666130280509897
just	0	0	162	attn	24	utterance_final	0	prompt_without	28	27	-0.4615573245425557	-0.5357130738191827	-0.5356816302898318	3.14435293508053e-05	0.00042402011519713617	0.00042402011519713617
just	0	1	1	attn	24	utterance_final	0	prompt_without	28	27	-1.195556640625	-2.1697591145833335	-2.1695963541666665	0.00016276041666696273	0.00016707042018241063	0.00016707042018241063
just	0	3	2	attn	24	utterance_final	0	prompt_without	33	32	-0.37853654225667316	-0.7311519235372543	-0.7300838132699331	0.0010681102673212317	0.0030291085529003652	0.0030291085529003652
just	0	5	5	attn	24	utterance_final	0	prompt_without	26	25	-0.7108791122833887	-1.0601252168416977	-1.0584559539953868	0.0016692628463108594	0.00477961765220538	0.00477961765220538
just	0	0	162	attn	25	utterance_final	0	prompt_without	28	27	-0.4615573245425557	-0.5357130738191827	-0.5357683203941168	-5.524657493416463e-05	-0.0007450073052067148	0.0
just	0	1	1	attn	25	utterance_final	0	prompt_without	28	27	-1.195556640625	-2.1697591145833335	-2.1689453125	0.0008138020833334814	0.0008353521009106857	0.0008353521009106857
just	0	3	2	attn	25	utterance_final	0	prompt_without	33	32	-0.37853654225667316	-0.7311519235372543	-0.7310391515493393	0.00011277198791503906	0.000319815850078601	0.000319815850078601
just	0	5	5	attn	25	utterance_final	0	prompt_without	26	25	-0.7108791122833887	-1.0601252168416977	-1.0584549307823181	0.0016702860593795776	0.004782547428816668	0.004782547428816668
just	0	0	162	attn	26	utterance_final	0	prompt_without	28	27	-0.4615573245425557	-0.5357130738191827	-0.5358330510383429	-0.00011997721916023885	-0.0016179085280722033	0.0
just	0	1	1	attn	26	utterance_final	0	prompt_without	28	27	-1.195556640625	-2.1697591145833335	-2.1687825520833335	0.0009765625	0.0010024225210926404	0.0010024225210926404
just	0	3	2	attn	26	utterance_final	0	prompt_without	33	32	-0.37853654225667316	-0.7311519235372543	-0.7304496814807256	0.0007022420565286902	0.001991524175656722	0.001991524175656722
just	0	5	5	attn	26	utterance_final	0	prompt_without	26	25	-0.7108791122833887	-1.0601252168416977	-1.0594152410825093	0.0007099757591884082	0.002032880968239613	0.002032880968239613
just	0	0	162	attn	27	utterance_final	0	prompt_without	28	27	-0.4615573245425557	-0.5357130738191827	-0.5356645140536996	4.8559765483013884e-05	0.0006548348031906325	0.0006548348031906325
just	0	1	1	attn	27	utterance_final	0	prompt_without	28	27	-1.195556640625	-2.1697591145833335	-2.1710611979166665	-0.0013020833333330373	-0.00133656336145655	0.0
just	0	3	2	attn	27	utterance_final	0	prompt_without	33	32	-0.37853654225667316	-0.7311519235372543	-0.7300009230772654	0.001151000459988949	0.003264181091048553	0.003264181091048553
just	0	5	5	attn	27	utterance_final	0	prompt_without	26	25	-0.7108791122833887	-1.0601252168416977	-1.060267135500908	-0.00014191865921020508	-0.00040635717151287745	0.0
just	0	0	162	attn	28	utterance_final	0	prompt_without	28	27	-0.4615573245425557	-0.5357130738191827	-0.5357054804646691	7.593354513502071e-06	0.00010239738101999613	0.00010239738101999613
just	0	1	1	attn	28	utterance_final	0	prompt_without	28	27	-1.195556640625	-2.1697591145833335	-2.1725260416666665	-0.0027669270833330373	-0.0028401971430955107	0.0
just	0	3	2	attn	28	utterance_final	0	prompt_without	33	32	-0.37853654225667316	-0.7311519235372543	-0.7293112526337305	0.0018406709035238	0.005220052786237227	0.005220052786237227
just	0	5	5	attn	28	utterance_final	0	prompt_without	26	25	-0.7108791122833887	-1.0601252168416977	-1.0602236638466518	-9.84470049540942e-05	-0.00028188433219205114	0.0
just	0	0	162	attn	29	utterance_final	0	prompt_without	28	27	-0.4615573245425557	-0.5357130738191827	-0.5357594656389814	-4.639181979870788e-05	-0.0006255997714438853	0.0
just	0	1	1	attn	29	utterance_final	0	prompt_without	28	27	-1.195556640625	-2.1697591145833335	-2.1647135416666665	0.005045572916666963	0.005179183025645613	0.005179183025645613
just	0	3	2	attn	29	utterance_final	0	prompt_without	33	32	-0.37853654225667316	-0.7311519235372543	-0.7312406152486801	-8.869171142578125e-05	-0.000251525362006849	0.0
just	0	5	5	attn	29	utterance_final	0	prompt_without	26	25	-0.7108791122833887	-1.0601252168416977	-1.059501642982165	0.0006235738595326001	0.001785485511202002	0.001785485511202002
just	0	0	162	attn	30	utterance_final	0	prompt_without	28	27	-0.4615573245425557	-0.5357130738191827	-0.536119821459748	-0.0004067476405653636	-0.005485045253174536	0.0
just	0	1	1	attn	30	utterance_final	0	prompt_without	28	27	-1.195556640625	-2.1697591145833335	-2.1700846354166665	-0.0003255208333330373	-0.00033414084036390956	0.0
just	0	3	2	attn	30	utterance_final	0	prompt_without	33	32	-0.37853654225667316	-0.7311519235372543	-0.7311124255259832	3.949801127112185e-05	0.00011201443092946846	0.00011201443092946846
just	0	5	5	attn	30	utterance_final	0	prompt_without	26	25	-0.7108791122833887	-1.0601252168416977	-1.059012159705162	0.0011130571365356445	0.003187028064187935	0.003187028064187935
just	0	0	162	attn	31	utterance_final	0	prompt_without	28	27	-0.4615573245425557	-0.5357130738191827	-0.5357130738191827	0.0	0.0	0.0
just	0	1	1	attn	31	utterance_final	0	prompt_without	28	27	-1.195556640625	-2.1697591145833335	-2.1697591145833335	0.0	0.0	0.0
just	0	3	2	attn	31	utterance_final	0	prompt_without	33	32	-0.37853654225667316	-0.7311519235372543	-0.7311519235372543	0.0	0.0	0.0
just	0	5	5	attn	31	utterance_final	0	prompt_without	26	25	-0.7108791122833887	-1.0601252168416977	-1.0601252168416977	0.0	0.0	0.0
just	0	6	0	attn	0	utterance_final	0	prompt_without	24	23	-0.7691068649291992	-1.4321659008661907	-1.4343339337242975	-0.0021680328581068498	-0.003269743326916778	0.0
just	0	8	383	attn	0	utterance_final	0	prompt_without	29	28	-0.3251445349305868	-0.36236757785081863	-0.3603300526738167	0.002037525177001953	0.05473827546469873	0.05473827546469873
just	0	11	75	attn	0	utterance_final	0	prompt_without	25	24	-0.5174395442008972	-0.8014094630877177	-0.8001328110694885	0.0012766520182291297	0.004495729770370341	0.004495729770370341
just	0	17	296	attn	0	utterance_final	0	prompt_without	47	46	-0.4483628173669179	-0.49750227067205643	-0.4980496863524119	-0.0005474156803554897	-0.0111400441709482	0.0
just	0	6	0	attn	1	utterance_final	0	prompt_without	24	23	-0.7691068649291992	-1.4321659008661907	-1.426329427295261	0.005836473570929757	0.008802343765185306	0.008802343765185306
just	0	8	383	attn	1	utterance_final	0	prompt_without	29	28	-0.3251445349305868	-0.36236757785081863	-0.3609172850847244	0.0014502927660942078	0.03896223017559725	0.03896223017559725
just	0	11	75	attn	1	utterance_final	0	prompt_without	25	24	-0.5174395442008972	-0.8014094630877177	-0.8012823065121969	0.00012715657552075932	0.00044778184963823256	0.00044778184963823256
just	0	17	296	attn	1	utterance_final	0	prompt_without	47	46	-0.4483628173669179	-0.49750227067205643	-0.49715176555845475	0.00035050511360168457	0.007132865549504031	0.007132865549504031
just	0	6	0	attn	2	utterance_final	0	prompt_without	24	23	-0.7691068649291992	-1.4321659008661907	-1.4366876284281414	-0.004521727561950684	-0.00681949467072849	0.0
just	0	8	383	attn	2	utterance_final	0	prompt_without	29	28	-0.3251445349305868	-0.36236757785081863	-0.3558131083846092	0.006554469466209412	0.17608634200743606	0.17608634200743606
just	0	11	75	attn	2	utterance_final	0	prompt_without	25	24	-0.5174395442008972	-0.8014094630877177	-0.799415647983551	0.0019938151041666297	0.007021219402331443	0.007021219402331443
just	0	17	296	attn	2	utterance_final	0	prompt_without	47	46	-0.4483628173669179	-0.49750227067205643	-0.49621639317936367	0.0012858774926927663	0.026167924268671133	0.026167924268671133
just	0	6	0	attn	3	utterance_final	0	prompt_without	24	23	-0.7691068649291992	-1.4321659008661907	-1.4177572064929538	0.014408694373236886	0.02173063572367348	0.02173063572367348
just	0	8	383	attn	3	utterance_final	0	prompt_without	29	28	-0.3251445349305868	-0.36236757785081863	-0.352583272382617	0.009784305468201637	0.26285614234089333	0.26285614234089333
just	0	11	75	attn	3	utterance_final	0	prompt_without	25	24	-0.5174395442008972	-0.8014094630877177	-0.7856166164080302	0.0157928466796875	0.055614505725100856	0.055614505725100856
just	0	17	296	attn	3	utterance_final	0	prompt_without	47	46	-0.4483628173669179	-0.49750227067205643	-0.49771362874242997	-0.00021135807037353516	-0.0043011888850508105	0.0
just	0	6	0	attn	4	utterance_final	0	prompt_without	24	23	-0.7691068649291992	-1.4321659008661907	-1.425044337908427	0.007121562957763672	0.01074046588883288	0.01074046588883288
just	0	8	383	attn	4	utterance_final	0	prompt_without	29	28	-0.3251445349305868	-0.36236757785081863	-0.3587558586150408	0.003611719235777855	0.097029123694097	0.097029123694097
just	0	11	75	attn	4	utterance_final	0	prompt_without	25	24	-0.5174395442008972	-0.8014094630877177	-0.7941564520200094	0.007253011067708259	0.02554147670337939	0.02554147670337939
just	0	17	296	attn	4	utterance_final	0	prompt_without	47	46	-0.4483628173669179	-0.49750227067205643	-0.49638213051689994	0.0011201401551564905	0.02279512855384895	0.02279512855384895
just	0	6	0	attn	5	utterance_final	0	prompt_without	24	23	-0.7691068649291992	-1.4321659008661907	-1.4268100659052532	0.0053558349609375	0.008077463198083088	0.008077463198083088
just	0	8	383	attn	5	utterance_final	0	prompt_without	29	28	-0.3251445349305868	-0.36236757785081863	-0.34450617246329784	0.01786140538752079	0.47984807222228976	0.47984807222228976
just	0	11	75	attn	5	utterance_final	0	prompt_without	25	24	-0.5174395442008972	-0.8014094630877177	-0.7637863755226135	0.03762308756510413	0.13248969367103722	0.13248969367103722
just	0	17	296	attn	5	utterance_final	0	prompt_without	47	46	-0.4483628173669179	-0.49750227067205643	-0.4967287580172221	0.0007735126548343296	0.015741173391390646	0.015741173391390646
just	0	6	0	attn	6	utterance_final	0	prompt_without	24	23	-0.7691068649291992	-1.4321659008661907	-1.4103559917873807	0.021809909078809975	0.03289286156547078	0.03289286156547078
just	0	8	383	attn	6	utterance_final	0	prompt_without	29	28	-0.3251445349305868	-0.36236757785081863	-0.35116962157189846	0.011197956278920174	0.30083398347945794	0.30083398347945794
just	0	11	75	attn	6	utterance_final	0	prompt_without	25	24	-0.5174395442008972	-0.8014094630877177	-0.7581762274106344	0.04323323567708326	0.15224582887708743	0.15224582887708743
just	0	17	296	attn	6	utterance_final	0	prompt_without	47	46	-0.4483628173669179	-0.49750227067205643	-0.49558404750294155	0.0019182231691148854	0.039036314816190604	0.039036314816190604
just	0	6	0	attn	7	utterance_final	0	prompt_without	24	23	-0.7691068649291992	-1.4321659008661907	-1.4274200068579779	0.004745894008212792	0.007157573837307272	0.007157573837307272
just	0	8	383	attn	7	utterance_final	0	prompt_without	29	28	-0.3251445349305868	-0.36236757785081863	-0.3550241682678461	0.0073434095829725266	0.19728128081063376	0.19728128081063376
just	0	11	75	attn	7	utterance_final	0	prompt_without	25	24	-0.5174395442008972	-0.8014094630877177	-0.7655157049496969	0.03589375813802076	0.1263998605159536	0.1263998605159536
just	0	17	296	attn	7	utterance_final	0	prompt_without	47	46	-0.4483628173669179	-0.49750227067205643	-0.4954230354891883	0.002079235182868122	0.04231294902604657	0.04231294902604657
just	0	6	0	attn	8	utterance_final	0	prompt_without	24	23	-0.7691068649291992	-1.4321659008661907	-1.425839689042833	0.006326211823357575	0.009540948061159876	0.009540948061159876
just	0	8	383	attn	8	utterance_final	0	prompt_without	29	28	-0.3251445349305868	-0.36236757785081863	-0.3643098212778568	-0.0019422434270381927	-0.052178523695668264	0.0
just	0	11	75	attn	8	utterance_final	0	prompt_without	25	24	-0.5174395442008972	-0.8014094630877177	-0.8283081650733948	-0.02689870198567712	-0.09472377247252697	0.0
just	0	17	296	attn	8	utterance_final	0	prompt_without	47	46	-0.4483628173669179	-0.49750227067205643	-0.49557874931229484	0.001923521359761593	0.039144134303188305	0.039144134303188305
just	0	6	0	attn	9	utterance_final	0	prompt_without	24	23	-0.7691068649291992	-1.4321659008661907	-1.4381202459335327	-0.005954345067342048	-0.008980112998426692	0.0
just	0	8	383	attn	9	utterance_final	0	prompt_without	29	28	-0.3251445349305868	-0.36236757785081863	-0.3622212689369917	0.00014630891382694244	0.003930600572889199	0.003930600572889199
just	0	11	75	attn	9	utterance_final	0	prompt_without	25	24	-0.5174395442008972	-0.8014094630877177	-0.8052673935890198	-0.0038579305013021203	-0.013585701318032013	0.0
just	0	17	296	attn	9	utterance_final	0	prompt_without	47	46	-0.4483628173669179	-0.49750227067205643	-0.4963574873076545	0.0011447833644019356	0.023296623942745925	0.023296623942745925
just	0	6	0	attn	10	utterance_final	0	prompt_without	24	23	-0.7691068649291992	-1.4321659008661907	-1.4243915610843234	0.007774339781867257	0.011724958654520213	0.011724958654520213
just	0	8	383	attn	10	utterance_final	0	prompt_without	29	28	-0.3251445349305868	-0.36236757785081863	-0.3634051997214556	-0.00103762187063694	-0.0278757938425545	0.0
just	0	11	75	attn	10	utterance_final	0	prompt_without	25	24	-0.5174395442008972	-0.8014094630877177	-0.7945608099301656	0.006848653157552009	0.024117530421528983	0.024117530421528983
just	0	17	296	attn	10	utterance_final	0	prompt_without	47	46	-0.4483628173669179	-0.49750227067205643	-0.4962932864824931	0.0012089841895633335	0.02460312657643893	0.02460312657643893
just	0	6	0	attn	11	utterance_final	0	prompt_without	24	23	-0.7691068649291992	-1.4321659008661907	-1.408890551990933	0.02327534887525773	0.03510298120342563	0.03510298120342563
just	0	8	383	attn	11	utterance_final	0	prompt_without	29	28	-0.3251445349305868	-0.36236757785081863	-0.36259213276207447	-0.0002245549112558365	-0.006032685499061773	0.0
just	0	11	75	attn	11	utterance_final	0	prompt_without	25	24	-0.5174395442008972	-0.8014094630877177	-0.7889532049496969	0.01245625813802076	0.04386470999058653	0.04386470999058653
just	0	17	296	attn	11	utterance_final	0	prompt_without	47	46	-0.4483628173669179	-0.49750227067205643	-0.49511762460072833	0.0023846460713281004	0.04852813596684311	0.04852813596684311
just	0	6	0	attn	12	utterance_final	0	prompt_without	24	23	-0.7691068649291992	-1.4321659008661907	-1.405465563138326	0.02670033772786473	0.040268416959484715	0.040268416959484715
just	0	8	383	attn	12	utterance_final	0	prompt_without	29	28	-0.3251445349305868	-0.36236757785081863	-0.3662772513926029	-0.0039096735417842865	-0.10503368975402233	0.0
just	0	11	75	attn	12	utterance_final	0	prompt_without	25	24	-0.5174395442008972	-0.8014094630877177	-0.7929942409197489	0.00841522216796875	0.02963420280907548	0.02963420280907548
just	0	17	296	attn	12	utterance_final	0	prompt_without	47	46	-0.4483628173669179	-0.49750227067205643	-0.4958183897866143	0.001683880885442135	0.03426739151910856	0.03426739151910856
just	0	6	0	attn	13	utterance_final	0	prompt_without	24	23	-0.7691068649291992	-1.4321659008661907	-1.4124915997187297	0.019674301147460938	0.02967202025934012	0.02967202025934012
just	0	8	383	attn	13	utterance_final	0	prompt_without	29	28	-0.3251445349305868	-0.36236757785081863	-0.36131334491074085	0.0010542329400777817	0.028322051540412216	0.028322051540412216
just	0	11	75	attn	13	utterance_final	0	prompt_without	25	24	-0.5174395442008972	-0.8014094630877177	-0.7918396592140198	0.00956980387369788	0.033700062003792865	0.033700062003792865
just	0	17	296	attn	13	utterance_final	0	prompt_without	47	46	-0.4483628173669179	-0.49750227067205643	-0.49630415108468795	0.0011981195873684847	0.024382029240915405	0.024382029240915405
just	0	6	0	attn	14	utterance_final	0	prompt_without	24	23	-0.7691068649291992	-1.4321659008661907	-1.4318460755878024	0.0003198252783882527	0.00048234811842402033	0.00048234811842402033
just	0	8	383	attn	14	utterance_final	0	prompt_without	29	28	-0.3251445349305868	-0.36236757785081863	-0.3620122279971838	0.0003553498536348343	0.00954650199867704	0.00954650199867704
just	0	11	75	attn	14	utterance_final	0	prompt_without	25	24	-0.5174395442008972	-0.8014094630877177	-0.8003489772478739	0.00106048583984375	0.0037345006259850333	0.0037345006259850333
just	0	17	296	attn	14	utterance_final	0	prompt_without	47	46	-0.4483628173669179	-0.49750227067205643	-0.49666211671299404	0.0008401539590623952	0.017097340376282535	0.017097340376282535
just	0	6	0	attn	15	utterance_final	0	prompt_without	24	23	-0.7691068649291992	-1.4321659008661907	-1.4300235509872437	0.002142349878947014	0.0032310092508121635	0.0032310092508121635
just	0	8	383	attn	15	utterance_final	0	prompt_without	29	28	-0.3251445349305868	-0.36236757785081863	-0.3622427377849817	0.00012484006583690643	0.003353838269064569	0.003353838269064569
just	0	11	75	attn	15	utterance_final	0	prompt_without	25	24	-0.5174395442008972	-0.8014094630877177	-0.7972692449887594	0.004140218098958259	0.014579777024229077	0.014579777024229077
just	0	17	296	attn	15	utterance_final	0	prompt_without	47	46	-0.4483628173669179	-0.49750227067205643	-0.4973844356007046	0.00011783507135182392	0.002397972778006097	0.002397972778006097
just	0	6	0	attn	16	utterance_final	0	prompt_without	24	23	-0.7691068649291992	-1.4321659008661907	-1.4301701784133911	0.001995722452799553	0.003009871436227891	0.003009871436227891
just	0	8	383	attn	16	utterance_final	0	prompt_without	29	28	-0.3251445349305868	-0.36236757785081863	-0.3613903149962425	0.0009772628545761108	0.02625424408934982	0.02625424408934982
just	0	11	75	attn	16	utterance_final	0	prompt_without	25	24	-0.5174395442008972	-0.8014094630877177	-0.7925746242205302	0.0088348388671875	0.031111882912882506	0.031111882912882506
just	0	17	296	attn	16	utterance_final	0	prompt_without	47	46	-0.4483628173669179	-0.49750227067205643	-0.497186584605111	0.0003156860669454309	0.006424289358392588	0.006424289358392588
just	0	6	0	attn	17	utterance_final	0	prompt_without	24	23	-0.7691068649291992	-1.4321659008661907	-1.4328983359866672	-0.0007324351204764934	-0.0011046303281901048	0.0
just	0	8	383	attn	17	utterance_final	0	prompt_without	29	28	-0.3251445349305868	-0.36236757785081863	-0.36216568388044834	0.00020189397037029266	0.005423897525061213	0.005423897525061213
just	0	11	75	attn	17	utterance_final	0	prompt_without	25	24	-0.5174395442008972	-0.8014094630877177	-0.7984645167986552	0.0029449462890625	0.010370627637627501	0.010370627637627501
just	0	17	296	attn	17	utterance_final	0	prompt_without	47	46	-0.4483628173669179	-0.49750227067205643	-0.49694804350535077	0.0005542271667056675	0.01127865959891971	0.01127865959891971
just	0	6	0	attn	18	utterance_final	0	prompt_without	24	23	-0.7691068649291992	-1.4321659008661907	-1.4325162172317505	-0.0003503163655598218	-0.0005283335971204702	0.0
just	0	8	383	attn	18	utterance_final	0	prompt_without	29	28	-0.3251445349305868	-0.36236757785081863	-0.36206865683197975	0.00029892101883888245	0.008030536876833626	0.008030536876833626
just	0	11	75	attn	18	utterance_final	0	prompt_without	25	24	-0.5174395442008972	-0.8014094630877177	-0.7979279160499573	0.0034815470377603797	0.012260267043101812	0.012260267043101812
just	0	17	296	attn	18	utterance_final	0	prompt_without	47	46	-0.4483628173669179	-0.49750227067205643	-0.4965847565068139	0.00091751416524255	0.01867163966080602	0.01867163966080602
just	0	6	0	attn	19	utterance_final	0	prompt_without	24	23	-0.7691068649291992	-1.4321659008661907	-1.4330746597713895	-0.0009087589051988143	-0.0013705550425304376	0.0
just	0	8	383	attn	19	utterance_final	0	prompt_without	29	28	-0.3251445349305868	-0.36236757785081863	-0.36218119226396084	0.00018638558685779572	0.00500726357211623	0.00500726357211623
just	0	11	75	attn	19	utterance_final	0	prompt_without	25	24	-0.5174395442008972	-0.8014094630877177	-0.7971929510434469	0.004216512044270759	0.014848446134012172	0.014848446134012172
just	0	17	296	attn	19	utterance_final	0	prompt_without	47	46	-0.4483628173669179	-0.49750227067205643	-0.4976377950774299	-0.000135524405373455	-0.002757955090218376	0.0
just	0	6	0	attn	20	utterance_final	0	prompt_without	24	23	-0.7691068649291992	-1.4321659008661907	-1.4326789908938937	-0.0005130900277030559	-0.0007738225405193232	0.0
just	0	8	383	attn	20	utterance_final	0	prompt_without	29	28	-0.3251445349305868	-0.36236757785081863	-0.3626350276172161	-0.0002674497663974762	-0.0071850591841890864	0.0
just	0	11	75	attn	20	utterance_final	0	prompt_without	25	24	-0.5174395442008972	-0.8014094630877177	-0.7992096543312073	0.0021998087565103797	0.007746625998745801	0.007746625998745801
just	0	17	296	attn	20	utterance_final	0	prompt_without	47	46	-0.4483628173669179	-0.49750227067205643	-0.4975903034210205	-8.803274896407309e-05	-0.001791488163643601	0.0
just	0	6	0	attn	21	utterance_final	0	prompt_without	24	23	-0.7691068649291992	-1.4321659008661907	-1.4300364520814683	0.002129448784722321	0.0032115523193392936	0.0032115523193392936
just	0	8	383	attn	21	utterance_final	0	prompt_without	29	28	-0.3251445349305868	-0.36236757785081863	-0.3624681569635868	-0.00010057911276817322	-0.002702065840874753	0.0
just	0	11	75	attn	21	utterance_final	0	prompt_without	25	24	-0.5174395442008972	-0.8014094630877177	-0.7981695135434469	0.0032399495442707593	0.011409481528788545	0.011409481528788545
just	0	17	296	attn	21	utterance_final	0	prompt_without	47	46	-0.4483628173669179	-0.49750227067205643	-0.4979601866669125	-0.0004579159948560618	-0.009318703486841141	0.0
just	0	6	0	attn	22	utterance_final	0	prompt_without	24	23	-0.7691068649291992	-1.4321659008661907	-1.4322178231345282	-5.192226833750091e-05	-7.830715746770236e-05	0.0
just	0	8	383	attn	22	utterance_final	0	prompt_without	29	28	-0.3251445349305868	-0.36236757785081863	-0.36248552054166794	-0.0001179426908493042	-0.0031685397430310266	0.0
just	0	11	75	attn	22	utterance_final	0	prompt_without	25	24	-0.5174395442008972	-0.8014094630877177	-0.7991282741228739	0.00228118896484375	0.008033206382514568	0.008033206382514568
just	0	17	296	attn	22	utterance_final	0	prompt_without	47	46	-0.4483628173669179	-0.49750227067205643	-0.49726088841756183	0.00024138225449460426	0.004912188440431079	0.004912188440431079
just	0	6	0	attn	23	utterance_final	0	prompt_without	24	23	-0.7691068649291992	-1.4321659008661907	-1.432057605849372	0.00010829501681874909	0.00016332635700486863	0.00016332635700486863
just	0	8	383	attn	23	utterance_final	0	prompt_without	29	28	-0.3251445349305868	-0.36236757785081863	-0.362714022397995	-0.0003464445471763611	-0.009307260234440916	0.0
just	0	11	75	attn	23	utterance_final	0	prompt_without	25	24	-0.5174395442008972	-0.8014094630877177	-0.7951304713884989	0.00627899169921875	0.022111467735148792	0.022111467735148792
just	0	17	296	attn	23	utterance_final	0	prompt_without	47	46	-0.4483628173669179	-0.49750227067205643	-0.4969852765401204	0.0005169941319360105	0.010520958154044996	0.010520958154044996
just	0	6	0	attn	24	utterance_final	0	prompt_without	24	23	-0.7691068649291992	-1.4321659008661907	-1.4322199424107869	-5.404154459620614e-05	-8.150336797663601e-05	0.0
just	0	8	383	attn	24	utterance_final	0	prompt_without	29	28	-0.3251445349305868	-0.36236757785081863	-0.3622038662433624	0.00016371160745620728	0.00439812531734812	0.00439812531734812
just	0	11	75	attn	24	utterance_final	0	prompt_without	25	24	-0.5174395442008972	-0.8014094630877177	-0.7944031357765198	0.00700632731119788	0.024672779915080843	0.024672779915080843
just	0	17	296	attn	24	utterance_final	0	prompt_without	47	46	-0.4483628173669179	-0.49750227067205643	-0.4976773262023926	-0.0001750555303361434	-0.003562423237578791	0.0
just	0	6	0	attn	25	utterance_final	0	prompt_without	24	23	-0.7691068649291992	-1.4321659008661907	-1.4314470556047227	0.0007188452614679264	0.0010841346283021413	0.0010841346283021413
just	0	8	383	attn	25	utterance_final	0	prompt_without	29	28	-0.3251445349305868	-0.36236757785081863	-0.36224740743637085	0.00012017041444778442	0.0032283877141722947	0.0032283877141722947
just	0	11	75	attn	25	utterance_final	0	prompt_without	25	24	-0.5174395442008972	-0.8014094630877177	-0.7981440822283427	0.003265380859375	0.011499037898716504	0.011499037898716504
just	0	17	296	attn	25	utterance_final	0	prompt_without	47	46	-0.4483628173669179	-0.49750227067205643	-0.4974715444776747	3.072619438171387e-05	0.0006252856374065688	0.0006252856374065688
just	0	6	0	attn	26	utterance_final	0	prompt_without	24	23	-0.7691068649291992	-1.4321659008661907	-1.4320980840259128	6.781684027790114e-05	0.00010227873628487218	0.00010227873628487218
just	0	8	383	attn	26	utterance_final	0	prompt_without	29	28	-0.3251445349305868	-0.36236757785081863	-0.3622936084866524	7.396936416625977e-05	0.0019871928344164266	0.0019871928344164266
just	0	11	75	attn	26	utterance_final	0	prompt_without	25	24	-0.5174395442008972	-0.8014094630877177	-0.7949651678403219	0.006444295247395759	0.022693584139678574	0.022693584139678574
just	0	17	296	attn	26	utterance_final	0	prompt_without	47	46	-0.4483628173669179	-0.49750227067205643	-0.49728112750583225	0.0002211431662241803	0.0045003180000998365	0.0045003180000998365
just	0	6	0	attn	27	utterance_final	0	prompt_without	24	23	-0.7691068649291992	-1.4321659008661907	-1.4324236048592462	-0.00025770399305558023	-0.00038865919788184456	0.0
just	0	8	383	attn	27	utterance_final	0	prompt_without	29	28	-0.3251445349305868	-0.36236757785081863	-0.36204049177467823	0.00032708607614040375	0.00878719337484961	0.00878719337484961
just	0	11	75	attn	27	utterance_final	0	prompt_without	25	24	-0.5174395442008972	-0.8014094630877177	-0.7979075709978739	0.00350189208984375	0.012331912139044101	0.012331912139044101
just	0	17	296	attn	27	utterance_final	0	prompt_without	47	46	-0.4483628173669179	-0.49750227067205643	-0.49727406435542637	0.00022820631663006408	0.00464405485370348	0.00464405485370348
just	0	6	0	attn	28	utterance_final	0	prompt_without	24	23	-0.7691068649291992	-1.4321659008661907	-1.432329085138109	-0.0001631842719183041	-0.0002461082091848772	0.0
just	0	8	383	attn	28	utterance_final	0	prompt_without	29	28	-0.3251445349305868	-0.36236757785081863	-0.36195153556764126	0.0004160422831773758	0.011177008931509051	0.011177008931509051
just	0	11	75	attn	28	utterance_final	0	prompt_without	25	24	-0.5174395442008972	-0.8014094630877177	-0.7963791489601135	0.00503031412760413	0.01771424997169866	0.01771424997169866
just	0	17	296	attn	28	utterance_final	0	prompt_without	47	46	-0.4483628173669179	-0.49750227067205643	-0.49750259187486434	-3.2120280790692846e-07	-6.536556398223914e-06	0.0
just	0	6	0	attn	29	utterance_final	0	prompt_without	24	23	-0.7691068649291992	-1.4321659008661907	-1.4327491256925795	-0.0005832248263888395	-0.0008795971320482264	0.0
just	0	8	383	attn	29	utterance_final	0	prompt_without	29	28	-0.3251445349305868	-0.36236757785081863	-0.36229278706014156	7.479079067707062e-05	0.002009260522772028	0.002009260522772028
just	0	11	75	attn	29	utterance_final	0	prompt_without	25	24	-0.5174395442008972	-0.8014094630877177	-0.7982229193051656	0.0031865437825520093	0.011221413151940378	0.011221413151940378
just	0	17	296	attn	29	utterance_final	0	prompt_without	47	46	-0.4483628173669179	-0.49750227067205643	-0.49735445115301347	0.00014781951904296875	0.0030081636872323777	0.0030081636872323777
just	0	6	0	attn	30	utterance_final	0	prompt_without	24	23	-0.7691068649291992	-1.4321659008661907	-1.4323286612828572	-0.00016276041666651864	-0.00024546896708302346	0.0
just	0	8	383	attn	30	utterance_final	0	prompt_without	29	28	-0.3251445349305868	-0.36236757785081863	-0.3624622020870447	-9.462423622608185e-05	-0.0025420876103240553	0.0
just	0	11	75	attn	30	utterance_final	0	prompt_without	25	24	-0.5174395442008972	-0.8014094630877177	-0.7982737819353739	0.00313568115234375	0.011042300412085242	0.011042300412085242
just	0	17	296	attn	30	utterance_final	0	prompt_without	47	46	-0.4483628173669179	-0.49750227067205643	-0.49721818168958026	0.00028408898247617165	0.005781280892810918	0.005781280892810918
just	0	6	0	attn	31	utterance_final	0	prompt_without	24	23	-0.7691068649291992	-1.4321659008661907	-1.4321659008661907	0.0	0.0	0.0
just	0	8	383	attn	31	utterance_final	0	prompt_without	29	28	-0.3251445349305868	-0.36236757785081863	-0.36236757785081863	0.0	0.0	0.0
just	0	11	75	attn	31	utterance_final	0	prompt_without	25	24	-0.5174395442008972	-0.8014094630877177	-0.8014094630877177	0.0	0.0	0.0
just	0	17	296	attn	31	utterance_final	0	prompt_without	47	46	-0.4483628173669179	-0.49750227067205643	-0.49750227067205643	0.0	0.0	0.0
just	0	19	165	attn	0	utterance_final	0	prompt_without	32	31	-0.5664214678108692	-0.6366394050419331	-0.6365711614489555	6.82435929775238e-05	0.0009718826224267579	0.0009718826224267579
just	0	21	244	attn	0	utterance_final	0	prompt_without	54	53	-0.3882971592247486	-0.4403469078242779	-0.44000802747905254	0.00033888034522533417	0.006510700903335371	0.006510700903335371
just	0	24	457	attn	0	utterance_final	0	prompt_without	45	44	-0.30480959227210597	-0.32799839973449707	-0.3281942323634499	-0.00019583262895284115	-0.008445135838505424	0.0
just	0	25	30	attn	0	utterance_final	0	prompt_without	40	39	-0.6369946116492862	-0.8973461048943656	-0.8975887412116641	-0.00024263631729848356	-0.0009319566954435715	0.0
just	0	19	165	attn	1	utterance_final	0	prompt_without	32	31	-0.5664214678108692	-0.6366394050419331	-0.6366307064890862	8.69855284690857e-06	0.00012387935604380587	0.00012387935604380587
just	0	21	244	attn	1	utterance_final	0	prompt_without	54	53	-0.3882971592247486	-0.4403469078242779	-0.4400894735008478	0.00025743432343006134	0.0049459282774017	0.0049459282774017
just	0	24	457	attn	1	utterance_final	0	prompt_without	45	44	-0.30480959227210597	-0.32799839973449707	-0.32801042418730886	-1.2024452811787434e-05	-0.0005185455453580077	0.0
just	0	25	30	attn	1	utterance_final	0	prompt_without	40	39	-0.6369946116492862	-0.8973461048943656	-0.8989053680783227	-0.0015592631839570492	-0.005989069486493213	0.0
just	0	19	165	attn	2	utterance_final	0	prompt_without	32	31	-0.5664214678108692	-0.6366394050419331	-0.6378505975008011	-0.0012111924588680267	-0.01724904642075138	0.0
just	0	21	244	attn	2	utterance_final	0	prompt_without	54	53	-0.3882971592247486	-0.4403469078242779	-0.4378679729998112	0.0024789348244667053	0.04762625932239612	0.04762625932239612
just	0	24	457	attn	2	utterance_final	0	prompt_without	45	44	-0.30480959227210597	-0.32799839973449707	-0.32774389731256587	0.000254502421931202	0.010975226834927503	0.010975226834927503
just	0	25	30	attn	2	utterance_final	0	prompt_without	40	39	-0.6369946116492862	-0.8973461048943656	-0.898800980477106	-0.001454875582740378	-0.005588120754010212	0.0
just	0	19	165	attn	3	utterance_final	0	prompt_without	32	31	-0.5664214678108692	-0.6366394050419331	-0.6334699094295502	0.003169495612382889	0.04513797666760182	0.04513797666760182
just	0	21	244	attn	3	utterance_final	0	prompt_without	54	53	-0.3882971592247486	-0.4403469078242779	-0.4334571696817875	0.006889738142490387	0.13236832699231707	0.13236832699231707
just	0	24	457	attn	3	utterance_final	0	prompt_without	45	44	-0.30480959227210597	-0.32799839973449707	-0.3285822303671586	-0.0005838306326615417	-0.025177259917674968	0.0
just	0	25	30	attn	3	utterance_final	0	prompt_without	40	39	-0.6369946116492862	-0.8973461048943656	-0.8794164146695819	0.017929690224783745	0.06886724558904603	0.06886724558904603
just	0	19	165	attn	4	utterance_final	0	prompt_without	32	31	-0.5664214678108692	-0.6366394050419331	-0.6376593299210072	-0.0010199248790740967	-0.014525133025737621	0.0
just	0	21	244	attn	4	utterance_final	0	prompt_without	54	53	-0.3882971592247486	-0.4403469078242779	-0.43661131523549557	0.0037355925887823105	0.0717696567090834	0.0717696567090834
just	0	24	457	attn	4	utterance_final	0	prompt_without	45	44	-0.30480959227210597	-0.32799839973449707	-0.3269129677822715	0.0010854319522255462	0.046808442132522776	0.046808442132522776
just	0	25	30	attn	4	utterance_final	0	prompt_without	40	39	-0.6369946116492862	-0.8973461048943656	-0.8845794598261515	0.012766645068214122	0.049036189149859646	0.049036189149859646
just	0	19	165	attn	5	utterance_final	0	prompt_without	32	31	-0.5664214678108692	-0.6366394050419331	-0.6331440061330795	0.003495398908853531	0.04977928783853814	0.04977928783853814
just	0	21	244	attn	5	utterance_final	0	prompt_without	54	53	-0.3882971592247486	-0.4403469078242779	-0.43729338981211185	0.0030535180121660233	0.05866537484474304	0.05866537484474304
just	0	24	457	attn	5	utterance_final	0	prompt_without	45	44	-0.30480959227210597	-0.32799839973449707	-0.3281042073902331	-0.00010580765573603435	-0.004562876116317714	0.0
just	0	25	30	attn	5	utterance_final	0	prompt_without	40	39	-0.6369946116492862	-0.8973461048943656	-0.8705008143470401	0.02684529054732554	0.10311172105341057	0.10311172105341057
just	0	19	165	attn	6	utterance_final	0	prompt_without	32	31	-0.5664214678108692	-0.6366394050419331	-0.6309512443840504	0.00568816065788269	0.08100723094677145	0.08100723094677145
just	0	21	244	attn	6	utterance_final	0	prompt_without	54	53	-0.3882971592247486	-0.4403469078242779	-0.4276201631873846	0.012726744636893272	0.24451116440182713	0.24451116440182713
just	0	24	457	attn	6	utterance_final	0	prompt_without	45	44	-0.30480959227210597	-0.32799839973449707	-0.32793527841567993	6.312131881713867e-05	0.002722059722972487	0.002722059722972487
just	0	25	30	attn	6	utterance_final	0	prompt_without	40	39	-0.6369946116492862	-0.8973461048943656	-0.8817750045231411	0.015571100371224555	0.059807993329106225	0.059807993329106225
just	0	19	165	attn	7	utterance_final	0	prompt_without	32	31	-0.5664214678108692	-0.6366394050419331	-0.6369156986474991	-0.0002762936055660248	-0.003934800942056081	0.0
just	0	21	244	attn	7	utterance_final	0	prompt_without	54	53	-0.3882971592247486	-0.4403469078242779	-0.4373434539884329	0.0030034538358449936	0.05770352243107965	0.05770352243107965
just	0	24	457	attn	7	utterance_final	0	prompt_without	45	44	-0.30480959227210597	-0.32799839973449707	-0.3274875189128675	0.000510880821629589	0.022031353809727556	0.022031353809727556
just	0	25	30	attn	7	utterance_final	0	prompt_without	40	39	-0.6369946116492862	-0.8973461048943656	-0.8950005031767345	0.002345601717631096	0.009009365332977314	0.009009365332977314
just	0	19	165	attn	8	utterance_final	0	prompt_without	32	31	-0.5664214678108692	-0.6366394050419331	-0.633879229426384	0.0027601756155490875	0.039308696956822715	0.039308696956822715
just	0	21	244	attn	8	utterance_final	0	prompt_without	54	53	-0.3882971592247486	-0.4403469078242779	-0.4396675731986761	0.0006793346256017685	0.01305164086052689	0.01305164086052689
just	0	24	457	attn	8	utterance_final	0	prompt_without	45	44	-0.30480959227210597	-0.32799839973449707	-0.32821504065864965	-0.00021664092415257796	-0.00934247802539817	0.0
just	0	25	30	attn	8	utterance_final	0	prompt_without	40	39	-0.6369946116492862	-0.8973461048943656	-0.8940342551185971	0.003311849775768483	0.012720686693549723	0.012720686693549723
just	0	19	165	attn	9	utterance_final	0	prompt_without	32	31	-0.5664214678108692	-0.6366394050419331	-0.6356667019426823	0.0009727030992507935	0.013852629934854845	0.013852629934854845
just	0	21	244	attn	9	utterance_final	0	prompt_without	54	53	-0.3882971592247486	-0.4403469078242779	-0.43680819123983383	0.003538716584444046	0.06798719839496112	0.06798719839496112
just	0	24	457	attn	9	utterance_final	0	prompt_without	45	44	-0.30480959227210597	-0.32799839973449707	-0.32708530676992315	0.000913092964573925	0.0393764520256089	0.0393764520256089
just	0	25	30	attn	9	utterance_final	0	prompt_without	40	39	-0.6369946116492862	-0.8973461048943656	-0.8855285190400624	0.011817585854303259	0.04539088947409602	0.04539088947409602
just	0	19	165	attn	10	utterance_final	0	prompt_without	32	31	-0.5664214678108692	-0.6366394050419331	-0.6362142488360405	0.00042515620589256287	0.006054809108013461	0.006054809108013461
just	0	21	244	attn	10	utterance_final	0	prompt_without	54	53	-0.3882971592247486	-0.4403469078242779	-0.4364085029810667	0.003938404843211174	0.07566616456715783	0.07566616456715783
just	0	24	457	attn	10	utterance_final	0	prompt_without	45	44	-0.30480959227210597	-0.32799839973449707	-0.3293916488948621	-0.0013932491603650399	-0.060082829297051554	0.0
just	0	25	30	attn	10	utterance_final	0	prompt_without	40	39	-0.6369946116492862	-0.8973461048943656	-0.8955746662049067	0.0017714386894589484	0.0068040273838238415	0.0068040273838238415
just	0	19	165	attn	11	utterance_final	0	prompt_without	32	31	-0.5664214678108692	-0.6366394050419331	-0.6362278014421463	0.0004116035997867584	0.005861801357569193	0.005861801357569193
just	0	21	244	attn	11	utterance_final	0	prompt_without	54	53	-0.3882971592247486	-0.4403469078242779	-0.43538421764969826	0.00496269017457962	0.09534513245707593	0.09534513245707593
just	0	24	457	attn	11	utterance_final	0	prompt_without	45	44	-0.30480959227210597	-0.32799839973449707	-0.32837745704148946	-0.00037905730699239193	-0.016346563211892984	0.0
just	0	25	30	attn	11	utterance_final	0	prompt_without	40	39	-0.6369946116492862	-0.8973461048943656	-0.8929312115623838	0.004414893331981862	0.01695743426301743	0.01695743426301743
just	0	19	165	attn	12	utterance_final	0	prompt_without	32	31	-0.5664214678108692	-0.6366394050419331	-0.6317442208528519	0.004895184189081192	0.06971415541548552	0.06971415541548552
just	0	21	244	attn	12	utterance_final	0	prompt_without	54	53	-0.3882971592247486	-0.4403469078242779	-0.4355139136314392	0.004832994192838669	0.09285336284760419	0.09285336284760419
just	0	24	457	attn	12	utterance_final	0	prompt_without	45	44	-0.30480959227210597	-0.32799839973449707	-0.32741131908015203	0.0005870806543450402	0.025317414675040974	0.025317414675040974
just	0	25	30	attn	12	utterance_final	0	prompt_without	40	39	-0.6369946116492862	-0.8973461048943656	-0.8852306320553734	0.01211547283899217	0.046535061842673524	0.046535061842673524
just	0	19	165	attn	13	utterance_final	0	prompt_without	32	31	-0.5664214678108692	-0.6366394050419331	-0.6364225335419178	0.0002168715000152588	0.0030885484331675383	0.0030885484331675383
just	0	21	244	attn	13	utterance_final	0	prompt_without	54	53	-0.3882971592247486	-0.4403469078242779	-0.4396390523761511	0.0007078554481267929	0.013599593987917834	0.013599593987917834
just	0	24	457	attn	13	utterance_final	0	prompt_without	45	44	-0.30480959227210597	-0.32799839973449707	-0.32784250221754374	0.00015589751695332943	0.00672296396467014	0.00672296396467014
just	0	25	30	attn	13	utterance_final	0	prompt_without	40	39	-0.6369946116492862	-0.8973461048943656	-0.8800381478809175	0.017307957013448116	0.06647919240914602	0.06647919240914602
just	0	19	165	attn	14	utterance_final	0	prompt_without	32	31	-0.5664214678108692	-0.6366394050419331	-0.6363072283565998	0.00033217668533325195	0.0047306528564086	0.0047306528564086
just	0	21	244	attn	14	utterance_final	0	prompt_without	54	53	-0.3882971592247486	-0.4403469078242779	-0.4399527907371521	0.0003941170871257782	0.007571930657304703	0.007571930657304703
just	0	24	457	attn	14	utterance_final	0	prompt_without	45	44	-0.30480959227210597	-0.32799839973449707	-0.3279346792321456	6.372050235148308e-05	0.0027478990653067663	0.0027478990653067663
just	0	25	30	attn	14	utterance_final	0	prompt_without	40	39	-0.6369946116492862	-0.8973461048943656	-0.9022332146054223	-0.004887109711056659	-0.018771199082220063	0.0
just	0	19	165	attn	15	utterance_final	0	prompt_without	32	31	-0.5664214678108692	-0.6366394050419331	-0.6358603835105896	0.0007790215313434601	0.011094338029041778	0.011094338029041778
just	0	21	244	attn	15	utterance_final	0	prompt_without	54	53	-0.3882971592247486	-0.4403469078242779	-0.4401156175881624	0.00023129023611545563	0.004443637910626669	0.004443637910626669
just	0	24	457	attn	15	utterance_final	0	prompt_without	45	44	-0.30480959227210597	-0.32799839973449707	-0.32764170671764176	0.00035669301685531396	0.015382119905640621	0.015382119905640621
just	0	25	30	attn	15	utterance_final	0	prompt_without	40	39	-0.6369946116492862	-0.8973461048943656	-0.891488132022676	0.005857972871689654	0.022500246872697235	0.022500246872697235
just	0	19	165	attn	16	utterance_final	0	prompt_without	32	31	-0.5664214678108692	-0.6366394050419331	-0.6364953555166721	0.0001440495252609253	0.0020514633573883874	0.0020514633573883874
just	0	21	244	attn	16	utterance_final	0	prompt_without	54	53	-0.3882971592247486	-0.4403469078242779	-0.4393608942627907	0.0009860135614871979	0.01894367577206925	0.01894367577206925
just	0	24	457	attn	16	utterance_final	0	prompt_without	45	44	-0.30480959227210597	-0.32799839973449707	-0.3277737404170789	0.00022465931741816325	0.009688265245314069	0.009688265245314069
just	0	25	30	attn	16	utterance_final	0	prompt_without	40	39	-0.6369946116492862	-0.8973461048943656	-0.8948814301263719	0.002464674767993724	0.009466720306741724	0.009466720306741724
just	0	19	165	attn	17	utterance_final	0	prompt_without	32	31	-0.5664214678108692	-0.6366394050419331	-0.6370229944586754	-0.00038358941674232483	-0.00546284086187351	0.0
just	0	21	244	attn	17	utterance_final	0	prompt_without	54	53	-0.3882971592247486	-0.4403469078242779	-0.44010823033750057	0.0002386774867773056	0.004585564641506533	0.004585564641506533
just	0	24	457	attn	17	utterance_final	0	prompt_without	45	44	-0.30480959227210597	-0.32799839973449707	-0.32749009759802566	0.0005083021364714058	0.021920149938533855	0.021920149938533855
just	0	25	30	attn	17	utterance_final	0	prompt_without	40	39	-0.6369946116492862	-0.8973461048943656	-0.8966209434327626	0.0007251614616030633	0.0027853170825505474	0.0027853170825505474
just	0	19	165	attn	18	utterance_final	0	prompt_without	32	31	-0.5664214678108692	-0.6366394050419331	-0.6370528228580952	-0.0004134178161621094	-0.005887638293926081	0.0
just	0	21	244	attn	18	utterance_final	0	prompt_without	54	53	-0.3882971592247486	-0.4403469078242779	-0.4402365628629923	0.00011034496128559113	0.0021199902834226	0.0021199902834226
just	0	24	457	attn	18	utterance_final	0	prompt_without	45	44	-0.30480959227210597	-0.32799839973449707	-0.32804937739121287	-5.097765671580046e-05	-0.002198373366050792	0.0
just	0	25	30	attn	18	utterance_final	0	prompt_without	40	39	-0.6369946116492862	-0.8973461048943656	-0.8971557219823202	0.00019038291204542812	0.0007312533900706801	0.0007312533900706801
just	0	19	165	attn	19	utterance_final	0	prompt_without	32	31	-0.5664214678108692	-0.6366394050419331	-0.6370037719607353	-0.00036436691880226135	-0.0051890860536567916	0.0
just	0	21	244	attn	19	utterance_final	0	prompt_without	54	53	-0.3882971592247486	-0.4403469078242779	-0.44025317393243313	9.373389184474945e-05	0.0018008519611869397	0.0018008519611869397
just	0	24	457	attn	19	utterance_final	0	prompt_without	45	44	-0.30480959227210597	-0.32799839973449707	-0.32705022786792953	0.0009481718665675376	0.04088920347048185	0.04088920347048185
just	0	25	30	attn	19	utterance_final	0	prompt_without	40	39	-0.6369946116492862	-0.8973461048943656	-0.8973824239912487	-3.6319096883064006e-05	-0.0001395002441905542	0.0
just	0	19	165	attn	20	utterance_final	0	prompt_without	32	31	-0.5664214678108692	-0.6366394050419331	-0.6368493288755417	-0.00020992383360862732	-0.0029896041081047126	0.0
just	0	21	244	attn	20	utterance_final	0	prompt_without	54	53	-0.3882971592247486	-0.4403469078242779	-0.4397498983889818	0.0005970094352960587	0.01146997730746884	0.01146997730746884
just	0	24	457	attn	20	utterance_final	0	prompt_without	45	44	-0.30480959227210597	-0.32799839973449707	-0.327892215628373	0.00010618410612406315	0.004579110258096646	0.004579110258096646
just	0	25	30	attn	20	utterance_final	0	prompt_without	40	39	-0.6369946116492862	-0.8973461048943656	-0.897928828284854	-0.0005827233904883711	-0.0022382179691968576	0.0
just	0	19	165	attn	21	utterance_final	0	prompt_without	32	31	-0.5664214678108692	-0.6366394050419331	-0.6367877945303917	-0.00014838948845863342	-0.0021132704022667746	0.0
just	0	21	244	attn	21	utterance_final	0	prompt_without	54	53	-0.3882971592247486	-0.4403469078242779	-0.44013459235429764	0.00021231546998023987	0.004079087328812959	0.004079087328812959
just	0	24	457	attn	21	utterance_final	0	prompt_without	45	44	-0.30480959227210597	-0.32799839973449707	-0.3277198766407214	0.0002785230937756844	0.012011100365010519	0.012011100365010519
just	0	25	30	attn	21	utterance_final	0	prompt_without	40	39	-0.6369946116492862	-0.8973461048943656	-0.8964567070915586	0.000889397802807057	0.003416142506890985	0.003416142506890985
just	0	19	165	attn	22	utterance_final	0	prompt_without	32	31	-0.5664214678108692	-0.6366394050419331	-0.6372703239321709	-0.0006309188902378082	-0.008985152727595291	0.0
just	0	21	244	attn	22	utterance_final	0	prompt_without	54	53	-0.3882971592247486	-0.4403469078242779	-0.4402426015585661	0.00010430626571178436	0.002003972517030134	0.002003972517030134
just	0	24	457	attn	22	utterance_final	0	prompt_without	45	44	-0.30480959227210597	-0.32799839973449707	-0.32766792648716975	0.0003304732473273231	0.014251411930661073	0.014251411930661073
just	0	25	30	attn	22	utterance_final	0	prompt_without	40	39	-0.6369946116492862	-0.8973461048943656	-0.8973823956080845	-3.629071371891168e-05	-0.00013939122555655848	0.0
just	0	19	165	attn	23	utterance_final	0	prompt_without	32	31	-0.5664214678108692	-0.6366394050419331	-0.6366689093410969	-2.950429916381836e-05	-0.00042018179865821947	0.0
just	0	21	244	attn	23	utterance_final	0	prompt_without	54	53	-0.3882971592247486	-0.4403469078242779	-0.4401986449956894	0.00014826282858848572	0.002848483087386643	0.002848483087386643
just	0	24	457	attn	23	utterance_final	0	prompt_without	45	44	-0.30480959227210597	-0.32799839973449707	-0.32802204081886693	-2.364108436986312e-05	-0.001019504103788241	0.0
just	0	25	30	attn	23	utterance_final	0	prompt_without	40	39	-0.6369946116492862	-0.8973461048943656	-0.8979928096135458	-0.0006467047191801578	-0.0024839677741789958	0.0
just	0	19	165	attn	24	utterance_final	0	prompt_without	32	31	-0.5664214678108692	-0.6366394050419331	-0.6365650147199631	7.439032196998596e-05	0.0010594204971472202	0.0010594204971472202
just	0	21	244	attn	24	utterance_final	0	prompt_without	54	53	-0.3882971592247486	-0.4403469078242779	-0.4404574763029814	-0.00011056847870349884	-0.0021242845869287987	0.0
just	0	24	457	attn	24	utterance_final	0	prompt_without	45	44	-0.30480959227210597	-0.32799839973449707	-0.3278355221999319	0.00016287753456517562	0.0070239720101751444	0.0070239720101751444
just	0	25	30	attn	24	utterance_final	0	prompt_without	40	39	-0.6369946116492862	-0.8973461048943656	-0.8970859902245658	0.0002601146697998047	0.0009990903703208192	0.0009990903703208192
just	0	19	165	attn	25	utterance_final	0	prompt_without	32	31	-0.5664214678108692	-0.6366394050419331	-0.6362756676971912	0.0003637373447418213	0.00518012005315512	0.00518012005315512
just	0	21	244	attn	25	utterance_final	0	prompt_without	54	53	-0.3882971592247486	-0.4403469078242779	-0.44010281935334206	0.00024408847093582153	0.004689522572219091	0.004689522572219091
just	0	24	457	attn	25	utterance_final	0	prompt_without	45	44	-0.30480959227210597	-0.32799839973449707	-0.3274195256986116	0.0005788740358854683	0.024963510384236807	0.024963510384236807
just	0	25	30	attn	25	utterance_final	0	prompt_without	40	39	-0.6369946116492862	-0.8973461048943656	-0.8975205024083456	-0.0001743975139799625	-0.0006698540953471506	0.0
just	0	19	165	attn	26	utterance_final	0	prompt_without	32	31	-0.5664214678108692	-0.6366394050419331	-0.6364109143614769	0.0002284906804561615	0.0032540215430179155	0.0032540215430179155
just	0	21	244	attn	26	utterance_final	0	prompt_without	54	53	-0.3882971592247486	-0.4403469078242779	-0.4404174890369177	-7.058121263980865e-05	-0.0013560336896698668	0.0
just	0	24	457	attn	26	utterance_final	0	prompt_without	45	44	-0.30480959227210597	-0.32799839973449707	-0.32815869230973094	-0.00016029257523386686	-0.006912497569952153	0.0
just	0	25	30	attn	26	utterance_final	0	prompt_without	40	39	-0.6369946116492862	-0.8973461048943656	-0.897811146009536	-0.0004650411151704281	-0.0017862049085029291	0.0
just	0	19	165	attn	27	utterance_final	0	prompt_without	32	31	-0.5664214678108692	-0.6366394050419331	-0.6365289278328419	0.00011047720909118652	0.001573347401642444	0.001573347401642444
just	0	21	244	attn	27	utterance_final	0	prompt_without	54	53	-0.3882971592247486	-0.4403469078242779	-0.44001420959830284	0.0003326982259750366	0.006391927625526428	0.006391927625526428
just	0	24	457	attn	27	utterance_final	0	prompt_without	45	44	-0.30480959227210597	-0.32799839973449707	-0.3278428002407676	0.00015559949372945248	0.006710111935760922	0.006710111935760922
just	0	25	30	attn	27	utterance_final	0	prompt_without	40	39	-0.6369946116492862	-0.8973461048943656	-0.896760452361334	0.0005856525330316664	0.0022494686922358764	0.0022494686922358764
just	0	19	165	attn	28	utterance_final	0	prompt_without	32	31	-0.5664214678108692	-0.6366394050419331	-0.6360177658498287	0.0006216391921043396	0.008852997063396095	0.008852997063396095
just	0	21	244	attn	28	utterance_final	0	prompt_without	54	53	-0.3882971592247486	-0.4403469078242779	-0.44015106186270714	0.00019584596157073975	0.0037626687321312244	0.0037626687321312244
just	0	24	457	attn	28	utterance_final	0	prompt_without	45	44	-0.30480959227210597	-0.32799839973449707	-0.32788932950873123	0.00010907022576583936	0.004703572011744697	0.004703572011744697
just	0	25	30	attn	28	utterance_final	0	prompt_without	40	39	-0.6369946116492862	-0.8973461048943656	-0.8975045283635458	-0.00015842346918015782	-0.0006084984080772195	0.0
just	0	19	165	attn	29	utterance_final	0	prompt_without	32	31	-0.5664214678108692	-0.6366394050419331	-0.636704083532095	-6.467849016189575e-05	-0.0009211106550888897	0.0
just	0	21	244	attn	29	utterance_final	0	prompt_without	54	53	-0.3882971592247486	-0.4403469078242779	-0.440337385982275	9.521842002868652e-06	0.0001829373293640609	0.0001829373293640609
just	0	24	457	attn	29	utterance_final	0	prompt_without	45	44	-0.30480959227210597	-0.32799839973449707	-0.3275983835521497	0.00040001618234736247	0.01725039905549826	0.01725039905549826
just	0	25	30	attn	29	utterance_final	0	prompt_without	40	39	-0.6369946116492862	-0.8973461048943656	-0.8969929842721849	0.0003531206221807359	0.0013563226305306	0.0013563226305306
just	0	19	165	attn	30	utterance_final	0	prompt_without	32	31	-0.5664214678108692	-0.6366394050419331	-0.6370552740991116	-0.0004158690571784973	-0.005922547337299453	0.0
just	0	21	244	attn	30	utterance_final	0	prompt_without	54	53	-0.3882971592247486	-0.4403469078242779	-0.44061085395514965	-0.00026394613087177277	-0.005071035652882286	0.0
just	0	24	457	attn	30	utterance_final	0	prompt_without	45	44	-0.30480959227210597	-0.32799839973449707	-0.3277126989866558	0.00028570074784128874	0.012320631334951315	0.012320631334951315
just	0	25	30	attn	30	utterance_final	0	prompt_without	40	39	-0.6369946116492862	-0.8973461048943656	-0.8974507479440599	-0.00010464304969426408	-0.00040192990018981503	0.0
just	0	19	165	attn	31	utterance_final	0	prompt_without	32	31	-0.5664214678108692	-0.6366394050419331	-0.6366394050419331	0.0	0.0	0.0
just	0	21	244	attn	31	utterance_final	0	prompt_without	54	53	-0.3882971592247486	-0.4403469078242779	-0.4403469078242779	0.0	0.0	0.0
just	0	24	457	attn	31	utterance_final	0	prompt_without	45	44	-0.30480959227210597	-0.32799839973449707	-0.32799839973449707	0.0	0.0	0.0
just	0	25	30	attn	31	utterance_final	0	prompt_without	40	39	-0.6369946116492862	-0.8973461048943656	-0.8973461048943656	0.0	0.0	0.0
just	0	27	202	attn	0	utterance_final	0	prompt_without	41	40	-0.3881986039025443	-0.4539489643914359	-0.45330044882638115	0.0006485155650547414	0.009863300523870236	0.009863300523870236
just	0	33	409	attn	0	utterance_final	0	prompt_without	75	74	-0.5135097066561382	-0.5480095028877259	-0.5473279436429341	0.0006815592447917407	0.019755457111010725	0.019755457111010725
just	0	34	115	attn	0	utterance_final	0	prompt_without	47	46	-0.6084936474050794	-0.7232314986842019	-0.7217229051249368	0.0015085935592651367	0.013148176843535135	0.013148176843535135
just	0	35	77	attn	0	utterance_final	0	prompt_without	34	33	-0.7607646147410075	-0.9043518463770549	-0.9045166412989298	-0.0001647949218749334	-0.0011476989980045125	0.0
just	0	27	202	attn	1	utterance_final	0	prompt_without	41	40	-0.3881986039025443	-0.4539489643914359	-0.4536742380687169	0.0002747263227190211	0.004178324205012314	0.004178324205012314
just	0	33	409	attn	1	utterance_final	0	prompt_without	75	74	-0.5135097066561382	-0.5480095028877259	-0.5487884561220805	-0.0007789532343546179	-0.022578487974993167	0.0
just	0	34	115	attn	1	utterance_final	0	prompt_without	47	46	-0.6084936474050794	-0.7232314986842019	-0.7219735554286412	0.0012579432555607228	0.01096362919068902	0.01096362919068902
just	0	35	77	attn	1	utterance_final	0	prompt_without	34	33	-0.7607646147410075	-0.9043518463770549	-0.8966339508692424	0.007717895507812544	0.053750569739900035	0.053750569739900035
just	0	27	202	attn	2	utterance_final	0	prompt_without	41	40	-0.3881986039025443	-0.4539489643914359	-0.4542801822934832	-0.0003312179020473205	-0.005037507012654008	0.0
just	0	33	409	attn	2	utterance_final	0	prompt_without	75	74	-0.5135097066561382	-0.5480095028877259	-0.544891627629598	0.0031178752581279	0.0903737296649074	0.0903737296649074
just	0	34	115	attn	2	utterance_final	0	prompt_without	47	46	-0.6084936474050794	-0.7232314986842019	-0.7213560129914965	0.0018754856927053476	0.01634583245020737	0.01634583245020737
just	0	35	77	attn	2	utterance_final	0	prompt_without	34	33	-0.7607646147410075	-0.9043518463770549	-0.9019490957260132	0.002402750651041674	0.01673373477338125	0.01673373477338125
just	0	27	202	attn	3	utterance_final	0	prompt_without	41	40	-0.3881986039025443	-0.4539489643914359	-0.4535282679966518	0.0004206963947840925	0.0063983891746900515	0.0063983891746900515
just	0	33	409	attn	3	utterance_final	0	prompt_without	75	74	-0.5135097066561382	-0.5480095028877259	-0.5473296960194906	0.000679806868235322	0.01970466328763115	0.01970466328763115
just	0	34	115	attn	3	utterance_final	0	prompt_without	47	46	-0.6084936474050794	-0.7232314986842019	-0.7219824748379844	0.0012490238462175007	0.010885891903091364	0.010885891903091364
just	0	35	77	attn	3	utterance_final	0	prompt_without	34	33	-0.7607646147410075	-0.9043518463770549	-0.8884013255437215	0.01595052083333337	0.11108592770813625	0.11108592770813625
just	0	27	202	attn	4	utterance_final	0	prompt_without	41	40	-0.3881986039025443	-0.4539489643914359	-0.45392354215894426	2.5422232491634222e-05	0.0003866478039451854	0.0003866478039451854
just	0	33	409	attn	4	utterance_final	0	prompt_without	75	74	-0.5135097066561382	-0.5480095028877259	-0.5456855495770773	0.0023239533106486077	0.06736136338454127	0.06736136338454127
just	0	34	115	attn	4	utterance_final	0	prompt_without	47	46	-0.6084936474050794	-0.7232314986842019	-0.722905559199197	0.0003259394850049224	0.0028407319935947746	0.0028407319935947746
just	0	35	77	attn	4	utterance_final	0	prompt_without	34	33	-0.7607646147410075	-0.9043518463770549	-0.8941254059473673	0.010226440429687567	0.07122109893175371	0.07122109893175371
just	0	27	202	attn	5	utterance_final	0	prompt_without	41	40	-0.3881986039025443	-0.4539489643914359	-0.4534557717187064	0.0004931926727295144	0.007500988117210982	0.007500988117210982
just	0	33	409	attn	5	utterance_final	0	prompt_without	75	74	-0.5135097066561382	-0.5480095028877259	-0.5466318368911743	0.0013776659965515359	0.03993258358117943	0.03993258358117943
just	0	34	115	attn	5	utterance_final	0	prompt_without	47	46	-0.6084936474050794	-0.7232314986842019	-0.7213684065001351	0.0018630921840667725	0.016237816581856954	0.016237816581856954
just	0	35	77	attn	5	utterance_final	0	prompt_without	34	33	-0.7607646147410075	-0.9043518463770549	-0.8973795970280966	0.006972249348958348	0.04855758600201311	0.04855758600201311
just	0	27	202	attn	6	utterance_final	0	prompt_without	41	40	-0.3881986039025443	-0.4539489643914359	-0.45261803695133757	0.0013309274400983284	0.02024213145300072	0.02024213145300072
just	0	33	409	attn	6	utterance_final	0	prompt_without	75	74	-0.5135097066561382	-0.5480095028877259	-0.5433181325594584	0.004691370328267497	0.1359825518033674	0.1359825518033674
just	0	34	115	attn	6	utterance_final	0	prompt_without	47	46	-0.6084936474050794	-0.7232314986842019	-0.7170377969741821	0.006193701710019761	0.05398132909908133	0.05398132909908133
just	0	35	77	attn	6	utterance_final	0	prompt_without	34	33	-0.7607646147410075	-0.9043518463770549	-0.8563039541244507	0.048047892252604196	0.3346251035356116	0.3346251035356116
just	0	27	202	attn	7	utterance_final	0	prompt_without	41	40	-0.3881986039025443	-0.4539489643914359	-0.45498944691249305	-0.0010404825210571511	-0.015824742454954886	0.0
just	0	33	409	attn	7	utterance_final	0	prompt_without	75	74	-0.5135097066561382	-0.5480095028877259	-0.5490156372388204	-0.0010061343510945342	-0.029163486773679147	0.0
just	0	34	115	attn	7	utterance_final	0	prompt_without	47	46	-0.6084936474050794	-0.7232314986842019	-0.7214563105787549	0.0017751881054469676	0.015471686855355793	0.015471686855355793
just	0	35	77	attn	7	utterance_final	0	prompt_without	34	33	-0.7607646147410075	-0.9043518463770549	-0.9015045563379923	0.002847290039062589	0.019829688243308823	0.019829688243308823
just	0	27	202	attn	8	utterance_final	0	prompt_without	41	40	-0.3881986039025443	-0.4539489643914359	-0.45341201169150214	0.000536952699933757	0.008166536212747825	0.008166536212747825
just	0	33	409	attn	8	utterance_final	0	prompt_without	75	74	-0.5135097066561382	-0.5480095028877259	-0.546586012840271	0.0014234900474549006	0.04126082478572918	0.04126082478572918
just	0	34	115	attn	8	utterance_final	0	prompt_without	47	46	-0.6084936474050794	-0.7232314986842019	-0.721459835767746	0.0017716629164559183	0.015440963001355133	0.015440963001355133
just	0	35	77	attn	8	utterance_final	0	prompt_without	34	33	-0.7607646147410075	-0.9043518463770549	-0.9164062897364299	-0.012054443359375	-0.0839520563355492	0.0
just	0	27	202	attn	9	utterance_final	0	prompt_without	41	40	-0.3881986039025443	-0.4539489643914359	-0.45461764335632326	-0.0006686789648873703	-0.010169966520569	0.0
just	0	33	409	attn	9	utterance_final	0	prompt_without	75	74	-0.5135097066561382	-0.5480095028877259	-0.546904452641805	0.001105050245920891	0.032030631094253144	0.032030631094253144
just	0	34	115	attn	9	utterance_final	0	prompt_without	47	46	-0.6084936474050794	-0.7232314986842019	-0.7208790481090546	0.0023524505751473246	0.020502829266207223	0.020502829266207223
just	0	35	77	attn	9	utterance_final	0	prompt_without	34	33	-0.7607646147410075	-0.9043518463770549	-0.9064514557520549	-0.002099609374999978	-0.014622535381989174	0.0
just	0	27	202	attn	10	utterance_final	0	prompt_without	41	40	-0.3881986039025443	-0.4539489643914359	-0.45345330238342285	0.0004956620080130425	0.007538544341468419	0.007538544341468419
just	0	33	409	attn	10	utterance_final	0	prompt_without	75	74	-0.5135097066561382	-0.5480095028877259	-0.54760635693868	0.00040314594904589107	0.011685458845602516	0.011685458845602516
just	0	34	115	attn	10	utterance_final	0	prompt_without	47	46	-0.6084936474050794	-0.7232314986842019	-0.7210406022412437	0.0021908964429582234	0.019094801048944475	0.019094801048944475
just	0	35	77	attn	10	utterance_final	0	prompt_without	34	33	-0.7607646147410075	-0.9043518463770549	-0.9108602285385132	-0.006508382161458326	-0.04532702585948043	0.0
just	0	27	202	attn	11	utterance_final	0	prompt_without	41	40	-0.3881986039025443	-0.4539489643914359	-0.4537189143044608	0.00023005008697507545	0.00349884145523342	0.00349884145523342
just	0	33	409	attn	11	utterance_final	0	prompt_without	75	74	-0.5135097066561382	-0.5480095028877259	-0.5463483174641927	0.001661185423533218	0.048150586524689405	0.048150586524689405
just	0	34	115	attn	11	utterance_final	0	prompt_without	47	46	-0.6084936474050794	-0.7232314986842019	-0.7189616901533944	0.004269808530807495	0.037213600247928136	0.037213600247928136
just	0	35	77	attn	11	utterance_final	0	prompt_without	34	33	-0.7607646147410075	-0.9043518463770549	-0.9065725167592367	-0.0022206703821817664	-0.01546565357434101	0.0
just	0	27	202	attn	12	utterance_final	0	prompt_without	41	40	-0.3881986039025443	-0.4539489643914359	-0.4548971312386649	-0.0009481668472289817	-0.014420709486287497	0.0
just	0	33	409	attn	12	utterance_final	0	prompt_without	75	74	-0.5135097066561382	-0.5480095028877259	-0.5462247053782145	0.0017847975095113267	0.05173356670081376	0.05173356670081376
just	0	34	115	attn	12	utterance_final	0	prompt_without	47	46	-0.6084936474050794	-0.7232314986842019	-0.7161360468183245	0.007095451865877345	0.061840550322109965	0.061840550322109965
just	0	35	77	attn	12	utterance_final	0	prompt_without	34	33	-0.7607646147410075	-0.9043518463770549	-0.9054738759994507	-0.001122029622395826	-0.0078142715728363	0.0
just	0	27	202	attn	13	utterance_final	0	prompt_without	41	40	-0.3881986039025443	-0.4539489643914359	-0.4526520081928798	0.0012969561985560762	0.019725461410590967	0.019725461410590967
just	0	33	409	attn	13	utterance_final	0	prompt_without	75	74	-0.5135097066561382	-0.5480095028877259	-0.5482019543647766	-0.00019245147705071464	-0.005578336630130809	0.0
just	0	34	115	attn	13	utterance_final	0	prompt_without	47	46	-0.6084936474050794	-0.7232314986842019	-0.7227600770337241	0.00047142165047775464	0.0041086846687666155	0.0041086846687666155
just	0	35	77	attn	13	utterance_final	0	prompt_without	34	33	-0.7607646147410075	-0.9043518463770549	-0.9030416250228882	0.0013102213541666963	0.009124915490311376	0.009124915490311376
just	0	27	202	attn	14	utterance_final	0	prompt_without	41	40	-0.3881986039025443	-0.4539489643914359	-0.45380490507398336	0.00014405931745253842	0.002191004222355206	0.002191004222355206
just	0	33	409	attn	14	utterance_final	0	prompt_without	75	74	-0.5135097066561382	-0.5480095028877259	-0.5479189157485962	9.058713912968308e-05	0.0026257296861000663	0.0026257296861000663
just	0	34	115	attn	14	utterance_final	0	prompt_without	47	46	-0.6084936474050794	-0.7232314986842019	-0.7219652788979667	0.001266219786235201	0.011035763456602224	0.011035763456602224
just	0	35	77	attn	14	utterance_final	0	prompt_without	34	33	-0.7607646147410075	-0.9043518463770549	-0.9037028392155965	0.000649007161458437	0.004519950374859826	0.004519950374859826
just	0	27	202	attn	15	utterance_final	0	prompt_without	41	40	-0.3881986039025443	-0.4539489643914359	-0.4546054056712559	-0.0006564412798200081	-0.009983843053315466	0.0
just	0	33	409	attn	15	utterance_final	0	prompt_without	75	74	-0.5135097066561382	-0.5480095028877259	-0.5473205248514811	0.0006889780362447917	0.01997049581452221	0.01997049581452221
just	0	34	115	attn	15	utterance_final	0	prompt_without	47	46	-0.6084936474050794	-0.7232314986842019	-0.7217798956802913	0.001451603003910562	0.012651474537197414	0.012651474537197414
just	0	35	77	attn	15	utterance_final	0	prompt_without	34	33	-0.7607646147410075	-0.9043518463770549	-0.9072571198145548	-0.002905273437499911	-0.02023350826112415	0.0
just	0	27	202	attn	16	utterance_final	0	prompt_without	41	40	-0.3881986039025443	-0.4539489643914359	-0.45456293651035856	-0.0006139721189226677	-0.009337927797770738	0.0
just	0	33	409	attn	16	utterance_final	0	prompt_without	75	74	-0.5135097066561382	-0.5480095028877259	-0.5480648756027222	-5.537271499633789e-05	-0.0016050157115316264	0.0
just	0	34	115	attn	16	utterance_final	0	prompt_without	47	46	-0.6084936474050794	-0.7232314986842019	-0.7212712253843035	0.0019602732998983408	0.017084800508679464	0.017084800508679464
just	0	35	77	attn	16	utterance_final	0	prompt_without	34	33	-0.7607646147410075	-0.9043518463770549	-0.9045807282129924	-0.0002288818359375	-0.0015940263861180227	0.0
just	0	27	202	attn	17	utterance_final	0	prompt_without	41	40	-0.3881986039025443	-0.4539489643914359	-0.45312575953347345	0.0008232048579624451	0.012520157332088302	0.012520157332088302
just	0	33	409	attn	17	utterance_final	0	prompt_without	75	74	-0.5135097066561382	-0.5480095028877259	-0.5479743997255961	3.5103162129734855e-05	0.001017488969908602	0.001017488969908602
just	0	34	115	attn	17	utterance_final	0	prompt_without	47	46	-0.6084936474050794	-0.7232314986842019	-0.7206804965223584	0.002551002161843452	0.02223330952605723	0.02223330952605723
just	0	35	77	attn	17	utterance_final	0	prompt_without	34	33	-0.7607646147410075	-0.9043518463770549	-0.9014638662338257	0.0028879801432292185	0.02011307071195177	0.02011307071195177
just	0	27	202	attn	18	utterance_final	0	prompt_without	41	40	-0.3881986039025443	-0.4539489643914359	-0.4530960866383144	0.0008528777531214837	0.012971453643445435	0.012971453643445435
just	0	33	409	attn	18	utterance_final	0	prompt_without	75	74	-0.5135097066561382	-0.5480095028877259	-0.5476980924606323	0.0003114104270935947	0.00902644250427398	0.00902644250427398
just	0	34	115	attn	18	utterance_final	0	prompt_without	47	46	-0.6084936474050794	-0.7232314986842019	-0.7219648701804025	0.0012666285037994385	0.01103932564257382	0.01103932564257382
just	0	35	77	attn	18	utterance_final	0	prompt_without	34	33	-0.7607646147410075	-0.9043518463770549	-0.9057790517807007	-0.001427205403645826	-0.00993964008766033	0.0
just	0	27	202	attn	19	utterance_final	0	prompt_without	41	40	-0.3881986039025443	-0.4539489643914359	-0.4541242735726493	-0.00017530918121339	-0.0026662847155493265	0.0
just	0	33	409	attn	19	utterance_final	0	prompt_without	75	74	-0.5135097066561382	-0.5480095028877259	-0.5480473915735881	-3.78886858621863e-05	-0.0010982292651194195	0.0
just	0	34	115	attn	19	utterance_final	0	prompt_without	47	46	-0.6084936474050794	-0.7232314986842019	-0.72112837433815	0.0021031243460518656	0.018329821611663268	0.018329821611663268
just	0	35	77	attn	19	utterance_final	0	prompt_without	34	33	-0.7607646147410075	-0.9043518463770549	-0.902985676129659	0.001366170247395937	0.009514566384696298	0.009514566384696298
just	0	27	202	attn	20	utterance_final	0	prompt_without	41	40	-0.3881986039025443	-0.4539489643914359	-0.4547760043825422	-0.000827039991106282	-0.012578486033487359	0.0
just	0	33	409	attn	20	utterance_final	0	prompt_without	75	74	-0.5135097066561382	-0.5480095028877259	-0.5480980753898621	-8.857250213623047e-05	-0.002567334066023678	0.0
just	0	34	115	attn	20	utterance_final	0	prompt_without	47	46	-0.6084936474050794	-0.7232314986842019	-0.7217806918280465	0.0014508068561553955	0.012644535695775068	0.012644535695775068
just	0	35	77	attn	20	utterance_final	0	prompt_without	34	33	-0.7607646147410075	-0.9043518463770549	-0.9025421539942423	0.0018096923828125888	0.012603435292907118	0.012603435292907118
just	0	27	202	attn	21	utterance_final	0	prompt_without	41	40	-0.3881986039025443	-0.4539489643914359	-0.454091249193464	-0.00014228480202810312	-0.0021640155425785364	0.0
just	0	33	409	attn	21	utterance_final	0	prompt_without	75	74	-0.5135097066561382	-0.5480095028877259	-0.5476020812988281	0.0004074215888977273	0.011809391167496101	0.011809391167496101
just	0	34	115	attn	21	utterance_final	0	prompt_without	47	46	-0.6084936474050794	-0.7232314986842019	-0.722009186233793	0.0012223124504089355	0.01065308820744271	0.01065308820744271
just	0	35	77	attn	21	utterance_final	0	prompt_without	34	33	-0.7607646147410075	-0.9043518463770549	-0.9029470205307006	0.0014048258463542629	0.00978377972990729	0.00978377972990729
just	0	27	202	attn	22	utterance_final	0	prompt_without	41	40	-0.3881986039025443	-0.4539489643914359	-0.4544352088655744	-0.0004862444741385308	-0.007395312672402471	0.0
just	0	33	409	attn	22	utterance_final	0	prompt_without	75	74	-0.5135097066561382	-0.5480095028877259	-0.5480668385823567	-5.7335694630844536e-05	-0.0016619140080122695	0.0
just	0	34	115	attn	22	utterance_final	0	prompt_without	47	46	-0.6084936474050794	-0.7232314986842019	-0.7220212604318347	0.0012102382523672128	0.01054785529688079	0.01054785529688079
just	0	35	77	attn	22	utterance_final	0	prompt_without	34	33	-0.7607646147410075	-0.9043518463770549	-0.9026235342025757	0.0017283121744792185	0.012036670355620453	0.012036670355620453
just	0	27	202	attn	23	utterance_final	0	prompt_without	41	40	-0.3881986039025443	-0.4539489643914359	-0.4545637709753854	-0.0006148065839495231	-0.009350619211485441	0.0
just	0	33	409	attn	23	utterance_final	0	prompt_without	75	74	-0.5135097066561382	-0.5480095028877259	-0.5478995005289714	0.00011000235875446851	0.0031884929990905653	0.0031884929990905653
just	0	34	115	attn	23	utterance_final	0	prompt_without	47	46	-0.6084936474050794	-0.7232314986842019	-0.7220260543482644	0.0012054443359375	0.010506073823929457	0.010506073823929457
just	0	35	77	attn	23	utterance_final	0	prompt_without	34	33	-0.7607646147410075	-0.9043518463770549	-0.9019470612208048	0.002404785156250089	0.01674790389681398	0.01674790389681398
just	0	27	202	attn	24	utterance_final	0	prompt_without	41	40	-0.3881986039025443	-0.4539489643914359	-0.4537557942526681	0.00019317013876779532	0.002937932770732581	0.002937932770732581
just	0	33	409	attn	24	utterance_final	0	prompt_without	75	74	-0.5135097066561382	-0.5480095028877259	-0.5477328062057495	0.00027669668197638497	0.008020241050671593	0.008020241050671593
just	0	34	115	attn	24	utterance_final	0	prompt_without	47	46	-0.6084936474050794	-0.7232314986842019	-0.7223906346729824	0.000840864011219522	0.007328566831654831	0.007328566831654831
just	0	35	77	attn	24	utterance_final	0	prompt_without	34	33	-0.7607646147410075	-0.9043518463770549	-0.9031118154525757	0.0012400309244792185	0.008636080731902003	0.008636080731902003
just	0	27	202	attn	25	utterance_final	0	prompt_without	41	40	-0.3881986039025443	-0.4539489643914359	-0.45407933167048864	-0.00013036727905274548	-0.0019827614340573963	0.0
just	0	33	409	attn	25	utterance_final	0	prompt_without	75	74	-0.5135097066561382	-0.5480095028877259	-0.5478187719980876	0.00019073088963827978	0.0055284642366568	0.0055284642366568
just	0	34	115	attn	25	utterance_final	0	prompt_without	47	46	-0.6084936474050794	-0.7232314986842019	-0.7221125321728843	0.0011189665113175984	0.009752374642222393	0.009752374642222393
just	0	35	77	attn	25	utterance_final	0	prompt_without	34	33	-0.7607646147410075	-0.9043518463770549	-0.9040609121322631	0.0002909342447917629	0.002026184650799579	0.002026184650799579
just	0	27	202	attn	26	utterance_final	0	prompt_without	41	40	-0.3881986039025443	-0.4539489643914359	-0.453657214982169	0.00029174940926690596	0.004437229044792788	0.004437229044792788
just	0	33	409	attn	26	utterance_final	0	prompt_without	75	74	-0.5135097066561382	-0.5480095028877259	-0.5478040099143981	0.00020549297332772554	0.005956353247662892	0.005956353247662892
just	0	34	115	attn	26	utterance_final	0	prompt_without	47	46	-0.6084936474050794	-0.7232314986842019	-0.722408298935209	0.0008231997489929199	0.007174613606719232	0.007174613606719232
just	0	35	77	attn	26	utterance_final	0	prompt_without	34	33	-0.7607646147410075	-0.9043518463770549	-0.9031341950098674	0.0012176513671875444	0.00848022037414819	0.00848022037414819
just	0	27	202	attn	27	utterance_final	0	prompt_without	41	40	-0.3881986039025443	-0.4539489643914359	-0.4532083000455584	0.0007406643458774953	0.011264795209794008	0.011264795209794008
just	0	33	409	attn	27	utterance_final	0	prompt_without	75	74	-0.5135097066561382	-0.5480095028877259	-0.5482730786005656	-0.00026357571283974757	-0.007639920858385241	0.0
just	0	34	115	attn	27	utterance_final	0	prompt_without	47	46	-0.6084936474050794	-0.7232314986842019	-0.7224223230566297	0.0008091756275722117	0.007052386100587957	0.007052386100587957
just	0	35	77	attn	27	utterance_final	0	prompt_without	34	33	-0.7607646147410075	-0.9043518463770549	-0.9033101797103882	0.0010416666666667185	0.007254591197266384	0.007254591197266384
just	0	27	202	attn	28	utterance_final	0	prompt_without	41	40	-0.3881986039025443	-0.4539489643914359	-0.45469925062997	-0.0007502862385341258	-0.011411134980178326	0.0
just	0	33	409	attn	28	utterance_final	0	prompt_without	75	74	-0.5135097066561382	-0.5480095028877259	-0.5480641841888427	-5.468130111685454e-05	-0.0015849746111482482	0.0
just	0	34	115	attn	28	utterance_final	0	prompt_without	47	46	-0.6084936474050794	-0.7232314986842019	-0.7224717608519963	0.0007597378322056203	0.00662151002250694	0.00662151002250694
just	0	35	77	attn	28	utterance_final	0	prompt_without	34	33	-0.7607646147410075	-0.9043518463770549	-0.9043742259343465	-2.2379557291563046e-05	-0.00015586035775304056	0.0
just	0	27	202	attn	29	utterance_final	0	prompt_without	41	40	-0.3881986039025443	-0.4539489643914359	-0.454644809450422	-0.000695845058986122	-0.0105831367890931	0.0
just	0	33	409	attn	29	utterance_final	0	prompt_without	75	74	-0.5135097066561382	-0.5480095028877259	-0.5481425007184346	-0.0001329978307087476	-0.003855032354857097	0.0
just	0	34	115	attn	29	utterance_final	0	prompt_without	47	46	-0.6084936474050794	-0.7232314986842019	-0.7226310329777854	0.0006004657064164753	0.0052333706769157095	0.0052333706769157095
just	0	35	77	attn	29	utterance_final	0	prompt_without	34	33	-0.7607646147410075	-0.9043518463770549	-0.9044525543848674	-0.0001007080078124778	-0.0007013716098917753	0.0
just	0	27	202	attn	30	utterance_final	0	prompt_without	41	40	-0.3881986039025443	-0.4539489643914359	-0.4540607827050345	-0.00011181831359863281	-0.0017006494377703725	0.0
just	0	33	409	attn	30	utterance_final	0	prompt_without	75	74	-0.5135097066561382	-0.5480095028877259	-0.5481498757998149	-0.00014037291208901514	-0.004068804092254055	0.0
just	0	34	115	attn	30	utterance_final	0	prompt_without	47	46	-0.6084936474050794	-0.7232314986842019	-0.7222975790500641	0.0009339196341378031	0.008139594943832954	0.008139594943832954
just	0	35	77	attn	30	utterance_final	0	prompt_without	34	33	-0.7607646147410075	-0.9043518463770549	-0.9043233633041382	2.8483072916696273e-05	0.00019836772805044902	0.00019836772805044902
just	0	27	202	attn	31	utterance_final	0	prompt_without	41	40	-0.3881986039025443	-0.4539489643914359	-0.4539489643914359	0.0	0.0	0.0
just	0	33	409	attn	31	utterance_final	0	prompt_without	75	74	-0.5135097066561382	-0.5480095028877259	-0.5480095028877259	0.0	0.0	0.0
just	0	34	115	attn	31	utterance_final	0	prompt_without	47	46	-0.6084936474050794	-0.7232314986842019	-0.7232314986842019	0.0	0.0	0.0
just	0	35	77	attn	31	utterance_final	0	prompt_without	34	33	-0.7607646147410075	-0.9043518463770549	-0.9043518463770549	0.0	0.0	0.0
just	0	36	93	attn	0	utterance_final	0	prompt_without	51	51	-0.51922607421875	-0.54654541015625	-0.5459228515625	0.0006225585937500444	0.022788203753352814	0.022788203753352814
just	0	36	93	attn	1	utterance_final	0	prompt_without	51	51	-0.51922607421875	-0.54654541015625	-0.554443359375	-0.007897949218749978	-0.2890974084003564	0.0
just	0	36	93	attn	2	utterance_final	0	prompt_without	51	51	-0.51922607421875	-0.54654541015625	-0.54888916015625	-0.002343749999999978	-0.08579088471849777	0.0
just	0	36	93	attn	3	utterance_final	0	prompt_without	51	51	-0.51922607421875	-0.54654541015625	-0.54974365234375	-0.003198242187499978	-0.11706881143878373	0.0
just	0	36	93	attn	4	utterance_final	0	prompt_without	51	51	-0.51922607421875	-0.54654541015625	-0.54569091796875	0.0008544921875	0.031277926720285947	0.031277926720285947
just	0	36	93	attn	5	utterance_final	0	prompt_without	51	51	-0.51922607421875	-0.54654541015625	-0.54534912109375	0.0011962890625000222	0.04378909740840113	0.04378909740840113
just	0	36	93	attn	6	utterance_final	0	prompt_without	51	51	-0.51922607421875	-0.54654541015625	-0.543798828125	0.00274658203125	0.10053619302949053	0.10053619302949053
just	0	36	93	attn	7	utterance_final	0	prompt_without	51	51	-0.51922607421875	-0.54654541015625	-0.544287109375	0.00225830078125	0.08266309204647	0.08266309204647
just	0	36	93	attn	8	utterance_final	0	prompt_without	51	51	-0.51922607421875	-0.54654541015625	-0.5360107421875	0.010534667968750022	0.38561215370866897	0.38561215370866897
just	0	36	93	attn	9	utterance_final	0	prompt_without	51	51	-0.51922607421875	-0.54654541015625	-0.5443603515625	0.0021850585937500666	0.07998212689901936	0.07998212689901936
just	0	36	93	attn	10	utterance_final	0	prompt_without	51	51	-0.51922607421875	-0.54654541015625	-0.5397705078125	0.00677490234375	0.24798927613941	0.24798927613941
just	0	36	93	attn	11	utterance_final	0	prompt_without	51	51	-0.51922607421875	-0.54654541015625	-0.5435302734375	0.003015136718749978	0.11036639857015101	0.11036639857015101
just	0	36	93	attn	12	utterance_final	0	prompt_without	51	51	-0.51922607421875	-0.54654541015625	-0.537890625	0.008654785156250067	0.3168007149240415	0.3168007149240415
just	0	36	93	attn	13	utterance_final	0	prompt_without	51	51	-0.51922607421875	-0.54654541015625	-0.5379150390625	0.008630371093749978	0.3159070598748872	0.3159070598748872
just	0	36	93	attn	14	utterance_final	0	prompt_without	51	51	-0.51922607421875	-0.54654541015625	-0.5370849609375	0.00946044921875	0.34629133154602293	0.34629133154602293
just	0	36	93	attn	15	utterance_final	0	prompt_without	51	51	-0.51922607421875	-0.54654541015625	-0.54244384765625	0.004101562500000044	0.15013404825737417	0.15013404825737417
just	0	36	93	attn	16	utterance_final	0	prompt_without	51	51	-0.51922607421875	-0.54654541015625	-0.54405517578125	0.0024902343750000666	0.09115281501340719	0.09115281501340719
just	0	36	93	attn	17	utterance_final	0	prompt_without	51	51	-0.51922607421875	-0.54654541015625	-0.54464111328125	0.0019042968750000444	0.06970509383378173	0.06970509383378173
just	0	36	93	attn	18	utterance_final	0	prompt_without	51	51	-0.51922607421875	-0.54654541015625	-0.54493408203125	0.0016113281249999778	0.058981233243966966	0.058981233243966966
just	0	36	93	attn	19	utterance_final	0	prompt_without	51	51	-0.51922607421875	-0.54654541015625	-0.54605712890625	0.00048828125	0.01787310098302054	0.01787310098302054
just	0	36	93	attn	20	utterance_final	0	prompt_without	51	51	-0.51922607421875	-0.54654541015625	-0.54669189453125	-0.0001464843749999778	-0.005361930294905349	0.0
just	0	36	93	attn	21	utterance_final	0	prompt_without	51	51	-0.51922607421875	-0.54654541015625	-0.54512939453125	0.0014160156250000444	0.05183199285076119	0.05183199285076119
just	0	36	93	attn	22	utterance_final	0	prompt_without	51	51	-0.51922607421875	-0.54654541015625	-0.5458740234375	0.00067138671875	0.02457551385165324	0.02457551385165324
just	0	36	93	attn	23	utterance_final	0	prompt_without	51	51	-0.51922607421875	-0.54654541015625	-0.54776611328125	-0.001220703125	-0.04468275245755135	0.0
just	0	36	93	attn	24	utterance_final	0	prompt_without	51	51	-0.51922607421875	-0.54654541015625	-0.54796142578125	-0.0014160156249999334	-0.051831992850757125	0.0
just	0	36	93	attn	25	utterance_final	0	prompt_without	51	51	-0.51922607421875	-0.54654541015625	-0.54583740234375	0.0007080078125000222	0.025915996425380596	0.025915996425380596
just	0	36	93	attn	26	utterance_final	0	prompt_without	51	51	-0.51922607421875	-0.54654541015625	-0.54583740234375	0.0007080078125000222	0.025915996425380596	0.025915996425380596
just	0	36	93	attn	27	utterance_final	0	prompt_without	51	51	-0.51922607421875	-0.54654541015625	-0.5466064453125	-6.103515625e-05	-0.0022341376228775674	0.0
just	0	36	93	attn	28	utterance_final	0	prompt_without	51	51	-0.51922607421875	-0.54654541015625	-0.54654541015625	0.0	0.0	0.0
just	0	36	93	attn	29	utterance_final	0	prompt_without	51	51	-0.51922607421875	-0.54654541015625	-0.54844970703125	-0.0019042968749999334	-0.06970509383377767	0.0
just	0	36	93	attn	30	utterance_final	0	prompt_without	51	51	-0.51922607421875	-0.54654541015625	-0.54647216796875	7.324218750004441e-05	0.0026809651474547064	0.0026809651474547064
just	0	36	93	attn	31	utterance_final	0	prompt_without	51	51	-0.51922607421875	-0.54654541015625	-0.54654541015625	0.0	0.0	0.0
just	1	2	197	attn	0	utterance_final	0	prompt_without	31	30	-0.5145439130288584	-0.5825948671058372	-0.5828319787979126	-0.00023711169207540905	-0.0034843257569495615	0.0
just	1	4	290	attn	0	utterance_final	0	prompt_without	38	37	-0.5846256205910131	-0.637218249471564	-0.6377125790244654	-0.0004943295529014069	-0.009399217407902057	0.0
just	1	9	491	attn	0	utterance_final	0	prompt_without	44	43	-0.5975271743886611	-0.625893680488362	-0.6258968149914461	-3.1345030840901345e-06	-0.00011050014665440881	0.0
just	1	10	74	attn	0	utterance_final	0	prompt_without	34	33	-1.474222469329834	-1.7407281398773193	-1.7419000148773194	-0.0011718750000000444	-0.004397185987047292	0.0
just	1	2	197	attn	1	utterance_final	0	prompt_without	31	30	-0.5145439130288584	-0.5825948671058372	-0.5806447135077583	0.0019501535980789297	0.0286572557950169	0.0286572557950169
just	1	4	290	attn	1	utterance_final	0	prompt_without	38	37	-0.5846256205910131	-0.637218249471564	-0.6382244260687577	-0.0010061765971937087	-0.019131513647643476	0.0
just	1	9	491	attn	1	utterance_final	0	prompt_without	44	43	-0.5975271743886611	-0.625893680488362	-0.62472643922357	0.0011672412647920627	0.041148573627274074	0.041148573627274074
just	1	10	74	attn	1	utterance_final	0	prompt_without	34	33	-1.474222469329834	-1.7407281398773193	-1.7369192123413086	0.0038089275360106978	0.01429210691159396	0.01429210691159396
just	1	2	197	attn	2	utterance_final	0	prompt_without	31	30	-0.5145439130288584	-0.5825948671058372	-0.582426044676039	0.00016882242979820994	0.0024808238486596244	0.0024808238486596244
just	1	4	290	attn	2	utterance_final	0	prompt_without	38	37	-0.5846256205910131	-0.637218249471564	-0.6372940414830258	-7.579201146179493e-05	-0.0014411147165496276	0.0
just	1	9	491	attn	2	utterance_final	0	prompt_without	44	43	-0.5975271743886611	-0.625893680488362	-0.6251079580363106	0.0007857224520514405	0.027698950631770775	0.027698950631770775
just	1	10	74	attn	2	utterance_final	0	prompt_without	34	33	-1.474222469329834	-1.7407281398773193	-1.7417047023773193	-0.0009765625	-0.003664321655872604	0.0
just	1	2	197	attn	3	utterance_final	0	prompt_without	31	30	-0.5145439130288584	-0.5825948671058372	-0.5797257997371532	0.002869067368683975	0.04216057522776983	0.04216057522776983
just	1	4	290	attn	3	utterance_final	0	prompt_without	38	37	-0.5846256205910131	-0.637218249471564	-0.636391840483013	0.0008264089885510195	0.015713399503720766	0.015713399503720766
just	1	9	491	attn	3	utterance_final	0	prompt_without	44	43	-0.5975271743886611	-0.625893680488362	-0.6251337913905873	0.0007598890977746908	0.026788251436531425	0.026788251436531425
just	1	10	74	attn	3	utterance_final	0	prompt_without	34	33	-1.474222469329834	-1.7407281398773193	-1.7326234579086304	0.008104681968688965	0.030410917531471036	0.030410917531471036
just	1	2	197	attn	4	utterance_final	0	prompt_without	31	30	-0.5145439130288584	-0.5825948671058372	-0.5820732160850808	0.0005216510207564085	0.007665594521515747	0.007665594521515747
just	1	4	290	attn	4	utterance_final	0	prompt_without	38	37	-0.5846256205910131	-0.637218249471564	-0.6395924216822574	-0.0023741722106933594	-0.045142679900744456	0.0
just	1	9	491	attn	4	utterance_final	0	prompt_without	44	43	-0.5975271743886611	-0.625893680488362	-0.6253451284240273	0.0005485520643346842	0.01933802007221706	0.01933802007221706
just	1	10	74	attn	4	utterance_final	0	prompt_without	34	33	-1.474222469329834	-1.7407281398773193	-1.710845375061035	0.02988276481628427	0.11212806374774616	0.11212806374774616
just	1	2	197	attn	5	utterance_final	0	prompt_without	31	30	-0.5145439130288584	-0.5825948671058372	-0.5830170710881551	-0.0004222039823179591	-0.006204233108037907	0.0
just	1	4	290	attn	5	utterance_final	0	prompt_without	38	37	-0.5846256205910131	-0.637218249471564	-0.6386667050813374	-0.001448455609773358	-0.02754103836610087	0.0
just	1	9	491	attn	5	utterance_final	0	prompt_without	44	43	-0.5975271743886611	-0.625893680488362	-0.6228151075980243	0.0030785728903377496	0.10852844828747547	0.10852844828747547
just	1	10	74	attn	5	utterance_final	0	prompt_without	34	33	-1.474222469329834	-1.7407281398773193	-1.7174859285354613	0.023242211341858	0.08721094487074624	0.08721094487074624
just	1	2	197	attn	6	utterance_final	0	prompt_without	31	30	-0.5145439130288584	-0.5825948671058372	-0.5788848002751669	0.003710066830670322	0.05451895393668571	0.05451895393668571
just	1	4	290	attn	6	utterance_final	0	prompt_without	38	37	-0.5846256205910131	-0.637218249471564	-0.6404566262897692	-0.0032383768182051575	-0.06157472800152662	0.0
just	1	9	491	attn	6	utterance_final	0	prompt_without	44	43	-0.5975271743886611	-0.625893680488362	-0.6255386682117686	0.00035501227659340273	0.012515192225141386	0.012515192225141386
just	1	10	74	attn	6	utterance_final	0	prompt_without	34	33	-1.474222469329834	-1.7407281398773193	-1.6730510473251343	0.06767709255218501	0.25394241110575727	0.25394241110575727
just	1	2	197	attn	7	utterance_final	0	prompt_without	31	30	-0.5145439130288584	-0.5825948671058372	-0.5826357823831064	-4.0915277269237826e-05	-0.000601244726458276	0.0
just	1	4	290	attn	7	utterance_final	0	prompt_without	38	37	-0.5846256205910131	-0.637218249471564	-0.6382106228878623	-0.00099237341629832	-0.01886905898072164	0.0
just	1	9	491	attn	7	utterance_final	0	prompt_without	44	43	-0.5975271743886611	-0.625893680488362	-0.6244210285298964	0.0014726519584655762	0.05191516901269355	0.05191516901269355
just	1	10	74	attn	7	utterance_final	0	prompt_without	34	33	-1.474222469329834	-1.7407281398773193	-1.7244207382202148	0.016307401657104537	0.06118969860417632	0.06118969860417632
just	1	2	197	attn	8	utterance_final	0	prompt_without	31	30	-0.5145439130288584	-0.5825948671058372	-0.58224207383615	0.0003527932696871794	0.005184251631330575	0.005184251631330575
just	1	4	290	attn	8	utterance_final	0	prompt_without	38	37	-0.5846256205910131	-0.637218249471564	-0.6397036251268888	-0.0024853756553248063	-0.04725711013552153	0.0
just	1	9	491	attn	8	utterance_final	0	prompt_without	44	43	-0.5975271743886611	-0.625893680488362	-0.6229507817941553	0.0029428986942067192	0.10374554708511481	0.10374554708511481
just	1	10	74	attn	8	utterance_final	0	prompt_without	34	33	-1.474222469329834	-1.7407281398773193	-1.7151411056518555	0.025587034225463823	0.09600934258884668	0.09600934258884668
just	1	2	197	attn	9	utterance_final	0	prompt_without	31	30	-0.5145439130288584	-0.5825948671058372	-0.5820971639068039	0.0004977031990333058	0.0073136843676035335	0.0073136843676035335
just	1	4	290	attn	9	utterance_final	0	prompt_without	38	37	-0.5846256205910131	-0.637218249471564	-0.6370989648919356	0.00011928457962839811	0.002268085512502499	0.002268085512502499
just	1	9	491	attn	9	utterance_final	0	prompt_without	44	43	-0.5975271743886611	-0.625893680488362	-0.6236348643022425	0.002258816186119561	0.07962969349064022	0.07962969349064022
just	1	10	74	attn	9	utterance_final	0	prompt_without	34	33	-1.474222469329834	-1.7407281398773193	-1.7360402345657349	0.004687905311584473	0.01759026478481325	0.01759026478481325
just	1	2	197	attn	10	utterance_final	0	prompt_without	31	30	-0.5145439130288584	-0.5825948671058372	-0.5817811886469523	0.0008136784588849144	0.011956900089372538	0.011956900089372538
just	1	4	290	attn	10	utterance_final	0	prompt_without	38	37	-0.5846256205910131	-0.637218249471564	-0.6366859988162392	0.0005322506553248063	0.010120251956479698	0.010120251956479698
just	1	9	491	attn	10	utterance_final	0	prompt_without	44	43	-0.5975271743886611	-0.625893680488362	-0.6252792372423059	0.0006144432460560845	0.021660871589066186	0.021660871589066186
just	1	10	74	attn	10	utterance_final	0	prompt_without	34	33	-1.474222469329834	-1.7407281398773193	-1.721685266494751	0.01904287338256827	0.07145391444560374	0.07145391444560374
just	1	2	197	attn	11	utterance_final	0	prompt_without	31	30	-0.5145439130288584	-0.5825948671058372	-0.5809051372386791	0.0016897298671580963	0.0248303626316052	0.0248303626316052
just	1	4	290	attn	11	utterance_final	0	prompt_without	38	37	-0.5846256205910131	-0.637218249471564	-0.6369766687092028	0.0002415807623612487	0.004593433861424384	0.004593433861424384
just	1	9	491	attn	11	utterance_final	0	prompt_without	44	43	-0.5975271743886611	-0.625893680488362	-0.6259151276420144	-2.1447153652376372e-05	-0.0007560731510957035	0.0
just	1	10	74	attn	11	utterance_final	0	prompt_without	34	33	-1.474222469329834	-1.7407281398773193	-1.697856330871582	0.042871809005737394	0.16086640452214543	0.16086640452214543
just	1	2	197	attn	12	utterance_final	0	prompt_without	31	30	-0.5145439130288584	-0.5825948671058372	-0.5812314616309272	0.0013634054749099844	0.02003506774302839	0.02003506774302839
just	1	4	290	attn	12	utterance_final	0	prompt_without	38	37	-0.5846256205910131	-0.637218249471564	-0.638380301626105	-0.0011620521545410156	-0.022095342622637928	0.0
just	1	9	491	attn	12	utterance_final	0	prompt_without	44	43	-0.5975271743886611	-0.625893680488362	-0.6242085239466499	0.001685156541712085	0.05940655982760781	0.05940655982760781
just	1	10	74	attn	12	utterance_final	0	prompt_without	34	33	-1.474222469329834	-1.7407281398773193	-1.7163141965866089	0.02441394329071045	0.09160759409192547	0.09160759409192547
just	1	2	197	attn	13	utterance_final	0	prompt_without	31	30	-0.5145439130288584	-0.5825948671058372	-0.5824077747486256	0.00018709235721159345	0.0027492980774370297	0.0027492980774370297
just	1	4	290	attn	13	utterance_final	0	prompt_without	38	37	-0.5846256205910131	-0.637218249471564	-0.6364428620589407	0.0007753874126232851	0.014743271616719428	0.014743271616719428
just	1	9	491	attn	13	utterance_final	0	prompt_without	44	43	-0.5975271743886611	-0.625893680488362	-0.625651429681217	0.0002422508071450169	0.008540029790541281	0.008540029790541281
just	1	10	74	attn	13	utterance_final	0	prompt_without	34	33	-1.474222469329834	-1.7407281398773193	-1.749810266494751	-0.009082126617431685	-0.03407854924352709	0.0
just	1	2	197	attn	14	utterance_final	0	prompt_without	31	30	-0.5145439130288584	-0.5825948671058372	-0.5816930179242734	0.0009018491815637741	0.013252557496014061	0.013252557496014061
just	1	4	290	attn	14	utterance_final	0	prompt_without	38	37	-0.5846256205910131	-0.637218249471564	-0.6389235446327611	-0.0017052951611971068	-0.03242460393204902	0.0
just	1	9	491	attn	14	utterance_final	0	prompt_without	44	43	-0.5975271743886611	-0.625893680488362	-0.6255733475965612	0.0003203328918007786	0.011292645300584126	0.011292645300584126
just	1	10	74	attn	14	utterance_final	0	prompt_without	34	33	-1.474222469329834	-1.7407281398773193	-1.7501036643981933	-0.009375524520873979	-0.035179456037891216	0.0
just	1	2	197	attn	15	utterance_final	0	prompt_without	31	30	-0.5145439130288584	-0.5825948671058372	-0.581063879860772	0.001530987245065174	0.022497660258125565	0.022497660258125565
just	1	4	290	attn	15	utterance_final	0	prompt_without	38	37	-0.5846256205910131	-0.637218249471564	-0.6376632138302452	-0.0004449643586811325	-0.008460584080931595	0.0
just	1	9	491	attn	15	utterance_final	0	prompt_without	44	43	-0.5975271743886611	-0.625893680488362	-0.6250678511226878	0.0008258293656742133	0.029112833380735604	0.029112833380735604
just	1	10	74	attn	15	utterance_final	0	prompt_without	34	33	-1.474222469329834	-1.7407281398773193	-1.7415093898773193	-0.0007812499999999556	-0.0029314573246979163	0.0
just	1	2	197	attn	16	utterance_final	0	prompt_without	31	30	-0.5145439130288584	-0.5825948671058372	-0.5820008957827533	0.0005939713230839194	0.008728332043839132	0.008728332043839132
just	1	4	290	attn	16	utterance_final	0	prompt_without	38	37	-0.5846256205910131	-0.637218249471564	-0.6381820879484478	-0.0009638384768837494	-0.01832649360565017	0.0
just	1	9	491	attn	16	utterance_final	0	prompt_without	44	43	-0.5975271743886611	-0.625893680488362	-0.6257547771229464	0.00013890336541566572	0.00489673860176704	0.00489673860176704
just	1	10	74	attn	16	utterance_final	0	prompt_without	34	33	-1.474222469329834	-1.7407281398773193	-1.7336968183517456	0.0070313215255737305	0.02638338430521653	0.02638338430521653
just	1	2	197	attn	17	utterance_final	0	prompt_without	31	30	-0.5145439130288584	-0.5825948671058372	-0.5812823110156589	0.0013125560901783295	0.019287842587681788	0.019287842587681788
just	1	4	290	attn	17	utterance_final	0	prompt_without	38	37	-0.5846256205910131	-0.637218249471564	-0.6388883339731317	-0.0016700845015676924	-0.031755105936248404	0.0
just	1	9	491	attn	17	utterance_final	0	prompt_without	44	43	-0.5975271743886611	-0.625893680488362	-0.6256121572326211	0.0002815232557409342	0.009924495274513287	0.009924495274513287
just	1	10	74	attn	17	utterance_final	0	prompt_without	34	33	-1.474222469329834	-1.7407281398773193	-1.7454156398773193	-0.004687499999999956	-0.01758874394818833	0.0
just	1	2	197	attn	18	utterance_final	0	prompt_without	31	30	-0.5145439130288584	-0.5825948671058372	-0.5819354101463601	0.0006594569594771116	0.009690635031084766	0.009690635031084766
just	1	4	290	attn	18	utterance_final	0	prompt_without	38	37	-0.5846256205910131	-0.637218249471564	-0.6380511836001748	-0.0008329341286107406	-0.01583746898263084	0.0
just	1	9	491	attn	18	utterance_final	0	prompt_without	44	43	-0.5975271743886611	-0.625893680488362	-0.6252908250864815	0.0006028554018805421	0.02125236713191471	0.02125236713191471
just	1	10	74	attn	18	utterance_final	0	prompt_without	34	33	-1.474222469329834	-1.7407281398773193	-1.7426812648773193	-0.001953125	-0.007328643311745208	0.0
just	1	2	197	attn	19	utterance_final	0	prompt_without	31	30	-0.5145439130288584	-0.5825948671058372	-0.5816755294799805	0.0009193376258567199	0.013509547931051356	0.013509547931051356
just	1	4	290	attn	19	utterance_final	0	prompt_without	38	37	-0.5846256205910131	-0.637218249471564	-0.6383333959077534	-0.0011151464361893737	-0.021203473945409893	0.0
just	1	9	491	attn	19	utterance_final	0	prompt_without	44	43	-0.5975271743886611	-0.625893680488362	-0.6242926015573389	0.0016010789310231255	0.05644258497665336	0.05644258497665336
just	1	10	74	attn	19	utterance_final	0	prompt_without	34	33	-1.474222469329834	-1.7407281398773193	-1.7438531398773194	-0.0031250000000000444	-0.0117258292987925	0.0
just	1	2	197	attn	20	utterance_final	0	prompt_without	31	30	-0.5145439130288584	-0.5825948671058372	-0.5817492361421939	0.0008456309636433179	0.012426438028873856	0.012426438028873856
just	1	4	290	attn	20	utterance_final	0	prompt_without	38	37	-0.5846256205910131	-0.637218249471564	-0.6384251996090538	-0.0012069501374897262	-0.022949036075587077	0.0
just	1	9	491	attn	20	utterance_final	0	prompt_without	44	43	-0.5975271743886611	-0.625893680488362	-0.6248196433572208	0.0010740371311411812	0.03786286289069999	0.03786286289069999
just	1	10	74	attn	20	utterance_final	0	prompt_without	34	33	-1.474222469329834	-1.7407281398773193	-1.7434625148773193	-0.0027343749999999556	-0.010260100636443125	0.0
just	1	2	197	attn	21	utterance_final	0	prompt_without	31	30	-0.5145439130288584	-0.5825948671058372	-0.5824072272689255	0.0001876398369117238	0.002757343221073239	0.002757343221073239
just	1	4	290	attn	21	utterance_final	0	prompt_without	38	37	-0.5846256205910131	-0.637218249471564	-0.6366388923243472	0.0005793571472167969	0.011015938156136678	0.011015938156136678
just	1	9	491	attn	21	utterance_final	0	prompt_without	44	43	-0.5975271743886611	-0.625893680488362	-0.6246189860736623	0.0012746944146997397	0.04493660270389024	0.04493660270389024
just	1	10	74	attn	21	utterance_final	0	prompt_without	34	33	-1.474222469329834	-1.7407281398773193	-1.7407281398773193	0.0	0.0	0.0
just	1	2	197	attn	22	utterance_final	0	prompt_without	31	30	-0.5145439130288584	-0.5825948671058372	-0.582389959582576	0.00020490752326118855	0.0030110896465815667	0.0030110896465815667
just	1	4	290	attn	22	utterance_final	0	prompt_without	38	37	-0.5846256205910131	-0.637218249471564	-0.6379445226568925	-0.0007262731853284743	-0.013809410192785672	0.0
just	1	9	491	attn	22	utterance_final	0	prompt_without	44	43	-0.5975271743886611	-0.625893680488362	-0.6249030477860394	0.0009906327023225803	0.03492261961486419	0.03492261961486419
just	1	10	74	attn	22	utterance_final	0	prompt_without	34	33	-1.474222469329834	-1.7407281398773193	-1.7428765058517457	-0.0021483659744263583	-0.008061239259986282	0.0
just	1	2	197	attn	23	utterance_final	0	prompt_without	31	30	-0.5145439130288584	-0.5825948671058372	-0.5824740771894101	0.00012078991642705539	0.001774992254927368	0.001774992254927368
just	1	4	290	attn	23	utterance_final	0	prompt_without	38	37	-0.5846256205910131	-0.637218249471564	-0.637687833685624	-0.0004695842140599593	-0.008928707768658704	0.0
just	1	9	491	attn	23	utterance_final	0	prompt_without	44	43	-0.5975271743886611	-0.625893680488362	-0.6249760739943561	0.0009176064940059625	0.032348238122129426	0.032348238122129426
just	1	10	74	attn	23	utterance_final	0	prompt_without	34	33	-1.474222469329834	-1.7407281398773193	-1.7407281398773193	0.0	0.0	0.0
just	1	2	197	attn	24	utterance_final	0	prompt_without	31	30	-0.5145439130288584	-0.5825948671058372	-0.5825641640910396	3.070301479757287e-05	0.0004511768455566665	0.0004511768455566665
just	1	4	290	attn	24	utterance_final	0	prompt_without	38	37	-0.5846256205910131	-0.637218249471564	-0.6375394871360377	-0.0003212376644736725	-0.0061080358847106055	0.0
just	1	9	491	attn	24	utterance_final	0	prompt_without	44	43	-0.5975271743886611	-0.625893680488362	-0.6236325923134299	0.002261088174932091	0.0797097875566681	0.0797097875566681
just	1	10	74	attn	24	utterance_final	0	prompt_without	34	33	-1.474222469329834	-1.7407281398773193	-1.7428765773773194	-0.0021484375000000444	-0.008061507642919895	0.0
just	1	2	197	attn	25	utterance_final	0	prompt_without	31	30	-0.5145439130288584	-0.5825948671058372	-0.5826885876832185	-9.372057738132877e-05	-0.001377211806249074	0.0
just	1	4	290	attn	25	utterance_final	0	prompt_without	38	37	-0.5846256205910131	-0.637218249471564	-0.6368461157146253	0.0003721337569386751	0.0070757778201935885	0.0070757778201935885
just	1	9	491	attn	25	utterance_final	0	prompt_without	44	43	-0.5975271743886611	-0.625893680488362	-0.6260779394822962	-0.0001842589939341499	-0.006495653475494205	0.0
just	1	10	74	attn	25	utterance_final	0	prompt_without	34	33	-1.474222469329834	-1.7407281398773193	-1.7407281398773193	0.0	0.0	0.0
just	1	2	197	attn	26	utterance_final	0	prompt_without	31	30	-0.5145439130288584	-0.5825948671058372	-0.581813617988869	0.0007812491169681968	0.011480355089282844	0.011480355089282844
just	1	4	290	attn	26	utterance_final	0	prompt_without	38	37	-0.5846256205910131	-0.637218249471564	-0.6383624578777113	-0.0011442084061472624	-0.02175606031685549	0.0
just	1	9	491	attn	26	utterance_final	0	prompt_without	44	43	-0.5975271743886611	-0.625893680488362	-0.6255268945413477	0.0003667859470143364	0.01293024758583869	0.01293024758583869
just	1	10	74	attn	26	utterance_final	0	prompt_without	34	33	-1.474222469329834	-1.7407281398773193	-1.7407281398773193	0.0	0.0	0.0
just	1	2	197	attn	27	utterance_final	0	prompt_without	31	30	-0.5145439130288584	-0.5825948671058372	-0.5822926538961904	0.00030221320964674003	0.004440984167611792	0.004440984167611792
just	1	4	290	attn	27	utterance_final	0	prompt_without	38	37	-0.5846256205910131	-0.637218249471564	-0.6369352591665167	0.0002829903050473037	0.005380797862187778	0.005380797862187778
just	1	9	491	attn	27	utterance_final	0	prompt_without	44	43	-0.5975271743886611	-0.625893680488362	-0.6254856691640966	0.00040801132426537823	0.014383559358044449	0.014383559358044449
just	1	10	74	attn	27	utterance_final	0	prompt_without	34	33	-1.474222469329834	-1.7407281398773193	-1.7401421308517455	0.0005860090255738193	0.0021988613764576752	0.0021988613764576752
just	1	2	197	attn	28	utterance_final	0	prompt_without	31	30	-0.5145439130288584	-0.5825948671058372	-0.5822758144802518	0.00031905262558540315	0.004688437214627334	0.004688437214627334
just	1	4	290	attn	28	utterance_final	0	prompt_without	38	37	-0.5846256205910131	-0.637218249471564	-0.6371347276788009	8.352179276316374e-05	0.0015880893300249264	0.0015880893300249264
just	1	9	491	attn	28	utterance_final	0	prompt_without	44	43	-0.5975271743886611	-0.625893680488362	-0.6254200164009543	0.00047366408740767696	0.016698005942038484	0.016698005942038484
just	1	10	74	attn	28	utterance_final	0	prompt_without	34	33	-1.474222469329834	-1.7407281398773193	-1.7401422023773194	0.0005859374999999112	0.002198592993523229	0.002198592993523229
just	1	2	197	attn	29	utterance_final	0	prompt_without	31	30	-0.5145439130288584	-0.5825948671058372	-0.5821492716118142	0.00044559549402301	0.0065479683579300774	0.0065479683579300774
just	1	4	290	attn	29	utterance_final	0	prompt_without	38	37	-0.5846256205910131	-0.637218249471564	-0.6370640553926167	0.00015419407894734505	0.002931857224660753	0.002931857224660753
just	1	9	491	attn	29	utterance_final	0	prompt_without	44	43	-0.5975271743886611	-0.625893680488362	-0.6251866922659033	0.0007069882224587376	0.024923345158330636	0.024923345158330636
just	1	10	74	attn	29	utterance_final	0	prompt_without	34	33	-1.474222469329834	-1.7407281398773193	-1.7407281398773193	0.0	0.0	0.0
just	1	2	197	attn	30	utterance_final	0	prompt_without	31	30	-0.5145439130288584	-0.5825948671058372	-0.5826685870135272	-7.371990769000636e-05	-0.001083304542749171	0.0
just	1	4	290	attn	30	utterance_final	0	prompt_without	38	37	-0.5846256205910131	-0.637218249471564	-0.6373659686038369	-0.00014771913227284994	-0.0028087421263605504	0.0
just	1	9	491	attn	30	utterance_final	0	prompt_without	44	43	-0.5975271743886611	-0.625893680488362	-0.625584644429824	0.00030903605853804805	0.010894399805597005	0.010894399805597005
just	1	10	74	attn	30	utterance_final	0	prompt_without	34	33	-1.474222469329834	-1.7407281398773193	-1.7407281398773193	0.0	0.0	0.0
just	1	2	197	attn	31	utterance_final	0	prompt_without	31	30	-0.5145439130288584	-0.5825948671058372	-0.5825948671058372	0.0	0.0	0.0
just	1	4	290	attn	31	utterance_final	0	prompt_without	38	37	-0.5846256205910131	-0.637218249471564	-0.637218249471564	0.0	0.0	0.0
just	1	9	491	attn	31	utterance_final	0	prompt_without	44	43	-0.5975271743886611	-0.625893680488362	-0.625893680488362	0.0	0.0	0.0
just	1	10	74	attn	31	utterance_final	0	prompt_without	34	33	-1.474222469329834	-1.7407281398773193	-1.7407281398773193	0.0	0.0	0.0
just	1	12	225	attn	0	utterance_final	0	prompt_without	26	25	-0.24122889135398118	-0.2984287294687009	-0.29766514955782425	0.0007635799108766661	0.013349336921989774	0.013349336921989774
just	1	13	18	attn	0	utterance_final	0	prompt_without	53	52	-0.3288378348717323	-0.582470511778807	-0.5820535574203882	0.00041695435841881956	0.0016439299679496036	0.0016439299679496036
just	1	15	192	attn	0	utterance_final	0	prompt_without	43	42	-0.563782296928705	-0.6283812289144478	-0.6280074119567871	0.0003738169576606998	0.005786735881998826	0.005786735881998826
just	1	16	462	attn	0	utterance_final	0	prompt_without	61	60	-0.7021033445994059	-0.7493457396825155	-0.7499681075414022	-0.0006223678588866965	-0.013173926889011813	0.0
just	1	12	225	attn	1	utterance_final	0	prompt_without	26	25	-0.24122889135398118	-0.2984287294687009	-0.2984650088291542	-3.6279360453306264e-05	-0.0006342563484278494	0.0
just	1	13	18	attn	1	utterance_final	0	prompt_without	53	52	-0.3288378348717323	-0.582470511778807	-0.581654851253216	0.000815660525591011	0.0032159126163773073	0.0032159126163773073
just	1	15	192	attn	1	utterance_final	0	prompt_without	43	42	-0.563782296928705	-0.6283812289144478	-0.6280944324007222	0.0002867965137256512	0.004439647915370303	0.004439647915370303
just	1	16	462	attn	1	utterance_final	0	prompt_without	61	60	-0.7021033445994059	-0.7493457396825155	-0.7506863514582316	-0.001340611775716094	-0.028377303338615	0.0
just	1	12	225	attn	2	utterance_final	0	prompt_without	26	25	-0.24122889135398118	-0.2984287294687009	-0.2980501137527765	0.0003786157159244019	0.0066191746061422755	0.0066191746061422755
just	1	13	18	attn	2	utterance_final	0	prompt_without	53	52	-0.3288378348717323	-0.582470511778807	-0.5824797856502044	-9.273871397375011e-06	-3.6564182149024695e-05	0.0
just	1	15	192	attn	2	utterance_final	0	prompt_without	43	42	-0.563782296928705	-0.6283812289144478	-0.6279826514861163	0.00039857742833149246	0.0061700312385885815	0.0061700312385885815
just	1	16	462	attn	2	utterance_final	0	prompt_without	61	60	-0.7021033445994059	-0.7493457396825155	-0.7502737919489543	-0.0009280522664387725	-0.019644479599438772	0.0
just	1	12	225	attn	3	utterance_final	0	prompt_without	26	25	-0.24122889135398118	-0.2984287294687009	-0.29016997299942315	0.008258756469277762	0.14438426298889231	0.14438426298889231
just	1	13	18	attn	3	utterance_final	0	prompt_without	53	52	-0.3288378348717323	-0.582470511778807	-0.5834344931137867	-0.0009639813349796578	-0.003800698501214174	0.0
just	1	15	192	attn	3	utterance_final	0	prompt_without	43	42	-0.563782296928705	-0.6283812289144478	-0.627687465910818	0.000693763003629777	0.010739542935212804	0.010739542935212804
just	1	16	462	attn	3	utterance_final	0	prompt_without	61	60	-0.7021033445994059	-0.7493457396825155	-0.7479479153951009	0.0013978242874146396	0.029588345064968977	0.029588345064968977
just	1	12	225	attn	4	utterance_final	0	prompt_without	26	25	-0.24122889135398118	-0.2984287294687009	-0.29796743392944336	0.00046129553925755573	0.008064630153889307	0.008064630153889307
just	1	13	18	attn	4	utterance_final	0	prompt_without	53	52	-0.3288378348717323	-0.582470511778807	-0.5784586454049135	0.004011866373893502	0.015817624222620806	0.015817624222620806
just	1	15	192	attn	4	utterance_final	0	prompt_without	43	42	-0.563782296928705	-0.6283812289144478	-0.627318216305153	0.0010630126092947556	0.016455575605017203	0.016455575605017203
just	1	16	462	attn	4	utterance_final	0	prompt_without	61	60	-0.7021033445994059	-0.7493457396825155	-0.7478919506072998	0.0014537890752156502	0.03077297568546475	0.03077297568546475
just	1	12	225	attn	5	utterance_final	0	prompt_without	26	25	-0.24122889135398118	-0.2984287294687009	-0.2939565181732178	0.004472211295483142	0.07818573343710684	0.07818573343710684
just	1	13	18	attn	5	utterance_final	0	prompt_without	53	52	-0.3288378348717323	-0.582470511778807	-0.5832338822193635	-0.0007633704405564101	-0.0030097479940886787	0.0
just	1	15	192	attn	5	utterance_final	0	prompt_without	43	42	-0.563782296928705	-0.6283812289144478	-0.6292925208222633	-0.0009112919078154702	-0.014106919105359121	0.0
just	1	16	462	attn	5	utterance_final	0	prompt_without	61	60	-0.7021033445994059	-0.7493457396825155	-0.7492389917373657	0.00010674794514975439	0.002259579451083327	0.002259579451083327
just	1	12	225	attn	6	utterance_final	0	prompt_without	26	25	-0.24122889135398118	-0.2984287294687009	-0.2936113675435384	0.004817361925162522	0.08421985243211429	0.08421985243211429
just	1	13	18	attn	6	utterance_final	0	prompt_without	53	52	-0.3288378348717323	-0.582470511778807	-0.5765184897642869	0.005952022014520164	0.02346709456802701	0.02346709456802701
just	1	15	192	attn	6	utterance_final	0	prompt_without	43	42	-0.563782296928705	-0.6283812289144478	-0.6270966880461749	0.0012845408682728987	0.019884862315624665	0.019884862315624665
just	1	16	462	attn	6	utterance_final	0	prompt_without	61	60	-0.7021033445994059	-0.7493457396825155	-0.750494909286499	-0.0011491696039834798	-0.024324964937993566	0.0
just	1	12	225	attn	7	utterance_final	0	prompt_without	26	25	-0.24122889135398118	-0.2984287294687009	-0.29293492962332335	0.005493799845377567	0.09604572366724583	0.09604572366724583
just	1	13	18	attn	7	utterance_final	0	prompt_without	53	52	-0.3288378348717323	-0.582470511778807	-0.5833002787369949	-0.0008297669581878164	-0.003271530184148252	0.0
just	1	15	192	attn	7	utterance_final	0	prompt_without	43	42	-0.563782296928705	-0.6283812289144478	-0.6267272163839901	0.0016540125304577158	0.02560433244968757	0.02560433244968757
just	1	16	462	attn	7	utterance_final	0	prompt_without	61	60	-0.7021033445994059	-0.7493457396825155	-0.7484006484349569	0.0009450912475585938	0.02000515100675938	0.02000515100675938
just	1	12	225	attn	8	utterance_final	0	prompt_without	26	25	-0.24122889135398118	-0.2984287294687009	-0.2999461491902669	-0.0015174197215659935	-0.02652839189024737	0.0
just	1	13	18	attn	8	utterance_final	0	prompt_without	53	52	-0.3288378348717323	-0.582470511778807	-0.5751103529563317	0.007360158822475316	0.02901896913374419	0.02901896913374419
just	1	15	192	attn	8	utterance_final	0	prompt_without	43	42	-0.563782296928705	-0.6283812289144478	-0.6276319798301248	0.0007492490843230559	0.01159847479349066	0.01159847479349066
just	1	16	462	attn	8	utterance_final	0	prompt_without	61	60	-0.7021033445994059	-0.7493457396825155	-0.7504231373469035	-0.001077397664387969	-0.022805737568821267	0.0
just	1	12	225	attn	9	utterance_final	0	prompt_without	26	25	-0.24122889135398118	-0.2984287294687009	-0.29909179257411583	-0.0006630631054149183	-0.011592045139797108	0.0
just	1	13	18	attn	9	utterance_final	0	prompt_without	53	52	-0.3288378348717323	-0.582470511778807	-0.579537284679902	0.002933227098905089	0.011564862756149347	0.011564862756149347
just	1	15	192	attn	9	utterance_final	0	prompt_without	43	42	-0.563782296928705	-0.6283812289144478	-0.6281851763818779	0.0001960525325699347	0.003034919100724514	0.003034919100724514
just	1	16	462	attn	9	utterance_final	0	prompt_without	61	60	-0.7021033445994059	-0.7493457396825155	-0.7449222087860108	0.004423530896504713	0.09363477208813752	0.09363477208813752
just	1	12	225	attn	10	utterance_final	0	prompt_without	26	25	-0.24122889135398118	-0.2984287294687009	-0.2967172977971096	0.0017114316715913236	0.029920218797802958	0.029920218797802958
just	1	13	18	attn	10	utterance_final	0	prompt_without	53	52	-0.3288378348717323	-0.582470511778807	-0.5765934785207113	0.005877033258095743	0.023171435675257864	0.023171435675257864
just	1	15	192	attn	10	utterance_final	0	prompt_without	43	42	-0.563782296928705	-0.6283812289144478	-0.6289645760667091	-0.000583347152261271	-0.009030290971219419	0.0
just	1	16	462	attn	10	utterance_final	0	prompt_without	61	60	-0.7021033445994059	-0.7493457396825155	-0.7439429839452107	0.005402755737304754	0.11436244347476754	0.11436244347476754
just	1	12	225	attn	11	utterance_final	0	prompt_without	26	25	-0.24122889135398118	-0.2984287294687009	-0.2960430897918402	0.002385639676860729	0.04170710539557998	0.04170710539557998
just	1	13	18	attn	11	utterance_final	0	prompt_without	53	52	-0.3288378348717323	-0.582470511778807	-0.5781019650972806	0.0043685466815264196	0.017223911109556896	0.017223911109556896
just	1	15	192	attn	11	utterance_final	0	prompt_without	43	42	-0.563782296928705	-0.6283812289144478	-0.6273695370730232	0.001011691841424578	0.01566112333943634	0.01566112333943634
just	1	16	462	attn	11	utterance_final	0	prompt_without	61	60	-0.7021033445994059	-0.7493457396825155	-0.7496874094009399	-0.00034166971842441995	-0.007232269190064331	0.0
just	1	12	225	attn	12	utterance_final	0	prompt_without	26	25	-0.24122889135398118	-0.2984287294687009	-0.29919840074053	-0.0007696712718290866	-0.013455829547724197	0.0
just	1	13	18	attn	12	utterance_final	0	prompt_without	53	52	-0.3288378348717323	-0.582470511778807	-0.5811861356099447	0.0012843761688623445	0.005063922301040535	0.005063922301040535
just	1	15	192	attn	12	utterance_final	0	prompt_without	43	42	-0.563782296928705	-0.6283812289144478	-0.6280289000155879	0.0003523288988599438	0.005454097893409502	0.005454097893409502
just	1	16	462	attn	12	utterance_final	0	prompt_without	61	60	-0.7021033445994059	-0.7493457396825155	-0.7509055693944295	-0.0015598297119140403	-0.03301758323577717	0.0
just	1	12	225	attn	13	utterance_final	0	prompt_without	26	25	-0.24122889135398118	-0.2984287294687009	-0.29862408778246713	-0.00019535831376621404	-0.0034153648018094788	0.0
just	1	13	18	attn	13	utterance_final	0	prompt_without	53	52	-0.3288378348717323	-0.582470511778807	-0.5766105437890078	0.005859967989799264	0.023104152277453677	0.023104152277453677
just	1	15	192	attn	13	utterance_final	0	prompt_without	43	42	-0.563782296928705	-0.6283812289144478	-0.6281117270974552	0.00026950181699259	0.004171923725489297	0.004171923725489297
just	1	16	462	attn	13	utterance_final	0	prompt_without	61	60	-0.7021033445994059	-0.7493457396825155	-0.7485492308934529	0.0007965087890625666	0.016860042503377227	0.016860042503377227
just	1	12	225	attn	14	utterance_final	0	prompt_without	26	25	-0.24122889135398118	-0.2984287294687009	-0.2992841496187098	-0.0008554201500088898	-0.014954940052334817	0.0
just	1	13	18	attn	14	utterance_final	0	prompt_without	53	52	-0.3288378348717323	-0.582470511778807	-0.5816291754062359	0.0008413363725711109	0.0033171450257545383	0.0033171450257545383
just	1	15	192	attn	14	utterance_final	0	prompt_without	43	42	-0.563782296928705	-0.6283812289144478	-0.6280939672507492	0.0002872616636986347	0.0044468484983936594	0.0044468484983936594
just	1	16	462	attn	14	utterance_final	0	prompt_without	61	60	-0.7021033445994059	-0.7493457396825155	-0.7480864445368449	0.0012592951456705803	0.026656039420846645	0.026656039420846645
just	1	12	225	attn	15	utterance_final	0	prompt_without	26	25	-0.24122889135398118	-0.2984287294687009	-0.298618099268745	-0.00018936980004408133	-0.003310670209665316	0.0
just	1	13	18	attn	15	utterance_final	0	prompt_without	53	52	-0.3288378348717323	-0.582470511778807	-0.5794523343061789	0.003018177472628114	0.01189979741346146	0.01189979741346146
just	1	15	192	attn	15	utterance_final	0	prompt_without	43	42	-0.563782296928705	-0.6283812289144478	-0.6276048585480335	0.000776370366414314	0.012018315822708353	0.012018315822708353
just	1	16	462	attn	15	utterance_final	0	prompt_without	61	60	-0.7021033445994059	-0.7493457396825155	-0.7502013127009074	-0.0008555730183918975	-0.018110280329495573	0.0
just	1	12	225	attn	16	utterance_final	0	prompt_without	26	25	-0.24122889135398118	-0.2984287294687009	-0.298198143641154	0.00023058582754692525	0.004031232170350961	0.004031232170350961
just	1	13	18	attn	16	utterance_final	0	prompt_without	53	52	-0.3288378348717323	-0.582470511778807	-0.581258217493693	0.0012122942851140461	0.004779724363190801	0.004779724363190801
just	1	15	192	attn	16	utterance_final	0	prompt_without	43	42	-0.563782296928705	-0.6283812289144478	-0.6277386791565839	0.0006425497578639305	0.009946755126009559	0.009946755126009559
just	1	16	462	attn	16	utterance_final	0	prompt_without	61	60	-0.7021033445994059	-0.7493457396825155	-0.7506325642267863	-0.0012868245442707593	-0.02723876598565668	0.0
just	1	12	225	attn	17	utterance_final	0	prompt_without	26	25	-0.24122889135398118	-0.2984287294687009	-0.29915645543266745	-0.0007277259639665301	-0.012722517894316523	0.0
just	1	13	18	attn	17	utterance_final	0	prompt_without	53	52	-0.3288378348717323	-0.582470511778807	-0.5825165326778705	-4.602089906347029e-05	-0.00018144704233173905	0.0
just	1	15	192	attn	17	utterance_final	0	prompt_without	43	42	-0.563782296928705	-0.6283812289144478	-0.6277342450385001	0.0006469838759477486	0.010015395859648881	0.010015395859648881
just	1	16	462	attn	17	utterance_final	0	prompt_without	61	60	-0.7021033445994059	-0.7493457396825155	-0.7491850137710572	0.00016072591145832593	0.0034021541705405575	0.0034021541705405575
just	1	12	225	attn	18	utterance_final	0	prompt_without	26	25	-0.24122889135398118	-0.2984287294687009	-0.29861259694192926	-0.00018386747322834962	-0.0032144754126678795	0.0
just	1	13	18	attn	18	utterance_final	0	prompt_without	53	52	-0.3288378348717323	-0.582470511778807	-0.5819968657615857	0.0004736460172213297	0.0018674487175596181	0.0018674487175596181
just	1	15	192	attn	18	utterance_final	0	prompt_without	43	42	-0.563782296928705	-0.6283812289144478	-0.6279270415212593	0.00045418739318847656	0.007030880840084429	0.007030880840084429
just	1	16	462	attn	18	utterance_final	0	prompt_without	61	60	-0.7021033445994059	-0.7493457396825155	-0.7494549036026001	-0.00010916392008464282	-0.002310719426747944	0.0
just	1	12	225	attn	19	utterance_final	0	prompt_without	26	25	-0.24122889135398118	-0.2984287294687009	-0.29830752634534646	0.00012120312335445194	0.0021189417199287785	0.0021189417199287785
just	1	13	18	attn	19	utterance_final	0	prompt_without	53	52	-0.3288378348717323	-0.582470511778807	-0.5822830689259064	0.00018744285290062113	0.0007390327428878414	0.0007390327428878414
just	1	15	192	attn	19	utterance_final	0	prompt_without	43	42	-0.563782296928705	-0.6283812289144478	-0.6279360827277688	0.00044514618667901296	0.006890921769066675	0.006890921769066675
just	1	16	462	attn	19	utterance_final	0	prompt_without	61	60	-0.7021033445994059	-0.7493457396825155	-0.7488218545913696	0.0005238850911458703	0.011089299986256908	0.011089299986256908
just	1	12	225	attn	20	utterance_final	0	prompt_without	26	25	-0.24122889135398118	-0.2984287294687009	-0.2983028725081799	0.00012585696052103135	0.0022003027398191793	0.0022003027398191793
just	1	13	18	attn	20	utterance_final	0	prompt_without	53	52	-0.3288378348717323	-0.582470511778807	-0.5816961863102057	0.0007743254686013445	0.003052940488756659	0.003052940488756659
just	1	15	192	attn	20	utterance_final	0	prompt_without	43	42	-0.563782296928705	-0.6283812289144478	-0.628601214464973	-0.0002199855505251591	-0.0034054053799792	0.0
just	1	16	462	attn	20	utterance_final	0	prompt_without	61	60	-0.7021033445994059	-0.7493457396825155	-0.7500089883804322	-0.0006632486979166741	-0.014039269108813736	0.0
just	1	12	225	attn	21	utterance_final	0	prompt_without	26	25	-0.24122889135398118	-0.2984287294687009	-0.2984349634133133	-6.233944612410447e-06	-0.0001089853541177455	0.0
just	1	13	18	attn	21	utterance_final	0	prompt_without	53	52	-0.3288378348717323	-0.582470511778807	-0.5818651272700384	0.0006053845087686804	0.002386855338007096	0.002386855338007096
just	1	15	192	attn	21	utterance_final	0	prompt_without	43	42	-0.563782296928705	-0.6283812289144478	-0.6284784849952249	-9.725608077704173e-05	-0.0015055369769659103	0.0
just	1	16	462	attn	21	utterance_final	0	prompt_without	61	60	-0.7021033445994059	-0.7493457396825155	-0.7503629922866821	-0.0010172526041666297	-0.02153262133253538	0.0
just	1	12	225	attn	22	utterance_final	0	prompt_without	26	25	-0.24122889135398118	-0.2984287294687009	-0.29870011759739296	-0.00027138812869204054	-0.0047445611322840765	0.0
just	1	13	18	attn	22	utterance_final	0	prompt_without	53	52	-0.3288378348717323	-0.582470511778807	-0.5825934960291936	-0.000122984250386593	-0.00048489118944106574	0.0
just	1	15	192	attn	22	utterance_final	0	prompt_without	43	42	-0.563782296928705	-0.6283812289144478	-0.6283929675233131	-1.1738608865274891e-05	-0.00018171521578507882	0.0
just	1	16	462	attn	22	utterance_final	0	prompt_without	61	60	-0.7021033445994059	-0.7493457396825155	-0.7504199584325154	-0.0010742187499999112	-0.022738448127156308	0.0
just	1	12	225	attn	23	utterance_final	0	prompt_without	26	25	-0.24122889135398118	-0.2984287294687009	-0.29842333700142654	5.392467274378809e-06	9.427417020942789e-05	9.427417020942789e-05
just	1	13	18	attn	23	utterance_final	0	prompt_without	53	52	-0.3288378348717323	-0.582470511778807	-0.5822503352776552	0.0002201765011518031	0.000868092013366522	0.000868092013366522
just	1	15	192	attn	23	utterance_final	0	prompt_without	43	42	-0.563782296928705	-0.6283812289144478	-0.6283506879619524	3.05409524954392e-05	0.0004727779787780341	0.0004727779787780341
just	1	16	462	attn	23	utterance_final	0	prompt_without	61	60	-0.7021033445994059	-0.7493457396825155	-0.7496224323908488	-0.00027669270833330373	-0.00585687300244921	0.0
just	1	12	225	attn	24	utterance_final	0	prompt_without	26	25	-0.24122889135398118	-0.2984287294687009	-0.29820794685214175	0.00022078261655916753	0.003859846877824495	0.003859846877824495
just	1	13	18	attn	24	utterance_final	0	prompt_without	53	52	-0.3288378348717323	-0.582470511778807	-0.5817703069784702	0.0007002048003368344	0.0027607042155430687	0.0027607042155430687
just	1	15	192	attn	24	utterance_final	0	prompt_without	43	42	-0.563782296928705	-0.6283812289144478	-0.628373057234521	8.171679926838316e-06	0.00012649868466311218	0.00012649868466311218
just	1	16	462	attn	24	utterance_final	0	prompt_without	61	60	-0.7021033445994059	-0.7493457396825155	-0.7495369831720988	-0.00019124348958332593	-0.004048132810516642	0.0
just	1	12	225	attn	25	utterance_final	0	prompt_without	26	25	-0.24122889135398118	-0.2984287294687009	-0.2988131887772504	-0.0003844593085494674	-0.006721335605502896	0.0
just	1	13	18	attn	25	utterance_final	0	prompt_without	53	52	-0.3288378348717323	-0.582470511778807	-0.5820262462664874	0.0004442655123196859	0.0017516099176860193	0.0017516099176860193
just	1	15	192	attn	25	utterance_final	0	prompt_without	43	42	-0.563782296928705	-0.6283812289144478	-0.628141952495949	0.00023927641849885717	0.003704030564339146	0.003704030564339146
just	1	16	462	attn	25	utterance_final	0	prompt_without	61	60	-0.7021033445994059	-0.7493457396825155	-0.7510954141616821	-0.0017496744791666297	-0.03703610869196142	0.0
just	1	12	225	attn	26	utterance_final	0	prompt_without	26	25	-0.24122889135398118	-0.2984287294687009	-0.2986227297315411	-0.00019400026284016603	-0.0033916225855583713	0.0
just	1	13	18	attn	26	utterance_final	0	prompt_without	53	52	-0.3288378348717323	-0.582470511778807	-0.582036479925498	0.00043403185330903593	0.0017112615716627685	0.0017112615716627685
just	1	15	192	attn	26	utterance_final	0	prompt_without	43	42	-0.563782296928705	-0.6283812289144478	-0.628219581117817	0.00016164779663085938	0.0025023292438725686	0.0025023292438725686
just	1	16	462	attn	26	utterance_final	0	prompt_without	61	60	-0.7021033445994059	-0.7493457396825155	-0.7492033243179321	0.00014241536458337034	0.0030145669865558463	0.0030145669865558463
just	1	12	225	attn	27	utterance_final	0	prompt_without	26	25	-0.24122889135398118	-0.2984287294687009	-0.2985583029541315	-0.00012957348543057856	-0.002265277135412631	0.0
just	1	13	18	attn	27	utterance_final	0	prompt_without	53	52	-0.3288378348717323	-0.582470511778807	-0.5822266707053552	0.0002438410734518781	0.0009613945506761968	0.0009613945506761968
just	1	15	192	attn	27	utterance_final	0	prompt_without	43	42	-0.563782296928705	-0.6283812289144478	-0.6286718237633798	-0.00029059484893201315	-0.004498446646086164	0.0
just	1	16	462	attn	27	utterance_final	0	prompt_without	61	60	-0.7021033445994059	-0.7493457396825155	-0.7486245075861613	0.0007212320963542185	0.015266628524769238	0.015266628524769238
just	1	12	225	attn	28	utterance_final	0	prompt_without	26	25	-0.24122889135398118	-0.2984287294687009	-0.2990432860804539	-0.0006145566117529699	-0.010744027116307881	0.0
just	1	13	18	attn	28	utterance_final	0	prompt_without	53	52	-0.3288378348717323	-0.582470511778807	-0.5817170968422523	0.000753414936554786	0.0029704963325006425	0.0029704963325006425
just	1	15	192	attn	28	utterance_final	0	prompt_without	43	42	-0.563782296928705	-0.6283812289144478	-0.6283082120558795	7.301685856830886e-05	0.0011303106154204512	0.0011303106154204512
just	1	16	462	attn	28	utterance_final	0	prompt_without	61	60	-0.7021033445994059	-0.7493457396825155	-0.7491667032241821	0.00017903645833339255	0.0037897413545276183	0.0037897413545276183
just	1	12	225	attn	29	utterance_final	0	prompt_without	26	25	-0.24122889135398118	-0.2984287294687009	-0.29862318319432873	-0.00019445372562781893	-0.003399550279107843	0.0
just	1	13	18	attn	29	utterance_final	0	prompt_without	53	52	-0.3288378348717323	-0.582470511778807	-0.5823329564852592	0.0001375552935478641	0.0005423405817628982	0.0005423405817628982
just	1	15	192	attn	29	utterance_final	0	prompt_without	43	42	-0.563782296928705	-0.6283812289144478	-0.6282688589657054	0.00011236994874241901	0.0017395016494579098	0.0017395016494579098
just	1	16	462	attn	29	utterance_final	0	prompt_without	61	60	-0.7021033445994059	-0.7493457396825155	-0.7491667032241821	0.00017903645833339255	0.0037897413545276183	0.0037897413545276183
just	1	12	225	attn	30	utterance_final	0	prompt_without	26	25	-0.24122889135398118	-0.2984287294687009	-0.298518788580801	-9.005911210008266e-05	-0.0015744644577395572	0.0
just	1	13	18	attn	30	utterance_final	0	prompt_without	53	52	-0.3288378348717323	-0.582470511778807	-0.5824115184637216	5.899331508540939e-05	0.00023259351202220368	0.00023259351202220368
just	1	15	192	attn	30	utterance_final	0	prompt_without	43	42	-0.563782296928705	-0.6283812289144478	-0.6282957348169065	8.549409754132764e-05	0.0013234599228389165	0.0013234599228389165
just	1	16	462	attn	30	utterance_final	0	prompt_without	61	60	-0.7021033445994059	-0.7493457396825155	-0.7500293334325154	-0.0006835937499999334	-0.014469921535462893	0.0
just	1	12	225	attn	31	utterance_final	0	prompt_without	26	25	-0.24122889135398118	-0.2984287294687009	-0.2984287294687009	0.0	0.0	0.0
just	1	13	18	attn	31	utterance_final	0	prompt_without	53	52	-0.3288378348717323	-0.582470511778807	-0.582470511778807	0.0	0.0	0.0
just	1	15	192	attn	31	utterance_final	0	prompt_without	43	42	-0.563782296928705	-0.6283812289144478	-0.6283812289144478	0.0	0.0	0.0
just	1	16	462	attn	31	utterance_final	0	prompt_without	61	60	-0.7021033445994059	-0.7493457396825155	-0.7493457396825155	0.0	0.0	0.0
just	1	18	146	attn	0	utterance_final	0	prompt_without	37	36	-0.6786665831293378	-0.7617929237229484	-0.7613543782915387	0.00043854543140964264	0.005275649430468867	0.005275649430468867
just	1	20	492	attn	0	utterance_final	0	prompt_without	93	92	-0.38797505838530405	-0.41584122606686186	-0.4143552950450352	0.0014859310218266475	0.05332383838377804	0.05332383838377804
just	1	22	52	attn	0	utterance_final	0	prompt_without	51	50	-0.49871410243213177	-0.669625835493207	-0.6719124130904675	-0.002286577597260475	-0.013378704646587183	0.0
just	1	23	218	attn	0	utterance_final	0	prompt_without	33	32	-0.8336779955894716	-0.8965597075800742	-0.8952161958140712	0.0013435117660030027	0.021365699556713497	0.021365699556713497
just	1	18	146	attn	1	utterance_final	0	prompt_without	37	36	-0.6786665831293378	-0.7617929237229484	-0.7617039794013614	8.894432158701449e-05	0.001069989620039296	0.001069989620039296
just	1	20	492	attn	1	utterance_final	0	prompt_without	93	92	-0.38797505838530405	-0.41584122606686186	-0.4151737562247685	0.0006674698420933711	0.023952695961673674	0.023952695961673674
just	1	22	52	attn	1	utterance_final	0	prompt_without	51	50	-0.49871410243213177	-0.669625835493207	-0.6688947677612305	0.0007310677319765091	0.004277457836761052	0.004277457836761052
just	1	23	218	attn	1	utterance_final	0	prompt_without	33	32	-0.8336779955894716	-0.8965597075800742	-0.8998421238314721	-0.0032824162513979127	-0.05219985505306309	0.0
just	1	18	146	attn	2	utterance_final	0	prompt_without	37	36	-0.6786665831293378	-0.7617929237229484	-0.7612436016400655	0.0005493220828828305	0.0066082793848506495	0.0066082793848506495
just	1	20	492	attn	2	utterance_final	0	prompt_without	93	92	-0.38797505838530405	-0.41584122606686186	-0.4141407140663692	0.0017005120004926488	0.061024250622667066	0.061024250622667066
just	1	22	52	attn	2	utterance_final	0	prompt_without	51	50	-0.49871410243213177	-0.669625835493207	-0.6706427074968815	-0.0010168720036745071	-0.005949691021570348	0.0
just	1	23	218	attn	2	utterance_final	0	prompt_without	33	32	-0.8336779955894716	-0.8965597075800742	-0.8895397532370782	0.00701995434299596	0.11163745580026617	0.11163745580026617
just	1	18	146	attn	3	utterance_final	0	prompt_without	37	36	-0.6786665831293378	-0.7617929237229484	-0.7598599677994138	0.0019329559235345961	0.023253230080035197	0.023253230080035197
just	1	20	492	attn	3	utterance_final	0	prompt_without	93	92	-0.38797505838530405	-0.41584122606686186	-0.41423082777432035	0.001610398292541504	0.05779044721701314	0.05779044721701314
just	1	22	52	attn	3	utterance_final	0	prompt_without	51	50	-0.49871410243213177	-0.669625835493207	-0.6694657411426306	0.00016009435057640076	0.00093670778307064	0.00093670778307064
just	1	23	218	attn	3	utterance_final	0	prompt_without	33	32	-0.8336779955894716	-0.8965597075800742	-0.8875808985002579	0.008978809079816297	0.14278887764948492	0.14278887764948492
just	1	18	146	attn	4	utterance_final	0	prompt_without	37	36	-0.6786665831293378	-0.7617929237229484	-0.7626207357361203	-0.0008278120131719469	-0.00995848015515284	0.0
just	1	20	492	attn	4	utterance_final	0	prompt_without	93	92	-0.38797505838530405	-0.41584122606686186	-0.41452651790210177	0.0013147081647600922	0.047179367460355275	0.047179367460355275
just	1	22	52	attn	4	utterance_final	0	prompt_without	51	50	-0.49871410243213177	-0.669625835493207	-0.6620760671794415	0.007549768313765526	0.044173493408247284	0.044173493408247284
just	1	23	218	attn	4	utterance_final	0	prompt_without	33	32	-0.8336779955894716	-0.8965597075800742	-0.8871201738234489	0.009439533756625318	0.15011572455336494	0.15011572455336494
just	1	18	146	attn	5	utterance_final	0	prompt_without	37	36	-0.6786665831293378	-0.7617929237229484	-0.761045631908235	0.0007472918147133356	0.008989831735366629	0.008989831735366629
just	1	20	492	attn	5	utterance_final	0	prompt_without	93	92	-0.38797505838530405	-0.41584122606686186	-0.41431317159107756	0.0015280544757843018	0.05483547265078679	0.05483547265078679
just	1	22	52	attn	5	utterance_final	0	prompt_without	51	50	-0.49871410243213177	-0.669625835493207	-0.6734989527612925	-0.0038731172680854797	-0.022661506022535173	0.0
just	1	23	218	attn	5	utterance_final	0	prompt_without	33	32	-0.8336779955894716	-0.8965597075800742	-0.8869869247559579	0.009572782824116333	0.15223476780573264	0.15223476780573264
just	1	18	146	attn	6	utterance_final	0	prompt_without	37	36	-0.6786665831293378	-0.7617929237229484	-0.7600566148757935	0.0017363088471549215	0.0208875891174305	0.0208875891174305
just	1	20	492	attn	6	utterance_final	0	prompt_without	93	92	-0.38797505838530405	-0.41584122606686186	-0.4118896041597639	0.003951621907097969	0.14180715311324288	0.14180715311324288
just	1	22	52	attn	6	utterance_final	0	prompt_without	51	50	-0.49871410243213177	-0.669625835493207	-0.6658595092594624	0.0037663262337446213	0.022036674523677826	0.022036674523677826
just	1	23	218	attn	6	utterance_final	0	prompt_without	33	32	-0.8336779955894716	-0.8965597075800742	-0.8894604482958394	0.007099259284234827	0.11289863236064225	0.11289863236064225
just	1	18	146	attn	7	utterance_final	0	prompt_without	37	36	-0.6786665831293378	-0.7617929237229484	-0.760744727793194	0.0010481959297543586	0.012609672484908198	0.012609672484908198
just	1	20	492	attn	7	utterance_final	0	prompt_without	93	92	-0.38797505838530405	-0.41584122606686186	-0.41368432130132404	0.002156904765537815	0.07740227469331143	0.07740227469331143
just	1	22	52	attn	7	utterance_final	0	prompt_without	51	50	-0.49871410243213177	-0.669625835493207	-0.6620479431003332	0.007577892392873764	0.04433804664636926	0.04433804664636926
just	1	23	218	attn	7	utterance_final	0	prompt_without	33	32	-0.8336779955894716	-0.8965597075800742	-0.8874096485876268	0.009150058992447363	0.1455122435886416	0.1455122435886416
just	1	18	146	attn	8	utterance_final	0	prompt_without	37	36	-0.6786665831293378	-0.7617929237229484	-0.7611876839683169	0.0006052397546314481	0.007280962331667578	0.007280962331667578
just	1	20	492	attn	8	utterance_final	0	prompt_without	93	92	-0.38797505838530405	-0.41584122606686186	-0.4145790593964713	0.0012621666703905854	0.04529387337412398	0.04529387337412398
just	1	22	52	attn	8	utterance_final	0	prompt_without	51	50	-0.49871410243213177	-0.669625835493207	-0.6770334057509899	-0.007407570257782936	-0.04334149636839646	0.0
just	1	23	218	attn	8	utterance_final	0	prompt_without	33	32	-0.8336779955894716	-0.8965597075800742	-0.9009558731509794	-0.004396165570905164	-0.06991167116382192	0.0
just	1	18	146	attn	9	utterance_final	0	prompt_without	37	36	-0.6786665831293378	-0.7617929237229484	-0.7605505358605158	0.0012423878624325813	0.014945778360512555	0.014945778360512555
just	1	20	492	attn	9	utterance_final	0	prompt_without	93	92	-0.38797505838530405	-0.41584122606686186	-0.4150558497224535	0.0007853763444083395	0.02818386630638528	0.02818386630638528
just	1	22	52	attn	9	utterance_final	0	prompt_without	51	50	-0.49871410243213177	-0.669625835493207	-0.6737757921218872	-0.004149956628680229	-0.024281285751149947	0.0
just	1	23	218	attn	9	utterance_final	0	prompt_without	33	32	-0.8336779955894716	-0.8965597075800742	-0.8922802325217954	0.004279475058278748	0.06805595653817918	0.06805595653817918
just	1	18	146	attn	10	utterance_final	0	prompt_without	37	36	-0.6786665831293378	-0.7617929237229484	-0.7583668004898798	0.0034261232330685676	0.041215855390751	0.041215855390751
just	1	20	492	attn	10	utterance_final	0	prompt_without	93	92	-0.38797505838530405	-0.41584122606686186	-0.4140791722706386	0.0017620537962232397	0.06323272781385686	0.06323272781385686
just	1	22	52	attn	10	utterance_final	0	prompt_without	51	50	-0.49871410243213177	-0.669625835493207	-0.6722313594073057	-0.0026055239140987396	-0.015244851055179793	0.0
just	1	23	218	attn	10	utterance_final	0	prompt_without	33	32	-0.8336779955894716	-0.8965597075800742	-0.8971320582974341	-0.0005723507173599485	-0.009102021863614087	0.0
just	1	18	146	attn	11	utterance_final	0	prompt_without	37	36	-0.6786665831293378	-0.7617929237229484	-0.7648980362074715	-0.003105112484523165	-0.03735413422928708	0.0
just	1	20	492	attn	11	utterance_final	0	prompt_without	93	92	-0.38797505838530405	-0.41584122606686186	-0.4148964839322226	0.0009447421346392426	0.03390283678169658	0.03390283678169658
just	1	22	52	attn	11	utterance_final	0	prompt_without	51	50	-0.49871410243213177	-0.669625835493207	-0.6718098893761635	-0.002184053882956505	-0.012778841123657873	0.0
just	1	23	218	attn	11	utterance_final	0	prompt_without	33	32	-0.8336779955894716	-0.8965597075800742	-0.8980203367048695	-0.0014606291247952763	-0.023228202263538278	0.0
just	1	18	146	attn	12	utterance_final	0	prompt_without	37	36	-0.6786665831293378	-0.7617929237229484	-0.7614436177980333	0.0003493059249151109	0.004202108771066966	0.004202108771066966
just	1	20	492	attn	12	utterance_final	0	prompt_without	93	92	-0.38797505838530405	-0.41584122606686186	-0.415885078055518	-4.3851988656140595e-05	-0.0015736641348484532	0.0
just	1	22	52	attn	12	utterance_final	0	prompt_without	51	50	-0.49871410243213177	-0.669625835493207	-0.6378949340432882	0.03173090144991875	0.18565665961961622	0.18565665961961622
just	1	23	218	attn	12	utterance_final	0	prompt_without	33	32	-0.8336779955894716	-0.8965597075800742	-0.8932194248322518	0.0033402827478223873	0.05312009870726135	0.05312009870726135
just	1	18	146	attn	13	utterance_final	0	prompt_without	37	36	-0.6786665831293378	-0.7617929237229484	-0.7618230212302435	-3.0097507295101522e-05	-0.0003620694364767326	0.0
just	1	20	492	attn	13	utterance_final	0	prompt_without	93	92	-0.38797505838530405	-0.41584122606686186	-0.4158076303345816	3.3595732280233825e-05	0.001205610066807569	0.001205610066807569
just	1	22	52	attn	13	utterance_final	0	prompt_without	51	50	-0.49871410243213177	-0.669625835493207	-0.6593825593590736	0.010243276134133339	0.05993313595663388	0.05993313595663388
just	1	23	218	attn	13	utterance_final	0	prompt_without	33	32	-0.8336779955894716	-0.8965597075800742	-0.8918364855550951	0.004723222024979101	0.07511280904191937	0.07511280904191937
just	1	18	146	attn	14	utterance_final	0	prompt_without	37	36	-0.6786665831293378	-0.7617929237229484	-0.7625258706864857	-0.0007329469635373176	-0.00881726488022083	0.0
just	1	20	492	attn	14	utterance_final	0	prompt_without	93	92	-0.38797505838530405	-0.41584122606686186	-0.41550069195883615	0.00034053410802570294	0.012220342313201281	0.012220342313201281
just	1	22	52	attn	14	utterance_final	0	prompt_without	51	50	-0.49871410243213177	-0.669625835493207	-0.6659457385540009	0.0036800969392061234	0.02153214921699403	0.02153214921699403
just	1	23	218	attn	14	utterance_final	0	prompt_without	33	32	-0.8336779955894716	-0.8965597075800742	-0.8973273231137183	-0.0007676155336441282	-0.012207293811575067	0.0
just	1	18	146	attn	15	utterance_final	0	prompt_without	37	36	-0.6786665831293378	-0.7617929237229484	-0.76409041313898	-0.002297489416031584	-0.02763852467972322	0.0
just	1	20	492	attn	15	utterance_final	0	prompt_without	93	92	-0.38797505838530405	-0.41584122606686186	-0.4160793849400112	-0.00023815887314931894	-0.008546524081491678	0.0
just	1	22	52	attn	15	utterance_final	0	prompt_without	51	50	-0.49871410243213177	-0.669625835493207	-0.6653360780328512	0.004289757460355759	0.025099256695400873	0.025099256695400873
just	1	23	218	attn	15	utterance_final	0	prompt_without	33	32	-0.8336779955894716	-0.8965597075800742	-0.8964454935443017	0.00011421403577249745	0.0018163315240139507	0.0018163315240139507
just	1	18	146	attn	16	utterance_final	0	prompt_without	37	36	-0.6786665831293378	-0.7617929237229484	-0.7628088905697777	-0.0010159668468293637	-0.01222196044688457	0.0
just	1	20	492	attn	16	utterance_final	0	prompt_without	93	92	-0.38797505838530405	-0.41584122606686186	-0.414526960679463	0.0013142653873988719	0.047163478036079926	0.047163478036079926
just	1	22	52	attn	16	utterance_final	0	prompt_without	51	50	-0.49871410243213177	-0.669625835493207	-0.6545574236661196	0.015068411827087402	0.08816487643772657	0.08816487643772657
just	1	23	218	attn	16	utterance_final	0	prompt_without	33	32	-0.8336779955894716	-0.8965597075800742	-0.8956674991115448	0.0008922084685294429	0.014188679669897987	0.014188679669897987
just	1	18	146	attn	17	utterance_final	0	prompt_without	37	36	-0.6786665831293378	-0.7617929237229484	-0.7635388317562285	-0.0017459080332801191	-0.02100306618591023	0.0
just	1	20	492	attn	17	utterance_final	0	prompt_without	93	92	-0.38797505838530405	-0.41584122606686186	-0.4158222888197218	1.8937247140082825e-05	0.000679578453574574	0.000679578453574574
just	1	22	52	attn	17	utterance_final	0	prompt_without	51	50	-0.49871410243213177	-0.669625835493207	-0.6700066085904837	-0.0003807730972766876	-0.0022278932549389023	0.0
just	1	23	218	attn	17	utterance_final	0	prompt_without	33	32	-0.8336779955894716	-0.8965597075800742	-0.8973523878282116	-0.0007926802481373896	-0.012605894830850865	0.0
just	1	18	146	attn	18	utterance_final	0	prompt_without	37	36	-0.6786665831293378	-0.7617929237229484	-0.761330456960769	0.0004624667621794254	0.005563420197219321	0.005563420197219321
just	1	20	492	attn	18	utterance_final	0	prompt_without	93	92	-0.38797505838530405	-0.41584122606686186	-0.4145831678594862	0.0012580582073756785	0.04514643785080924	0.04514643785080924
just	1	22	52	attn	18	utterance_final	0	prompt_without	51	50	-0.49871410243213177	-0.669625835493207	-0.670310715213418	-0.000684879720211029	-0.004007213009573121	0.0
just	1	23	218	attn	18	utterance_final	0	prompt_without	33	32	-0.8336779955894716	-0.8965597075800742	-0.896512423792193	4.728378788121379e-05	0.0007519481640111864	0.0007519481640111864
just	1	18	146	attn	19	utterance_final	0	prompt_without	37	36	-0.6786665831293378	-0.7617929237229484	-0.7619283426375616	-0.00013541891461321676	-0.001629073451882779	0.0
just	1	20	492	attn	19	utterance_final	0	prompt_without	93	92	-0.38797505838530405	-0.41584122606686186	-0.41433854188237873	0.0015026841844831273	0.05392503919645984	0.05392503919645984
just	1	22	52	attn	19	utterance_final	0	prompt_without	51	50	-0.49871410243213177	-0.669625835493207	-0.6705497372895479	-0.0009239017963409424	-0.005405724813584253	0.0
just	1	23	218	attn	19	utterance_final	0	prompt_without	33	32	-0.8336779955894716	-0.8965597075800742	-0.8964457588811074	0.0001139486989667482	0.0018121119059827352	0.0018121119059827352
just	1	18	146	attn	20	utterance_final	0	prompt_without	37	36	-0.6786665831293378	-0.7617929237229484	-0.7616463275182814	0.0001465962046669489	0.001763534923107356	0.001763534923107356
just	1	20	492	attn	20	utterance_final	0	prompt_without	93	92	-0.38797505838530405	-0.41584122606686186	-0.4147835501602718	0.001057675906590061	0.037955556669173586	0.037955556669173586
just	1	22	52	attn	20	utterance_final	0	prompt_without	51	50	-0.49871410243213177	-0.669625835493207	-0.6707557160407305	-0.0011298805475234985	-0.006610901003032579	0.0
just	1	23	218	attn	20	utterance_final	0	prompt_without	33	32	-0.8336779955894716	-0.8965597075800742	-0.8961617485169442	0.0003979590631300045	0.006328693200806589	0.006328693200806589
just	1	18	146	attn	21	utterance_final	0	prompt_without	37	36	-0.6786665831293378	-0.7617929237229484	-0.7618064284324646	-1.350470951622107e-05	-0.0001624600508067968	0.0
just	1	20	492	attn	21	utterance_final	0	prompt_without	93	92	-0.38797505838530405	-0.41584122606686186	-0.41473764181137085	0.001103584255491008	0.03960301495714369	0.03960301495714369
just	1	22	52	attn	21	utterance_final	0	prompt_without	51	50	-0.49871410243213177	-0.669625835493207	-0.669652147218585	-2.63117253780365e-05	-0.00015394920469640326	0.0
just	1	23	218	attn	21	utterance_final	0	prompt_without	33	32	-0.8336779955894716	-0.8965597075800742	-0.8957241658241518	0.0008355417559223755	0.013287516027668651	0.013287516027668651
just	1	18	146	attn	22	utterance_final	0	prompt_without	37	36	-0.6786665831293378	-0.7617929237229484	-0.7622396775654384	-0.00044675384249004413	-0.005374395640416095	0.0
just	1	20	492	attn	22	utterance_final	0	prompt_without	93	92	-0.38797505838530405	-0.41584122606686186	-0.4146305578095572	0.0012106682573046479	0.04344581110469251	0.04344581110469251
just	1	22	52	attn	22	utterance_final	0	prompt_without	51	50	-0.49871410243213177	-0.669625835493207	-0.6700553465634584	-0.00042951107025146484	-0.0025130578372754508	0.0
just	1	23	218	attn	22	utterance_final	0	prompt_without	33	32	-0.8336779955894716	-0.8965597075800742	-0.8956210228704637	0.0009386847096104489	0.014927785518160383	0.014927785518160383
just	1	18	146	attn	23	utterance_final	0	prompt_without	37	36	-0.6786665831293378	-0.7617929237229484	-0.762170882452102	-0.0003779587291535824	-0.0045467986014367376	0.0
just	1	20	492	attn	23	utterance_final	0	prompt_without	93	92	-0.38797505838530405	-0.41584122606686186	-0.4154577766145979	0.0003834494522639842	0.01376039420439417	0.01376039420439417
just	1	22	52	attn	23	utterance_final	0	prompt_without	51	50	-0.49871410243213177	-0.669625835493207	-0.6703256908804178	-0.000699855387210846	-0.00409483523849561	0.0
just	1	23	218	attn	23	utterance_final	0	prompt_without	33	32	-0.8336779955894716	-0.8965597075800742	-0.8964635095288677	9.61980512065308e-05	0.0015298255750560235	0.0015298255750560235
just	1	18	146	attn	24	utterance_final	0	prompt_without	37	36	-0.6786665831293378	-0.7617929237229484	-0.7616694087073916	0.00012351501555674105	0.0014858709606932331	0.0014858709606932331
just	1	20	492	attn	24	utterance_final	0	prompt_without	93	92	-0.38797505838530405	-0.41584122606686186	-0.41448954173496794	0.001351684331893921	0.048506287170176014	0.048506287170176014
just	1	22	52	attn	24	utterance_final	0	prompt_without	51	50	-0.49871410243213177	-0.669625835493207	-0.6703535225242376	-0.0007276870310306549	-0.004257677445530415	0.0
just	1	23	218	attn	24	utterance_final	0	prompt_without	33	32	-0.8336779955894716	-0.8965597075800742	-0.8952791998463292	0.0012805077337449955	0.020363754312801834	0.020363754312801834
just	1	18	146	attn	25	utterance_final	0	prompt_without	37	36	-0.6786665831293378	-0.7617929237229484	-0.7617873691377186	5.5545852297722575e-06	6.68210003003453e-05	6.68210003003453e-05
just	1	20	492	attn	25	utterance_final	0	prompt_without	93	92	-0.38797505838530405	-0.41584122606686186	-0.4147474638053349	0.0010937622615269649	0.039250544747523035	0.039250544747523035
just	1	22	52	attn	25	utterance_final	0	prompt_without	51	50	-0.49871410243213177	-0.669625835493207	-0.670180344954133	-0.0005545094609260559	-0.0032444200933115707	0.0
just	1	23	218	attn	25	utterance_final	0	prompt_without	33	32	-0.8336779955894716	-0.8965597075800742	-0.8960669655953685	0.0004927419847057246	0.007836014146360442	0.007836014146360442
just	1	18	146	attn	26	utterance_final	0	prompt_without	37	36	-0.6786665831293378	-0.7617929237229484	-0.7623915388470605	-0.0005986151241120785	-0.007201268813679626	0.0
just	1	20	492	attn	26	utterance_final	0	prompt_without	93	92	-0.38797505838530405	-0.41584122606686186	-0.41496056744030546	0.0008806586265563965	0.03160314818385407	0.03160314818385407
just	1	22	52	attn	26	utterance_final	0	prompt_without	51	50	-0.49871410243213177	-0.669625835493207	-0.6701061073690653	-0.0004802718758583069	-0.0028100579594888433	0.0
just	1	23	218	attn	26	utterance_final	0	prompt_without	33	32	-0.8336779955894716	-0.8965597075800742	-0.8957893540782313	0.0007703535018428465	0.012250835377350621	0.012250835377350621
just	1	18	146	attn	27	utterance_final	0	prompt_without	37	36	-0.6786665831293378	-0.7617929237229484	-0.761818664414542	-2.5740691593667542e-05	-0.00030965746127944045	0.0
just	1	20	492	attn	27	utterance_final	0	prompt_without	93	92	-0.38797505838530405	-0.41584122606686186	-0.415367100919996	0.0004741251468658447	0.017014364956241434	0.017014364956241434
just	1	22	52	attn	27	utterance_final	0	prompt_without	51	50	-0.49871410243213177	-0.669625835493207	-0.6694778297096491	0.00014800578355789185	0.0008659778992762425	0.0008659778992762425
just	1	23	218	attn	27	utterance_final	0	prompt_without	33	32	-0.8336779955894716	-0.8965597075800742	-0.8967029202368951	-0.00014321265682093465	-0.0022774929671497694	0.0
just	1	18	146	attn	28	utterance_final	0	prompt_without	37	36	-0.6786665831293378	-0.7617929237229484	-0.761535196077256	0.00025772764569242934	0.0031004329536459753	0.0031004329536459753
just	1	20	492	attn	28	utterance_final	0	prompt_without	93	92	-0.38797505838530405	-0.41584122606686186	-0.415035469191415	0.0008057568754468725	0.028915238171775333	0.028915238171775333
just	1	22	52	attn	28	utterance_final	0	prompt_without	51	50	-0.49871410243213177	-0.669625835493207	-0.6702498216181993	-0.0006239861249923706	-0.0036509262051037158	0.0
just	1	23	218	attn	28	utterance_final	0	prompt_without	33	32	-0.8336779955894716	-0.8965597075800742	-0.8960313104814098	0.0005283970986643682	0.008403032963595763	0.008403032963595763
just	1	18	146	attn	29	utterance_final	0	prompt_without	37	36	-0.6786665831293378	-0.7617929237229484	-0.762147191024962	-0.0003542673020136	-0.004261793548034886	0.0
just	1	20	492	attn	29	utterance_final	0	prompt_without	93	92	-0.38797505838530405	-0.41584122606686186	-0.41557551281792776	0.0002657132489340963	0.009535335176711393	0.009535335176711393
just	1	22	52	attn	29	utterance_final	0	prompt_without	51	50	-0.49871410243213177	-0.669625835493207	-0.669703857973218	-7.802248001098633e-05	-0.00045650745337129687	0.0
just	1	23	218	attn	29	utterance_final	0	prompt_without	33	32	-0.8336779955894716	-0.8965597075800742	-0.8959257295054774	0.0006339780745967527	0.010082074016869936	0.010082074016869936
just	1	18	146	attn	30	utterance_final	0	prompt_without	37	36	-0.6786665831293378	-0.7617929237229484	-0.7619381830805824	-0.00014525935763398667	-0.0017474528121493166	0.0
just	1	20	492	attn	30	utterance_final	0	prompt_without	93	92	-0.38797505838530405	-0.41584122606686186	-0.4157719484397343	6.927762712755081e-05	0.0024860837672128	0.0024860837672128
just	1	22	52	attn	30	utterance_final	0	prompt_without	51	50	-0.49871410243213177	-0.669625835493207	-0.6701447535306215	-0.0005189180374145508	-0.0030361756218873267	0.0
just	1	23	218	attn	30	utterance_final	0	prompt_without	33	32	-0.8336779955894716	-0.8965597075800742	-0.8963076914510419	0.0002520161290322509	0.004007780975650183	0.004007780975650183
just	1	18	146	attn	31	utterance_final	0	prompt_without	37	36	-0.6786665831293378	-0.7617929237229484	-0.7617929237229484	0.0	0.0	0.0
just	1	20	492	attn	31	utterance_final	0	prompt_without	93	92	-0.38797505838530405	-0.41584122606686186	-0.41584122606686186	0.0	0.0	0.0
just	1	22	52	attn	31	utterance_final	0	prompt_without	51	50	-0.49871410243213177	-0.669625835493207	-0.669625835493207	0.0	0.0	0.0
just	1	23	218	attn	31	utterance_final	0	prompt_without	33	32	-0.8336779955894716	-0.8965597075800742	-0.8965597075800742	0.0	0.0	0.0
just	1	28	6	attn	0	utterance_final	0	prompt_without	38	37	-0.46957128842671714	-0.7794718305269878	-0.781412132581075	-0.0019403020540872395	-0.006261047628175624	0.0
just	1	29	76	attn	0	utterance_final	0	prompt_without	68	68	-0.6198534094370328	-0.783491694010221	-0.7826669949751633	0.0008246990350576633	0.005039768274329543	0.005039768274329543
just	1	30	334	attn	0	utterance_final	0	prompt_without	70	69	-0.24109645116896855	-0.2810814210346767	-0.28102115790049237	6.0263134184335154e-05	0.001507144669277791	0.001507144669277791
just	1	32	347	attn	0	utterance_final	0	prompt_without	26	25	-0.43844628604975616	-0.4801799248565327	-0.4795073243704709	0.0006726004860618251	0.01611650709816875	0.01611650709816875
just	1	28	6	attn	1	utterance_final	0	prompt_without	38	37	-0.46957128842671714	-0.7794718305269878	-0.7766223231951396	0.002849507331848189	0.009194909155487084	0.009194909155487084
just	1	29	76	attn	1	utterance_final	0	prompt_without	68	68	-0.6198534094370328	-0.783491694010221	-0.7823256896092341	0.0011660044009869086	0.007125498803829163	0.007125498803829163
just	1	30	334	attn	1	utterance_final	0	prompt_without	70	69	-0.24109645116896855	-0.2810814210346767	-0.2809141931079683	0.00016722792670842423	0.004182269669580068	0.004182269669580068
just	1	32	347	attn	1	utterance_final	0	prompt_without	26	25	-0.43844628604975616	-0.4801799248565327	-0.47995992411266675	0.0002200007438659668	0.005271544733603337	0.005271544733603337
just	1	28	6	attn	2	utterance_final	0	prompt_without	38	37	-0.46957128842671714	-0.7794718305269878	-0.7734480778376261	0.006023752689361617	0.019437696522042826	0.019437696522042826
just	1	29	76	attn	2	utterance_final	0	prompt_without	68	68	-0.6198534094370328	-0.783491694010221	-0.782463380923638	0.0010283130865830215	0.006284061760150647	0.006284061760150647
just	1	30	334	attn	2	utterance_final	0	prompt_without	70	69	-0.24109645116896855	-0.2810814210346767	-0.27958414100465323	0.0014972800300234734	0.037446071237571904	0.037446071237571904
just	1	32	347	attn	2	utterance_final	0	prompt_without	26	25	-0.43844628604975616	-0.4801799248565327	-0.47957320375875995	0.0006067210977727666	0.01453793906114531	0.01453793906114531
just	1	28	6	attn	3	utterance_final	0	prompt_without	38	37	-0.46957128842671714	-0.7794718305269878	-0.7558785676956177	0.023593262831370088	0.07613172494463179	0.07613172494463179
just	1	29	76	attn	3	utterance_final	0	prompt_without	68	68	-0.6198534094370328	-0.783491694010221	-0.7832471774174616	0.00024451659275936954	0.0014942505257686692	0.0014942505257686692
just	1	30	334	attn	3	utterance_final	0	prompt_without	70	69	-0.24109645116896855	-0.2810814210346767	-0.27811039629436674	0.0029710247403099688	0.07430353831172884	0.07430353831172884
just	1	32	347	attn	3	utterance_final	0	prompt_without	26	25	-0.43844628604975616	-0.4801799248565327	-0.4754523038864136	0.00472762097011914	0.11328082346252266	0.11328082346252266
just	1	28	6	attn	4	utterance_final	0	prompt_without	38	37	-0.46957128842671714	-0.7794718305269878	-0.7633398016293843	0.016132028897603456	0.052055503963538786	0.052055503963538786
just	1	29	76	attn	4	utterance_final	0	prompt_without	68	68	-0.6198534094370328	-0.783491694010221	-0.782946187716264	0.0005455062939569988	0.0033336104407341053	0.0033336104407341053
just	1	30	334	attn	4	utterance_final	0	prompt_without	70	69	-0.24109645116896855	-0.2810814210346767	-0.27812776679084417	0.0029536542438325375	0.07386911266289702	0.07386911266289702
just	1	32	347	attn	4	utterance_final	0	prompt_without	26	25	-0.43844628604975616	-0.4801799248565327	-0.4788076037710363	0.0013723210854963974	0.032882852411938855	0.032882852411938855
just	1	28	6	attn	5	utterance_final	0	prompt_without	38	37	-0.46957128842671714	-0.7794718305269878	-0.7597922682762146	0.019679562250773164	0.0635028326101014	0.0635028326101014
just	1	29	76	attn	5	utterance_final	0	prompt_without	68	68	-0.6198534094370328	-0.783491694010221	-0.7839787281476535	-0.0004870341374324516	-0.002976284789972989	0.0
just	1	30	334	attn	5	utterance_final	0	prompt_without	70	69	-0.24109645116896855	-0.2810814210346767	-0.27915886470249723	0.0019225563321794703	0.048081975268119186	0.048081975268119186
just	1	32	347	attn	5	utterance_final	0	prompt_without	26	25	-0.43844628604975616	-0.4801799248565327	-0.4787549674510956	0.0014249574054371328	0.034144096852770804	0.034144096852770804
just	1	28	6	attn	6	utterance_final	0	prompt_without	38	37	-0.46957128842671714	-0.7794718305269878	-0.7393229484558106	0.04014888207117717	0.1295540878989063	0.1295540878989063
just	1	29	76	attn	6	utterance_final	0	prompt_without	68	68	-0.6198534094370328	-0.783491694010221	-0.7821552936847394	0.001336400325481657	0.008166795007460153	0.008166795007460153
just	1	30	334	attn	6	utterance_final	0	prompt_without	70	69	-0.24109645116896855	-0.2810814210346767	-0.278978393191383	0.002103027843293692	0.05259545900264108	0.05259545900264108
just	1	32	347	attn	6	utterance_final	0	prompt_without	26	25	-0.43844628604975616	-0.4801799248565327	-0.4774347354065288	0.0027451894500039042	0.06577881844221431	0.06577881844221431
just	1	28	6	attn	7	utterance_final	0	prompt_without	38	37	-0.46957128842671714	-0.7794718305269878	-0.7654864867528279	0.01398534377415983	0.04512849083573003	0.04512849083573003
just	1	29	76	attn	7	utterance_final	0	prompt_without	68	68	-0.6198534094370328	-0.783491694010221	-0.7831610441207886	0.0003306498894324328	0.002020614493086718	0.002020614493086718
just	1	30	334	attn	7	utterance_final	0	prompt_without	70	69	-0.24109645116896855	-0.2810814210346767	-0.27828480516161236	0.0027966158730643453	0.06994167764679934	0.06994167764679934
just	1	32	347	attn	7	utterance_final	0	prompt_without	26	25	-0.43844628604975616	-0.4801799248565327	-0.47864400527694007	0.0015359195795926484	0.03680291543001641	0.03680291543001641
just	1	28	6	attn	8	utterance_final	0	prompt_without	38	37	-0.46957128842671714	-0.7794718305269878	-0.7743538022041321	0.005118028322855683	0.016515067344411768	0.016515067344411768
just	1	29	76	attn	8	utterance_final	0	prompt_without	68	68	-0.6198534094370328	-0.783491694010221	-0.7846035040341891	-0.0011118100239680961	-0.00679431483205773	0.0
just	1	30	334	attn	8	utterance_final	0	prompt_without	70	69	-0.24109645116896855	-0.2810814210346767	-0.2785400663103376	0.0025413547243390844	0.06355775014647684	0.06355775014647684
just	1	32	347	attn	8	utterance_final	0	prompt_without	26	25	-0.43844628604975616	-0.4801799248565327	-0.47626379945061426	0.003916125405918458	0.09383618390070919	0.09383618390070919
just	1	28	6	attn	9	utterance_final	0	prompt_without	38	37	-0.46957128842671714	-0.7794718305269878	-0.7707135001818339	0.00875833034515383	0.028261745803335857	0.028261745803335857
just	1	29	76	attn	9	utterance_final	0	prompt_without	68	68	-0.6198534094370328	-0.783491694010221	-0.7821848667584933	0.0013068272517277046	0.007986072789361334	0.007986072789361334
just	1	30	334	attn	9	utterance_final	0	prompt_without	70	69	-0.24109645116896855	-0.2810814210346767	-0.2817337569736299	-0.0006523359389531969	-0.01631452871276645	0.0
just	1	32	347	attn	9	utterance_final	0	prompt_without	26	25	-0.43844628604975616	-0.4801799248565327	-0.47874583439393475	0.001434090462597959	0.03436293847362997	0.03436293847362997
just	1	28	6	attn	10	utterance_final	0	prompt_without	38	37	-0.46957128842671714	-0.7794718305269878	-0.7708508133888244	0.008621017138163323	0.02781865781755854	0.02781865781755854
just	1	29	76	attn	10	utterance_final	0	prompt_without	68	68	-0.6198534094370328	-0.783491694010221	-0.7820633558126596	0.0014283381975613851	0.008728630963633407	0.008728630963633407
just	1	30	334	attn	10	utterance_final	0	prompt_without	70	69	-0.24109645116896855	-0.2810814210346767	-0.2808498257682437	0.00023159526643301565	0.005792058046081861	0.005792058046081861
just	1	32	347	attn	10	utterance_final	0	prompt_without	26	25	-0.43844628604975616	-0.4801799248565327	-0.4791352315382524	0.001044693318280332	0.02503240427026216	0.02503240427026216
just	1	28	6	attn	11	utterance_final	0	prompt_without	38	37	-0.46957128842671714	-0.7794718305269878	-0.7781540234883626	0.0013178070386251628	0.0042523547383753095	0.0042523547383753095
just	1	29	76	attn	11	utterance_final	0	prompt_without	68	68	-0.6198534094370328	-0.783491694010221	-0.7828887380086459	0.0006029560015751168	0.0036846878659708825	0.0036846878659708825
just	1	30	334	attn	11	utterance_final	0	prompt_without	70	69	-0.24109645116896855	-0.2810814210346767	-0.28018258866809664	0.0008988323665800602	0.022479255820345517	0.022479255820345517
just	1	32	347	attn	11	utterance_final	0	prompt_without	26	25	-0.43844628604975616	-0.4801799248565327	-0.479077396067706	0.0011025287888267177	0.026418228085294426	0.026418228085294426
just	1	28	6	attn	12	utterance_final	0	prompt_without	38	37	-0.46957128842671714	-0.7794718305269878	-0.7734184344609578	0.006053396066029948	0.019533351006760506	0.019533351006760506
just	1	29	76	attn	12	utterance_final	0	prompt_without	68	68	-0.6198534094370328	-0.783491694010221	-0.7818344969015855	0.0016571971086355441	0.010127196780129731	0.010127196780129731
just	1	30	334	attn	12	utterance_final	0	prompt_without	70	69	-0.24109645116896855	-0.2810814210346767	-0.2761035249346778	0.00497789609999888	0.12449418160667454	0.12449418160667454
just	1	32	347	attn	12	utterance_final	0	prompt_without	26	25	-0.43844628604975616	-0.4801799248565327	-0.4786856878887523	0.0014942369677803935	0.03580413811262882	0.03580413811262882
just	1	28	6	attn	13	utterance_final	0	prompt_without	38	37	-0.46957128842671714	-0.7794718305269878	-0.7735380689303081	0.0059337615966796875	0.019147309509254664	0.019147309509254664
just	1	29	76	attn	13	utterance_final	0	prompt_without	68	68	-0.6198534094370328	-0.783491694010221	-0.783045810002547	0.00044588400767398007	0.00272481472680408	0.00272481472680408
just	1	30	334	attn	13	utterance_final	0	prompt_without	70	69	-0.24109645116896855	-0.2810814210346767	-0.2813177506128947	-0.0002363295782180086	-0.005910460330762665	0.0
just	1	32	347	attn	13	utterance_final	0	prompt_without	26	25	-0.43844628604975616	-0.4801799248565327	-0.4797130985693498	0.00046682628718291985	0.011185851522420286	0.011185851522420286
just	1	28	6	attn	14	utterance_final	0	prompt_without	38	37	-0.46957128842671714	-0.7794718305269878	-0.7754253705342611	0.004046459992726681	0.013057285945041745	0.013057285945041745
just	1	29	76	attn	14	utterance_final	0	prompt_without	68	68	-0.6198534094370328	-0.783491694010221	-0.7833890135471637	0.00010268046305728085	0.00062748435260794	0.00062748435260794
just	1	30	334	attn	14	utterance_final	0	prompt_without	70	69	-0.24109645116896855	-0.2810814210346767	-0.2820991107395717	-0.0010176897048950195	-0.025451806224013412	0.0
just	1	32	347	attn	14	utterance_final	0	prompt_without	26	25	-0.43844628604975616	-0.4801799248565327	-0.479098842902617	0.001081081953915708	0.025904330051856536	0.025904330051856536
just	1	28	6	attn	15	utterance_final	0	prompt_without	38	37	-0.46957128842671714	-0.7794718305269878	-0.777277394135793	0.002194436391194765	0.007081098911033008	0.007081098911033008
just	1	29	76	attn	15	utterance_final	0	prompt_without	68	68	-0.6198534094370328	-0.783491694010221	-0.7823095413354727	0.0011821526747483047	0.007224181540595287	0.007224181540595287
just	1	30	334	attn	15	utterance_final	0	prompt_without	70	69	-0.24109645116896855	-0.2810814210346767	-0.2831531308946155	-0.0020717098599388195	-0.051812215112247866	0.0
just	1	32	347	attn	15	utterance_final	0	prompt_without	26	25	-0.43844628604975616	-0.4801799248565327	-0.4800243323499506	0.00015559250658209178	0.0037282276607240694	0.0037282276607240694
just	1	28	6	attn	16	utterance_final	0	prompt_without	38	37	-0.46957128842671714	-0.7794718305269878	-0.7772786895434062	0.0021931409835815874	0.007076918835695293	0.007076918835695293
just	1	29	76	attn	16	utterance_final	0	prompt_without	68	68	-0.6198534094370328	-0.783491694010221	-0.7828645706176758	0.0006271233925452258	0.003832375743738264	0.003832375743738264
just	1	30	334	attn	16	utterance_final	0	prompt_without	70	69	-0.24109645116896855	-0.2810814210346767	-0.2816524448848906	-0.0005710238502139031	-0.014280962374905368	0.0
just	1	32	347	attn	16	utterance_final	0	prompt_without	26	25	-0.43844628604975616	-0.4801799248565327	-0.479195852171291	0.0009840726852416992	0.023579843823297506	0.023579843823297506
just	1	28	6	attn	17	utterance_final	0	prompt_without	38	37	-0.46957128842671714	-0.7794718305269878	-0.7777735630671183	0.0016982674598694514	0.005480040300542502	0.005480040300542502
just	1	29	76	attn	17	utterance_final	0	prompt_without	68	68	-0.6198534094370328	-0.783491694010221	-0.7825834109232976	0.0009082830869233671	0.005550553706257732	0.005550553706257732
just	1	30	334	attn	17	utterance_final	0	prompt_without	70	69	-0.24109645116896855	-0.2810814210346767	-0.2822395733424595	-0.0011581523077828226	-0.028964691274560028	0.0
just	1	32	347	attn	17	utterance_final	0	prompt_without	26	25	-0.43844628604975616	-0.4801799248565327	-0.4800422327084975	0.0001376921480352178	0.003299308470864991	0.003299308470864991
just	1	28	6	attn	18	utterance_final	0	prompt_without	38	37	-0.46957128842671714	-0.7794718305269878	-0.779229736328125	0.0002420941988627856	0.0007811996623886324	0.0007811996623886324
just	1	29	76	attn	18	utterance_final	0	prompt_without	68	68	-0.6198534094370328	-0.783491694010221	-0.7829798460006714	0.0005118480095496203	0.0031279233394841243	0.0031279233394841243
just	1	30	334	attn	18	utterance_final	0	prompt_without	70	69	-0.24109645116896855	-0.2810814210346767	-0.28131796632494244	-0.0002365452902657328	-0.005915855159080622	0.0
just	1	32	347	attn	18	utterance_final	0	prompt_without	26	25	-0.43844628604975616	-0.4801799248565327	-0.4801552322777835	2.469257874920805e-05	0.0005916708788211048	0.0005916708788211048
just	1	28	6	attn	19	utterance_final	0	prompt_without	38	37	-0.46957128842671714	-0.7794718305269878	-0.7784607370694479	0.0010110934575399133	0.0032626385571560778	0.0032626385571560778
just	1	29	76	attn	19	utterance_final	0	prompt_without	68	68	-0.6198534094370328	-0.783491694010221	-0.7828765970010024	0.0006150970092185792	0.0037588820417111713	0.0037588820417111713
just	1	30	334	attn	19	utterance_final	0	prompt_without	70	69	-0.24109645116896855	-0.2810814210346767	-0.2807901359739758	0.00029128506070091875	0.007284863829564373	0.007284863829564373
just	1	32	347	attn	19	utterance_final	0	prompt_without	26	25	-0.43844628604975616	-0.4801799248565327	-0.4802271940491416	-4.726919260888973e-05	-0.0011326400946666156	0.0
just	1	28	6	attn	20	utterance_final	0	prompt_without	38	37	-0.46957128842671714	-0.7794718305269878	-0.7789610942204793	0.0005107363065084414	0.0016480652245622366	0.0016480652245622366
just	1	29	76	attn	20	utterance_final	0	prompt_without	68	68	-0.6198534094370328	-0.783491694010221	-0.7838273690297053	-0.0003356750194842828	-0.002051323260689342	0.0
just	1	30	334	attn	20	utterance_final	0	prompt_without	70	69	-0.24109645116896855	-0.2810814210346767	-0.28154155753907706	-0.0004601365044003547	-0.01150773668070152	0.0
just	1	32	347	attn	20	utterance_final	0	prompt_without	26	25	-0.43844628604975616	-0.4801799248565327	-0.48002661629156634	0.00015330856496637013	0.0036735010257834613	0.0036735010257834613
just	1	28	6	attn	21	utterance_final	0	prompt_without	38	37	-0.46957128842671714	-0.7794718305269878	-0.7775328159332275	0.0019390145937602243	0.006256893197472503	0.006256893197472503
just	1	29	76	attn	21	utterance_final	0	prompt_without	68	68	-0.6198534094370328	-0.783491694010221	-0.7832991847625146	0.0001925092477064183	0.0011764315924511993	0.0011764315924511993
just	1	30	334	attn	21	utterance_final	0	prompt_without	70	69	-0.24109645116896855	-0.2810814210346767	-0.28030837717510404	0.0007730438595726641	0.01933336106464446	0.01933336106464446
just	1	32	347	attn	21	utterance_final	0	prompt_without	26	25	-0.43844628604975616	-0.4801799248565327	-0.48028799891471863	-0.00010807405818591409	-0.0025896150270118654	0.0
just	1	28	6	attn	22	utterance_final	0	prompt_without	38	37	-0.46957128842671714	-0.7794718305269878	-0.7790119528770447	0.00045987764994304126	0.001483952389454822	0.001483952389454822
just	1	29	76	attn	22	utterance_final	0	prompt_without	68	68	-0.6198534094370328	-0.783491694010221	-0.7834497277553265	4.196625489449879e-05	0.0002564574360086813	0.0002564574360086813
just	1	30	334	attn	22	utterance_final	0	prompt_without	70	69	-0.24109645116896855	-0.2810814210346767	-0.2807430312747047	0.00033838975997202425	0.0084629239713954	0.0084629239713954
just	1	32	347	attn	22	utterance_final	0	prompt_without	26	25	-0.43844628604975616	-0.4801799248565327	-0.48003497177904303	0.00014495307748968456	0.0034732911299876303	0.0034732911299876303
just	1	28	6	attn	23	utterance_final	0	prompt_without	38	37	-0.46957128842671714	-0.7794718305269878	-0.7783426443735758	0.001129186153411954	0.003643704995671151	0.003643704995671151
just	1	29	76	attn	23	utterance_final	0	prompt_without	68	68	-0.6198534094370328	-0.783491694010221	-0.7841341633063096	-0.000642469296088577	-0.003926155164509982	0.0
just	1	30	334	attn	23	utterance_final	0	prompt_without	70	69	-0.24109645116896855	-0.2810814210346767	-0.28072798252105713	0.000353438513619575	0.00883928423121535	0.00883928423121535
just	1	32	347	attn	23	utterance_final	0	prompt_without	26	25	-0.43844628604975616	-0.4801799248565327	-0.4804315973411907	-0.000251672484657961	-0.006030446705670328	0.0
just	1	28	6	attn	24	utterance_final	0	prompt_without	38	37	-0.46957128842671714	-0.7794718305269878	-0.778552254041036	0.0009195764859517563	0.002967327774645262	0.002967327774645262
just	1	29	76	attn	24	utterance_final	0	prompt_without	68	68	-0.6198534094370328	-0.783491694010221	-0.7834821251722482	9.56883797276209e-06	5.847554560792508e-05	5.847554560792508e-05
just	1	30	334	attn	24	utterance_final	0	prompt_without	70	69	-0.24109645116896855	-0.2810814210346767	-0.28132188887823195	-0.00024046784355524764	-0.00601395585298358	0.0
just	1	32	347	attn	24	utterance_final	0	prompt_without	26	25	-0.43844628604975616	-0.4801799248565327	-0.4804523397575725	-0.00027241490103979693	-0.006527465824416998	0.0
just	1	28	6	attn	25	utterance_final	0	prompt_without	38	37	-0.46957128842671714	-0.7794718305269878	-0.7790424784024557	0.0004293521245321008	0.0013854513503664047	0.0013854513503664047
just	1	29	76	attn	25	utterance_final	0	prompt_without	68	68	-0.6198534094370328	-0.783491694010221	-0.7834429786755488	4.871533467221134e-05	0.0002977013282635771	0.0002977013282635771
just	1	30	334	attn	25	utterance_final	0	prompt_without	70	69	-0.24109645116896855	-0.2810814210346767	-0.2814323731831142	-0.0003509521484375	-0.008777101736382275	0.0
just	1	32	347	attn	25	utterance_final	0	prompt_without	26	25	-0.43844628604975616	-0.4801799248565327	-0.48054705424742267	-0.0003671293908899531	-0.00879696574242503	0.0
just	1	28	6	attn	26	utterance_final	0	prompt_without	38	37	-0.46957128842671714	-0.7794718305269878	-0.7784321784973145	0.0010396520296732659	0.0033547925493362923	0.0033547925493362923
just	1	29	76	attn	26	utterance_final	0	prompt_without	68	68	-0.6198534094370328	-0.783491694010221	-0.7829070733143733	0.0005846206958477485	0.003572640090750117	0.003572640090750117
just	1	30	334	attn	26	utterance_final	0	prompt_without	70	69	-0.24109645116896855	-0.2810814210346767	-0.28157957962581087	-0.0004981585911341679	-0.01245864615647486	0.0
just	1	32	347	attn	26	utterance_final	0	prompt_without	26	25	-0.43844628604975616	-0.4801799248565327	-0.4804238975048065	-0.00024397264827380472	-0.005845947184317638	0.0
just	1	28	6	attn	27	utterance_final	0	prompt_without	38	37	-0.46957128842671714	-0.7794718305269878	-0.7783874154090882	0.0010844151178995842	0.003499235950186604	0.003499235950186604
just	1	29	76	attn	27	utterance_final	0	prompt_without	68	68	-0.6198534094370328	-0.783491694010221	-0.7838155535551218	-0.00032385954490077307	-0.0019791184302957233	0.0
just	1	30	334	attn	27	utterance_final	0	prompt_without	70	69	-0.24109645116896855	-0.2810814210346767	-0.2804245948791504	0.0006568261555263133	0.016426826323298532	0.016426826323298532
just	1	32	347	attn	27	utterance_final	0	prompt_without	26	25	-0.43844628604975616	-0.4801799248565327	-0.4801478683948517	3.205646168102927e-05	0.0007681204562450965	0.0007681204562450965
just	1	28	6	attn	28	utterance_final	0	prompt_without	38	37	-0.46957128842671714	-0.7794718305269878	-0.7793843428293864	8.748769760136277e-05	0.00028230895308681156	0.00028230895308681156
just	1	29	76	attn	28	utterance_final	0	prompt_without	68	68	-0.6198534094370328	-0.783491694010221	-0.7835551316921527	-6.343768193173283e-05	-0.00038767017203336635	0.0
just	1	30	334	attn	28	utterance_final	0	prompt_without	70	69	-0.24109645116896855	-0.2810814210346767	-0.2816093989780971	-0.0005279779434204102	-0.013204410186969124	0.0
just	1	32	347	attn	28	utterance_final	0	prompt_without	26	25	-0.43844628604975616	-0.4801799248565327	-0.48003592003475537	0.00014400482177734375	0.003450569514057346	0.003450569514057346
just	1	28	6	attn	29	utterance_final	0	prompt_without	38	37	-0.46957128842671714	-0.7794718305269878	-0.7790506680806478	0.00042116244633993993	0.0013590245550576343	0.0013590245550576343
just	1	29	76	attn	29	utterance_final	0	prompt_without	68	68	-0.6198534094370328	-0.783491694010221	-0.7834872144919175	4.479518303512897e-06	2.7374512726020457e-05	2.7374512726020457e-05
just	1	30	334	attn	29	utterance_final	0	prompt_without	70	69	-0.24109645116896855	-0.2810814210346767	-0.28135362693241667	-0.0002722058977399633	-0.0068077054616817925	0.0
just	1	32	347	attn	29	utterance_final	0	prompt_without	26	25	-0.43844628604975616	-0.4801799248565327	-0.48055285486308014	-0.0003729300065474228	-0.008935957113015217	0.0
just	1	28	6	attn	30	utterance_final	0	prompt_without	38	37	-0.46957128842671714	-0.7794718305269878	-0.7793354948361715	0.0001363356908162805	0.00043993369579898336	0.00043993369579898336
just	1	29	76	attn	30	utterance_final	0	prompt_without	68	68	-0.6198534094370328	-0.783491694010221	-0.7834024154222928	8.927858792817656e-05	0.0005455849660184269	0.0005455849660184269
just	1	30	334	attn	30	utterance_final	0	prompt_without	70	69	-0.24109645116896855	-0.2810814210346767	-0.28109313760484966	-1.171657017295935e-05	-0.0002930243592107268	0.0
just	1	32	347	attn	30	utterance_final	0	prompt_without	26	25	-0.43844628604975616	-0.4801799248565327	-0.48001416433941235	0.00016576051712036133	0.0039718683023979625	0.0039718683023979625
just	1	28	6	attn	31	utterance_final	0	prompt_without	38	37	-0.46957128842671714	-0.7794718305269878	-0.7794718305269878	0.0	0.0	0.0
just	1	29	76	attn	31	utterance_final	0	prompt_without	68	68	-0.6198534094370328	-0.783491694010221	-0.783491694010221	0.0	0.0	0.0
just	1	30	334	attn	31	utterance_final	0	prompt_without	70	69	-0.24109645116896855	-0.2810814210346767	-0.2810814210346767	0.0	0.0	0.0
just	1	32	347	attn	31	utterance_final	0	prompt_without	26	25	-0.43844628604975616	-0.4801799248565327	-0.4801799248565327	0.0	0.0	0.0
just	1	38	61	attn	0	utterance_final	0	prompt_without	81	80	-0.7810891178938059	-0.9507696949518644	-0.952192471577571	-0.0014227766257066676	-0.008385029390958787	0.0
just	1	38	61	attn	1	utterance_final	0	prompt_without	81	80	-0.7810891178938059	-0.9507696949518644	-0.951546664421375	-0.0007769694695106688	-0.0045790124184031875	0.0
just	1	38	61	attn	2	utterance_final	0	prompt_without	81	80	-0.7810891178938059	-0.9507696949518644	-0.9506201377281775	0.00014955722368681368	0.0008814044970841928	0.0008814044970841928
just	1	38	61	attn	3	utterance_final	0	prompt_without	81	80	-0.7810891178938059	-0.9507696949518644	-0.9512143318469708	-0.0004446368951064317	-0.0026204348359464454	0.0
just	1	38	61	attn	4	utterance_final	0	prompt_without	81	80	-0.7810891178938059	-0.9507696949518644	-0.953877710379087	-0.00310801542722261	-0.018316860309587235	0.0
just	1	38	61	attn	5	utterance_final	0	prompt_without	81	80	-0.7810891178938059	-0.9507696949518644	-0.9528994193443885	-0.002129724392524124	-0.012551374055001062	0.0
just	1	38	61	attn	6	utterance_final	0	prompt_without	81	80	-0.7810891178938059	-0.9507696949518644	-0.9538362989058862	-0.003066603954021807	-0.0180728048383082	0.0
just	1	38	61	attn	7	utterance_final	0	prompt_without	81	80	-0.7810891178938059	-0.9507696949518644	-0.9514982196000906	-0.0007285246482262586	-0.004293506427532858	0.0
just	1	38	61	attn	8	utterance_final	0	prompt_without	81	80	-0.7810891178938059	-0.9507696949518644	-0.9500854840645423	0.0006842108873220676	0.004032346537152308	0.004032346537152308
just	1	38	61	attn	9	utterance_final	0	prompt_without	81	80	-0.7810891178938059	-0.9507696949518644	-0.9484524635168222	0.002317231435042144	0.013656433017959812	0.013656433017959812
just	1	38	61	attn	10	utterance_final	0	prompt_without	81	80	-0.7810891178938059	-0.9507696949518644	-0.9502248443089999	0.0005448506428644695	0.0032110371871144775	0.0032110371871144775
just	1	38	61	attn	11	utterance_final	0	prompt_without	81	80	-0.7810891178938059	-0.9507696949518644	-0.9528758159050574	-0.002106120953193069	-0.012412268921459593	0.0
just	1	38	61	attn	12	utterance_final	0	prompt_without	81	80	-0.7810891178938059	-0.9507696949518644	-0.9522652855286231	-0.001495590576758743	-0.008814153055638221	0.0
just	1	38	61	attn	13	utterance_final	0	prompt_without	81	80	-0.7810891178938059	-0.9507696949518644	-0.9504131995714628	0.00035649538040161133	0.002100979302301828	0.002100979302301828
just	1	38	61	attn	14	utterance_final	0	prompt_without	81	80	-0.7810891178938059	-0.9507696949518644	-0.951053289266733	-0.0002835943148686848	-0.0016713422348372212	0.0
just	1	38	61	attn	15	utterance_final	0	prompt_without	81	80	-0.7810891178938059	-0.9507696949518644	-0.9501502009538504	0.0006194939980139758	0.0036509423102799063	0.0036509423102799063
just	1	38	61	attn	16	utterance_final	0	prompt_without	81	80	-0.7810891178938059	-0.9507696949518644	-0.9512237402109	-0.0004540452590355848	-0.0026758823367286585	0.0
just	1	38	61	attn	17	utterance_final	0	prompt_without	81	80	-0.7810891178938059	-0.9507696949518644	-0.9503627923818735	0.0004069025699908746	0.002398050366434382	0.002398050366434382
just	1	38	61	attn	18	utterance_final	0	prompt_without	81	80	-0.7810891178938059	-0.9507696949518644	-0.9502342297480657	0.0005354652037986574	0.0031557247923281206	0.0031557247923281206
just	1	38	61	attn	19	utterance_final	0	prompt_without	81	80	-0.7810891178938059	-0.9507696949518644	-0.950098441197322	0.0006712537545423558	0.00395598462817979	0.00395598462817979
just	1	38	61	attn	20	utterance_final	0	prompt_without	81	80	-0.7810891178938059	-0.9507696949518644	-0.9505444444142855	0.00022525053757882496	0.0013274974748686318	0.0013274974748686318
just	1	38	61	attn	21	utterance_final	0	prompt_without	81	80	-0.7810891178938059	-0.9507696949518644	-0.9508695006370544	-9.980568519007971e-05	-0.0005881974644389019	0.0
just	1	38	61	attn	22	utterance_final	0	prompt_without	81	80	-0.7810891178938059	-0.9507696949518644	-0.9508176216712365	-4.7926719372148874e-05	-0.0002824525953595154	0.0
just	1	38	61	attn	23	utterance_final	0	prompt_without	81	80	-0.7810891178938059	-0.9507696949518644	-0.9506224852341872	0.00014720971767712143	0.0008675696430873855	0.0008675696430873855
just	1	38	61	attn	24	utterance_final	0	prompt_without	81	80	-0.7810891178938059	-0.9507696949518644	-0.9497278011762179	0.001041893775646452	0.006140324330049596	0.006140324330049596
just	1	38	61	attn	25	utterance_final	0	prompt_without	81	80	-0.7810891178938059	-0.9507696949518644	-0.950106524504148	0.0006631704477163547	0.00390834625397014	0.00390834625397014
just	1	38	61	attn	26	utterance_final	0	prompt_without	81	80	-0.7810891178938059	-0.9507696949518644	-0.9503994721632737	0.00037022278859066837	0.0021818807727415476	0.0021818807727415476
just	1	38	61	attn	27	utterance_final	0	prompt_without	81	80	-0.7810891178938059	-0.9507696949518644	-0.9510422990872309	-0.0002726041353665609	-0.0016065724203264923	0.0
just	1	38	61	attn	28	utterance_final	0	prompt_without	81	80	-0.7810891178938059	-0.9507696949518644	-0.9507180498196528	5.164513221156408e-05	0.00030436678791994563	0.00030436678791994563
just	1	38	61	attn	29	utterance_final	0	prompt_without	81	80	-0.7810891178938059	-0.9507696949518644	-0.9510114880708548	-0.00024179311899041878	-0.0014249899616246944	0.0
just	1	38	61	attn	30	utterance_final	0	prompt_without	81	80	-0.7810891178938059	-0.9507696949518644	-0.9507873012469366	-1.7606295072192246e-05	-0.00010376140497311023	0.0
just	1	38	61	attn	31	utterance_final	0	prompt_without	81	80	-0.7810891178938059	-0.9507696949518644	-0.9507696949518644	0.0	0.0	0.0
just	0	0	162	mlp	0	utterance_final	0	prompt_without	28	27	-0.4615573245425557	-0.5357130738191827	-0.5358762796535048	-0.0001632058343221665	-0.002200852070327704	0.0
just	0	1	1	mlp	0	utterance_final	0	prompt_without	28	27	-1.195556640625	-2.1697591145833335	-2.1756184895833335	-0.005859375	-0.006014535126555843	0.0
just	0	3	2	mlp	0	utterance_final	0	prompt_without	33	32	-0.37853654225667316	-0.7311519235372543	-0.7341024776299795	-0.002950554092725155	-0.008367627305450287	0.0
just	0	5	5	mlp	0	utterance_final	0	prompt_without	26	25	-0.7108791122833887	-1.0601252168416977	-1.0575223565101624	0.0026028603315353394	0.0074527970321306035	0.0074527970321306035
just	0	0	162	mlp	1	utterance_final	0	prompt_without	28	27	-0.4615573245425557	-0.5357130738191827	-0.5355652792509212	0.0001477945682614168	0.0019930291272506903	0.0019930291272506903
just	0	1	1	mlp	1	utterance_final	0	prompt_without	28	27	-1.195556640625	-2.1697591145833335	-2.1852213541666665	-0.015462239583333037	-0.015871689917299835	0.0
just	0	3	2	mlp	1	utterance_final	0	prompt_without	33	32	-0.37853654225667316	-0.7311519235372543	-0.7319937547047933	-0.0008418311675389978	-0.0023873920771174204	0.0
just	0	5	5	mlp	1	utterance_final	0	prompt_without	26	25	-0.7108791122833887	-1.0601252168416977	-1.0563784887393315	0.0037467281023662036	0.010728045505631867	0.010728045505631867
just	0	0	162	mlp	2	utterance_final	0	prompt_without	28	27	-0.4615573245425557	-0.5357130738191827	-0.5357688194097474	-5.5745590564759695e-05	-0.0007517365964007605	0.0
just	0	1	1	mlp	2	utterance_final	0	prompt_without	28	27	-1.195556640625	-2.1697591145833335	-2.1608072916666665	0.008951822916666963	0.009188873110016173	0.009188873110016173
just	0	3	2	mlp	2	utterance_final	0	prompt_without	33	32	-0.37853654225667316	-0.7311519235372543	-0.7314466834068298	-0.0002947598695755005	-0.000835924594398098	0.0
just	0	5	5	mlp	2	utterance_final	0	prompt_without	26	25	-0.7108791122833887	-1.0601252168416977	-1.057597776254018	0.002527440587679619	0.007236846895904737	0.007236846895904737
just	0	0	162	mlp	3	utterance_final	0	prompt_without	28	27	-0.4615573245425557	-0.5357130738191827	-0.5356603944024374	5.267941674524934e-05	0.0007103888405029346	0.0007103888405029346
just	0	1	1	mlp	3	utterance_final	0	prompt_without	28	27	-1.195556640625	-2.1697591145833335	-2.1708984375	-0.0011393229166665186	-0.0011694929412745952	0.0
just	0	3	2	mlp	3	utterance_final	0	prompt_without	33	32	-0.37853654225667316	-0.7311519235372543	-0.7289769301811854	0.002174993356068966	0.0061681749337482595	0.0061681749337482595
just	0	5	5	mlp	3	utterance_final	0	prompt_without	26	25	-0.7108791122833887	-1.0601252168416977	-1.0459652543067932	0.01415996253490448	0.04054436785433173	0.04054436785433173
just	0	0	162	mlp	4	utterance_final	0	prompt_without	28	27	-0.4615573245425557	-0.5357130738191827	-0.5369266493375912	-0.001213575518408505	-0.016365224952167134	0.0
just	0	1	1	mlp	4	utterance_final	0	prompt_without	28	27	-1.195556640625	-2.1697591145833335	-2.1800130208333335	-0.01025390625	-0.010525436471472725	0.0
just	0	3	2	mlp	4	utterance_final	0	prompt_without	33	32	-0.37853654225667316	-0.7311519235372543	-0.7372277031342188	-0.006075779596964481	-0.017230614203212806	0.0
just	0	5	5	mlp	4	utterance_final	0	prompt_without	26	25	-0.7108791122833887	-1.0601252168416977	-1.0495018462340038	0.010623370607693916	0.03041800744242882	0.03041800744242882
just	0	0	162	mlp	5	utterance_final	0	prompt_without	28	27	-0.4615573245425557	-0.5357130738191827	-0.5358518195706744	-0.0001387457514917534	-0.0018710046469112341	0.0
just	0	1	1	mlp	5	utterance_final	0	prompt_without	28	27	-1.195556640625	-2.1697591145833335	-2.1975911458333335	-0.02783203125	-0.028569041851140252	0.0
just	0	3	2	mlp	5	utterance_final	0	prompt_without	33	32	-0.37853654225667316	-0.7311519235372543	-0.721953089038531	0.009198834498723385	0.026087445378350466	0.026087445378350466
just	0	5	5	mlp	5	utterance_final	0	prompt_without	26	25	-0.7108791122833887	-1.0601252168416977	-1.048663894335429	0.011461322506268745	0.03281732382030105	0.03281732382030105
just	0	0	162	mlp	6	utterance_final	0	prompt_without	28	27	-0.4615573245425557	-0.5357130738191827	-0.5350981784421344	0.0006148953770482857	0.008291944765530052	0.008291944765530052
just	0	1	1	mlp	6	utterance_final	0	prompt_without	28	27	-1.195556640625	-2.1697591145833335	-2.1331380208333335	0.03662109375	0.037590844540974014	0.037590844540974014
just	0	3	2	mlp	6	utterance_final	0	prompt_without	33	32	-0.37853654225667316	-0.7311519235372543	-0.6989186257123947	0.03223329782485962	0.09141205839574854	0.09141205839574854
just	0	5	5	mlp	6	utterance_final	0	prompt_without	26	25	-0.7108791122833887	-1.0601252168416977	-1.050014078617096	0.010111138224601746	0.028951327137604836	0.028951327137604836
just	0	0	162	mlp	7	utterance_final	0	prompt_without	28	27	-0.4615573245425557	-0.5357130738191827	-0.5400120907051619	-0.004299016885979223	-0.05797280626135114	0.0
just	0	1	1	mlp	7	utterance_final	0	prompt_without	28	27	-1.195556640625	-2.1697591145833335	-2.2493489583333335	-0.07958984375	-0.08169743546905019	0.0
just	0	3	2	mlp	7	utterance_final	0	prompt_without	33	32	-0.37853654225667316	-0.7311519235372543	-0.7021984855333964	0.028953438003857968	0.08211053612780236	0.08211053612780236
just	0	5	5	mlp	7	utterance_final	0	prompt_without	26	25	-0.7108791122833887	-1.0601252168416977	-1.0654395371675491	-0.00531432032585144	-0.015216548607098864	0.0
just	0	0	162	mlp	8	utterance_final	0	prompt_without	28	27	-0.4615573245425557	-0.5357130738191827	-0.538945661034695	-0.003232587215512339	-0.043591862357882136	0.0
just	0	1	1	mlp	8	utterance_final	0	prompt_without	28	27	-1.195556640625	-2.1697591145833335	-2.3287760416666665	-0.15901692708333304	-0.16322780051791796	0.0
just	0	3	2	mlp	8	utterance_final	0	prompt_without	33	32	-0.37853654225667316	-0.7311519235372543	-0.7309582432111105	0.00019368032614386355	0.0005492679458294796	0.0005492679458294796
just	0	5	5	mlp	8	utterance_final	0	prompt_without	26	25	-0.7108791122833887	-1.0601252168416977	-1.050789346297582	0.009335870544115776	0.026731495132702593	0.026731495132702593
just	0	0	162	mlp	9	utterance_final	0	prompt_without	28	27	-0.4615573245425557	-0.5357130738191827	-0.5366462191870046	-0.0009331453678219637	-0.012583587610193302	0.0
just	0	1	1	mlp	9	utterance_final	0	prompt_without	28	27	-1.195556640625	-2.1697591145833335	-2.20654296875	-0.03678385416666652	-0.03775791496115597	0.0
just	0	3	2	mlp	9	utterance_final	0	prompt_without	33	32	-0.37853654225667316	-0.7311519235372543	-0.8098786920309067	-0.07872676849365234	-0.2232652705271762	0.0
just	0	5	5	mlp	9	utterance_final	0	prompt_without	26	25	-0.7108791122833887	-1.0601252168416977	-1.0587188204129536	0.0014063964287440722	0.004026949507490541	0.004026949507490541
just	0	0	162	mlp	10	utterance_final	0	prompt_without	28	27	-0.4615573245425557	-0.5357130738191827	-0.5383723918781724	-0.002659318058989779	-0.035861252632882056	0.0
just	0	1	1	mlp	10	utterance_final	0	prompt_without	28	27	-1.195556640625	-2.1697591145833335	-2.07763671875	0.09212239583333348	0.09456185782307257	0.09456185782307257
just	0	3	2	mlp	10	utterance_final	0	prompt_without	33	32	-0.37853654225667316	-0.7311519235372543	-0.7162535587946574	0.014898364742596981	0.04225103479176405	0.04225103479176405
just	0	5	5	mlp	10	utterance_final	0	prompt_without	26	25	-0.7108791122833887	-1.0601252168416977	-1.0515320648749669	0.008593151966730828	0.02460486131290877	0.02460486131290877
just	0	0	162	mlp	11	utterance_final	0	prompt_without	28	27	-0.4615573245425557	-0.5357130738191827	-0.537743138712506	-0.002030064893323358	-0.027375691205687967	0.0
just	0	1	1	mlp	11	utterance_final	0	prompt_without	28	27	-1.195556640625	-2.1697591145833335	-2.236328125	-0.06656901041666652	-0.0683318018544815	0.0
just	0	3	2	mlp	11	utterance_final	0	prompt_without	33	32	-0.37853654225667316	-0.7311519235372543	-0.742864802479744	-0.011712878942489624	-0.033217152637960275	0.0
just	0	5	5	mlp	11	utterance_final	0	prompt_without	26	25	-0.7108791122833887	-1.0601252168416977	-1.0524256825447083	0.007699534296989441	0.022046156554063875	0.022046156554063875
just	0	0	162	mlp	12	utterance_final	0	prompt_without	28	27	-0.4615573245425557	-0.5357130738191827	-0.5347047157065813	0.0010083581126013597	0.013597841333108651	0.013597841333108651
just	0	1	1	mlp	12	utterance_final	0	prompt_without	28	27	-1.195556640625	-2.1697591145833335	-2.2431640625	-0.07340494791666652	-0.07534875950212998	0.0
just	0	3	2	mlp	12	utterance_final	0	prompt_without	33	32	-0.37853654225667316	-0.7311519235372543	-0.7150135735670725	0.01613834997018182	0.045767572337805366	0.045767572337805366
just	0	5	5	mlp	12	utterance_final	0	prompt_without	26	25	-0.7108791122833887	-1.0601252168416977	-1.0395860075950623	0.020539209246635437	0.058810131247165505	0.058810131247165505
just	0	0	162	mlp	13	utterance_final	0	prompt_without	28	27	-0.4615573245425557	-0.5357130738191827	-0.5364470842272736	-0.0007340104080909571	-0.009898226573813462	0.0
just	0	1	1	mlp	13	utterance_final	0	prompt_without	28	27	-1.195556640625	-2.1697591145833335	-2.18017578125	-0.010416666666666519	-0.010692506891654678	0.0
just	0	3	2	mlp	13	utterance_final	0	prompt_without	33	32	-0.37853654225667316	-0.7311519235372543	-0.738269567489624	-0.00711764395236969	-0.020185290631738146	0.0
just	0	5	5	mlp	13	utterance_final	0	prompt_without	26	25	-0.7108791122833887	-1.0601252168416977	-1.0598153869311016	0.00030982991059613774	0.0008871392022767989	0.0008871392022767989
just	0	0	162	mlp	14	utterance_final	0	prompt_without	28	27	-0.4615573245425557	-0.5357130738191827	-0.5356206783028536	9.239551632900245e-05	0.0012459656497345174	0.0012459656497345174
just	0	1	1	mlp	14	utterance_final	0	prompt_without	28	27	-1.195556640625	-2.1697591145833335	-2.2166341145833335	-0.046875	-0.04811628101244674	0.0
just	0	3	2	mlp	14	utterance_final	0	prompt_without	33	32	-0.37853654225667316	-0.7311519235372543	-0.72343277434508	0.007719149192174313	0.021891130115030556	0.021891130115030556
just	0	5	5	mlp	14	utterance_final	0	prompt_without	26	25	-0.7108791122833887	-1.0601252168416977	-1.0627245704332988	-0.002599353591601128	-0.00744275614724043	0.0
just	0	0	162	mlp	15	utterance_final	0	prompt_without	28	27	-0.4615573245425557	-0.5357130738191827	-0.5358647773432177	-0.00015170352403504062	-0.002045741908279199	0.0
just	0	1	1	mlp	15	utterance_final	0	prompt_without	28	27	-1.195556640625	-2.1697591145833335	-2.11767578125	0.05208333333333348	0.053462534458274306	0.053462534458274306
just	0	3	2	mlp	15	utterance_final	0	prompt_without	33	32	-0.37853654225667316	-0.7311519235372543	-0.7261283000310262	0.005023623506228092	0.014246750915924231	0.014246750915924231
just	0	5	5	mlp	15	utterance_final	0	prompt_without	26	25	-0.7108791122833887	-1.0601252168416977	-1.0590684364239376	0.0010567804177601392	0.003025890350578564	0.003025890350578564
just	0	0	162	mlp	16	utterance_final	0	prompt_without	28	27	-0.4615573245425557	-0.5357130738191827	-0.5360703052476395	-0.0003572314284568945	-0.004817312641859986	0.0
just	0	1	1	mlp	16	utterance_final	0	prompt_without	28	27	-1.195556640625	-2.1697591145833335	-2.1940104166666665	-0.024251302083333037	-0.0248934926071336	0.0
just	0	3	2	mlp	16	utterance_final	0	prompt_without	33	32	-0.37853654225667316	-0.7311519235372543	-0.734527717034022	-0.003375793496767643	-0.009573585487133005	0.0
just	0	5	5	mlp	16	utterance_final	0	prompt_without	26	25	-0.7108791122833887	-1.0601252168416977	-1.0587443162997563	0.0013809005419413989	0.003953946869895147	0.003953946869895147
just	0	0	162	mlp	17	utterance_final	0	prompt_without	28	27	-0.4615573245425557	-0.5357130738191827	-0.5352284631063772	0.00048461071280547774	0.006535038989326504	0.006535038989326504
just	0	1	1	mlp	17	utterance_final	0	prompt_without	28	27	-1.195556640625	-2.1697591145833335	-2.2091471354166665	-0.03938802083333304	-0.040431041684069524	0.0
just	0	3	2	mlp	17	utterance_final	0	prompt_without	33	32	-0.37853654225667316	-0.7311519235372543	-0.727064977089564	0.004086946447690365	0.011590380524093821	0.011590380524093821
just	0	5	5	mlp	17	utterance_final	0	prompt_without	26	25	-0.7108791122833887	-1.0601252168416977	-1.0564308365186055	0.0036943803230922168	0.010578157565320576	0.010578157565320576
just	0	0	162	mlp	18	utterance_final	0	prompt_without	28	27	-0.4615573245425557	-0.5357130738191827	-0.536370923352796	-0.0006578495336133638	-0.008871187197628527	0.0
just	0	1	1	mlp	18	utterance_final	0	prompt_without	28	27	-1.195556640625	-2.1697591145833335	-2.1552734375	0.014485677083333481	0.014869267396207652	0.014869267396207652
just	0	3	2	mlp	18	utterance_final	0	prompt_without	33	32	-0.37853654225667316	-0.7311519235372543	-0.7258622298638026	0.0052896936734517785	0.015001312915623191	0.015001312915623191
just	0	5	5	mlp	18	utterance_final	0	prompt_without	26	25	-0.7108791122833887	-1.0601252168416977	-1.057585671544075	0.0025395452976226807	0.00727150643765788	0.00727150643765788
just	0	0	162	mlp	19	utterance_final	0	prompt_without	28	27	-0.4615573245425557	-0.5357130738191827	-0.536754425181899	-0.0010413513627163251	-0.014042759635961867	0.0
just	0	1	1	mlp	19	utterance_final	0	prompt_without	28	27	-1.195556640625	-2.1697591145833335	-2.1839192708333335	-0.01416015625	-0.014535126555843285	0.0
just	0	3	2	mlp	19	utterance_final	0	prompt_without	33	32	-0.37853654225667316	-0.7311519235372543	-0.7316746264696121	-0.0005227029323577881	-0.0014823599879832405	0.0
just	0	5	5	mlp	19	utterance_final	0	prompt_without	26	25	-0.7108791122833887	-1.0601252168416977	-1.0599523335695267	0.0001728832721710205	0.0004950184695393117	0.0004950184695393117
just	0	0	162	mlp	20	utterance_final	0	prompt_without	28	27	-0.4615573245425557	-0.5357130738191827	-0.5358708265215851	-0.00015775270240248052	-0.0021273158715450053	0.0
just	0	1	1	mlp	20	utterance_final	0	prompt_without	28	27	-1.195556640625	-2.1697591145833335	-2.1637369791666665	0.006022135416666963	0.006181605546738253	0.006181605546738253
just	0	3	2	mlp	20	utterance_final	0	prompt_without	33	32	-0.37853654225667316	-0.7311519235372543	-0.7298526714245478	0.0012992521127065393	0.0036846155377229716	0.0036846155377229716
just	0	5	5	mlp	20	utterance_final	0	prompt_without	26	25	-0.7108791122833887	-1.0601252168416977	-1.0591039458910625	0.0010212709506352002	0.0029242157244009927	0.0029242157244009927
just	0	0	162	mlp	21	utterance_final	0	prompt_without	28	27	-0.4615573245425557	-0.5357130738191827	-0.5356344982635143	7.857555566836982e-05	0.0010596016685807525	0.0010596016685807525
just	0	1	1	mlp	21	utterance_final	0	prompt_without	28	27	-1.195556640625	-2.1697591145833335	-2.16943359375	0.00032552083333348136	0.0003341408403643654	0.0003341408403643654
just	0	3	2	mlp	21	utterance_final	0	prompt_without	33	32	-0.37853654225667316	-0.7311519235372543	-0.7263877143462499	0.004764209191004398	0.013511064587433433	0.013511064587433433
just	0	5	5	mlp	21	utterance_final	0	prompt_without	26	25	-0.7108791122833887	-1.0601252168416977	-1.058486099044482	0.0016391177972157056	0.004693303019911118	0.004693303019911118
just	0	0	162	mlp	22	utterance_final	0	prompt_without	28	27	-0.4615573245425557	-0.5357130738191827	-0.5358902631804	-0.00017718936121735585	-0.0023894217635962037	0.0
just	0	1	1	mlp	22	utterance_final	0	prompt_without	28	27	-1.195556640625	-2.1697591145833335	-2.17431640625	-0.004557291666666519	-0.004677971765098836	0.0
just	0	3	2	mlp	22	utterance_final	0	prompt_without	33	32	-0.37853654225667316	-0.7311519235372543	-0.7299586683511734	0.0011932551860809326	0.0033840134305753444	0.0033840134305753444
just	0	5	5	mlp	22	utterance_final	0	prompt_without	26	25	-0.7108791122833887	-1.0601252168416977	-1.0589308540026348	0.0011943628390629346	0.003419831527035766	0.003419831527035766
just	0	0	162	mlp	23	utterance_final	0	prompt_without	28	27	-0.4615573245425557	-0.5357130738191827	-0.535642288451971	7.07853672116121e-05	0.0009545499560331847	0.0009545499560331847
just	0	1	1	mlp	23	utterance_final	0	prompt_without	28	27	-1.195556640625	-2.1697591145833335	-2.1726888020833335	-0.0029296875	-0.0030072675632779214	0.0
just	0	3	2	mlp	23	utterance_final	0	prompt_without	33	32	-0.37853654225667316	-0.7311519235372543	-0.7296943863232931	0.0014575372139612464	0.004133504354427077	0.004133504354427077
just	0	5	5	mlp	23	utterance_final	0	prompt_without	26	25	-0.7108791122833887	-1.0601252168416977	-1.0585758934418361	0.0015493233998615796	0.004436193788964394	0.004436193788964394
just	0	0	162	mlp	24	utterance_final	0	prompt_without	28	27	-0.4615573245425557	-0.5357130738191827	-0.5352849793988604	0.00042809442032221146	0.0057729093765241215	0.0057729093765241215
just	0	1	1	mlp	24	utterance_final	0	prompt_without	28	27	-1.195556640625	-2.1697591145833335	-2.1739908854166665	-0.004231770833333037	-0.004343830924734471	0.0
just	0	3	2	mlp	24	utterance_final	0	prompt_without	33	32	-0.37853654225667316	-0.7311519235372543	-0.7300424923499426	0.0011094311873117713	0.0031462926639294294	0.0031462926639294294
just	0	5	5	mlp	24	utterance_final	0	prompt_without	26	25	-0.7108791122833887	-1.0601252168416977	-1.0600719700256984	5.3246815999274943e-05	0.00015246216150818952	0.00015246216150818952
just	0	0	162	mlp	25	utterance_final	0	prompt_without	28	27	-0.4615573245425557	-0.5357130738191827	-0.5353080228317616	0.0004050509874210517	0.005462165663110888	0.005462165663110888
just	0	1	1	mlp	25	utterance_final	0	prompt_without	28	27	-1.195556640625	-2.1697591145833335	-2.17431640625	-0.004557291666666519	-0.004677971765098836	0.0
just	0	3	2	mlp	25	utterance_final	0	prompt_without	33	32	-0.37853654225667316	-0.7311519235372543	-0.7298544396956762	0.0012974838415781287	0.0036796008071630372	0.0036796008071630372
just	0	5	5	mlp	25	utterance_final	0	prompt_without	26	25	-0.7108791122833887	-1.0601252168416977	-1.0601390798886616	-1.3863046963935588e-05	-3.96942064148952e-05	0.0
just	0	0	162	mlp	26	utterance_final	0	prompt_without	28	27	-0.4615573245425557	-0.5357130738191827	-0.5350662164909895	0.00064685732819314	0.008722955866579346	0.008722955866579346
just	0	1	1	mlp	26	utterance_final	0	prompt_without	28	27	-1.195556640625	-2.1697591145833335	-2.1700846354166665	-0.0003255208333330373	-0.00033414084036390956	0.0
just	0	3	2	mlp	26	utterance_final	0	prompt_without	33	32	-0.37853654225667316	-0.7311519235372543	-0.7312907675902048	-0.00013884405295050417	-0.0003937549531908364	0.0
just	0	5	5	mlp	26	utterance_final	0	prompt_without	26	25	-0.7108791122833887	-1.0601252168416977	-1.0611891150474548	-0.0010638982057571411	-0.0030462707869072774	0.0
just	0	0	162	mlp	27	utterance_final	0	prompt_without	28	27	-0.4615573245425557	-0.5357130738191827	-0.5359688553699228	-0.00025578155074013065	-0.003449247741884123	0.0
just	0	1	1	mlp	27	utterance_final	0	prompt_without	28	27	-1.195556640625	-2.1697591145833335	-2.1643880208333335	0.00537109375	0.0055133238660095224	0.0055133238660095224
just	0	3	2	mlp	27	utterance_final	0	prompt_without	33	32	-0.37853654225667316	-0.7311519235372543	-0.7301249007383982	0.0010270227988561365	0.0029125864989959682	0.0029125864989959682
just	0	5	5	mlp	27	utterance_final	0	prompt_without	26	25	-0.7108791122833887	-1.0601252168416977	-1.059703305363655	0.00042191147804260254	0.0012080635189222607	0.0012080635189222607
just	0	0	162	mlp	28	utterance_final	0	prompt_without	28	27	-0.4615573245425557	-0.5357130738191827	-0.5353811702062917	0.00033190361289092696	0.004475763728754329	0.004475763728754329
just	0	1	1	mlp	28	utterance_final	0	prompt_without	28	27	-1.195556640625	-2.1697591145833335	-2.1666666666666665	0.0030924479166669627	0.003174337983460332	0.003174337983460332
just	0	3	2	mlp	28	utterance_final	0	prompt_without	33	32	-0.37853654225667316	-0.7311519235372543	-0.7302561153968176	0.0008958081404367713	0.0025404681360849763	0.0025404681360849763
just	0	5	5	mlp	28	utterance_final	0	prompt_without	26	25	-0.7108791122833887	-1.0601252168416977	-1.0593766421079636	0.0007485747337341309	0.002143401813116433	0.002143401813116433
just	0	0	162	mlp	29	utterance_final	0	prompt_without	28	27	-0.4615573245425557	-0.5357130738191827	-0.5358562996221143	-0.00014322580293169018	-0.001931418727864346	0.0
just	0	1	1	mlp	29	utterance_final	0	prompt_without	28	27	-1.195556640625	-2.1697591145833335	-2.1697591145833335	0.0	0.0	0.0
just	0	3	2	mlp	29	utterance_final	0	prompt_without	33	32	-0.37853654225667316	-0.7311519235372543	-0.7294744153817495	0.0016775081555048255	0.0047573312015280695	0.0047573312015280695
just	0	5	5	mlp	29	utterance_final	0	prompt_without	26	25	-0.7108791122833887	-1.0601252168416977	-1.0592800627152126	0.0008451541264851148	0.0024199385918820195	0.0024199385918820195
just	0	0	162	mlp	30	utterance_final	0	prompt_without	28	27	-0.4615573245425557	-0.5357130738191827	-0.5358548441598582	-0.00014177034067552885	-0.0019117916285448858	0.0
just	0	1	1	mlp	30	utterance_final	0	prompt_without	28	27	-1.195556640625	-2.1697591145833335	-2.1710611979166665	-0.0013020833333330373	-0.00133656336145655	0.0
just	0	3	2	mlp	30	utterance_final	0	prompt_without	33	32	-0.37853654225667316	-0.7311519235372543	-0.7305822670459747	0.000569656491279602	0.0016155179879300788	0.0016155179879300788
just	0	5	5	mlp	30	utterance_final	0	prompt_without	26	25	-0.7108791122833887	-1.0601252168416977	-1.058941548069318	0.0011836687723796313	0.0033892110947854825	0.0033892110947854825
just	0	0	162	mlp	31	utterance_final	0	prompt_without	28	27	-0.4615573245425557	-0.5357130738191827	-0.5357130738191827	0.0	0.0	0.0
just	0	1	1	mlp	31	utterance_final	0	prompt_without	28	27	-1.195556640625	-2.1697591145833335	-2.1697591145833335	0.0	0.0	0.0
just	0	3	2	mlp	31	utterance_final	0	prompt_without	33	32	-0.37853654225667316	-0.7311519235372543	-0.7311519235372543	0.0	0.0	0.0
just	0	5	5	mlp	31	utterance_final	0	prompt_without	26	25	-0.7108791122833887	-1.0601252168416977	-1.0601252168416977	0.0	0.0	0.0
just	0	6	0	mlp	0	utterance_final	0	prompt_without	24	23	-0.7691068649291992	-1.4321659008661907	-1.4296676980124579	0.0024982028537328116	0.003767692947887386	0.003767692947887386
just	0	8	383	mlp	0	utterance_final	0	prompt_without	29	28	-0.3251445349305868	-0.36236757785081863	-0.3611683249473572	0.0011992529034614563	0.03221802435742369	0.03221802435742369
just	0	11	75	mlp	0	utterance_final	0	prompt_without	25	24	-0.5174395442008972	-0.8014094630877177	-0.7999497056007385	0.0014597574869791297	0.005140535633849771	0.005140535633849771
just	0	17	296	mlp	0	utterance_final	0	prompt_without	47	46	-0.4483628173669179	-0.49750227067205643	-0.4981223973962996	-0.0006201267242431641	-0.012619731855631313	0.0
just	0	6	0	mlp	1	utterance_final	0	prompt_without	24	23	-0.7691068649291992	-1.4321659008661907	-1.4318692286809285	0.0002966721852621923	0.0004474295186143639	0.0004474295186143639
just	0	8	383	mlp	1	utterance_final	0	prompt_without	29	28	-0.3251445349305868	-0.36236757785081863	-0.3612288851290941	0.0011386927217245102	0.030591070272376824	0.030591070272376824
just	0	11	75	mlp	1	utterance_final	0	prompt_without	25	24	-0.5174395442008972	-0.8014094630877177	-0.8119558294614156	-0.01054636637369799	-0.037139026609016884	0.0
just	0	17	296	mlp	1	utterance_final	0	prompt_without	47	46	-0.4483628173669179	-0.49750227067205643	-0.4983813034163581	-0.0008790327443016777	-0.017888533249305748	0.0
just	0	6	0	mlp	2	utterance_final	0	prompt_without	24	23	-0.7691068649291992	-1.4321659008661907	-1.4367687437269423	-0.0046028428607516325	-0.006941829627956427	0.0
just	0	8	383	mlp	2	utterance_final	0	prompt_without	29	28	-0.3251445349305868	-0.36236757785081863	-0.3612998519092798	0.0010677259415388107	0.02868454209471602	0.02868454209471602
just	0	11	75	mlp	2	utterance_final	0	prompt_without	25	24	-0.5174395442008972	-0.8014094630877177	-0.8097738226254781	-0.00836435953776049	-0.02945509006922034	0.0
just	0	17	296	mlp	2	utterance_final	0	prompt_without	47	46	-0.4483628173669179	-0.49750227067205643	-0.4969261851575639	0.0005760855144925081	0.011723482369964965	0.011723482369964965
just	0	6	0	mlp	3	utterance_final	0	prompt_without	24	23	-0.7691068649291992	-1.4321659008661907	-1.4313294225268893	0.0008364783393013386	0.0012615442878616116	0.0012615442878616116
just	0	8	383	mlp	3	utterance_final	0	prompt_without	29	28	-0.3251445349305868	-0.36236757785081863	-0.3590065501630306	0.0033610276877880096	0.09029427537642798	0.09029427537642798
just	0	11	75	mlp	3	utterance_final	0	prompt_without	25	24	-0.5174395442008972	-0.8014094630877177	-0.7869517604509989	0.01445770263671875	0.050912796303896675	0.050912796303896675
just	0	17	296	mlp	3	utterance_final	0	prompt_without	47	46	-0.4483628173669179	-0.49750227067205643	-0.497783147626453	-0.00028087695439654725	-0.0057159153288173815	0.0
just	0	6	0	mlp	4	utterance_final	0	prompt_without	24	23	-0.7691068649291992	-1.4321659008661907	-1.445194787449307	-0.013028886583116295	-0.01964966296659351	0.0
just	0	8	383	mlp	4	utterance_final	0	prompt_without	29	28	-0.3251445349305868	-0.36236757785081863	-0.35922887176275253	0.003138706088066101	0.08432158796883642	0.08432158796883642
just	0	11	75	mlp	4	utterance_final	0	prompt_without	25	24	-0.5174395442008972	-0.8014094630877177	-0.7964096665382385	0.00499979654947913	0.01760678232778542	0.01760678232778542
just	0	17	296	mlp	4	utterance_final	0	prompt_without	47	46	-0.4483628173669179	-0.49750227067205643	-0.49783514274491203	-0.0003328720728555945	-0.006774028819339469	0.0
just	0	6	0	mlp	5	utterance_final	0	prompt_without	24	23	-0.7691068649291992	-1.4321659008661907	-1.4312369293636746	0.0009289715025160294	0.001401038900259112	0.001401038900259112
just	0	8	383	mlp	5	utterance_final	0	prompt_without	29	28	-0.3251445349305868	-0.36236757785081863	-0.3591684680432081	0.0031991098076105118	0.0859443386846727	0.0859443386846727
just	0	11	75	mlp	5	utterance_final	0	prompt_without	25	24	-0.5174395442008972	-0.8014094630877177	-0.7922872503598531	0.00912221272786451	0.03212386989306524	0.03212386989306524
just	0	17	296	mlp	5	utterance_final	0	prompt_without	47	46	-0.4483628173669179	-0.49750227067205643	-0.49793285462591386	-0.0004305839538574219	-0.008762489708293023	0.0
just	0	6	0	mlp	6	utterance_final	0	prompt_without	24	23	-0.7691068649291992	-1.4321659008661907	-1.4219429625405207	0.010222938325670006	0.015417840300183257	0.015417840300183257
just	0	8	383	mlp	6	utterance_final	0	prompt_without	29	28	-0.3251445349305868	-0.36236757785081863	-0.3601586241275072	0.0022089537233114243	0.05934371695632634	0.05934371695632634
just	0	11	75	mlp	6	utterance_final	0	prompt_without	25	24	-0.5174395442008972	-0.8014094630877177	-0.8206508159637451	-0.019241352876027462	-0.06775841945321093	0.0
just	0	17	296	mlp	6	utterance_final	0	prompt_without	47	46	-0.4483628173669179	-0.49750227067205643	-0.4941171242131127	0.003385146458943722	0.06888856572992716	0.06888856572992716
just	0	6	0	mlp	7	utterance_final	0	prompt_without	24	23	-0.7691068649291992	-1.4321659008661907	-1.4243597586949666	0.007806142171224106	0.011772921788469377	0.011772921788469377
just	0	8	383	mlp	7	utterance_final	0	prompt_without	29	28	-0.3251445349305868	-0.36236757785081863	-0.35546080581843853	0.006906772032380104	0.18555097838672588	0.18555097838672588
just	0	11	75	mlp	7	utterance_final	0	prompt_without	25	24	-0.5174395442008972	-0.8014094630877177	-0.7545751531918844	0.04683430989583326	0.16492701085884956	0.16492701085884956
just	0	17	296	mlp	7	utterance_final	0	prompt_without	47	46	-0.4483628173669179	-0.49750227067205643	-0.49785581562254166	-0.0003535449504852295	-0.00719472698016889	0.0
just	0	6	0	mlp	8	utterance_final	0	prompt_without	24	23	-0.7691068649291992	-1.4321659008661907	-1.4355663855870564	-0.0034004847208657374	-0.005128479572049562	0.0
just	0	8	383	mlp	8	utterance_final	0	prompt_without	29	28	-0.3251445349305868	-0.36236757785081863	-0.3534733299165964	0.008894247934222221	0.23894467610513206	0.23894467610513206
just	0	11	75	mlp	8	utterance_final	0	prompt_without	25	24	-0.5174395442008972	-0.8014094630877177	-0.7950084010759989	0.00640106201171875	0.022541338310801746	0.022541338310801746
just	0	17	296	mlp	8	utterance_final	0	prompt_without	47	46	-0.4483628173669179	-0.49750227067205643	-0.4960087537765503	0.0014935168955061418	0.030393437351285395	0.030393437351285395
just	0	6	0	mlp	9	utterance_final	0	prompt_without	24	23	-0.7691068649291992	-1.4321659008661907	-1.43020408683353	0.0019618140326607136	0.002958732068085622	0.002958732068085622
just	0	8	383	mlp	9	utterance_final	0	prompt_without	29	28	-0.3251445349305868	-0.36236757785081863	-0.3546779714524746	0.00768960639834404	0.20658188571049124	0.20658188571049124
just	0	11	75	mlp	9	utterance_final	0	prompt_without	25	24	-0.5174395442008972	-0.8014094630877177	-0.7799835801124573	0.02142588297526038	0.07545124166408597	0.07545124166408597
just	0	17	296	mlp	9	utterance_final	0	prompt_without	47	46	-0.4483628173669179	-0.49750227067205643	-0.4940196242597368	0.0034826464123196565	0.07087271383940032	0.07087271383940032
just	0	6	0	mlp	10	utterance_final	0	prompt_without	24	23	-0.7691068649291992	-1.4321659008661907	-1.4539944993125067	-0.021828598446316017	-0.032921048146895816	0.0
just	0	8	383	mlp	10	utterance_final	0	prompt_without	29	28	-0.3251445349305868	-0.36236757785081863	-0.35588241554796696	0.006485162302851677	0.17422439956747332	0.17422439956747332
just	0	11	75	mlp	10	utterance_final	0	prompt_without	25	24	-0.5174395442008972	-0.8014094630877177	-0.815681517124176	-0.01427205403645837	-0.050259034803424606	0.0
just	0	17	296	mlp	10	utterance_final	0	prompt_without	47	46	-0.4483628173669179	-0.49750227067205643	-0.49697427617179024	0.0005279945002661934	0.010744818363923086	0.010744818363923086
just	0	6	0	mlp	11	utterance_final	0	prompt_without	24	23	-0.7691068649291992	-1.4321659008661907	-1.41449859407213	0.0176673067940607	0.026645148978468293	0.026645148978468293
just	0	8	383	mlp	11	utterance_final	0	prompt_without	29	28	-0.3251445349305868	-0.36236757785081863	-0.3605849388986826	0.0017826389521360397	0.04789073682009815	0.04789073682009815
just	0	11	75	mlp	11	utterance_final	0	prompt_without	25	24	-0.5174395442008972	-0.8014094630877177	-0.836677610874176	-0.03526814778645837	-0.1241967738157326	0.0
just	0	17	296	mlp	11	utterance_final	0	prompt_without	47	46	-0.4483628173669179	-0.49750227067205643	-0.4962814814514584	0.0012207892205980397	0.024843361870905908	0.024843361870905908
just	0	6	0	mlp	12	utterance_final	0	prompt_without	24	23	-0.7691068649291992	-1.4321659008661907	-1.444135798348321	-0.011969897482130287	-0.01805253655161371	0.0
just	0	8	383	mlp	12	utterance_final	0	prompt_without	29	28	-0.3251445349305868	-0.36236757785081863	-0.3596496097743511	0.002717968076467514	0.07301842792089999	0.07301842792089999
just	0	11	75	mlp	12	utterance_final	0	prompt_without	25	24	-0.5174395442008972	-0.8014094630877177	-0.7760798732439677	0.02532958984375	0.08919814444798783	0.08919814444798783
just	0	17	296	mlp	12	utterance_final	0	prompt_without	47	46	-0.4483628173669179	-0.49750227067205643	-0.4981353150473701	-0.0006330443753136406	-0.012882609242367027	0.0
just	0	6	0	mlp	13	utterance_final	0	prompt_without	24	23	-0.7691068649291992	-1.4321659008661907	-1.4594496885935466	-0.027283787727355957	-0.04114835368889936	0.0
just	0	8	383	mlp	13	utterance_final	0	prompt_without	29	28	-0.3251445349305868	-0.36236757785081863	-0.3612791858613491	0.0010883919894695282	0.029239737111281548	0.029239737111281548
just	0	11	75	mlp	13	utterance_final	0	prompt_without	25	24	-0.5174395442008972	-0.8014094630877177	-0.8060049017270406	-0.004595438639322991	-0.016182836045935404	0.0
just	0	17	296	mlp	13	utterance_final	0	prompt_without	47	46	-0.4483628173669179	-0.49750227067205643	-0.49704062276416355	0.00046164790789288146	0.009394648837996063	0.009394648837996063
just	0	6	0	mlp	14	utterance_final	0	prompt_without	24	23	-0.7691068649291992	-1.4321659008661907	-1.437313781844245	-0.005147880978054298	-0.007763835041897364	0.0
just	0	8	383	mlp	14	utterance_final	0	prompt_without	29	28	-0.3251445349305868	-0.36236757785081863	-0.36222197115421295	0.00014560669660568237	0.003911735451551191	0.003911735451551191
just	0	11	75	mlp	14	utterance_final	0	prompt_without	25	24	-0.5174395442008972	-0.8014094630877177	-0.7978770534197489	0.00353240966796875	0.01243937978295734	0.01243937978295734
just	0	17	296	mlp	14	utterance_final	0	prompt_without	47	46	-0.4483628173669179	-0.49750227067205643	-0.49671851926379734	0.0007837514082590924	0.015949534550013713	0.015949534550013713
just	0	6	0	mlp	15	utterance_final	0	prompt_without	24	23	-0.7691068649291992	-1.4321659008661907	-1.4253513813018799	0.006814519564310784	0.01027739491504094	0.01027739491504094
just	0	8	383	mlp	15	utterance_final	0	prompt_without	29	28	-0.3251445349305868	-0.36236757785081863	-0.36114288307726383	0.001224694773554802	0.03290152221513154	0.03290152221513154
just	0	11	75	mlp	15	utterance_final	0	prompt_without	25	24	-0.5174395442008972	-0.8014094630877177	-0.7977626125017802	0.0036468505859375	0.012842383447631984	0.012842383447631984
just	0	17	296	mlp	15	utterance_final	0	prompt_without	47	46	-0.4483628173669179	-0.49750227067205643	-0.49792253639962936	-0.0004202657275729216	-0.008552511257364238	0.0
just	0	6	0	mlp	16	utterance_final	0	prompt_without	24	23	-0.7691068649291992	-1.4321659008661907	-1.4477813641230266	-0.015615463256835938	-0.02355063789270165	0.0
just	0	8	383	mlp	16	utterance_final	0	prompt_without	29	28	-0.3251445349305868	-0.36236757785081863	-0.36166443675756454	0.0007031410932540894	0.018889941232394826	0.018889941232394826
just	0	11	75	mlp	16	utterance_final	0	prompt_without	25	24	-0.5174395442008972	-0.8014094630877177	-0.7990087469418844	0.0024007161458332593	0.00845412132117449	0.00845412132117449
just	0	17	296	mlp	16	utterance_final	0	prompt_without	47	46	-0.4483628173669179	-0.49750227067205643	-0.49731778767373824	0.0001844829983181917	0.0037542745372566096	0.0037542745372566096
just	0	6	0	mlp	17	utterance_final	0	prompt_without	24	23	-0.7691068649291992	-1.4321659008661907	-1.433140344089932	-0.0009744432237412948	-0.0014696175919905467	0.0
just	0	8	383	mlp	17	utterance_final	0	prompt_without	29	28	-0.3251445349305868	-0.36236757785081863	-0.3624215479940176	-5.397014319896698e-05	-0.001449912177105559	0.0
just	0	11	75	mlp	17	utterance_final	0	prompt_without	25	24	-0.5174395442008972	-0.8014094630877177	-0.7974548935890198	0.00395456949869788	0.013926015523757008	0.013926015523757008
just	0	17	296	mlp	17	utterance_final	0	prompt_without	47	46	-0.4483628173669179	-0.49750227067205643	-0.4969370398256514	0.0005652308464050293	0.011502587195977677	0.011502587195977677
just	0	6	0	mlp	18	utterance_final	0	prompt_without	24	23	-0.7691068649291992	-1.4321659008661907	-1.4282632536358304	0.0039026472303602677	0.005885821652132835	0.005885821652132835
just	0	8	383	mlp	18	utterance_final	0	prompt_without	29	28	-0.3251445349305868	-0.36236757785081863	-0.36275030858814716	-0.00038273073732852936	-0.010282091610530422	0.0
just	0	11	75	mlp	18	utterance_final	0	prompt_without	25	24	-0.5174395442008972	-0.8014094630877177	-0.7957179347674052	0.0056915283203125	0.020042715589818953	0.020042715589818953
just	0	17	296	mlp	18	utterance_final	0	prompt_without	47	46	-0.4483628173669179	-0.49750227067205643	-0.4973327981101142	0.00016947256194221882	0.003448808453155848	0.003448808453155848
just	0	6	0	mlp	19	utterance_final	0	prompt_without	24	23	-0.7691068649291992	-1.4321659008661907	-1.4330994420581393	-0.0009335411919486614	-0.0014079307291686965	0.0
just	0	8	383	mlp	19	utterance_final	0	prompt_without	29	28	-0.3251445349305868	-0.36236757785081863	-0.36209465377032757	0.000272924080491066	0.007332127066450113	0.007332127066450113
just	0	11	75	mlp	19	utterance_final	0	prompt_without	25	24	-0.5174395442008972	-0.8014094630877177	-0.7937495509783427	0.007659912109375	0.02697437862222283	0.02697437862222283
just	0	17	296	mlp	19	utterance_final	0	prompt_without	47	46	-0.4483628173669179	-0.49750227067205643	-0.496964262591468	0.0005380080805884591	0.010948597194348505	0.010948597194348505
just	0	6	0	mlp	20	utterance_final	0	prompt_without	24	23	-0.7691068649291992	-1.4321659008661907	-1.430765708287557	0.0014001925786337743	0.0021117163069124217	0.0021117163069124217
just	0	8	383	mlp	20	utterance_final	0	prompt_without	29	28	-0.3251445349305868	-0.36236757785081863	-0.3620164468884468	0.00035113096237182617	0.009433161150320038	0.009433161150320038
just	0	11	75	mlp	20	utterance_final	0	prompt_without	25	24	-0.5174395442008972	-0.8014094630877177	-0.7988561590512594	0.0025533040364582593	0.008991459540740682	0.008991459540740682
just	0	17	296	mlp	20	utterance_final	0	prompt_without	47	46	-0.4483628173669179	-0.49750227067205643	-0.4970746338367462	0.0004276368353102189	0.008702515118651123	0.008702515118651123
just	0	6	0	mlp	21	utterance_final	0	prompt_without	24	23	-0.7691068649291992	-1.4321659008661907	-1.429436484972636	0.0027294158935546875	0.004116399514407727	0.004116399514407727
just	0	8	383	mlp	21	utterance_final	0	prompt_without	29	28	-0.3251445349305868	-0.36236757785081863	-0.362600015476346	-0.0002324376255273819	-0.006244455243100107	0.0
just	0	11	75	mlp	21	utterance_final	0	prompt_without	25	24	-0.5174395442008972	-0.8014094630877177	-0.7944082220395406	0.007001241048177009	0.024654868641095173	0.024654868641095173
just	0	17	296	mlp	21	utterance_final	0	prompt_without	47	46	-0.4483628173669179	-0.49750227067205643	-0.49686753418710494	0.0006347364849514925	0.012917044091028134	0.012917044091028134
just	0	6	0	mlp	22	utterance_final	0	prompt_without	24	23	-0.7691068649291992	-1.4321659008661907	-1.4302125639385648	0.0019533369276258927	0.0029459472260498876	0.0029459472260498876
just	0	8	383	mlp	22	utterance_final	0	prompt_without	29	28	-0.3251445349305868	-0.36236757785081863	-0.3624898213893175	-0.00012224353849887848	-0.003284082356212622	0.0
just	0	11	75	mlp	22	utterance_final	0	prompt_without	25	24	-0.5174395442008972	-0.8014094630877177	-0.7970556219418844	0.004353841145833259	0.015332050531621746	0.015332050531621746
just	0	17	296	mlp	22	utterance_final	0	prompt_without	47	46	-0.4483628173669179	-0.49750227067205643	-0.49687724974420333	0.0006250209278531038	0.012719330106746328	0.012719330106746328
just	0	6	0	mlp	23	utterance_final	0	prompt_without	24	23	-0.7691068649291992	-1.4321659008661907	-1.4328690899742975	-0.0007031891081068498	-0.0010605226231675572	0.0
just	0	8	383	mlp	23	utterance_final	0	prompt_without	29	28	-0.3251445349305868	-0.36236757785081863	-0.36234687082469463	2.070702612400055e-05	0.0005562958989778257	0.0005562958989778257
just	0	11	75	mlp	23	utterance_final	0	prompt_without	25	24	-0.5174395442008972	-0.8014094630877177	-0.7978567083676656	0.0035527547200520093	0.012511024878899239	0.012511024878899239
just	0	17	296	mlp	23	utterance_final	0	prompt_without	47	46	-0.4483628173669179	-0.49750227067205643	-0.49748339586787754	1.88748041788922e-05	0.000384106922429242	0.000384106922429242
just	0	6	0	mlp	24	utterance_final	0	prompt_without	24	23	-0.7691068649291992	-1.4321659008661907	-1.431948675049676	0.00021722581651473227	0.0003276115771618481	0.0003276115771618481
just	0	8	383	mlp	24	utterance_final	0	prompt_without	29	28	-0.3251445349305868	-0.36236757785081863	-0.3621774949133396	0.00019008293747901917	0.005106593189771261	0.005106593189771261
just	0	11	75	mlp	24	utterance_final	0	prompt_without	25	24	-0.5174395442008972	-0.8014094630877177	-0.799690306186676	0.0017191569010416297	0.006054010607112297	0.006054010607112297
just	0	17	296	mlp	24	utterance_final	0	prompt_without	47	46	-0.4483628173669179	-0.49750227067205643	-0.497065179877811	0.0004370907942454205	0.008894905515762297	0.008894905515762297
just	0	6	0	mlp	25	utterance_final	0	prompt_without	24	23	-0.7691068649291992	-1.4321659008661907	-1.4317725631925795	0.00039333767361116045	0.000593216670451254	0.000593216670451254
just	0	8	383	mlp	25	utterance_final	0	prompt_without	29	28	-0.3251445349305868	-0.36236757785081863	-0.3624851331114769	-0.00011755526065826416	-0.0031581314002238495	0.0
just	0	11	75	mlp	25	utterance_final	0	prompt_without	25	24	-0.5174395442008972	-0.8014094630877177	-0.7976049383481344	0.0038045247395832593	0.013397632941183455	0.013397632941183455
just	0	17	296	mlp	25	utterance_final	0	prompt_without	47	46	-0.4483628173669179	-0.49750227067205643	-0.49752750661638045	-2.523594432402021e-05	-0.0005135576940043262	0.0
just	0	6	0	mlp	26	utterance_final	0	prompt_without	24	23	-0.7691068649291992	-1.4321659008661907	-1.430416014459398	0.0017498864067926334	0.002639111017195941	0.002639111017195941
just	0	8	383	mlp	26	utterance_final	0	prompt_without	29	28	-0.3251445349305868	-0.36236757785081863	-0.3624596670269966	-9.208917617797852e-05	-0.002473983021090555	0.0
just	0	11	75	mlp	26	utterance_final	0	prompt_without	25	24	-0.5174395442008972	-0.8014094630877177	-0.7989375392595927	0.002471923828125	0.008704879156972307	0.008704879156972307
just	0	17	296	mlp	26	utterance_final	0	prompt_without	47	46	-0.4483628173669179	-0.49750227067205643	-0.4977983335653941	-0.00029606289333766744	-0.006024952933424436	0.0
just	0	6	0	mlp	27	utterance_final	0	prompt_without	24	23	-0.7691068649291992	-1.4321659008661907	-1.4331946108076308	-0.001028709941440109	-0.0015514605573339391	0.0
just	0	8	383	mlp	27	utterance_final	0	prompt_without	29	28	-0.3251445349305868	-0.36236757785081863	-0.36232019402086735	4.7383829951286316e-05	0.0012729703493835484	0.0012729703493835484
just	0	11	75	mlp	27	utterance_final	0	prompt_without	25	24	-0.5174395442008972	-0.8014094630877177	-0.7978541652361552	0.0035552978515625	0.01251998051589227	0.01251998051589227
just	0	17	296	mlp	27	utterance_final	0	prompt_without	47	46	-0.4483628173669179	-0.49750227067205643	-0.49731314844555324	0.0001891222265031911	0.0038486839755584854	0.0038486839755584854
just	0	6	0	mlp	28	utterance_final	0	prompt_without	24	23	-0.7691068649291992	-1.4321659008661907	-1.4321116473939683	5.425347222232091e-05	8.182298902789775e-05	8.182298902789775e-05
just	0	8	383	mlp	28	utterance_final	0	prompt_without	29	28	-0.3251445349305868	-0.36236757785081863	-0.362290071323514	7.750652730464935e-05	0.0020822190026415673	0.0020822190026415673
just	0	11	75	mlp	28	utterance_final	0	prompt_without	25	24	-0.5174395442008972	-0.8014094630877177	-0.7977320949236552	0.0036773681640625	0.012949851091545223	0.012949851091545223
just	0	17	296	mlp	28	utterance_final	0	prompt_without	47	46	-0.4483628173669179	-0.49750227067205643	-0.4980529414282905	-0.0005506707562340507	-0.011206285768272211	0.0
just	0	6	0	mlp	29	utterance_final	0	prompt_without	24	23	-0.7691068649291992	-1.4321659008661907	-1.4330343802769978	-0.0008684794108071436	-0.0013098070665455387	0.0
just	0	8	383	mlp	29	utterance_final	0	prompt_without	29	28	-0.3251445349305868	-0.36236757785081863	-0.3623836487531662	-1.6070902347564697e-05	-0.0004317460660592498	0.0
just	0	11	75	mlp	29	utterance_final	0	prompt_without	25	24	-0.5174395442008972	-0.8014094630877177	-0.7978490789731344	0.0035603841145832593	0.012537891789877548	0.012537891789877548
just	0	17	296	mlp	29	utterance_final	0	prompt_without	47	46	-0.4483628173669179	-0.49750227067205643	-0.4971626301606496	0.0003396405114068357	0.006911768213980505	0.006911768213980505
just	0	6	0	mlp	30	utterance_final	0	prompt_without	24	23	-0.7691068649291992	-1.4321659008661907	-1.4312425322002835	0.0009233686659071427	0.001392588918726217	0.001392588918726217
just	0	8	383	mlp	30	utterance_final	0	prompt_without	29	28	-0.3251445349305868	-0.36236757785081863	-0.362565441057086	-0.00019786320626735687	-0.005315610727778851	0.0
just	0	11	75	mlp	30	utterance_final	0	prompt_without	25	24	-0.5174395442008972	-0.8014094630877177	-0.7945608099301656	0.006848653157552009	0.024117530421528983	0.024117530421528983
just	0	17	296	mlp	30	utterance_final	0	prompt_without	47	46	-0.4483628173669179	-0.49750227067205643	-0.49726661046346027	0.00023566020859616676	0.0047957433944736975	0.0047957433944736975
just	0	6	0	mlp	31	utterance_final	0	prompt_without	24	23	-0.7691068649291992	-1.4321659008661907	-1.4321659008661907	0.0	0.0	0.0
just	0	8	383	mlp	31	utterance_final	0	prompt_without	29	28	-0.3251445349305868	-0.36236757785081863	-0.36236757785081863	0.0	0.0	0.0
just	0	11	75	mlp	31	utterance_final	0	prompt_without	25	24	-0.5174395442008972	-0.8014094630877177	-0.8014094630877177	0.0	0.0	0.0
just	0	17	296	mlp	31	utterance_final	0	prompt_without	47	46	-0.4483628173669179	-0.49750227067205643	-0.49750227067205643	0.0	0.0	0.0
just	0	19	165	mlp	0	utterance_final	0	prompt_without	32	31	-0.5664214678108692	-0.6366394050419331	-0.6374762542545795	-0.0008368492126464844	-0.011917883743760406	0.0
just	0	21	244	mlp	0	utterance_final	0	prompt_without	54	53	-0.3882971592247486	-0.4403469078242779	-0.43923679552972317	0.0011101122945547104	0.02132790886457327	0.02132790886457327
just	0	24	457	mlp	0	utterance_final	0	prompt_without	45	44	-0.30480959227210597	-0.32799839973449707	-0.32764641862166555	0.0003519811128315231	0.01517892256436152	0.01517892256436152
just	0	25	30	mlp	0	utterance_final	0	prompt_without	40	39	-0.6369946116492862	-0.8973461048943656	-0.8956719523384458	0.00167415255591985	0.006430355113592155	0.006430355113592155
just	0	19	165	mlp	1	utterance_final	0	prompt_without	32	31	-0.5664214678108692	-0.6366394050419331	-0.6364374086260796	0.00020199641585350037	0.0028767067763440196	0.0028767067763440196
just	0	21	244	mlp	1	utterance_final	0	prompt_without	54	53	-0.3882971592247486	-0.4403469078242779	-0.4397060815244913	0.0006408262997865677	0.012311803938133973	0.012311803938133973
just	0	24	457	mlp	1	utterance_final	0	prompt_without	45	44	-0.30480959227210597	-0.32799839973449707	-0.3274932064508137	0.0005051932836833695	0.021786082984332853	0.021786082984332853
just	0	25	30	mlp	1	utterance_final	0	prompt_without	40	39	-0.6369946116492862	-0.8973461048943656	-0.8965104818344116	0.0008356230599539938	0.0032095958027303795	0.0032095958027303795
just	0	19	165	mlp	2	utterance_final	0	prompt_without	32	31	-0.5664214678108692	-0.6366394050419331	-0.6379750929772854	-0.0013356879353523254	-0.019022033230013884	0.0
just	0	21	244	mlp	2	utterance_final	0	prompt_without	54	53	-0.3882971592247486	-0.4403469078242779	-0.44068771973252296	-0.00034081190824508667	-0.006547810842801437	0.0
just	0	24	457	mlp	2	utterance_final	0	prompt_without	45	44	-0.30480959227210597	-0.32799839973449707	-0.3276646952880056	0.00033370444649144515	0.014390754980939212	0.014390754980939212
just	0	25	30	mlp	2	utterance_final	0	prompt_without	40	39	-0.6369946116492862	-0.8973461048943656	-0.9025603362492153	-0.005214231354849663	-0.020027660643917627	0.0
just	0	19	165	mlp	3	utterance_final	0	prompt_without	32	31	-0.5664214678108692	-0.6366394050419331	-0.6362195499241352	0.00041985511779785156	0.005979314322724238	0.005979314322724238
just	0	21	244	mlp	3	utterance_final	0	prompt_without	54	53	-0.3882971592247486	-0.4403469078242779	-0.4373486265540123	0.0029982812702655792	0.057604145090773703	0.057604145090773703
just	0	24	457	mlp	3	utterance_final	0	prompt_without	45	44	-0.30480959227210597	-0.32799839973449707	-0.3285162699849982	-0.0005178702505011512	-0.022332767708777693	0.0
just	0	25	30	mlp	3	utterance_final	0	prompt_without	40	39	-0.6369946116492862	-0.8973461048943656	-0.8904011306308565	0.006944974263509152	0.026675377110172996	0.026675377110172996
just	0	19	165	mlp	4	utterance_final	0	prompt_without	32	31	-0.5664214678108692	-0.6366394050419331	-0.6423095725476742	-0.005670167505741119	-0.08075098371349883	0.0
just	0	21	244	mlp	4	utterance_final	0	prompt_without	54	53	-0.3882971592247486	-0.4403469078242779	-0.43959406949579716	0.0007528383284807205	0.014463822568540305	0.014463822568540305
just	0	24	457	mlp	4	utterance_final	0	prompt_without	45	44	-0.30480959227210597	-0.32799839973449707	-0.3279784259043242	1.9973830172881346e-05	0.0008613565059469321	0.0008613565059469321
just	0	25	30	mlp	4	utterance_final	0	prompt_without	40	39	-0.6369946116492862	-0.8973461048943656	-0.9007858151481265	-0.003439710253760886	-0.013211793836430763	0.0
just	0	19	165	mlp	5	utterance_final	0	prompt_without	32	31	-0.5664214678108692	-0.6366394050419331	-0.6371217519044876	-0.00048234686255455017	-0.006869282715715606	0.0
just	0	21	244	mlp	5	utterance_final	0	prompt_without	54	53	-0.3882971592247486	-0.4403469078242779	-0.43832421116530895	0.0020226966589689255	0.038860834363131175	0.038860834363131175
just	0	24	457	mlp	5	utterance_final	0	prompt_without	45	44	-0.30480959227210597	-0.32799839973449707	-0.32730766346580104	0.000690736268696035	0.029787485614183026	0.029787485614183026
just	0	25	30	mlp	5	utterance_final	0	prompt_without	40	39	-0.6369946116492862	-0.8973461048943656	-0.9294130007425944	-0.03206689584822875	-0.1231677047384663	0.0
just	0	19	165	mlp	6	utterance_final	0	prompt_without	32	31	-0.5664214678108692	-0.6366394050419331	-0.6393363364040852	-0.0026969313621520996	-0.038408011805835265	0.0
just	0	21	244	mlp	6	utterance_final	0	prompt_without	54	53	-0.3882971592247486	-0.4403469078242779	-0.4430644605308771	-0.0027175527065992355	-0.052210678816301	0.0
just	0	24	457	mlp	6	utterance_final	0	prompt_without	45	44	-0.30480959227210597	-0.32799839973449707	-0.32782803711138275	0.00017036262311431738	0.007346760862567898	0.007346760862567898
just	0	25	30	mlp	6	utterance_final	0	prompt_without	40	39	-0.6369946116492862	-0.8973461048943656	-0.9210500092733473	-0.023703904378981733	-0.0910457784725217	0.0
just	0	19	165	mlp	7	utterance_final	0	prompt_without	32	31	-0.5664214678108692	-0.6366394050419331	-0.6266229562461376	0.01001644879579544	0.14264800691644705	0.14264800691644705
just	0	21	244	mlp	7	utterance_final	0	prompt_without	54	53	-0.3882971592247486	-0.4403469078242779	-0.4399180356413126	0.0004288721829652786	0.008239659066656036	0.008239659066656036
just	0	24	457	mlp	7	utterance_final	0	prompt_without	45	44	-0.30480959227210597	-0.32799839973449707	-0.32862471906762375	-0.0006263193331266792	-0.0270095533865844	0.0
just	0	25	30	mlp	7	utterance_final	0	prompt_without	40	39	-0.6369946116492862	-0.8973461048943656	-0.873709377788362	0.02363672710600362	0.09078775316934098	0.09078775316934098
just	0	19	165	mlp	8	utterance_final	0	prompt_without	32	31	-0.5664214678108692	-0.6366394050419331	-0.6327344365417957	0.003904968500137329	0.05561212211756347	0.05561212211756347
just	0	21	244	mlp	8	utterance_final	0	prompt_without	54	53	-0.3882971592247486	-0.4403469078242779	-0.4338530246168375	0.006493883207440376	0.12476300812525166	0.12476300812525166
just	0	24	457	mlp	8	utterance_final	0	prompt_without	45	44	-0.30480959227210597	-0.32799839973449707	-0.32858788339715256	-0.0005894836626554878	-0.025421042613404988	0.0
just	0	25	30	mlp	8	utterance_final	0	prompt_without	40	39	-0.6369946116492862	-0.8973461048943656	-0.8912496169408163	0.006096487953549334	0.023416374062469703	0.023416374062469703
just	0	19	165	mlp	9	utterance_final	0	prompt_without	32	31	-0.5664214678108692	-0.6366394050419331	-0.6387472786009312	-0.002107873558998108	-0.030019018531715024	0.0
just	0	21	244	mlp	9	utterance_final	0	prompt_without	54	53	-0.3882971592247486	-0.4403469078242779	-0.4350310433655977	0.005315864458680153	0.1021304540696327	0.1021304540696327
just	0	24	457	mlp	9	utterance_final	0	prompt_without	45	44	-0.30480959227210597	-0.32799839973449707	-0.327368720581657	0.000629679152840068	0.02715444310197136	0.02715444310197136
just	0	25	30	mlp	9	utterance_final	0	prompt_without	40	39	-0.6369946116492862	-0.8973461048943656	-0.872304570107233	0.02504153478713267	0.09618356505280365	0.09618356505280365
just	0	19	165	mlp	10	utterance_final	0	prompt_without	32	31	-0.5664214678108692	-0.6366394050419331	-0.641156017780304	-0.004516612738370895	-0.06432277729133835	0.0
just	0	21	244	mlp	10	utterance_final	0	prompt_without	54	53	-0.3882971592247486	-0.4403469078242779	-0.4405165798962116	-0.00016967207193374634	-0.0032598057915553666	0.0
just	0	24	457	mlp	10	utterance_final	0	prompt_without	45	44	-0.30480959227210597	-0.32799839973449707	-0.32824280073768214	-0.0002444010031850685	-0.010539610697162916	0.0
just	0	25	30	mlp	10	utterance_final	0	prompt_without	40	39	-0.6369946116492862	-0.8973461048943656	-0.926590709459214	-0.029244604564848342	-0.11232739324955285	0.0
just	0	19	165	mlp	11	utterance_final	0	prompt_without	32	31	-0.5664214678108692	-0.6366394050419331	-0.6406484320759773	-0.004009027034044266	-0.05709405875669479	0.0
just	0	21	244	mlp	11	utterance_final	0	prompt_without	54	53	-0.3882971592247486	-0.4403469078242779	-0.4473583623766899	-0.007011454552412033	-0.13470678996661753	0.0
just	0	24	457	mlp	11	utterance_final	0	prompt_without	45	44	-0.30480959227210597	-0.32799839973449707	-0.3284226342251426	-0.0004242344906455475	-0.018294795510014675	0.0
just	0	25	30	mlp	11	utterance_final	0	prompt_without	40	39	-0.6369946116492862	-0.8973461048943656	-0.894425250235058	0.0029208546593075813	0.011218889597679634	0.011218889597679634
just	0	19	165	mlp	12	utterance_final	0	prompt_without	32	31	-0.5664214678108692	-0.6366394050419331	-0.6371957138180733	-0.000556308776140213	-0.007922602088261097	0.0
just	0	21	244	mlp	12	utterance_final	0	prompt_without	54	53	-0.3882971592247486	-0.4403469078242779	-0.43841804191470146	0.001928865909576416	0.037058121537091544	0.037058121537091544
just	0	24	457	mlp	12	utterance_final	0	prompt_without	45	44	-0.30480959227210597	-0.32799839973449707	-0.32795493226302297	4.346747147410124e-05	0.0018745022375384849	0.0018745022375384849
just	0	25	30	mlp	12	utterance_final	0	prompt_without	40	39	-0.6369946116492862	-0.8973461048943656	-0.8660526218868437	0.03129348300752188	0.12019705597795076	0.12019705597795076
just	0	19	165	mlp	13	utterance_final	0	prompt_without	32	31	-0.5664214678108692	-0.6366394050419331	-0.637662909924984	-0.0010235048830509186	-0.014576117206105113	0.0
just	0	21	244	mlp	13	utterance_final	0	prompt_without	54	53	-0.3882971592247486	-0.4403469078242779	-0.44050594605505466	-0.0001590382307767868	-0.0030555043022479677	0.0
just	0	24	457	mlp	13	utterance_final	0	prompt_without	45	44	-0.30480959227210597	-0.32799839973449707	-0.32762616559078817	0.00037223414370890495	0.0160523193921298	0.0160523193921298
just	0	25	30	mlp	13	utterance_final	0	prompt_without	40	39	-0.6369946116492862	-0.8973461048943656	-0.8847873381205967	0.012558766773768881	0.048237736673731324	0.048237736673731324
just	0	19	165	mlp	14	utterance_final	0	prompt_without	32	31	-0.5664214678108692	-0.6366394050419331	-0.6359678320586681	0.0006715729832649231	0.009564122925670689	0.009564122925670689
just	0	21	244	mlp	14	utterance_final	0	prompt_without	54	53	-0.3882971592247486	-0.4403469078242779	-0.44050578586757183	-0.00015887804329395294	-0.0030524267180685252	0.0
just	0	24	457	mlp	14	utterance_final	0	prompt_without	45	44	-0.30480959227210597	-0.32799839973449707	-0.3277100889306319	0.00028831080386515495	0.01243318805129386	0.01243318805129386
just	0	25	30	mlp	14	utterance_final	0	prompt_without	40	39	-0.6369946116492862	-0.8973461048943656	-0.8929820344561622	0.004364070438203416	0.016762225496803042	0.016762225496803042
just	0	19	165	mlp	15	utterance_final	0	prompt_without	32	31	-0.5664214678108692	-0.6366394050419331	-0.6380184851586819	-0.0013790801167488098	-0.019639997572282943	0.0
just	0	21	244	mlp	15	utterance_final	0	prompt_without	54	53	-0.3882971592247486	-0.4403469078242779	-0.44040125235915184	-5.43445348739624e-05	-0.0010440883258070893	0.0
just	0	24	457	mlp	15	utterance_final	0	prompt_without	45	44	-0.30480959227210597	-0.32799839973449707	-0.32760995940158244	0.0003884403329146302	0.016751199195759608	0.016751199195759608
just	0	25	30	mlp	15	utterance_final	0	prompt_without	40	39	-0.6369946116492862	-0.8973461048943656	-0.894526964142209	0.0028191407521566125	0.010828210420528837	0.010828210420528837
just	0	19	165	mlp	16	utterance_final	0	prompt_without	32	31	-0.5664214678108692	-0.6366394050419331	-0.6357438936829567	0.0008955113589763641	0.012753313388138055	0.012753313388138055
just	0	21	244	mlp	16	utterance_final	0	prompt_without	54	53	-0.3882971592247486	-0.4403469078242779	-0.4407488778233528	-0.0004019699990749359	-0.007722803853822481	0.0
just	0	24	457	mlp	16	utterance_final	0	prompt_without	45	44	-0.30480959227210597	-0.32799839973449707	-0.32717302598451314	0.0008253737499839264	0.03559362642182283	0.03559362642182283
just	0	25	30	mlp	16	utterance_final	0	prompt_without	40	39	-0.6369946116492862	-0.8973461048943656	-0.888888262567066	0.008457842327299625	0.032486244737370926	0.032486244737370926
just	0	19	165	mlp	17	utterance_final	0	prompt_without	32	31	-0.5664214678108692	-0.6366394050419331	-0.6364127956330776	0.00022660940885543823	0.0032272296480277134	0.0032272296480277134
just	0	21	244	mlp	17	utterance_final	0	prompt_without	54	53	-0.3882971592247486	-0.4403469078242779	-0.43937646225094795	0.0009704455733299255	0.018644577532862517	0.018644577532862517
just	0	24	457	mlp	17	utterance_final	0	prompt_without	45	44	-0.30480959227210597	-0.32799839973449707	-0.32818826248771266	-0.0001898627532155861	-0.008187689406775923	0.0
just	0	25	30	mlp	17	utterance_final	0	prompt_without	40	39	-0.6369946116492862	-0.8973461048943656	-0.8938772735141572	0.0034688313802083703	0.013323646955014843	0.013323646955014843
just	0	19	165	mlp	18	utterance_final	0	prompt_without	32	31	-0.5664214678108692	-0.6366394050419331	-0.6358788274228573	0.0007605776190757751	0.010831671351622984	0.010831671351622984
just	0	21	244	mlp	18	utterance_final	0	prompt_without	54	53	-0.3882971592247486	-0.4403469078242779	-0.4394467771053314	0.0009001307189464569	0.017293661221537537	0.017293661221537537
just	0	24	457	mlp	18	utterance_final	0	prompt_without	45	44	-0.30480959227210597	-0.32799839973449707	-0.328286842295998	-0.0002884425615009567	-0.012438870000916126	0.0
just	0	25	30	mlp	18	utterance_final	0	prompt_without	40	39	-0.6369946116492862	-0.8973461048943656	-0.8960236594790504	0.001322445415315232	0.0050794616110396585	0.0050794616110396585
just	0	19	165	mlp	19	utterance_final	0	prompt_without	32	31	-0.5664214678108692	-0.6366394050419331	-0.63757449015975	-0.000935085117816925	-0.013316898141565614	0.0
just	0	21	244	mlp	19	utterance_final	0	prompt_without	54	53	-0.3882971592247486	-0.4403469078242779	-0.43996674567461014	0.00038016214966773987	0.007303822975067703	0.007303822975067703
just	0	24	457	mlp	19	utterance_final	0	prompt_without	45	44	-0.30480959227210597	-0.32799839973449707	-0.3283441631417525	-0.0003457634072554505	-0.01491078865595951	0.0
just	0	25	30	mlp	19	utterance_final	0	prompt_without	40	39	-0.6369946116492862	-0.8973461048943656	-0.8955150445302328	0.0018310603641328305	0.00703303192660846	0.00703303192660846
just	0	19	165	mlp	20	utterance_final	0	prompt_without	32	31	-0.5664214678108692	-0.6366394050419331	-0.6370676681399345	-0.0004282630980014801	-0.006099055524690349	0.0
just	0	21	244	mlp	20	utterance_final	0	prompt_without	54	53	-0.3882971592247486	-0.4403469078242779	-0.44002184830605984	0.00032505951821804047	0.00624516980320209	0.00624516980320209
just	0	24	457	mlp	20	utterance_final	0	prompt_without	45	44	-0.30480959227210597	-0.32799839973449707	-0.32710621858897965	0.0008921811455174233	0.038474645449724496	0.038474645449724496
just	0	25	30	mlp	20	utterance_final	0	prompt_without	40	39	-0.6369946116492862	-0.8973461048943656	-0.8949453660420009	0.002400738852364692	0.009221144931574405	0.009221144931574405
just	0	19	165	mlp	21	utterance_final	0	prompt_without	32	31	-0.5664214678108692	-0.6366394050419331	-0.6373823769390583	-0.0007429718971252441	-0.010580941657120617	0.0
just	0	21	244	mlp	21	utterance_final	0	prompt_without	54	53	-0.3882971592247486	-0.4403469078242779	-0.4402103163301945	0.00013659149408340454	0.002624248872637972	0.002624248872637972
just	0	24	457	mlp	21	utterance_final	0	prompt_without	45	44	-0.30480959227210597	-0.32799839973449707	-0.3271006941795349	0.0008977055549621582	0.03871288148034809	0.03871288148034809
just	0	25	30	mlp	21	utterance_final	0	prompt_without	40	39	-0.6369946116492862	-0.8973461048943656	-0.896507529985337	0.000838574909028611	0.0032209337406765948	0.0032209337406765948
just	0	19	165	mlp	22	utterance_final	0	prompt_without	32	31	-0.5664214678108692	-0.6366394050419331	-0.6369021162390709	-0.00026271119713783264	-0.0037413687655525624	0.0
just	0	21	244	mlp	22	utterance_final	0	prompt_without	54	53	-0.3882971592247486	-0.4403469078242779	-0.4402721580117941	7.474981248378754e-05	0.001436122450060471	0.001436122450060471
just	0	24	457	mlp	22	utterance_final	0	prompt_without	45	44	-0.30480959227210597	-0.32799839973449707	-0.3275638285436128	0.00043457119088424756	0.018740557986393187	0.018740557986393187
just	0	25	30	mlp	22	utterance_final	0	prompt_without	40	39	-0.6369946116492862	-0.8973461048943656	-0.8961733352570307	0.001172769637334925	0.004504562745991049	0.004504562745991049
just	0	19	165	mlp	23	utterance_final	0	prompt_without	32	31	-0.5664214678108692	-0.6366394050419331	-0.6361921243369579	0.0004472807049751282	0.00636989240374972	0.00636989240374972
just	0	21	244	mlp	23	utterance_final	0	prompt_without	54	53	-0.3882971592247486	-0.4403469078242779	-0.4400232769548893	0.0003236308693885803	0.0062177220466249706	0.0062177220466249706
just	0	24	457	mlp	23	utterance_final	0	prompt_without	45	44	-0.30480959227210597	-0.32799839973449707	-0.3281902827714619	-0.0001918830369648239	-0.00827481263432932	0.0
just	0	25	30	mlp	23	utterance_final	0	prompt_without	40	39	-0.6369946116492862	-0.8973461048943656	-0.8975858574821836	-0.00023975258781794295	-0.0009208804022193723	0.0
just	0	19	165	mlp	24	utterance_final	0	prompt_without	32	31	-0.5664214678108692	-0.6366394050419331	-0.6366625986993313	-2.3193657398223877e-05	-0.00033030958061187806	0.0
just	0	21	244	mlp	24	utterance_final	0	prompt_without	54	53	-0.3882971592247486	-0.4403469078242779	-0.439831854775548	0.0005150530487298965	0.009895399355196014	0.009895399355196014
just	0	24	457	mlp	24	utterance_final	0	prompt_without	45	44	-0.30480959227210597	-0.32799839973449707	-0.32792943716049194	6.896257400512695e-05	0.0029739594895931707	0.0029739594895931707
just	0	25	30	mlp	24	utterance_final	0	prompt_without	40	39	-0.6369946116492862	-0.8973461048943656	-0.8964393138885498	0.0009067910058158102	0.003482949125865819	0.003482949125865819
just	0	19	165	mlp	25	utterance_final	0	prompt_without	32	31	-0.5664214678108692	-0.6366394050419331	-0.6368563659489155	-0.00021696090698242188	-0.0030898217113452904	0.0
just	0	21	244	mlp	25	utterance_final	0	prompt_without	54	53	-0.3882971592247486	-0.4403469078242779	-0.44029626064002514	5.064718425273895e-05	0.000973053388642054	0.000973053388642054
just	0	24	457	mlp	25	utterance_final	0	prompt_without	45	44	-0.30480959227210597	-0.32799839973449707	-0.32741647958755493	0.0005819201469421387	0.025094871648140126	0.025094871648140126
just	0	25	30	mlp	25	utterance_final	0	prompt_without	40	39	-0.6369946116492862	-0.8973461048943656	-0.8970394872483753	0.0003066176459902703	0.0011777065004257097	0.0011777065004257097
just	0	19	165	mlp	26	utterance_final	0	prompt_without	32	31	-0.5664214678108692	-0.6366394050419331	-0.6371734626591206	-0.0005340576171875	-0.007605714981773023	0.0
just	0	21	244	mlp	26	utterance_final	0	prompt_without	54	53	-0.3882971592247486	-0.4403469078242779	-0.4402619134634733	8.49943608045578e-05	0.001632944694094574	0.001632944694094574
just	0	24	457	mlp	26	utterance_final	0	prompt_without	45	44	-0.30480959227210597	-0.32799839973449707	-0.3275371476223594	0.0004612521121376556	0.01989115278505546	0.01989115278505546
just	0	25	30	mlp	26	utterance_final	0	prompt_without	40	39	-0.6369946116492862	-0.8973461048943656	-0.8971324932007563	0.00021361169360933907	0.0008204742402159288	0.0008204742402159288
just	0	19	165	mlp	27	utterance_final	0	prompt_without	32	31	-0.5664214678108692	-0.6366394050419331	-0.6364396996796131	0.0001997053623199463	0.00284407902303912	0.00284407902303912
just	0	21	244	mlp	27	utterance_final	0	prompt_without	54	53	-0.3882971592247486	-0.4403469078242779	-0.44019054993987083	0.00015635788440704346	0.003004008446036136	0.003004008446036136
just	0	24	457	mlp	27	utterance_final	0	prompt_without	45	44	-0.30480959227210597	-0.32799839973449707	-0.32757873284189326	0.0004196668926038094	0.01809782125641642	0.01809782125641642
just	0	25	30	mlp	27	utterance_final	0	prompt_without	40	39	-0.6369946116492862	-0.8973461048943656	-0.8973460821878343	2.2706531321858847e-08	8.721490719657316e-08	8.721490719657316e-08
just	0	19	165	mlp	28	utterance_final	0	prompt_without	32	31	-0.5664214678108692	-0.6366394050419331	-0.6369321011006832	-0.0002926960587501526	-0.0041683944344162	0.0
just	0	21	244	mlp	28	utterance_final	0	prompt_without	54	53	-0.3882971592247486	-0.4403469078242779	-0.4403173625469208	2.954527735710144e-05	0.0005676353517943532	0.0005676353517943532
just	0	24	457	mlp	28	utterance_final	0	prompt_without	45	44	-0.30480959227210597	-0.32799839973449707	-0.3277003733735335	0.0002980263609635436	0.012852164193734384	0.012852164193734384
just	0	25	30	mlp	28	utterance_final	0	prompt_without	40	39	-0.6369946116492862	-0.8973461048943656	-0.897654170081729	-0.0003080651873633711	-0.0011832664507646085	0.0
just	0	19	165	mlp	29	utterance_final	0	prompt_without	32	31	-0.5664214678108692	-0.6366394050419331	-0.6364725790917873	0.00016682595014572144	0.0023758309731707556	0.0023758309731707556
just	0	21	244	mlp	29	utterance_final	0	prompt_without	54	53	-0.3882971592247486	-0.4403469078242779	-0.44044542871415615	-9.852088987827301e-05	-0.0018928216279446935	0.0
just	0	24	457	mlp	29	utterance_final	0	prompt_without	45	44	-0.30480959227210597	-0.32799839973449707	-0.3279560365174946	4.236321700246126e-05	0.0018268820883164552	0.0018268820883164552
just	0	25	30	mlp	29	utterance_final	0	prompt_without	40	39	-0.6369946116492862	-0.8973461048943656	-0.8971208333969116	0.00022527149745399377	0.0008652590951031595	0.0008652590951031595
just	0	19	165	mlp	30	utterance_final	0	prompt_without	32	31	-0.5664214678108692	-0.6366394050419331	-0.6371319741010666	-0.0004925690591335297	-0.007014860854038605	0.0
just	0	21	244	mlp	30	utterance_final	0	prompt_without	54	53	-0.3882971592247486	-0.4403469078242779	-0.44028686359524727	6.004422903060913e-05	0.0011535930652151539	0.0011535930652151539
just	0	24	457	mlp	30	utterance_final	0	prompt_without	45	44	-0.30480959227210597	-0.32799839973449707	-0.3273960791136089	0.0006023206208881637	0.025974626848105094	0.025974626848105094
just	0	25	30	mlp	30	utterance_final	0	prompt_without	40	39	-0.6369946116492862	-0.8973461048943656	-0.8980843566712879	-0.0007382517769223274	-0.0028355964765962795	0.0
just	0	19	165	mlp	31	utterance_final	0	prompt_without	32	31	-0.5664214678108692	-0.6366394050419331	-0.6366394050419331	0.0	0.0	0.0
just	0	21	244	mlp	31	utterance_final	0	prompt_without	54	53	-0.3882971592247486	-0.4403469078242779	-0.4403469078242779	0.0	0.0	0.0
just	0	24	457	mlp	31	utterance_final	0	prompt_without	45	44	-0.30480959227210597	-0.32799839973449707	-0.32799839973449707	0.0	0.0	0.0
just	0	25	30	mlp	31	utterance_final	0	prompt_without	40	39	-0.6369946116492862	-0.8973461048943656	-0.8973461048943656	0.0	0.0	0.0
just	0	27	202	mlp	0	utterance_final	0	prompt_without	41	40	-0.3881986039025443	-0.4539489643914359	-0.45352577822549	0.000423186165945888	0.0064362562090801686	0.0064362562090801686
just	0	33	409	mlp	0	utterance_final	0	prompt_without	75	74	-0.5135097066561382	-0.5480095028877259	-0.5471728086471558	0.0008366942405700906	0.024252150214267656	0.024252150214267656
just	0	34	115	mlp	0	utterance_final	0	prompt_without	47	46	-0.6084936474050794	-0.7232314986842019	-0.721243930714471	0.0019875679697308746	0.017322687740558455	0.017322687740558455
just	0	35	77	mlp	0	utterance_final	0	prompt_without	34	33	-0.7607646147410075	-0.9043518463770549	-0.9036133209864299	0.0007385253906250222	0.005143391805874308	0.005143391805874308
just	0	27	202	mlp	1	utterance_final	0	prompt_without	41	40	-0.3881986039025443	-0.4539489643914359	-0.4541459662573678	-0.0001970018659319117	-0.0029962096704427166	0.0
just	0	33	409	mlp	1	utterance_final	0	prompt_without	75	74	-0.5135097066561382	-0.5480095028877259	-0.5464085698127746	0.0016009330749512385	0.046404131323113086	0.046404131323113086
just	0	34	115	mlp	1	utterance_final	0	prompt_without	47	46	-0.6084936474050794	-0.7232314986842019	-0.7224595674446651	0.0007719312395367828	0.006727781903976112	0.006727781903976112
just	0	35	77	mlp	1	utterance_final	0	prompt_without	34	33	-0.7607646147410075	-0.9043518463770549	-0.9007131338119507	0.003638712565104174	0.025341477258418572	0.025341477258418572
just	0	27	202	mlp	2	utterance_final	0	prompt_without	41	40	-0.3881986039025443	-0.4539489643914359	-0.453845374924796	0.00010358946663990842	0.0015754965580365094	0.0015754965580365094
just	0	33	409	mlp	2	utterance_final	0	prompt_without	75	74	-0.5135097066561382	-0.5480095028877259	-0.5471626400947571	0.00084686279296875	0.024546892604350213	0.024546892604350213
just	0	34	115	mlp	2	utterance_final	0	prompt_without	47	46	-0.6084936474050794	-0.7232314986842019	-0.7216549260275704	0.0015765726566314697	0.013740650003948087	0.013740650003948087
just	0	35	77	mlp	2	utterance_final	0	prompt_without	34	33	-0.7607646147410075	-0.9043518463770549	-0.9040385325749715	0.00031331380208343695	0.002182045008553393	0.002182045008553393
just	0	27	202	mlp	3	utterance_final	0	prompt_without	41	40	-0.3881986039025443	-0.4539489643914359	-0.4544133084160941	-0.00046434402465822533	-0.0070622278145026345	0.0
just	0	33	409	mlp	3	utterance_final	0	prompt_without	75	74	-0.5135097066561382	-0.5480095028877259	-0.5502626895904541	-0.002253186702728227	-0.06531014524269069	0.0
just	0	34	115	mlp	3	utterance_final	0	prompt_without	47	46	-0.6084936474050794	-0.7232314986842019	-0.720396373953138	0.0028351247310638428	0.024709585367489944	0.024709585367489944
just	0	35	77	mlp	3	utterance_final	0	prompt_without	34	33	-0.7607646147410075	-0.9043518463770549	-0.890577228864034	0.013774617513020893	0.09593205019744105	0.09593205019744105
just	0	27	202	mlp	4	utterance_final	0	prompt_without	41	40	-0.3881986039025443	-0.4539489643914359	-0.4543873241969517	-0.00043835980551582	-0.006667032731932778	0.0
just	0	33	409	mlp	4	utterance_final	0	prompt_without	75	74	-0.5135097066561382	-0.5480095028877259	-0.5469960689544677	0.0010134339332581455	0.02937507011505923	0.02937507011505923
just	0	34	115	mlp	4	utterance_final	0	prompt_without	47	46	-0.6084936474050794	-0.7232314986842019	-0.7242353728839329	-0.0010038741997310252	-0.008749285336439696	0.0
just	0	35	77	mlp	4	utterance_final	0	prompt_without	34	33	-0.7607646147410075	-0.9043518463770549	-0.8970520416895549	0.007299804687500022	0.05083881487459096	0.05083881487459096
just	0	27	202	mlp	5	utterance_final	0	prompt_without	41	40	-0.3881986039025443	-0.4539489643914359	-0.4542652096067156	-0.00031624521527973126	-0.004809786789430003	0.0
just	0	33	409	mlp	5	utterance_final	0	prompt_without	75	74	-0.5135097066561382	-0.5480095028877259	-0.5478980819384257	0.00011142094930016722	0.003229611808493847	0.003229611808493847
just	0	34	115	mlp	5	utterance_final	0	prompt_without	47	46	-0.6084936474050794	-0.7232314986842019	-0.7231958976813725	3.56010028293996e-05	0.00031028124051925217	0.00031028124051925217
just	0	35	77	mlp	5	utterance_final	0	prompt_without	34	33	-0.7607646147410075	-0.9043518463770549	-0.907361896832784	-0.0030100504557291075	-0.020963218117880607	0.0
just	0	27	202	mlp	6	utterance_final	0	prompt_without	41	40	-0.3881986039025443	-0.4539489643914359	-0.4566058124814715	-0.0026568480900355795	-0.04040811442371406	0.0
just	0	33	409	mlp	6	utterance_final	0	prompt_without	75	74	-0.5135097066561382	-0.5480095028877259	-0.5438693245251973	0.004140178362528557	0.12000587872278054	0.12000587872278054
just	0	34	115	mlp	6	utterance_final	0	prompt_without	47	46	-0.6084936474050794	-0.7232314986842019	-0.7277585821492332	-0.0045270834650312786	-0.03945588499838866	0.0
just	0	35	77	mlp	6	utterance_final	0	prompt_without	34	33	-0.7607646147410075	-0.9043518463770549	-0.92005721728007	-0.015705370903015048	-0.10937860368269847	0.0
just	0	27	202	mlp	7	utterance_final	0	prompt_without	41	40	-0.3881986039025443	-0.4539489643914359	-0.45608296394348147	-0.0021339995520455735	-0.0324560890035897	0.0
just	0	33	409	mlp	7	utterance_final	0	prompt_without	75	74	-0.5135097066561382	-0.5480095028877259	-0.5503348588943482	-0.0023253560066223145	-0.06740202147899176	0.0
just	0	34	115	mlp	7	utterance_final	0	prompt_without	47	46	-0.6084936474050794	-0.7232314986842019	-0.7193344022546496	0.0038970964295522714	0.03396522059727103	0.03396522059727103
just	0	35	77	mlp	7	utterance_final	0	prompt_without	34	33	-0.7607646147410075	-0.9043518463770549	-0.8859894196192424	0.018362426757812522	0.12788342353696205	0.12788342353696205
just	0	27	202	mlp	8	utterance_final	0	prompt_without	41	40	-0.3881986039025443	-0.4539489643914359	-0.4531466654368809	0.0008022989545549697	0.012202198567268945	0.012202198567268945
just	0	33	409	mlp	8	utterance_final	0	prompt_without	75	74	-0.5135097066561382	-0.5480095028877259	-0.5513352274894714	-0.0033257246017455167	-0.09639838390409133	0.0
just	0	34	115	mlp	8	utterance_final	0	prompt_without	47	46	-0.6084936474050794	-0.7232314986842019	-0.7206950954028538	0.0025364032813480764	0.02210607269590376	0.02210607269590376
just	0	35	77	mlp	8	utterance_final	0	prompt_without	34	33	-0.7607646147410075	-0.9043518463770549	-0.9092926422754923	-0.004940795898437433	-0.03440971625500058	0.0
just	0	27	202	mlp	9	utterance_final	0	prompt_without	41	40	-0.3881986039025443	-0.4539489643914359	-0.4518967866897583	0.0020521777016775933	0.031211657037596086	0.031211657037596086
just	0	33	409	mlp	9	utterance_final	0	prompt_without	75	74	-0.5135097066561382	-0.5480095028877259	-0.5465812484423319	0.0014282544453939616	0.04139892409237664	0.04139892409237664
just	0	34	115	mlp	9	utterance_final	0	prompt_without	47	46	-0.6084936474050794	-0.7232314986842019	-0.7221105907644544	0.0011209079197475047	0.009769295025585538	0.009769295025585538
just	0	35	77	mlp	9	utterance_final	0	prompt_without	34	33	-0.7607646147410075	-0.9043518463770549	-0.9110799551010131	-0.006728108723958237	-0.04685729119015312	0.0
just	0	27	202	mlp	10	utterance_final	0	prompt_without	41	40	-0.3881986039025443	-0.4539489643914359	-0.4562373297555106	-0.0022883653640747292	-0.034803845135744076	0.0
just	0	33	409	mlp	10	utterance_final	0	prompt_without	75	74	-0.5135097066561382	-0.5480095028877259	-0.5484935919443766	-0.0004840890566507605	-0.014031649735007208	0.0
just	0	34	115	mlp	10	utterance_final	0	prompt_without	47	46	-0.6084936474050794	-0.7232314986842019	-0.7224187680653164	0.0008127306188855377	0.007083369697314705	0.007083369697314705
just	0	35	77	mlp	10	utterance_final	0	prompt_without	34	33	-0.7607646147410075	-0.9043518463770549	-0.9019216299057007	0.0024302164713542185	0.016925017939715722	0.016925017939715722
just	0	27	202	mlp	11	utterance_final	0	prompt_without	41	40	-0.3881986039025443	-0.4539489643914359	-0.4550119365964617	-0.001062972205025825	-0.016166789004988226	0.0
just	0	33	409	mlp	11	utterance_final	0	prompt_without	75	74	-0.5135097066561382	-0.5480095028877259	-0.5471711993217468	0.0008383035659790261	0.024298797603085044	0.024298797603085044
just	0	34	115	mlp	11	utterance_final	0	prompt_without	47	46	-0.6084936474050794	-0.7232314986842019	-0.7240293622016907	-0.0007978635174887838	-0.006953795182618708	0.0
just	0	35	77	mlp	11	utterance_final	0	prompt_without	34	33	-0.7607646147410075	-0.9043518463770549	-0.921564785639445	-0.017212939262390092	-0.11987792414592949	0.0
just	0	27	202	mlp	12	utterance_final	0	prompt_without	41	40	-0.3881986039025443	-0.4539489643914359	-0.4536545991897583	0.0002943652016775822	0.004477012741661159	0.004477012741661159
just	0	33	409	mlp	12	utterance_final	0	prompt_without	75	74	-0.5135097066561382	-0.5480095028877259	-0.5484013795852661	-0.000391876697540261	-0.011358811945140187	0.0
just	0	34	115	mlp	12	utterance_final	0	prompt_without	47	46	-0.6084936474050794	-0.7232314986842019	-0.7312674139227185	-0.008035915238516655	-0.0700371773475843	0.0
just	0	35	77	mlp	12	utterance_final	0	prompt_without	34	33	-0.7607646147410075	-0.9043518463770549	-0.8901957591374715	0.014156087239583393	0.0985887608409711	0.0985887608409711
just	0	27	202	mlp	13	utterance_final	0	prompt_without	41	40	-0.3881986039025443	-0.4539489643914359	-0.45149872643607003	0.0024502379553658638	0.03726577218964186	0.03726577218964186
just	0	33	409	mlp	13	utterance_final	0	prompt_without	75	74	-0.5135097066561382	-0.5480095028877259	-0.5477561791737874	0.0002533237139384914	0.007342759714811021	0.007342759714811021
just	0	34	115	mlp	13	utterance_final	0	prompt_without	47	46	-0.6084936474050794	-0.7232314986842019	-0.7252598660332816	-0.0020283673490797405	-0.017678275533898016	0.0
just	0	35	77	mlp	13	utterance_final	0	prompt_without	34	33	-0.7607646147410075	-0.9043518463770549	-0.9084676504135132	-0.0041158040364582815	-0.028664136703259728	0.0
just	0	27	202	mlp	14	utterance_final	0	prompt_without	41	40	-0.3881986039025443	-0.4539489643914359	-0.4542362792151315	-0.0002873148236955947	-0.0043697832461943075	0.0
just	0	33	409	mlp	14	utterance_final	0	prompt_without	75	74	-0.5135097066561382	-0.5480095028877259	-0.5480876644452413	-7.816155751538822e-05	-0.0022655657729312665	0.0
just	0	34	115	mlp	14	utterance_final	0	prompt_without	47	46	-0.6084936474050794	-0.7232314986842019	-0.7226614483765194	0.0005700503076825347	0.004968284670904065	0.004968284670904065
just	0	35	77	mlp	14	utterance_final	0	prompt_without	34	33	-0.7607646147410075	-0.9043518463770549	-0.9035461823145549	0.0008056640625000444	0.005610972879135749	0.005610972879135749
just	0	27	202	mlp	15	utterance_final	0	prompt_without	41	40	-0.3881986039025443	-0.4539489643914359	-0.455300954410008	-0.0013519900185721134	-0.020562473095497774	0.0
just	0	33	409	mlp	15	utterance_final	0	prompt_without	75	74	-0.5135097066561382	-0.5480095028877259	-0.5474718650182088	0.0005376378695171047	0.01558379840588299	0.01558379840588299
just	0	34	115	mlp	15	utterance_final	0	prompt_without	47	46	-0.6084936474050794	-0.7232314986842019	-0.7228984023843493	0.0003330962998525644	0.0029031073541916155	0.0029031073541916155
just	0	35	77	mlp	15	utterance_final	0	prompt_without	34	33	-0.7607646147410075	-0.9043518463770549	-0.9035014311472574	0.0008504152297974521	0.005922638246505176	0.005922638246505176
just	0	27	202	mlp	16	utterance_final	0	prompt_without	41	40	-0.3881986039025443	-0.4539489643914359	-0.4546917029789516	-0.0007427385875157233	-0.011296342438171235	0.0
just	0	33	409	mlp	16	utterance_final	0	prompt_without	75	74	-0.5135097066561382	-0.5480095028877259	-0.5479171117146809	9.239117304493671e-05	0.0026780208330721717	0.0026780208330721717
just	0	34	115	mlp	16	utterance_final	0	prompt_without	47	46	-0.6084936474050794	-0.7232314986842019	-0.722008500780378	0.0012229979038238525	0.010659062290164981	0.010659062290164981
just	0	35	77	mlp	16	utterance_final	0	prompt_without	34	33	-0.7607646147410075	-0.9043518463770549	-0.9049113353093465	-0.0005594889322916297	-0.0038965089438437977	0.0
just	0	27	202	mlp	17	utterance_final	0	prompt_without	41	40	-0.3881986039025443	-0.4539489643914359	-0.4527977194104876	0.0011512449809483183	0.01750933336924927	0.01750933336924927
just	0	33	409	mlp	17	utterance_final	0	prompt_without	75	74	-0.5135097066561382	-0.5480095028877259	-0.5473558704058329	0.0006536324818929851	0.018945980941606974	0.018945980941606974
just	0	34	115	mlp	17	utterance_final	0	prompt_without	47	46	-0.6084936474050794	-0.7232314986842019	-0.7236044066292899	-0.00037290794508804126	-0.0032500865314347657	0.0
just	0	35	77	mlp	17	utterance_final	0	prompt_without	34	33	-0.7607646147410075	-0.9043518463770549	-0.9063131093978882	-0.001961263020833326	-0.013659034988602383	0.0
just	0	27	202	mlp	18	utterance_final	0	prompt_without	41	40	-0.3881986039025443	-0.4539489643914359	-0.45327416488102507	0.0006747995104108284	0.01026305415503896	0.01026305415503896
just	0	33	409	mlp	18	utterance_final	0	prompt_without	75	74	-0.5135097066561382	-0.5480095028877259	-0.5482388337453207	-0.00022933085759480054	-0.0066473104958465565	0.0
just	0	34	115	mlp	18	utterance_final	0	prompt_without	47	46	-0.6084936474050794	-0.7232314986842019	-0.7215945039476667	0.0016369947365352244	0.014267259830000748	0.014267259830000748
just	0	35	77	mlp	18	utterance_final	0	prompt_without	34	33	-0.7607646147410075	-0.9043518463770549	-0.9033193349838257	0.0010325113932292407	0.007190830141821818	0.007190830141821818
just	0	27	202	mlp	19	utterance_final	0	prompt_without	41	40	-0.3881986039025443	-0.4539489643914359	-0.4537056071417672	0.00024335724966867422	0.003701230652716938	0.003701230652716938
just	0	33	409	mlp	19	utterance_final	0	prompt_without	75	74	-0.5135097066561382	-0.5480095028877259	-0.5477012713750203	0.00030823151270553684	0.008934299514016338	0.008934299514016338
just	0	34	115	mlp	19	utterance_final	0	prompt_without	47	46	-0.6084936474050794	-0.7232314986842019	-0.7203358624662671	0.0028956362179347606	0.02523697442172377	0.02523697442172377
just	0	35	77	mlp	19	utterance_final	0	prompt_without	34	33	-0.7607646147410075	-0.9043518463770549	-0.9056630849838256	-0.0013112386067707371	-0.00913200005202658	0.0
just	0	27	202	mlp	20	utterance_final	0	prompt_without	41	40	-0.3881986039025443	-0.4539489643914359	-0.45417632034846717	-0.0002273559570312722	-0.0034578663195266217	0.0
just	0	33	409	mlp	20	utterance_final	0	prompt_without	75	74	-0.5135097066561382	-0.5480095028877259	-0.5478007237116496	0.00020877917607631247	0.0060516060638397635	0.0060516060638397635
just	0	34	115	mlp	20	utterance_final	0	prompt_without	47	46	-0.6084936474050794	-0.7232314986842019	-0.7226526439189911	0.0005788547652108011	0.005045020093697088	0.005045020093697088
just	0	35	77	mlp	20	utterance_final	0	prompt_without	34	33	-0.7607646147410075	-0.9043518463770549	-0.9041372140248617	0.00021463235219321142	0.0014947871739545975	0.0014947871739545975
just	0	27	202	mlp	21	utterance_final	0	prompt_without	41	40	-0.3881986039025443	-0.4539489643914359	-0.454579074042184	-0.0006301096507481119	-0.00958336419850607	0.0
just	0	33	409	mlp	21	utterance_final	0	prompt_without	75	74	-0.5135097066561382	-0.5480095028877259	-0.5480504433314005	-4.094044367464189e-05	-0.0011866865357644393	0.0
just	0	34	115	mlp	21	utterance_final	0	prompt_without	47	46	-0.6084936474050794	-0.7232314986842019	-0.7212602112974439	0.0019712873867580027	0.017180793999379128	0.017180793999379128
just	0	35	77	mlp	21	utterance_final	0	prompt_without	34	33	-0.7607646147410075	-0.9043518463770549	-0.9033315420150757	0.0010203043619791963	0.0071058154012285475	0.0071058154012285475
just	0	27	202	mlp	22	utterance_final	0	prompt_without	41	40	-0.3881986039025443	-0.4539489643914359	-0.454720595904759	-0.0007716315133231011	-0.011735776162831332	0.0
just	0	33	409	mlp	22	utterance_final	0	prompt_without	75	74	-0.5135097066561382	-0.5480095028877259	-0.5478820681571961	0.00012743473052978516	0.003693782121910245	0.003693782121910245
just	0	34	115	mlp	22	utterance_final	0	prompt_without	47	46	-0.6084936474050794	-0.7232314986842019	-0.7226417532988957	0.0005897453853062062	0.005139937507383976	0.005139937507383976
just	0	35	77	mlp	22	utterance_final	0	prompt_without	34	33	-0.7607646147410075	-0.9043518463770549	-0.9034230947494507	0.0009287516276041963	0.006468204846781339	0.006468204846781339
just	0	27	202	mlp	23	utterance_final	0	prompt_without	41	40	-0.3881986039025443	-0.4539489643914359	-0.4544337204524449	-0.00048475606100900626	-0.007372675334470674	0.0
just	0	33	409	mlp	23	utterance_final	0	prompt_without	75	74	-0.5135097066561382	-0.5480095028877259	-0.5480963548024496	-8.685191472368459e-05	-0.0025174616725464516	0.0
just	0	34	115	mlp	23	utterance_final	0	prompt_without	47	46	-0.6084936474050794	-0.7232314986842019	-0.7220296050821032	0.0012018936020986581	0.01047512733330533	0.01047512733330533
just	0	35	77	mlp	23	utterance_final	0	prompt_without	34	33	-0.7607646147410075	-0.9043518463770549	-0.903895099957784	0.00045674641927084814	0.0031809682105200686	0.0031809682105200686
just	0	27	202	mlp	24	utterance_final	0	prompt_without	41	40	-0.3881986039025443	-0.4539489643914359	-0.4534706149782453	0.0004783494131905819	0.007275236358154996	0.007275236358154996
just	0	33	409	mlp	24	utterance_final	0	prompt_without	75	74	-0.5135097066561382	-0.5480095028877259	-0.5477302114168803	0.0002792914708455996	0.008095452766468303	0.008095452766468303
just	0	34	115	mlp	24	utterance_final	0	prompt_without	47	46	-0.6084936474050794	-0.7232314986842019	-0.7221848751817431	0.0010466235024587656	0.009121867725347645	0.009121867725347645
just	0	35	77	mlp	24	utterance_final	0	prompt_without	34	33	-0.7607646147410075	-0.9043518463770549	-0.903333576520284	0.0010182698567708925	0.007091646277796593	0.007091646277796593
just	0	27	202	mlp	25	utterance_final	0	prompt_without	41	40	-0.3881986039025443	-0.4539489643914359	-0.4531353030885969	0.0008136613028389972	0.012375009000543256	0.012375009000543256
just	0	33	409	mlp	25	utterance_final	0	prompt_without	75	74	-0.5135097066561382	-0.5480095028877259	-0.5477670907974244	0.00024241209030151367	0.007026478900752556	0.007026478900752556
just	0	34	115	mlp	25	utterance_final	0	prompt_without	47	46	-0.6084936474050794	-0.7232314986842019	-0.7217653776918139	0.0014661209923879648	0.012778006351376893	0.012778006351376893
just	0	35	77	mlp	25	utterance_final	0	prompt_without	34	33	-0.7607646147410075	-0.9043518463770549	-0.9033254384994507	0.0010264078776042185	0.007148322771525183	0.007148322771525183
just	0	27	202	mlp	26	utterance_final	0	prompt_without	41	40	-0.3881986039025443	-0.4539489643914359	-0.4542747872216361	-0.0003258228302002175	-0.004955453137861726	0.0
just	0	33	409	mlp	26	utterance_final	0	prompt_without	75	74	-0.5135097066561382	-0.5480095028877259	-0.5480677326520283	-5.8229764302475395e-05	-0.0016878292240219298	0.0
just	0	34	115	mlp	26	utterance_final	0	prompt_without	47	46	-0.6084936474050794	-0.7232314986842019	-0.7219941914081573	0.0012373072760445414	0.010783775905255075	0.010783775905255075
just	0	35	77	mlp	26	utterance_final	0	prompt_without	34	33	-0.7607646147410075	-0.9043518463770549	-0.9031779368718466	0.0011739095052083481	0.00817558422035654	0.00817558422035654
just	0	27	202	mlp	27	utterance_final	0	prompt_without	41	40	-0.3881986039025443	-0.4539489643914359	-0.45400164467947823	-5.2680288042339374e-05	-0.0008012167180625513	0.0
just	0	33	409	mlp	27	utterance_final	0	prompt_without	75	74	-0.5135097066561382	-0.5480095028877259	-0.5481615384419759	-0.00015203555425002957	-0.004406853687756773	0.0
just	0	34	115	mlp	27	utterance_final	0	prompt_without	47	46	-0.6084936474050794	-0.7232314986842019	-0.7226724411760058	0.0005590575081960703	0.004872476710724279	0.004872476710724279
just	0	35	77	mlp	27	utterance_final	0	prompt_without	34	33	-0.7607646147410075	-0.9043518463770549	-0.9044037262598673	-5.187988281241118e-05	-0.00036131264751946657	0.0
just	0	27	202	mlp	28	utterance_final	0	prompt_without	41	40	-0.3881986039025443	-0.4539489643914359	-0.4542405979973929	-0.00029163360595702015	-0.004435467787378764	0.0
just	0	33	409	mlp	28	utterance_final	0	prompt_without	75	74	-0.5135097066561382	-0.5480095028877259	-0.5483863989512126	-0.0003768960634866758	-0.010924588103555028	0.0
just	0	34	115	mlp	28	utterance_final	0	prompt_without	47	46	-0.6084936474050794	-0.7232314986842019	-0.7229238705975669	0.0003076280866349812	0.0026811386408711374	0.0026811386408711374
just	0	35	77	mlp	28	utterance_final	0	prompt_without	34	33	-0.7607646147410075	-0.9043518463770549	-0.9039042552312215	0.00044759114583337034	0.0031172071550755022	0.0031172071550755022
just	0	27	202	mlp	29	utterance_final	0	prompt_without	41	40	-0.3881986039025443	-0.4539489643914359	-0.4542392935071673	-0.0002903291157314025	-0.004415627740633499	0.0
just	0	33	409	mlp	29	utterance_final	0	prompt_without	75	74	-0.5135097066561382	-0.5480095028877259	-0.547860594590505	0.0001489082972209177	0.004316208021094876	0.004316208021094876
just	0	34	115	mlp	29	utterance_final	0	prompt_without	47	46	-0.6084936474050794	-0.7232314986842019	-0.7216761239937374	0.0015553746904645172	0.013555898712803683	0.013555898712803683
just	0	35	77	mlp	29	utterance_final	0	prompt_without	34	33	-0.7607646147410075	-0.9043518463770549	-0.9037201325098674	0.0006317138671875222	0.004399512825685898	0.004399512825685898
just	0	27	202	mlp	30	utterance_final	0	prompt_without	41	40	-0.3881986039025443	-0.4539489643914359	-0.45413552352360315	-0.00018655913216725217	-0.0028373856930985343	0.0
just	0	33	409	mlp	30	utterance_final	0	prompt_without	75	74	-0.5135097066561382	-0.5480095028877259	-0.5482144753138224	-0.0002049724260965169	-0.005941264833003445	0.0
just	0	34	115	mlp	30	utterance_final	0	prompt_without	47	46	-0.6084936474050794	-0.7232314986842019	-0.7224626328263964	0.0007688658578054453	0.006701065509193013	0.006701065509193013
just	0	35	77	mlp	30	utterance_final	0	prompt_without	34	33	-0.7607646147410075	-0.9043518463770549	-0.9047272125879924	-0.0003753662109374778	-0.0026142032732334028	0.0
just	0	27	202	mlp	31	utterance_final	0	prompt_without	41	40	-0.3881986039025443	-0.4539489643914359	-0.4539489643914359	0.0	0.0	0.0
just	0	33	409	mlp	31	utterance_final	0	prompt_without	75	74	-0.5135097066561382	-0.5480095028877259	-0.5480095028877259	0.0	0.0	0.0
just	0	34	115	mlp	31	utterance_final	0	prompt_without	47	46	-0.6084936474050794	-0.7232314986842019	-0.7232314986842019	0.0	0.0	0.0
just	0	35	77	mlp	31	utterance_final	0	prompt_without	34	33	-0.7607646147410075	-0.9043518463770549	-0.9043518463770549	0.0	0.0	0.0
just	0	36	93	mlp	0	utterance_final	0	prompt_without	51	51	-0.51922607421875	-0.54654541015625	-0.54776611328125	-0.001220703125	-0.04468275245755135	0.0
just	0	36	93	mlp	1	utterance_final	0	prompt_without	51	51	-0.51922607421875	-0.54654541015625	-0.55029296875	-0.003747558593749978	-0.13717605004468184	0.0
just	0	36	93	mlp	2	utterance_final	0	prompt_without	51	51	-0.51922607421875	-0.54654541015625	-0.5476318359375	-0.0010864257812499556	-0.039767649687219075	0.0
just	0	36	93	mlp	3	utterance_final	0	prompt_without	51	51	-0.51922607421875	-0.54654541015625	-0.54971923828125	-0.003173828125	-0.11617515638963351	0.0
just	0	36	93	mlp	4	utterance_final	0	prompt_without	51	51	-0.51922607421875	-0.54654541015625	-0.5414794921875	0.00506591796875	0.18543342269883809	0.18543342269883809
just	0	36	93	mlp	5	utterance_final	0	prompt_without	51	51	-0.51922607421875	-0.54654541015625	-0.54295654296875	0.0035888671875000666	0.1313672922252034	0.1313672922252034
just	0	36	93	mlp	6	utterance_final	0	prompt_without	51	51	-0.51922607421875	-0.54654541015625	-0.53856201171875	0.007983398437500067	0.29222520107238825	0.29222520107238825
just	0	36	93	mlp	7	utterance_final	0	prompt_without	51	51	-0.51922607421875	-0.54654541015625	-0.54766845703125	-0.0011230468749999778	-0.04110813226094643	0.0
just	0	36	93	mlp	8	utterance_final	0	prompt_without	51	51	-0.51922607421875	-0.54654541015625	-0.54144287109375	0.005102539062500022	0.18677390527256546	0.18677390527256546
just	0	36	93	mlp	9	utterance_final	0	prompt_without	51	51	-0.51922607421875	-0.54654541015625	-0.54541015625	0.0011352539062500222	0.041554959785523565	0.041554959785523565
just	0	36	93	mlp	10	utterance_final	0	prompt_without	51	51	-0.51922607421875	-0.54654541015625	-0.550341796875	-0.0037963867187499334	-0.13896336014298225	0.0
just	0	36	93	mlp	11	utterance_final	0	prompt_without	51	51	-0.51922607421875	-0.54654541015625	-0.5205078125	0.026037597656250022	0.9530831099195711	0.9530831099195711
just	0	36	93	mlp	12	utterance_final	0	prompt_without	51	51	-0.51922607421875	-0.54654541015625	-0.5480712890625	-0.00152587890625	-0.05585344057193919	0.0
just	0	36	93	mlp	13	utterance_final	0	prompt_without	51	51	-0.51922607421875	-0.54654541015625	-0.55015869140625	-0.0036132812499999334	-0.13226094727434956	0.0
just	0	36	93	mlp	14	utterance_final	0	prompt_without	51	51	-0.51922607421875	-0.54654541015625	-0.5439697265625	0.0025756835937500444	0.09428060768543498	0.09428060768543498
just	0	36	93	mlp	15	utterance_final	0	prompt_without	51	51	-0.51922607421875	-0.54654541015625	-0.54088134765625	0.005664062500000067	0.20732797140304068	0.20732797140304068
just	0	36	93	mlp	16	utterance_final	0	prompt_without	51	51	-0.51922607421875	-0.54654541015625	-0.5436279296875	0.0029174804687500666	0.10679177837355017	0.10679177837355017
just	0	36	93	mlp	17	utterance_final	0	prompt_without	51	51	-0.51922607421875	-0.54654541015625	-0.54852294921875	-0.001977539062499978	-0.07238605898123238	0.0
just	0	36	93	mlp	18	utterance_final	0	prompt_without	51	51	-0.51922607421875	-0.54654541015625	-0.54622802734375	0.0003173828125000444	0.011617515638964977	0.011617515638964977
just	0	36	93	mlp	19	utterance_final	0	prompt_without	51	51	-0.51922607421875	-0.54654541015625	-0.54874267578125	-0.002197265625	-0.08042895442359242	0.0
just	0	36	93	mlp	20	utterance_final	0	prompt_without	51	51	-0.51922607421875	-0.54654541015625	-0.54468994140625	0.0018554687499999778	0.06791778373547724	0.06791778373547724
just	0	36	93	mlp	21	utterance_final	0	prompt_without	51	51	-0.51922607421875	-0.54654541015625	-0.546728515625	-0.00018310546875	-0.006702412868632703	0.0
just	0	36	93	mlp	22	utterance_final	0	prompt_without	51	51	-0.51922607421875	-0.54654541015625	-0.5471923828125	-0.0006469726562500222	-0.02368185880250303	0.0
just	0	36	93	mlp	23	utterance_final	0	prompt_without	51	51	-0.51922607421875	-0.54654541015625	-0.54871826171875	-0.002172851562500022	-0.07953529937444222	0.0
just	0	36	93	mlp	24	utterance_final	0	prompt_without	51	51	-0.51922607421875	-0.54654541015625	-0.548095703125	-0.0015502929687499778	-0.0567470956210894	0.0
just	0	36	93	mlp	25	utterance_final	0	prompt_without	51	51	-0.51922607421875	-0.54654541015625	-0.54600830078125	0.0005371093750000666	0.019660411081325033	0.019660411081325033
just	0	36	93	mlp	26	utterance_final	0	prompt_without	51	51	-0.51922607421875	-0.54654541015625	-0.54947509765625	-0.0029296875	-0.10723860589812324	0.0
just	0	36	93	mlp	27	utterance_final	0	prompt_without	51	51	-0.51922607421875	-0.54654541015625	-0.54522705078125	0.0013183593750000222	0.04825737265415627	0.04825737265415627
just	0	36	93	mlp	28	utterance_final	0	prompt_without	51	51	-0.51922607421875	-0.54654541015625	-0.54884033203125	-0.002294921875000022	-0.08400357462019735	0.0
just	0	36	93	mlp	29	utterance_final	0	prompt_without	51	51	-0.51922607421875	-0.54654541015625	-0.54615478515625	0.0003906249999999778	0.014298480786415619	0.014298480786415619
just	0	36	93	mlp	30	utterance_final	0	prompt_without	51	51	-0.51922607421875	-0.54654541015625	-0.54581298828125	0.000732421875	0.02680965147453081	0.02680965147453081
just	0	36	93	mlp	31	utterance_final	0	prompt_without	51	51	-0.51922607421875	-0.54654541015625	-0.54654541015625	0.0	0.0	0.0
just	1	2	197	mlp	0	utterance_final	0	prompt_without	31	30	-0.5145439130288584	-0.5825948671058372	-0.5816188388400607	0.0009760282657764741	0.014342609578587202	0.014342609578587202
just	1	4	290	mlp	0	utterance_final	0	prompt_without	38	37	-0.5846256205910131	-0.637218249471564	-0.6391712489881014	-0.0019529995165373792	-0.03713447222752559	0.0
just	1	9	491	mlp	0	utterance_final	0	prompt_without	44	43	-0.5975271743886611	-0.625893680488362	-0.6253787629744586	0.0005149175139034234	0.018152306529877937	0.018152306529877937
just	1	10	74	mlp	0	utterance_final	0	prompt_without	34	33	-1.474222469329834	-1.7407281398773193	-1.7403374433517456	0.0003906965255737749	0.001465997045282988	0.001465997045282988
just	1	2	197	mlp	1	utterance_final	0	prompt_without	31	30	-0.5145439130288584	-0.5825948671058372	-0.5815906480506614	0.0010042190551757812	0.01475686959568289	0.01475686959568289
just	1	4	290	mlp	1	utterance_final	0	prompt_without	38	37	-0.5846256205910131	-0.637218249471564	-0.6381943853277909	-0.0009761358562269118	-0.018560316854362314	0.0
just	1	9	491	mlp	1	utterance_final	0	prompt_without	44	43	-0.5975271743886611	-0.625893680488362	-0.624454652561861	0.0014390279265010797	0.05072982627621706	0.05072982627621706
just	1	10	74	mlp	1	utterance_final	0	prompt_without	34	33	-1.474222469329834	-1.7407281398773193	-1.739165472984314	0.0015626668930053267	0.005863540876241486	0.005863540876241486
just	1	2	197	mlp	2	utterance_final	0	prompt_without	31	30	-0.5145439130288584	-0.5825948671058372	-0.5829362516049985	-0.0003413844991613235	-0.005016601218774266	0.0
just	1	4	290	mlp	2	utterance_final	0	prompt_without	38	37	-0.5846256205910131	-0.637218249471564	-0.6391812123750386	-0.00196296290347453	-0.03732391677801155	0.0
just	1	9	491	mlp	2	utterance_final	0	prompt_without	44	43	-0.5975271743886611	-0.625893680488362	-0.6250021282364341	0.0008915522519279406	0.03142975200380213	0.03142975200380213
just	1	10	74	mlp	2	utterance_final	0	prompt_without	34	33	-1.474222469329834	-1.7407281398773193	-1.7477593183517457	-0.007031178474426358	-0.026382847539349302	0.0
just	1	2	197	mlp	3	utterance_final	0	prompt_without	31	30	-0.5145439130288584	-0.5825948671058372	-0.5818069290231775	0.0007879380826596449	0.011578648578068933	0.011578648578068933
just	1	4	290	mlp	3	utterance_final	0	prompt_without	38	37	-0.5846256205910131	-0.637218249471564	-0.6369926051089638	0.00022564436260019693	0.004290418018705308	0.004290418018705308
just	1	9	491	mlp	3	utterance_final	0	prompt_without	44	43	-0.5975271743886611	-0.625893680488362	-0.6251425427549026	0.0007511377334594727	0.026479740959969408	0.026479740959969408
just	1	10	74	mlp	3	utterance_final	0	prompt_without	34	33	-1.474222469329834	-1.7407281398773193	-1.7319388389587402	0.008789300918579102	0.0329797895126327	0.0329797895126327
just	1	2	197	mlp	4	utterance_final	0	prompt_without	31	30	-0.5145439130288584	-0.5825948671058372	-0.5789149778860586	0.003679889219778576	0.054075497833813005	0.054075497833813005
just	1	4	290	mlp	4	utterance_final	0	prompt_without	38	37	-0.5846256205910131	-0.637218249471564	-0.6382841561969957	-0.00106590672543172	-0.020267226569955672	0.0
just	1	9	491	mlp	4	utterance_final	0	prompt_without	44	43	-0.5975271743886611	-0.625893680488362	-0.6263691116781795	-0.0004754311898175212	-0.01676030132673032	0.0
just	1	10	74	mlp	4	utterance_final	0	prompt_without	34	33	-1.474222469329834	-1.7407281398773193	-1.766413164138794	-0.025685024261474565	-0.09637702720812491	0.0
just	1	2	197	mlp	5	utterance_final	0	prompt_without	31	30	-0.5145439130288584	-0.5825948671058372	-0.5855993783032453	-0.0030045111974080774	-0.04415090483535901	0.0
just	1	4	290	mlp	5	utterance_final	0	prompt_without	38	37	-0.5846256205910131	-0.637218249471564	-0.6352917520623458	0.0019264974092182419	0.03663055926703584	0.03663055926703584
just	1	9	491	mlp	5	utterance_final	0	prompt_without	44	43	-0.5975271743886611	-0.625893680488362	-0.6248340501504785	0.001059630337883477	0.03735498246273794	0.03735498246273794
just	1	10	74	mlp	5	utterance_final	0	prompt_without	34	33	-1.474222469329834	-1.7407281398773193	-1.7269585132598877	0.01376962661743164	0.051667293191715424	0.051667293191715424
just	1	2	197	mlp	6	utterance_final	0	prompt_without	31	30	-0.5145439130288584	-0.5825948671058372	-0.5787672290095577	0.0038276380962795065	0.05624664853265256	0.05624664853265256
just	1	4	290	mlp	6	utterance_final	0	prompt_without	38	37	-0.5846256205910131	-0.637218249471564	-0.6410816092240182	-0.0038633597524542207	-0.07345819812941341	0.0
just	1	9	491	mlp	6	utterance_final	0	prompt_without	44	43	-0.5975271743886611	-0.625893680488362	-0.6244326058556052	0.001461074632756798	0.05150703536140471	0.05150703536140471
just	1	10	74	mlp	6	utterance_final	0	prompt_without	34	33	-1.474222469329834	-1.7407281398773193	-1.730865478515625	0.009862661361694336	0.03700732273888721	0.03700732273888721
just	1	2	197	mlp	7	utterance_final	0	prompt_without	31	30	-0.5145439130288584	-0.5825948671058372	-0.5840667883555094	-0.0014719212496722145	-0.021629693068038202	0.0
just	1	4	290	mlp	7	utterance_final	0	prompt_without	38	37	-0.5846256205910131	-0.637218249471564	-0.6390959338137978	-0.0018776843422337874	-0.03570242412674233	0.0
just	1	9	491	mlp	7	utterance_final	0	prompt_without	44	43	-0.5975271743886611	-0.625893680488362	-0.626623693634482	-0.0007300131461199788	-0.025735039188618136	0.0
just	1	10	74	mlp	7	utterance_final	0	prompt_without	34	33	-1.474222469329834	-1.7407281398773193	-1.6293983936309815	0.11132974624633785	0.41773875211597566	0.41773875211597566
just	1	2	197	mlp	8	utterance_final	0	prompt_without	31	30	-0.5145439130288584	-0.5825948671058372	-0.5874088472790189	-0.004813980173181687	-0.07074081823652528	0.0
just	1	4	290	mlp	8	utterance_final	0	prompt_without	38	37	-0.5846256205910131	-0.637218249471564	-0.6377807918347811	-0.0005625423632170667	-0.010696220652797567	0.0
just	1	9	491	mlp	8	utterance_final	0	prompt_without	44	43	-0.5975271743886611	-0.625893680488362	-0.625415209461661	0.0004784710267010661	0.01686746422063275	0.01686746422063275
just	1	10	74	mlp	8	utterance_final	0	prompt_without	34	33	-1.474222469329834	-1.7407281398773193	-1.6938522100448608	0.046875929832458585	0.17589092846002446	0.17589092846002446
just	1	2	197	mlp	9	utterance_final	0	prompt_without	31	30	-0.5145439130288584	-0.5825948671058372	-0.5843592131579364	-0.001764346052099186	-0.02592683785305007	0.0
just	1	4	290	mlp	9	utterance_final	0	prompt_without	38	37	-0.5846256205910131	-0.637218249471564	-0.6349980956629703	0.00222015380859375	0.04221416300820771	0.04221416300820771
just	1	9	491	mlp	9	utterance_final	0	prompt_without	44	43	-0.5975271743886611	-0.625893680488362	-0.6249579506761888	0.0009357298121732693	0.03298713662107068	0.03298713662107068
just	1	10	74	mlp	9	utterance_final	0	prompt_without	34	33	-1.474222469329834	-1.7407281398773193	-1.7575246810913085	-0.016796541213989213	-0.06302508002731765	0.0
just	1	2	197	mlp	10	utterance_final	0	prompt_without	31	30	-0.5145439130288584	-0.5825948671058372	-0.5810776639867712	0.0015172031190660018	0.02229510430301611	0.02229510430301611
just	1	4	290	mlp	10	utterance_final	0	prompt_without	38	37	-0.5846256205910131	-0.637218249471564	-0.6327541501898515	0.004464099281712541	0.08488070242412604	0.08488070242412604
just	1	9	491	mlp	10	utterance_final	0	prompt_without	44	43	-0.5975271743886611	-0.625893680488362	-0.6248834659071529	0.0010102145812090901	0.03561293652656578	0.03561293652656578
just	1	10	74	mlp	10	utterance_final	0	prompt_without	34	33	-1.474222469329834	-1.7407281398773193	-1.73389413356781	0.006834006309509366	0.025643005251896507	0.025643005251896507
just	1	2	197	mlp	11	utterance_final	0	prompt_without	31	30	-0.5145439130288584	-0.5825948671058372	-0.5854920148849487	-0.002897147779111542	-0.042573213240101035	0.0
just	1	4	290	mlp	11	utterance_final	0	prompt_without	38	37	-0.5846256205910131	-0.637218249471564	-0.6356844149137798	0.0015338345577842194	0.029164439778583504	0.029164439778583504
just	1	9	491	mlp	11	utterance_final	0	prompt_without	44	43	-0.5975271743886611	-0.625893680488362	-0.626602449837853	-0.0007087693494909342	-0.02498613495083932	0.0
just	1	10	74	mlp	11	utterance_final	0	prompt_without	34	33	-1.474222469329834	-1.7407281398773193	-1.8034273386001587	-0.06269919872283936	-0.2352640324464232	0.0
just	1	2	197	mlp	12	utterance_final	0	prompt_without	31	30	-0.5145439130288584	-0.5825948671058372	-0.5834443878244471	-0.0008495207186098863	-0.012483597476810007	0.0
just	1	4	290	mlp	12	utterance_final	0	prompt_without	38	37	-0.5846256205910131	-0.637218249471564	-0.6376531249598453	-0.00043487548828125	-0.008268753578927283	0.0
just	1	9	491	mlp	12	utterance_final	0	prompt_without	44	43	-0.5975271743886611	-0.625893680488362	-0.6253900983754326	0.000503582112929446	0.01775270141340231	0.01775270141340231
just	1	10	74	mlp	12	utterance_final	0	prompt_without	34	33	-1.474222469329834	-1.7407281398773193	-1.726567792892456	0.014160346984863237	0.053133379697976005	0.053133379697976005
just	1	2	197	mlp	13	utterance_final	0	prompt_without	31	30	-0.5145439130288584	-0.5825948671058372	-0.5845625268088447	-0.001967659703007496	-0.0289145057508186	0.0
just	1	4	290	mlp	13	utterance_final	0	prompt_without	38	37	-0.5846256205910131	-0.637218249471564	-0.6363075657894737	0.0009106836820903519	0.017315804542851594	0.017315804542851594
just	1	9	491	mlp	13	utterance_final	0	prompt_without	44	43	-0.5975271743886611	-0.625893680488362	-0.6252091001061832	0.0006845803821787788	0.02413340507190614	0.02413340507190614
just	1	10	74	mlp	13	utterance_final	0	prompt_without	34	33	-1.474222469329834	-1.7407281398773193	-1.7374082565307618	0.0033198833465575284	0.012457083332363842	0.012457083332363842
just	1	2	197	mlp	14	utterance_final	0	prompt_without	31	30	-0.5145439130288584	-0.5825948671058372	-0.5824841702425921	0.00011069686324505223	0.001626676139174076	0.001626676139174076
just	1	4	290	mlp	14	utterance_final	0	prompt_without	38	37	-0.5846256205910131	-0.637218249471564	-0.6361991731744063	0.001019076297157695	0.019376789463638227	0.019376789463638227
just	1	9	491	mlp	14	utterance_final	0	prompt_without	44	43	-0.5975271743886611	-0.625893680488362	-0.625003085416906	0.0008905950714560573	0.03139600867043146	0.03139600867043146
just	1	10	74	mlp	14	utterance_final	0	prompt_without	34	33	-1.474222469329834	-1.7407281398773193	-1.7464898586273194	-0.005761718750000089	-0.021619497769648697	0.0
just	1	2	197	mlp	15	utterance_final	0	prompt_without	31	30	-0.5145439130288584	-0.5825948671058372	-0.5822103729954472	0.00038449411038998793	0.00565009139996848	0.00565009139996848
just	1	4	290	mlp	15	utterance_final	0	prompt_without	38	37	-0.5846256205910131	-0.637218249471564	-0.6392807207609478	-0.0020624712893837494	-0.0392159763313612	0.0
just	1	9	491	mlp	15	utterance_final	0	prompt_without	44	43	-0.5975271743886611	-0.625893680488362	-0.6250558776013991	0.0008378028869628906	0.029534934052795586	0.029534934052795586
just	1	10	74	mlp	15	utterance_final	0	prompt_without	34	33	-1.474222469329834	-1.7407281398773193	-1.7383843898773192	0.002343750000000089	0.008794371974094583	0.008794371974094583
just	1	2	197	mlp	16	utterance_final	0	prompt_without	31	30	-0.5145439130288584	-0.5825948671058372	-0.5828267556649668	-0.0002318885591295894	-0.003407572491449253	0.0
just	1	4	290	mlp	16	utterance_final	0	prompt_without	38	37	-0.5846256205910131	-0.637218249471564	-0.6381446687798751	-0.000926419308311055	-0.017615002863141726	0.0
just	1	9	491	mlp	16	utterance_final	0	prompt_without	44	43	-0.5975271743886611	-0.625893680488362	-0.6254711186184603	0.0004225618699017497	0.014896507466113524	0.014896507466113524
just	1	10	74	mlp	16	utterance_final	0	prompt_without	34	33	-1.474222469329834	-1.7407281398773193	-1.7491263389587401	-0.00839819908142081	-0.03151227163072479	0.0
just	1	2	197	mlp	17	utterance_final	0	prompt_without	31	30	-0.5145439130288584	-0.5825948671058372	-0.5829293065600925	-0.0003344394542552642	-0.004914544678932031	0.0
just	1	4	290	mlp	17	utterance_final	0	prompt_without	38	37	-0.5846256205910131	-0.637218249471564	-0.6375713348388672	-0.0003530853673031631	-0.006713590379843821	0.0
just	1	9	491	mlp	17	utterance_final	0	prompt_without	44	43	-0.5975271743886611	-0.625893680488362	-0.6259123577791101	-1.867729074811475e-05	-0.0006584276076323572	0.0
just	1	10	74	mlp	17	utterance_final	0	prompt_without	34	33	-1.474222469329834	-1.7407281398773193	-1.7465875148773193	-0.005859375	-0.021985929935235623	0.0
just	1	2	197	mlp	18	utterance_final	0	prompt_without	31	30	-0.5145439130288584	-0.5825948671058372	-0.5835926400290595	-0.0009977729232223398	-0.014662144517381275	0.0
just	1	4	290	mlp	18	utterance_final	0	prompt_without	38	37	-0.5846256205910131	-0.637218249471564	-0.638658699236418	-0.0014404497648540238	-0.027388814659286036	0.0
just	1	9	491	mlp	18	utterance_final	0	prompt_without	44	43	-0.5975271743886611	-0.625893680488362	-0.6255208394106697	0.0003728410776923097	0.01314370815996407	0.01314370815996407
just	1	10	74	mlp	18	utterance_final	0	prompt_without	34	33	-1.474222469329834	-1.7407281398773193	-1.7441461086273193	-0.00341796875	-0.012825125795554114	0.0
just	1	2	197	mlp	19	utterance_final	0	prompt_without	31	30	-0.5145439130288584	-0.5825948671058372	-0.5818141875443635	0.0007806795614736517	0.01147198554469276	0.01147198554469276
just	1	4	290	mlp	19	utterance_final	0	prompt_without	38	37	-0.5846256205910131	-0.637218249471564	-0.6391812876651162	-0.001963038193552147	-0.037325348348922135	0.0
just	1	9	491	mlp	19	utterance_final	0	prompt_without	44	43	-0.5975271743886611	-0.625893680488362	-0.6257156238836401	0.0001780566047219212	0.006277001619307584	0.006277001619307584
just	1	10	74	mlp	19	utterance_final	0	prompt_without	34	33	-1.474222469329834	-1.7407281398773193	-1.7445367336273194	-0.003808593750000089	-0.014290854457903488	0.0
just	1	2	197	mlp	20	utterance_final	0	prompt_without	31	30	-0.5145439130288584	-0.5825948671058372	-0.5819561304869475	0.0006387366188896904	0.009386152296515278	0.009386152296515278
just	1	4	290	mlp	20	utterance_final	0	prompt_without	38	37	-0.5846256205910131	-0.637218249471564	-0.6380837089137027	-0.0008654594421386719	-0.01645590761595726	0.0
just	1	9	491	mlp	20	utterance_final	0	prompt_without	44	43	-0.5975271743886611	-0.625893680488362	-0.6249381373910343	0.0009555430973277046	0.03368561126171894	0.03368561126171894
just	1	10	74	mlp	20	utterance_final	0	prompt_without	34	33	-1.474222469329834	-1.7407281398773193	-1.7415093898773193	-0.0007812499999999556	-0.0029314573246979163	0.0
just	1	2	197	mlp	21	utterance_final	0	prompt_without	31	30	-0.5145439130288584	-0.5825948671058372	-0.5821429623497857	0.00045190475605150215	0.006640682150323864	0.006640682150323864
just	1	4	290	mlp	21	utterance_final	0	prompt_without	38	37	-0.5846256205910131	-0.637218249471564	-0.6375142900567305	-0.00029604058516652376	-0.005628936820003712	0.0
just	1	9	491	mlp	21	utterance_final	0	prompt_without	44	43	-0.5975271743886611	-0.625893680488362	-0.6248348495539497	0.0010588309344122804	0.03732680121727941	0.03732680121727941
just	1	10	74	mlp	21	utterance_final	0	prompt_without	34	33	-1.474222469329834	-1.7407281398773193	-1.7420953273773194	-0.0013671875000000888	-0.005130050318221979	0.0
just	1	2	197	mlp	22	utterance_final	0	prompt_without	31	30	-0.5145439130288584	-0.5825948671058372	-0.5826338043919316	-3.893728609438707e-05	-0.0005721784010602035	0.0
just	1	4	290	mlp	22	utterance_final	0	prompt_without	38	37	-0.5846256205910131	-0.637218249471564	-0.6373657176369115	-0.0001474681653474974	-0.0028039702233259535	0.0
just	1	9	491	mlp	22	utterance_final	0	prompt_without	44	43	-0.5975271743886611	-0.625893680488362	-0.6240970071624307	0.0017966733259313639	0.06333784356862711	0.06333784356862711
just	1	10	74	mlp	22	utterance_final	0	prompt_without	34	33	-1.474222469329834	-1.7407281398773193	-1.7407281398773193	0.0	0.0	0.0
just	1	2	197	mlp	23	utterance_final	0	prompt_without	31	30	-0.5145439130288584	-0.5825948671058372	-0.5823853943083022	0.00020947279753502634	0.0030781757636795517	0.0030781757636795517
just	1	4	290	mlp	23	utterance_final	0	prompt_without	38	37	-0.5846256205910131	-0.637218249471564	-0.6384705744291607	-0.00125232495759664	-0.02381179614430259	0.0
just	1	9	491	mlp	23	utterance_final	0	prompt_without	44	43	-0.5975271743886611	-0.625893680488362	-0.6256543713457444	0.00023930914261760527	0.008436327751345039	0.008436327751345039
just	1	10	74	mlp	23	utterance_final	0	prompt_without	34	33	-1.474222469329834	-1.7407281398773193	-1.7434625148773193	-0.0027343749999999556	-0.010260100636443125	0.0
just	1	2	197	mlp	24	utterance_final	0	prompt_without	31	30	-0.5145439130288584	-0.5825948671058372	-0.5827070827837344	-0.00011221567789720943	-0.0016489949247481786	0.0
just	1	4	290	mlp	24	utterance_final	0	prompt_without	38	37	-0.5846256205910131	-0.637218249471564	-0.6379832970468622	-0.0007650475752981611	-0.014546669211682631	0.0
just	1	9	491	mlp	24	utterance_final	0	prompt_without	44	43	-0.5975271743886611	-0.625893680488362	-0.6248190683477065	0.0010746121406555176	0.037883133611116365	0.037883133611116365
just	1	10	74	mlp	24	utterance_final	0	prompt_without	34	33	-1.474222469329834	-1.7407281398773193	-1.7407281398773193	0.0	0.0	0.0
just	1	2	197	mlp	25	utterance_final	0	prompt_without	31	30	-0.5145439130288584	-0.5825948671058372	-0.5810752842161391	0.0015195828896981123	0.022330074725758726	0.022330074725758726
just	1	4	290	mlp	25	utterance_final	0	prompt_without	38	37	-0.5846256205910131	-0.637218249471564	-0.6376676810415167	-0.0004494315699526963	-0.00854552395495291	0.0
just	1	9	491	mlp	25	utterance_final	0	prompt_without	44	43	-0.5975271743886611	-0.625893680488362	-0.6253285127527574	0.0005651677356046658	0.019923769731042925	0.019923769731042925
just	1	10	74	mlp	25	utterance_final	0	prompt_without	34	33	-1.474222469329834	-1.7407281398773193	-1.7419000148773194	-0.0011718750000000444	-0.004397185987047292	0.0
just	1	2	197	mlp	26	utterance_final	0	prompt_without	31	30	-0.5145439130288584	-0.5825948671058372	-0.5829879177941216	-0.00039305068828443535	-0.005775829209386527	0.0
just	1	4	290	mlp	26	utterance_final	0	prompt_without	38	37	-0.5846256205910131	-0.637218249471564	-0.637450142910606	-0.00023189343904195248	-0.004409238404275851	0.0
just	1	9	491	mlp	26	utterance_final	0	prompt_without	44	43	-0.5975271743886611	-0.625893680488362	-0.6262650910545798	-0.0003714105662178113	-0.01309327856283743	0.0
just	1	10	74	mlp	26	utterance_final	0	prompt_without	34	33	-1.474222469329834	-1.7407281398773193	-1.7407280683517456	7.152557368605983e-08	2.6838293361309766e-07	2.6838293361309766e-07
just	1	2	197	mlp	27	utterance_final	0	prompt_without	31	30	-0.5145439130288584	-0.5825948671058372	-0.5815025965372721	0.0010922705685650902	0.01605077523717773	0.01605077523717773
just	1	4	290	mlp	27	utterance_final	0	prompt_without	38	37	-0.5846256205910131	-0.637218249471564	-0.6373724435505114	-0.00015419407894734505	-0.002931857224660753	0.0
just	1	9	491	mlp	27	utterance_final	0	prompt_without	44	43	-0.5975271743886611	-0.625893680488362	-0.625487835968242	0.0004058445201200467	0.014307173350627258	0.014307173350627258
just	1	10	74	mlp	27	utterance_final	0	prompt_without	34	33	-1.474222469329834	-1.7407281398773193	-1.7419000148773194	-0.0011718750000000444	-0.004397185987047292	0.0
just	1	2	197	mlp	28	utterance_final	0	prompt_without	31	30	-0.5145439130288584	-0.5825948671058372	-0.5825695682454992	2.529886033797446e-05	0.00037176349224077814	0.00037176349224077814
just	1	4	290	mlp	28	utterance_final	0	prompt_without	38	37	-0.5846256205910131	-0.637218249471564	-0.6374688148498535	-0.0002505653782894912	-0.004764267990074779	0.0
just	1	9	491	mlp	28	utterance_final	0	prompt_without	44	43	-0.5975271743886611	-0.625893680488362	-0.6250594538800857	0.0008342266082763672	0.029408860059969195	0.029408860059969195
just	1	10	74	mlp	28	utterance_final	0	prompt_without	34	33	-1.474222469329834	-1.7407281398773193	-1.7401422023773194	0.0005859374999999112	0.002198592993523229	0.002198592993523229
just	1	2	197	mlp	29	utterance_final	0	prompt_without	31	30	-0.5145439130288584	-0.5825948671058372	-0.5823369600154735	0.00025790709036366266	0.003789911454759617	0.003789911454759617
just	1	4	290	mlp	29	utterance_final	0	prompt_without	38	37	-0.5846256205910131	-0.637218249471564	-0.6376037346689325	-0.00038548519736847364	-0.007329643061653994	0.0
just	1	9	491	mlp	29	utterance_final	0	prompt_without	44	43	-0.5975271743886611	-0.625893680488362	-0.6256796647520626	0.00021401573629942217	0.007544663256983861	0.007544663256983861
just	1	10	74	mlp	29	utterance_final	0	prompt_without	34	33	-1.474222469329834	-1.7407281398773193	-1.7420953273773194	-0.0013671875000000888	-0.005130050318221979	0.0
just	1	2	197	mlp	30	utterance_final	0	prompt_without	31	30	-0.5145439130288584	-0.5825948671058372	-0.5823781446174339	0.0002167224884033203	0.0031847090366751538	0.0031847090366751538
just	1	4	290	mlp	30	utterance_final	0	prompt_without	38	37	-0.5846256205910131	-0.637218249471564	-0.6373078948573062	-8.96453857421875e-05	-0.0017045237640771155	0.0
just	1	9	491	mlp	30	utterance_final	0	prompt_without	44	43	-0.5975271743886611	-0.625893680488362	-0.625653442214517	0.00024023827384500596	0.008469082269089842	0.008469082269089842
just	1	10	74	mlp	30	utterance_final	0	prompt_without	34	33	-1.474222469329834	-1.7407281398773193	-1.7407281398773193	0.0	0.0	0.0
just	1	2	197	mlp	31	utterance_final	0	prompt_without	31	30	-0.5145439130288584	-0.5825948671058372	-0.5825948671058372	0.0	0.0	0.0
just	1	4	290	mlp	31	utterance_final	0	prompt_without	38	37	-0.5846256205910131	-0.637218249471564	-0.637218249471564	0.0	0.0	0.0
just	1	9	491	mlp	31	utterance_final	0	prompt_without	44	43	-0.5975271743886611	-0.625893680488362	-0.625893680488362	0.0	0.0	0.0
just	1	10	74	mlp	31	utterance_final	0	prompt_without	34	33	-1.474222469329834	-1.7407281398773193	-1.7407281398773193	0.0	0.0	0.0
just	1	12	225	mlp	0	utterance_final	0	prompt_without	26	25	-0.24122889135398118	-0.2984287294687009	-0.29882490401174505	-0.0003961745430441366	-0.006926147977019982	0.0
just	1	13	18	mlp	0	utterance_final	0	prompt_without	53	52	-0.3288378348717323	-0.582470511778807	-0.5818686179625683	0.0006018938162387633	0.002373092550922701	0.002373092550922701
just	1	15	192	mlp	0	utterance_final	0	prompt_without	43	42	-0.563782296928705	-0.6283812289144478	-0.6278247085272097	0.0005565203872380797	0.008615009105118103	0.008615009105118103
just	1	16	462	mlp	0	utterance_final	0	prompt_without	61	60	-0.7021033445994059	-0.7493457396825155	-0.7513831694920857	-0.0020374298095702237	-0.04312714895140149	0.0
just	1	12	225	mlp	1	utterance_final	0	prompt_without	26	25	-0.24122889135398118	-0.2984287294687009	-0.29840680664660885	2.192282209206864e-05	0.0003832672051990834	0.0003832672051990834
just	1	13	18	mlp	1	utterance_final	0	prompt_without	53	52	-0.3288378348717323	-0.582470511778807	-0.5815078020095825	0.0009627097692245234	0.003795685086654818	0.003795685086654818
just	1	15	192	mlp	1	utterance_final	0	prompt_without	43	42	-0.563782296928705	-0.6283812289144478	-0.6277882842456594	0.0005929446687884532	0.009178861794794341	0.009178861794794341
just	1	16	462	mlp	1	utterance_final	0	prompt_without	61	60	-0.7021033445994059	-0.7493457396825155	-0.7502041101455689	-0.0008583704630533706	-0.018169495038160358	0.0
just	1	12	225	mlp	2	utterance_final	0	prompt_without	26	25	-0.24122889135398118	-0.2984287294687009	-0.29866694469077915	-0.00023821522207823076	-0.004164613571116537	0.0
just	1	13	18	mlp	2	utterance_final	0	prompt_without	53	52	-0.3288378348717323	-0.582470511778807	-0.5813423486856314	0.0011281630931756492	0.004448019501797012	0.004448019501797012
just	1	15	192	mlp	2	utterance_final	0	prompt_without	43	42	-0.563782296928705	-0.6283812289144478	-0.6284378813762291	-5.665246178132577e-05	-0.0008769875915878782	0.0
just	1	16	462	mlp	2	utterance_final	0	prompt_without	61	60	-0.7021033445994059	-0.7493457396825155	-0.7500363270441691	-0.0006905873616536162	-0.014617958307124862	0.0
just	1	12	225	mlp	3	utterance_final	0	prompt_without	26	25	-0.24122889135398118	-0.2984287294687009	-0.29797810432957667	0.00045062513912424995	0.00787808416905793	0.00787808416905793
just	1	13	18	mlp	3	utterance_final	0	prompt_without	53	52	-0.3288378348717323	-0.582470511778807	-0.5820481746624677	0.0004223371163393219	0.0016651526194870255	0.0016651526194870255
just	1	15	192	mlp	3	utterance_final	0	prompt_without	43	42	-0.563782296928705	-0.6283812289144478	-0.6279519515879014	0.0004292773265464067	0.0066452697180991996	0.0066452697180991996
just	1	16	462	mlp	3	utterance_final	0	prompt_without	61	60	-0.7021033445994059	-0.7493457396825155	-0.7496575832366943	-0.0003118435541787923	-0.006600926003649734	0.0
just	1	12	225	mlp	4	utterance_final	0	prompt_without	26	25	-0.24122889135398118	-0.2984287294687009	-0.29645028768801224	0.001978441780688678	0.03458824090936628	0.03458824090936628
just	1	13	18	mlp	4	utterance_final	0	prompt_without	53	52	-0.3288378348717323	-0.582470511778807	-0.5794588847038074	0.00301162707499969	0.011873971097592766	0.011873971097592766
just	1	15	192	mlp	4	utterance_final	0	prompt_without	43	42	-0.563782296928705	-0.6283812289144478	-0.6280474288790834	0.0003338000353644288	0.005167268639024858	0.005167268639024858
just	1	16	462	mlp	4	utterance_final	0	prompt_without	61	60	-0.7021033445994059	-0.7493457396825155	-0.7467560052871705	0.0025897343953450447	0.05481801654613707	0.05481801654613707
just	1	12	225	mlp	5	utterance_final	0	prompt_without	26	25	-0.24122889135398118	-0.2984287294687009	-0.30173362470140647	-0.0033048952327055514	-0.057778052204925275	0.0
just	1	13	18	mlp	5	utterance_final	0	prompt_without	53	52	-0.3288378348717323	-0.582470511778807	-0.5808397990006667	0.0016307127781403086	0.006429426988769924	0.006429426988769924
just	1	15	192	mlp	5	utterance_final	0	prompt_without	43	42	-0.563782296928705	-0.6283812289144478	-0.6284355556263643	-5.4326711916519166e-05	-0.0008409846764728125	0.0
just	1	16	462	mlp	5	utterance_final	0	prompt_without	61	60	-0.7021033445994059	-0.7493457396825155	-0.7493440230687459	1.716613769575659e-06	3.63362984995948e-05	3.63362984995948e-05
just	1	12	225	mlp	6	utterance_final	0	prompt_without	26	25	-0.24122889135398118	-0.2984287294687009	-0.2973150085000431	0.0011137209686578053	0.01947070141045035	0.01947070141045035
just	1	13	18	mlp	6	utterance_final	0	prompt_without	53	52	-0.3288378348717323	-0.582470511778807	-0.5795908860671215	0.0028796257116855406	0.011353528050096519	0.011353528050096519
just	1	15	192	mlp	6	utterance_final	0	prompt_without	43	42	-0.563782296928705	-0.6283812289144478	-0.6281325513241338	0.00024867759031399483	0.0038495619458364825	0.0038495619458364825
just	1	16	462	mlp	6	utterance_final	0	prompt_without	61	60	-0.7021033445994059	-0.7493457396825155	-0.7503983418146769	-0.0010526021321614065	-0.0222808799238407	0.0
just	1	12	225	mlp	7	utterance_final	0	prompt_without	26	25	-0.24122889135398118	-0.2984287294687009	-0.29259884123708685	0.0058298882316140666	0.10192141138444603	0.10192141138444603
just	1	13	18	mlp	7	utterance_final	0	prompt_without	53	52	-0.3288378348717323	-0.582470511778807	-0.5819274890117156	0.0005430227670913945	0.002140981097992928	0.002140981097992928
just	1	15	192	mlp	7	utterance_final	0	prompt_without	43	42	-0.563782296928705	-0.6283812289144478	-0.6281873572106454	0.00019387170380236185	0.003001159583337227	0.003001159583337227
just	1	16	462	mlp	7	utterance_final	0	prompt_without	61	60	-0.7021033445994059	-0.7493457396825155	-0.7495097080866496	-0.00016396840413412939	-0.0034707894010384864	0.0
just	1	12	225	mlp	8	utterance_final	0	prompt_without	26	25	-0.24122889135398118	-0.2984287294687009	-0.2994554650549795	-0.001026735586278582	-0.01794997363837579	0.0
just	1	13	18	mlp	8	utterance_final	0	prompt_without	53	52	-0.3288378348717323	-0.582470511778807	-0.5807295334644806	0.0017409783143264024	0.006864171981137341	0.006864171981137341
just	1	15	192	mlp	8	utterance_final	0	prompt_without	43	42	-0.563782296928705	-0.6283812289144478	-0.6299439318039838	-0.0015627028895359718	-0.024190847147145783	0.0
just	1	16	462	mlp	8	utterance_final	0	prompt_without	61	60	-0.7021033445994059	-0.7493457396825155	-0.7503677686055501	-0.0010220289230346014	-0.021633723718635176	0.0
just	1	12	225	mlp	9	utterance_final	0	prompt_without	26	25	-0.24122889135398118	-0.2984287294687009	-0.2946167179182464	0.0038120115504545193	0.06664374718699669	0.06664374718699669
just	1	13	18	mlp	9	utterance_final	0	prompt_without	53	52	-0.3288378348717323	-0.582470511778807	-0.5757353214117197	0.0067351903670873625	0.026554899980632162	0.026554899980632162
just	1	15	192	mlp	9	utterance_final	0	prompt_without	43	42	-0.563782296928705	-0.6283812289144478	-0.6273136980393353	0.0010675308751124657	0.016525518956692235	0.016525518956692235
just	1	16	462	mlp	9	utterance_final	0	prompt_without	61	60	-0.7021033445994059	-0.7493457396825155	-0.7505849440892537	-0.0012392044067381924	-0.02623077014952702	0.0
just	1	12	225	mlp	10	utterance_final	0	prompt_without	26	25	-0.24122889135398118	-0.2984287294687009	-0.30345810628404807	-0.005029376815347153	-0.08792641694650005	0.0
just	1	13	18	mlp	10	utterance_final	0	prompt_without	53	52	-0.3288378348717323	-0.582470511778807	-0.586982344969725	-0.004511833190917969	-0.017788848211269723	0.0
just	1	15	192	mlp	10	utterance_final	0	prompt_without	43	42	-0.563782296928705	-0.6283812289144478	-0.6293182069180059	-0.0009369780035580755	-0.014504543260326177	0.0
just	1	16	462	mlp	10	utterance_final	0	prompt_without	61	60	-0.7021033445994059	-0.7493457396825155	-0.7508121728897095	-0.0014664332071939734	-0.031040619439683382	0.0
just	1	12	225	mlp	11	utterance_final	0	prompt_without	26	25	-0.24122889135398118	-0.2984287294687009	-0.30136102554844874	-0.0029322960797478204	-0.051264062563723005	0.0
just	1	13	18	mlp	11	utterance_final	0	prompt_without	53	52	-0.3288378348717323	-0.582470511778807	-0.5877829973514264	-0.005312485572619319	-0.020945588074070175	0.0
just	1	15	192	mlp	11	utterance_final	0	prompt_without	43	42	-0.563782296928705	-0.6283812289144478	-0.6308836703206978	-0.00250244140625	-0.038738123515761766	0.0
just	1	16	462	mlp	11	utterance_final	0	prompt_without	61	60	-0.7021033445994059	-0.7493457396825155	-0.7524414857228597	-0.0030957460403442383	-0.06552898164663652	0.0
just	1	12	225	mlp	12	utterance_final	0	prompt_without	26	25	-0.24122889135398118	-0.2984287294687009	-0.2968822554046032	0.0015464740640976915	0.027036336379066144	0.027036336379066144
just	1	13	18	mlp	12	utterance_final	0	prompt_without	53	52	-0.3288378348717323	-0.582470511778807	-0.5888183330878233	-0.006347821309016233	-0.0250276162615353	0.0
just	1	15	192	mlp	12	utterance_final	0	prompt_without	43	42	-0.563782296928705	-0.6283812289144478	-0.6274910884744981	0.000890140439949727	0.01377949158890403	0.01377949158890403
just	1	16	462	mlp	12	utterance_final	0	prompt_without	61	60	-0.7021033445994059	-0.7493457396825155	-0.7501571814219157	-0.000811441739400176	-0.017176134655592184	0.0
just	1	12	225	mlp	13	utterance_final	0	prompt_without	26	25	-0.24122889135398118	-0.2984287294687009	-0.29869479057835596	-0.0002660611096550469	-0.004651431165267216	0.0
just	1	13	18	mlp	13	utterance_final	0	prompt_without	53	52	-0.3288378348717323	-0.582470511778807	-0.5867991722547091	-0.00432866047590208	-0.01706665138217976	0.0
just	1	15	192	mlp	13	utterance_final	0	prompt_without	43	42	-0.563782296928705	-0.6283812289144478	-0.6287327537349626	-0.0003515248205148147	-0.005441650654416348	0.0
just	1	16	462	mlp	13	utterance_final	0	prompt_without	61	60	-0.7021033445994059	-0.7493457396825155	-0.7474129597345988	0.0019327799479167407	0.040911980531820276	0.040911980531820276
just	1	12	225	mlp	14	utterance_final	0	prompt_without	26	25	-0.24122889135398118	-0.2984287294687009	-0.29905517428529027	-0.0006264448165893555	-0.010951863453406294	0.0
just	1	13	18	mlp	14	utterance_final	0	prompt_without	53	52	-0.3288378348717323	-0.582470511778807	-0.5842750133612217	-0.0018045015824146304	-0.007114625782527852	0.0
just	1	15	192	mlp	14	utterance_final	0	prompt_without	43	42	-0.563782296928705	-0.6283812289144478	-0.62728437722898	0.0010968516854678034	0.016979408973973154	0.016979408973973154
just	1	16	462	mlp	14	utterance_final	0	prompt_without	61	60	-0.7021033445994059	-0.7493457396825155	-0.7481924931208292	0.0011532465616862497	0.02441126364693069	0.02441126364693069
just	1	12	225	mlp	15	utterance_final	0	prompt_without	26	25	-0.24122889135398118	-0.2984287294687009	-0.29936397075653076	-0.0009352412878298466	-0.01635041843919437	0.0
just	1	13	18	mlp	15	utterance_final	0	prompt_without	53	52	-0.3288378348717323	-0.582470511778807	-0.5828255812327067	-0.00035506945389962574	-0.0013999357583948662	0.0
just	1	15	192	mlp	15	utterance_final	0	prompt_without	43	42	-0.563782296928705	-0.6283812289144478	-0.6298797714943979	-0.0014985425799500796	-0.02319763707983302	0.0
just	1	16	462	mlp	15	utterance_final	0	prompt_without	61	60	-0.7021033445994059	-0.7493457396825155	-0.748720129330953	0.0006256103515625	0.013242562119509742	0.013242562119509742
just	1	12	225	mlp	16	utterance_final	0	prompt_without	26	25	-0.24122889135398118	-0.2984287294687009	-0.2988487458696552	-0.0004200164009542928	-0.007342964854409375	0.0
just	1	13	18	mlp	16	utterance_final	0	prompt_without	53	52	-0.3288378348717323	-0.582470511778807	-0.5821282130021316	0.0003422987766754648	0.0013495846862069563	0.0013495846862069563
just	1	15	192	mlp	16	utterance_final	0	prompt_without	43	42	-0.563782296928705	-0.6283812289144478	-0.627732749078788	0.0006484798356598542	0.010038553513593312	0.010038553513593312
just	1	16	462	mlp	16	utterance_final	0	prompt_without	61	60	-0.7021033445994059	-0.7493457396825155	-0.7510743697484334	-0.0017286300659179465	-0.03659065258814489	0.0
just	1	12	225	mlp	17	utterance_final	0	prompt_without	26	25	-0.24122889135398118	-0.2984287294687009	-0.2984034641116273	2.5265357073589456e-05	0.00044170329683306745	0.00044170329683306745
just	1	13	18	mlp	17	utterance_final	0	prompt_without	53	52	-0.3288378348717323	-0.582470511778807	-0.581658586477622	0.0008119253011850125	0.0032011857111080505	0.0032011857111080505
just	1	15	192	mlp	17	utterance_final	0	prompt_without	43	42	-0.563782296928705	-0.6283812289144478	-0.6285489914464015	-0.00016776253195371904	-0.0025969861543646677	0.0
just	1	16	462	mlp	17	utterance_final	0	prompt_without	61	60	-0.7021033445994059	-0.7493457396825155	-0.7506224552790324	-0.0012767155965168753	-0.027024785561165072	0.0
just	1	12	225	mlp	18	utterance_final	0	prompt_without	26	25	-0.24122889135398118	-0.2984287294687009	-0.2987465648090138	-0.0003178353403128775	-0.00555657761959795	0.0
just	1	13	18	mlp	18	utterance_final	0	prompt_without	53	52	-0.3288378348717323	-0.582470511778807	-0.5823655097912519	0.00010500198755514223	0.0004139923484449623	0.0004139923484449623
just	1	15	192	mlp	18	utterance_final	0	prompt_without	43	42	-0.563782296928705	-0.6283812289144478	-0.6273693757898667	0.0010118531245810747	0.01566362002400277	0.01566362002400277
just	1	16	462	mlp	18	utterance_final	0	prompt_without	61	60	-0.7021033445994059	-0.7493457396825155	-0.7493040959040324	4.164377848314693e-05	0.000881491685802266	0.000881491685802266
just	1	12	225	mlp	19	utterance_final	0	prompt_without	26	25	-0.24122889135398118	-0.2984287294687009	-0.2988976497276157	-0.0004689202589147623	-0.008197929825855415	0.0
just	1	13	18	mlp	19	utterance_final	0	prompt_without	53	52	-0.3288378348717323	-0.582470511778807	-0.5812772970933181	0.0011932146854889414	0.004704499041841159	0.004704499041841159
just	1	15	192	mlp	19	utterance_final	0	prompt_without	43	42	-0.563782296928705	-0.6283812289144478	-0.6279110113779703	0.00047021753647746856	0.007279029575616619	0.007279029575616619
just	1	16	462	mlp	19	utterance_final	0	prompt_without	61	60	-0.7021033445994059	-0.7493457396825155	-0.7502653360366821	-0.0009195963541666075	-0.01946548968461144	0.0
just	1	12	225	mlp	20	utterance_final	0	prompt_without	26	25	-0.24122889135398118	-0.2984287294687009	-0.29836126636056337	6.74631081375443e-05	0.0011794283054130433	0.0011794283054130433
just	1	13	18	mlp	20	utterance_final	0	prompt_without	53	52	-0.3288378348717323	-0.582470511778807	-0.5819779145411956	0.000492597237611414	0.0019421678768619017	0.0019421678768619017
just	1	15	192	mlp	20	utterance_final	0	prompt_without	43	42	-0.563782296928705	-0.6283812289144478	-0.6282390122320137	0.00014221668243408203	0.0022015330294542584	0.0022015330294542584
just	1	16	462	mlp	20	utterance_final	0	prompt_without	61	60	-0.7021033445994059	-0.7493457396825155	-0.7489296833674113	0.0004160563151042185	0.008806842125008388	0.008806842125008388
just	1	12	225	mlp	21	utterance_final	0	prompt_without	26	25	-0.24122889135398118	-0.2984287294687009	-0.29881635132957907	-0.0003876218608781512	-0.006776625138356835	0.0
just	1	13	18	mlp	21	utterance_final	0	prompt_without	53	52	-0.3288378348717323	-0.582470511778807	-0.5816079194729145	0.0008625923058925844	0.003400950998946475	0.003400950998946475
just	1	15	192	mlp	21	utterance_final	0	prompt_without	43	42	-0.563782296928705	-0.6283812289144478	-0.6276176723779416	0.0007635565365061714	0.011819956043153938	0.011819956043153938
just	1	16	462	mlp	21	utterance_final	0	prompt_without	61	60	-0.7021033445994059	-0.7493457396825155	-0.7502951542536418	-0.0009494145711262947	-0.0200966646474225	0.0
just	1	12	225	mlp	22	utterance_final	0	prompt_without	26	25	-0.24122889135398118	-0.2984287294687009	-0.2982289346994138	0.00019979476928710938	0.003492925432523111	0.003492925432523111
just	1	13	18	mlp	22	utterance_final	0	prompt_without	53	52	-0.3288378348717323	-0.582470511778807	-0.5824681581595005	2.3536193065609723e-06	9.279637526450446e-06	9.279637526450446e-06
just	1	15	192	mlp	22	utterance_final	0	prompt_without	43	42	-0.563782296928705	-0.6283812289144478	-0.6280467977710799	0.00033443114336795254	0.005177038274282342	0.005177038274282342
just	1	16	462	mlp	22	utterance_final	0	prompt_without	61	60	-0.7021033445994059	-0.7493457396825155	-0.7502043008804321	-0.0008585611979166075	-0.01817353240465927	0.0
just	1	12	225	mlp	23	utterance_final	0	prompt_without	26	25	-0.24122889135398118	-0.2984287294687009	-0.29858729418586283	-0.00015856471716191312	-0.0027721182854380886	0.0
just	1	13	18	mlp	23	utterance_final	0	prompt_without	53	52	-0.3288378348717323	-0.582470511778807	-0.5814603230892084	0.001010188689598679	0.003982880683662023	0.003982880683662023
just	1	15	192	mlp	23	utterance_final	0	prompt_without	43	42	-0.563782296928705	-0.6283812289144478	-0.6281415153952206	0.00023971351922724704	0.0037107969413511734	0.0037107969413511734
just	1	16	462	mlp	23	utterance_final	0	prompt_without	61	60	-0.7021033445994059	-0.7493457396825155	-0.7494515339533488	-0.00010579427083334814	-0.0022393926185840744	0.0
just	1	12	225	mlp	24	utterance_final	0	prompt_without	26	25	-0.24122889135398118	-0.2984287294687009	-0.2986486285340552	-0.00021989906535430093	-0.0038444001347219263	0.0
just	1	13	18	mlp	24	utterance_final	0	prompt_without	53	52	-0.3288378348717323	-0.582470511778807	-0.5811622203924717	0.0013082913863353696	0.005158213059489562	0.005158213059489562
just	1	15	192	mlp	24	utterance_final	0	prompt_without	43	42	-0.563782296928705	-0.6283812289144478	-0.6279103288463518	0.00047090006809602514	0.0072895952552273465	0.0072895952552273465
just	1	16	462	mlp	24	utterance_final	0	prompt_without	61	60	-0.7021033445994059	-0.7493457396825155	-0.7494110345840455	-6.529490152995532e-05	-0.0013821251317823217	0.0
just	1	12	225	mlp	25	utterance_final	0	prompt_without	26	25	-0.24122889135398118	-0.2984287294687009	-0.29864518548928054	-0.0002164560205796251	-0.0037842068738988717	0.0
just	1	13	18	mlp	25	utterance_final	0	prompt_without	53	52	-0.3288378348717323	-0.582470511778807	-0.5819693834353716	0.0005011283434354086	0.001975803550025262	0.001975803550025262
just	1	15	192	mlp	25	utterance_final	0	prompt_without	43	42	-0.563782296928705	-0.6283812289144478	-0.6283712574079925	9.971506455319634e-06	0.00015436023706274853	0.00015436023706274853
just	1	16	462	mlp	25	utterance_final	0	prompt_without	61	60	-0.7021033445994059	-0.7493457396825155	-0.7494718790054321	-0.00012613932291660745	-0.002670045045233231	0.0
just	1	12	225	mlp	26	utterance_final	0	prompt_without	26	25	-0.24122889135398118	-0.2984287294687009	-0.298722035744611	-0.00029330627591006575	-0.005127746608684662	0.0
just	1	13	18	mlp	26	utterance_final	0	prompt_without	53	52	-0.3288378348717323	-0.582470511778807	-0.5822234276013497	0.00024708417745733513	0.0009741811680987034	0.0009741811680987034
just	1	15	192	mlp	26	utterance_final	0	prompt_without	43	42	-0.563782296928705	-0.6283812289144478	-0.6287076473236084	-0.0003264184091605893	-0.005053000090351814	0.0
just	1	16	462	mlp	26	utterance_final	0	prompt_without	61	60	-0.7021033445994059	-0.7493457396825155	-0.7506234089533488	-0.0012776692708332815	-0.027044972393664327	0.0
just	1	12	225	mlp	27	utterance_final	0	prompt_without	26	25	-0.24122889135398118	-0.2984287294687009	-0.29902742657006953	-0.0005986971013686171	-0.010466762164044466	0.0
just	1	13	18	mlp	27	utterance_final	0	prompt_without	53	52	-0.3288378348717323	-0.582470511778807	-0.5820118005459125	0.0004587112328945375	0.0018085651994383944	0.0018085651994383944
just	1	15	192	mlp	27	utterance_final	0	prompt_without	43	42	-0.563782296928705	-0.6283812289144478	-0.6279861693288765	0.00039505958557128906	0.006115574567989448	0.006115574567989448
just	1	16	462	mlp	27	utterance_final	0	prompt_without	61	60	-0.7021033445994059	-0.7493457396825155	-0.7496387084325155	-0.0002929687499999556	-0.006201394943769476	0.0
just	1	12	225	mlp	28	utterance_final	0	prompt_without	26	25	-0.24122889135398118	-0.2984287294687009	-0.29901757894777786	-0.0005888494790769472	-0.010294600447923529	0.0
just	1	13	18	mlp	28	utterance_final	0	prompt_without	53	52	-0.3288378348717323	-0.582470511778807	-0.5824929414651333	-2.2429686326264076e-05	-8.8433740477698e-05	0.0
just	1	15	192	mlp	28	utterance_final	0	prompt_without	43	42	-0.563782296928705	-0.6283812289144478	-0.6283979556139778	-1.6726699530011935e-05	-0.00025893151815116017	0.0
just	1	16	462	mlp	28	utterance_final	0	prompt_without	61	60	-0.7021033445994059	-0.7493457396825155	-0.7504036823908488	-0.0010579427083332593	-0.022393926185836042	0.0
just	1	12	225	mlp	29	utterance_final	0	prompt_without	26	25	-0.24122889135398118	-0.2984287294687009	-0.29849889699150534	-7.016752280442073e-05	-0.0012267084159170707	0.0
just	1	13	18	mlp	29	utterance_final	0	prompt_without	53	52	-0.3288378348717323	-0.582470511778807	-0.5824004319997934	7.007977901363205e-05	0.0002763042202141315	0.0002763042202141315
just	1	15	192	mlp	29	utterance_final	0	prompt_without	43	42	-0.563782296928705	-0.6283812289144478	-0.6280470128152885	0.0003342160991592902	0.0051737093615271	0.0051737093615271
just	1	16	462	mlp	29	utterance_final	0	prompt_without	61	60	-0.7021033445994059	-0.7493457396825155	-0.7495288451512655	-0.00018310546875	-0.0038758718398565098	0.0
just	1	12	225	mlp	30	utterance_final	0	prompt_without	26	25	-0.24122889135398118	-0.2984287294687009	-0.29909534547843186	-0.000666616009730947	-0.011654159027408172	0.0
just	1	13	18	mlp	30	utterance_final	0	prompt_without	53	52	-0.3288378348717323	-0.582470511778807	-0.582697712458097	-0.0002272006792899406	-0.0008957863082176188	0.0
just	1	15	192	mlp	30	utterance_final	0	prompt_without	43	42	-0.563782296928705	-0.6283812289144478	-0.6282188424877092	0.00016238642673860326	0.002513763335505955	0.002513763335505955
just	1	16	462	mlp	30	utterance_final	0	prompt_without	61	60	-0.7021033445994059	-0.7493457396825155	-0.7499316771825154	-0.0005859374999999112	-0.012402789887538951	0.0
just	1	12	225	mlp	31	utterance_final	0	prompt_without	26	25	-0.24122889135398118	-0.2984287294687009	-0.2984287294687009	0.0	0.0	0.0
just	1	13	18	mlp	31	utterance_final	0	prompt_without	53	52	-0.3288378348717323	-0.582470511778807	-0.582470511778807	0.0	0.0	0.0
just	1	15	192	mlp	31	utterance_final	0	prompt_without	43	42	-0.563782296928705	-0.6283812289144478	-0.6283812289144478	0.0	0.0	0.0
just	1	16	462	mlp	31	utterance_final	0	prompt_without	61	60	-0.7021033445994059	-0.7493457396825155	-0.7493457396825155	0.0	0.0	0.0
just	1	18	146	mlp	0	utterance_final	0	prompt_without	37	36	-0.6786665831293378	-0.7617929237229484	-0.760836987268357	0.0009559364545913551	0.011499801961267044	0.011499801961267044
just	1	20	492	mlp	0	utterance_final	0	prompt_without	93	92	-0.38797505838530405	-0.41584122606686186	-0.41467500158718656	0.001166224479675293	0.04185091014316675	0.04185091014316675
just	1	22	52	mlp	0	utterance_final	0	prompt_without	51	50	-0.49871410243213177	-0.669625835493207	-0.6711370125412941	-0.00151117704808712	-0.008841856676668897	0.0
just	1	23	218	mlp	0	utterance_final	0	prompt_without	33	32	-0.8336779955894716	-0.8965597075800742	-0.8952860947578184	0.0012736128222557985	0.020254105397864094	0.020254105397864094
just	1	18	146	mlp	1	utterance_final	0	prompt_without	37	36	-0.6786665831293378	-0.7617929237229484	-0.7605199388095311	0.0012729849134173188	0.01531385724821821	0.01531385724821821
just	1	20	492	mlp	1	utterance_final	0	prompt_without	93	92	-0.38797505838530405	-0.41584122606686186	-0.4143380948475429	0.0015031312193189428	0.053941081403659774	0.053941081403659774
just	1	22	52	mlp	1	utterance_final	0	prompt_without	51	50	-0.49871410243213177	-0.669625835493207	-0.6710039470344782	-0.0013781115412712097	-0.008063293938858735	0.0
just	1	23	218	mlp	1	utterance_final	0	prompt_without	33	32	-0.8336779955894716	-0.8965597075800742	-0.8948619673329015	0.0016977402471727299	0.026998950782803927	0.026998950782803927
just	1	18	146	mlp	2	utterance_final	0	prompt_without	37	36	-0.6786665831293378	-0.7617929237229484	-0.7636267173857916	-0.0018337936628431972	-0.022060319866698787	0.0
just	1	20	492	mlp	2	utterance_final	0	prompt_without	93	92	-0.38797505838530405	-0.41584122606686186	-0.41442341463906424	0.0014178114277976217	0.050879311572360475	0.050879311572360475
just	1	22	52	mlp	2	utterance_final	0	prompt_without	51	50	-0.49871410243213177	-0.669625835493207	-0.6709891166538	-0.0013632811605930328	-0.00797652177633624	0.0
just	1	23	218	mlp	2	utterance_final	0	prompt_without	33	32	-0.8336779955894716	-0.8965597075800742	-0.8985144169099869	-0.001954709329912707	-0.03108549796170994	0.0
just	1	18	146	mlp	3	utterance_final	0	prompt_without	37	36	-0.6786665831293378	-0.7617929237229484	-0.760833706174578	0.0009592175483703613	0.011539273129558294	0.011539273129558294
just	1	20	492	mlp	3	utterance_final	0	prompt_without	93	92	-0.38797505838530405	-0.41584122606686186	-0.4148859253951481	0.0009553006717137325	0.03428173843746598	0.03428173843746598
just	1	22	52	mlp	3	utterance_final	0	prompt_without	51	50	-0.49871410243213177	-0.669625835493207	-0.672118179500103	-0.002492344006896019	-0.014582638431297056	0.0
just	1	23	218	mlp	3	utterance_final	0	prompt_without	33	32	-0.8336779955894716	-0.8965597075800742	-0.8872643978365006	0.009295309743573621	0.14782214811458652	0.14782214811458652
just	1	18	146	mlp	4	utterance_final	0	prompt_without	37	36	-0.6786665831293378	-0.7617929237229484	-0.7646959140187218	-0.0029029902957734555	-0.03492262831544146	0.0
just	1	20	492	mlp	4	utterance_final	0	prompt_without	93	92	-0.38797505838530405	-0.41584122606686186	-0.41380045243671965	0.002040773630142212	0.07323481482862182	0.07323481482862182
just	1	22	52	mlp	4	utterance_final	0	prompt_without	51	50	-0.49871410243213177	-0.669625835493207	-0.6711370665580034	-0.0015112310647964478	-0.0088421727269971	0.0
just	1	23	218	mlp	4	utterance_final	0	prompt_without	33	32	-0.8336779955894716	-0.8965597075800742	-0.8930765351941509	0.0034831723859233277	0.05539245474811302	0.05539245474811302
just	1	18	146	mlp	5	utterance_final	0	prompt_without	37	36	-0.6786665831293378	-0.7617929237229484	-0.7646161204292661	-0.002823196706317699	-0.03396272091562155	0.0
just	1	20	492	mlp	5	utterance_final	0	prompt_without	93	92	-0.38797505838530405	-0.41584122606686186	-0.4141203079904829	0.0017209180763789744	0.06175653918561254	0.06175653918561254
just	1	22	52	mlp	5	utterance_final	0	prompt_without	51	50	-0.49871410243213177	-0.669625835493207	-0.6765307411551476	-0.006904905661940575	-0.0404004192004367	0.0
just	1	23	218	mlp	5	utterance_final	0	prompt_without	33	32	-0.8336779955894716	-0.8965597075800742	-0.8893882997574345	0.007171407822639697	0.11404600154193383	0.11404600154193383
just	1	18	146	mlp	6	utterance_final	0	prompt_without	37	36	-0.6786665831293378	-0.7617929237229484	-0.7625659051395598	-0.000772981416611418	-0.009298874593678823	0.0
just	1	20	492	mlp	6	utterance_final	0	prompt_without	93	92	-0.38797505838530405	-0.41584122606686186	-0.4135937009538923	0.0022475251129695506	0.08065425926712527	0.08065425926712527
just	1	22	52	mlp	6	utterance_final	0	prompt_without	51	50	-0.49871410243213177	-0.669625835493207	-0.6679470185190439	0.0016788169741630554	0.009822713421103343	0.009822713421103343
just	1	23	218	mlp	6	utterance_final	0	prompt_without	33	32	-0.8336779955894716	-0.8965597075800742	-0.8991100557388798	-0.0025503481588056154	-0.040557867749954964	0.0
just	1	18	146	mlp	7	utterance_final	0	prompt_without	37	36	-0.6786665831293378	-0.7617929237229484	-0.7617974536759513	-4.5299530029296875e-06	-5.4494796361550384e-05	0.0
just	1	20	492	mlp	7	utterance_final	0	prompt_without	93	92	-0.38797505838530405	-0.41584122606686186	-0.4125681093760899	0.00327311669077196	0.11745844380812188	0.11745844380812188
just	1	22	52	mlp	7	utterance_final	0	prompt_without	51	50	-0.49871410243213177	-0.669625835493207	-0.6734358202666044	-0.0038099847733974457	-0.02229211947687611	0.0
just	1	23	218	mlp	7	utterance_final	0	prompt_without	33	32	-0.8336779955894716	-0.8965597075800742	-0.8846930803791169	0.011866627200957325	0.1887134879968082	0.1887134879968082
just	1	18	146	mlp	8	utterance_final	0	prompt_without	37	36	-0.6786665831293378	-0.7617929237229484	-0.7598923984028044	0.0019005253201439531	0.02286309377475514	0.02286309377475514
just	1	20	492	mlp	8	utterance_final	0	prompt_without	93	92	-0.38797505838530405	-0.41584122606686186	-0.41335213610104155	0.0024890899658203125	0.08932300968918754	0.08932300968918754
just	1	22	52	mlp	8	utterance_final	0	prompt_without	51	50	-0.49871410243213177	-0.669625835493207	-0.682703385129571	-0.013077549636363983	-0.07651639476203034	0.0
just	1	23	218	mlp	8	utterance_final	0	prompt_without	33	32	-0.8336779955894716	-0.8965597075800742	-0.8906086837091753	0.005951023870898853	0.0946383882135431	0.0946383882135431
just	1	18	146	mlp	9	utterance_final	0	prompt_without	37	36	-0.6786665831293378	-0.7617929237229484	-0.7661488311631339	-0.004355907440185547	-0.05240104892239608	0.0
just	1	20	492	mlp	9	utterance_final	0	prompt_without	93	92	-0.38797505838530405	-0.41584122606686186	-0.41235824142183575	0.0034829846450261104	0.12498972534824711	0.12498972534824711
just	1	22	52	mlp	9	utterance_final	0	prompt_without	51	50	-0.49871410243213177	-0.669625835493207	-0.6657028030604124	0.003923032432794571	0.022953558322369113	0.022953558322369113
just	1	23	218	mlp	9	utterance_final	0	prompt_without	33	32	-0.8336779955894716	-0.8965597075800742	-0.9111123161931192	-0.01455260861304497	-0.23142831440753087	0.0
just	1	18	146	mlp	10	utterance_final	0	prompt_without	37	36	-0.6786665831293378	-0.7617929237229484	-0.7607338343347821	0.0010590893881662344	0.012740719495207038	0.012740719495207038
just	1	20	492	mlp	10	utterance_final	0	prompt_without	93	92	-0.38797505838530405	-0.41584122606686186	-0.4172945576054709	-0.0014533315386090484	-0.052153979521586034	0.0
just	1	22	52	mlp	10	utterance_final	0	prompt_without	51	50	-0.49871410243213177	-0.669625835493207	-0.6526339296251535	0.016991905868053436	0.09941918886271774	0.09941918886271774
just	1	23	218	mlp	10	utterance_final	0	prompt_without	33	32	-0.8336779955894716	-0.8965597075800742	-0.8860366459815733	0.010523061598500916	0.16734693228571051	0.16734693228571051
just	1	18	146	mlp	11	utterance_final	0	prompt_without	37	36	-0.6786665831293378	-0.7617929237229484	-0.762765109539032	-0.0009721858160836039	-0.011695279849217012	0.0
just	1	20	492	mlp	11	utterance_final	0	prompt_without	93	92	-0.38797505838530405	-0.41584122606686186	-0.41432095851217	0.0015202675546918676	0.05455603267965693	0.05455603267965693
just	1	22	52	mlp	11	utterance_final	0	prompt_without	51	50	-0.49871410243213177	-0.669625835493207	-0.665313370525837	0.004312464967370033	0.02523211771440511	0.02523211771440511
just	1	23	218	mlp	11	utterance_final	0	prompt_without	33	32	-0.8336779955894716	-0.8965597075800742	-0.8975984588746102	-0.0010387512945360111	-0.01651913190104062	0.0
just	1	18	146	mlp	12	utterance_final	0	prompt_without	37	36	-0.6786665831293378	-0.7617929237229484	-0.7591457111494881	0.0026472125734602336	0.03184565270835114	0.03184565270835114
just	1	20	492	mlp	12	utterance_final	0	prompt_without	93	92	-0.38797505838530405	-0.41584122606686186	-0.4152788817882538	0.0005623442786080735	0.02018017995995338	0.02018017995995338
just	1	22	52	mlp	12	utterance_final	0	prompt_without	51	50	-0.49871410243213177	-0.669625835493207	-0.6723348032683134	-0.00270896777510643	-0.015850098331975735	0.0
just	1	23	218	mlp	12	utterance_final	0	prompt_without	33	32	-0.8336779955894716	-0.8965597075800742	-0.8902429649906773	0.006316742589396851	0.1004543672465671	0.1004543672465671
just	1	18	146	mlp	13	utterance_final	0	prompt_without	37	36	-0.6786665831293378	-0.7617929237229484	-0.7615572043827602	0.00023571934018817853	0.0028356756535280092	0.0028356756535280092
just	1	20	492	mlp	13	utterance_final	0	prompt_without	93	92	-0.38797505838530405	-0.41584122606686186	-0.41568792717797415	0.0001532988888877096	0.005501254806170021	0.005501254806170021
just	1	22	52	mlp	13	utterance_final	0	prompt_without	51	50	-0.49871410243213177	-0.669625835493207	-0.6703141927719116	-0.0006883572787046432	-0.004027560111737087	0.0
just	1	23	218	mlp	13	utterance_final	0	prompt_without	33	32	-0.8336779955894716	-0.8965597075800742	-0.8969633540799541	-0.000403646499879895	-0.006419139796006485	0.0
just	1	18	146	mlp	14	utterance_final	0	prompt_without	37	36	-0.6786665831293378	-0.7617929237229484	-0.7614777854510716	0.00031513827187679144	0.0037910759649272263	0.0037910759649272263
just	1	20	492	mlp	14	utterance_final	0	prompt_without	93	92	-0.38797505838530405	-0.41584122606686186	-0.414040527173451	0.0018006988934108348	0.06461953843055931	0.06461953843055931
just	1	22	52	mlp	14	utterance_final	0	prompt_without	51	50	-0.49871410243213177	-0.669625835493207	-0.6655772104859352	0.004048625007271767	0.023688397132015464	0.023688397132015464
just	1	23	218	mlp	14	utterance_final	0	prompt_without	33	32	-0.8336779955894716	-0.8965597075800742	-0.8961196330285841	0.00044007455149008834	0.006998450544028698	0.006998450544028698
just	1	18	146	mlp	15	utterance_final	0	prompt_without	37	36	-0.6786665831293378	-0.7617929237229484	-0.7611993891852242	0.0005935345377241497	0.0071401499631245785	0.0071401499631245785
just	1	20	492	mlp	15	utterance_final	0	prompt_without	93	92	-0.38797505838530405	-0.41584122606686186	-0.41671447668756756	-0.0008732506207057011	-0.03133730589311101	0.0
just	1	22	52	mlp	15	utterance_final	0	prompt_without	51	50	-0.49871410243213177	-0.669625835493207	-0.6628424525260925	0.0067833829671144485	0.039689393148277366	0.039689393148277366
just	1	23	218	mlp	15	utterance_final	0	prompt_without	33	32	-0.8336779955894716	-0.8965597075800742	-0.8973536376030214	-0.0007939300229472535	-0.012625769843319526	0.0
just	1	18	146	mlp	16	utterance_final	0	prompt_without	37	36	-0.6786665831293378	-0.7617929237229484	-0.7630020749001276	-0.0012091511771792351	-0.014545944986205437	0.0
just	1	20	492	mlp	16	utterance_final	0	prompt_without	93	92	-0.38797505838530405	-0.41584122606686186	-0.4159604438713619	-0.00011921780450002695	-0.004278227485831388	0.0
just	1	22	52	mlp	16	utterance_final	0	prompt_without	51	50	-0.49871410243213177	-0.669625835493207	-0.6685491316020489	0.001076703891158104	0.006299765802347487	0.006299765802347487
just	1	23	218	mlp	16	utterance_final	0	prompt_without	33	32	-0.8336779955894716	-0.8965597075800742	-0.8958156993312221	0.0007440082488521238	0.011831870114530489	0.011831870114530489
just	1	18	146	mlp	17	utterance_final	0	prompt_without	37	36	-0.6786665831293378	-0.7617929237229484	-0.7618633451915923	-7.042146864388865e-05	-0.0008471619000788966	0.0
just	1	20	492	mlp	17	utterance_final	0	prompt_without	93	92	-0.38797505838530405	-0.41584122606686186	-0.4154094840799059	0.0004317419869559469	0.01549341093076388	0.01549341093076388
just	1	22	52	mlp	17	utterance_final	0	prompt_without	51	50	-0.49871410243213177	-0.669625835493207	-0.6683083809912205	0.0013174545019865036	0.007708391216861115	0.007708391216861115
just	1	23	218	mlp	17	utterance_final	0	prompt_without	33	32	-0.8336779955894716	-0.8965597075800742	-0.894651509100391	0.0019081984796831541	0.03034584172848741	0.03034584172848741
just	1	18	146	mlp	18	utterance_final	0	prompt_without	37	36	-0.6786665831293378	-0.7617929237229484	-0.7615622963224139	0.00023062740053447772	0.0027744202245347568	0.0027744202245347568
just	1	20	492	mlp	18	utterance_final	0	prompt_without	93	92	-0.38797505838530405	-0.41584122606686186	-0.4143783918448857	0.0014628342219761836	0.05249499101178187	0.05249499101178187
just	1	22	52	mlp	18	utterance_final	0	prompt_without	51	50	-0.49871410243213177	-0.669625835493207	-0.6705068033188581	-0.0008809678256511688	-0.005154519294098758	0.0
just	1	23	218	mlp	18	utterance_final	0	prompt_without	33	32	-0.8336779955894716	-0.8965597075800742	-0.8964900278276012	6.967975247296199e-05	0.001108108387433462	0.001108108387433462
just	1	18	146	mlp	19	utterance_final	0	prompt_without	37	36	-0.6786665831293378	-0.7617929237229484	-0.7621280976704189	-0.0003351739474705129	-0.004032102761615802	0.0
just	1	20	492	mlp	19	utterance_final	0	prompt_without	93	92	-0.38797505838530405	-0.41584122606686186	-0.414586535521916	0.001254690544945869	0.0450255865565698	0.0450255865565698
just	1	22	52	mlp	19	utterance_final	0	prompt_without	51	50	-0.49871410243213177	-0.669625835493207	-0.6700840257108212	-0.0004581902176141739	-0.0026808587649768895	0.0
just	1	23	218	mlp	19	utterance_final	0	prompt_without	33	32	-0.8336779955894716	-0.8965597075800742	-0.8956555089642925	0.0009041986157817261	0.014379357481820077	0.014379357481820077
just	1	18	146	mlp	20	utterance_final	0	prompt_without	37	36	-0.6786665831293378	-0.7617929237229484	-0.7624131100518363	-0.0006201863288879395	-0.007460767843972787	0.0
just	1	20	492	mlp	20	utterance_final	0	prompt_without	93	92	-0.38797505838530405	-0.41584122606686186	-0.41442433425358366	0.0014168918132781982	0.050846310460405206	0.050846310460405206
just	1	22	52	mlp	20	utterance_final	0	prompt_without	51	50	-0.49871410243213177	-0.669625835493207	-0.6696039121598005	2.1923333406448364e-05	0.0001282728401017037	0.0001282728401017037
just	1	23	218	mlp	20	utterance_final	0	prompt_without	33	32	-0.8336779955894716	-0.8965597075800742	-0.8957436700021068	0.0008160375779674434	0.012977343525402064	0.012977343525402064
just	1	18	146	mlp	21	utterance_final	0	prompt_without	37	36	-0.6786665831293378	-0.7617929237229484	-0.7620004983175368	-0.0002075745945884222	-0.002497097708212807	0.0
just	1	20	492	mlp	21	utterance_final	0	prompt_without	93	92	-0.38797505838530405	-0.41584122606686186	-0.41454072083745686	0.0013005052294050023	0.04666968362017335	0.04666968362017335
just	1	22	52	mlp	21	utterance_final	0	prompt_without	51	50	-0.49871410243213177	-0.669625835493207	-0.6694286298006773	0.00019720569252967834	0.001153845256833286	0.001153845256833286
just	1	23	218	mlp	21	utterance_final	0	prompt_without	33	32	-0.8336779955894716	-0.8965597075800742	-0.8958260243938815	0.0007336831861927129	0.011667671934605712	0.011667671934605712
just	1	18	146	mlp	22	utterance_final	0	prompt_without	37	36	-0.6786665831293378	-0.7617929237229484	-0.7624708754675729	-0.0006779517446244832	-0.008155678931409538	0.0
just	1	20	492	mlp	22	utterance_final	0	prompt_without	93	92	-0.38797505838530405	-0.41584122606686186	-0.4147029604230608	0.0011382656438010397	0.0408475846700068	0.0408475846700068
just	1	22	52	mlp	22	utterance_final	0	prompt_without	51	50	-0.49871410243213177	-0.669625835493207	-0.6701498087495565	-0.0005239732563495636	-0.003065753573292256	0.0
just	1	23	218	mlp	22	utterance_final	0	prompt_without	33	32	-0.8336779955894716	-0.8965597075800742	-0.8957918151732414	0.0007678924068328374	0.012211696891261425	0.012211696891261425
just	1	18	146	mlp	23	utterance_final	0	prompt_without	37	36	-0.6786665831293378	-0.7617929237229484	-0.7622676151139396	-0.00047469139099121094	-0.005710481029255096	0.0
just	1	20	492	mlp	23	utterance_final	0	prompt_without	93	92	-0.38797505838530405	-0.41584122606686186	-0.4149053224495479	0.0009359036173139379	0.033585659427913764	0.033585659427913764
just	1	22	52	mlp	23	utterance_final	0	prompt_without	51	50	-0.49871410243213177	-0.669625835493207	-0.6700960118323565	-0.0004701763391494751	-0.002750989242976419	0.0
just	1	23	218	mlp	23	utterance_final	0	prompt_without	33	32	-0.8336779955894716	-0.8965597075800742	-0.8964536420760616	0.00010606550401259796	0.0016867464427248588	0.0016867464427248588
just	1	18	146	mlp	24	utterance_final	0	prompt_without	37	36	-0.6786665831293378	-0.7617929237229484	-0.7612106913612002	0.0005822323617481473	0.007004186129094441	0.007004186129094441
just	1	20	492	mlp	24	utterance_final	0	prompt_without	93	92	-0.38797505838530405	-0.41584122606686186	-0.4150391731943403	0.0008020528725215526	0.028782317026404804	0.028782317026404804
just	1	22	52	mlp	24	utterance_final	0	prompt_without	51	50	-0.49871410243213177	-0.669625835493207	-0.6703184526413679	-0.0006926171481609344	-0.004052484494516407	0.0
just	1	23	218	mlp	24	utterance_final	0	prompt_without	33	32	-0.8336779955894716	-0.8965597075800742	-0.8956756591796875	0.0008840484003866944	0.014058911126955518	0.014058911126955518
just	1	18	146	mlp	25	utterance_final	0	prompt_without	37	36	-0.6786665831293378	-0.7617929237229484	-0.7617068517775762	8.60719453721348e-05	0.0010354352754793424	0.0010354352754793424
just	1	20	492	mlp	25	utterance_final	0	prompt_without	93	92	-0.38797505838530405	-0.41584122606686186	-0.415083714893886	0.0007575111729758444	0.027183902057589897	0.027183902057589897
just	1	22	52	mlp	25	utterance_final	0	prompt_without	51	50	-0.49871410243213177	-0.669625835493207	-0.6698332522064447	-0.00020741671323776245	-0.0012135896671508339	0.0
just	1	23	218	mlp	25	utterance_final	0	prompt_without	33	32	-0.8336779955894716	-0.8965597075800742	-0.8961599949867495	0.0003997125933247192	0.006356579372146465	0.006356579372146465
just	1	18	146	mlp	26	utterance_final	0	prompt_without	37	36	-0.6786665831293378	-0.7617929237229484	-0.7614161457334246	0.00037677798952373553	0.004532594443988988	0.004532594443988988
just	1	20	492	mlp	26	utterance_final	0	prompt_without	93	92	-0.38797505838530405	-0.41584122606686186	-0.4147525003978184	0.0010887256690434444	0.03906980254640387	0.03906980254640387
just	1	22	52	mlp	26	utterance_final	0	prompt_without	51	50	-0.49871410243213177	-0.669625835493207	-0.6701651383191347	-0.0005393028259277344	-0.0031554464767788344	0.0
just	1	23	218	mlp	26	utterance_final	0	prompt_without	33	32	-0.8336779955894716	-0.8965597075800742	-0.8962909560049733	0.00026875157510086733	0.004273922681065543	0.004273922681065543
just	1	18	146	mlp	27	utterance_final	0	prompt_without	37	36	-0.6786665831293378	-0.7617929237229484	-0.7614384804453168	0.00035444327763156647	0.00426391051380903	0.00426391051380903
just	1	20	492	mlp	27	utterance_final	0	prompt_without	93	92	-0.38797505838530405	-0.41584122606686186	-0.4144044390746525	0.001436786992209338	0.05156026507226619	0.05156026507226619
just	1	22	52	mlp	27	utterance_final	0	prompt_without	51	50	-0.49871410243213177	-0.669625835493207	-0.6700968239456415	-0.0004709884524345398	-0.0027557408961866436	0.0
just	1	23	218	mlp	27	utterance_final	0	prompt_without	33	32	-0.8336779955894716	-0.8965597075800742	-0.8958541116406841	0.0007055959393901245	0.011221003962099081	0.011221003962099081
just	1	18	146	mlp	28	utterance_final	0	prompt_without	37	36	-0.6786665831293378	-0.7617929237229484	-0.76241591998509	-0.000622996262141573	-0.007494571007128624	0.0
just	1	20	492	mlp	28	utterance_final	0	prompt_without	93	92	-0.38797505838530405	-0.41584122606686186	-0.41486498713493347	0.000976238931928386	0.035033124866124796	0.035033124866124796
just	1	22	52	mlp	28	utterance_final	0	prompt_without	51	50	-0.49871410243213177	-0.669625835493207	-0.6700470466166735	-0.0004212111234664917	-0.0024644950696039816	0.0
just	1	23	218	mlp	28	utterance_final	0	prompt_without	33	32	-0.8336779955894716	-0.8965597075800742	-0.8963292798688335	0.0002304277112407105	0.003664463067976697	0.003664463067976697
just	1	18	146	mlp	29	utterance_final	0	prompt_without	37	36	-0.6786665831293378	-0.7617929237229484	-0.7616152110553923	0.00017771266755606252	0.002137862274304449	0.002137862274304449
just	1	20	492	mlp	29	utterance_final	0	prompt_without	93	92	-0.38797505838530405	-0.41584122606686186	-0.4144077386174883	0.0014334874493735494	0.05144185830483788	0.05144185830483788
just	1	22	52	mlp	29	utterance_final	0	prompt_without	51	50	-0.49871410243213177	-0.669625835493207	-0.6697020102292299	-7.617473602294922e-05	-0.0004456963524893181	0.0
just	1	23	218	mlp	29	utterance_final	0	prompt_without	33	32	-0.8336779955894716	-0.8965597075800742	-0.8959523170225082	0.0006073905575659788	0.009659256059325343	0.009659256059325343
just	1	18	146	mlp	30	utterance_final	0	prompt_without	37	36	-0.6786665831293378	-0.7617929237229484	-0.7619061498414903	-0.00011322611854192033	-0.0013620967521650214	0.0
just	1	20	492	mlp	30	utterance_final	0	prompt_without	93	92	-0.38797505838530405	-0.41584122606686186	-0.4159023974622999	-6.117139543804218e-05	-0.0021951850766521513	0.0
just	1	22	52	mlp	30	utterance_final	0	prompt_without	51	50	-0.49871410243213177	-0.669625835493207	-0.6705774907022715	-0.0009516552090644836	-0.005568109292557522	0.0
just	1	23	218	mlp	30	utterance_final	0	prompt_without	33	32	-0.8336779955894716	-0.8965597075800742	-0.8962289364107193	0.00033077116935487094	0.005260212530541528	0.005260212530541528
just	1	18	146	mlp	31	utterance_final	0	prompt_without	37	36	-0.6786665831293378	-0.7617929237229484	-0.7617929237229484	0.0	0.0	0.0
just	1	20	492	mlp	31	utterance_final	0	prompt_without	93	92	-0.38797505838530405	-0.41584122606686186	-0.41584122606686186	0.0	0.0	0.0
just	1	22	52	mlp	31	utterance_final	0	prompt_without	51	50	-0.49871410243213177	-0.669625835493207	-0.669625835493207	0.0	0.0	0.0
just	1	23	218	mlp	31	utterance_final	0	prompt_without	33	32	-0.8336779955894716	-0.8965597075800742	-0.8965597075800742	0.0	0.0	0.0
just	1	28	6	mlp	0	utterance_final	0	prompt_without	38	37	-0.46957128842671714	-0.7794718305269878	-0.7795667052268982	-9.487469991042996e-05	-0.0003061456403639738	0.0
just	1	29	76	mlp	0	utterance_final	0	prompt_without	68	68	-0.6198534094370328	-0.783491694010221	-0.7819685477476853	0.0015231462625356906	0.009308006781594281	0.009308006781594281
just	1	30	334	mlp	0	utterance_final	0	prompt_without	70	69	-0.24109645116896855	-0.2810814210346767	-0.2805315029053461	0.0005499181293305844	0.013753121014659168	0.013753121014659168
just	1	32	347	mlp	0	utterance_final	0	prompt_without	26	25	-0.43844628604975616	-0.4801799248565327	-0.48027943210168317	-9.950724515045417e-05	-0.0023843414568081363	0.0
just	1	28	6	mlp	1	utterance_final	0	prompt_without	38	37	-0.46957128842671714	-0.7794718305269878	-0.7800451318422953	-0.0005733013153075284	-0.0018499526055105527	0.0
just	1	29	76	mlp	1	utterance_final	0	prompt_without	68	68	-0.6198534094370328	-0.783491694010221	-0.7834898600211511	1.8339890699436978e-06	1.1207579416560282e-05	1.1207579416560282e-05
just	1	30	334	mlp	1	utterance_final	0	prompt_without	70	69	-0.24109645116896855	-0.2810814210346767	-0.28041601748693556	0.0006654035477411391	0.016641341733554773	0.016641341733554773
just	1	32	347	mlp	1	utterance_final	0	prompt_without	26	25	-0.43844628604975616	-0.4801799248565327	-0.48152714425867255	-0.001347219402139832	-0.03228137877881561	0.0
just	1	28	6	mlp	2	utterance_final	0	prompt_without	38	37	-0.46957128842671714	-0.7794718305269878	-0.7720580299695333	0.007413800557454442	0.023923160983228133	0.023923160983228133
just	1	29	76	mlp	2	utterance_final	0	prompt_without	68	68	-0.6198534094370328	-0.783491694010221	-0.7834951648345361	-3.470824315066068e-06	-2.1210344047047994e-05	0.0
just	1	30	334	mlp	2	utterance_final	0	prompt_without	70	69	-0.24109645116896855	-0.2810814210346767	-0.28115575086502803	-7.432983035132734e-05	-0.0018589442633311568	0.0
just	1	32	347	mlp	2	utterance_final	0	prompt_without	26	25	-0.43844628604975616	-0.4801799248565327	-0.4807151257991791	-0.0005352009426463633	-0.012824209868789571	0.0
just	1	28	6	mlp	3	utterance_final	0	prompt_without	38	37	-0.46957128842671714	-0.7794718305269878	-0.7713268915812175	0.008144938945770286	0.026282428841750558	0.026282428841750558
just	1	29	76	mlp	3	utterance_final	0	prompt_without	68	68	-0.6198534094370328	-0.783491694010221	-0.7821008471342233	0.0013908468759976644	0.008499520021401837	0.008499520021401837
just	1	30	334	mlp	3	utterance_final	0	prompt_without	70	69	-0.24109645116896855	-0.2810814210346767	-0.2780702341170538	0.003011186917622921	0.075307970163193	0.075307970163193
just	1	32	347	mlp	3	utterance_final	0	prompt_without	26	25	-0.43844628604975616	-0.4801799248565327	-0.47848574952645734	0.001694175330075376	0.04059495837205267	0.04059495837205267
just	1	28	6	mlp	4	utterance_final	0	prompt_without	38	37	-0.46957128842671714	-0.7794718305269878	-0.7613272786140441	0.01814455191294362	0.058549597202940076	0.058549597202940076
just	1	29	76	mlp	4	utterance_final	0	prompt_without	68	68	-0.6198534094370328	-0.783491694010221	-0.782967393214886	0.0005243007953350531	0.003204022803725717	0.003204022803725717
just	1	30	334	mlp	4	utterance_final	0	prompt_without	70	69	-0.24109645116896855	-0.2810814210346767	-0.2799772875649588	0.0011041334697178828	0.027613712688197074	0.027613712688197074
just	1	32	347	mlp	4	utterance_final	0	prompt_without	26	25	-0.43844628604975616	-0.4801799248565327	-0.47823235392570496	0.0019475709308277578	0.04666669349981336	0.04666669349981336
just	1	28	6	mlp	5	utterance_final	0	prompt_without	38	37	-0.46957128842671714	-0.7794718305269878	-0.7725085655848185	0.006963264942169256	0.02246935386100822	0.02246935386100822
just	1	29	76	mlp	5	utterance_final	0	prompt_without	68	68	-0.6198534094370328	-0.783491694010221	-0.7837557792663574	-0.00026408525613641487	-0.0016138353981479266	0.0
just	1	30	334	mlp	5	utterance_final	0	prompt_without	70	69	-0.24109645116896855	-0.2810814210346767	-0.281085247085208	-3.8260505312859294e-06	-9.568721807559047e-05	0.0
just	1	32	347	mlp	5	utterance_final	0	prompt_without	26	25	-0.43844628604975616	-0.4801799248565327	-0.4791934436017817	0.000986481254751037	0.023637556727760245	0.023637556727760245
just	1	28	6	mlp	6	utterance_final	0	prompt_without	38	37	-0.46957128842671714	-0.7794718305269878	-0.7697991450627645	0.009672685464223285	0.031212225053461235	0.031212225053461235
just	1	29	76	mlp	6	utterance_final	0	prompt_without	68	68	-0.6198534094370328	-0.783491694010221	-0.7824534636277419	0.0010382303824790773	0.006344666745847746	0.006344666745847746
just	1	30	334	mlp	6	utterance_final	0	prompt_without	70	69	-0.24109645116896855	-0.2810814210346767	-0.2811342477798462	-5.282674516948749e-05	-0.0013211650614445673	0.0
just	1	32	347	mlp	6	utterance_final	0	prompt_without	26	25	-0.43844628604975616	-0.4801799248565327	-0.48391926830465143	-0.003739343448118715	-0.08960022550229994	0.0
just	1	28	6	mlp	7	utterance_final	0	prompt_without	38	37	-0.46957128842671714	-0.7794718305269878	-0.7649235963821411	0.014548234144846628	0.046944848970736676	0.046944848970736676
just	1	29	76	mlp	7	utterance_final	0	prompt_without	68	68	-0.6198534094370328	-0.783491694010221	-0.7832206441805913	0.00027104982962966595	0.001656396180983169	0.001656396180983169
just	1	30	334	mlp	7	utterance_final	0	prompt_without	70	69	-0.24109645116896855	-0.2810814210346767	-0.2812208618436541	-0.00013944080897737576	-0.003487330600615577	0.0
just	1	32	347	mlp	7	utterance_final	0	prompt_without	26	25	-0.43844628604975616	-0.4801799248565327	-0.479561448097229	0.0006184767593037099	0.014819622179777048	0.014819622179777048
just	1	28	6	mlp	8	utterance_final	0	prompt_without	38	37	-0.46957128842671714	-0.7794718305269878	-0.7720939358075459	0.007377894719441835	0.0238072985269405	0.0238072985269405
just	1	29	76	mlp	8	utterance_final	0	prompt_without	68	68	-0.6198534094370328	-0.783491694010221	-0.7846740851035485	-0.0011823910933275172	-0.007225638525920172	0.0
just	1	30	334	mlp	8	utterance_final	0	prompt_without	70	69	-0.24109645116896855	-0.2810814210346767	-0.2739808843249366	0.007100536709740091	0.17758014407882902	0.17758014407882902
just	1	32	347	mlp	8	utterance_final	0	prompt_without	26	25	-0.43844628604975616	-0.4801799248565327	-0.4801969257268039	-1.7000870271177693e-05	-0.0004073661141768725	0.0
just	1	28	6	mlp	9	utterance_final	0	prompt_without	38	37	-0.46957128842671714	-0.7794718305269878	-0.7620848337809245	0.017386996746063255	0.05610508658109273	0.05610508658109273
just	1	29	76	mlp	9	utterance_final	0	prompt_without	68	68	-0.6198534094370328	-0.783491694010221	-0.7827477821936975	0.000743911816523557	0.0045460744010112015	0.0045460744010112015
just	1	30	334	mlp	9	utterance_final	0	prompt_without	70	69	-0.24109645116896855	-0.2810814210346767	-0.28152469793955487	-0.00044327690487816485	-0.01108608825683591	0.0
just	1	32	347	mlp	9	utterance_final	0	prompt_without	26	25	-0.43844628604975616	-0.4801799248565327	-0.48007479310035706	0.00010513175617565818	0.0025191130987261834	0.0025191130987261834
just	1	28	6	mlp	10	utterance_final	0	prompt_without	38	37	-0.46957128842671714	-0.7794718305269878	-0.7800688743591309	-0.000597043832143096	-0.001926565949503625	0.0
just	1	29	76	mlp	10	utterance_final	0	prompt_without	68	68	-0.6198534094370328	-0.783491694010221	-0.7858292964788584	-0.0023376024686373453	-0.014285180724880057	0.0
just	1	30	334	mlp	10	utterance_final	0	prompt_without	70	69	-0.24109645116896855	-0.2810814210346767	-0.276305357615153	0.004776063419523691	0.11944646789942265	0.11944646789942265
just	1	32	347	mlp	10	utterance_final	0	prompt_without	26	25	-0.43844628604975616	-0.4801799248565327	-0.47951583428816363	0.0006640905683690801	0.015912596824920227	0.015912596824920227
just	1	28	6	mlp	11	utterance_final	0	prompt_without	38	37	-0.46957128842671714	-0.7794718305269878	-0.7754094878832499	0.004062342643737837	0.013108536746035883	0.013108536746035883
just	1	29	76	mlp	11	utterance_final	0	prompt_without	68	68	-0.6198534094370328	-0.783491694010221	-0.7849771472123953	-0.0014854532021743028	-0.009077663005627054	0.0
just	1	30	334	mlp	11	utterance_final	0	prompt_without	70	69	-0.24109645116896855	-0.2810814210346767	-0.2819284200668335	-0.0008469990321567922	-0.02118293536299984	0.0
just	1	32	347	mlp	11	utterance_final	0	prompt_without	26	25	-0.43844628604975616	-0.4801799248565327	-0.4763768396594308	0.0038030851971019297	0.09112757252512568	0.09112757252512568
just	1	28	6	mlp	12	utterance_final	0	prompt_without	38	37	-0.46957128842671714	-0.7794718305269878	-0.7719080924987793	0.007563738028208422	0.02440698547007097	0.02440698547007097
just	1	29	76	mlp	12	utterance_final	0	prompt_without	68	68	-0.6198534094370328	-0.783491694010221	-0.7820398532427274	0.0014518407674936062	0.008872256093862082	0.008872256093862082
just	1	30	334	mlp	12	utterance_final	0	prompt_without	70	69	-0.24109645116896855	-0.2810814210346767	-0.2775099277496338	0.003571493285042915	0.08932089475215269	0.08932089475215269
just	1	32	347	mlp	12	utterance_final	0	prompt_without	26	25	-0.43844628604975616	-0.4801799248565327	-0.4804441576654261	-0.0002642328088933721	-0.006331410738391375	0.0
just	1	28	6	mlp	13	utterance_final	0	prompt_without	38	37	-0.46957128842671714	-0.7794718305269878	-0.77752183675766	0.0019499937693278069	0.006292321259305419	0.006292321259305419
just	1	29	76	mlp	13	utterance_final	0	prompt_without	68	68	-0.6198534094370328	-0.783491694010221	-0.7822962632546058	0.0011954307556152344	0.007305324415574467	0.007305324415574467
just	1	30	334	mlp	13	utterance_final	0	prompt_without	70	69	-0.24109645116896855	-0.2810814210346767	-0.28260916755312965	-0.0015277465184529437	-0.03820801975302143	0.0
just	1	32	347	mlp	13	utterance_final	0	prompt_without	26	25	-0.43844628604975616	-0.4801799248565327	-0.48038020730018616	-0.0002002824436534434	-0.004799064960061002	0.0
just	1	28	6	mlp	14	utterance_final	0	prompt_without	38	37	-0.46957128842671714	-0.7794718305269878	-0.7724162141482035	0.0070556163787842685	0.02276735733008615	0.02276735733008615
just	1	29	76	mlp	14	utterance_final	0	prompt_without	68	68	-0.6198534094370328	-0.783491694010221	-0.7831046856366671	0.0003870083735538765	0.0023650234085702895	0.0023650234085702895
just	1	30	334	mlp	14	utterance_final	0	prompt_without	70	69	-0.24109645116896855	-0.2810814210346767	-0.2779967330750965	0.0030846879595802235	0.07714618692824647	0.07714618692824647
just	1	32	347	mlp	14	utterance_final	0	prompt_without	26	25	-0.43844628604975616	-0.4801799248565327	-0.48004854267293756	0.0001313821835951523	0.0031481123465758984	0.0031481123465758984
just	1	28	6	mlp	15	utterance_final	0	prompt_without	38	37	-0.46957128842671714	-0.7794718305269878	-0.7756602088610332	0.003811621665954612	0.012299499833470229	0.012299499833470229
just	1	29	76	mlp	15	utterance_final	0	prompt_without	68	68	-0.6198534094370328	-0.783491694010221	-0.7835226288208594	-3.0934810638427734e-05	-0.00018904384581587297	0.0
just	1	30	334	mlp	15	utterance_final	0	prompt_without	70	69	-0.24109645116896855	-0.2810814210346767	-0.2820073139099848	-0.0009258928753080875	-0.02315602283602445	0.0
just	1	32	347	mlp	15	utterance_final	0	prompt_without	26	25	-0.43844628604975616	-0.4801799248565327	-0.480196782133796	-1.685727726330466e-05	-0.00040392541233589814	0.0
just	1	28	6	mlp	16	utterance_final	0	prompt_without	38	37	-0.46957128842671714	-0.7794718305269878	-0.7790782888730367	0.00039354165395111274	0.00126989662968637	0.00126989662968637
just	1	29	76	mlp	16	utterance_final	0	prompt_without	68	68	-0.6198534094370328	-0.783491694010221	-0.7833969042851374	9.47897250835883e-05	0.0005792637421666018	0.0005792637421666018
just	1	30	334	mlp	16	utterance_final	0	prompt_without	70	69	-0.24109645116896855	-0.2810814210346767	-0.28001342500959125	0.0010679960250854492	0.02670993697562799	0.02670993697562799
just	1	32	347	mlp	16	utterance_final	0	prompt_without	26	25	-0.43844628604975616	-0.4801799248565327	-0.480081555518237	9.836933829571182e-05	0.0023570755176933905	0.0023570755176933905
just	1	28	6	mlp	17	utterance_final	0	prompt_without	38	37	-0.46957128842671714	-0.7794718305269878	-0.7755056619644165	0.0039661685625712595	0.012798198208017255	0.012798198208017255
just	1	29	76	mlp	17	utterance_final	0	prompt_without	68	68	-0.6198534094370328	-0.783491694010221	-0.7838099965682397	-0.00031830255801867935	-0.0019451594646625414	0.0
just	1	30	334	mlp	17	utterance_final	0	prompt_without	70	69	-0.24109645116896855	-0.2810814210346767	-0.27877149127778555	0.002309929756891149	0.057769951175383714	0.057769951175383714
just	1	32	347	mlp	17	utterance_final	0	prompt_without	26	25	-0.43844628604975616	-0.4801799248565327	-0.4802563109181144	-7.638606158166805e-05	-0.001830323541527962	0.0
just	1	28	6	mlp	18	utterance_final	0	prompt_without	38	37	-0.46957128842671714	-0.7794718305269878	-0.7777567625045776	0.001715068022410171	0.00553425305676054	0.00553425305676054
just	1	29	76	mlp	18	utterance_final	0	prompt_without	68	68	-0.6198534094370328	-0.783491694010221	-0.7833791375160217	0.00011255649419927849	0.000687837167768261	0.000687837167768261
just	1	30	334	mlp	18	utterance_final	0	prompt_without	70	69	-0.24109645116896855	-0.2810814210346767	-0.28245565437135245	-0.0013742333366757453	-0.03436874758918634	0.0
just	1	32	347	mlp	18	utterance_final	0	prompt_without	26	25	-0.43844628604975616	-0.4801799248565327	-0.4801535633477298	2.6361508802918987e-05	0.0006316609228581933	0.0006316609228581933
just	1	28	6	mlp	19	utterance_final	0	prompt_without	38	37	-0.46957128842671714	-0.7794718305269878	-0.7785825292269389	0.0008893013000488281	0.002869634541526836	0.002869634541526836
just	1	29	76	mlp	19	utterance_final	0	prompt_without	68	68	-0.6198534094370328	-0.783491694010221	-0.7836472713030301	-0.00015557729280912813	-0.0009507389619422787	0.0
just	1	30	334	mlp	19	utterance_final	0	prompt_without	70	69	-0.24109645116896855	-0.2810814210346767	-0.28143908863975886	-0.000357667605082157	-0.008945051260096093	0.0
just	1	32	347	mlp	19	utterance_final	0	prompt_without	26	25	-0.43844628604975616	-0.4801799248565327	-0.48021702061999927	-3.709576346655474e-05	-0.0008888696151875276	0.0
just	1	28	6	mlp	20	utterance_final	0	prompt_without	38	37	-0.46957128842671714	-0.7794718305269878	-0.7767250219980876	0.002746808528900191	0.008863516372976981	0.008863516372976981
just	1	29	76	mlp	20	utterance_final	0	prompt_without	68	68	-0.6198534094370328	-0.783491694010221	-0.7831868208371676	0.00030487317305338824	0.0018630919643809387	0.0018630919643809387
just	1	30	334	mlp	20	utterance_final	0	prompt_without	70	69	-0.24109645116896855	-0.2810814210346767	-0.28014183612096877	0.000939584913707936	0.023498452465103428	0.023498452465103428
just	1	32	347	mlp	20	utterance_final	0	prompt_without	26	25	-0.43844628604975616	-0.4801799248565327	-0.48017575253139844	4.172325134277344e-06	9.99751100927211e-05	9.99751100927211e-05
just	1	28	6	mlp	21	utterance_final	0	prompt_without	38	37	-0.46957128842671714	-0.7794718305269878	-0.7783223032951355	0.0011495272318522431	0.0037093424363236678	0.0037093424363236678
just	1	29	76	mlp	21	utterance_final	0	prompt_without	68	68	-0.6198534094370328	-0.783491694010221	-0.7828647494316101	0.0006269445786108996	0.0038312830047451084	0.0038312830047451084
just	1	30	334	mlp	21	utterance_final	0	prompt_without	70	69	-0.24109645116896855	-0.2810814210346767	-0.28079978057316374	0.0002816404615129664	0.007043658216046487	0.007043658216046487
just	1	32	347	mlp	21	utterance_final	0	prompt_without	26	25	-0.43844628604975616	-0.4801799248565327	-0.48056530139663	-0.00038537654009729305	-0.009234194551823194	0.0
just	1	28	6	mlp	22	utterance_final	0	prompt_without	38	37	-0.46957128842671714	-0.7794718305269878	-0.7776331384976705	0.0018386920293173015	0.005933168160520284	0.005933168160520284
just	1	29	76	mlp	22	utterance_final	0	prompt_without	68	68	-0.6198534094370328	-0.783491694010221	-0.7835069298744202	-1.523586419915901e-05	-9.31069660067518e-05	0.0
just	1	30	334	mlp	22	utterance_final	0	prompt_without	70	69	-0.24109645116896855	-0.2810814210346767	-0.28063093480609713	0.0004504862285795719	0.011266389098017481	0.011266389098017481
just	1	32	347	mlp	22	utterance_final	0	prompt_without	26	25	-0.43844628604975616	-0.4801799248565327	-0.48012350635095075	5.6418505581967704e-05	0.0013518712289426983	0.0013518712289426983
just	1	28	6	mlp	23	utterance_final	0	prompt_without	38	37	-0.46957128842671714	-0.7794718305269878	-0.777229638894399	0.0022421916325887636	0.007235197516573836	0.007235197516573836
just	1	29	76	mlp	23	utterance_final	0	prompt_without	68	68	-0.6198534094370328	-0.783491694010221	-0.7830171906031095	0.00047450340711152617	0.0028997090036060706	0.0028997090036060706
just	1	30	334	mlp	23	utterance_final	0	prompt_without	70	69	-0.24109645116896855	-0.2810814210346767	-0.2808436155319214	0.0002378055027553172	0.005947372313997005	0.005947372313997005
just	1	32	347	mlp	23	utterance_final	0	prompt_without	26	25	-0.43844628604975616	-0.4801799248565327	-0.47998557036573236	0.0001943544908003525	0.004657022401046753	0.004657022401046753
just	1	28	6	mlp	24	utterance_final	0	prompt_without	38	37	-0.46957128842671714	-0.7794718305269878	-0.7777849872907002	0.0016868432362875385	0.0054431761392071	0.0054431761392071
just	1	29	76	mlp	24	utterance_final	0	prompt_without	68	68	-0.6198534094370328	-0.783491694010221	-0.7829566689637991	0.0005350250464218886	0.0032695591243661294	0.0032695591243661294
just	1	30	334	mlp	24	utterance_final	0	prompt_without	70	69	-0.24109645116896855	-0.2810814210346767	-0.28148809501102995	-0.00040667397635324454	-0.010170671072632611	0.0
just	1	32	347	mlp	24	utterance_final	0	prompt_without	26	25	-0.43844628604975616	-0.4801799248565327	-0.4799772528084842	0.00020267204804852446	0.0048563234322048935	0.0048563234322048935
just	1	28	6	mlp	25	utterance_final	0	prompt_without	38	37	-0.46957128842671714	-0.7794718305269878	-0.7786926070849101	0.0007792234420777033	0.0025144307163734478	0.0025144307163734478
just	1	29	76	mlp	25	utterance_final	0	prompt_without	68	68	-0.6198534094370328	-0.783491694010221	-0.7837674342668973	-0.00027574025667631563	-0.001685059565342664	0.0
just	1	30	334	mlp	25	utterance_final	0	prompt_without	70	69	-0.24109645116896855	-0.2810814210346767	-0.2803421417872111	0.0007392792474655852	0.01848892846358263	0.01848892846358263
just	1	32	347	mlp	25	utterance_final	0	prompt_without	26	25	-0.43844628604975616	-0.4801799248565327	-0.48028475317088043	-0.00010482831434771578	-0.0025118421816286516	0.0
just	1	28	6	mlp	26	utterance_final	0	prompt_without	38	37	-0.46957128842671714	-0.7794718305269878	-0.7789569576581319	0.0005148728688558757	0.0016614132565450136	0.0016614132565450136
just	1	29	76	mlp	26	utterance_final	0	prompt_without	68	68	-0.6198534094370328	-0.783491694010221	-0.7829462519058814	0.0005454421043395996	0.003333218175454824	0.003333218175454824
just	1	30	334	mlp	26	utterance_final	0	prompt_without	70	69	-0.24109645116896855	-0.2810814210346767	-0.280646732875279	0.00043468815939767813	0.010871288908247364	0.010871288908247364
just	1	32	347	mlp	26	utterance_final	0	prompt_without	26	25	-0.43844628604975616	-0.4801799248565327	-0.48035734620961273	-0.0001774213530800206	-0.004251279259435475	0.0
just	1	28	6	mlp	27	utterance_final	0	prompt_without	38	37	-0.46957128842671714	-0.7794718305269878	-0.7787739713986714	0.0006978591283163249	0.002251880953762667	0.002251880953762667
just	1	29	76	mlp	27	utterance_final	0	prompt_without	68	68	-0.6198534094370328	-0.783491694010221	-0.7833142784925607	0.0001774155176602621	0.001084193213849733	0.001084193213849733
just	1	30	334	mlp	27	utterance_final	0	prompt_without	70	69	-0.24109645116896855	-0.2810814210346767	-0.2814904167538598	-0.00040899571918306954	-0.0102287364616431	0.0
just	1	32	347	mlp	27	utterance_final	0	prompt_without	26	25	-0.43844628604975616	-0.4801799248565327	-0.4803129786794836	-0.0001330538229508682	-0.003188167309514919	0.0
just	1	28	6	mlp	28	utterance_final	0	prompt_without	38	37	-0.46957128842671714	-0.7794718305269878	-0.7792317430178325	0.00024008750915527344	0.0007747243923103282	0.0007747243923103282
just	1	29	76	mlp	28	utterance_final	0	prompt_without	68	68	-0.6198534094370328	-0.783491694010221	-0.783341435285715	0.00015025872450602495	0.0009182369816326256	0.0009182369816326256
just	1	30	334	mlp	28	utterance_final	0	prompt_without	70	69	-0.24109645116896855	-0.2810814210346767	-0.2810608091808501	2.0611853826624227e-05	0.0005154900427798329	0.0005154900427798329
just	1	32	347	mlp	28	utterance_final	0	prompt_without	26	25	-0.43844628604975616	-0.4801799248565327	-0.48013498295437207	4.494190216064453e-05	0.001076874757284453	0.001076874757284453
just	1	28	6	mlp	29	utterance_final	0	prompt_without	38	37	-0.46957128842671714	-0.7794718305269878	-0.7787373741467793	0.0007344563802084147	0.0023699744932061976	0.0023699744932061976
just	1	29	76	mlp	29	utterance_final	0	prompt_without	68	68	-0.6198534094370328	-0.783491694010221	-0.7837286316431485	-0.00023693763292753633	-0.0014479352038279563	0.0
just	1	30	334	mlp	29	utterance_final	0	prompt_without	70	69	-0.24109645116896855	-0.2810814210346767	-0.2806360097158523	0.000445411318824418	0.011139468663359202	0.011139468663359202
just	1	32	347	mlp	29	utterance_final	0	prompt_without	26	25	-0.43844628604975616	-0.4801799248565327	-0.48069269277832727	-0.0005127679217945547	-0.012286681354785035	0.0
just	1	28	6	mlp	30	utterance_final	0	prompt_without	38	37	-0.46957128842671714	-0.7794718305269878	-0.7789367477099101	0.0005350828170777033	0.0017266275607371261	0.0017266275607371261
just	1	29	76	mlp	30	utterance_final	0	prompt_without	68	68	-0.6198534094370328	-0.783491694010221	-0.7834588289260864	3.2865084134581224e-05	0.00020083982315203337	0.00020083982315203337
just	1	30	334	mlp	30	utterance_final	0	prompt_without	70	69	-0.24109645116896855	-0.2810814210346767	-0.281264895484561	-0.00018347444988431327	-0.004588585423485947	0.0
just	1	32	347	mlp	30	utterance_final	0	prompt_without	26	25	-0.43844628604975616	-0.4801799248565327	-0.4803442927924069	-0.00016436793587421006	-0.003938499986431104	0.0
just	1	28	6	mlp	31	utterance_final	0	prompt_without	38	37	-0.46957128842671714	-0.7794718305269878	-0.7794718305269878	0.0	0.0	0.0
just	1	29	76	mlp	31	utterance_final	0	prompt_without	68	68	-0.6198534094370328	-0.783491694010221	-0.783491694010221	0.0	0.0	0.0
just	1	30	334	mlp	31	utterance_final	0	prompt_without	70	69	-0.24109645116896855	-0.2810814210346767	-0.2810814210346767	0.0	0.0	0.0
just	1	32	347	mlp	31	utterance_final	0	prompt_without	26	25	-0.43844628604975616	-0.4801799248565327	-0.4801799248565327	0.0	0.0	0.0
just	1	38	61	mlp	0	utterance_final	0	prompt_without	81	80	-0.7810891178938059	-0.9507696949518644	-0.9511467860295222	-0.0003770910776578207	-0.002222358529160317	0.0
just	1	38	61	mlp	1	utterance_final	0	prompt_without	81	80	-0.7810891178938059	-0.9507696949518644	-0.9507462428166316	2.3452135232804316e-05	0.00013821343396763585	0.00013821343396763585
just	1	38	61	mlp	2	utterance_final	0	prompt_without	81	80	-0.7810891178938059	-0.9507696949518644	-0.9502316988431491	0.0005379961087152996	0.0031706404942930914	0.0031706404942930914
just	1	38	61	mlp	3	utterance_final	0	prompt_without	81	80	-0.7810891178938059	-0.9507696949518644	-0.9515327306894156	-0.0007630357375512098	-0.004496894993998793	0.0
just	1	38	61	mlp	4	utterance_final	0	prompt_without	81	80	-0.7810891178938059	-0.9507696949518644	-0.9492857456207275	0.0014839493311368246	0.008745546230839793	0.008745546230839793
just	1	38	61	mlp	5	utterance_final	0	prompt_without	81	80	-0.7810891178938059	-0.9507696949518644	-0.9516824942368728	-0.0009127992850084254	-0.005379515445047661	0.0
just	1	38	61	mlp	6	utterance_final	0	prompt_without	81	80	-0.7810891178938059	-0.9507696949518644	-0.9527669136340802	-0.0019972186822158067	-0.011770461397785271	0.0
just	1	38	61	mlp	7	utterance_final	0	prompt_without	81	80	-0.7810891178938059	-0.9507696949518644	-0.9520678153404822	-0.0012981203886178738	-0.007650377026792551	0.0
just	1	38	61	mlp	8	utterance_final	0	prompt_without	81	80	-0.7810891178938059	-0.9507696949518644	-0.9487950435051551	0.0019746514467092746	0.01163746305526543	0.01163746305526543
just	1	38	61	mlp	9	utterance_final	0	prompt_without	81	80	-0.7810891178938059	-0.9507696949518644	-0.9576133581308218	-0.00684366317895746	-0.04033262555805552	0.0
just	1	38	61	mlp	10	utterance_final	0	prompt_without	81	80	-0.7810891178938059	-0.9507696949518644	-0.9456581106552711	0.005111584296593308	0.030124746068280462	0.030124746068280462
just	1	38	61	mlp	11	utterance_final	0	prompt_without	81	80	-0.7810891178938059	-0.9507696949518644	-0.9461103631899908	0.0046593317618736085	0.027459429020443248	0.027459429020443248
just	1	38	61	mlp	12	utterance_final	0	prompt_without	81	80	-0.7810891178938059	-0.9507696949518644	-0.9519406098585862	-0.0011709149067218316	-0.0069007008758650516	0.0
just	1	38	61	mlp	13	utterance_final	0	prompt_without	81	80	-0.7810891178938059	-0.9507696949518644	-0.9504655737143296	0.00030412123753476017	0.0017923161437074851	0.0017923161437074851
just	1	38	61	mlp	14	utterance_final	0	prompt_without	81	80	-0.7810891178938059	-0.9507696949518644	-0.9508859377640945	-0.00011624281223010513	-0.0006850684636128452	0.0
just	1	38	61	mlp	15	utterance_final	0	prompt_without	81	80	-0.7810891178938059	-0.9507696949518644	-0.9506319486177884	0.00013774633407592773	0.0008117978879149849	0.0008117978879149849
just	1	38	61	mlp	16	utterance_final	0	prompt_without	81	80	-0.7810891178938059	-0.9507696949518644	-0.9504886361268851	0.0002810588249793078	0.0016563995116726867	0.0016563995116726867
just	1	38	61	mlp	17	utterance_final	0	prompt_without	81	80	-0.7810891178938059	-0.9507696949518644	-0.9506037418658917	0.0001659530859726699	0.0009780323054646778	0.0009780323054646778
just	1	38	61	mlp	18	utterance_final	0	prompt_without	81	80	-0.7810891178938059	-0.9507696949518644	-0.9495015556995685	0.0012681392522958523	0.007473685405147705	0.007473685405147705
just	1	38	61	mlp	19	utterance_final	0	prompt_without	81	80	-0.7810891178938059	-0.9507696949518644	-0.9506433239349952	0.00012637101686918673	0.0007447582926709825	0.0007447582926709825
just	1	38	61	mlp	20	utterance_final	0	prompt_without	81	80	-0.7810891178938059	-0.9507696949518644	-0.9504422912230859	0.0003274037287784859	0.0019295297933036866	0.0019295297933036866
just	1	38	61	mlp	21	utterance_final	0	prompt_without	81	80	-0.7810891178938059	-0.9507696949518644	-0.951152177957388	-0.00038248300552368164	-0.0022541354594333442	0.0
just	1	38	61	mlp	22	utterance_final	0	prompt_without	81	80	-0.7810891178938059	-0.9507696949518644	-0.9511986970901489	-0.00042900213828456213	-0.0025282925466346877	0.0
just	1	38	61	mlp	23	utterance_final	0	prompt_without	81	80	-0.7810891178938059	-0.9507696949518644	-0.9512490125802847	-0.0004793176284203504	-0.0028248231867831603	0.0
just	1	38	61	mlp	24	utterance_final	0	prompt_without	81	80	-0.7810891178938059	-0.9507696949518644	-0.9500575936757601	0.0007121012761042156	0.004196716491956298	0.004196716491956298
just	1	38	61	mlp	25	utterance_final	0	prompt_without	81	80	-0.7810891178938059	-0.9507696949518644	-0.9506474412404574	0.00012225371140694996	0.0007204932557785869	0.0007204932557785869
just	1	38	61	mlp	26	utterance_final	0	prompt_without	81	80	-0.7810891178938059	-0.9507696949518644	-0.9504650922921988	0.0003046026596655871	0.001795153369624404	0.001795153369624404
just	1	38	61	mlp	27	utterance_final	0	prompt_without	81	80	-0.7810891178938059	-0.9507696949518644	-0.9503110509652358	0.00045864398662853745	0.002702984599537319	0.002702984599537319
just	1	38	61	mlp	28	utterance_final	0	prompt_without	81	80	-0.7810891178938059	-0.9507696949518644	-0.9509879992558405	-0.00021830430397618006	-0.0012865603580631641	0.0
just	1	38	61	mlp	29	utterance_final	0	prompt_without	81	80	-0.7810891178938059	-0.9507696949518644	-0.9509894802020147	-0.00021978525015031725	-0.0012952882054091245	0.0
just	1	38	61	mlp	30	utterance_final	0	prompt_without	81	80	-0.7810891178938059	-0.9507696949518644	-0.9503891055400555	0.00038058941180885153	0.0022429757041586896	0.0022429757041586896
just	1	38	61	mlp	31	utterance_final	0	prompt_without	81	80	-0.7810891178938059	-0.9507696949518644	-0.9507696949518644	0.0	0.0	0.0
