particle	train_fold	source_row_index	pool_row_index	component	layer_index	position_label	position_order	corruption_mode	clean_patch_position	corrupted_patch_position	clean_log_prob_per_token	corrupted_log_prob_per_token	patched_log_prob_per_token	raw_delta_per_token	restoration	restoration_clipped
just	0	3	10	resid	0	utterance_final	0	prompt_without	33	32	-0.3928044725347448	-0.7069280280007256	-0.7101607499299226	-0.003232721929196991	-0.010291243279738984	0.0
just	0	5	4	resid	0	utterance_final	0	prompt_without	26	25	-0.5373304956837704	-0.9672020673751831	-0.9613776771645797	0.005824390210603436	0.013549140241319632	0.013549140241319632
just	0	7	129	resid	0	utterance_final	0	prompt_without	34	33	-0.5193182362450494	-0.6508910589747958	-0.6497520142131381	0.0011390447616577148	0.008657143154839342	0.008657143154839342
just	0	18	207	resid	0	utterance_final	0	prompt_without	54	53	-0.3636698513700251	-0.46461200086694016	-0.46496102266144335	-0.0003490217945031904	-0.003457641790299473	0.0
just	0	3	10	resid	1	utterance_final	0	prompt_without	33	32	-0.3928044725347448	-0.7069280280007256	-0.7040344565003006	0.0028935715004250184	0.009211571211629141	0.009211571211629141
just	0	5	4	resid	1	utterance_final	0	prompt_without	26	25	-0.5373304956837704	-0.9672020673751831	-0.9501210451126099	0.017081022262573242	0.03973517531146492	0.03973517531146492
just	0	7	129	resid	1	utterance_final	0	prompt_without	34	33	-0.5193182362450494	-0.6508910589747958	-0.6493245032098558	0.0015665557649400252	0.011906378022745367	0.011906378022745367
just	0	18	207	resid	1	utterance_final	0	prompt_without	54	53	-0.3636698513700251	-0.46461200086694016	-0.464703221070139	-9.12202031988496e-05	-0.0009036879406024283	0.0
just	0	3	10	resid	2	utterance_final	0	prompt_without	33	32	-0.3928044725347448	-0.7069280280007256	-0.7020591806482386	0.004868847352487049	0.015499784297501812	0.015499784297501812
just	0	5	4	resid	2	utterance_final	0	prompt_without	26	25	-0.5373304956837704	-0.9672020673751831	-0.9531241529866269	0.014077914388556212	0.03274911698199521	0.03274911698199521
just	0	7	129	resid	2	utterance_final	0	prompt_without	34	33	-0.5193182362450494	-0.6508910589747958	-0.6475585235489739	0.003332535425821903	0.02532844820595668	0.02532844820595668
just	0	18	207	resid	2	utterance_final	0	prompt_without	54	53	-0.3636698513700251	-0.46461200086694016	-0.4625785831819501	0.0020334176849900465	0.020144386612771615	0.020144386612771615
just	0	3	10	resid	3	utterance_final	0	prompt_without	33	32	-0.3928044725347448	-0.7069280280007256	-0.6832481887605455	0.023679839240180134	0.07538383807305604	0.07538383807305604
just	0	5	4	resid	3	utterance_final	0	prompt_without	26	25	-0.5373304956837704	-0.9672020673751831	-0.9452550536707828	0.02194701370440033	0.05105481532087728	0.05105481532087728
just	0	7	129	resid	3	utterance_final	0	prompt_without	34	33	-0.5193182362450494	-0.6508910589747958	-0.6433591842651367	0.007531874709659103	0.05724491238688208	0.05724491238688208
just	0	18	207	resid	3	utterance_final	0	prompt_without	54	53	-0.3636698513700251	-0.46461200086694016	-0.45826211519408644	0.006349885672853717	0.06290618640974928	0.06290618640974928
just	0	3	10	resid	4	utterance_final	0	prompt_without	33	32	-0.3928044725347448	-0.7069280280007256	-0.6440847361529315	0.06284329184779414	0.2000591511024075	0.2000591511024075
just	0	5	4	resid	4	utterance_final	0	prompt_without	26	25	-0.5373304956837704	-0.9672020673751831	-0.9309145463140387	0.03628752106114441	0.08441479607121764	0.08441479607121764
just	0	7	129	resid	4	utterance_final	0	prompt_without	34	33	-0.5193182362450494	-0.6508910589747958	-0.6402806540330251	0.01061040494177068	0.08064283125980119	0.08064283125980119
just	0	18	207	resid	4	utterance_final	0	prompt_without	54	53	-0.3636698513700251	-0.46461200086694016	-0.4556678763607092	0.008944124506230944	0.08860643993423471	0.08860643993423471
just	0	3	10	resid	5	utterance_final	0	prompt_without	33	32	-0.3928044725347448	-0.7069280280007256	-0.6124357470759639	0.0944922809247617	0.300812464651334	0.300812464651334
just	0	5	4	resid	5	utterance_final	0	prompt_without	26	25	-0.5373304956837704	-0.9672020673751831	-0.9180188241757845	0.049183243199398596	0.11441380737478786	0.11441380737478786
just	0	7	129	resid	5	utterance_final	0	prompt_without	34	33	-0.5193182362450494	-0.6508910589747958	-0.6366432905197144	0.014247768455081466	0.10828808077141207	0.10828808077141207
just	0	18	207	resid	5	utterance_final	0	prompt_without	54	53	-0.3636698513700251	-0.46461200086694016	-0.45423755729407594	0.010374443572864211	0.10277613092815377	0.10277613092815377
just	0	3	10	resid	6	utterance_final	0	prompt_without	33	32	-0.3928044725347448	-0.7069280280007256	-0.5758751939844202	0.1310528340163054	0.41720154931360526	0.41720154931360526
just	0	5	4	resid	6	utterance_final	0	prompt_without	26	25	-0.5373304956837704	-0.9672020673751831	-0.8955518446470562	0.07165022272812693	0.16667820681001375	0.16667820681001375
just	0	7	129	resid	6	utterance_final	0	prompt_without	34	33	-0.5193182362450494	-0.6508910589747958	-0.6069094936052958	0.04398156536950004	0.33427545641275147	0.33427545641275147
just	0	18	207	resid	6	utterance_final	0	prompt_without	54	53	-0.3636698513700251	-0.46461200086694016	-0.44018236168643887	0.024429639180501284	0.2420162370452384	0.2420162370452384
just	0	3	10	resid	7	utterance_final	0	prompt_without	33	32	-0.3928044725347448	-0.7069280280007256	-0.5929227272669474	0.11400530073377824	0.3629313967386469	0.3629313967386469
just	0	5	4	resid	7	utterance_final	0	prompt_without	26	25	-0.5373304956837704	-0.9672020673751831	-0.895616004341527	0.07158606303365611	0.16652895364070466	0.16652895364070466
just	0	7	129	resid	7	utterance_final	0	prompt_without	34	33	-0.5193182362450494	-0.6508910589747958	-0.5848866568671333	0.06600440210766256	0.5016568067650041	0.5016568067650041
just	0	18	207	resid	7	utterance_final	0	prompt_without	54	53	-0.3636698513700251	-0.46461200086694016	-0.43826574609990704	0.026346254767033117	0.2610035044660734	0.2610035044660734
just	0	3	10	resid	8	utterance_final	0	prompt_without	33	32	-0.3928044725347448	-0.7069280280007256	-0.5590658761836864	0.1478621518170392	0.4707133522594185	0.4707133522594185
just	0	5	4	resid	8	utterance_final	0	prompt_without	26	25	-0.5373304956837704	-0.9672020673751831	-0.9037478597540605	0.06345420762112264	0.14761201205152927	0.14761201205152927
just	0	7	129	resid	8	utterance_final	0	prompt_without	34	33	-0.5193182362450494	-0.6508910589747958	-0.5798358420530955	0.07105521692170036	0.5400447862067181	0.5400447862067181
just	0	18	207	resid	8	utterance_final	0	prompt_without	54	53	-0.3636698513700251	-0.46461200086694016	-0.43550325694837067	0.02910874391856949	0.28837055742962064	0.28837055742962064
just	0	3	10	resid	9	utterance_final	0	prompt_without	33	32	-0.3928044725347448	-0.7069280280007256	-0.6042637692557441	0.10266425874498153	0.32682763504534423	0.32682763504534423
just	0	5	4	resid	9	utterance_final	0	prompt_without	26	25	-0.5373304956837704	-0.9672020673751831	-0.897571651559127	0.06963041581605611	0.16197957809138624	0.16197957809138624
just	0	7	129	resid	9	utterance_final	0	prompt_without	34	33	-0.5193182362450494	-0.6508910589747958	-0.5942467119958665	0.05664434697892928	0.4305170764275389	0.4305170764275389
just	0	18	207	resid	9	utterance_final	0	prompt_without	54	53	-0.3636698513700251	-0.46461200086694016	-0.4283476377788343	0.03626436308810588	0.3592588751957791	0.3592588751957791
just	0	3	10	resid	10	utterance_final	0	prompt_without	33	32	-0.3928044725347448	-0.7069280280007256	-0.5658149366025571	0.14111309139816852	0.449227983520169	0.449227983520169
just	0	5	4	resid	10	utterance_final	0	prompt_without	26	25	-0.5373304956837704	-0.9672020673751831	-0.8858633041381836	0.08133876323699951	0.18921642786694745	0.18921642786694745
just	0	7	129	resid	10	utterance_final	0	prompt_without	34	33	-0.5193182362450494	-0.6508910589747958	-0.6059340834617615	0.04495697551303435	0.3416889185799182	0.3416889185799182
just	0	18	207	resid	10	utterance_final	0	prompt_without	54	53	-0.3636698513700251	-0.46461200086694016	-0.4274322610152395	0.037179739851700644	0.368327205602422	0.368327205602422
just	0	3	10	resid	11	utterance_final	0	prompt_without	33	32	-0.3928044725347448	-0.7069280280007256	-0.5998622311486138	0.10706579685211182	0.34083975871623834	0.34083975871623834
just	0	5	4	resid	11	utterance_final	0	prompt_without	26	25	-0.5373304956837704	-0.9672020673751831	-0.8948037373392206	0.07239833003596252	0.1684185110243446	0.1684185110243446
just	0	7	129	resid	11	utterance_final	0	prompt_without	34	33	-0.5193182362450494	-0.6508910589747958	-0.6127360926734077	0.03815496630138815	0.28999124218653655	0.28999124218653655
just	0	18	207	resid	11	utterance_final	0	prompt_without	54	53	-0.3636698513700251	-0.46461200086694016	-0.4230593066466482	0.04155269422029195	0.4116485970170654	0.4116485970170654
just	0	3	10	resid	12	utterance_final	0	prompt_without	33	32	-0.3928044725347448	-0.7069280280007256	-0.572812729411655	0.13411529858907068	0.4269507849868814	0.4269507849868814
just	0	5	4	resid	12	utterance_final	0	prompt_without	26	25	-0.5373304956837704	-0.9672020673751831	-0.8784792297764829	0.08872283759870025	0.20639382420568805	0.20639382420568805
just	0	7	129	resid	12	utterance_final	0	prompt_without	34	33	-0.5193182362450494	-0.6508910589747958	-0.6309893760416243	0.019901682933171516	0.15125983102186705	0.15125983102186705
just	0	18	207	resid	12	utterance_final	0	prompt_without	54	53	-0.3636698513700251	-0.46461200086694016	-0.43728261872341756	0.027329382143522596	0.27074301745830986	0.27074301745830986
just	0	3	10	resid	13	utterance_final	0	prompt_without	33	32	-0.3928044725347448	-0.7069280280007256	-0.5814557163803665	0.1254723116203591	0.39943617546996596	0.39943617546996596
just	0	5	4	resid	13	utterance_final	0	prompt_without	26	25	-0.5373304956837704	-0.9672020673751831	-0.937530329352931	0.029671738022252092	0.06902465754016464	0.06902465754016464
just	0	7	129	resid	13	utterance_final	0	prompt_without	34	33	-0.5193182362450494	-0.6508910589747958	-0.6459073192543454	0.004983739720450409	0.037878185000918635	0.037878185000918635
just	0	18	207	resid	13	utterance_final	0	prompt_without	54	53	-0.3636698513700251	-0.46461200086694016	-0.44949352741241455	0.015118473454525605	0.1497736429219555	0.1497736429219555
just	0	3	10	resid	14	utterance_final	0	prompt_without	33	32	-0.3928044725347448	-0.7069280280007256	-0.6285295972117672	0.07839843078895847	0.24957832491313733	0.24957832491313733
just	0	5	4	resid	14	utterance_final	0	prompt_without	26	25	-0.5373304956837704	-0.9672020673751831	-0.9526908146707636	0.014511252704419553	0.03375718158640319	0.03375718158640319
just	0	7	129	resid	14	utterance_final	0	prompt_without	34	33	-0.5193182362450494	-0.6508910589747958	-0.6507598525947995	0.00013120637999630702	0.0009972149055873633	0.0009972149055873633
just	0	18	207	resid	14	utterance_final	0	prompt_without	54	53	-0.3636698513700251	-0.46461200086694016	-0.45446312218381646	0.010148878683123697	0.10054153526257	0.10054153526257
just	0	3	10	resid	15	utterance_final	0	prompt_without	33	32	-0.3928044725347448	-0.7069280280007256	-0.6525257649245085	0.054402263076217094	0.17318746757311804	0.17318746757311804
just	0	5	4	resid	15	utterance_final	0	prompt_without	26	25	-0.5373304956837704	-0.9672020673751831	-0.9593379873978464	0.007864079977336735	0.01829402197124596	0.01829402197124596
just	0	7	129	resid	15	utterance_final	0	prompt_without	34	33	-0.5193182362450494	-0.6508910589747958	-0.6506119436687894	0.00027911530600643886	0.002121375069832985	0.002121375069832985
just	0	18	207	resid	15	utterance_final	0	prompt_without	54	53	-0.3636698513700251	-0.46461200086694016	-0.458206013629311	0.0064059872376291405	0.06346196578491642	0.06346196578491642
just	0	3	10	resid	16	utterance_final	0	prompt_without	33	32	-0.3928044725347448	-0.7069280280007256	-0.6524040478247183	0.05452398017600735	0.1735749491792322	0.1735749491792322
just	0	5	4	resid	16	utterance_final	0	prompt_without	26	25	-0.5373304956837704	-0.9672020673751831	-0.9626909682625219	0.004511099112661232	0.010494062435697811	0.010494062435697811
just	0	7	129	resid	16	utterance_final	0	prompt_without	34	33	-0.5193182362450494	-0.6508910589747958	-0.6505099170737796	0.00038114190101623535	0.002896813286427011	0.002896813286427011
just	0	18	207	resid	16	utterance_final	0	prompt_without	54	53	-0.3636698513700251	-0.46461200086694016	-0.46112951061181856	0.0034824902551215953	0.03449986227238034	0.03449986227238034
just	0	3	10	resid	17	utterance_final	0	prompt_without	33	32	-0.3928044725347448	-0.7069280280007256	-0.6776526592395924	0.029275368761133236	0.09319698650967206	0.09319698650967206
just	0	5	4	resid	17	utterance_final	0	prompt_without	26	25	-0.5373304956837704	-0.9672020673751831	-0.9623038517801386	0.004898215595044553	0.011394602289636364	0.011394602289636364
just	0	7	129	resid	17	utterance_final	0	prompt_without	34	33	-0.5193182362450494	-0.6508910589747958	-0.6521924701001909	-0.0013014111253950578	-0.009891184960500433	0.0
just	0	18	207	resid	17	utterance_final	0	prompt_without	54	53	-0.3636698513700251	-0.46461200086694016	-0.46236313435069304	0.0022488665162471166	0.022278765881796937	0.022278765881796937
just	0	3	10	resid	18	utterance_final	0	prompt_without	33	32	-0.3928044725347448	-0.7069280280007256	-0.679901264331959	0.027026763668766662	0.08603864052370828	0.08603864052370828
just	0	5	4	resid	18	utterance_final	0	prompt_without	26	25	-0.5373304956837704	-0.9672020673751831	-0.9631615688926295	0.004040498482553612	0.009399315397051008	0.009399315397051008
just	0	7	129	resid	18	utterance_final	0	prompt_without	34	33	-0.5193182362450494	-0.6508910589747958	-0.6514580415354835	-0.0005669825606876566	-0.004309268045820158	0.0
just	0	18	207	resid	18	utterance_final	0	prompt_without	54	53	-0.3636698513700251	-0.46461200086694016	-0.4644535152535689	0.00015848561337122868	0.0015700637856544976	0.0015700637856544976
just	0	3	10	resid	19	utterance_final	0	prompt_without	33	32	-0.3928044725347448	-0.7069280280007256	-0.6867159031055592	0.02021212489516644	0.06434450566810608	0.06434450566810608
just	0	5	4	resid	19	utterance_final	0	prompt_without	26	25	-0.5373304956837704	-0.9672020673751831	-0.9639888437170732	0.0032132236581099427	0.007474845674178672	0.007474845674178672
just	0	7	129	resid	19	utterance_final	0	prompt_without	34	33	-0.5193182362450494	-0.6508910589747958	-0.651641908619139	-0.0007508496443431323	-0.005706722929289085	0.0
just	0	18	207	resid	19	utterance_final	0	prompt_without	54	53	-0.3636698513700251	-0.46461200086694016	-0.46441036985631573	0.00020163101062442568	0.001997490757125078	0.001997490757125078
just	0	3	10	resid	20	utterance_final	0	prompt_without	33	32	-0.3928044725347448	-0.7069280280007256	-0.6878068270506682	0.019121200950057426	0.0608715921405271	0.0608715921405271
just	0	5	4	resid	20	utterance_final	0	prompt_without	26	25	-0.5373304956837704	-0.9672020673751831	-0.9634889301500822	0.0037131372251009154	0.008637782699820927	0.008637782699820927
just	0	7	129	resid	20	utterance_final	0	prompt_without	34	33	-0.5193182362450494	-0.6508910589747958	-0.650298406680425	0.0005926522943707768	0.004504367103137234	0.004504367103137234
just	0	18	207	resid	20	utterance_final	0	prompt_without	54	53	-0.3636698513700251	-0.46461200086694016	-0.46461626521328037	-4.264346340210334e-06	-4.224544812512299e-05	0.0
just	0	3	10	resid	21	utterance_final	0	prompt_without	33	32	-0.3928044725347448	-0.7069280280007256	-0.6946289230276037	0.012299104973121922	0.03915371757102724	0.03915371757102724
just	0	5	4	resid	21	utterance_final	0	prompt_without	26	25	-0.5373304956837704	-0.9672020673751831	-0.9647381054727655	0.0024639619024175996	0.0057318558952913915	0.0057318558952913915
just	0	7	129	resid	21	utterance_final	0	prompt_without	34	33	-0.5193182362450494	-0.6508910589747958	-0.6496606204244826	0.0012304385503132398	0.009351768281513488	0.009351768281513488
just	0	18	207	resid	21	utterance_final	0	prompt_without	54	53	-0.3636698513700251	-0.46461200086694016	-0.46500701444190845	-0.0003950135749682948	-0.003913266925035781	0.0
just	0	3	10	resid	22	utterance_final	0	prompt_without	33	32	-0.3928044725347448	-0.7069280280007256	-0.699947886996799	0.006980141003926632	0.022221004704890947	0.022221004704890947
just	0	5	4	resid	22	utterance_final	0	prompt_without	26	25	-0.5373304956837704	-0.9672020673751831	-0.9642815589904785	0.00292050838470459	0.006793909104557173	0.006793909104557173
just	0	7	129	resid	22	utterance_final	0	prompt_without	34	33	-0.5193182362450494	-0.6508910589747958	-0.6495439575778114	0.0013471013969844625	0.010238447188683024	0.010238447188683024
just	0	18	207	resid	22	utterance_final	0	prompt_without	54	53	-0.3636698513700251	-0.46461200086694016	-0.4647998893470095	-0.00018788848006934256	-0.0018613481187567213	0.0
just	0	3	10	resid	23	utterance_final	0	prompt_without	33	32	-0.3928044725347448	-0.7069280280007256	-0.7006931834750705	0.006234844525655148	0.01984838264168436	0.01984838264168436
just	0	5	4	resid	23	utterance_final	0	prompt_without	26	25	-0.5373304956837704	-0.9672020673751831	-0.9632773273869565	0.003924739988226622	0.009130029168442043	0.009130029168442043
just	0	7	129	resid	23	utterance_final	0	prompt_without	34	33	-0.5193182362450494	-0.6508910589747958	-0.6505164338482751	0.00037462512652075564	0.0028472834947855766	0.0028472834947855766
just	0	18	207	resid	23	utterance_final	0	prompt_without	54	53	-0.3636698513700251	-0.46461200086694016	-0.4650316635767619	-0.00041966270982174425	-0.004157457632052603	0.0
just	0	3	10	resid	24	utterance_final	0	prompt_without	33	32	-0.3928044725347448	-0.7069280280007256	-0.7020690220373648	0.004859005963360863	0.015468454621790015	0.015468454621790015
just	0	5	4	resid	24	utterance_final	0	prompt_without	26	25	-0.5373304956837704	-0.9672020673751831	-0.9639899542457179	0.0032121131294652328	0.0074722622778392945	0.0074722622778392945
just	0	7	129	resid	24	utterance_final	0	prompt_without	34	33	-0.5193182362450494	-0.6508910589747958	-0.6505609220928616	0.00033013688193417323	0.0025091570970722566	0.0025091570970722566
just	0	18	207	resid	24	utterance_final	0	prompt_without	54	53	-0.3636698513700251	-0.46461200086694016	-0.4648046681755467	-0.00019266730860656445	-0.0019086903693531182	0.0
just	0	3	10	resid	25	utterance_final	0	prompt_without	33	32	-0.3928044725347448	-0.7069280280007256	-0.7025093237559	0.0044187042448256	0.014066771395958366	0.014066771395958366
just	0	5	4	resid	25	utterance_final	0	prompt_without	26	25	-0.5373304956837704	-0.9672020673751831	-0.9644172128878141	0.0027848544873689818	0.006478340673730609	0.006478340673730609
just	0	7	129	resid	25	utterance_final	0	prompt_without	34	33	-0.5193182362450494	-0.6508910589747958	-0.6508724722597334	1.8586715062385295e-05	0.00014126561000034807	0.00014126561000034807
just	0	18	207	resid	25	utterance_final	0	prompt_without	54	53	-0.3636698513700251	-0.46461200086694016	-0.4642122523826465	0.0003997484842936383	0.0039601740827388985	0.0039601740827388985
just	0	3	10	resid	26	utterance_final	0	prompt_without	33	32	-0.3928044725347448	-0.7069280280007256	-0.7025606455626311	0.004367382438094536	0.0139033904401592	0.0139033904401592
just	0	5	4	resid	26	utterance_final	0	prompt_without	26	25	-0.5373304956837704	-0.9672020673751831	-0.9649195482856349	0.0022825190895482406	0.005309769800704031	0.005309769800704031
just	0	7	129	resid	26	utterance_final	0	prompt_without	34	33	-0.5193182362450494	-0.6508910589747958	-0.6507480442523956	0.00014301472240019208	0.0010869624853602749	0.0010869624853602749
just	0	18	207	resid	26	utterance_final	0	prompt_without	54	53	-0.3636698513700251	-0.46461200086694016	-0.46427002078608465	0.00034198008085550846	0.003387881896312897	0.003387881896312897
just	0	3	10	resid	27	utterance_final	0	prompt_without	33	32	-0.3928044725347448	-0.7069280280007256	-0.7032067069300899	0.003721321070635719	0.011846679454252941	0.011846679454252941
just	0	5	4	resid	27	utterance_final	0	prompt_without	26	25	-0.5373304956837704	-0.9672020673751831	-0.9653010744797555	0.0019009928954275557	0.004422234501220288	0.004422234501220288
just	0	7	129	resid	27	utterance_final	0	prompt_without	34	33	-0.5193182362450494	-0.6508910589747958	-0.6505555576748319	0.0003355012999639584	0.002549928571898815	0.002549928571898815
just	0	18	207	resid	27	utterance_final	0	prompt_without	54	53	-0.3636698513700251	-0.46461200086694016	-0.46473864296026396	-0.00012664209332380327	-0.001254600718876842	0.0
just	0	3	10	resid	28	utterance_final	0	prompt_without	33	32	-0.3928044725347448	-0.7069280280007256	-0.7035607320291025	0.0033672959716231077	0.010719654457711567	0.010719654457711567
just	0	5	4	resid	28	utterance_final	0	prompt_without	26	25	-0.5373304956837704	-0.9672020673751831	-0.9660772524381939	0.001124814936989238	0.0026166302008840373	0.0026166302008840373
just	0	7	129	resid	28	utterance_final	0	prompt_without	34	33	-0.5193182362450494	-0.6508910589747958	-0.6507103145122528	0.00018074446254301435	0.0013737218583070726	0.0013737218583070726
just	0	18	207	resid	28	utterance_final	0	prompt_without	54	53	-0.3636698513700251	-0.46461200086694016	-0.46486891361705046	-0.00025691275011030523	-0.002545148398272982	0.0
just	0	3	10	resid	29	utterance_final	0	prompt_without	33	32	-0.3928044725347448	-0.7069280280007256	-0.7055549003459789	0.0013731276547467308	0.00437129795220161	0.00437129795220161
just	0	5	4	resid	29	utterance_final	0	prompt_without	26	25	-0.5373304956837704	-0.9672020673751831	-0.9659202412555092	0.0012818261196738678	0.0029818815760025152	0.0029818815760025152
just	0	7	129	resid	29	utterance_final	0	prompt_without	34	33	-0.5193182362450494	-0.6508910589747958	-0.6506021188365089	0.00028894013828695275	0.0021960472709507974	0.0021960472709507974
just	0	18	207	resid	29	utterance_final	0	prompt_without	54	53	-0.3636698513700251	-0.46461200086694016	-0.4645274082819621	8.459258497806044e-05	0.0008380303510442456	0.0008380303510442456
just	0	3	10	resid	30	utterance_final	0	prompt_without	33	32	-0.3928044725347448	-0.7069280280007256	-0.7074756445708098	-0.0005476165700841751	-0.001743315840392241	0.0
just	0	5	4	resid	30	utterance_final	0	prompt_without	26	25	-0.5373304956837704	-0.9672020673751831	-0.9663294302789789	0.0008726370962042207	0.002029994895383897	0.002029994895383897
just	0	7	129	resid	30	utterance_final	0	prompt_without	34	33	-0.5193182362450494	-0.6508910589747958	-0.6513289411862692	-0.0004378822114733394	-0.0033280597192382145	0.0
just	0	18	207	resid	30	utterance_final	0	prompt_without	54	53	-0.3636698513700251	-0.46461200086694016	-0.4654762347539266	-0.0008642338869864208	-0.008561675091066227	0.0
just	0	3	10	resid	31	utterance_final	0	prompt_without	33	32	-0.3928044725347448	-0.7069280280007256	-0.7069280280007256	0.0	0.0	0.0
just	0	5	4	resid	31	utterance_final	0	prompt_without	26	25	-0.5373304956837704	-0.9672020673751831	-0.9672020673751831	0.0	0.0	0.0
just	0	7	129	resid	31	utterance_final	0	prompt_without	34	33	-0.5193182362450494	-0.6508910589747958	-0.6508910589747958	0.0	0.0	0.0
just	0	18	207	resid	31	utterance_final	0	prompt_without	54	53	-0.3636698513700251	-0.46461200086694016	-0.46461200086694016	0.0	0.0	0.0
just	0	22	3	resid	0	utterance_final	0	prompt_without	40	39	-0.8287898812975202	-1.4369443825313024	-1.4349040814808436	0.002040301050458826	0.003354905778580283	0.003354905778580283
just	0	37	101	resid	0	utterance_final	0	prompt_without	21	20	-0.3864322785408266	-0.5383535738914244	-0.5374257795272335	0.0009277943641908815	0.0061070724946740065	0.0061070724946740065
just	0	43	47	resid	0	utterance_final	0	prompt_without	25	24	-0.49048052355647087	-0.6851614080369473	-0.6867453940212727	-0.001583985984325409	-0.00813632005295445	0.0
just	0	44	322	resid	0	utterance_final	0	prompt_without	28	27	-0.7742102278603448	-0.8606619371308221	-0.856978628370497	0.003683308760325077	0.04260538966096421	0.04260538966096421
just	0	22	3	resid	1	utterance_final	0	prompt_without	40	39	-0.8287898812975202	-1.4369443825313024	-1.432985816683088	0.003958565848214413	0.006509145028415551	0.006509145028415551
just	0	37	101	resid	1	utterance_final	0	prompt_without	21	20	-0.3864322785408266	-0.5383535738914244	-0.5373694665970341	0.0009841072943902462	0.006477744230123656	0.006477744230123656
just	0	43	47	resid	1	utterance_final	0	prompt_without	25	24	-0.49048052355647087	-0.6851614080369473	-0.680314339697361	0.004847068339586258	0.02489750523027004	0.02489750523027004
just	0	44	322	resid	1	utterance_final	0	prompt_without	28	27	-0.7742102278603448	-0.8606619371308221	-0.8578953875435723	0.002766549587249756	0.032001097613861926	0.032001097613861926
just	0	22	3	resid	2	utterance_final	0	prompt_without	40	39	-0.8287898812975202	-1.4369443825313024	-1.4130708149501257	0.023873567581176758	0.039255760719921824	0.039255760719921824
just	0	37	101	resid	2	utterance_final	0	prompt_without	21	20	-0.3864322785408266	-0.5383535738914244	-0.5371462491250807	0.0012073247663436648	0.007947041022507413	0.007947041022507413
just	0	43	47	resid	2	utterance_final	0	prompt_without	25	24	-0.49048052355647087	-0.6851614080369473	-0.6550864577293396	0.03007495030760765	0.15448332479002952	0.15448332479002952
just	0	44	322	resid	2	utterance_final	0	prompt_without	28	27	-0.7742102278603448	-0.8606619371308221	-0.8546219600571526	0.006039977073669434	0.06986532857057168	0.06986532857057168
just	0	22	3	resid	3	utterance_final	0	prompt_without	40	39	-0.8287898812975202	-1.4369443825313024	-1.3370907136372157	0.09985366889408676	0.16419128476647046	0.16419128476647046
just	0	37	101	resid	3	utterance_final	0	prompt_without	21	20	-0.3864322785408266	-0.5383535738914244	-0.5359591091832807	0.00239446470814364	0.015761218350711086	0.015761218350711086
just	0	43	47	resid	3	utterance_final	0	prompt_without	25	24	-0.49048052355647087	-0.6851614080369473	-0.5738745518028736	0.11128685623407364	0.5716373054861176	0.5716373054861176
just	0	44	322	resid	3	utterance_final	0	prompt_without	28	27	-0.7742102278603448	-0.8606619371308221	-0.8478325009346008	0.012829436196221233	0.1484000293861443	0.1484000293861443
just	0	22	3	resid	4	utterance_final	0	prompt_without	40	39	-0.8287898812975202	-1.4369443825313024	-1.269376516342163	0.16756786618913933	0.27553502580214256	0.27553502580214256
just	0	37	101	resid	4	utterance_final	0	prompt_without	21	20	-0.3864322785408266	-0.5383535738914244	-0.5352757515445832	0.0030778223468411747	0.02025932137912794	0.02025932137912794
just	0	43	47	resid	4	utterance_final	0	prompt_without	25	24	-0.49048052355647087	-0.6851614080369473	-0.5439463779330254	0.1412150301039219	0.7253666967908381	0.7253666967908381
just	0	44	322	resid	4	utterance_final	0	prompt_without	28	27	-0.7742102278603448	-0.8606619371308221	-0.8472124934196472	0.013449443711174847	0.1555717501096042	0.1555717501096042
just	0	22	3	resid	5	utterance_final	0	prompt_without	40	39	-0.8287898812975202	-1.4369443825313024	-1.236190744808742	0.2007536377225605	0.3301030203924911	0.3301030203924911
just	0	37	101	resid	5	utterance_final	0	prompt_without	21	20	-0.3864322785408266	-0.5383535738914244	-0.5362119828501055	0.0021415910413188355	0.014096713935834733	0.014096713935834733
just	0	43	47	resid	5	utterance_final	0	prompt_without	25	24	-0.49048052355647087	-0.6851614080369473	-0.5346056222915649	0.1505557857453823	0.7733465262763424	0.7733465262763424
just	0	44	322	resid	5	utterance_final	0	prompt_without	28	27	-0.7742102278603448	-0.8606619371308221	-0.8436984552277459	0.016963481903076172	0.19621916149747073	0.19621916149747073
just	0	22	3	resid	6	utterance_final	0	prompt_without	40	39	-0.8287898812975202	-1.4369443825313024	-1.1404179334640503	0.2965264490672521	0.48758407356301653	0.48758407356301653
just	0	37	101	resid	6	utterance_final	0	prompt_without	21	20	-0.3864322785408266	-0.5383535738914244	-0.5301387348482686	0.008214839043155786	0.054072992362248606	0.054072992362248606
just	0	43	47	resid	6	utterance_final	0	prompt_without	25	24	-0.49048052355647087	-0.6851614080369473	-0.52949458360672	0.15566682443022728	0.7995999445227421	0.7995999445227421
just	0	44	322	resid	6	utterance_final	0	prompt_without	28	27	-0.7742102278603448	-0.8606619371308221	-0.8359564608997769	0.02470547623104513	0.28577198113862967	0.28577198113862967
just	0	22	3	resid	7	utterance_final	0	prompt_without	40	39	-0.8287898812975202	-1.4369443825313024	-1.1603676761899675	0.2765767063413349	0.4547803325967908	0.4547803325967908
just	0	37	101	resid	7	utterance_final	0	prompt_without	21	20	-0.3864322785408266	-0.5383535738914244	-0.5328989721113636	0.005454601780060742	0.035904128960148975	0.035904128960148975
just	0	43	47	resid	7	utterance_final	0	prompt_without	25	24	-0.49048052355647087	-0.6851614080369473	-0.5303349383175373	0.15482646971940994	0.7952833691534659	0.7952833691534659
just	0	44	322	resid	7	utterance_final	0	prompt_without	28	27	-0.7742102278603448	-0.8606619371308221	-0.8351583480834961	0.02550358904732597	0.2950038728272465	0.2950038728272465
just	0	22	3	resid	8	utterance_final	0	prompt_without	40	39	-0.8287898812975202	-1.4369443825313024	-1.164483172552926	0.2724612099783763	0.44801314374164075	0.44801314374164075
just	0	37	101	resid	8	utterance_final	0	prompt_without	21	20	-0.3864322785408266	-0.5383535738914244	-0.5316825220661778	0.006671051825246521	0.043911235813592436	0.043911235813592436
just	0	43	47	resid	8	utterance_final	0	prompt_without	25	24	-0.49048052355647087	-0.6851614080369473	-0.5371563620865345	0.14800504595041275	0.7602443678298342	0.7602443678298342
just	0	44	322	resid	8	utterance_final	0	prompt_without	28	27	-0.7742102278603448	-0.8606619371308221	-0.8399462037616305	0.020715733369191525	0.2396220218663255	0.2396220218663255
just	0	22	3	resid	9	utterance_final	0	prompt_without	40	39	-0.8287898812975202	-1.4369443825313024	-1.1739174808774675	0.2630269016538349	0.43250013133212684	0.43250013133212684
just	0	37	101	resid	9	utterance_final	0	prompt_without	21	20	-0.3864322785408266	-0.5383535738914244	-0.5381803897119337	0.00017318417949063747	0.0011399598660014722	0.0011399598660014722
just	0	43	47	resid	9	utterance_final	0	prompt_without	25	24	-0.49048052355647087	-0.6851614080369473	-0.5451665110886097	0.13999489694833755	0.7190993472313764	0.7190993472313764
just	0	44	322	resid	9	utterance_final	0	prompt_without	28	27	-0.7742102278603448	-0.8606619371308221	-0.8413914640744528	0.01927047305636931	0.22290447718134418	0.22290447718134418
just	0	22	3	resid	10	utterance_final	0	prompt_without	40	39	-0.8287898812975202	-1.4369443825313024	-1.169645036969866	0.2672993455614363	0.43952539201659724	0.43952539201659724
just	0	37	101	resid	10	utterance_final	0	prompt_without	21	20	-0.3864322785408266	-0.5383535738914244	-0.5305811166763306	0.0077724572150937865	0.05116107782754767	0.05116107782754767
just	0	43	47	resid	10	utterance_final	0	prompt_without	25	24	-0.49048052355647087	-0.6851614080369473	-0.5441835410892963	0.1409778669476509	0.7241484818802993	0.7241484818802993
just	0	44	322	resid	10	utterance_final	0	prompt_without	28	27	-0.7742102278603448	-0.8606619371308221	-0.8424736327595181	0.01818830437130392	0.21038686828503356	0.21038686828503356
just	0	22	3	resid	11	utterance_final	0	prompt_without	40	39	-0.8287898812975202	-1.4369443825313024	-1.130216326032366	0.3067280564989363	0.5043587704714302	0.5043587704714302
just	0	37	101	resid	11	utterance_final	0	prompt_without	21	20	-0.3864322785408266	-0.5383535738914244	-0.5307897560058101	0.007563817885614221	0.04978773955394965	0.04978773955394965
just	0	43	47	resid	11	utterance_final	0	prompt_without	25	24	-0.49048052355647087	-0.6851614080369473	-0.5466305688023567	0.13853083923459053	0.7115790520690958	0.7115790520690958
just	0	44	322	resid	11	utterance_final	0	prompt_without	28	27	-0.7742102278603448	-0.8606619371308221	-0.8390938705868192	0.021568066544002895	0.24948108864480545	0.24948108864480545
just	0	22	3	resid	12	utterance_final	0	prompt_without	40	39	-0.8287898812975202	-1.4369443825313024	-1.1161432436534338	0.32080113887786865	0.5274994071852618	0.5274994071852618
just	0	37	101	resid	12	utterance_final	0	prompt_without	21	20	-0.3864322785408266	-0.5383535738914244	-0.5284751384488998	0.009878435442524536	0.0650233755559251	0.0650233755559251
just	0	43	47	resid	12	utterance_final	0	prompt_without	25	24	-0.49048052355647087	-0.6851614080369473	-0.5517079308629036	0.13345347717404366	0.685498617546229	0.685498617546229
just	0	44	322	resid	12	utterance_final	0	prompt_without	28	27	-0.7742102278603448	-0.8606619371308221	-0.8385262290636698	0.02213570806715226	0.2560470840188635	0.2560470840188635
just	0	22	3	resid	13	utterance_final	0	prompt_without	40	39	-0.8287898812975202	-1.4369443825313024	-1.172836252621242	0.2641081299100605	0.4342780154948389	0.4342780154948389
just	0	37	101	resid	13	utterance_final	0	prompt_without	21	20	-0.3864322785408266	-0.5383535738914244	-0.5221390185817596	0.016214555309664758	0.10672997009567008	0.10672997009567008
just	0	43	47	resid	13	utterance_final	0	prompt_without	25	24	-0.49048052355647087	-0.6851614080369473	-0.5768475271761417	0.10831388086080551	0.556366287064346	0.556366287064346
just	0	44	322	resid	13	utterance_final	0	prompt_without	28	27	-0.7742102278603448	-0.8606619371308221	-0.8424521485964457	0.01820978853437638	0.21063537884952965	0.21063537884952965
just	0	22	3	resid	14	utterance_final	0	prompt_without	40	39	-0.8287898812975202	-1.4369443825313024	-1.2485897030149187	0.18835467951638374	0.3097151778606631	0.3097151778606631
just	0	37	101	resid	14	utterance_final	0	prompt_without	21	20	-0.3864322785408266	-0.5383535738914244	-0.5307165384292603	0.007637035462164099	0.050269683684171215	0.050269683684171215
just	0	43	47	resid	14	utterance_final	0	prompt_without	25	24	-0.49048052355647087	-0.6851614080369473	-0.598635695874691	0.08652571216225624	0.44444893700353766	0.44444893700353766
just	0	44	322	resid	14	utterance_final	0	prompt_without	28	27	-0.7742102278603448	-0.8606619371308221	-0.8480463557773166	0.01261558135350549	0.1459263380673681	0.1459263380673681
just	0	22	3	resid	15	utterance_final	0	prompt_without	40	39	-0.8287898812975202	-1.4369443825313024	-1.2890996592385429	0.14784472329275955	0.24310388724053228	0.24310388724053228
just	0	37	101	resid	15	utterance_final	0	prompt_without	21	20	-0.3864322785408266	-0.5383535738914244	-0.5337361866428006	0.0046173872486237055	0.030393285141282457	0.030393285141282457
just	0	43	47	resid	15	utterance_final	0	prompt_without	25	24	-0.49048052355647087	-0.6851614080369473	-0.6160774379968643	0.06908397004008293	0.35485749011486045	0.35485749011486045
just	0	44	322	resid	15	utterance_final	0	prompt_without	28	27	-0.7742102278603448	-0.8606619371308221	-0.8540732330746121	0.006588704056209926	0.0762125365919159	0.0762125365919159
just	0	22	3	resid	16	utterance_final	0	prompt_without	40	39	-0.8287898812975202	-1.4369443825313024	-1.324674436024257	0.11226994650704536	0.18460760592790118	0.18460760592790118
just	0	37	101	resid	16	utterance_final	0	prompt_without	21	20	-0.3864322785408266	-0.5383535738914244	-0.5325401175406671	0.005813456350757251	0.038266237378645276	0.038266237378645276
just	0	43	47	resid	16	utterance_final	0	prompt_without	25	24	-0.49048052355647087	-0.6851614080369473	-0.6170165166258812	0.06814489141106606	0.3500338083675595	0.3500338083675595
just	0	44	322	resid	16	utterance_final	0	prompt_without	28	27	-0.7742102278603448	-0.8606619371308221	-0.8543794022666084	0.006282534864213707	0.07267103122921309	0.07267103122921309
just	0	22	3	resid	17	utterance_final	0	prompt_without	40	39	-0.8287898812975202	-1.4369443825313024	-1.376589230128697	0.06035515240260536	0.0992431237130712	0.0992431237130712
just	0	37	101	resid	17	utterance_final	0	prompt_without	21	20	-0.3864322785408266	-0.5383535738914244	-0.5344487851665866	0.0039047887248377933	0.02570270820707842	0.02570270820707842
just	0	43	47	resid	17	utterance_final	0	prompt_without	25	24	-0.49048052355647087	-0.6851614080369473	-0.65120043233037	0.0339609757065773	0.17444432614534935	0.17444432614534935
just	0	44	322	resid	17	utterance_final	0	prompt_without	28	27	-0.7742102278603448	-0.8606619371308221	-0.8569333420859443	0.0037285950448777694	0.04312922296553205	0.04312922296553205
just	0	22	3	resid	18	utterance_final	0	prompt_without	40	39	-0.8287898812975202	-1.4369443825313024	-1.4000616414206368	0.036882741110665584	0.060646991900644334	0.060646991900644334
just	0	37	101	resid	18	utterance_final	0	prompt_without	21	20	-0.3864322785408266	-0.5383535738914244	-0.5342243025379796	0.004129271353444763	0.027180332710535417	0.027180332710535417
just	0	43	47	resid	18	utterance_final	0	prompt_without	25	24	-0.49048052355647087	-0.6851614080369473	-0.6577995605766773	0.027361847460269928	0.14054717047997548	0.14054717047997548
just	0	44	322	resid	18	utterance_final	0	prompt_without	28	27	-0.7742102278603448	-0.8606619371308221	-0.8580536643664042	0.002608272764417885	0.030170285659217075	0.030170285659217075
just	0	22	3	resid	19	utterance_final	0	prompt_without	40	39	-0.8287898812975202	-1.4369443825313024	-1.4067929642541068	0.030151418277195585	0.049578549884982274	0.049578549884982274
just	0	37	101	resid	19	utterance_final	0	prompt_without	21	20	-0.3864322785408266	-0.5383535738914244	-0.5333839039648732	0.0049696699265511235	0.032712135024140776	0.032712135024140776
just	0	43	47	resid	19	utterance_final	0	prompt_without	25	24	-0.49048052355647087	-0.6851614080369473	-0.6622308306396008	0.022930577397346497	0.117785459309674	0.117785459309674
just	0	44	322	resid	19	utterance_final	0	prompt_without	28	27	-0.7742102278603448	-0.8606619371308221	-0.8592726522021823	0.0013892849286397668	0.016070068947892955	0.016070068947892955
just	0	22	3	resid	20	utterance_final	0	prompt_without	40	39	-0.8287898812975202	-1.4369443825313024	-1.4199591193880354	0.016985263143266982	0.027929190869768198	0.027929190869768198
just	0	37	101	resid	20	utterance_final	0	prompt_without	21	20	-0.3864322785408266	-0.5383535738914244	-0.5353666505505962	0.0029869233408281737	0.019660991791408008	0.019660991791408008
just	0	43	47	resid	20	utterance_final	0	prompt_without	25	24	-0.49048052355647087	-0.6851614080369473	-0.6651593409478664	0.02000206708908081	0.10274284063614228	0.10274284063614228
just	0	44	322	resid	20	utterance_final	0	prompt_without	28	27	-0.7742102278603448	-0.8606619371308221	-0.8581010699272156	0.0025608672036064872	0.029621938365549553	0.029621938365549553
just	0	22	3	resid	21	utterance_final	0	prompt_without	40	39	-0.8287898812975202	-1.4369443825313024	-1.4220866646085466	0.014857717922755809	0.024430827844920143	0.024430827844920143
just	0	37	101	resid	21	utterance_final	0	prompt_without	21	20	-0.3864322785408266	-0.5383535738914244	-0.5365321520836123	0.0018214218078120847	0.011989246165974838	0.011989246165974838
just	0	43	47	resid	21	utterance_final	0	prompt_without	25	24	-0.49048052355647087	-0.6851614080369473	-0.66954106092453	0.015620347112417221	0.08023564899091935	0.08023564899091935
just	0	44	322	resid	21	utterance_final	0	prompt_without	28	27	-0.7742102278603448	-0.8606619371308221	-0.8584169679217868	0.0022449692090352746	0.025967898471637475	0.025967898471637475
just	0	22	3	resid	22	utterance_final	0	prompt_without	40	39	-0.8287898812975202	-1.4369443825313024	-1.4251209838049752	0.011823398726327206	0.01944143914472507	0.01944143914472507
just	0	37	101	resid	22	utterance_final	0	prompt_without	21	20	-0.3864322785408266	-0.5383535738914244	-0.5372038733574652	0.0011497005339591304	0.007567737829682789	0.007567737829682789
just	0	43	47	resid	22	utterance_final	0	prompt_without	25	24	-0.49048052355647087	-0.6851614080369473	-0.6808168180286884	0.00434459000825882	0.02231646943588094	0.02231646943588094
just	0	44	322	resid	22	utterance_final	0	prompt_without	28	27	-0.7742102278603448	-0.8606619371308221	-0.859054254160987	0.0016076829698350448	0.018596312130800846	0.018596312130800846
just	0	22	3	resid	23	utterance_final	0	prompt_without	40	39	-0.8287898812975202	-1.4369443825313024	-1.422243595123291	0.014700787408011395	0.024172784018185255	0.024172784018185255
just	0	37	101	resid	23	utterance_final	0	prompt_without	21	20	-0.3864322785408266	-0.5383535738914244	-0.537276110341472	0.0010774635499523066	0.007092248308347954	0.007092248308347954
just	0	43	47	resid	23	utterance_final	0	prompt_without	25	24	-0.49048052355647087	-0.6851614080369473	-0.6800554245710373	0.005105983465909958	0.02622745155250213	0.02622745155250213
just	0	44	322	resid	23	utterance_final	0	prompt_without	28	27	-0.7742102278603448	-0.8606619371308221	-0.8589758541848924	0.0016860829459296456	0.01950317651504702	0.01950317651504702
just	0	22	3	resid	24	utterance_final	0	prompt_without	40	39	-0.8287898812975202	-1.4369443825313024	-1.4230283498764038	0.013916032654898602	0.022882396868997446	0.022882396868997446
just	0	37	101	resid	24	utterance_final	0	prompt_without	21	20	-0.3864322785408266	-0.5383535738914244	-0.5363587333310035	0.001994840560420874	0.013130750075670846	0.013130750075670846
just	0	43	47	resid	24	utterance_final	0	prompt_without	25	24	-0.49048052355647087	-0.6851614080369473	-0.6828766725957394	0.0022847354412078857	0.01173579751964303	0.01173579751964303
just	0	44	322	resid	24	utterance_final	0	prompt_without	28	27	-0.7742102278603448	-0.8606619371308221	-0.8594273858600192	0.0012345512708028528	0.014280241318773371	0.014280241318773371
just	0	22	3	resid	25	utterance_final	0	prompt_without	40	39	-0.8287898812975202	-1.4369443825313024	-1.4355143989835466	0.0014299835477558087	0.0023513491141720663	0.0023513491141720663
just	0	37	101	resid	25	utterance_final	0	prompt_without	21	20	-0.3864322785408266	-0.5383535738914244	-0.5367771694737096	0.001576404417714783	0.010376454558768877	0.010376454558768877
just	0	43	47	resid	25	utterance_final	0	prompt_without	25	24	-0.49048052355647087	-0.6851614080369473	-0.6840215921401978	0.0011398158967494965	0.005854791032983021	0.005854791032983021
just	0	44	322	resid	25	utterance_final	0	prompt_without	28	27	-0.7742102278603448	-0.8606619371308221	-0.8599788612789578	0.0006830758518642233	0.007901241717814008	0.007901241717814008
just	0	22	3	resid	26	utterance_final	0	prompt_without	40	39	-0.8287898812975202	-1.4369443825313024	-1.4375721556799752	-0.0006277731486727944	-0.0010322593146958729	0.0
just	0	37	101	resid	26	utterance_final	0	prompt_without	21	20	-0.3864322785408266	-0.5383535738914244	-0.5372375672863375	0.0011160066050868167	0.0073459524058911065	0.0073459524058911065
just	0	43	47	resid	26	utterance_final	0	prompt_without	25	24	-0.49048052355647087	-0.6851614080369473	-0.6846311092376709	0.0005302987992763519	0.0027239387199801484	0.0027239387199801484
just	0	44	322	resid	26	utterance_final	0	prompt_without	28	27	-0.7742102278603448	-0.8606619371308221	-0.8599853648079766	0.000676572322845459	0.007826014413765953	0.007826014413765953
just	0	22	3	resid	27	utterance_final	0	prompt_without	40	39	-0.8287898812975202	-1.4369443825313024	-1.437641910144261	-0.0006975276129586039	-0.0011469579055051102	0.0
just	0	37	101	resid	27	utterance_final	0	prompt_without	21	20	-0.3864322785408266	-0.5383535738914244	-0.5379273083902174	0.00042626550120694606	0.002805831139230534	0.002805831139230534
just	0	43	47	resid	27	utterance_final	0	prompt_without	25	24	-0.49048052355647087	-0.6851614080369473	-0.6853528060019016	-0.00019139796495437622	-0.0009831369189899617	0.0
just	0	44	322	resid	27	utterance_final	0	prompt_without	28	27	-0.7742102278603448	-0.8606619371308221	-0.8607265022065904	-6.456507576835246e-05	-0.0007468339991561165	0.0
just	0	22	3	resid	28	utterance_final	0	prompt_without	40	39	-0.8287898812975202	-1.4369443825313024	-1.4364386456353324	0.0005057368959699993	0.0008315927859515877	0.0008315927859515877
just	0	37	101	resid	28	utterance_final	0	prompt_without	21	20	-0.3864322785408266	-0.5383535738914244	-0.5379095615879181	0.0004440123035062138	0.0029226469039876236	0.0029226469039876236
just	0	43	47	resid	28	utterance_final	0	prompt_without	25	24	-0.49048052355647087	-0.6851614080369473	-0.6865194365382195	-0.0013580285012722015	-0.006975664328299227	0.0
just	0	44	322	resid	28	utterance_final	0	prompt_without	28	27	-0.7742102278603448	-0.8606619371308221	-0.8597329788737826	0.000928958257039425	0.010745400696856531	0.010745400696856531
just	0	22	3	resid	29	utterance_final	0	prompt_without	40	39	-0.8287898812975202	-1.4369443825313024	-1.4373454877308436	-0.0004011051995411741	-0.0006595448997375491	0.0
just	0	37	101	resid	29	utterance_final	0	prompt_without	21	20	-0.3864322785408266	-0.5383535738914244	-0.5384995552801317	-0.00014598138870736133	-0.0009609014218215522	0.0
just	0	43	47	resid	29	utterance_final	0	prompt_without	25	24	-0.49048052355647087	-0.6851614080369473	-0.6855187378823757	-0.0003573298454284668	-0.001835464464742052	0.0
just	0	44	322	resid	29	utterance_final	0	prompt_without	28	27	-0.7742102278603448	-0.8606619371308221	-0.8589891129069858	0.0016728242238363	0.019349810870744215	0.019349810870744215
just	0	22	3	resid	30	utterance_final	0	prompt_without	40	39	-0.8287898812975202	-1.4369443825313024	-1.4379209620612008	-0.0009765795298983804	-0.001605808273912571	0.0
just	0	37	101	resid	30	utterance_final	0	prompt_without	21	20	-0.3864322785408266	-0.5383535738914244	-0.5390919331581362	-0.000738359266711841	-0.004860143306492259	0.0
just	0	43	47	resid	30	utterance_final	0	prompt_without	25	24	-0.49048052355647087	-0.6851614080369473	-0.6861050873994827	-0.0009436793625354767	-0.004847313926345521	0.0
just	0	44	322	resid	30	utterance_final	0	prompt_without	28	27	-0.7742102278603448	-0.8606619371308221	-0.8588070273399353	0.0018549097908867607	0.0214560221716773	0.0214560221716773
just	0	22	3	resid	31	utterance_final	0	prompt_without	40	39	-0.8287898812975202	-1.4369443825313024	-1.4369443825313024	0.0	0.0	0.0
just	0	37	101	resid	31	utterance_final	0	prompt_without	21	20	-0.3864322785408266	-0.5383535738914244	-0.5383535738914244	0.0	0.0	0.0
just	0	43	47	resid	31	utterance_final	0	prompt_without	25	24	-0.49048052355647087	-0.6851614080369473	-0.6851614080369473	0.0	0.0	0.0
just	0	44	322	resid	31	utterance_final	0	prompt_without	28	27	-0.7742102278603448	-0.8606619371308221	-0.8606619371308221	0.0	0.0	0.0
just	0	45	223	resid	0	utterance_final	0	prompt_without	26	25	-0.48405303863378674	-0.5882273224683908	-0.5893697096751287	-0.0011423872067378715	-0.010966115289562463	0.0
just	0	47	131	resid	0	utterance_final	0	prompt_without	34	33	-0.7697456815968389	-0.911123047704282	-0.9124364645584769	-0.0013134168541949487	-0.0092901494090418	0.0
just	0	48	0	resid	0	utterance_final	0	prompt_without	47	46	-1.4387734153053977	-2.273581764914773	-2.278564453125	-0.004982688210227071	-0.005968661205363576	0.0
just	0	49	85	resid	0	utterance_final	0	prompt_without	28	27	-0.43339972836630686	-0.5950829778398786	-0.5950338057109288	4.9172128949837024e-05	0.000304126303188102	0.000304126303188102
just	0	45	223	resid	1	utterance_final	0	prompt_without	26	25	-0.48405303863378674	-0.5882273224683908	-0.5833660501700181	0.004861272298372743	0.046664801709517006	0.046664801709517006
just	0	47	131	resid	1	utterance_final	0	prompt_without	34	33	-0.7697456815968389	-0.911123047704282	-0.9124456073926843	-0.001322559688402336	-0.009354819125695305	0.0
just	0	48	0	resid	1	utterance_final	0	prompt_without	47	46	-1.4387734153053977	-2.273581764914773	-2.258700284090909	0.014881480823863757	0.017826224223592303	0.017826224223592303
just	0	49	85	resid	1	utterance_final	0	prompt_without	28	27	-0.43339972836630686	-0.5950829778398786	-0.5935513768877302	0.0015316009521484375	0.0094728486539899	0.0094728486539899
just	0	45	223	resid	2	utterance_final	0	prompt_without	26	25	-0.48405303863378674	-0.5882273224683908	-0.5714188263966486	0.016808496071742174	0.16134976361756195	0.16134976361756195
just	0	47	131	resid	2	utterance_final	0	prompt_without	34	33	-0.7697456815968389	-0.911123047704282	-0.9155801690143087	-0.004457121310026735	-0.03152641354656048	0.0
just	0	48	0	resid	2	utterance_final	0	prompt_without	47	46	-1.4387734153053977	-2.273581764914773	-2.23193359375	0.04164817116477293	0.049889500008308496	0.049889500008308496
just	0	49	85	resid	2	utterance_final	0	prompt_without	28	27	-0.43339972836630686	-0.5950829778398786	-0.5942263603210449	0.0008566175188337022	0.0052981216150886565	0.0052981216150886565
just	0	45	223	resid	3	utterance_final	0	prompt_without	26	25	-0.48405303863378674	-0.5882273224683908	-0.5454609164824853	0.04276640598590553	0.4105274777199822	0.4105274777199822
just	0	47	131	resid	3	utterance_final	0	prompt_without	34	33	-0.7697456815968389	-0.911123047704282	-0.900908490885859	0.010214556818422982	0.07225029790596173	0.07225029790596173
just	0	48	0	resid	3	utterance_final	0	prompt_without	47	46	-1.4387734153053977	-2.273581764914773	-2.194419167258523	0.07916259765625	0.0948272710656187	0.0948272710656187
just	0	49	85	resid	3	utterance_final	0	prompt_without	28	27	-0.43339972836630686	-0.5950829778398786	-0.5920632771083287	0.0030197007315498903	0.018676645486664846	0.018676645486664846
just	0	45	223	resid	4	utterance_final	0	prompt_without	26	25	-0.48405303863378674	-0.5882273224683908	-0.5291932500325717	0.05903407243581915	0.5666856566016488	0.5666856566016488
just	0	47	131	resid	4	utterance_final	0	prompt_without	34	33	-0.7697456815968389	-0.911123047704282	-0.8853561774544094	0.025766870249872564	0.18225597886927963	0.18225597886927963
just	0	48	0	resid	4	utterance_final	0	prompt_without	47	46	-1.4387734153053977	-2.273581764914773	-1.8611172762784092	0.41246448863636376	0.49408285006895863	0.49408285006895863
just	0	49	85	resid	4	utterance_final	0	prompt_without	28	27	-0.43339972836630686	-0.5950829778398786	-0.5942600556782314	0.0008229221616472548	0.0050897181020707226	0.0050897181020707226
just	0	45	223	resid	5	utterance_final	0	prompt_without	26	25	-0.48405303863378674	-0.5882273224683908	-0.521664390197167	0.06656293227122378	0.6389574261619569	0.6389574261619569
just	0	47	131	resid	5	utterance_final	0	prompt_without	34	33	-0.7697456815968389	-0.911123047704282	-0.8752150535583496	0.035907994145932376	0.253986866035142	0.253986866035142
just	0	48	0	resid	5	utterance_final	0	prompt_without	47	46	-1.4387734153053977	-2.273581764914773	-1.58367919921875	0.6899025656960229	0.8264202987653911	0.8264202987653911
just	0	49	85	resid	5	utterance_final	0	prompt_without	28	27	-0.43339972836630686	-0.5950829778398786	-0.5961814403533936	-0.001098462513514975	-0.00679391660602743	0.0
just	0	45	223	resid	6	utterance_final	0	prompt_without	26	25	-0.48405303863378674	-0.5882273224683908	-0.5193739946071918	0.06885332786119902	0.6609436160897098	0.6609436160897098
just	0	47	131	resid	6	utterance_final	0	prompt_without	34	33	-0.7697456815968389	-0.911123047704282	-0.862580506697945	0.04854254100633704	0.3433544020720118	0.3433544020720118
just	0	48	0	resid	6	utterance_final	0	prompt_without	47	46	-1.4387734153053977	-2.273581764914773	-1.4825383966619319	0.791043368252841	0.9475748159718183	0.9475748159718183
just	0	49	85	resid	6	utterance_final	0	prompt_without	28	27	-0.43339972836630686	-0.5950829778398786	-0.5919086694717407	0.0031743083681379236	0.01963288329788786	0.01963288329788786
just	0	45	223	resid	7	utterance_final	0	prompt_without	26	25	-0.48405303863378674	-0.5882273224683908	-0.531046619782081	0.057180702686309814	0.548894607973449	0.548894607973449
just	0	47	131	resid	7	utterance_final	0	prompt_without	34	33	-0.7697456815968389	-0.911123047704282	-0.8520707876785941	0.059052260025687864	0.41769246132941595	0.41769246132941595
just	0	48	0	resid	7	utterance_final	0	prompt_without	47	46	-1.4387734153053977	-2.273581764914773	-1.46832275390625	0.8052590110085229	0.9646034462704176	0.9646034462704176
just	0	49	85	resid	7	utterance_final	0	prompt_without	28	27	-0.43339972836630686	-0.5950829778398786	-0.5921778474535261	0.002905130386352539	0.017968035624045288	0.017968035624045288
just	0	45	223	resid	8	utterance_final	0	prompt_without	26	25	-0.48405303863378674	-0.5882273224683908	-0.5341048699158889	0.05412245255250192	0.5195375534179943	0.5195375534179943
just	0	47	131	resid	8	utterance_final	0	prompt_without	34	33	-0.7697456815968389	-0.911123047704282	-0.8597841884778894	0.051338859226392586	0.3631335102634207	0.3631335102634207
just	0	48	0	resid	8	utterance_final	0	prompt_without	47	46	-1.4387734153053977	-2.273581764914773	-1.6105263449928977	0.6630554199218752	0.7942606470480718	0.7942606470480718
just	0	49	85	resid	8	utterance_final	0	prompt_without	28	27	-0.43339972836630686	-0.5950829778398786	-0.5897146565573556	0.00536832128252307	0.03320270528952078	0.03320270528952078
just	0	45	223	resid	9	utterance_final	0	prompt_without	26	25	-0.48405303863378674	-0.5882273224683908	-0.5375199042833768	0.05070741818501401	0.4867556206627866	0.4867556206627866
just	0	47	131	resid	9	utterance_final	0	prompt_without	34	33	-0.7697456815968389	-0.911123047704282	-0.8839767704839292	0.027146277220352788	0.19201289405633942	0.19201289405633942
just	0	48	0	resid	9	utterance_final	0	prompt_without	47	46	-1.4387734153053977	-2.273581764914773	-1.6125765713778408	0.6610051935369321	0.7918047224206977	0.7918047224206977
just	0	49	85	resid	9	utterance_final	0	prompt_without	28	27	-0.43339972836630686	-0.5950829778398786	-0.587075332232884	0.008007645606994629	0.04952674833705351	0.04952674833705351
just	0	45	223	resid	10	utterance_final	0	prompt_without	26	25	-0.48405303863378674	-0.5882273224683908	-0.5363046939556415	0.051922628512749314	0.49842078679596274	0.49842078679596274
just	0	47	131	resid	10	utterance_final	0	prompt_without	34	33	-0.7697456815968389	-0.911123047704282	-0.8902443180913511	0.020878729612930913	0.14768085010908763	0.14768085010908763
just	0	48	0	resid	10	utterance_final	0	prompt_without	47	46	-1.4387734153053977	-2.273581764914773	-1.6590603915127842	0.6145213734019888	0.736122696532128	0.736122696532128
just	0	49	85	resid	10	utterance_final	0	prompt_without	28	27	-0.43339972836630686	-0.5950829778398786	-0.5823671647480556	0.012715813091823014	0.07864644688441581	0.07864644688441581
just	0	45	223	resid	11	utterance_final	0	prompt_without	26	25	-0.48405303863378674	-0.5882273224683908	-0.5531579577005826	0.0350693647678082	0.33664128494021894	0.33664128494021894
just	0	47	131	resid	11	utterance_final	0	prompt_without	34	33	-0.7697456815968389	-0.911123047704282	-0.8998209082561991	0.011302139448082893	0.07994306132067534	0.07994306132067534
just	0	48	0	resid	11	utterance_final	0	prompt_without	47	46	-1.4387734153053977	-2.273581764914773	-1.6621343439275569	0.611447420987216	0.7324404712450773	0.7324404712450773
just	0	49	85	resid	11	utterance_final	0	prompt_without	28	27	-0.43339972836630686	-0.5950829778398786	-0.5835088082722255	0.011574169567653114	0.07158545863803283	0.07158545863803283
just	0	45	223	resid	12	utterance_final	0	prompt_without	26	25	-0.48405303863378674	-0.5882273224683908	-0.5545749618456914	0.033652360622699384	0.32303903980879506	0.32303903980879506
just	0	47	131	resid	12	utterance_final	0	prompt_without	34	33	-0.7697456815968389	-0.911123047704282	-0.8926162927047067	0.018506754999575326	0.1309032379731185	0.1309032379731185
just	0	48	0	resid	12	utterance_final	0	prompt_without	47	46	-1.4387734153053977	-2.273581764914773	-1.7287653142755681	0.5448164506392048	0.65262458250943	0.65262458250943
just	0	49	85	resid	12	utterance_final	0	prompt_without	28	27	-0.43339972836630686	-0.5950829778398786	-0.5823036159787859	0.012779361861092742	0.0790394917389486	0.0790394917389486
just	0	45	223	resid	13	utterance_final	0	prompt_without	26	25	-0.48405303863378674	-0.5882273224683908	-0.5599102744689355	0.028317047999455336	0.27182378373163457	0.27182378373163457
just	0	47	131	resid	13	utterance_final	0	prompt_without	34	33	-0.7697456815968389	-0.911123047704282	-0.8979731850002123	0.013149862704069704	0.0930125031051728	0.0930125031051728
just	0	48	0	resid	13	utterance_final	0	prompt_without	47	46	-1.4387734153053977	-2.273581764914773	-1.8156155672940342	0.45796619762073876	0.5485884249181635	0.5485884249181635
just	0	49	85	resid	13	utterance_final	0	prompt_without	28	27	-0.43339972836630686	-0.5950829778398786	-0.5915088755743844	0.003574102265494261	0.022105581605585387	0.022105581605585387
just	0	45	223	resid	14	utterance_final	0	prompt_without	26	25	-0.48405303863378674	-0.5882273224683908	-0.5586504615270175	0.02957686094137335	0.28391710365229944	0.28391710365229944
just	0	47	131	resid	14	utterance_final	0	prompt_without	34	33	-0.7697456815968389	-0.911123047704282	-0.9030660546344259	0.008056993069856078	0.056989271279343064	0.056989271279343064
just	0	48	0	resid	14	utterance_final	0	prompt_without	47	46	-1.4387734153053977	-2.273581764914773	-1.9440806995738635	0.3295010653409094	0.3947026470148388	0.3947026470148388
just	0	49	85	resid	14	utterance_final	0	prompt_without	28	27	-0.43339972836630686	-0.5950829778398786	-0.5934467996869769	0.001636178152901735	0.010119651591794482	0.010119651591794482
just	0	45	223	resid	15	utterance_final	0	prompt_without	26	25	-0.48405303863378674	-0.5882273224683908	-0.574526635500101	0.013700686968289855	0.13151697774128426	0.13151697774128426
just	0	47	131	resid	15	utterance_final	0	prompt_without	34	33	-0.7697456815968389	-0.911123047704282	-0.9157546292180601	-0.004631581513778071	-0.032760417323507006	0.0
just	0	48	0	resid	15	utterance_final	0	prompt_without	47	46	-1.4387734153053977	-2.273581764914773	-2.005093661221591	0.2684881036931821	0.32161645702131925	0.32161645702131925
just	0	49	85	resid	15	utterance_final	0	prompt_without	28	27	-0.43339972836630686	-0.5950829778398786	-0.5961471319198608	-0.0010641540799821714	-0.006581721257130688	0.0
just	0	45	223	resid	16	utterance_final	0	prompt_without	26	25	-0.48405303863378674	-0.5882273224683908	-0.5696869034033555	0.01854041906503534	0.17797500863525667	0.17797500863525667
just	0	47	131	resid	16	utterance_final	0	prompt_without	34	33	-0.7697456815968389	-0.911123047704282	-0.9084580048270847	0.0026650428771972656	0.0188505625092202	0.0188505625092202
just	0	48	0	resid	16	utterance_final	0	prompt_without	47	46	-1.4387734153053977	-2.273581764914773	-1.9498180042613635	0.3237637606534094	0.38783004602781634	0.38783004602781634
just	0	49	85	resid	16	utterance_final	0	prompt_without	28	27	-0.43339972836630686	-0.5950829778398786	-0.5956701142447335	-0.00058713640485486	-0.0036313990890616743	0.0
just	0	45	223	resid	17	utterance_final	0	prompt_without	26	25	-0.48405303863378674	-0.5882273224683908	-0.5838036032823416	0.004423719186049224	0.042464598970247736	0.042464598970247736
just	0	47	131	resid	17	utterance_final	0	prompt_without	34	33	-0.7697456815968389	-0.911123047704282	-0.9103767353555431	0.0007463123487388978	0.00527886725638756	0.00527886725638756
just	0	48	0	resid	17	utterance_final	0	prompt_without	47	46	-1.4387734153053977	-2.273581764914773	-2.1951127485795454	0.07846901633522751	0.093996444060418	0.093996444060418
just	0	49	85	resid	17	utterance_final	0	prompt_without	28	27	-0.43339972836630686	-0.5950829778398786	-0.5959739719118391	-0.0008909940719604714	-0.005510738279082587	0.0
just	0	45	223	resid	18	utterance_final	0	prompt_without	26	25	-0.48405303863378674	-0.5882273224683908	-0.5825245563800519	0.005702766088338973	0.054742551409263034	0.054742551409263034
just	0	47	131	resid	18	utterance_final	0	prompt_without	34	33	-0.7697456815968389	-0.911123047704282	-0.9097841511601987	0.0013388965440832568	0.009470374084248608	0.009470374084248608
just	0	48	0	resid	18	utterance_final	0	prompt_without	47	46	-1.4387734153053977	-2.273581764914773	-2.212319113991477	0.06126265092329586	0.07338528771539236	0.07338528771539236
just	0	49	85	resid	18	utterance_final	0	prompt_without	28	27	-0.43339972836630686	-0.5950829778398786	-0.5952677420207433	-0.0001847641808646605	-0.001142754004921589	0.0
just	0	45	223	resid	19	utterance_final	0	prompt_without	26	25	-0.48405303863378674	-0.5882273224683908	-0.5843980128948505	0.0038293095735403293	0.03675868393412779	0.03675868393412779
just	0	47	131	resid	19	utterance_final	0	prompt_without	34	33	-0.7697456815968389	-0.911123047704282	-0.9113240449324899	-0.00020099722820787758	-0.001421707262923012	0.0
just	0	48	0	resid	19	utterance_final	0	prompt_without	47	46	-1.4387734153053977	-2.273581764914773	-2.2183061079545454	0.055275656960227515	0.06621358900649733	0.06621358900649733
just	0	49	85	resid	19	utterance_final	0	prompt_without	28	27	-0.43339972836630686	-0.5950829778398786	-0.5960489818028041	-0.0009660039629254547	-0.00597466939878243	0.0
just	0	45	223	resid	20	utterance_final	0	prompt_without	26	25	-0.48405303863378674	-0.5882273224683908	-0.5856729700015142	0.0025543524668766304	0.024519990662303343	0.024519990662303343
just	0	47	131	resid	20	utterance_final	0	prompt_without	34	33	-0.7697456815968389	-0.911123047704282	-0.9098099625628927	0.0013130851413892808	0.009287803115467367	0.009287803115467367
just	0	48	0	resid	20	utterance_final	0	prompt_without	47	46	-1.4387734153053977	-2.273581764914773	-2.243508078835227	0.030073686079545858	0.03602465894551484	0.03602465894551484
just	0	49	85	resid	20	utterance_final	0	prompt_without	28	27	-0.43339972836630686	-0.5950829778398786	-0.5959895951407296	-0.0009066173008509537	-0.00560736689671212	0.0
just	0	45	223	resid	21	utterance_final	0	prompt_without	26	25	-0.48405303863378674	-0.5882273224683908	-0.5881899411861713	3.738128221952852e-05	0.00035883406963352116	0.00035883406963352116
just	0	47	131	resid	21	utterance_final	0	prompt_without	34	33	-0.7697456815968389	-0.911123047704282	-0.9127434854922087	-0.001620437787926754	-0.01146179075577956	0.0
just	0	48	0	resid	21	utterance_final	0	prompt_without	47	46	-1.4387734153053977	-2.273581764914773	-2.2645208185369317	0.009060946377841272	0.010853923995945997	0.010853923995945997
just	0	49	85	resid	21	utterance_final	0	prompt_without	28	27	-0.43339972836630686	-0.5950829778398786	-0.5955974442618234	-0.0005144664219447481	-0.0031819401429635493	0.0
just	0	45	223	resid	22	utterance_final	0	prompt_without	26	25	-0.48405303863378674	-0.5882273224683908	-0.589301388997298	-0.0010740665289071805	-0.010310284739873608	0.0
just	0	47	131	resid	22	utterance_final	0	prompt_without	34	33	-0.7697456815968389	-0.911123047704282	-0.9124835677768873	-0.0013605200726053424	-0.009623323096650298	0.0
just	0	48	0	resid	22	utterance_final	0	prompt_without	47	46	-1.4387734153053977	-2.273581764914773	-2.2664683948863638	0.007113370028409172	0.008520961765341315	0.008520961765341315
just	0	49	85	resid	22	utterance_final	0	prompt_without	28	27	-0.43339972836630686	-0.5950829778398786	-0.5952424321855817	-0.0001594543457030806	-0.0009862143804151122	0.0
just	0	45	223	resid	23	utterance_final	0	prompt_without	26	25	-0.48405303863378674	-0.5882273224683908	-0.5879697753832891	0.0002575470851017281	0.0024722712326069995	0.0024722712326069995
just	0	47	131	resid	23	utterance_final	0	prompt_without	34	33	-0.7697456815968389	-0.911123047704282	-0.9129623952119247	-0.0018393475076426968	-0.013010197871735994	0.0
just	0	48	0	resid	23	utterance_final	0	prompt_without	47	46	-1.4387734153053977	-2.273581764914773	-2.2709295099431817	0.0026522549715912724	0.0031770824678889705	0.0031770824678889705
just	0	49	85	resid	23	utterance_final	0	prompt_without	28	27	-0.43339972836630686	-0.5950829778398786	-0.5952323368617467	-0.00014935902186807848	-0.0009237754829543566	0.0
just	0	45	223	resid	24	utterance_final	0	prompt_without	26	25	-0.48405303863378674	-0.5882273224683908	-0.5884920083559476	-0.00026468588755679257	-0.0025407987251155986	0.0
just	0	47	131	resid	24	utterance_final	0	prompt_without	34	33	-0.7697456815968389	-0.911123047704282	-0.9120218028192935	-0.0008987551150114736	-0.006357135797313151	0.0
just	0	48	0	resid	24	utterance_final	0	prompt_without	47	46	-1.4387734153053977	-2.273581764914773	-2.270596590909091	0.002985174005682101	0.003575879430385343	0.003575879430385343
just	0	49	85	resid	24	utterance_final	0	prompt_without	28	27	-0.43339972836630686	-0.5950829778398786	-0.5954010009765625	-0.00031802313668383153	-0.001966951664561978	0.0
just	0	45	223	resid	25	utterance_final	0	prompt_without	26	25	-0.48405303863378674	-0.5882273224683908	-0.5888645052909851	-0.0006371828225942844	-0.0061165078284188615	0.0
just	0	47	131	resid	25	utterance_final	0	prompt_without	34	33	-0.7697456815968389	-0.911123047704282	-0.9117451128752335	-0.0006220651709515357	-0.004400033669312967	0.0
just	0	48	0	resid	25	utterance_final	0	prompt_without	47	46	-1.4387734153053977	-2.273581764914773	-2.275390625	-0.0018088600852270709	-0.0021667968295639058	0.0
just	0	49	85	resid	25	utterance_final	0	prompt_without	28	27	-0.43339972836630686	-0.5950829778398786	-0.596213368007115	-0.0011303901672363725	-0.006991386992263182	0.0
just	0	45	223	resid	26	utterance_final	0	prompt_without	26	25	-0.48405303863378674	-0.5882273224683908	-0.5890711224996127	-0.0008438000312218641	-0.008099887996941285	0.0
just	0	47	131	resid	26	utterance_final	0	prompt_without	34	33	-0.7697456815968389	-0.911123047704282	-0.9122368149135424	-0.0011137672092603745	-0.007877973963766877	0.0
just	0	48	0	resid	26	utterance_final	0	prompt_without	47	46	-1.4387734153053977	-2.273581764914773	-2.2807506214488638	-0.007168856534090828	-0.0085874279257572	0.0
just	0	49	85	resid	26	utterance_final	0	prompt_without	28	27	-0.43339972836630686	-0.5950829778398786	-0.5959553582327707	-0.0008723803928920582	-0.005395613928668936	0.0
just	0	45	223	resid	27	utterance_final	0	prompt_without	26	25	-0.48405303863378674	-0.5882273224683908	-0.589218978698437	-0.0009916562300461562	-0.0095192037184589	0.0
just	0	47	131	resid	27	utterance_final	0	prompt_without	34	33	-0.7697456815968389	-0.911123047704282	-0.9120894514996073	-0.0009664037953253102	-0.006835633043204868	0.0
just	0	48	0	resid	27	utterance_final	0	prompt_without	47	46	-1.4387734153053977	-2.273581764914773	-2.276877663352273	-0.0032958984375	-0.003948089928715042	0.0
just	0	49	85	resid	27	utterance_final	0	prompt_without	28	27	-0.43339972836630686	-0.5950829778398786	-0.5958171844482422	-0.0007342066083635412	-0.004541018384737204	0.0
just	0	45	223	resid	28	utterance_final	0	prompt_without	26	25	-0.48405303863378674	-0.5882273224683908	-0.5895407704206613	-0.0013134479522705078	-0.012608178371121312	0.0
just	0	47	131	resid	28	utterance_final	0	prompt_without	34	33	-0.7697456815968389	-0.911123047704282	-0.912496276523756	-0.0013732288194739928	-0.009713215469231295	0.0
just	0	48	0	resid	28	utterance_final	0	prompt_without	47	46	-1.4387734153053977	-2.273581764914773	-2.2784923206676138	-0.004910555752840828	-0.00588225519682282	0.0
just	0	49	85	resid	28	utterance_final	0	prompt_without	28	27	-0.43339972836630686	-0.5950829778398786	-0.5966463906424386	-0.0015634128025600047	-0.009669602804559883	0.0
just	0	45	223	resid	29	utterance_final	0	prompt_without	26	25	-0.48405303863378674	-0.5882273224683908	-0.5901465736902677	-0.001919251221876861	-0.018423464517634953	0.0
just	0	47	131	resid	29	utterance_final	0	prompt_without	34	33	-0.7697456815968389	-0.911123047704282	-0.9110540307086447	6.901699563732766e-05	0.00048817570688703126	0.00048817570688703126
just	0	48	0	resid	29	utterance_final	0	prompt_without	47	46	-1.4387734153053977	-2.273581764914773	-2.2756514115767046	-0.0020696466619316567	-0.0024791877835195213	0.0
just	0	49	85	resid	29	utterance_final	0	prompt_without	28	27	-0.43339972836630686	-0.5950829778398786	-0.5958847454616002	-0.0008017676217215719	-0.004958878698517414	0.0
just	0	45	223	resid	30	utterance_final	0	prompt_without	26	25	-0.48405303863378674	-0.5882273224683908	-0.5888965359100928	-0.0006692134417020101	-0.006423979288060286	0.0
just	0	47	131	resid	30	utterance_final	0	prompt_without	34	33	-0.7697456815968389	-0.911123047704282	-0.9112890906955885	-0.00016604299130651423	-0.0011744665774882656	0.0
just	0	48	0	resid	30	utterance_final	0	prompt_without	47	46	-1.4387734153053977	-2.273581764914773	-2.276517001065341	-0.002935236150567899	-0.0035160598860101955	0.0
just	0	49	85	resid	30	utterance_final	0	prompt_without	28	27	-0.43339972836630686	-0.5950829778398786	-0.5965085847037179	-0.0014256068638393016	-0.008817282362155437	0.0
just	0	45	223	resid	31	utterance_final	0	prompt_without	26	25	-0.48405303863378674	-0.5882273224683908	-0.5882273224683908	0.0	0.0	0.0
just	0	47	131	resid	31	utterance_final	0	prompt_without	34	33	-0.7697456815968389	-0.911123047704282	-0.911123047704282	0.0	0.0	0.0
just	0	48	0	resid	31	utterance_final	0	prompt_without	47	46	-1.4387734153053977	-2.273581764914773	-2.273581764914773	0.0	0.0	0.0
just	0	49	85	resid	31	utterance_final	0	prompt_without	28	27	-0.43339972836630686	-0.5950829778398786	-0.5950829778398786	0.0	0.0	0.0
just	0	52	1	resid	0	utterance_final	0	prompt_without	35	34	-1.1226771218436105	-1.905785015651158	-1.9086939947945731	-0.002908979143415147	-0.003714659456784945	0.0
just	0	52	1	resid	1	utterance_final	0	prompt_without	35	34	-1.1226771218436105	-1.905785015651158	-1.9076236997331892	-0.00183868408203125	-0.002347931998350045	0.0
just	0	52	1	resid	2	utterance_final	0	prompt_without	35	34	-1.1226771218436105	-1.905785015651158	-1.8895807266235352	0.01620428902762283	0.02069228155629486	0.02069228155629486
just	0	52	1	resid	3	utterance_final	0	prompt_without	35	34	-1.1226771218436105	-1.905785015651158	-1.8302654538835799	0.07551956176757812	0.09643570491978391	0.09643570491978391
just	0	52	1	resid	4	utterance_final	0	prompt_without	35	34	-1.1226771218436105	-1.905785015651158	-1.8010544095720564	0.10473060607910156	0.13373713495581185	0.13373713495581185
just	0	52	1	resid	5	utterance_final	0	prompt_without	35	34	-1.1226771218436105	-1.905785015651158	-1.7552074704851424	0.15057754516601562	0.19228199122587414	0.19228199122587414
just	0	52	1	resid	6	utterance_final	0	prompt_without	35	34	-1.1226771218436105	-1.905785015651158	-1.694298471723284	0.21148654392787392	0.27006054414750635	0.27006054414750635
just	0	52	1	resid	7	utterance_final	0	prompt_without	35	34	-1.1226771218436105	-1.905785015651158	-1.6849735804966517	0.2208114351545063	0.28196808754014646	0.28196808754014646
just	0	52	1	resid	8	utterance_final	0	prompt_without	35	34	-1.1226771218436105	-1.905785015651158	-1.8029433659144811	0.10284164973667687	0.13132500712852052	0.13132500712852052
just	0	52	1	resid	9	utterance_final	0	prompt_without	35	34	-1.1226771218436105	-1.905785015651158	-1.869584628513881	0.03620038713727691	0.04622656395566015	0.04622656395566015
just	0	52	1	resid	10	utterance_final	0	prompt_without	35	34	-1.1226771218436105	-1.905785015651158	-1.8914918899536133	0.014293125697544706	0.018251796221910272	0.018251796221910272
just	0	52	1	resid	11	utterance_final	0	prompt_without	35	34	-1.1226771218436105	-1.905785015651158	-1.8943030493600028	0.011481966291155166	0.014662048974284652	0.014662048974284652
just	0	52	1	resid	12	utterance_final	0	prompt_without	35	34	-1.1226771218436105	-1.905785015651158	-1.8751094000680106	0.030675615583147353	0.03917163372469596	0.03917163372469596
just	0	52	1	resid	13	utterance_final	0	prompt_without	35	34	-1.1226771218436105	-1.905785015651158	-1.8937440599714006	0.012040955679757381	0.015375857879829397	0.015375857879829397
just	0	52	1	resid	14	utterance_final	0	prompt_without	35	34	-1.1226771218436105	-1.905785015651158	-1.905021803719657	0.0007632119315010844	0.0009745935873411682	0.0009745935873411682
just	0	52	1	resid	15	utterance_final	0	prompt_without	35	34	-1.1226771218436105	-1.905785015651158	-1.9315532956804549	-0.025768280029296875	-0.03290514657438704	0.0
just	0	52	1	resid	16	utterance_final	0	prompt_without	35	34	-1.1226771218436105	-1.905785015651158	-1.9462954657418388	-0.04051045009068077	-0.0517303559458646	0.0
just	0	52	1	resid	17	utterance_final	0	prompt_without	35	34	-1.1226771218436105	-1.905785015651158	-1.9277710233415877	-0.021986007690429688	-0.02807532380184748	0.0
just	0	52	1	resid	18	utterance_final	0	prompt_without	35	34	-1.1226771218436105	-1.905785015651158	-1.9317197799682617	-0.02593476431710373	-0.03311774089136857	0.0
just	0	52	1	resid	19	utterance_final	0	prompt_without	35	34	-1.1226771218436105	-1.905785015651158	-1.9288409096854073	-0.023055894034249347	-0.029441529342973834	0.0
just	0	52	1	resid	20	utterance_final	0	prompt_without	35	34	-1.1226771218436105	-1.905785015651158	-1.929234504699707	-0.023449489048549044	-0.02994413571102613	0.0
just	0	52	1	resid	21	utterance_final	0	prompt_without	35	34	-1.1226771218436105	-1.905785015651158	-1.9247876576014928	-0.019002641950334853	-0.024265675394921818	0.0
just	0	52	1	resid	22	utterance_final	0	prompt_without	35	34	-1.1226771218436105	-1.905785015651158	-1.9223559243338448	-0.016570908682686847	-0.021160441381988197	0.0
just	0	52	1	resid	23	utterance_final	0	prompt_without	35	34	-1.1226771218436105	-1.905785015651158	-1.918830190386091	-0.01304517473493294	-0.0166582087067288	0.0
just	0	52	1	resid	24	utterance_final	0	prompt_without	35	34	-1.1226771218436105	-1.905785015651158	-1.9198547090802873	-0.014069693429129337	-0.017966481426615565	0.0
just	0	52	1	resid	25	utterance_final	0	prompt_without	35	34	-1.1226771218436105	-1.905785015651158	-1.9183953148978097	-0.01261029924665169	-0.016102888690521528	0.0
just	0	52	1	resid	26	utterance_final	0	prompt_without	35	34	-1.1226771218436105	-1.905785015651158	-1.918311391557966	-0.01252637590680794	-0.015995721669849947	0.0
just	0	52	1	resid	27	utterance_final	0	prompt_without	35	34	-1.1226771218436105	-1.905785015651158	-1.9183266503470284	-0.01254163469587044	-0.016015206582699327	0.0
just	0	52	1	resid	28	utterance_final	0	prompt_without	35	34	-1.1226771218436105	-1.905785015651158	-1.9108736855643136	-0.005088669913155597	-0.006498044462831276	0.0
just	0	52	1	resid	29	utterance_final	0	prompt_without	35	34	-1.1226771218436105	-1.905785015651158	-1.9099642889840263	-0.004179273332868272	-0.005336778451495661	0.0
just	0	52	1	resid	30	utterance_final	0	prompt_without	35	34	-1.1226771218436105	-1.905785015651158	-1.9068313326154436	-0.0010463169642855874	-0.00133610830967147	0.0
just	0	52	1	resid	31	utterance_final	0	prompt_without	35	34	-1.1226771218436105	-1.905785015651158	-1.905785015651158	0.0	0.0	0.0
just	1	0	395	resid	0	utterance_final	0	prompt_without	28	27	-0.23950936848467047	-0.29986687140031293	-0.30022902380336414	-0.000362152403051208	-0.006000122363533885	0.0
just	1	16	450	resid	0	utterance_final	0	prompt_without	32	31	-0.5017534557141756	-0.5530560612678528	-0.5520557510225397	0.0010003102453131074	0.019498234729354975	0.019498234729354975
just	1	30	145	resid	0	utterance_final	0	prompt_without	47	46	-0.5030654114346171	-0.6247752627661062	-0.6265694762385169	-0.0017942134724107106	-0.014741727582297259	0.0
just	1	33	69	resid	0	utterance_final	0	prompt_without	81	80	-0.9029102040373761	-1.072480357211569	-1.0709352389625881	0.001545118248980959	0.009111970591863047	0.009111970591863047
just	1	0	395	resid	1	utterance_final	0	prompt_without	28	27	-0.23950936848467047	-0.29986687140031293	-0.3004826388575814	-0.0006157674572684901	-0.010202003521071873	0.0
just	1	16	450	resid	1	utterance_final	0	prompt_without	32	31	-0.5017534557141756	-0.5530560612678528	-0.5522117897083885	0.0008442715594643158	0.016456699427887085	0.016456699427887085
just	1	30	145	resid	1	utterance_final	0	prompt_without	47	46	-0.5030654114346171	-0.6247752627661062	-0.6252969836079797	-0.0005217208418735186	-0.004286595014010488	0.0
just	1	33	69	resid	1	utterance_final	0	prompt_without	81	80	-0.9029102040373761	-1.072480357211569	-1.0704590652299963	0.002021291981572748	0.01192009291574061	0.01192009291574061
just	1	0	395	resid	2	utterance_final	0	prompt_without	28	27	-0.23950936848467047	-0.29986687140031293	-0.30064018206162885	-0.000773310661315918	-0.01281217121252881	0.0
just	1	16	450	resid	2	utterance_final	0	prompt_without	32	31	-0.5017534557141756	-0.5530560612678528	-0.552953158554278	0.00010290271357482617	0.002005798973838874	0.002005798973838874
just	1	30	145	resid	2	utterance_final	0	prompt_without	47	46	-0.5030654114346171	-0.6247752627661062	-0.625137775443321	-0.0003625126772148768	-0.0029784990553273867	0.0
just	1	33	69	resid	2	utterance_final	0	prompt_without	81	80	-0.9029102040373761	-1.072480357211569	-1.0708783450333967	0.0016020121781723518	0.00944748912579365	0.00944748912579365
just	1	0	395	resid	3	utterance_final	0	prompt_without	28	27	-0.23950936848467047	-0.29986687140031293	-0.30012514103542676	-0.00025826963511382806	-0.004278998014129143	0.0
just	1	16	450	resid	3	utterance_final	0	prompt_without	32	31	-0.5017534557141756	-0.5530560612678528	-0.5511635698770222	0.0018924913908305863	0.036888796785389394	0.036888796785389394
just	1	30	145	resid	3	utterance_final	0	prompt_without	47	46	-0.5030654114346171	-0.6247752627661062	-0.6232948525007381	0.0014804102653680484	0.012163438285172183	0.012163438285172183
just	1	33	69	resid	3	utterance_final	0	prompt_without	81	80	-0.9029102040373761	-1.072480357211569	-1.071132763572361	0.0013475936392080001	0.00794711577469455	0.00794711577469455
just	1	0	395	resid	4	utterance_final	0	prompt_without	28	27	-0.23950936848467047	-0.29986687140031293	-0.3005506260828538	-0.0006837546825408936	-0.011328412368161263	0.0
just	1	16	450	resid	4	utterance_final	0	prompt_without	32	31	-0.5017534557141756	-0.5530560612678528	-0.548260183710801	0.0047958775570517975	0.09348214394362371	0.09348214394362371
just	1	30	145	resid	4	utterance_final	0	prompt_without	47	46	-0.5030654114346171	-0.6247752627661062	-0.6222592481347018	0.002516014631404384	0.020672234859212546	0.020672234859212546
just	1	33	69	resid	4	utterance_final	0	prompt_without	81	80	-0.9029102040373761	-1.072480357211569	-1.0708703891090725	0.001609968102496584	0.009494407313784311	0.009494407313784311
just	1	0	395	resid	5	utterance_final	0	prompt_without	28	27	-0.23950936848467047	-0.29986687140031293	-0.29707645828073675	0.002790413119576174	0.04623142086371835	0.04623142086371835
just	1	16	450	resid	5	utterance_final	0	prompt_without	32	31	-0.5017534557141756	-0.5530560612678528	-0.5475284739544517	0.005527587313401083	0.1077447676145347	0.1077447676145347
just	1	30	145	resid	5	utterance_final	0	prompt_without	47	46	-0.5030654114346171	-0.6247752627661062	-0.6198227377825005	0.004952524983605655	0.04069124174769514	0.04069124174769514
just	1	33	69	resid	5	utterance_final	0	prompt_without	81	80	-0.9029102040373761	-1.072480357211569	-1.071937664695408	0.0005426925161611251	0.00320040116731886	0.00320040116731886
just	1	0	395	resid	6	utterance_final	0	prompt_without	28	27	-0.23950936848467047	-0.29986687140031293	-0.2962965721433813	0.0035702992569316416	0.059152534224644844	0.059152534224644844
just	1	16	450	resid	6	utterance_final	0	prompt_without	32	31	-0.5017534557141756	-0.5530560612678528	-0.5496450129308199	0.0034110483370328737	0.06648879331214365	0.06648879331214365
just	1	30	145	resid	6	utterance_final	0	prompt_without	47	46	-0.5030654114346171	-0.6247752627661062	-0.6156238677889802	0.009151394977126026	0.07519025680346351	0.07519025680346351
just	1	33	69	resid	6	utterance_final	0	prompt_without	81	80	-0.9029102040373761	-1.072480357211569	-1.069583957609923	0.0028963996016460047	0.01708083378724464	0.01708083378724464
just	1	0	395	resid	7	utterance_final	0	prompt_without	28	27	-0.23950936848467047	-0.29986687140031293	-0.29637970707633277	0.003487164323980163	0.05777515893680912	0.05777515893680912
just	1	16	450	resid	7	utterance_final	0	prompt_without	32	31	-0.5017534557141756	-0.5530560612678528	-0.5487938115471288	0.004262249720723976	0.08308057017229753	0.08308057017229753
just	1	30	145	resid	7	utterance_final	0	prompt_without	47	46	-0.5030654114346171	-0.6247752627661062	-0.6077384782391925	0.017036784526913706	0.13997868159835564	0.13997868159835564
just	1	33	69	resid	7	utterance_final	0	prompt_without	81	80	-0.9029102040373761	-1.072480357211569	-1.0698724311331045	0.0026079260784646063	0.015379629195626089	0.015379629195626089
just	1	0	395	resid	8	utterance_final	0	prompt_without	28	27	-0.23950936848467047	-0.29986687140031293	-0.2962225756861947	0.0036442957141182286	0.06037850371662345	0.06037850371662345
just	1	16	450	resid	8	utterance_final	0	prompt_without	32	31	-0.5017534557141756	-0.5530560612678528	-0.5487999100434152	0.0042561512244375654	0.08296169714001012	0.08296169714001012
just	1	30	145	resid	8	utterance_final	0	prompt_without	47	46	-0.5030654114346171	-0.6247752627661062	-0.6120981809704803	0.012677081795625877	0.10415822266595798	0.10415822266595798
just	1	33	69	resid	8	utterance_final	0	prompt_without	81	80	-0.9029102040373761	-1.072480357211569	-1.0696962423946546	0.00278411481691454	0.016418660741873155	0.016418660741873155
just	1	0	395	resid	9	utterance_final	0	prompt_without	28	27	-0.23950936848467047	-0.29986687140031293	-0.2936355715448206	0.006231299855492312	0.10323985510469795	0.10323985510469795
just	1	16	450	resid	9	utterance_final	0	prompt_without	32	31	-0.5017534557141756	-0.5530560612678528	-0.5494962271891142	0.0035598340787386107	0.06938895286739401	0.06938895286739401
just	1	30	145	resid	9	utterance_final	0	prompt_without	47	46	-0.5030654114346171	-0.6247752627661062	-0.6128300899683043	0.011945172797801829	0.09814466673916106	0.09814466673916106
just	1	33	69	resid	9	utterance_final	0	prompt_without	81	80	-0.9029102040373761	-1.072480357211569	-1.0701768631520479	0.0023034940595212383	0.01358431313767197	0.01358431313767197
just	1	0	395	resid	10	utterance_final	0	prompt_without	28	27	-0.23950936848467047	-0.29986687140031293	-0.2921744557944211	0.007692415605891845	0.12744754561239896	0.12744754561239896
just	1	16	450	resid	10	utterance_final	0	prompt_without	32	31	-0.5017534557141756	-0.5530560612678528	-0.5489480119002493	0.00410804936760345	0.08007486799681662	0.08007486799681662
just	1	30	145	resid	10	utterance_final	0	prompt_without	47	46	-0.5030654114346171	-0.6247752627661062	-0.6114360038624254	0.013339258903680817	0.10959884313185136	0.10959884313185136
just	1	33	69	resid	10	utterance_final	0	prompt_without	81	80	-0.9029102040373761	-1.072480357211569	-1.0686221900193587	0.0038581671922104377	0.022752631403517628	0.022752631403517628
just	1	0	395	resid	11	utterance_final	0	prompt_without	28	27	-0.23950936848467047	-0.29986687140031293	-0.2932309995998036	0.006635871800509341	0.10994278225498898	0.10994278225498898
just	1	16	450	resid	11	utterance_final	0	prompt_without	32	31	-0.5017534557141756	-0.5530560612678528	-0.5486357306179247	0.004420330649928084	0.08616191326390152	0.08616191326390152
just	1	30	145	resid	11	utterance_final	0	prompt_without	47	46	-0.5030654114346171	-0.6247752627661062	-0.6072568034016809	0.01751845936442531	0.14393624815720152	0.14393624815720152
just	1	33	69	resid	11	utterance_final	0	prompt_without	81	80	-0.9029102040373761	-1.072480357211569	-1.0673523104709128	0.005128046740656256	0.030241446650038747	0.030241446650038747
just	1	0	395	resid	12	utterance_final	0	prompt_without	28	27	-0.23950936848467047	-0.29986687140031293	-0.29247516935521906	0.007391702045093873	0.12246533882332322	0.12246533882332322
just	1	16	450	resid	12	utterance_final	0	prompt_without	32	31	-0.5017534557141756	-0.5530560612678528	-0.5459723629449543	0.007083698322898457	0.13807677497952592	0.13807677497952592
just	1	30	145	resid	12	utterance_final	0	prompt_without	47	46	-0.5030654114346171	-0.6247752627661062	-0.60315539670545	0.021619866060656134	0.17763447924829234	0.17763447924829234
just	1	33	69	resid	12	utterance_final	0	prompt_without	81	80	-0.9029102040373761	-1.072480357211569	-1.0721582303876462	0.0003221268239228525	0.0018996669985427439	0.0018996669985427439
just	1	0	395	resid	13	utterance_final	0	prompt_without	28	27	-0.23950936848467047	-0.29986687140031293	-0.2958460341800343	0.004020837220278628	0.06661702399945664	0.06661702399945664
just	1	16	450	resid	13	utterance_final	0	prompt_without	32	31	-0.5017534557141756	-0.5530560612678528	-0.5445384634168524	0.00851759785100037	0.16602661325044266	0.16602661325044266
just	1	30	145	resid	13	utterance_final	0	prompt_without	47	46	-0.5030654114346171	-0.6247752627661062	-0.6145302833512772	0.010244979414828936	0.08417543282446137	0.08417543282446137
just	1	33	69	resid	13	utterance_final	0	prompt_without	81	80	-0.9029102040373761	-1.072480357211569	-1.0705937173055566	0.001886639906012455	0.011126014046082634	0.011126014046082634
just	1	0	395	resid	14	utterance_final	0	prompt_without	28	27	-0.23950936848467047	-0.29986687140031293	-0.29819525100968103	0.0016716203906319005	0.027695320546448212	0.027695320546448212
just	1	16	450	resid	14	utterance_final	0	prompt_without	32	31	-0.5017534557141756	-0.5530560612678528	-0.5447803422024375	0.008275719065415243	0.1613118666410906	0.1613118666410906
just	1	30	145	resid	14	utterance_final	0	prompt_without	47	46	-0.5030654114346171	-0.6247752627661062	-0.6201135086458783	0.004661754120227846	0.038302192215575785	0.038302192215575785
just	1	33	69	resid	14	utterance_final	0	prompt_without	81	80	-0.9029102040373761	-1.072480357211569	-1.0729428477909253	-0.00046249057935621174	-0.0027274291536501277	0.0
just	1	0	395	resid	15	utterance_final	0	prompt_without	28	27	-0.23950936848467047	-0.29986687140031293	-0.3006774891506542	-0.0008106177503412471	-0.0134302731422503	0.0
just	1	16	450	resid	15	utterance_final	0	prompt_without	32	31	-0.5017534557141756	-0.5530560612678528	-0.548545915829508	0.004510145438344826	0.08791259994827996	0.08791259994827996
just	1	30	145	resid	15	utterance_final	0	prompt_without	47	46	-0.5030654114346171	-0.6247752627661062	-0.621227735696837	0.0035475270692691963	0.02914741108020212	0.02914741108020212
just	1	33	69	resid	15	utterance_final	0	prompt_without	81	80	-0.9029102040373761	-1.072480357211569	-1.0712175317432568	0.0012628254683122453	0.007447215472023503	0.007447215472023503
just	1	0	395	resid	16	utterance_final	0	prompt_without	28	27	-0.23950936848467047	-0.29986687140031293	-0.3008395325053822	-0.0009726611050692724	-0.016114999098433447	0.0
just	1	16	450	resid	16	utterance_final	0	prompt_without	32	31	-0.5017534557141756	-0.5530560612678528	-0.5541816918473494	-0.0011256305794966615	-0.021941002164479362	0.0
just	1	30	145	resid	16	utterance_final	0	prompt_without	47	46	-0.5030654114346171	-0.6247752627661062	-0.6210559939229211	0.003719268843185075	0.030558486453617233	0.030558486453617233
just	1	33	69	resid	16	utterance_final	0	prompt_without	81	80	-0.9029102040373761	-1.072480357211569	-1.071570785149284	0.0009095720622851466	0.005363986794013081	0.005363986794013081
just	1	0	395	resid	17	utterance_final	0	prompt_without	28	27	-0.23950936848467047	-0.29986687140031293	-0.301224795254794	-0.00135792385448108	-0.022498012490327127	0.0
just	1	16	450	resid	17	utterance_final	0	prompt_without	32	31	-0.5017534557141756	-0.5530560612678528	-0.5539091605889169	-0.0008530993210641435	-0.016628771811044923	0.0
just	1	30	145	resid	17	utterance_final	0	prompt_without	47	46	-0.5030654114346171	-0.6247752627661062	-0.6238069201624671	0.0009683426036390941	0.007956156326259208	0.007956156326259208
just	1	33	69	resid	17	utterance_final	0	prompt_without	81	80	-0.9029102040373761	-1.072480357211569	-1.071513575056325	0.0009667821552441502	0.005701369829223493	0.005701369829223493
just	1	0	395	resid	18	utterance_final	0	prompt_without	28	27	-0.23950936848467047	-0.29986687140031293	-0.3009985008023002	-0.0011316294019872442	-0.018748777655179755	0.0
just	1	16	450	resid	18	utterance_final	0	prompt_without	32	31	-0.5017534557141756	-0.5530560612678528	-0.5535666032841331	-0.0005105420162803131	-0.009951580641379716	0.0
just	1	30	145	resid	18	utterance_final	0	prompt_without	47	46	-0.5030654114346171	-0.6247752627661062	-0.6247351779494175	4.0084816688712444e-05	0.0003293473474019569	0.0003293473474019569
just	1	33	69	resid	18	utterance_final	0	prompt_without	81	80	-0.9029102040373761	-1.072480357211569	-1.0704059212104133	0.002074436001155755	0.012233497241845182	0.012233497241845182
just	1	0	395	resid	19	utterance_final	0	prompt_without	28	27	-0.23950936848467047	-0.29986687140031293	-0.30005512725223193	-0.00018825585191900585	-0.0031190132597453232	0.0
just	1	16	450	resid	19	utterance_final	0	prompt_without	32	31	-0.5017534557141756	-0.5530560612678528	-0.5530891669423956	-3.3105674542843744e-05	-0.0006453020111854897	0.0
just	1	30	145	resid	19	utterance_final	0	prompt_without	47	46	-0.5030654114346171	-0.6247752627661062	-0.6242144994957503	0.000560763270355924	0.004607377827030852	0.004607377827030852
just	1	33	69	resid	19	utterance_final	0	prompt_without	81	80	-0.9029102040373761	-1.072480357211569	-1.0714203767154529	0.0010599804961162196	0.006250985071808845	0.006250985071808845
just	1	0	395	resid	20	utterance_final	0	prompt_without	28	27	-0.23950936848467047	-0.29986687140031293	-0.299966500564055	-9.962916374206543e-05	-0.001650650854149985	0.0
just	1	16	450	resid	20	utterance_final	0	prompt_without	32	31	-0.5017534557141756	-0.5530560612678528	-0.5539133705590901	-0.0008573092912372848	-0.016710833338480145	0.0
just	1	30	145	resid	20	utterance_final	0	prompt_without	47	46	-0.5030654114346171	-0.6247752627661062	-0.6249136009881663	-0.00013833822206010815	-0.0011366230469161455	0.0
just	1	33	69	resid	20	utterance_final	0	prompt_without	81	80	-0.9029102040373761	-1.072480357211569	-1.0721781616625579	0.00030219554901123047	0.0017821270038058904	0.0017821270038058904
just	1	0	395	resid	21	utterance_final	0	prompt_without	28	27	-0.23950936848467047	-0.29986687140031293	-0.30057078870860016	-0.0007039173082872274	-0.011662465713186385	0.0
just	1	16	450	resid	21	utterance_final	0	prompt_without	32	31	-0.5017534557141756	-0.5530560612678528	-0.5530853459709569	-2.9284703104148768e-05	-0.0005708229199686284	0.0
just	1	30	145	resid	21	utterance_final	0	prompt_without	47	46	-0.5030654114346171	-0.6247752627661062	-0.6251240580580956	-0.00034879529198938997	-0.0028657934273488748	0.0
just	1	33	69	resid	21	utterance_final	0	prompt_without	81	80	-0.9029102040373761	-1.072480357211569	-1.0712532686150593	0.0012270885965097733	0.007236465695995637	0.007236465695995637
just	1	0	395	resid	22	utterance_final	0	prompt_without	28	27	-0.23950936848467047	-0.29986687140031293	-0.2997318452054804	0.00013502619483252154	0.0022371070423711594	0.0022371070423711594
just	1	16	450	resid	22	utterance_final	0	prompt_without	32	31	-0.5017534557141756	-0.5530560612678528	-0.5536866344903645	-0.0006305732225116989	-0.012291251403438747	0.0
just	1	30	145	resid	22	utterance_final	0	prompt_without	47	46	-0.5030654114346171	-0.6247752627661062	-0.6249224501986836	-0.00014718743257746691	-0.0012093304770916787	0.0
just	1	33	69	resid	22	utterance_final	0	prompt_without	81	80	-0.9029102040373761	-1.072480357211569	-1.0713541870531829	0.0011261701583862305	0.006641322999981951	0.006641322999981951
just	1	0	395	resid	23	utterance_final	0	prompt_without	28	27	-0.23950936848467047	-0.29986687140031293	-0.30054013566537335	-0.0006732642650604248	-0.011154607671583102	0.0
just	1	16	450	resid	23	utterance_final	0	prompt_without	32	31	-0.5017534557141756	-0.5530560612678528	-0.5523828142567685	0.0006732470110842881	0.013123056886065555	0.013123056886065555
just	1	30	145	resid	23	utterance_final	0	prompt_without	47	46	-0.5030654114346171	-0.6247752627661062	-0.6250819466834845	-0.00030668391737831424	-0.002519795349540192	0.0
just	1	33	69	resid	23	utterance_final	0	prompt_without	81	80	-0.9029102040373761	-1.072480357211569	-1.0726266425588857	-0.00014628534731664367	-0.0008626833471475978	0.0
just	1	0	395	resid	24	utterance_final	0	prompt_without	28	27	-0.23950936848467047	-0.29986687140031293	-0.3003212511539459	-0.0004543797536329941	-0.007528140358424859	0.0
just	1	16	450	resid	24	utterance_final	0	prompt_without	32	31	-0.5017534557141756	-0.5530560612678528	-0.5529699607899314	8.610047792134701e-05	0.001678286648253398	0.001678286648253398
just	1	30	145	resid	24	utterance_final	0	prompt_without	47	46	-0.5030654114346171	-0.6247752627661062	-0.624876665514569	-0.00010140274846281994	-0.0008331515267949785	0.0
just	1	33	69	resid	24	utterance_final	0	prompt_without	81	80	-0.9029102040373761	-1.072480357211569	-1.0714498084524404	0.0010305487591286688	0.0060774183418353415	0.0060774183418353415
just	1	0	395	resid	25	utterance_final	0	prompt_without	28	27	-0.23950936848467047	-0.29986687140031293	-0.3004755811257796	-0.0006087097254666718	-0.010085071384040252	0.0
just	1	16	450	resid	25	utterance_final	0	prompt_without	32	31	-0.5017534557141756	-0.5530560612678528	-0.5533234257447092	-0.0002673644768563799	-0.005211518478854653	0.0
just	1	30	145	resid	25	utterance_final	0	prompt_without	47	46	-0.5030654114346171	-0.6247752627661062	-0.624430964159411	0.0003442986066951592	0.002828847483819755	0.002828847483819755
just	1	33	69	resid	25	utterance_final	0	prompt_without	81	80	-0.9029102040373761	-1.072480357211569	-1.0721488102622654	0.0003315469493037071	0.0019552199670606033	0.0019552199670606033
just	1	0	395	resid	26	utterance_final	0	prompt_without	28	27	-0.23950936848467047	-0.29986687140031293	-0.300246691161936	-0.00037981976162304587	-0.006292834250513874	0.0
just	1	16	450	resid	26	utterance_final	0	prompt_without	32	31	-0.5017534557141756	-0.5530560612678528	-0.5532795943711933	-0.00022353310334055632	-0.004357149133618114	0.0
just	1	30	145	resid	26	utterance_final	0	prompt_without	47	46	-0.5030654114346171	-0.6247752627661062	-0.6245519504990689	0.00022331226703731222	0.0018347920451328033	0.0018347920451328033
just	1	33	69	resid	26	utterance_final	0	prompt_without	81	80	-0.9029102040373761	-1.072480357211569	-1.0715304924094158	0.0009498648021533107	0.005601603727853867	0.005601603727853867
just	1	0	395	resid	27	utterance_final	0	prompt_without	28	27	-0.23950936848467047	-0.29986687140031293	-0.3004593117670579	-0.0005924403667449951	-0.009815521486583174	0.0
just	1	16	450	resid	27	utterance_final	0	prompt_without	32	31	-0.5017534557141756	-0.5530560612678528	-0.5527969943849664	0.0002590668828863496	0.005049780222474115	0.005049780222474115
just	1	30	145	resid	27	utterance_final	0	prompt_without	47	46	-0.5030654114346171	-0.6247752627661062	-0.6250460979550384	-0.000270835188932228	-0.002225252812071729	0.0
just	1	33	69	resid	27	utterance_final	0	prompt_without	81	80	-0.9029102040373761	-1.072480357211569	-1.0722522994746333	0.0002280577369357939	0.0013449167360338398	0.0013449167360338398
just	1	0	395	resid	28	utterance_final	0	prompt_without	28	27	-0.23950936848467047	-0.29986687140031293	-0.3000875034115531	-0.00022063201124017384	-0.0036554198000625718	0.0
just	1	16	450	resid	28	utterance_final	0	prompt_without	32	31	-0.5017534557141756	-0.5530560612678528	-0.5521721212487471	0.0008839400191056335	0.017229924475878327	0.017229924475878327
just	1	30	145	resid	28	utterance_final	0	prompt_without	47	46	-0.5030654114346171	-0.6247752627661062	-0.6253655982571978	-0.0005903354910916647	-0.004850350934073747	0.0
just	1	33	69	resid	28	utterance_final	0	prompt_without	81	80	-0.9029102040373761	-1.072480357211569	-1.0718922304070515	0.0005881268045175858	0.003468339171183182	0.003468339171183182
just	1	0	395	resid	29	utterance_final	0	prompt_without	28	27	-0.23950936848467047	-0.29986687140031293	-0.30012294379147614	-0.000256072391163209	-0.004242594189509527	0.0
just	1	16	450	resid	29	utterance_final	0	prompt_without	32	31	-0.5017534557141756	-0.5530560612678528	-0.5528347523588883	0.0002213089089644349	0.004313794720092387	0.004313794720092387
just	1	30	145	resid	29	utterance_final	0	prompt_without	47	46	-0.5030654114346171	-0.6247752627661062	-0.625457480896351	-0.0006822181302448271	-0.0056052827505863705	0.0
just	1	33	69	resid	29	utterance_final	0	prompt_without	81	80	-0.9029102040373761	-1.072480357211569	-1.0724730595298435	7.297681725582095e-06	4.3036357454283024e-05	4.3036357454283024e-05
just	1	0	395	resid	30	utterance_final	0	prompt_without	28	27	-0.23950936848467047	-0.29986687140031293	-0.29998502948067407	-0.0001181580803611415	-0.001957636990487876	0.0
just	1	16	450	resid	30	utterance_final	0	prompt_without	32	31	-0.5017534557141756	-0.5530560612678528	-0.5524685382843018	0.0005875229835510254	0.011452108079312049	0.011452108079312049
just	1	30	145	resid	30	utterance_final	0	prompt_without	47	46	-0.5030654114346171	-0.6247752627661062	-0.6249466635460077	-0.00017140077990152047	-0.001408273677327016	0.0
just	1	33	69	resid	30	utterance_final	0	prompt_without	81	80	-0.9029102040373761	-1.072480357211569	-1.0722992420196533	0.00018111519191577052	0.0010680841440870656	0.0010680841440870656
just	1	0	395	resid	31	utterance_final	0	prompt_without	28	27	-0.23950936848467047	-0.29986687140031293	-0.29986687140031293	0.0	0.0	0.0
just	1	16	450	resid	31	utterance_final	0	prompt_without	32	31	-0.5017534557141756	-0.5530560612678528	-0.5530560612678528	0.0	0.0	0.0
just	1	30	145	resid	31	utterance_final	0	prompt_without	47	46	-0.5030654114346171	-0.6247752627661062	-0.6247752627661062	0.0	0.0	0.0
just	1	33	69	resid	31	utterance_final	0	prompt_without	81	80	-0.9029102040373761	-1.072480357211569	-1.072480357211569	0.0	0.0	0.0
just	1	38	42	resid	0	utterance_final	0	prompt_without	32	31	-0.4188626743853092	-0.6213277913630009	-0.6220138892531395	-0.0006860978901386261	-0.003388721476471539	0.0
just	1	39	7	resid	0	utterance_final	0	prompt_without	31	30	-0.5060173988342285	-0.81859792470932	-0.8159493178129196	0.0026486068964004517	0.008473358629701857	0.008473358629701857
just	1	41	43	resid	0	utterance_final	0	prompt_without	25	24	-0.6230249255895615	-0.9194716364145279	-0.910789281129837	0.008682355284690857	0.02928808101978657	0.02928808101978657
just	1	42	8	resid	0	utterance_final	0	prompt_without	26	25	-0.6268645823001862	-1.0280452867348988	-1.0401638348897297	-0.012118548154830933	-0.030207205932066657	0.0
just	1	38	42	resid	1	utterance_final	0	prompt_without	32	31	-0.4188626743853092	-0.6213277913630009	-0.6214646399021149	-0.0001368485391139984	-0.0006759116886741379	0.0
just	1	39	7	resid	1	utterance_final	0	prompt_without	31	30	-0.5060173988342285	-0.81859792470932	-0.8030955135822296	0.015502411127090387	0.049594935844740416	0.049594935844740416
just	1	41	43	resid	1	utterance_final	0	prompt_without	25	24	-0.6230249255895615	-0.9194716364145279	-0.8815697729587555	0.0379018634557724	0.12785388426235947	0.12785388426235947
just	1	42	8	resid	1	utterance_final	0	prompt_without	26	25	-0.6268645823001862	-1.0280452867348988	-1.0313514371713002	-0.003306150436401367	-0.008241050478885641	0.0
just	1	38	42	resid	2	utterance_final	0	prompt_without	32	31	-0.4188626743853092	-0.6213277913630009	-0.6223646439611912	-0.0010368525981903076	-0.005121141921472586	0.0
just	1	39	7	resid	2	utterance_final	0	prompt_without	31	30	-0.5060173988342285	-0.81859792470932	-0.7814802676439285	0.037117657065391496	0.11874590383222998	0.11874590383222998
just	1	41	43	resid	2	utterance_final	0	prompt_without	25	24	-0.6230249255895615	-0.9194716364145279	-0.8124783039093018	0.10699333250522614	0.36091927688278225	0.36091927688278225
just	1	42	8	resid	2	utterance_final	0	prompt_without	26	25	-0.6268645823001862	-1.0280452867348988	-0.986860990524292	0.04118429621060682	0.10265771946494269	0.10265771946494269
just	1	38	42	resid	3	utterance_final	0	prompt_without	32	31	-0.4188626743853092	-0.6213277913630009	-0.6217342130839825	-0.0004064217209815979	-0.002007366637021127	0.0
just	1	39	7	resid	3	utterance_final	0	prompt_without	31	30	-0.5060173988342285	-0.81859792470932	-0.6918980777263641	0.1266998469829559	0.40533506247150425	0.40533506247150425
just	1	41	43	resid	3	utterance_final	0	prompt_without	25	24	-0.6230249255895615	-0.9194716364145279	-0.7905987650156021	0.12887287139892578	0.43472525311646076	0.43472525311646076
just	1	42	8	resid	3	utterance_final	0	prompt_without	26	25	-0.6268645823001862	-1.0280452867348988	-0.9012835025787354	0.12676178415616346	0.3159717871645355	0.3159717871645355
just	1	38	42	resid	4	utterance_final	0	prompt_without	32	31	-0.4188626743853092	-0.6213277913630009	-0.6202594675123692	0.0010683238506317139	0.0052765822902195334	0.0052765822902195334
just	1	39	7	resid	4	utterance_final	0	prompt_without	31	30	-0.5060173988342285	-0.81859792470932	-0.6056869447231292	0.2129109799861908	0.681139617991656	0.681139617991656
just	1	41	43	resid	4	utterance_final	0	prompt_without	25	24	-0.6230249255895615	-0.9194716364145279	-0.7985039353370667	0.12096770107746124	0.4080588404601502	0.4080588404601502
just	1	42	8	resid	4	utterance_final	0	prompt_without	26	25	-0.6268645823001862	-1.0280452867348988	-0.909051924943924	0.11899336179097486	0.29660788885308814	0.29660788885308814
just	1	38	42	resid	5	utterance_final	0	prompt_without	32	31	-0.4188626743853092	-0.6213277913630009	-0.6180066540837288	0.0033211372792720795	0.016403503620023664	0.016403503620023664
just	1	39	7	resid	5	utterance_final	0	prompt_without	31	30	-0.5060173988342285	-0.81859792470932	-0.5856692343950272	0.23292869031429286	0.7451797889909882	0.7451797889909882
just	1	41	43	resid	5	utterance_final	0	prompt_without	25	24	-0.6230249255895615	-0.9194716364145279	-0.8377218097448349	0.081749826669693	0.2757656728327178	0.2757656728327178
just	1	42	8	resid	5	utterance_final	0	prompt_without	26	25	-0.6268645823001862	-1.0280452867348988	-0.8975093166033427	0.13053597013155616	0.32537948283302676	0.32537948283302676
just	1	38	42	resid	6	utterance_final	0	prompt_without	32	31	-0.4188626743853092	-0.6213277913630009	-0.6206066384911537	0.0007211528718471527	0.0035618623228149075	0.0035618623228149075
just	1	39	7	resid	6	utterance_final	0	prompt_without	31	30	-0.5060173988342285	-0.81859792470932	-0.550018048286438	0.26857987642288206	0.85923419467983	0.85923419467983
just	1	41	43	resid	6	utterance_final	0	prompt_without	25	24	-0.6230249255895615	-0.9194716364145279	-0.859399676322937	0.06007196009159088	0.2026399953111967	0.2026399953111967
just	1	42	8	resid	6	utterance_final	0	prompt_without	26	25	-0.6268645823001862	-1.0280452867348988	-0.7770160436630249	0.2510292430718739	0.6257261136863224	0.6257261136863224
just	1	38	42	resid	7	utterance_final	0	prompt_without	32	31	-0.4188626743853092	-0.6213277913630009	-0.6196051873266697	0.0017226040363311768	0.008508152229112038	0.008508152229112038
just	1	39	7	resid	7	utterance_final	0	prompt_without	31	30	-0.5060173988342285	-0.81859792470932	-0.5489194720983506	0.26967845261096945	0.8627487328456733	0.8627487328456733
just	1	41	43	resid	7	utterance_final	0	prompt_without	25	24	-0.6230249255895615	-0.9194716364145279	-0.7940531373023987	0.1254184991121292	0.42307266207511113	0.42307266207511113
just	1	42	8	resid	7	utterance_final	0	prompt_without	26	25	-0.6268645823001862	-1.0280452867348988	-0.7732261617978414	0.2548191249370574	0.635172933593884	0.635172933593884
just	1	38	42	resid	8	utterance_final	0	prompt_without	32	31	-0.4188626743853092	-0.6213277913630009	-0.6145787499845028	0.006749041378498077	0.03333434163496772	0.03333434163496772
just	1	39	7	resid	8	utterance_final	0	prompt_without	31	30	-0.5060173988342285	-0.81859792470932	-0.5451888591051102	0.27340906560420986	0.8746836190091549	0.8746836190091549
just	1	41	43	resid	8	utterance_final	0	prompt_without	25	24	-0.6230249255895615	-0.9194716364145279	-0.7735421359539032	0.1459295004606247	0.49226216764060204	0.49226216764060204
just	1	42	8	resid	8	utterance_final	0	prompt_without	26	25	-0.6268645823001862	-1.0280452867348988	-0.7896937727928162	0.23835151394208265	0.5941250695940974	0.5941250695940974
just	1	38	42	resid	9	utterance_final	0	prompt_without	32	31	-0.4188626743853092	-0.6213277913630009	-0.6189045086503029	0.002423282712697983	0.011968889993850096	0.011968889993850096
just	1	39	7	resid	9	utterance_final	0	prompt_without	31	30	-0.5060173988342285	-0.81859792470932	-0.5630047440528869	0.2555931806564331	0.8176874741024948	0.8176874741024948
just	1	41	43	resid	9	utterance_final	0	prompt_without	25	24	-0.6230249255895615	-0.9194716364145279	-0.7699820697307587	0.14948956668376923	0.5042712947219496	0.5042712947219496
just	1	42	8	resid	9	utterance_final	0	prompt_without	26	25	-0.6268645823001862	-1.0280452867348988	-0.8600922326246897	0.1679530541102091	0.41864688967747066	0.41864688967747066
just	1	38	42	resid	10	utterance_final	0	prompt_without	32	31	-0.4188626743853092	-0.6213277913630009	-0.6181369572877884	0.0031908340752124786	0.015759920142510556	0.015759920142510556
just	1	39	7	resid	10	utterance_final	0	prompt_without	31	30	-0.5060173988342285	-0.81859792470932	-0.5614154875278473	0.2571824371814727	0.8227717848431922	0.8227717848431922
just	1	41	43	resid	10	utterance_final	0	prompt_without	25	24	-0.6230249255895615	-0.9194716364145279	-0.7832718342542648	0.13619980216026306	0.4594410974614614	0.4594410974614614
just	1	42	8	resid	10	utterance_final	0	prompt_without	26	25	-0.6268645823001862	-1.0280452867348988	-0.8853860795497894	0.14265920718510938	0.35559837651246123	0.35559837651246123
just	1	38	42	resid	11	utterance_final	0	prompt_without	32	31	-0.4188626743853092	-0.6213277913630009	-0.6193730980157852	0.0019546933472156525	0.009654469749626192	0.009654469749626192
just	1	39	7	resid	11	utterance_final	0	prompt_without	31	30	-0.5060173988342285	-0.81859792470932	-0.5624179124832154	0.25618001222610465	0.8195648513576154	0.8195648513576154
just	1	41	43	resid	11	utterance_final	0	prompt_without	25	24	-0.6230249255895615	-0.9194716364145279	-0.8240144848823547	0.09545715153217316	0.3220044211876405	0.3220044211876405
just	1	42	8	resid	11	utterance_final	0	prompt_without	26	25	-0.6268645823001862	-1.0280452867348988	-0.9009727736314138	0.127072513103485	0.31674632328725205	0.31674632328725205
just	1	38	42	resid	12	utterance_final	0	prompt_without	32	31	-0.4188626743853092	-0.6213277913630009	-0.6138271316885948	0.007500659674406052	0.03704667641701707	0.03704667641701707
just	1	39	7	resid	12	utterance_final	0	prompt_without	31	30	-0.5060173988342285	-0.81859792470932	-0.5831440955400466	0.23545382916927338	0.7532581516718085	0.7532581516718085
just	1	41	43	resid	12	utterance_final	0	prompt_without	25	24	-0.6230249255895615	-0.9194716364145279	-0.8421396166086197	0.0773320198059082	0.2608631399238833	0.2608631399238833
just	1	42	8	resid	12	utterance_final	0	prompt_without	26	25	-0.6268645823001862	-1.0280452867348988	-0.9644010066986084	0.06364428003629041	0.1586424255522682	0.1586424255522682
just	1	38	42	resid	13	utterance_final	0	prompt_without	32	31	-0.4188626743853092	-0.6213277913630009	-0.611338384449482	0.009989406913518906	0.04933890372147205	0.04933890372147205
just	1	39	7	resid	13	utterance_final	0	prompt_without	31	30	-0.5060173988342285	-0.81859792470932	-0.6236692696809769	0.1949286550283431	0.6236110022613417	0.6236110022613417
just	1	41	43	resid	13	utterance_final	0	prompt_without	25	24	-0.6230249255895615	-0.9194716364145279	-0.8485477566719055	0.07092387974262238	0.2392466408051954	0.2392466408051954
just	1	42	8	resid	13	utterance_final	0	prompt_without	26	25	-0.6268645823001862	-1.0280452867348988	-0.9967308839162191	0.0313144028186797	0.07805560554763855	0.07805560554763855
just	1	38	42	resid	14	utterance_final	0	prompt_without	32	31	-0.4188626743853092	-0.6213277913630009	-0.6162529103457928	0.005074881017208099	0.025065458647710006	0.025065458647710006
just	1	39	7	resid	14	utterance_final	0	prompt_without	31	30	-0.5060173988342285	-0.81859792470932	-0.6996146231889725	0.11898330152034753	0.38064847829929666	0.38064847829929666
just	1	41	43	resid	14	utterance_final	0	prompt_without	25	24	-0.6230249255895615	-0.9194716364145279	-0.8382938355207443	0.08117780089378357	0.273836065402372	0.273836065402372
just	1	42	8	resid	14	utterance_final	0	prompt_without	26	25	-0.6268645823001862	-1.0280452867348988	-1.0116813282171886	0.01636395851771022	0.040789495448860145	0.040789495448860145
just	1	38	42	resid	15	utterance_final	0	prompt_without	32	31	-0.4188626743853092	-0.6213277913630009	-0.617727492004633	0.00360029935836792	0.017782319305723236	0.017782319305723236
just	1	39	7	resid	15	utterance_final	0	prompt_without	31	30	-0.5060173988342285	-0.81859792470932	-0.752797108888626	0.06580081582069397	0.21050836624092265	0.21050836624092265
just	1	41	43	resid	15	utterance_final	0	prompt_without	25	24	-0.6230249255895615	-0.9194716364145279	-0.8802560269832611	0.039215609431266785	0.13228552721039025	0.13228552721039025
just	1	42	8	resid	15	utterance_final	0	prompt_without	26	25	-0.6268645823001862	-1.0280452867348988	-1.0152708093325298	0.012774477402369033	0.03184220293039524	0.03184220293039524
just	1	38	42	resid	16	utterance_final	0	prompt_without	32	31	-0.4188626743853092	-0.6213277913630009	-0.619875218719244	0.0014525726437568665	0.007174434121987128	0.007174434121987128
just	1	39	7	resid	16	utterance_final	0	prompt_without	31	30	-0.5060173988342285	-0.81859792470932	-0.7570959150791168	0.06150200963020325	0.19675573024910611	0.19675573024910611
just	1	41	43	resid	16	utterance_final	0	prompt_without	25	24	-0.6230249255895615	-0.9194716364145279	-0.8656376898288727	0.05383394658565521	0.18159738199099415	0.18159738199099415
just	1	42	8	resid	16	utterance_final	0	prompt_without	26	25	-0.6268645823001862	-1.0280452867348988	-1.0244060456752777	0.003639241059621101	0.009071326261189474	0.009071326261189474
just	1	38	42	resid	17	utterance_final	0	prompt_without	32	31	-0.4188626743853092	-0.6213277913630009	-0.6178744249045849	0.003453366458415985	0.017056599724269983	0.017056599724269983
just	1	39	7	resid	17	utterance_final	0	prompt_without	31	30	-0.5060173988342285	-0.81859792470932	-0.7946650236845016	0.023932901024818376	0.07656555365314748	0.07656555365314748
just	1	41	43	resid	17	utterance_final	0	prompt_without	25	24	-0.6230249255895615	-0.9194716364145279	-0.8985660821199417	0.02090555429458618	0.070520446107866	0.070520446107866
just	1	42	8	resid	17	utterance_final	0	prompt_without	26	25	-0.6268645823001862	-1.0280452867348988	-1.0312836368878682	-0.0032383501529693604	-0.00807204862340622	0.0
just	1	38	42	resid	18	utterance_final	0	prompt_without	32	31	-0.4188626743853092	-0.6213277913630009	-0.6200313940644264	0.0012963972985744476	0.006403064972013373	0.006403064972013373
just	1	39	7	resid	18	utterance_final	0	prompt_without	31	30	-0.5060173988342285	-0.81859792470932	-0.804346427321434	0.014251497387886003	0.04559304309821578	0.04559304309821578
just	1	41	43	resid	18	utterance_final	0	prompt_without	25	24	-0.6230249255895615	-0.9194716364145279	-0.9020449668169022	0.017426669597625732	0.05878516765839615	0.05878516765839615
just	1	42	8	resid	18	utterance_final	0	prompt_without	26	25	-0.6268645823001862	-1.0280452867348988	-1.0305134952068329	-0.0024682084719340747	-0.006152360880396594	0.0
just	1	38	42	resid	19	utterance_final	0	prompt_without	32	31	-0.4188626743853092	-0.6213277913630009	-0.6201948374509811	0.0011329539120197296	0.005595798075895527	0.005595798075895527
just	1	39	7	resid	19	utterance_final	0	prompt_without	31	30	-0.5060173988342285	-0.81859792470932	-0.8117583900690079	0.006839534640312173	0.021880872524493986	0.021880872524493986
just	1	41	43	resid	19	utterance_final	0	prompt_without	25	24	-0.6230249255895615	-0.9194716364145279	-0.910437285900116	0.009034350514411926	0.03047546214721254	0.03047546214721254
just	1	42	8	resid	19	utterance_final	0	prompt_without	26	25	-0.6268645823001862	-1.0280452867348988	-1.0321205854415894	-0.004075298706690544	-0.010158262004232933	0.0
just	1	38	42	resid	20	utterance_final	0	prompt_without	32	31	-0.4188626743853092	-0.6213277913630009	-0.6209875419735909	0.0003402493894100189	0.0016805333900926196	0.0016805333900926196
just	1	39	7	resid	20	utterance_final	0	prompt_without	31	30	-0.5060173988342285	-0.81859792470932	-0.8151464015245438	0.0034515231847762617	0.011042028850368958	0.011042028850368958
just	1	41	43	resid	20	utterance_final	0	prompt_without	25	24	-0.6230249255895615	-0.9194716364145279	-0.9108035117387772	0.008668124675750732	0.02924007708376541	0.02924007708376541
just	1	42	8	resid	20	utterance_final	0	prompt_without	26	25	-0.6268645823001862	-1.0280452867348988	-1.0323640902837117	-0.004318803548812866	-0.010765232477714291	0.0
just	1	38	42	resid	21	utterance_final	0	prompt_without	32	31	-0.4188626743853092	-0.6213277913630009	-0.6206228882074356	0.0007049031555652618	0.003481602984690596	0.003481602984690596
just	1	39	7	resid	21	utterance_final	0	prompt_without	31	30	-0.5060173988342285	-0.81859792470932	-0.815568995475769	0.0030289292335510254	0.00969007658129476	0.00969007658129476
just	1	41	43	resid	21	utterance_final	0	prompt_without	25	24	-0.6230249255895615	-0.9194716364145279	-0.9131078571081161	0.006363779306411743	0.021466857529646076	0.021466857529646076
just	1	42	8	resid	21	utterance_final	0	prompt_without	26	25	-0.6268645823001862	-1.0280452867348988	-1.031736820936203	-0.003691534201304192	-0.00920167435895448	0.0
just	1	38	42	resid	22	utterance_final	0	prompt_without	32	31	-0.4188626743853092	-0.6213277913630009	-0.6212875321507454	4.0259212255477905e-05	0.00019884517815438703	0.00019884517815438703
just	1	39	7	resid	22	utterance_final	0	prompt_without	31	30	-0.5060173988342285	-0.81859792470932	-0.8154184192419052	0.003179505467414856	0.0101717963987475	0.0101717963987475
just	1	41	43	resid	22	utterance_final	0	prompt_without	25	24	-0.6230249255895615	-0.9194716364145279	-0.9141454249620438	0.005326211452484131	0.01796684280173691	0.01796684280173691
just	1	42	8	resid	22	utterance_final	0	prompt_without	26	25	-0.6268645823001862	-1.0280452867348988	-1.030851811170578	-0.002806524435679192	-0.006995661567606425	0.0
just	1	38	42	resid	23	utterance_final	0	prompt_without	32	31	-0.4188626743853092	-0.6213277913630009	-0.6211431622505188	0.00018462911248207092	0.0009119057901831753	0.0009119057901831753
just	1	39	7	resid	23	utterance_final	0	prompt_without	31	30	-0.5060173988342285	-0.81859792470932	-0.8164201647043228	0.0021777600049972534	0.006967036730456763	0.006967036730456763
just	1	41	43	resid	23	utterance_final	0	prompt_without	25	24	-0.6230249255895615	-0.9194716364145279	-0.9135656952857971	0.005905941128730774	0.01992243770320619	0.01992243770320619
just	1	42	8	resid	23	utterance_final	0	prompt_without	26	25	-0.6268645823001862	-1.0280452867348988	-1.031543383995692	-0.003498097260793198	-0.008719505255673311	0.0
just	1	38	42	resid	24	utterance_final	0	prompt_without	32	31	-0.4188626743853092	-0.6213277913630009	-0.6206250339746475	0.0007027573883533478	0.0034710047777305763	0.0034710047777305763
just	1	39	7	resid	24	utterance_final	0	prompt_without	31	30	-0.5060173988342285	-0.81859792470932	-0.8168228834867477	0.0017750412225723267	0.005678668617000281	0.005678668617000281
just	1	41	43	resid	24	utterance_final	0	prompt_without	25	24	-0.6230249255895615	-0.9194716364145279	-0.9137639105319977	0.005707725882530212	0.019253800680218286	0.019253800680218286
just	1	42	8	resid	24	utterance_final	0	prompt_without	26	25	-0.6268645823001862	-1.0280452867348988	-1.0328861474990845	-0.004840860764185662	-0.012066534383817688	0.0
just	1	38	42	resid	25	utterance_final	0	prompt_without	32	31	-0.4188626743853092	-0.6213277913630009	-0.6213398352265358	-1.2043863534927368e-05	-5.9486116496079696e-05	0.0
just	1	39	7	resid	25	utterance_final	0	prompt_without	31	30	-0.5060173988342285	-0.81859792470932	-0.8160784542560577	0.0025194704532622847	0.008060228468196625	0.008060228468196625
just	1	41	43	resid	25	utterance_final	0	prompt_without	25	24	-0.6230249255895615	-0.9194716364145279	-0.9114444106817245	0.008027225732803345	0.02707814065625754	0.02707814065625754
just	1	42	8	resid	25	utterance_final	0	prompt_without	26	25	-0.6268645823001862	-1.0280452867348988	-1.0319705406824748	-0.003925253947576035	-0.009784254088458592	0.0
just	1	38	42	resid	26	utterance_final	0	prompt_without	32	31	-0.4188626743853092	-0.6213277913630009	-0.6207373514771461	0.0005904398858547211	0.0029162548821670743	0.0029162548821670743
just	1	39	7	resid	26	utterance_final	0	prompt_without	31	30	-0.5060173988342285	-0.81859792470932	-0.8173479944467544	0.0012499302625655906	0.003998746432031622	0.003998746432031622
just	1	41	43	resid	26	utterance_final	0	prompt_without	25	24	-0.6230249255895615	-0.9194716364145279	-0.9128482341766357	0.006623402237892151	0.022342640333098056	0.022342640333098056
just	1	42	8	resid	26	utterance_final	0	prompt_without	26	25	-0.6268645823001862	-1.0280452867348988	-1.0322363674640656	-0.004191080729166741	-0.010446865172820865	0.0
just	1	38	42	resid	27	utterance_final	0	prompt_without	32	31	-0.4188626743853092	-0.6213277913630009	-0.6214907318353653	-0.00016294047236442566	-0.0008047829413615928	0.0
just	1	39	7	resid	27	utterance_final	0	prompt_without	31	30	-0.5060173988342285	-0.81859792470932	-0.81757350564003	0.0010244190692900723	0.0032772965187838807	0.0032772965187838807
just	1	41	43	resid	27	utterance_final	0	prompt_without	25	24	-0.6230249255895615	-0.9194716364145279	-0.9159915298223495	0.0034801065921783447	0.011739400253400463	0.011739400253400463
just	1	42	8	resid	27	utterance_final	0	prompt_without	26	25	-0.6268645823001862	-1.0280452867348988	-1.0309921403725941	-0.0029468536376953125	-0.007345452074639541	0.0
just	1	38	42	resid	28	utterance_final	0	prompt_without	32	31	-0.4188626743853092	-0.6213277913630009	-0.6224017329514027	-0.0010739415884017944	-0.005304328984830139	0.0
just	1	39	7	resid	28	utterance_final	0	prompt_without	31	30	-0.5060173988342285	-0.81859792470932	-0.8190081119537354	-0.0004101872444153276	-0.0013122610350308262	0.0
just	1	41	43	resid	28	utterance_final	0	prompt_without	25	24	-0.6230249255895615	-0.9194716364145279	-0.9155032932758331	0.003968343138694763	0.013386362519089734	0.013386362519089734
just	1	42	8	resid	28	utterance_final	0	prompt_without	26	25	-0.6268645823001862	-1.0280452867348988	-1.0310660700003307	-0.00302078326543187	-0.0075297321930982005	0.0
just	1	38	42	resid	29	utterance_final	0	prompt_without	32	31	-0.4188626743853092	-0.6213277913630009	-0.6219390034675598	-0.0006112121045589447	-0.0030188514134328152	0.0
just	1	39	7	resid	29	utterance_final	0	prompt_without	31	30	-0.5060173988342285	-0.81859792470932	-0.8199330747127533	-0.0013351500034333164	-0.004271379349994592	0.0
just	1	41	43	resid	29	utterance_final	0	prompt_without	25	24	-0.6230249255895615	-0.9194716364145279	-0.9142674505710602	0.005204185843467712	0.017555215333593173	0.017555215333593173
just	1	42	8	resid	29	utterance_final	0	prompt_without	26	25	-0.6268645823001862	-1.0280452867348988	-1.0321225623289745	-0.004077275594075669	-0.010163189677381895	0.0
just	1	38	42	resid	30	utterance_final	0	prompt_without	32	31	-0.4188626743853092	-0.6213277913630009	-0.6212042048573494	0.000123586505651474	0.0006104088817684639	0.0006104088817684639
just	1	39	7	resid	30	utterance_final	0	prompt_without	31	30	-0.5060173988342285	-0.81859792470932	-0.8196673065423965	-0.001069381833076477	-0.0034211402968328435	0.0
just	1	41	43	resid	30	utterance_final	0	prompt_without	25	24	-0.6230249255895615	-0.9194716364145279	-0.9197612404823303	-0.0002896040678024292	-0.0009769177974567665	0.0
just	1	42	8	resid	30	utterance_final	0	prompt_without	26	25	-0.6268645823001862	-1.0280452867348988	-1.0301300187905629	-0.0020847320556640625	-0.005196491338240141	0.0
just	1	38	42	resid	31	utterance_final	0	prompt_without	32	31	-0.4188626743853092	-0.6213277913630009	-0.6213277913630009	0.0	0.0	0.0
just	1	39	7	resid	31	utterance_final	0	prompt_without	31	30	-0.5060173988342285	-0.81859792470932	-0.81859792470932	0.0	0.0	0.0
just	1	41	43	resid	31	utterance_final	0	prompt_without	25	24	-0.6230249255895615	-0.9194716364145279	-0.9194716364145279	0.0	0.0	0.0
just	1	42	8	resid	31	utterance_final	0	prompt_without	26	25	-0.6268645823001862	-1.0280452867348988	-1.0280452867348988	0.0	0.0	0.0
just	1	46	40	resid	0	utterance_final	0	prompt_without	21	20	-0.256647836078297	-0.4329582994634455	-0.4318982796235518	0.0010600198398936778	0.0060122344388493535	0.0060122344388493535
just	1	50	94	resid	0	utterance_final	0	prompt_without	41	40	-1.0095748901367188	-1.2365570068359375	-1.2372589111328125	-0.000701904296875	-0.0030923330308224935	0.0
just	1	53	394	resid	0	utterance_final	0	prompt_without	50	49	-0.6718604544113422	-0.7322065254737591	-0.7324728719119368	-0.0002663464381776892	-0.004413650027061465	0.0
just	1	56	204	resid	0	utterance_final	0	prompt_without	27	26	-0.6910607701256162	-0.8101030644916353	-0.8105199223472959	-0.00041685785566059064	-0.0035017626120249215	0.0
just	1	46	40	resid	1	utterance_final	0	prompt_without	21	20	-0.256647836078297	-0.4329582994634455	-0.42956782471049915	0.0033904747529463486	0.01923013919792094	0.01923013919792094
just	1	50	94	resid	1	utterance_final	0	prompt_without	41	40	-1.0095748901367188	-1.2365570068359375	-1.2347335815429688	0.00182342529296875	0.008033343417027999	0.008033343417027999
just	1	53	394	resid	1	utterance_final	0	prompt_without	50	49	-0.6718604544113422	-0.7322065254737591	-0.7309839766601036	0.0012225488136554663	0.02025896288079742	0.02025896288079742
just	1	56	204	resid	1	utterance_final	0	prompt_without	27	26	-0.6910607701256162	-0.8101030644916353	-0.8066460291544596	0.0034570353371756735	0.029040395731506435	0.029040395731506435
just	1	46	40	resid	2	utterance_final	0	prompt_without	21	20	-0.256647836078297	-0.4329582994634455	-0.4270571687004783	0.005901130762967222	0.03347011090360678	0.03347011090360678
just	1	50	94	resid	2	utterance_final	0	prompt_without	41	40	-1.0095748901367188	-1.2365570068359375	-1.23675537109375	-0.0001983642578125	-0.0008739202043628785	0.0
just	1	53	394	resid	2	utterance_final	0	prompt_without	50	49	-0.6718604544113422	-0.7322065254737591	-0.7324711906498876	-0.00026466517612855345	-0.004385789687199458	0.0
just	1	56	204	resid	2	utterance_final	0	prompt_without	27	26	-0.6910607701256162	-0.8101030644916353	-0.8020764305478051	0.008026633943830186	0.06742674094595918	0.06742674094595918
just	1	46	40	resid	3	utterance_final	0	prompt_without	21	20	-0.256647836078297	-0.4329582994634455	-0.4086423299529336	0.024315969510511903	0.1379156349750718	0.1379156349750718
just	1	50	94	resid	3	utterance_final	0	prompt_without	41	40	-1.0095748901367188	-1.2365570068359375	-1.2242584228515625	0.012298583984375	0.05418305267049847	0.05418305267049847
just	1	53	394	resid	3	utterance_final	0	prompt_without	50	49	-0.6718604544113422	-0.7322065254737591	-0.7315763892798588	0.0006301361939002881	0.010442041756927783	0.010442041756927783
just	1	56	204	resid	3	utterance_final	0	prompt_without	27	26	-0.6910607701256162	-0.8101030644916353	-0.7920287790752593	0.018074285416376012	0.15183078848264672	0.15183078848264672
just	1	46	40	resid	4	utterance_final	0	prompt_without	21	20	-0.256647836078297	-0.4329582994634455	-0.3718316175720908	0.06112668189135467	0.3466991165341335	0.3466991165341335
just	1	50	94	resid	4	utterance_final	0	prompt_without	41	40	-1.0095748901367188	-1.2365570068359375	-1.2322921752929688	0.00426483154296875	0.01878928439380189	0.01878928439380189
just	1	53	394	resid	4	utterance_final	0	prompt_without	50	49	-0.6718604544113422	-0.7322065254737591	-0.731464893653475	0.0007416318202840833	0.012289645493523552	0.012289645493523552
just	1	56	204	resid	4	utterance_final	0	prompt_without	27	26	-0.6910607701256162	-0.8101030644916353	-0.7872106801895868	0.02289238430204843	0.19230462940894993	0.19230462940894993
just	1	46	40	resid	5	utterance_final	0	prompt_without	21	20	-0.256647836078297	-0.4329582994634455	-0.3366361152042042	0.09632218425924127	0.5463214287448521	0.5463214287448521
just	1	50	94	resid	5	utterance_final	0	prompt_without	41	40	-1.0095748901367188	-1.2365570068359375	-1.2397689819335938	-0.00321197509765625	-0.014150784847568149	0.0
just	1	53	394	resid	5	utterance_final	0	prompt_without	50	49	-0.6718604544113422	-0.7322065254737591	-0.7310293748460966	0.0011771506276624377	0.01950666558631287	0.01950666558631287
just	1	56	204	resid	5	utterance_final	0	prompt_without	27	26	-0.6910607701256162	-0.8101030644916353	-0.7831249009995234	0.026978163492111906	0.22662670974033988	0.22662670974033988
just	1	46	40	resid	6	utterance_final	0	prompt_without	21	20	-0.256647836078297	-0.4329582994634455	-0.31012250076640735	0.12283579869703815	0.6967016950588153	0.6967016950588153
just	1	50	94	resid	6	utterance_final	0	prompt_without	41	40	-1.0095748901367188	-1.2365570068359375	-1.2576828002929688	-0.02112579345703125	-0.09307250176464657	0.0
just	1	53	394	resid	6	utterance_final	0	prompt_without	50	49	-0.6718604544113422	-0.7322065254737591	-0.7313934009650658	0.0008131245086933081	0.013474357060499948	0.013474357060499948
just	1	56	204	resid	6	utterance_final	0	prompt_without	27	26	-0.6910607701256162	-0.8101030644916353	-0.7735297679901123	0.03657329650152297	0.30722943216358994	0.30722943216358994
just	1	46	40	resid	7	utterance_final	0	prompt_without	21	20	-0.256647836078297	-0.4329582994634455	-0.30526026812466706	0.12769803133877844	0.7242793699646931	0.7242793699646931
just	1	50	94	resid	7	utterance_final	0	prompt_without	41	40	-1.0095748901367188	-1.2365570068359375	-1.23046875	0.0060882568359375	0.026822627810829888	0.026822627810829888
just	1	53	394	resid	7	utterance_final	0	prompt_without	50	49	-0.6718604544113422	-0.7322065254737591	-0.7322253214901892	-1.879601643006712e-05	-0.00031147042548347706	0.0
just	1	56	204	resid	7	utterance_final	0	prompt_without	27	26	-0.6910607701256162	-0.8101030644916353	-0.7711862382434663	0.038916826248168945	0.32691596256126804	0.32691596256126804
just	1	46	40	resid	8	utterance_final	0	prompt_without	21	20	-0.256647836078297	-0.4329582994634455	-0.30860156362706964	0.12435673583637585	0.7053281662853995	0.7053281662853995
just	1	50	94	resid	8	utterance_final	0	prompt_without	41	40	-1.0095748901367188	-1.2365570068359375	-1.217926025390625	0.0186309814453125	0.08208127457900574	0.08208127457900574
just	1	53	394	resid	8	utterance_final	0	prompt_without	50	49	-0.6718604544113422	-0.7322065254737591	-0.7293214797973633	0.0028850456763958032	0.04780834320451048	0.04780834320451048
just	1	56	204	resid	8	utterance_final	0	prompt_without	27	26	-0.6910607701256162	-0.8101030644916353	-0.7775542849586123	0.03254877953302293	0.2734219775111631	0.2734219775111631
just	1	46	40	resid	9	utterance_final	0	prompt_without	21	20	-0.256647836078297	-0.4329582994634455	-0.3255905563181097	0.10736774314533581	0.6089697745889988	0.6089697745889988
just	1	50	94	resid	9	utterance_final	0	prompt_without	41	40	-1.0095748901367188	-1.2365570068359375	-1.2126388549804688	0.02391815185546875	0.1053746092568317	0.1053746092568317
just	1	53	394	resid	9	utterance_final	0	prompt_without	50	49	-0.6718604544113422	-0.7322065254737591	-0.7295542996505211	0.002652225823237986	0.043950265138135484	0.043950265138135484
just	1	56	204	resid	9	utterance_final	0	prompt_without	27	26	-0.6910607701256162	-0.8101030644916353	-0.7735003119423276	0.03660275254930767	0.30747687403239443	0.30747687403239443
just	1	46	40	resid	10	utterance_final	0	prompt_without	21	20	-0.256647836078297	-0.4329582994634455	-0.32567431168122724	0.10728398778221826	0.6084947298213234	0.6084947298213234
just	1	50	94	resid	10	utterance_final	0	prompt_without	41	40	-1.0095748901367188	-1.2365570068359375	-1.2305755615234375	0.0059814453125	0.02635205539309603	0.02635205539309603
just	1	53	394	resid	10	utterance_final	0	prompt_without	50	49	-0.6718604544113422	-0.7322065254737591	-0.7292192866062296	0.002987238867529496	0.04950179547629124	0.04950179547629124
just	1	56	204	resid	10	utterance_final	0	prompt_without	27	26	-0.6910607701256162	-0.8101030644916353	-0.77336167153858	0.03674139295305523	0.30864150551472525	0.30864150551472525
just	1	46	40	resid	11	utterance_final	0	prompt_without	21	20	-0.256647836078297	-0.4329582994634455	-0.3208071697841991	0.1121511296792464	0.6361002491057682	0.6361002491057682
just	1	50	94	resid	11	utterance_final	0	prompt_without	41	40	-1.0095748901367188	-1.2365570068359375	-1.1920242309570312	0.04453277587890625	0.19619508587946624	0.19619508587946624
just	1	53	394	resid	11	utterance_final	0	prompt_without	50	49	-0.6718604544113422	-0.7322065254737591	-0.7315221737171042	0.0006843517566549329	0.01134045256976378	0.01134045256976378
just	1	56	204	resid	11	utterance_final	0	prompt_without	27	26	-0.6910607701256162	-0.8101030644916353	-0.7799946012951079	0.03010846319652738	0.25292240339347755	0.25292240339347755
just	1	46	40	resid	12	utterance_final	0	prompt_without	21	20	-0.256647836078297	-0.4329582994634455	-0.32815519788048486	0.10480310158296063	0.5944236069190022	0.5944236069190022
just	1	50	94	resid	12	utterance_final	0	prompt_without	41	40	-1.0095748901367188	-1.2365570068359375	-1.2205123901367188	0.01604461669921875	0.0706866996067359	0.0706866996067359
just	1	53	394	resid	12	utterance_final	0	prompt_without	50	49	-0.6718604544113422	-0.7322065254737591	-0.7324650575374735	-0.00025853206371440063	-0.00428415734716179	0.0
just	1	56	204	resid	12	utterance_final	0	prompt_without	27	26	-0.6910607701256162	-0.8101030644916353	-0.7856579621632894	0.024445102328345847	0.20534804422690764	0.20534804422690764
just	1	46	40	resid	13	utterance_final	0	prompt_without	21	20	-0.256647836078297	-0.4329582994634455	-0.36659248308701947	0.06636581637642602	0.3764145082612059	0.3764145082612059
just	1	50	94	resid	13	utterance_final	0	prompt_without	41	40	-1.0095748901367188	-1.2365570068359375	-1.2153549194335938	0.02120208740234375	0.09340862492017075	0.09340862492017075
just	1	53	394	resid	13	utterance_final	0	prompt_without	50	49	-0.6718604544113422	-0.7322065254737591	-0.7313852536267248	0.0008212718470342883	0.013609367313819561	0.013609367313819561
just	1	56	204	resid	13	utterance_final	0	prompt_without	27	26	-0.6910607701256162	-0.8101030644916353	-0.8010492097763788	0.009053854715256437	0.07605578137983941	0.07605578137983941
just	1	46	40	resid	14	utterance_final	0	prompt_without	21	20	-0.256647836078297	-0.4329582994634455	-0.3886002464727922	0.04435805299065332	0.2515905870756722	0.2515905870756722
just	1	50	94	resid	14	utterance_final	0	prompt_without	41	40	-1.0095748901367188	-1.2365570068359375	-1.2242965698242188	0.01226043701171875	0.05401499109273638	0.05401499109273638
just	1	53	394	resid	14	utterance_final	0	prompt_without	50	49	-0.6718604544113422	-0.7322065254737591	-0.7312178344562136	0.0009886910175455066	0.016383684971352792	0.016383684971352792
just	1	56	204	resid	14	utterance_final	0	prompt_without	27	26	-0.6910607701256162	-0.8101030644916353	-0.806144532703218	0.003958531788417319	0.03325315434736187	0.03325315434736187
just	1	46	40	resid	15	utterance_final	0	prompt_without	21	20	-0.256647836078297	-0.4329582994634455	-0.4013728607784618	0.0315854386849837	0.17914670563814253	0.17914670563814253
just	1	50	94	resid	15	utterance_final	0	prompt_without	41	40	-1.0095748901367188	-1.2365570068359375	-1.228271484375	0.0082855224609375	0.03650297468992639	0.03650297468992639
just	1	53	394	resid	15	utterance_final	0	prompt_without	50	49	-0.6718604544113422	-0.7322065254737591	-0.7313951623850855	0.0008113630886735779	0.013445168415925086	0.013445168415925086
just	1	56	204	resid	15	utterance_final	0	prompt_without	27	26	-0.6910607701256162	-0.8101030644916353	-0.8098012038639614	0.0003018606276739	0.002535742689449262	0.002535742689449262
just	1	46	40	resid	16	utterance_final	0	prompt_without	21	20	-0.256647836078297	-0.4329582994634455	-0.4024036797610196	0.0305546197024259	0.1733000930051419	0.1733000930051419
just	1	50	94	resid	16	utterance_final	0	prompt_without	41	40	-1.0095748901367188	-1.2365570068359375	-1.2319107055664062	0.00464630126953125	0.02046990017142281	0.02046990017142281
just	1	53	394	resid	16	utterance_final	0	prompt_without	50	49	-0.6718604544113422	-0.7322065254737591	-0.7310389321425865	0.0011675933311725561	0.01934829079369387	0.01934829079369387
just	1	56	204	resid	16	utterance_final	0	prompt_without	27	26	-0.6910607701256162	-0.8101030644916353	-0.8110237802777972	-0.0009207157861619297	-0.007734358540931736	0.0
just	1	46	40	resid	17	utterance_final	0	prompt_without	21	20	-0.256647836078297	-0.4329582994634455	-0.41500084508549084	0.01795745437795465	0.10185132540163976	0.10185132540163976
just	1	50	94	resid	17	utterance_final	0	prompt_without	41	40	-1.0095748901367188	-1.2365570068359375	-1.2367095947265625	-0.000152587890625	-0.0006722463110483681	0.0
just	1	53	394	resid	17	utterance_final	0	prompt_without	50	49	-0.6718604544113422	-0.7322065254737591	-0.7314246132456023	0.0007819122281568225	0.012957135640994405	0.012957135640994405
just	1	56	204	resid	17	utterance_final	0	prompt_without	27	26	-0.6910607701256162	-0.8101030644916353	-0.8118184748150054	-0.0017154103233700813	-0.01441009124114924	0.0
just	1	46	40	resid	18	utterance_final	0	prompt_without	21	20	-0.256647836078297	-0.4329582994634455	-0.4349929690361023	-0.0020346695726568	-0.011540265583739542	0.0
just	1	50	94	resid	18	utterance_final	0	prompt_without	41	40	-1.0095748901367188	-1.2365570068359375	-1.2360000610351562	0.00055694580078125	0.0024536990353265435	0.0024536990353265435
just	1	53	394	resid	18	utterance_final	0	prompt_without	50	49	-0.6718604544113422	-0.7322065254737591	-0.7320126788369541	0.00019384663680499514	0.003212249503443176	0.003212249503443176
just	1	56	204	resid	18	utterance_final	0	prompt_without	27	26	-0.6910607701256162	-0.8101030644916353	-0.8116622425260998	-0.0015591780344644812	-0.013097681313756267	0.0
just	1	46	40	resid	19	utterance_final	0	prompt_without	21	20	-0.256647836078297	-0.4329582994634455	-0.4359282200986689	-0.0029699206352233887	-0.016844834833969133	0.0
just	1	50	94	resid	19	utterance_final	0	prompt_without	41	40	-1.0095748901367188	-1.2365570068359375	-1.2362060546875	0.0003509521484375	0.0015461665154112467	0.0015461665154112467
just	1	53	394	resid	19	utterance_final	0	prompt_without	50	49	-0.6718604544113422	-0.7322065254737591	-0.7319975803638327	0.00020894510992641724	0.0034624476166858014	0.0034624476166858014
just	1	56	204	resid	19	utterance_final	0	prompt_without	27	26	-0.6910607701256162	-0.8101030644916353	-0.8112599963233584	-0.0011569318317231625	-0.009718662076236086	0.0
just	1	46	40	resid	20	utterance_final	0	prompt_without	21	20	-0.256647836078297	-0.4329582994634455	-0.4349796609445052	-0.0020213614810596914	-0.01146478457517321	0.0
just	1	50	94	resid	20	utterance_final	0	prompt_without	41	40	-1.0095748901367188	-1.2365570068359375	-1.23797607421875	-0.0014190673828125	-0.006251890692749823	0.0
just	1	53	394	resid	20	utterance_final	0	prompt_without	50	49	-0.6718604544113422	-0.7322065254737591	-0.7322799255108011	-7.340003704203735e-05	-0.0012163184073097084	0.0
just	1	56	204	resid	20	utterance_final	0	prompt_without	27	26	-0.6910607701256162	-0.8101030644916353	-0.810538337344215	-0.0004352728525797156	-0.003656455505144945	0.0
just	1	46	40	resid	21	utterance_final	0	prompt_without	21	20	-0.256647836078297	-0.4329582994634455	-0.43519391254945233	-0.002235613086006838	-0.01267997963979689	0.0
just	1	50	94	resid	21	utterance_final	0	prompt_without	41	40	-1.0095748901367188	-1.2365570068359375	-1.2399749755859375	-0.00341796875	-0.015058317367483446	0.0
just	1	53	394	resid	21	utterance_final	0	prompt_without	50	49	-0.6718604544113422	-0.7322065254737591	-0.7327905441152638	-0.0005840186415047022	-0.009677823779126281	0.0
just	1	56	204	resid	21	utterance_final	0	prompt_without	27	26	-0.6910607701256162	-0.8101030644916353	-0.8104218868982225	-0.00031882240658720473	-0.0026782280053081146	0.0
just	1	46	40	resid	22	utterance_final	0	prompt_without	21	20	-0.256647836078297	-0.4329582994634455	-0.4337851676073941	-0.0008268681439486114	-0.004689841590072428	0.0
just	1	50	94	resid	22	utterance_final	0	prompt_without	41	40	-1.0095748901367188	-1.2365570068359375	-1.2420806884765625	-0.005523681640625	-0.024335316459950927	0.0
just	1	53	394	resid	22	utterance_final	0	prompt_without	50	49	-0.6718604544113422	-0.7322065254737591	-0.7324335739530367	-0.00022704847927756955	-0.003762440127091785	0.0
just	1	56	204	resid	22	utterance_final	0	prompt_without	27	26	-0.6910607701256162	-0.8101030644916353	-0.8102368173145112	-0.00013375282287597656	-0.0011235739666166633	0.0
just	1	46	40	resid	23	utterance_final	0	prompt_without	21	20	-0.256647836078297	-0.4329582994634455	-0.433082407171076	-0.00012410770763049417	-0.0007039157248392121	0.0
just	1	50	94	resid	23	utterance_final	0	prompt_without	41	40	-1.0095748901367188	-1.2365570068359375	-1.23822021484375	-0.0016632080078125	-0.007327484790427213	0.0
just	1	53	394	resid	23	utterance_final	0	prompt_without	50	49	-0.6718604544113422	-0.7322065254737591	-0.7317703880112747	0.00043613746248438723	0.007227271880439137	0.007227271880439137
just	1	56	204	resid	23	utterance_final	0	prompt_without	27	26	-0.6910607701256162	-0.8101030644916353	-0.8098972297850109	0.00020583470662438597	0.0017290888731655862	0.0017290888731655862
just	1	46	40	resid	24	utterance_final	0	prompt_without	21	20	-0.256647836078297	-0.4329582994634455	-0.43324837359515106	-0.0002900741317055644	-0.0016452462669325546	0.0
just	1	50	94	resid	24	utterance_final	0	prompt_without	41	40	-1.0095748901367188	-1.2365570068359375	-1.2388839721679688	-0.00232696533203125	-0.010251756243487615	0.0
just	1	53	394	resid	24	utterance_final	0	prompt_without	50	49	-0.6718604544113422	-0.7322065254737591	-0.7326674420258095	-0.0004609165520503833	-0.007637888332011712	0.0
just	1	56	204	resid	24	utterance_final	0	prompt_without	27	26	-0.6910607701256162	-0.8101030644916353	-0.8099530651455834	0.0001499993460518656	0.0012600508655408046	0.0012600508655408046
just	1	46	40	resid	25	utterance_final	0	prompt_without	21	20	-0.256647836078297	-0.4329582994634455	-0.4338536099954085	-0.0008953105319630117	-0.0050780340246013335	0.0
just	1	50	94	resid	25	utterance_final	0	prompt_without	41	40	-1.0095748901367188	-1.2365570068359375	-1.2396087646484375	-0.0030517578125	-0.013444926220967362	0.0
just	1	53	394	resid	25	utterance_final	0	prompt_without	50	49	-0.6718604544113422	-0.7322065254737591	-0.732467678086511	-0.000261152612751947	-0.004327582693525033	0.0
just	1	56	204	resid	25	utterance_final	0	prompt_without	27	26	-0.6910607701256162	-0.8101030644916353	-0.8102051417032877	-0.00010207721165245154	-0.000857486930977615	0.0
just	1	46	40	resid	26	utterance_final	0	prompt_without	21	20	-0.256647836078297	-0.4329582994634455	-0.43375861644744873	-0.0008003169840032354	-0.004539248372655857	0.0
just	1	50	94	resid	26	utterance_final	0	prompt_without	41	40	-1.0095748901367188	-1.2365570068359375	-1.24053955078125	-0.0039825439453125	-0.01754562871836241	0.0
just	1	53	394	resid	26	utterance_final	0	prompt_without	50	49	-0.6718604544113422	-0.7322065254737591	-0.7319658891908054	0.00024063628295367678	0.003987604805369732	0.003987604805369732
just	1	56	204	resid	26	utterance_final	0	prompt_without	27	26	-0.6910607701256162	-0.8101030644916353	-0.8090685435703823	0.0010345209212530015	0.0086903644352835	0.0086903644352835
just	1	46	40	resid	27	utterance_final	0	prompt_without	21	20	-0.256647836078297	-0.4329582994634455	-0.43503506075252185	-0.0020767612890763565	-0.011779001933309491	0.0
just	1	50	94	resid	27	utterance_final	0	prompt_without	41	40	-1.0095748901367188	-1.2365570068359375	-1.2385635375976562	-0.00200653076171875	-0.00884003899028604	0.0
just	1	53	394	resid	27	utterance_final	0	prompt_without	50	49	-0.6718604544113422	-0.7322065254737591	-0.7327336093475079	-0.0005270838737487793	-0.008734352783358646	0.0
just	1	56	204	resid	27	utterance_final	0	prompt_without	27	26	-0.6910607701256162	-0.8101030644916353	-0.8103921299888974	-0.00028906549726215314	-0.0024282587865230828	0.0
just	1	46	40	resid	28	utterance_final	0	prompt_without	21	20	-0.256647836078297	-0.4329582994634455	-0.4324657646092502	0.0004925348541953145	0.0027935656496992857	0.0027935656496992857
just	1	50	94	resid	28	utterance_final	0	prompt_without	41	40	-1.0095748901367188	-1.2365570068359375	-1.2376785278320312	-0.00112152099609375	-0.004941010386205506	0.0
just	1	53	394	resid	28	utterance_final	0	prompt_without	50	49	-0.6718604544113422	-0.7322065254737591	-0.7318798139177519	0.0003267115560071643	0.005413965652697449	0.005413965652697449
just	1	56	204	resid	28	utterance_final	0	prompt_without	27	26	-0.6910607701256162	-0.8101030644916353	-0.808653400057838	0.0014496644337972375	0.012177725921007179	0.012177725921007179
just	1	46	40	resid	29	utterance_final	0	prompt_without	21	20	-0.256647836078297	-0.4329582994634455	-0.4333071871237321	-0.0003488876602866231	-0.0019788256101651858	0.0
just	1	50	94	resid	29	utterance_final	0	prompt_without	41	40	-1.0095748901367188	-1.2365570068359375	-1.2372817993164062	-0.00072479248046875	-0.0031931699774797487	0.0
just	1	53	394	resid	29	utterance_final	0	prompt_without	50	49	-0.6718604544113422	-0.7322065254737591	-0.732357105304455	-0.00015057983069588499	-0.002495271490668183	0.0
just	1	56	204	resid	29	utterance_final	0	prompt_without	27	26	-0.6910607701256162	-0.8101030644916353	-0.8089691230228969	0.0011339414687383531	0.009525534389078773	0.009525534389078773
just	1	46	40	resid	30	utterance_final	0	prompt_without	21	20	-0.256647836078297	-0.4329582994634455	-0.4329153299331665	4.29695302789912e-05	0.00024371514573769042	0.00024371514573769042
just	1	50	94	resid	30	utterance_final	0	prompt_without	41	40	-1.0095748901367188	-1.2365570068359375	-1.237396240234375	-0.0008392333984375	-0.0036973547107660245	0.0
just	1	53	394	resid	30	utterance_final	0	prompt_without	50	49	-0.6718604544113422	-0.7322065254737591	-0.7323659884518591	-0.000159462978099989	-0.002642474900065226	0.0
just	1	56	204	resid	30	utterance_final	0	prompt_without	27	26	-0.6910607701256162	-0.8101030644916353	-0.8085900034223285	0.0015130610693068203	0.012710281479073434	0.012710281479073434
just	1	46	40	resid	31	utterance_final	0	prompt_without	21	20	-0.256647836078297	-0.4329582994634455	-0.4329582994634455	0.0	0.0	0.0
just	1	50	94	resid	31	utterance_final	0	prompt_without	41	40	-1.0095748901367188	-1.2365570068359375	-1.2365570068359375	0.0	0.0	0.0
just	1	53	394	resid	31	utterance_final	0	prompt_without	50	49	-0.6718604544113422	-0.7322065254737591	-0.7322065254737591	0.0	0.0	0.0
just	1	56	204	resid	31	utterance_final	0	prompt_without	27	26	-0.6910607701256162	-0.8101030644916353	-0.8101030644916353	0.0	0.0	0.0
just	1	59	105	resid	0	utterance_final	0	prompt_without	23	22	-0.6711461808946397	-0.8058634532822503	-0.8055032557911344	0.00036019749111593224	0.002673729097480289	0.002673729097480289
just	1	59	105	resid	1	utterance_final	0	prompt_without	23	22	-0.6711461808946397	-0.8058634532822503	-0.8120609588093228	-0.006197505527072544	-0.04600379310858513	0.0
just	1	59	105	resid	2	utterance_final	0	prompt_without	23	22	-0.6711461808946397	-0.8058634532822503	-0.8073934846454196	-0.0015300313631693152	-0.01135735111060656	0.0
just	1	59	105	resid	3	utterance_final	0	prompt_without	23	22	-0.6711461808946397	-0.8058634532822503	-0.78359012471305	0.02227332856920028	0.1653338742274645	0.1653338742274645
just	1	59	105	resid	4	utterance_final	0	prompt_without	23	22	-0.6711461808946397	-0.8058634532822503	-0.7815268172158135	0.024336636066436768	0.18064970909160805	0.18064970909160805
just	1	59	105	resid	5	utterance_final	0	prompt_without	23	22	-0.6711461808946397	-0.8058634532822503	-0.7912109759118822	0.014652477370368122	0.10876465289625072	0.10876465289625072
just	1	59	105	resid	6	utterance_final	0	prompt_without	23	22	-0.6711461808946397	-0.8058634532822503	-0.7887598342365689	0.017103619045681362	0.12695936269011276	0.12695936269011276
just	1	59	105	resid	7	utterance_final	0	prompt_without	23	22	-0.6711461808946397	-0.8058634532822503	-0.8001985417471992	0.005664911535051109	0.04205037286348807	0.04205037286348807
just	1	59	105	resid	8	utterance_final	0	prompt_without	23	22	-0.6711461808946397	-0.8058634532822503	-0.8048327830102708	0.0010306702719794503	0.007650617131068319	0.007650617131068319
just	1	59	105	resid	9	utterance_final	0	prompt_without	23	22	-0.6711461808946397	-0.8058634532822503	-0.8159489764107598	-0.010085523128509521	-0.0748643655691848	0.0
just	1	59	105	resid	10	utterance_final	0	prompt_without	23	22	-0.6711461808946397	-0.8058634532822503	-0.8213091956244575	-0.015445742342207192	-0.11465302160933359	0.0
just	1	59	105	resid	11	utterance_final	0	prompt_without	23	22	-0.6711461808946397	-0.8058634532822503	-0.8209019038412306	-0.015038450558980343	-0.1116297137883811	0.0
just	1	59	105	resid	12	utterance_final	0	prompt_without	23	22	-0.6711461808946397	-0.8058634532822503	-0.8172390196058485	-0.011375566323598263	-0.08444029575412063	0.0
just	1	59	105	resid	13	utterance_final	0	prompt_without	23	22	-0.6711461808946397	-0.8058634532822503	-0.8132989472813077	-0.007435493999057408	-0.05519332352323682	0.0
just	1	59	105	resid	14	utterance_final	0	prompt_without	23	22	-0.6711461808946397	-0.8058634532822503	-0.8118070628907945	-0.005943609608544231	-0.04411913560306646	0.0
just	1	59	105	resid	15	utterance_final	0	prompt_without	23	22	-0.6711461808946397	-0.8058634532822503	-0.8097855382495456	-0.003922084967295292	-0.029113452920948475	0.0
just	1	59	105	resid	16	utterance_final	0	prompt_without	23	22	-0.6711461808946397	-0.8058634532822503	-0.807905912399292	-0.002042459117041706	-0.01516107831492544	0.0
just	1	59	105	resid	17	utterance_final	0	prompt_without	23	22	-0.6711461808946397	-0.8058634532822503	-0.8073486818207635	-0.0014852285385131836	-0.01102478184267168	0.0
just	1	59	105	resid	18	utterance_final	0	prompt_without	23	22	-0.6711461808946397	-0.8058634532822503	-0.8052510950300429	0.0006123582522074011	0.0045455066106557945	0.0045455066106557945
just	1	59	105	resid	19	utterance_final	0	prompt_without	23	22	-0.6711461808946397	-0.8058634532822503	-0.8047140571806166	0.0011493961016336707	0.008531913401027085	0.008531913401027085
just	1	59	105	resid	20	utterance_final	0	prompt_without	23	22	-0.6711461808946397	-0.8058634532822503	-0.8042181531588236	0.001645300123426674	0.012212985716432796	0.012212985716432796
just	1	59	105	resid	21	utterance_final	0	prompt_without	23	22	-0.6711461808946397	-0.8058634532822503	-0.8053574363390604	0.0005060169431898576	0.0037561400570369184	0.0037561400570369184
just	1	59	105	resid	22	utterance_final	0	prompt_without	23	22	-0.6711461808946397	-0.8058634532822503	-0.8042796121703254	0.0015838411119248885	0.011756778354061661	0.011756778354061661
just	1	59	105	resid	23	utterance_final	0	prompt_without	23	22	-0.6711461808946397	-0.8058634532822503	-0.8049548268318176	0.0009086264504326591	0.006744691562774114	0.006744691562774114
just	1	59	105	resid	24	utterance_final	0	prompt_without	23	22	-0.6711461808946397	-0.8058634532822503	-0.804644074704912	0.001219378577338337	0.009051390038761493	0.009051390038761493
just	1	59	105	resid	25	utterance_final	0	prompt_without	23	22	-0.6711461808946397	-0.8058634532822503	-0.8050989243719313	0.0007645289103189734	0.005675062275008504	0.005675062275008504
just	1	59	105	resid	26	utterance_final	0	prompt_without	23	22	-0.6711461808946397	-0.8058634532822503	-0.8051827814843919	0.0006806717978583565	0.005052594858808583	0.005052594858808583
just	1	59	105	resid	27	utterance_final	0	prompt_without	23	22	-0.6711461808946397	-0.8058634532822503	-0.8050811092058817	0.0007823440763685685	0.005807303417765143	0.005807303417765143
just	1	59	105	resid	28	utterance_final	0	prompt_without	23	22	-0.6711461808946397	-0.8058634532822503	-0.804298652542962	0.00156480073928833	0.011615442560223918	0.011615442560223918
just	1	59	105	resid	29	utterance_final	0	prompt_without	23	22	-0.6711461808946397	-0.8058634532822503	-0.805050962501102	0.0008124907811483117	0.006031080994652275	0.006031080994652275
just	1	59	105	resid	30	utterance_final	0	prompt_without	23	22	-0.6711461808946397	-0.8058634532822503	-0.8053056995073954	0.0005577537748548966	0.004140180134067138	0.004140180134067138
just	1	59	105	resid	31	utterance_final	0	prompt_without	23	22	-0.6711461808946397	-0.8058634532822503	-0.8058634532822503	0.0	0.0	0.0
just	0	3	10	attn	0	utterance_final	0	prompt_without	33	32	-0.3928044725347448	-0.7069280280007256	-0.7101607499299226	-0.003232721929196991	-0.010291243279738984	0.0
just	0	5	4	attn	0	utterance_final	0	prompt_without	26	25	-0.5373304956837704	-0.9672020673751831	-0.9613776771645797	0.005824390210603436	0.013549140241319632	0.013549140241319632
just	0	7	129	attn	0	utterance_final	0	prompt_without	34	33	-0.5193182362450494	-0.6508910589747958	-0.6497520142131381	0.0011390447616577148	0.008657143154839342	0.008657143154839342
just	0	18	207	attn	0	utterance_final	0	prompt_without	54	53	-0.3636698513700251	-0.46461200086694016	-0.46496102266144335	-0.0003490217945031904	-0.003457641790299473	0.0
just	0	3	10	attn	1	utterance_final	0	prompt_without	33	32	-0.3928044725347448	-0.7069280280007256	-0.7027876730318423	0.00414035496888332	0.013180657409602366	0.013180657409602366
just	0	5	4	attn	1	utterance_final	0	prompt_without	26	25	-0.5373304956837704	-0.9672020673751831	-0.9546585647683394	0.01254350260684367	0.029179651395622275	0.029179651395622275
just	0	7	129	attn	1	utterance_final	0	prompt_without	34	33	-0.5193182362450494	-0.6508910589747958	-0.6506661905182732	0.0002248684565225867	0.00170907982254414	0.00170907982254414
just	0	18	207	attn	1	utterance_final	0	prompt_without	54	53	-0.3636698513700251	-0.46461200086694016	-0.46455879797015276	5.3202896787396536e-05	0.0005270632441705881	0.0005270632441705881
just	0	3	10	attn	2	utterance_final	0	prompt_without	33	32	-0.3928044725347448	-0.7069280280007256	-0.7058380003328677	0.001090027667857929	0.003470060264156082	0.003470060264156082
just	0	5	4	attn	2	utterance_final	0	prompt_without	26	25	-0.5373304956837704	-0.9672020673751831	-0.9628235980084068	0.0043784693667763275	0.010185529016372017	0.010185529016372017
just	0	7	129	attn	2	utterance_final	0	prompt_without	34	33	-0.5193182362450494	-0.6508910589747958	-0.6498372455437978	0.001053813430997974	0.008009354889060415	0.008009354889060415
just	0	18	207	attn	2	utterance_final	0	prompt_without	54	53	-0.3636698513700251	-0.46461200086694016	-0.4639417142198797	0.0006702866470604807	0.00664030487166281	0.00664030487166281
just	0	3	10	attn	3	utterance_final	0	prompt_without	33	32	-0.3928044725347448	-0.7069280280007256	-0.6883203630094175	0.01860766499130817	0.05923677058762745	0.05923677058762745
just	0	5	4	attn	3	utterance_final	0	prompt_without	26	25	-0.5373304956837704	-0.9672020673751831	-0.9558298336832147	0.01137223369196838	0.026454956412265487	0.026454956412265487
just	0	7	129	attn	3	utterance_final	0	prompt_without	34	33	-0.5193182362450494	-0.6508910589747958	-0.6467540495925479	0.004137009382247925	0.03144273487804875	0.03144273487804875
just	0	18	207	attn	3	utterance_final	0	prompt_without	54	53	-0.3636698513700251	-0.46461200086694016	-0.4602257159718296	0.004386284895110559	0.04345345246729278	0.04345345246729278
just	0	3	10	attn	4	utterance_final	0	prompt_without	33	32	-0.3928044725347448	-0.7069280280007256	-0.681878407796224	0.025049620204501633	0.07974448196774749	0.07974448196774749
just	0	5	4	attn	4	utterance_final	0	prompt_without	26	25	-0.5373304956837704	-0.9672020673751831	-0.9551061391830444	0.012095928192138672	0.02813846969350615	0.02813846969350615
just	0	7	129	attn	4	utterance_final	0	prompt_without	34	33	-0.5193182362450494	-0.6508910589747958	-0.6466481155819364	0.004242943392859466	0.032247870835564324	0.032247870835564324
just	0	18	207	attn	4	utterance_final	0	prompt_without	54	53	-0.3636698513700251	-0.46461200086694016	-0.46279667553148773	0.0018153253354524224	0.017983818895276265	0.017983818895276265
just	0	3	10	attn	5	utterance_final	0	prompt_without	33	32	-0.3928044725347448	-0.7069280280007256	-0.6605187301282529	0.04640929787247272	0.14774217681201177	0.14774217681201177
just	0	5	4	attn	5	utterance_final	0	prompt_without	26	25	-0.5373304956837704	-0.9672020673751831	-0.9575421433699759	0.00965992400520721	0.02247165116594795	0.02247165116594795
just	0	7	129	attn	5	utterance_final	0	prompt_without	34	33	-0.5193182362450494	-0.6508910589747958	-0.6463942759566836	0.004496783018112183	0.03417714178974997	0.03417714178974997
just	0	18	207	attn	5	utterance_final	0	prompt_without	54	53	-0.3636698513700251	-0.46461200086694016	-0.46169656410551907	0.0029154367614210863	0.02888225360715334	0.02888225360715334
just	0	3	10	attn	6	utterance_final	0	prompt_without	33	32	-0.3928044725347448	-0.7069280280007256	-0.6299246770364267	0.07700335096429889	0.24513714309030307	0.24513714309030307
just	0	5	4	attn	6	utterance_final	0	prompt_without	26	25	-0.5373304956837704	-0.9672020673751831	-0.955130326120477	0.012071741254706114	0.028082204196959382	0.028082204196959382
just	0	7	129	attn	6	utterance_final	0	prompt_without	34	33	-0.5193182362450494	-0.6508910589747958	-0.627765890624788	0.023125168350007774	0.17575946058030076	0.17575946058030076
just	0	18	207	attn	6	utterance_final	0	prompt_without	54	53	-0.3636698513700251	-0.46461200086694016	-0.45274509672533003	0.011866904141610124	0.11756143692950383	0.11756143692950383
just	0	3	10	attn	7	utterance_final	0	prompt_without	33	32	-0.3928044725347448	-0.7069280280007256	-0.6704271457813404	0.03650088221938519	0.1161991247846365	0.1161991247846365
just	0	5	4	attn	7	utterance_final	0	prompt_without	26	25	-0.5373304956837704	-0.9672020673751831	-0.9353360314118234	0.031866035963359685	0.07412920058420383	0.07412920058420383
just	0	7	129	attn	7	utterance_final	0	prompt_without	34	33	-0.5193182362450494	-0.6508910589747958	-0.6193496518664889	0.031541407108306885	0.2397258526032663	0.2397258526032663
just	0	18	207	attn	7	utterance_final	0	prompt_without	54	53	-0.3636698513700251	-0.46461200086694016	-0.46353877845563385	0.0010732224113063071	0.01063205426727223	0.01063205426727223
just	0	3	10	attn	8	utterance_final	0	prompt_without	33	32	-0.3928044725347448	-0.7069280280007256	-0.6282207833396064	0.07870724466111922	0.25056142174490037	0.25056142174490037
just	0	5	4	attn	8	utterance_final	0	prompt_without	26	25	-0.5373304956837704	-0.9672020673751831	-0.9608379225981863	0.006364144776996761	0.014804758435073537	0.014804758435073537
just	0	7	129	attn	8	utterance_final	0	prompt_without	34	33	-0.5193182362450494	-0.6508910589747958	-0.6504746443695493	0.00041641460524655116	0.0031648983171994123	0.0031648983171994123
just	0	18	207	attn	8	utterance_final	0	prompt_without	54	53	-0.3636698513700251	-0.46461200086694016	-0.46468931750247355	-7.731663553339763e-05	-0.0007659499616239155	0.0
just	0	3	10	attn	9	utterance_final	0	prompt_without	33	32	-0.3928044725347448	-0.7069280280007256	-0.7699211747558029	-0.06299314675507728	-0.20053620831341748	0.0
just	0	5	4	attn	9	utterance_final	0	prompt_without	26	25	-0.5373304956837704	-0.9672020673751831	-0.9586840805254484	0.008517986849734704	0.019815189955965318	0.019815189955965318
just	0	7	129	attn	9	utterance_final	0	prompt_without	34	33	-0.5193182362450494	-0.6508910589747958	-0.6451653871271346	0.005725671847661262	0.043517131645202455	0.043517131645202455
just	0	18	207	attn	9	utterance_final	0	prompt_without	54	53	-0.3636698513700251	-0.46461200086694016	-0.4524062809191252	0.012205719947814941	0.1209179714187478	0.1209179714187478
just	0	3	10	attn	10	utterance_final	0	prompt_without	33	32	-0.3928044725347448	-0.7069280280007256	-0.6504167494950471	0.0565112785056785	0.17990143535032857	0.17990143535032857
just	0	5	4	attn	10	utterance_final	0	prompt_without	26	25	-0.5373304956837704	-0.9672020673751831	-0.9339684122487119	0.03323365512647125	0.07731066047402721	0.07731066047402721
just	0	7	129	attn	10	utterance_final	0	prompt_without	34	33	-0.5193182362450494	-0.6508910589747958	-0.6469016075134277	0.003989451461368088	0.03032124247697042	0.03032124247697042
just	0	18	207	attn	10	utterance_final	0	prompt_without	54	53	-0.3636698513700251	-0.46461200086694016	-0.456469035985177	0.008142964881763137	0.08066962039491739	0.08066962039491739
just	0	3	10	attn	11	utterance_final	0	prompt_without	33	32	-0.3928044725347448	-0.7069280280007256	-0.712045360494543	-0.005117332493817406	-0.01629082698438897	0.0
just	0	5	4	attn	11	utterance_final	0	prompt_without	26	25	-0.5373304956837704	-0.9672020673751831	-0.9557940520738301	0.011408015301353047	0.026538194318051808	0.026538194318051808
just	0	7	129	attn	11	utterance_final	0	prompt_without	34	33	-0.5193182362450494	-0.6508910589747958	-0.6593735582298703	-0.008482499255074494	-0.06446999523980525	0.0
just	0	18	207	attn	11	utterance_final	0	prompt_without	54	53	-0.3636698513700251	-0.46461200086694016	-0.46102384726206463	0.0035881536048755214	0.0355466336189441	0.0355466336189441
just	0	3	10	attn	12	utterance_final	0	prompt_without	33	32	-0.3928044725347448	-0.7069280280007256	-0.6496367586983575	0.057291269302368164	0.1823845054134208	0.1823845054134208
just	0	5	4	attn	12	utterance_final	0	prompt_without	26	25	-0.5373304956837704	-0.9672020673751831	-0.9332436323165894	0.03395843505859375	0.07899669876976916	0.07899669876976916
just	0	7	129	attn	12	utterance_final	0	prompt_without	34	33	-0.5193182362450494	-0.6508910589747958	-0.6411784688631693	0.009712590111626507	0.07381912092572784	0.07381912092572784
just	0	18	207	attn	12	utterance_final	0	prompt_without	54	53	-0.3636698513700251	-0.46461200086694016	-0.45493580793079574	0.009676192936144412	0.09585879619534089	0.09585879619534089
just	0	3	10	attn	13	utterance_final	0	prompt_without	33	32	-0.3928044725347448	-0.7069280280007256	-0.6748346134468362	0.03209341455388948	0.10216812459760011	0.10216812459760011
just	0	5	4	attn	13	utterance_final	0	prompt_without	26	25	-0.5373304956837704	-0.9672020673751831	-0.9546327590942383	0.012569308280944824	0.02923968252073161	0.02923968252073161
just	0	7	129	attn	13	utterance_final	0	prompt_without	34	33	-0.5193182362450494	-0.6508910589747958	-0.6516764826244779	-0.0007854236496820377	-0.00596949760130415	0.0
just	0	18	207	attn	13	utterance_final	0	prompt_without	54	53	-0.3636698513700251	-0.46461200086694016	-0.46301314496157464	0.001598855905365515	0.015839328896145397	0.015839328896145397
just	0	3	10	attn	14	utterance_final	0	prompt_without	33	32	-0.3928044725347448	-0.7069280280007256	-0.7030618279068558	0.0038662000938698426	0.01230789613384644	0.01230789613384644
just	0	5	4	attn	14	utterance_final	0	prompt_without	26	25	-0.5373304956837704	-0.9672020673751831	-0.9646752006129214	0.002526866762261659	0.005878189972691644	0.005878189972691644
just	0	7	129	attn	14	utterance_final	0	prompt_without	34	33	-0.5193182362450494	-0.6508910589747958	-0.651022755437427	-0.00013169646263122559	-0.0010009397069920213	0.0
just	0	18	207	attn	14	utterance_final	0	prompt_without	54	53	-0.3636698513700251	-0.46461200086694016	-0.46511742106655185	-0.0005054201996116947	-0.0050070283041391064	0.0
just	0	3	10	attn	15	utterance_final	0	prompt_without	33	32	-0.3928044725347448	-0.7069280280007256	-0.7164795266257392	-0.009551498625013588	-0.030406820688262594	0.0
just	0	5	4	attn	15	utterance_final	0	prompt_without	26	25	-0.5373304956837704	-0.9672020673751831	-0.964792295506126	0.002409771869057109	0.005605794911199632	0.005605794911199632
just	0	7	129	attn	15	utterance_final	0	prompt_without	34	33	-0.5193182362450494	-0.6508910589747958	-0.6505730383925967	0.0003180205821990967	0.002417068932634501	0.002417068932634501
just	0	18	207	attn	15	utterance_final	0	prompt_without	54	53	-0.3636698513700251	-0.46461200086694016	-0.4649639819797717	-0.0003519811128315231	-0.003486958763863853	0.0
just	0	3	10	attn	16	utterance_final	0	prompt_without	33	32	-0.3928044725347448	-0.7069280280007256	-0.7071387105517917	-0.00021068255106604372	-0.0006706996256728043	0.0
just	0	5	4	attn	16	utterance_final	0	prompt_without	26	25	-0.5373304956837704	-0.9672020673751831	-0.9658878037804052	0.0013142635947779313	0.0030573401018511356	0.0030573401018511356
just	0	7	129	attn	16	utterance_final	0	prompt_without	34	33	-0.5193182362450494	-0.6508910589747958	-0.6509440210130479	-5.296203825211343e-05	-0.00040253022739276977	0.0
just	0	18	207	attn	16	utterance_final	0	prompt_without	54	53	-0.3636698513700251	-0.46461200086694016	-0.464923429907414	-0.0003114290404738207	-0.0030852229918418616	0.0
just	0	3	10	attn	17	utterance_final	0	prompt_without	33	32	-0.3928044725347448	-0.7069280280007256	-0.704383545451694	0.0025444825490316125	0.0081002602471408	0.0081002602471408
just	0	5	4	attn	17	utterance_final	0	prompt_without	26	25	-0.5373304956837704	-0.9672020673751831	-0.9652810849641499	0.001920982411033223	0.004468735635331145	0.004468735635331145
just	0	7	129	attn	17	utterance_final	0	prompt_without	34	33	-0.5193182362450494	-0.6508910589747958	-0.6512816978825463	-0.0003906389077504846	-0.0029689938974165335	0.0
just	0	18	207	attn	17	utterance_final	0	prompt_without	54	53	-0.3636698513700251	-0.46461200086694016	-0.46523918185317725	-0.000627180986237097	-0.006213271555667284	0.0
just	0	3	10	attn	18	utterance_final	0	prompt_without	33	32	-0.3928044725347448	-0.7069280280007256	-0.7065672477086385	0.00036078029208708173	0.001148529888348834	0.001148529888348834
just	0	5	4	attn	18	utterance_final	0	prompt_without	26	25	-0.5373304956837704	-0.9672020673751831	-0.9655593382684808	0.0016427291067022676	0.0038214415999611997	0.0038214415999611997
just	0	7	129	attn	18	utterance_final	0	prompt_without	34	33	-0.5193182362450494	-0.6508910589747958	-0.6503338946236504	0.0005571643511453894	0.004234646179855984	0.004234646179855984
just	0	18	207	attn	18	utterance_final	0	prompt_without	54	53	-0.3636698513700251	-0.46461200086694016	-0.46464540665609794	-3.340578915778103e-05	-0.00033093994257376067	0.0
just	0	3	10	attn	19	utterance_final	0	prompt_without	33	32	-0.3928044725347448	-0.7069280280007256	-0.7081290615929497	-0.001201033592224121	-0.003823443264044525	0.0
just	0	5	4	attn	19	utterance_final	0	prompt_without	26	25	-0.5373304956837704	-0.9672020673751831	-0.9657147369886699	0.0014873303865131637	0.0034599412579458914	0.0034599412579458914
just	0	7	129	attn	19	utterance_final	0	prompt_without	34	33	-0.5193182362450494	-0.6508910589747958	-0.651252590947681	-0.00036153197288513184	-0.00274777089511659	0.0
just	0	18	207	attn	19	utterance_final	0	prompt_without	54	53	-0.3636698513700251	-0.46461200086694016	-0.46443225208081695	0.00017974878612320166	0.001780710902423324	0.001780710902423324
just	0	3	10	attn	20	utterance_final	0	prompt_without	33	32	-0.3928044725347448	-0.7069280280007256	-0.7072980227293791	-0.000369994728653511	-0.0011778636852134477	0.0
just	0	5	4	attn	20	utterance_final	0	prompt_without	26	25	-0.5373304956837704	-0.9672020673751831	-0.9671808104766043	2.1256898578791983e-05	4.9449416939000205e-05	4.9449416939000205e-05
just	0	7	129	attn	20	utterance_final	0	prompt_without	34	33	-0.5193182362450494	-0.6508910589747958	-0.6506524549590217	0.00023860401577413537	0.0018134749321615862	0.0018134749321615862
just	0	18	207	attn	20	utterance_final	0	prompt_without	54	53	-0.3636698513700251	-0.46461200086694016	-0.46461499573891624	-2.9948719760808373e-06	-2.9669191621210378e-05	0.0
just	0	3	10	attn	21	utterance_final	0	prompt_without	33	32	-0.3928044725347448	-0.7069280280007256	-0.7062206444916902	0.0007073835090354308	0.0022519276148714024	0.0022519276148714024
just	0	5	4	attn	21	utterance_final	0	prompt_without	26	25	-0.5373304956837704	-0.9672020673751831	-0.9669085427334434	0.0002935246417397064	0.0006828193839029109	0.0006828193839029109
just	0	7	129	attn	21	utterance_final	0	prompt_without	34	33	-0.5193182362450494	-0.6508910589747958	-0.6509203447235955	-2.9285748799678935e-05	-0.00022258205146082882	0.0
just	0	18	207	attn	21	utterance_final	0	prompt_without	54	53	-0.3636698513700251	-0.46461200086694016	-0.46481756160133764	-0.0002055607343974808	-0.002036421211773017	0.0
just	0	3	10	attn	22	utterance_final	0	prompt_without	33	32	-0.3928044725347448	-0.7069280280007256	-0.7085641004421093	-0.0016360724413836403	-0.005208372351944886	0.0
just	0	5	4	attn	22	utterance_final	0	prompt_without	26	25	-0.5373304956837704	-0.9672020673751831	-0.9655565337130898	0.0016455336620933014	0.0038279657703779568	0.0038279657703779568
just	0	7	129	attn	22	utterance_final	0	prompt_without	34	33	-0.5193182362450494	-0.6508910589747958	-0.6506495111518436	0.0002415478229522705	0.0018358489081625555	0.0018358489081625555
just	0	18	207	attn	22	utterance_final	0	prompt_without	54	53	-0.3636698513700251	-0.46461200086694016	-0.4645832379659017	2.876290103848156e-05	0.00028494440807762467	0.00028494440807762467
just	0	3	10	attn	23	utterance_final	0	prompt_without	33	32	-0.3928044725347448	-0.7069280280007256	-0.7070066045831751	-7.857658244947441e-05	-0.0002501454637265627	0.0
just	0	5	4	attn	23	utterance_final	0	prompt_without	26	25	-0.5373304956837704	-0.9672020673751831	-0.9667784414793316	0.00042362589585154264	0.0009854708330320724	0.0009854708330320724
just	0	7	129	attn	23	utterance_final	0	prompt_without	34	33	-0.5193182362450494	-0.6508910589747958	-0.6514100134372711	-0.0005189544624752962	-0.0039442375082370945	0.0
just	0	18	207	attn	23	utterance_final	0	prompt_without	54	53	-0.3636698513700251	-0.46461200086694016	-0.46441247588709783	0.00019952497984232487	0.0019766270169273804	0.0019766270169273804
just	0	3	10	attn	24	utterance_final	0	prompt_without	33	32	-0.3928044725347448	-0.7069280280007256	-0.7069935975251375	-6.556952441183483e-05	-0.00020873800538315863	0.0
just	0	5	4	attn	24	utterance_final	0	prompt_without	26	25	-0.5373304956837704	-0.9672020673751831	-0.9671908366052728	1.1230769910275384e-05	2.6125872585818486e-05	2.6125872585818486e-05
just	0	7	129	attn	24	utterance_final	0	prompt_without	34	33	-0.5193182362450494	-0.6508910589747958	-0.651286737786399	-0.00039567881160318397	-0.0030072989496920436	0.0
just	0	18	207	attn	24	utterance_final	0	prompt_without	54	53	-0.3636698513700251	-0.46461200086694016	-0.4648633693393908	-0.00025136847245066374	-0.002490223100097011	0.0
just	0	3	10	attn	25	utterance_final	0	prompt_without	33	32	-0.3928044725347448	-0.7069280280007256	-0.7077775310587	-0.0008495030579743768	-0.0027043596164388153	0.0
just	0	5	4	attn	25	utterance_final	0	prompt_without	26	25	-0.5373304956837704	-0.9672020673751831	-0.9668952916797838	0.00030677569539927507	0.0007136449944624318	0.0007136449944624318
just	0	7	129	attn	25	utterance_final	0	prompt_without	34	33	-0.5193182362450494	-0.6508910589747958	-0.6507043739159902	0.00018668505880559128	0.0014188724915406472	0.0014188724915406472
just	0	18	207	attn	25	utterance_final	0	prompt_without	54	53	-0.3636698513700251	-0.46461200086694016	-0.4646746087492558	-6.260788231565728e-05	-0.0006202352795902239	0.0
just	0	3	10	attn	26	utterance_final	0	prompt_without	33	32	-0.3928044725347448	-0.7069280280007256	-0.70688557183301	4.245616771558769e-05	0.00013515754223718393	0.00013515754223718393
just	0	5	4	attn	26	utterance_final	0	prompt_without	26	25	-0.5373304956837704	-0.9672020673751831	-0.9660648860429463	0.0011371813322368363	0.0026453978516475904	0.0026453978516475904
just	0	7	129	attn	26	utterance_final	0	prompt_without	34	33	-0.5193182362450494	-0.6508910589747958	-0.6508859131071303	5.145867665534709e-06	3.9110414740469896e-05	3.9110414740469896e-05
just	0	18	207	attn	26	utterance_final	0	prompt_without	54	53	-0.3636698513700251	-0.46461200086694016	-0.46517011366392436	-0.0005581127969842004	-0.005529036183257195	0.0
just	0	3	10	attn	27	utterance_final	0	prompt_without	33	32	-0.3928044725347448	-0.7069280280007256	-0.7064096751036467	0.0005183528970789109	0.0016501560868619667	0.0016501560868619667
just	0	5	4	attn	27	utterance_final	0	prompt_without	26	25	-0.5373304956837704	-0.9672020673751831	-0.9656629436894467	0.0015391236857363877	0.003580426776491426	0.003580426776491426
just	0	7	129	attn	27	utterance_final	0	prompt_without	34	33	-0.5193182362450494	-0.6508910589747958	-0.6514481504758199	-0.0005570915010241206	-0.004234092493161746	0.0
just	0	18	207	attn	27	utterance_final	0	prompt_without	54	53	-0.3636698513700251	-0.46461200086694016	-0.4649734057878193	-0.0003614049208791603	-0.0035803172676663222	0.0
just	0	3	10	attn	28	utterance_final	0	prompt_without	33	32	-0.3928044725347448	-0.7069280280007256	-0.7066025336583456	0.0003254943423800505	0.0010361984534945235	0.0010361984534945235
just	0	5	4	attn	28	utterance_final	0	prompt_without	26	25	-0.5373304956837704	-0.9672020673751831	-0.9657862562882272	0.001415811086955876	0.003293567614590316	0.003293567614590316
just	0	7	129	attn	28	utterance_final	0	prompt_without	34	33	-0.5193182362450494	-0.6508910589747958	-0.6509184605545468	-2.7401579751007432e-05	-0.0002082617001178951	0.0
just	0	18	207	attn	28	utterance_final	0	prompt_without	54	53	-0.3636698513700251	-0.46461200086694016	-0.4647986805229856	-0.0001866796560454631	-0.0018493727048200844	0.0
just	0	3	10	attn	29	utterance_final	0	prompt_without	33	32	-0.3928044725347448	-0.7069280280007256	-0.7068764545299389	5.157347078676988e-05	0.00016418211843509847	0.00016418211843509847
just	0	5	4	attn	29	utterance_final	0	prompt_without	26	25	-0.5373304956837704	-0.9672020673751831	-0.9676775053927773	-0.00047543801759419857	-0.0011060001379563109	0.0
just	0	7	129	attn	29	utterance_final	0	prompt_without	34	33	-0.5193182362450494	-0.6508910589747958	-0.6509771413273282	-8.60823525323795e-05	-0.0006542563330817535	0.0
just	0	18	207	attn	29	utterance_final	0	prompt_without	54	53	-0.3636698513700251	-0.46461200086694016	-0.4649599560520105	-0.00034795518507035883	-0.003447075248590708	0.0
just	0	3	10	attn	30	utterance_final	0	prompt_without	33	32	-0.3928044725347448	-0.7069280280007256	-0.7073953946431478	-0.0004673666424221956	-0.0014878433479109492	0.0
just	0	5	4	attn	30	utterance_final	0	prompt_without	26	25	-0.5373304956837704	-0.9672020673751831	-0.9669920708003797	0.00020999657480336165	0.0004885100309776001	0.0004885100309776001
just	0	7	129	attn	30	utterance_final	0	prompt_without	34	33	-0.5193182362450494	-0.6508910589747958	-0.6511788898044162	-0.00028783082962036133	-0.0021876161326383667	0.0
just	0	18	207	attn	30	utterance_final	0	prompt_without	54	53	-0.3636698513700251	-0.46461200086694016	-0.46531104414086594	-0.0006990432739257812	-0.006925187123612274	0.0
just	0	3	10	attn	31	utterance_final	0	prompt_without	33	32	-0.3928044725347448	-0.7069280280007256	-0.7069280280007256	0.0	0.0	0.0
just	0	5	4	attn	31	utterance_final	0	prompt_without	26	25	-0.5373304956837704	-0.9672020673751831	-0.9672020673751831	0.0	0.0	0.0
just	0	7	129	attn	31	utterance_final	0	prompt_without	34	33	-0.5193182362450494	-0.6508910589747958	-0.6508910589747958	0.0	0.0	0.0
just	0	18	207	attn	31	utterance_final	0	prompt_without	54	53	-0.3636698513700251	-0.46461200086694016	-0.46461200086694016	0.0	0.0	0.0
just	0	22	3	attn	0	utterance_final	0	prompt_without	40	39	-0.8287898812975202	-1.4369443825313024	-1.4349040814808436	0.002040301050458826	0.003354905778580283	0.003354905778580283
just	0	37	101	attn	0	utterance_final	0	prompt_without	21	20	-0.3864322785408266	-0.5383535738914244	-0.5374257795272335	0.0009277943641908815	0.0061070724946740065	0.0061070724946740065
just	0	43	47	attn	0	utterance_final	0	prompt_without	25	24	-0.49048052355647087	-0.6851614080369473	-0.6867453940212727	-0.001583985984325409	-0.00813632005295445	0.0
just	0	44	322	attn	0	utterance_final	0	prompt_without	28	27	-0.7742102278603448	-0.8606619371308221	-0.856978628370497	0.003683308760325077	0.04260538966096421	0.04260538966096421
just	0	22	3	attn	1	utterance_final	0	prompt_without	40	39	-0.8287898812975202	-1.4369443825313024	-1.4324277298791068	0.004516652652195585	0.007426817762645034	0.007426817762645034
just	0	37	101	attn	1	utterance_final	0	prompt_without	21	20	-0.3864322785408266	-0.5383535738914244	-0.5386594264738022	-0.000305852582377808	-0.002013230480111257	0.0
just	0	43	47	attn	1	utterance_final	0	prompt_without	25	24	-0.49048052355647087	-0.6851614080369473	-0.6823218949139118	0.002839513123035431	0.014585474740434479	0.014585474740434479
just	0	44	322	attn	1	utterance_final	0	prompt_without	28	27	-0.7742102278603448	-0.8606619371308221	-0.857257154252794	0.0034047828780280343	0.039383638643576774	0.039383638643576774
just	0	22	3	attn	2	utterance_final	0	prompt_without	40	39	-0.8287898812975202	-1.4369443825313024	-1.423115542956761	0.013828839574541396	0.02273902363048599	0.02273902363048599
just	0	37	101	attn	2	utterance_final	0	prompt_without	21	20	-0.3864322785408266	-0.5383535738914244	-0.5369062692888321	0.0014473046025922365	0.009526673658569105	0.009526673658569105
just	0	43	47	attn	2	utterance_final	0	prompt_without	25	24	-0.49048052355647087	-0.6851614080369473	-0.6656877920031548	0.019473616033792496	0.10002839305851527	0.10002839305851527
just	0	44	322	attn	2	utterance_final	0	prompt_without	28	27	-0.7742102278603448	-0.8606619371308221	-0.8564694192674425	0.004192517863379597	0.04849548839182194	0.04849548839182194
just	0	22	3	attn	3	utterance_final	0	prompt_without	40	39	-0.8287898812975202	-1.4369443825313024	-1.3778622491019112	0.05908213342939117	0.09714987443080562	0.09714987443080562
just	0	37	101	attn	3	utterance_final	0	prompt_without	21	20	-0.3864322785408266	-0.5383535738914244	-0.5373153763432656	0.0010381975481587036	0.006833785518763475	0.006833785518763475
just	0	43	47	attn	3	utterance_final	0	prompt_without	25	24	-0.49048052355647087	-0.6851614080369473	-0.6098705753684044	0.07529083266854286	0.38673972983769456	0.38673972983769456
just	0	44	322	attn	3	utterance_final	0	prompt_without	28	27	-0.7742102278603448	-0.8606619371308221	-0.8543332152896457	0.006328721841176388	0.07320528297914876	0.07320528297914876
just	0	22	3	attn	4	utterance_final	0	prompt_without	40	39	-0.8287898812975202	-1.4369443825313024	-1.3870524849210466	0.04989189761025581	0.08203819507878103	0.08203819507878103
just	0	37	101	attn	4	utterance_final	0	prompt_without	21	20	-0.3864322785408266	-0.5383535738914244	-0.5368364895543745	0.0015170843370498899	0.009985988689398843	0.009985988689398843
just	0	43	47	attn	4	utterance_final	0	prompt_without	25	24	-0.49048052355647087	-0.6851614080369473	-0.6163296177983284	0.06883179023861885	0.3535621405373349	0.3535621405373349
just	0	44	322	attn	4	utterance_final	0	prompt_without	28	27	-0.7742102278603448	-0.8606619371308221	-0.852326340145535	0.008335596985287075	0.09641911138168355	0.09641911138168355
just	0	22	3	attn	5	utterance_final	0	prompt_without	40	39	-0.8287898812975202	-1.4369443825313024	-1.3564999103546143	0.08044447217668815	0.1322763738712579	0.1322763738712579
just	0	37	101	attn	5	utterance_final	0	prompt_without	21	20	-0.3864322785408266	-0.5383535738914244	-0.5414261971750567	-0.0030726232836323364	-0.02022509929593124	0.0
just	0	43	47	attn	5	utterance_final	0	prompt_without	25	24	-0.49048052355647087	-0.6851614080369473	-0.6345591843128204	0.050602223724126816	0.25992394609857794	0.25992394609857794
just	0	44	322	attn	5	utterance_final	0	prompt_without	28	27	-0.7742102278603448	-0.8606619371308221	-0.8501764138539633	0.01048552327685881	0.12128763404842881	0.12128763404842881
just	0	22	3	attn	6	utterance_final	0	prompt_without	40	39	-0.8287898812975202	-1.4369443825313024	-1.3979864631380354	0.03895791939326698	0.06405924697462868	0.06405924697462868
just	0	37	101	attn	6	utterance_final	0	prompt_without	21	20	-0.3864322785408266	-0.5383535738914244	-0.5311921258126536	0.007161448078770727	0.04713919837402539	0.04713919837402539
just	0	43	47	attn	6	utterance_final	0	prompt_without	25	24	-0.49048052355647087	-0.6851614080369473	-0.6280979476869106	0.05706346035003662	0.2931128061304819	0.2931128061304819
just	0	44	322	attn	6	utterance_final	0	prompt_without	28	27	-0.7742102278603448	-0.8606619371308221	-0.853288835949368	0.007373101181454067	0.08528577680732952	0.08528577680732952
just	0	22	3	attn	7	utterance_final	0	prompt_without	40	39	-0.8287898812975202	-1.4369443825313024	-1.4470413752964564	-0.010096992765153967	-0.016602677024785444	0.0
just	0	37	101	attn	7	utterance_final	0	prompt_without	21	20	-0.3864322785408266	-0.5383535738914244	-0.5383273170840356	2.6256807388769232e-05	0.0001728316450183949	0.0001728316450183949
just	0	43	47	attn	7	utterance_final	0	prompt_without	25	24	-0.49048052355647087	-0.6851614080369473	-0.6379538774490356	0.047207530587911606	0.24248672751764605	0.24248672751764605
just	0	44	322	attn	7	utterance_final	0	prompt_without	28	27	-0.7742102278603448	-0.8606619371308221	-0.8557671970791287	0.004894740051693325	0.056618198679905654	0.056618198679905654
just	0	22	3	attn	8	utterance_final	0	prompt_without	40	39	-0.8287898812975202	-1.4369443825313024	-1.4373978206089564	-0.00045343807765396704	-0.0007455968454300066	0.0
just	0	37	101	attn	8	utterance_final	0	prompt_without	21	20	-0.3864322785408266	-0.5383535738914244	-0.5361345814120385	0.0022189924793858395	0.014606197730640327	0.014606197730640327
just	0	43	47	attn	8	utterance_final	0	prompt_without	25	24	-0.49048052355647087	-0.6851614080369473	-0.68027638271451	0.004885025322437286	0.025092475491229765	0.025092475491229765
just	0	44	322	attn	8	utterance_final	0	prompt_without	28	27	-0.7742102278603448	-0.8606619371308221	-0.8566746844185723	0.003987252712249756	0.04612115533511351	0.04612115533511351
just	0	22	3	attn	9	utterance_final	0	prompt_without	40	39	-0.8287898812975202	-1.4369443825313024	-1.4031134503228324	0.03383093220847	0.055628844544989994	0.055628844544989994
just	0	37	101	attn	9	utterance_final	0	prompt_without	21	20	-0.3864322785408266	-0.5383535738914244	-0.5377479753186626	0.0006055985727617674	0.003986265199781189	0.003986265199781189
just	0	43	47	attn	9	utterance_final	0	prompt_without	25	24	-0.49048052355647087	-0.6851614080369473	-0.6755396202206612	0.009621787816286087	0.04942338248545922	0.04942338248545922
just	0	44	322	attn	9	utterance_final	0	prompt_without	28	27	-0.7742102278603448	-0.8606619371308221	-0.8617134028010898	-0.0010514656702677039	-0.012162462479232585	0.0
just	0	22	3	attn	10	utterance_final	0	prompt_without	40	39	-0.8287898812975202	-1.4369443825313024	-1.4275624411446708	0.00938194138663162	0.015426904458650194	0.015426904458650194
just	0	37	101	attn	10	utterance_final	0	prompt_without	21	20	-0.3864322785408266	-0.5383535738914244	-0.5311737598911408	0.0071798140002835575	0.04726008940164891	0.04726008940164891
just	0	43	47	attn	10	utterance_final	0	prompt_without	25	24	-0.49048052355647087	-0.6851614080369473	-0.675983052700758	0.00917835533618927	0.04714564226828199	0.04714564226828199
just	0	44	322	attn	10	utterance_final	0	prompt_without	28	27	-0.7742102278603448	-0.8606619371308221	-0.8562186161677042	0.004443320963117836	0.05139656578930362	0.05139656578930362
just	0	22	3	attn	11	utterance_final	0	prompt_without	40	39	-0.8287898812975202	-1.4369443825313024	-1.433613657951355	0.0033307245799474305	0.00547677370337683	0.00547677370337683
just	0	37	101	attn	11	utterance_final	0	prompt_without	21	20	-0.3864322785408266	-0.5383535738914244	-0.5394798363408735	-0.0011262624494491336	-0.007413460021190521	0.0
just	0	43	47	attn	11	utterance_final	0	prompt_without	25	24	-0.49048052355647087	-0.6851614080369473	-0.6873513758182526	-0.002189967781305313	-0.011249012902059907	0.0
just	0	44	322	attn	11	utterance_final	0	prompt_without	28	27	-0.7742102278603448	-0.8606619371308221	-0.8560179935561286	0.004643943574693443	0.053717197888640475	0.053717197888640475
just	0	22	3	attn	12	utterance_final	0	prompt_without	40	39	-0.8287898812975202	-1.4369443825313024	-1.417849063873291	0.019095318658011395	0.031398795239157354	0.031398795239157354
just	0	37	101	attn	12	utterance_final	0	prompt_without	21	20	-0.3864322785408266	-0.5383535738914244	-0.5357543922239735	0.0025991816674508783	0.017108738188761446	0.017108738188761446
just	0	43	47	attn	12	utterance_final	0	prompt_without	25	24	-0.49048052355647087	-0.6851614080369473	-0.6951580718159676	-0.00999666377902031	-0.0513489745318207	0.0
just	0	44	322	attn	12	utterance_final	0	prompt_without	28	27	-0.7742102278603448	-0.8606619371308221	-0.8516764243443807	0.00898551278644133	0.10393678577630881	0.10393678577630881
just	0	22	3	attn	13	utterance_final	0	prompt_without	40	39	-0.8287898812975202	-1.4369443825313024	-1.3969052859715052	0.040039096559797205	0.06583704712958406	0.06583704712958406
just	0	37	101	attn	13	utterance_final	0	prompt_without	21	20	-0.3864322785408266	-0.5383535738914244	-0.5385981875081216	-0.00024461361669725346	-0.0016101338270763437	0.0
just	0	43	47	attn	13	utterance_final	0	prompt_without	25	24	-0.49048052355647087	-0.6851614080369473	-0.6712810285389423	0.013880379498004913	0.0712981119591991	0.0712981119591991
just	0	44	322	attn	13	utterance_final	0	prompt_without	28	27	-0.7742102278603448	-0.8606619371308221	-0.8574758304489983	0.0031861066818237305	0.03685417799959874	0.03685417799959874
just	0	22	3	attn	14	utterance_final	0	prompt_without	40	39	-0.8287898812975202	-1.4369443825313024	-1.452063696725028	-0.015119314193725586	-0.024860975563039584	0.0
just	0	37	101	attn	14	utterance_final	0	prompt_without	21	20	-0.3864322785408266	-0.5383535738914244	-0.5370297854946505	0.0013237883967738284	0.008713646060737198	0.008713646060737198
just	0	43	47	attn	14	utterance_final	0	prompt_without	25	24	-0.49048052355647087	-0.6851614080369473	-0.6942388080060482	-0.009077399969100952	-0.04662707380503647	0.0
just	0	44	322	attn	14	utterance_final	0	prompt_without	28	27	-0.7742102278603448	-0.8606619371308221	-0.8614971770180596	-0.0008352398872375488	-0.00966134613515129	0.0
just	0	22	3	attn	15	utterance_final	0	prompt_without	40	39	-0.8287898812975202	-1.4369443825313024	-1.4209008387156896	0.016043543815612793	0.026380703888674258	0.026380703888674258
just	0	37	101	attn	15	utterance_final	0	prompt_without	21	20	-0.3864322785408266	-0.5383535738914244	-0.5363305884022866	0.0020229854891377075	0.013316010006820601	0.013316010006820601
just	0	43	47	attn	15	utterance_final	0	prompt_without	25	24	-0.49048052355647087	-0.6851614080369473	-0.679973341524601	0.005188066512346268	0.02664908024324573	0.02664908024324573
just	0	44	322	attn	15	utterance_final	0	prompt_without	28	27	-0.7742102278603448	-0.8606619371308221	-0.8584172195858426	0.0022447175449794576	0.02596498743543078	0.02596498743543078
just	0	22	3	attn	16	utterance_final	0	prompt_without	40	39	-0.8287898812975202	-1.4369443825313024	-1.4377640315464564	-0.000819649015153967	-0.0013477644471776814	0.0
just	0	37	101	attn	16	utterance_final	0	prompt_without	21	20	-0.3864322785408266	-0.5383535738914244	-0.5368286063594203	0.0015249675320040401	0.010037878682411065	0.010037878682411065
just	0	43	47	attn	16	utterance_final	0	prompt_without	25	24	-0.49048052355647087	-0.6851614080369473	-0.6848478354513645	0.00031357258558273315	0.0016107004363552697	0.0016107004363552697
just	0	44	322	attn	16	utterance_final	0	prompt_without	28	27	-0.7742102278603448	-0.8606619371308221	-0.8565945956442091	0.004067341486612919	0.04704755430442241	0.04704755430442241
just	0	22	3	attn	17	utterance_final	0	prompt_without	40	39	-0.8287898812975202	-1.4369443825313024	-1.4370839084897722	-0.00013952595846977722	-0.0002294251842035478	0.0
just	0	37	101	attn	17	utterance_final	0	prompt_without	21	20	-0.3864322785408266	-0.5383535738914244	-0.537683210065288	0.0006703638261363887	0.004412573132616797	0.004412573132616797
just	0	43	47	attn	17	utterance_final	0	prompt_without	25	24	-0.49048052355647087	-0.6851614080369473	-0.6872846446931362	-0.002123236656188965	-0.010906241061391387	0.0
just	0	44	322	attn	17	utterance_final	0	prompt_without	28	27	-0.7742102278603448	-0.8606619371308221	-0.8599206142955356	0.0007413228352864953	0.008574993386968837	0.008574993386968837
just	0	22	3	attn	18	utterance_final	0	prompt_without	40	39	-0.8287898812975202	-1.4369443825313024	-1.4382697003228324	-0.0013253177915300007	-0.002179245222786786	0.0
just	0	37	101	attn	18	utterance_final	0	prompt_without	21	20	-0.3864322785408266	-0.5383535738914244	-0.537757154433958	0.0005964194574663573	0.003925844998161482	0.003925844998161482
just	0	43	47	attn	18	utterance_final	0	prompt_without	25	24	-0.49048052355647087	-0.6851614080369473	-0.6872533746063709	-0.0020919665694236755	-0.010745618785358811	0.0
just	0	44	322	attn	18	utterance_final	0	prompt_without	28	27	-0.7742102278603448	-0.8606619371308221	-0.8593674765692817	0.001294460561540367	0.014973221148126183	0.014973221148126183
just	0	22	3	attn	19	utterance_final	0	prompt_without	40	39	-0.8287898812975202	-1.4369443825313024	-1.4375722067696708	-0.0006278242383683796	-0.0010323433224529175	0.0
just	0	37	101	attn	19	utterance_final	0	prompt_without	21	20	-0.3864322785408266	-0.5383535738914244	-0.5373938083648682	0.0009597655265561889	0.00631751805657845	0.00631751805657845
just	0	43	47	attn	19	utterance_final	0	prompt_without	25	24	-0.49048052355647087	-0.6851614080369473	-0.6847763434052467	0.00038506463170051575	0.001977927276877212	0.001977927276877212
just	0	44	322	attn	19	utterance_final	0	prompt_without	28	27	-0.7742102278603448	-0.8606619371308221	-0.8603225615289476	0.0003393756018744698	0.003925608929404527	0.003925608929404527
just	0	22	3	attn	20	utterance_final	0	prompt_without	40	39	-0.8287898812975202	-1.4369443825313024	-1.4445476531982422	-0.0076032706669397765	-0.012502202403360958	0.0
just	0	37	101	attn	20	utterance_final	0	prompt_without	21	20	-0.3864322785408266	-0.5383535738914244	-0.5382730076389928	8.056625243157978e-05	0.0005303157285859911	0.0005303157285859911
just	0	43	47	attn	20	utterance_final	0	prompt_without	25	24	-0.49048052355647087	-0.6851614080369473	-0.683877557516098	0.001283850520849228	0.0065946408877034825	0.0065946408877034825
just	0	44	322	attn	20	utterance_final	0	prompt_without	28	27	-0.7742102278603448	-0.8606619371308221	-0.859251340230306	0.0014105969005160368	0.01631658775077275	0.01631658775077275
just	0	22	3	attn	21	utterance_final	0	prompt_without	40	39	-0.8287898812975202	-1.4369443825313024	-1.4368048736027308	0.0001395089285716189	0.0002293971816184748	0.0002293971816184748
just	0	37	101	attn	21	utterance_final	0	prompt_without	21	20	-0.3864322785408266	-0.5383535738914244	-0.53741628508414	0.0009372888072843866	0.006169568296013735	0.006169568296013735
just	0	43	47	attn	21	utterance_final	0	prompt_without	25	24	-0.49048052355647087	-0.6851614080369473	-0.6863191984593868	-0.0011577904224395752	-0.005947119181881899	0.0
just	0	44	322	attn	21	utterance_final	0	prompt_without	28	27	-0.7742102278603448	-0.8606619371308221	-0.8587614960140653	0.0019004411167568014	0.021982689906234046	0.021982689906234046
just	0	22	3	attn	22	utterance_final	0	prompt_without	40	39	-0.8287898812975202	-1.4369443825313024	-1.4368048736027308	0.0001395089285716189	0.0002293971816184748	0.0002293971816184748
just	0	37	101	attn	22	utterance_final	0	prompt_without	21	20	-0.3864322785408266	-0.5383535738914244	-0.5386001986842002	-0.00024662479277581806	-0.001623372103342507	0.0
just	0	43	47	attn	22	utterance_final	0	prompt_without	25	24	-0.49048052355647087	-0.6851614080369473	-0.6857507787644863	-0.0005893707275390625	-0.0030273682447655393	0.0
just	0	44	322	attn	22	utterance_final	0	prompt_without	28	27	-0.7742102278603448	-0.8606619371308221	-0.8594311210844252	0.0012308160463968543	0.01423703541298483	0.01423703541298483
just	0	22	3	attn	23	utterance_final	0	prompt_without	40	39	-0.8287898812975202	-1.4369443825313024	-1.4356888362339564	0.001255546297346033	0.002064518629392476	0.002064518629392476
just	0	37	101	attn	23	utterance_final	0	prompt_without	21	20	-0.3864322785408266	-0.5383535738914244	-0.5392046282368321	-0.0008510543454077757	-0.005601942396842703	0.0
just	0	43	47	attn	23	utterance_final	0	prompt_without	25	24	-0.49048052355647087	-0.6851614080369473	-0.6852084957063198	-4.7087669372558594e-05	-0.00024187104706358982	0.0
just	0	44	322	attn	23	utterance_final	0	prompt_without	28	27	-0.7742102278603448	-0.8606619371308221	-0.8596082329750061	0.0010537041558159599	0.012188355380219106	0.012188355380219106
just	0	22	3	attn	24	utterance_final	0	prompt_without	40	39	-0.8287898812975202	-1.4369443825313024	-1.4368746621268136	6.972040448882666e-05	0.00011464258563799606	0.00011464258563799606
just	0	37	101	attn	24	utterance_final	0	prompt_without	21	20	-0.3864322785408266	-0.5383535738914244	-0.5390903565191454	-0.0007367826277210332	-0.004849765307889961	0.0
just	0	43	47	attn	24	utterance_final	0	prompt_without	25	24	-0.49048052355647087	-0.6851614080369473	-0.6867088004946709	-0.0015473924577236176	-0.007948353336553688	0.0
just	0	44	322	attn	24	utterance_final	0	prompt_without	28	27	-0.7742102278603448	-0.8606619371308221	-0.8592090871598985	0.001452849970923542	0.016805335408442652	0.016805335408442652
just	0	22	3	attn	25	utterance_final	0	prompt_without	40	39	-0.8287898812975202	-1.4369443825313024	-1.4381302424839564	-0.001185859952653967	-0.001949932048925356	0.0
just	0	37	101	attn	25	utterance_final	0	prompt_without	21	20	-0.3864322785408266	-0.5383535738914244	-0.5381735717096636	0.00018000218176073002	0.0011848383819090562	0.0011848383819090562
just	0	43	47	attn	25	utterance_final	0	prompt_without	25	24	-0.49048052355647087	-0.6851614080369473	-0.6861279234290123	-0.0009665153920650482	-0.004964613730024303	0.0
just	0	44	322	attn	25	utterance_final	0	prompt_without	28	27	-0.7742102278603448	-0.8606619371308221	-0.860036744011773	0.0006251931190490723	0.007231703390537493	0.007231703390537493
just	0	22	3	attn	26	utterance_final	0	prompt_without	40	39	-0.8287898812975202	-1.4369443825313024	-1.4376419271741594	-0.0006975446428569843	-0.0011469859080905484	0.0
just	0	37	101	attn	26	utterance_final	0	prompt_without	21	20	-0.3864322785408266	-0.5383535738914244	-0.537782657531	0.0005709163604243894	0.003757974542718663	0.003757974542718663
just	0	43	47	attn	26	utterance_final	0	prompt_without	25	24	-0.49048052355647087	-0.6851614080369473	-0.6856752634048462	-0.000513855367898941	-0.002639475207184366	0.0
just	0	44	322	attn	26	utterance_final	0	prompt_without	28	27	-0.7742102278603448	-0.8606619371308221	-0.8604605992635092	0.0002013378673129118	0.0023289055706579003	0.0023289055706579003
just	0	22	3	attn	27	utterance_final	0	prompt_without	40	39	-0.8287898812975202	-1.4369443825313024	-1.4370838914598738	-0.00013950892857139685	-0.00022939718161810968	0.0
just	0	37	101	attn	27	utterance_final	0	prompt_without	21	20	-0.3864322785408266	-0.5383535738914244	-0.5391577020768197	-0.0008041281853953253	-0.005293057721365469	0.0
just	0	43	47	attn	27	utterance_final	0	prompt_without	25	24	-0.49048052355647087	-0.6851614080369473	-0.6858048923313618	-0.0006434842944145203	-0.003305328595212193	0.0
just	0	44	322	attn	27	utterance_final	0	prompt_without	28	27	-0.7742102278603448	-0.8606619371308221	-0.8600358896785312	0.0006260474522908899	0.007241585592393615	0.007241585592393615
just	0	22	3	attn	28	utterance_final	0	prompt_without	40	39	-0.8287898812975202	-1.4369443825313024	-1.437990699495588	-0.0010463169642855874	-0.0017204788621360053	0.0
just	0	37	101	attn	28	utterance_final	0	prompt_without	21	20	-0.3864322785408266	-0.5383535738914244	-0.5384685339466218	-0.00011496005519739949	-0.0007567079712695932	0.0
just	0	43	47	attn	28	utterance_final	0	prompt_without	25	24	-0.49048052355647087	-0.6851614080369473	-0.6849241331219673	0.0002372749149799347	0.001218788971568135	0.001218788971568135
just	0	44	322	attn	28	utterance_final	0	prompt_without	28	27	-0.7742102278603448	-0.8606619371308221	-0.859080950419108	0.0015809867117140275	0.018287512474364973	0.018287512474364973
just	0	22	3	attn	29	utterance_final	0	prompt_without	40	39	-0.8287898812975202	-1.4369443825313024	-1.4357585736683436	0.001185808862958826	0.0019498480411690418	0.0019498480411690418
just	0	37	101	attn	29	utterance_final	0	prompt_without	21	20	-0.3864322785408266	-0.5383535738914244	-0.5379599409718667	0.00039363291955762936	0.002591031880351069	0.002591031880351069
just	0	43	47	attn	29	utterance_final	0	prompt_without	25	24	-0.49048052355647087	-0.6851614080369473	-0.6854462586343288	-0.0002848505973815918	-0.0014631667517935388	0.0
just	0	44	322	attn	29	utterance_final	0	prompt_without	28	27	-0.7742102278603448	-0.8606619371308221	-0.85869918929206	0.0019627478387620467	0.02270340118575669	0.02270340118575669
just	0	22	3	attn	30	utterance_final	0	prompt_without	40	39	-0.8287898812975202	-1.4369443825313024	-1.4368746280670166	6.975446428580945e-05	0.0001146985908092374	0.0001146985908092374
just	0	37	101	attn	30	utterance_final	0	prompt_without	21	20	-0.3864322785408266	-0.5383535738914244	-0.538361576295668	-8.002404243701022e-06	-5.2674670955335146e-05	0.0
just	0	43	47	attn	30	utterance_final	0	prompt_without	25	24	-0.49048052355647087	-0.6851614080369473	-0.6864440962672234	-0.0012826882302761078	-0.006588670652997483	0.0
just	0	44	322	attn	30	utterance_final	0	prompt_without	28	27	-0.7742102278603448	-0.8606619371308221	-0.8600676986906264	0.0005942384401956824	0.006873645937254025	0.006873645937254025
just	0	22	3	attn	31	utterance_final	0	prompt_without	40	39	-0.8287898812975202	-1.4369443825313024	-1.4369443825313024	0.0	0.0	0.0
just	0	37	101	attn	31	utterance_final	0	prompt_without	21	20	-0.3864322785408266	-0.5383535738914244	-0.5383535738914244	0.0	0.0	0.0
just	0	43	47	attn	31	utterance_final	0	prompt_without	25	24	-0.49048052355647087	-0.6851614080369473	-0.6851614080369473	0.0	0.0	0.0
just	0	44	322	attn	31	utterance_final	0	prompt_without	28	27	-0.7742102278603448	-0.8606619371308221	-0.8606619371308221	0.0	0.0	0.0
just	0	45	223	attn	0	utterance_final	0	prompt_without	26	25	-0.48405303863378674	-0.5882273224683908	-0.5893697096751287	-0.0011423872067378715	-0.010966115289562463	0.0
just	0	47	131	attn	0	utterance_final	0	prompt_without	34	33	-0.7697456815968389	-0.911123047704282	-0.9124364645584769	-0.0013134168541949487	-0.0092901494090418	0.0
just	0	48	0	attn	0	utterance_final	0	prompt_without	47	46	-1.4387734153053977	-2.273581764914773	-2.278564453125	-0.004982688210227071	-0.005968661205363576	0.0
just	0	49	85	attn	0	utterance_final	0	prompt_without	28	27	-0.43339972836630686	-0.5950829778398786	-0.5950338057109288	4.9172128949837024e-05	0.000304126303188102	0.000304126303188102
just	0	45	223	attn	1	utterance_final	0	prompt_without	26	25	-0.48405303863378674	-0.5882273224683908	-0.5837240952711839	0.0045032271972069715	0.04322782006696275	0.04322782006696275
just	0	47	131	attn	1	utterance_final	0	prompt_without	34	33	-0.7697456815968389	-0.911123047704282	-0.9117578630862029	-0.0006348153819208946	-0.004490219328590769	0.0
just	0	48	0	attn	1	utterance_final	0	prompt_without	47	46	-1.4387734153053977	-2.273581764914773	-2.2640325372869317	0.009549227627841272	0.011438826207607484	0.011438826207607484
just	0	49	85	attn	1	utterance_final	0	prompt_without	28	27	-0.43339972836630686	-0.5950829778398786	-0.5951262746538435	-4.3296813964865954e-05	-0.00026778787602201867	0.0
just	0	45	223	attn	2	utterance_final	0	prompt_without	26	25	-0.48405303863378674	-0.5882273224683908	-0.5776518674997183	0.010575454968672515	0.10151694429176977	0.10151694429176977
just	0	47	131	attn	2	utterance_final	0	prompt_without	34	33	-0.7697456815968389	-0.911123047704282	-0.9141720481540846	-0.003049000449802608	-0.02156639732194082	0.0
just	0	48	0	attn	2	utterance_final	0	prompt_without	47	46	-1.4387734153053977	-2.273581764914773	-2.2501054243607954	0.023476340553977515	0.028121832472042953	0.028121832472042953
just	0	49	85	attn	2	utterance_final	0	prompt_without	28	27	-0.43339972836630686	-0.5950829778398786	-0.5961619649614607	-0.0010789871215820535	-0.006673462619629137	0.0
just	0	45	223	attn	3	utterance_final	0	prompt_without	26	25	-0.48405303863378674	-0.5882273224683908	-0.5642256599206191	0.024001662547771696	0.23039911256677098	0.23039911256677098
just	0	47	131	attn	3	utterance_final	0	prompt_without	34	33	-0.7697456815968389	-0.911123047704282	-0.8983584901560908	0.012764557548191169	0.09028713647480487	0.09028713647480487
just	0	48	0	attn	3	utterance_final	0	prompt_without	47	46	-1.4387734153053977	-2.273581764914773	-2.292990944602273	-0.0194091796875	-0.023249862913544136	0.0
just	0	49	85	attn	3	utterance_final	0	prompt_without	28	27	-0.43339972836630686	-0.5950829778398786	-0.5945760250091553	0.0005069528307233284	0.0031354690877003514	0.0031354690877003514
just	0	45	223	attn	4	utterance_final	0	prompt_without	26	25	-0.48405303863378674	-0.5882273224683908	-0.5688150387543899	0.019412283714000944	0.18634429726266732	0.18634429726266732
just	0	47	131	attn	4	utterance_final	0	prompt_without	34	33	-0.7697456815968389	-0.911123047704282	-0.9007160352623981	0.010407012441883912	0.07361158810933607	0.07361158810933607
just	0	48	0	attn	4	utterance_final	0	prompt_without	47	46	-1.4387734153053977	-2.273581764914773	-2.3223710493607954	-0.048789284446022485	-0.058443694853857225	0.0
just	0	49	85	attn	4	utterance_final	0	prompt_without	28	27	-0.43339972836630686	-0.5950829778398786	-0.5953588213239397	-0.00027584348406106685	-0.001706073356140429	0.0
just	0	45	223	attn	5	utterance_final	0	prompt_without	26	25	-0.48405303863378674	-0.5882273224683908	-0.5755928846505972	0.012634437817793609	0.12128173434677134	0.12128173434677134
just	0	47	131	attn	5	utterance_final	0	prompt_without	34	33	-0.7697456815968389	-0.911123047704282	-0.8957102609717328	0.0154127867325492	0.10901877122845734	0.10901877122845734
just	0	48	0	attn	5	utterance_final	0	prompt_without	47	46	-1.4387734153053977	-2.273581764914773	-2.24676513671875	0.02681662819602293	0.03212309532909081	0.03212309532909081
just	0	49	85	attn	5	utterance_final	0	prompt_without	28	27	-0.43339972836630686	-0.5950829778398786	-0.5964322294507708	-0.001349251610892166	-0.008345030269277897	0.0
just	0	45	223	attn	6	utterance_final	0	prompt_without	26	25	-0.48405303863378674	-0.5882273224683908	-0.593580411030696	-0.005353088562305208	-0.05138589261438288	0.0
just	0	47	131	attn	6	utterance_final	0	prompt_without	34	33	-0.7697456815968389	-0.911123047704282	-0.9008352238198986	0.010287823884383429	0.07276853549927469	0.07276853549927469
just	0	48	0	attn	6	utterance_final	0	prompt_without	47	46	-1.4387734153053977	-2.273581764914773	-2.279441139914773	-0.005859375	-0.007018826539937852	0.0
just	0	49	85	attn	6	utterance_final	0	prompt_without	28	27	-0.43339972836630686	-0.5950829778398786	-0.5926806620189122	0.002402315820966394	0.014858161428522434	0.014858161428522434
just	0	45	223	attn	7	utterance_final	0	prompt_without	26	25	-0.48405303863378674	-0.5882273224683908	-0.5883127175844632	-8.539511607241757e-05	-0.0008197331714609921	0.0
just	0	47	131	attn	7	utterance_final	0	prompt_without	34	33	-0.7697456815968389	-0.911123047704282	-0.9023479171421217	0.008775130562160283	0.062068850225229205	0.062068850225229205
just	0	48	0	attn	7	utterance_final	0	prompt_without	47	46	-1.4387734153053977	-2.273581764914773	-2.227200594815341	0.0463811700994321	0.05555906349180006	0.05555906349180006
just	0	49	85	attn	7	utterance_final	0	prompt_without	28	27	-0.43339972836630686	-0.5950829778398786	-0.5913591691425868	0.0037238086972918305	0.023031505795537047	0.023031505795537047
just	0	45	223	attn	8	utterance_final	0	prompt_without	26	25	-0.48405303863378674	-0.5882273224683908	-0.5939047382428095	-0.005677415774418715	-0.054499206190201994	0.0
just	0	47	131	attn	8	utterance_final	0	prompt_without	34	33	-0.7697456815968389	-0.911123047704282	-0.9062960044197415	0.004827043284540533	0.03414297081240081	0.03414297081240081
just	0	48	0	attn	8	utterance_final	0	prompt_without	47	46	-1.4387734153053977	-2.273581764914773	-2.3588145862926138	-0.08523282137784083	-0.10209866901513755	0.0
just	0	49	85	attn	8	utterance_final	0	prompt_without	28	27	-0.43339972836630686	-0.5950829778398786	-0.5937516825539725	0.0013312952859061422	0.008233971609555952	0.008233971609555952
just	0	45	223	attn	9	utterance_final	0	prompt_without	26	25	-0.48405303863378674	-0.5882273224683908	-0.5868964103552011	0.0013309121131896973	0.012775822057032482	0.012775822057032482
just	0	47	131	attn	9	utterance_final	0	prompt_without	34	33	-0.7697456815968389	-0.911123047704282	-0.9119295037311056	-0.0008064560268236098	-0.005704279610151488	0.0
just	0	48	0	attn	9	utterance_final	0	prompt_without	47	46	-1.4387734153053977	-2.273581764914773	-2.2612471147017046	0.012334650213068343	0.014775427460494366	0.014775427460494366
just	0	49	85	attn	9	utterance_final	0	prompt_without	28	27	-0.43339972836630686	-0.5950829778398786	-0.5936030490057809	0.0014799288340977546	0.009153260086720728	0.009153260086720728
just	0	45	223	attn	10	utterance_final	0	prompt_without	26	25	-0.48405303863378674	-0.5882273224683908	-0.5878116121658912	0.00041571030249965	0.003990527097452063	0.003990527097452063
just	0	47	131	attn	10	utterance_final	0	prompt_without	34	33	-0.7697456815968389	-0.911123047704282	-0.9019623217375382	0.009160725966743777	0.06479626986247476	0.06479626986247476
just	0	48	0	attn	10	utterance_final	0	prompt_without	47	46	-1.4387734153053977	-2.273581764914773	-2.2820268110795454	-0.008445046164772485	-0.010116149615326803	0.0
just	0	49	85	attn	10	utterance_final	0	prompt_without	28	27	-0.43339972836630686	-0.5950829778398786	-0.5893555436815534	0.0057274341583252175	0.035423794220943126	0.035423794220943126
just	0	45	223	attn	11	utterance_final	0	prompt_without	26	25	-0.48405303863378674	-0.5882273224683908	-0.5866012481542734	0.0016260743141174316	0.015609171997756422	0.015609171997756422
just	0	47	131	attn	11	utterance_final	0	prompt_without	34	33	-0.7697456815968389	-0.911123047704282	-0.9205733174863069	-0.0094502697820249	-0.06684429086649515	0.0
just	0	48	0	attn	11	utterance_final	0	prompt_without	47	46	-1.4387734153053977	-2.273581764914773	-2.329434481534091	-0.0558527166193179	-0.06690483707482392	0.0
just	0	49	85	attn	11	utterance_final	0	prompt_without	28	27	-0.43339972836630686	-0.5950829778398786	-0.5968690974371774	-0.0017861195972987964	-0.011047029318833364	0.0
just	0	45	223	attn	12	utterance_final	0	prompt_without	26	25	-0.48405303863378674	-0.5882273224683908	-0.5863540722773626	0.0018732501910282418	0.01798188691176771	0.01798188691176771
just	0	47	131	attn	12	utterance_final	0	prompt_without	34	33	-0.7697456815968389	-0.911123047704282	-0.9018968084584111	0.009226239245870849	0.06525966284347912	0.06525966284347912
just	0	48	0	attn	12	utterance_final	0	prompt_without	47	46	-1.4387734153053977	-2.273581764914773	-2.2458329634232954	0.027748801491477515	0.033239726824080974	0.033239726824080974
just	0	49	85	attn	12	utterance_final	0	prompt_without	28	27	-0.43339972836630686	-0.5950829778398786	-0.5902293239321027	0.004853653907775923	0.030019522267019295	0.030019522267019295
just	0	45	223	attn	13	utterance_final	0	prompt_without	26	25	-0.48405303863378674	-0.5882273224683908	-0.5943886454288776	-0.00616132296048677	-0.059144375499321965	0.0
just	0	47	131	attn	13	utterance_final	0	prompt_without	34	33	-0.7697456815968389	-0.911123047704282	-0.9072091890418011	0.00391385866248084	0.027683771244588117	0.027683771244588117
just	0	48	0	attn	13	utterance_final	0	prompt_without	47	46	-1.4387734153053977	-2.273581764914773	-2.2115312056107954	0.062050559303977515	0.07432910719330048	0.07432910719330048
just	0	49	85	attn	13	utterance_final	0	prompt_without	28	27	-0.43339972836630686	-0.5950829778398786	-0.5947100639343261	0.0003729139055524966	0.0023064473701924944	0.0023064473701924944
just	0	45	223	attn	14	utterance_final	0	prompt_without	26	25	-0.48405303863378674	-0.5882273224683908	-0.5822883064930255	0.0059390159753652805	0.057010384489847465	0.057010384489847465
just	0	47	131	attn	14	utterance_final	0	prompt_without	34	33	-0.7697456815968389	-0.911123047704282	-0.9115900371385657	-0.00046698943428369333	-0.0033031414231383654	0.0
just	0	48	0	attn	14	utterance_final	0	prompt_without	47	46	-1.4387734153053977	-2.273581764914773	-2.3068126331676138	-0.03323086825284083	-0.039806583473189106	0.0
just	0	49	85	attn	14	utterance_final	0	prompt_without	28	27	-0.43339972836630686	-0.5950829778398786	-0.5939265557697841	0.001156422070094476	0.007152392556802869	0.007152392556802869
just	0	45	223	attn	15	utterance_final	0	prompt_without	26	25	-0.48405303863378674	-0.5882273224683908	-0.5908172497382531	-0.002589927269862291	-0.024861483799344174	0.0
just	0	47	131	attn	15	utterance_final	0	prompt_without	34	33	-0.7697456815968389	-0.911123047704282	-0.9137450301128885	-0.00262198240860656	-0.0185459842745544	0.0
just	0	48	0	attn	15	utterance_final	0	prompt_without	47	46	-1.4387734153053977	-2.273581764914773	-2.253928444602273	0.0196533203125	0.02354231401937488	0.02354231401937488
just	0	49	85	attn	15	utterance_final	0	prompt_without	28	27	-0.43339972836630686	-0.5950829778398786	-0.5960312843322754	-0.0009483064923967444	-0.005865211736431309	0.0
just	0	45	223	attn	16	utterance_final	0	prompt_without	26	25	-0.48405303863378674	-0.5882273224683908	-0.5861149109326876	0.0021124115357031847	0.02027766794209047	0.02027766794209047
just	0	47	131	attn	16	utterance_final	0	prompt_without	34	33	-0.7697456815968389	-0.911123047704282	-0.9109553876130477	0.0001676600912342563	0.0011859047586644032	0.0011859047586644032
just	0	48	0	attn	16	utterance_final	0	prompt_without	47	46	-1.4387734153053977	-2.273581764914773	-2.2741532759232954	-0.000571511008522485	-0.0006846014522853147	0.0
just	0	49	85	attn	16	utterance_final	0	prompt_without	28	27	-0.43339972836630686	-0.5950829778398786	-0.596581050327846	-0.0014980724879674057	-0.009265477362961311	0.0
just	0	45	223	attn	17	utterance_final	0	prompt_without	26	25	-0.48405303863378674	-0.5882273224683908	-0.5883867465532743	-0.00015942408488345272	-0.0015303593076441773	0.0
just	0	47	131	attn	17	utterance_final	0	prompt_without	34	33	-0.7697456815968389	-0.911123047704282	-0.9118553451869799	-0.0007322974826978745	-0.005179736352856846	0.0
just	0	48	0	attn	17	utterance_final	0	prompt_without	47	46	-1.4387734153053977	-2.273581764914773	-2.273642800071023	-6.103515625e-05	-7.311277645768596e-05	0.0
just	0	49	85	attn	17	utterance_final	0	prompt_without	28	27	-0.43339972836630686	-0.5950829778398786	-0.5953049387250627	-0.00022196088518411372	-0.0013728131139546075	0.0
just	0	45	223	attn	18	utterance_final	0	prompt_without	26	25	-0.48405303863378674	-0.5882273224683908	-0.589313649214231	-0.0010863267458401937	-0.010427974216409666	0.0
just	0	47	131	attn	18	utterance_final	0	prompt_without	34	33	-0.7697456815968389	-0.911123047704282	-0.9106551460597826	0.0004679016444993911	0.0033095937304688365	0.0033095937304688365
just	0	48	0	attn	18	utterance_final	0	prompt_without	47	46	-1.4387734153053977	-2.273581764914773	-2.2784257368607954	-0.004843971946022485	-0.005802495804323332	0.0
just	0	49	85	attn	18	utterance_final	0	prompt_without	28	27	-0.43339972836630686	-0.5950829778398786	-0.5955150604248047	-0.00043208258492610785	-0.0026724016639505673	0.0
just	0	45	223	attn	19	utterance_final	0	prompt_without	26	25	-0.48405303863378674	-0.5882273224683908	-0.5881317257881165	9.559668027436796e-05	0.000917661026843682	0.000917661026843682
just	0	47	131	attn	19	utterance_final	0	prompt_without	34	33	-0.7697456815968389	-0.911123047704282	-0.9100903842760169	0.0010326634282651348	0.007304305184751691	0.007304305184751691
just	0	48	0	attn	19	utterance_final	0	prompt_without	47	46	-1.4387734153053977	-2.273581764914773	-2.2759843306107954	-0.002402565696022485	-0.0028779847460158937	0.0
just	0	49	85	attn	19	utterance_final	0	prompt_without	28	27	-0.43339972836630686	-0.5950829778398786	-0.5963249615260533	-0.0012419836861746747	-0.0076815853851186075	0.0
just	0	45	223	attn	20	utterance_final	0	prompt_without	26	25	-0.48405303863378674	-0.5882273224683908	-0.5885926118263831	-0.00036528935799229334	-0.0035065214230054864	0.0
just	0	47	131	attn	20	utterance_final	0	prompt_without	34	33	-0.7697456815968389	-0.911123047704282	-0.9115578195323115	-0.0004347718280295343	-0.0030752576596958176	0.0
just	0	48	0	attn	20	utterance_final	0	prompt_without	47	46	-1.4387734153053977	-2.273581764914773	-2.275668057528409	-0.0020862926136362425	-0.0024991276316443933	0.0
just	0	49	85	attn	20	utterance_final	0	prompt_without	28	27	-0.43339972836630686	-0.5950829778398786	-0.5962280409676688	-0.001145063127790169	-0.007082138264281591	0.0
just	0	45	223	attn	21	utterance_final	0	prompt_without	26	25	-0.48405303863378674	-0.5882273224683908	-0.5884814583338224	-0.0002541358654315484	-0.0024395259182682363	0.0
just	0	47	131	attn	21	utterance_final	0	prompt_without	34	33	-0.7697456815968389	-0.911123047704282	-0.9104894969774329	0.0006335507268491192	0.004481274084337072	0.004481274084337072
just	0	48	0	attn	21	utterance_final	0	prompt_without	47	46	-1.4387734153053977	-2.273581764914773	-2.276461514559659	-0.0028797496448862425	-0.0034495937255943107	0.0
just	0	49	85	attn	21	utterance_final	0	prompt_without	28	27	-0.43339972836630686	-0.5950829778398786	-0.5951883724757603	-0.00010539463588166154	-0.0006518587189756413	0.0
just	0	45	223	attn	22	utterance_final	0	prompt_without	26	25	-0.48405303863378674	-0.5882273224683908	-0.5888612407904404	-0.0006339183220496203	-0.006085170914696018	0.0
just	0	47	131	attn	22	utterance_final	0	prompt_without	34	33	-0.7697456815968389	-0.911123047704282	-0.9107013370679773	0.0004217106363046952	0.0029828723501908083	0.0029828723501908083
just	0	48	0	attn	22	utterance_final	0	prompt_without	47	46	-1.4387734153053977	-2.273581764914773	-2.275917746803977	-0.0023359818892041417	-0.0027982253535164064	0.0
just	0	49	85	attn	22	utterance_final	0	prompt_without	28	27	-0.43339972836630686	-0.5950829778398786	-0.5953904015677316	-0.00030742372785297345	-0.001901395035378875	0.0
just	0	45	223	attn	23	utterance_final	0	prompt_without	26	25	-0.48405303863378674	-0.5882273224683908	-0.5884949473234323	-0.0002676248550415039	-0.002569010749969808	0.0
just	0	47	131	attn	23	utterance_final	0	prompt_without	34	33	-0.7697456815968389	-0.911123047704282	-0.9107273972552755	0.0003956504490064683	0.002798541661228745	0.002798541661228745
just	0	48	0	attn	23	utterance_final	0	prompt_without	47	46	-1.4387734153053977	-2.273581764914773	-2.2775934392755683	-0.004011674360795414	-0.004805503398082401	0.0
just	0	49	85	attn	23	utterance_final	0	prompt_without	28	27	-0.43339972836630686	-0.5950829778398786	-0.5961930411202567	-0.001110063280378104	-0.006865666567145235	0.0
just	0	45	223	attn	24	utterance_final	0	prompt_without	26	25	-0.48405303863378674	-0.5882273224683908	-0.5883728724259597	-0.00014554995756888012	-0.0013971774243244865	0.0
just	0	47	131	attn	24	utterance_final	0	prompt_without	34	33	-0.7697456815968389	-0.911123047704282	-0.911724857662035	-0.0006018099577530522	-0.004256763117907377	0.0
just	0	48	0	attn	24	utterance_final	0	prompt_without	47	46	-1.4387734153053977	-2.273581764914773	-2.277621182528409	-0.0040394176136362425	-0.004838736478290344	0.0
just	0	49	85	attn	24	utterance_final	0	prompt_without	28	27	-0.43339972836630686	-0.5950829778398786	-0.5956668581281389	-0.0005838802882602856	-0.0036112602273974262	0.0
just	0	45	223	attn	25	utterance_final	0	prompt_without	26	25	-0.48405303863378674	-0.5882273224683908	-0.5885703563690186	-0.00034303390062773165	-0.003292884654454273	0.0
just	0	47	131	attn	25	utterance_final	0	prompt_without	34	33	-0.7697456815968389	-0.911123047704282	-0.9111150865969451	7.961107336917905e-06	5.6311045792631836e-05	5.6311045792631836e-05
just	0	48	0	attn	25	utterance_final	0	prompt_without	47	46	-1.4387734153053977	-2.273581764914773	-2.2752186168323862	-0.0016368519176133134	-0.0019607517322739183	0.0
just	0	49	85	attn	25	utterance_final	0	prompt_without	28	27	-0.43339972836630686	-0.5950829778398786	-0.5956281798226493	-0.0005452019827706378	-0.003372037514991649	0.0
just	0	45	223	attn	26	utterance_final	0	prompt_without	26	25	-0.48405303863378674	-0.5882273224683908	-0.5890123981695908	-0.0007850757012000109	-0.0075361756500909914	0.0
just	0	47	131	attn	26	utterance_final	0	prompt_without	34	33	-0.7697456815968389	-0.911123047704282	-0.9115628574205481	-0.0004398097162661152	-0.0031108919933610256	0.0
just	0	48	0	attn	26	utterance_final	0	prompt_without	47	46	-1.4387734153053977	-2.273581764914773	-2.276467063210227	-0.0028852982954541417	-0.00345624034163558	0.0
just	0	49	85	attn	26	utterance_final	0	prompt_without	28	27	-0.43339972836630686	-0.5950829778398786	-0.59495393208095	0.00012904575892858094	0.0007981393208557103	0.0007981393208557103
just	0	45	223	attn	27	utterance_final	0	prompt_without	26	25	-0.48405303863378674	-0.5882273224683908	-0.5888371788538419	-0.0006098563854510797	-0.005854193213551046	0.0
just	0	47	131	attn	27	utterance_final	0	prompt_without	34	33	-0.7697456815968389	-0.911123047704282	-0.911023471666419	9.957603786303615e-05	0.0007043280024566376	0.0007043280024566376
just	0	48	0	attn	27	utterance_final	0	prompt_without	47	46	-1.4387734153053977	-2.273581764914773	-2.2784867720170454	-0.004905007102272485	-0.005875608580781018	0.0
just	0	49	85	attn	27	utterance_final	0	prompt_without	28	27	-0.43339972836630686	-0.5950829778398786	-0.5958498546055385	-0.0007668767656598963	-0.004743081105536832	0.0
just	0	45	223	attn	28	utterance_final	0	prompt_without	26	25	-0.48405303863378674	-0.5882273224683908	-0.5892033989612873	-0.0009760764928964383	-0.009369649177969296	0.0
just	0	47	131	attn	28	utterance_final	0	prompt_without	34	33	-0.7697456815968389	-0.911123047704282	-0.9112769002499788	-0.00015385254569677542	-0.001088240288617709	0.0
just	0	48	0	attn	28	utterance_final	0	prompt_without	47	46	-1.4387734153053977	-2.273581764914773	-2.274020108309659	-0.0004383433948862425	-0.0005250826672868723	0.0
just	0	49	85	attn	28	utterance_final	0	prompt_without	28	27	-0.43339972836630686	-0.5950829778398786	-0.5951798030308315	-9.682519095288722e-05	-0.0005988572797005416	0.0
just	0	45	223	attn	29	utterance_final	0	prompt_without	26	25	-0.48405303863378674	-0.5882273224683908	-0.5882293902910672	-2.0678226764214713e-06	-1.9849646191996114e-05	0.0
just	0	47	131	attn	29	utterance_final	0	prompt_without	34	33	-0.7697456815968389	-0.911123047704282	-0.9112818137459133	-0.0001587660416313419	-0.001122994762193291	0.0
just	0	48	0	attn	29	utterance_final	0	prompt_without	47	46	-1.4387734153053977	-2.273581764914773	-2.2805286754261362	-0.006946910511363313	-0.008321563284092597	0.0
just	0	49	85	attn	29	utterance_final	0	prompt_without	28	27	-0.43339972836630686	-0.5950829778398786	-0.5952242578778948	-0.00014128003801616718	-0.0008738075123809308	0.0
just	0	45	223	attn	30	utterance_final	0	prompt_without	26	25	-0.48405303863378674	-0.5882273224683908	-0.5883227036549494	-9.538118655860739e-05	-0.0009155924384375192	0.0
just	0	47	131	attn	30	utterance_final	0	prompt_without	34	33	-0.7697456815968389	-0.911123047704282	-0.9111018180847168	2.122961956518843e-05	0.00015016278878087508	0.00015016278878087508
just	0	48	0	attn	30	utterance_final	0	prompt_without	47	46	-1.4387734153053977	-2.273581764914773	-2.2742198597301138	-0.0006380948153408283	-0.000764360844784802	0.0
just	0	49	85	attn	30	utterance_final	0	prompt_without	28	27	-0.43339972836630686	-0.5950829778398786	-0.5952785083225796	-0.0001955304827009341	-0.0012093428560940376	0.0
just	0	45	223	attn	31	utterance_final	0	prompt_without	26	25	-0.48405303863378674	-0.5882273224683908	-0.5882273224683908	0.0	0.0	0.0
just	0	47	131	attn	31	utterance_final	0	prompt_without	34	33	-0.7697456815968389	-0.911123047704282	-0.911123047704282	0.0	0.0	0.0
just	0	48	0	attn	31	utterance_final	0	prompt_without	47	46	-1.4387734153053977	-2.273581764914773	-2.273581764914773	0.0	0.0	0.0
just	0	49	85	attn	31	utterance_final	0	prompt_without	28	27	-0.43339972836630686	-0.5950829778398786	-0.5950829778398786	0.0	0.0	0.0
just	0	52	1	attn	0	utterance_final	0	prompt_without	35	34	-1.1226771218436105	-1.905785015651158	-1.9086939947945731	-0.002908979143415147	-0.003714659456784945	0.0
just	0	52	1	attn	1	utterance_final	0	prompt_without	35	34	-1.1226771218436105	-1.905785015651158	-1.9032624108450753	0.0025226048060826844	0.003221273627849072	0.003221273627849072
just	0	52	1	attn	2	utterance_final	0	prompt_without	35	34	-1.1226771218436105	-1.905785015651158	-1.89326354435512	0.012521471296037978	0.015989458662148525	0.015989458662148525
just	0	52	1	attn	3	utterance_final	0	prompt_without	35	34	-1.1226771218436105	-1.905785015651158	-1.8446914127894811	0.061093602861676866	0.0780142855726224	0.0780142855726224
just	0	52	1	attn	4	utterance_final	0	prompt_without	35	34	-1.1226771218436105	-1.905785015651158	-1.8736133575439453	0.032171658107212675	0.04108202504611582	0.04108202504611582
just	0	52	1	attn	5	utterance_final	0	prompt_without	35	34	-1.1226771218436105	-1.905785015651158	-1.8493633270263672	0.0564216886247908	0.07204842279198975	0.07204842279198975
just	0	52	1	attn	6	utterance_final	0	prompt_without	35	34	-1.1226771218436105	-1.905785015651158	-1.8521709442138672	0.0536140714372908	0.06846319882770421	0.06846319882770421
just	0	52	1	attn	7	utterance_final	0	prompt_without	35	34	-1.1226771218436105	-1.905785015651158	-1.8597040176391602	0.04608099801199783	0.058843740915376926	0.058843740915376926
just	0	52	1	attn	8	utterance_final	0	prompt_without	35	34	-1.1226771218436105	-1.905785015651158	-1.8558295113699776	0.04995550428118034	0.06379134302719357	0.06379134302719357
just	0	52	1	attn	9	utterance_final	0	prompt_without	35	34	-1.1226771218436105	-1.905785015651158	-1.9042166301182337	0.0015683855329242657	0.0020027706850184093	0.0020027706850184093
just	0	52	1	attn	10	utterance_final	0	prompt_without	35	34	-1.1226771218436105	-1.905785015651158	-1.8790810448782784	0.02670397077287956	0.034099989265900806	0.034099989265900806
just	0	52	1	attn	11	utterance_final	0	prompt_without	35	34	-1.1226771218436105	-1.905785015651158	-1.915905135018485	-0.01012011936732704	-0.012923020502477667	0.0
just	0	52	1	attn	12	utterance_final	0	prompt_without	35	34	-1.1226771218436105	-1.905785015651158	-1.8888653346470423	0.016919681004115672	0.02160581081854573	0.02160581081854573
just	0	52	1	attn	13	utterance_final	0	prompt_without	35	34	-1.1226771218436105	-1.905785015651158	-1.8924819401332311	0.013303075517926866	0.0169875385283706	0.0169875385283706
just	0	52	1	attn	14	utterance_final	0	prompt_without	35	34	-1.1226771218436105	-1.905785015651158	-1.9191998073032923	-0.013414791652134328	-0.01713019592601767	0.0
just	0	52	1	attn	15	utterance_final	0	prompt_without	35	34	-1.1226771218436105	-1.905785015651158	-1.9419738224574499	-0.036188806806291884	-0.04621177629858684	0.0
just	0	52	1	attn	16	utterance_final	0	prompt_without	35	34	-1.1226771218436105	-1.905785015651158	-1.923424175807408	-0.01763916015625	-0.02252455925388093	0.0
just	0	52	1	attn	17	utterance_final	0	prompt_without	35	34	-1.1226771218436105	-1.905785015651158	-1.9103691918509347	-0.0045841761997766906	-0.005853824531748717	0.0
just	0	52	1	attn	18	utterance_final	0	prompt_without	35	34	-1.1226771218436105	-1.905785015651158	-1.9023757662091936	0.0034092494419644126	0.004353486242346896	0.004353486242346896
just	0	52	1	attn	19	utterance_final	0	prompt_without	35	34	-1.1226771218436105	-1.905785015651158	-1.9069795608520508	-0.0011945452008927937	-0.0015253903202083656	0.0
just	0	52	1	attn	20	utterance_final	0	prompt_without	35	34	-1.1226771218436105	-1.905785015651158	-1.9078912734985352	-0.0021062578473771687	-0.0026896138629586993	0.0
just	0	52	1	attn	21	utterance_final	0	prompt_without	35	34	-1.1226771218436105	-1.905785015651158	-1.9027959278651647	0.002989087785993272	0.0038169552492441795	0.0038169552492441795
just	0	52	1	attn	22	utterance_final	0	prompt_without	35	34	-1.1226771218436105	-1.905785015651158	-1.9047038214547294	0.0010811941964286031	0.0013806452533273936	0.0013806452533273936
just	0	52	1	attn	23	utterance_final	0	prompt_without	35	34	-1.1226771218436105	-1.905785015651158	-1.9055517741612025	0.00023324148995551575	0.00029784081069783716	0.00029784081069783716
just	0	52	1	attn	24	utterance_final	0	prompt_without	35	34	-1.1226771218436105	-1.905785015651158	-1.9066716602870397	-0.0008866446358817281	-0.0011322126144978246	0.0
just	0	52	1	attn	25	utterance_final	0	prompt_without	35	34	-1.1226771218436105	-1.905785015651158	-1.9053648539951868	0.00042016165597114075	0.0005365309931027173	0.0005365309931027173
just	0	52	1	attn	26	utterance_final	0	prompt_without	35	34	-1.1226771218436105	-1.905785015651158	-1.9085424968174525	-0.0027574811662944843	-0.0035212021077802446	0.0
just	0	52	1	attn	27	utterance_final	0	prompt_without	35	34	-1.1226771218436105	-1.905785015651158	-1.9057643072945731	2.070835658485315e-05	2.644381029562489e-05	2.644381029562489e-05
just	0	52	1	attn	28	utterance_final	0	prompt_without	35	34	-1.1226771218436105	-1.905785015651158	-1.9062820162091936	-0.0004970005580355874	-0.0006346514470938632	0.0
just	0	52	1	attn	29	utterance_final	0	prompt_without	35	34	-1.1226771218436105	-1.905785015651158	-1.9077452250889368	-0.0019602094377788593	-0.0025031154114002457	0.0
just	0	52	1	attn	30	utterance_final	0	prompt_without	35	34	-1.1226771218436105	-1.905785015651158	-1.9069185256958008	-0.0011335100446427937	-0.0014474506688108538	0.0
just	0	52	1	attn	31	utterance_final	0	prompt_without	35	34	-1.1226771218436105	-1.905785015651158	-1.905785015651158	0.0	0.0	0.0
just	1	0	395	attn	0	utterance_final	0	prompt_without	28	27	-0.23950936848467047	-0.29986687140031293	-0.30022902380336414	-0.000362152403051208	-0.006000122363533885	0.0
just	1	16	450	attn	0	utterance_final	0	prompt_without	32	31	-0.5017534557141756	-0.5530560612678528	-0.5520557510225397	0.0010003102453131074	0.019498234729354975	0.019498234729354975
just	1	30	145	attn	0	utterance_final	0	prompt_without	47	46	-0.5030654114346171	-0.6247752627661062	-0.6265694762385169	-0.0017942134724107106	-0.014741727582297259	0.0
just	1	33	69	attn	0	utterance_final	0	prompt_without	81	80	-0.9029102040373761	-1.072480357211569	-1.0709352389625881	0.001545118248980959	0.009111970591863047	0.009111970591863047
just	1	0	395	attn	1	utterance_final	0	prompt_without	28	27	-0.23950936848467047	-0.29986687140031293	-0.29966916008429095	0.00019771131602197567	0.0032756709020633806	0.0032756709020633806
just	1	16	450	attn	1	utterance_final	0	prompt_without	32	31	-0.5017534557141756	-0.5530560612678528	-0.5521743924994218	0.0008816687684309876	0.017185652832164843	0.017185652832164843
just	1	30	145	attn	1	utterance_final	0	prompt_without	47	46	-0.5030654114346171	-0.6247752627661062	-0.6243773449298947	0.0003979178362114588	0.003269397110080182	0.003269397110080182
just	1	33	69	attn	1	utterance_final	0	prompt_without	81	80	-0.9029102040373761	-1.072480357211569	-1.070088961850042	0.0023913953615271044	0.014102690342388938	0.014102690342388938
just	1	0	395	attn	2	utterance_final	0	prompt_without	28	27	-0.23950936848467047	-0.29986687140031293	-0.30032956329259003	-0.0004626918922771006	-0.007665855443419741	0.0
just	1	16	450	attn	2	utterance_final	0	prompt_without	32	31	-0.5017534557141756	-0.5530560612678528	-0.5541211805845562	-0.001065119316703389	-0.020761505292142917	0.0
just	1	30	145	attn	2	utterance_final	0	prompt_without	47	46	-0.5030654114346171	-0.6247752627661062	-0.6263047429018243	-0.0015294801357180754	-0.012566609185581718	0.0
just	1	33	69	attn	2	utterance_final	0	prompt_without	81	80	-0.9029102040373761	-1.072480357211569	-1.0722839832305908	0.00019637398097827052	0.0011580692551273629	0.0011580692551273629
just	1	0	395	attn	3	utterance_final	0	prompt_without	28	27	-0.23950936848467047	-0.29986687140031293	-0.29947567798874597	0.0003911934115669591	0.006481272297061449	0.006481272297061449
just	1	16	450	attn	3	utterance_final	0	prompt_without	32	31	-0.5017534557141756	-0.5530560612678528	-0.5519189395402607	0.0011371217275920609	0.022164989776246494	0.022164989776246494
just	1	30	145	attn	3	utterance_final	0	prompt_without	47	46	-0.5030654114346171	-0.6247752627661062	-0.622975654380266	0.0017996083858401457	0.014786053603325263	0.014786053603325263
just	1	33	69	attn	3	utterance_final	0	prompt_without	81	80	-0.9029102040373761	-1.072480357211569	-1.0707894460014675	0.0016909112101015644	0.009971750207505889	0.009971750207505889
just	1	0	395	attn	4	utterance_final	0	prompt_without	28	27	-0.23950936848467047	-0.29986687140031293	-0.3002753068100322	-0.0004084354097192988	-0.0067669368345165135	0.0
just	1	16	450	attn	4	utterance_final	0	prompt_without	32	31	-0.5017534557141756	-0.5530560612678528	-0.55118905870538	0.0018670025624727415	0.036391963767207186	0.036391963767207186
just	1	30	145	attn	4	utterance_final	0	prompt_without	47	46	-0.5030654114346171	-0.6247752627661062	-0.6248473372570303	-7.207449092416773e-05	-0.0005921828852445608	0.0
just	1	33	69	attn	4	utterance_final	0	prompt_without	81	80	-0.9029102040373761	-1.072480357211569	-1.0713452463564666	0.001135110855102539	0.006694048650982126	0.006694048650982126
just	1	0	395	attn	5	utterance_final	0	prompt_without	28	27	-0.23950936848467047	-0.29986687140031293	-0.2968101284720681	0.0030567429282448155	0.05064395941821873	0.05064395941821873
just	1	16	450	attn	5	utterance_final	0	prompt_without	32	31	-0.5017534557141756	-0.5530560612678528	-0.5512658828183225	0.001790178449530333	0.03489449376323188	0.03489449376323188
just	1	30	145	attn	5	utterance_final	0	prompt_without	47	46	-0.5030654114346171	-0.6247752627661062	-0.6208871187165727	0.003888144049533526	0.031946009357482284	0.031946009357482284
just	1	33	69	attn	5	utterance_final	0	prompt_without	81	80	-0.9029102040373761	-1.072480357211569	-1.0699780712956968	0.0025022859158723154	0.01475664124276524	0.01475664124276524
just	1	0	395	attn	6	utterance_final	0	prompt_without	28	27	-0.23950936848467047	-0.29986687140031293	-0.30021877451376483	-0.0003519031134519013	-0.00583031266127315	0.0
just	1	16	450	attn	6	utterance_final	0	prompt_without	32	31	-0.5017534557141756	-0.5530560612678528	-0.5551675965911463	-0.0021115353232935563	-0.041158442159127534	0.0
just	1	30	145	attn	6	utterance_final	0	prompt_without	47	46	-0.5030654114346171	-0.6247752627661062	-0.6191973270371903	0.00557793572891585	0.04582978015250204	0.04582978015250204
just	1	33	69	attn	6	utterance_final	0	prompt_without	81	80	-0.9029102040373761	-1.072480357211569	-1.0714945274850596	0.0009858297265095128	0.005813698390051033	0.005813698390051033
just	1	0	395	attn	7	utterance_final	0	prompt_without	28	27	-0.23950936848467047	-0.29986687140031293	-0.2992292452942241	0.0006376261060888067	0.010564156489044501	0.010564156489044501
just	1	16	450	attn	7	utterance_final	0	prompt_without	32	31	-0.5017534557141756	-0.5530560612678528	-0.5506140872051841	0.0024419740626686615	0.04759941598119534	0.04759941598119534
just	1	30	145	attn	7	utterance_final	0	prompt_without	47	46	-0.5030654114346171	-0.6247752627661062	-0.6177941727083783	0.006981090057727846	0.057358463438708374	0.057358463438708374
just	1	33	69	attn	7	utterance_final	0	prompt_without	81	80	-0.9029102040373761	-1.072480357211569	-1.069445506386135	0.003034850825434088	0.017897317237877946	0.017897317237877946
just	1	0	395	attn	8	utterance_final	0	prompt_without	28	27	-0.23950936848467047	-0.29986687140031293	-0.2984578988768838	0.0014089725234291417	0.023343784208541	0.023343784208541
just	1	16	450	attn	8	utterance_final	0	prompt_without	32	31	-0.5017534557141756	-0.5530560612678528	-0.5483010568116841	0.004755004456168721	0.09268543780283499	0.09268543780283499
just	1	30	145	attn	8	utterance_final	0	prompt_without	47	46	-0.5030654114346171	-0.6247752627661062	-0.6224662536798522	0.002309009086253977	0.018971423109910457	0.018971423109910457
just	1	33	69	attn	8	utterance_final	0	prompt_without	81	80	-0.9029102040373761	-1.072480357211569	-1.070452182189278	0.0020281750222910233	0.011960684025611252	0.011960684025611252
just	1	0	395	attn	9	utterance_final	0	prompt_without	28	27	-0.23950936848467047	-0.29986687140031293	-0.2982662455602126	0.0016006258401003448	0.026519086489337203	0.026519086489337203
just	1	16	450	attn	9	utterance_final	0	prompt_without	32	31	-0.5017534557141756	-0.5530560612678528	-0.5516163110733032	0.0014397501945495605	0.028063880557551237	0.028063880557551237
just	1	30	145	attn	9	utterance_final	0	prompt_without	47	46	-0.5030654114346171	-0.6247752627661062	-0.6251279087953789	-0.0003526460292727629	-0.0028974320929231598	0.0
just	1	33	69	attn	9	utterance_final	0	prompt_without	81	80	-0.9029102040373761	-1.072480357211569	-1.0705847662428152	0.001895590968753913	0.011178800828272203	0.011178800828272203
just	1	0	395	attn	10	utterance_final	0	prompt_without	28	27	-0.23950936848467047	-0.29986687140031293	-0.29816779494285583	0.0016990764574570938	0.028150211247668352	0.028150211247668352
just	1	16	450	attn	10	utterance_final	0	prompt_without	32	31	-0.5017534557141756	-0.5530560612678528	-0.5502562460146452	0.002799815253207605	0.05457452351573448	0.05457452351573448
just	1	30	145	attn	10	utterance_final	0	prompt_without	47	46	-0.5030654114346171	-0.6247752627661062	-0.6232405374216479	0.0015347253444583098	0.012609705193693243	0.012609705193693243
just	1	33	69	attn	10	utterance_final	0	prompt_without	81	80	-0.9029102040373761	-1.072480357211569	-1.0706034976503123	0.0018768595612568273	0.0110683367687284	0.0110683367687284
just	1	0	395	attn	11	utterance_final	0	prompt_without	28	27	-0.23950936848467047	-0.29986687140031293	-0.2995941801504655	0.0002726912498474121	0.004517934584347102	0.004517934584347102
just	1	16	450	attn	11	utterance_final	0	prompt_without	32	31	-0.5017534557141756	-0.5530560612678528	-0.5512722542411402	0.0017838070267125472	0.03477030079585677	0.03477030079585677
just	1	30	145	attn	11	utterance_final	0	prompt_without	47	46	-0.5030654114346171	-0.6247752627661062	-0.6233715068462283	0.001403755919877847	0.011533626115889144	0.011533626115889144
just	1	33	69	attn	11	utterance_final	0	prompt_without	81	80	-0.9029102040373761	-1.072480357211569	-1.06919489995293	0.0032854572586391573	0.019375209594014647	0.019375209594014647
just	1	0	395	attn	12	utterance_final	0	prompt_without	28	27	-0.23950936848467047	-0.29986687140031293	-0.29868647998029535	0.0011803914200175791	0.01955666425874727	0.01955666425874727
just	1	16	450	attn	12	utterance_final	0	prompt_without	32	31	-0.5017534557141756	-0.5530560612678528	-0.5513352155685425	0.0017208456993103027	0.03354304680509467	0.03354304680509467
just	1	30	145	attn	12	utterance_final	0	prompt_without	47	46	-0.5030654114346171	-0.6247752627661062	-0.6136438236680142	0.011131439098092	0.09145881764142826	0.09145881764142826
just	1	33	69	attn	12	utterance_final	0	prompt_without	81	80	-0.9029102040373761	-1.072480357211569	-1.0692724559618079	0.0032079012497612247	0.01891784131648374	0.01891784131648374
just	1	0	395	attn	13	utterance_final	0	prompt_without	28	27	-0.23950936848467047	-0.29986687140031293	-0.3003485175696286	-0.00048164616931567483	-0.007979888929282556	0.0
just	1	16	450	attn	13	utterance_final	0	prompt_without	32	31	-0.5017534557141756	-0.5530560612678528	-0.5533163767111929	-0.00026031544334015333	-0.005074117396781906	0.0
just	1	30	145	attn	13	utterance_final	0	prompt_without	47	46	-0.5030654114346171	-0.6247752627661062	-0.6231670545977216	0.001608208168384584	0.013213459311559482	0.013213459311559482
just	1	33	69	attn	13	utterance_final	0	prompt_without	81	80	-0.9029102040373761	-1.072480357211569	-1.0695423665254011	0.0029379906861679572	0.01732610740257969	0.01732610740257969
just	1	0	395	attn	14	utterance_final	0	prompt_without	28	27	-0.23950936848467047	-0.29986687140031293	-0.30052747509696265	-0.0006606036966497197	-0.01094484802615178	0.0
just	1	16	450	attn	14	utterance_final	0	prompt_without	32	31	-0.5017534557141756	-0.5530560612678528	-0.5514385010066786	0.0016175602611742113	0.03152978769239667	0.03152978769239667
just	1	30	145	attn	14	utterance_final	0	prompt_without	47	46	-0.5030654114346171	-0.6247752627661062	-0.6245447785355324	0.00023048423057381306	0.0018937187750403708	0.0018937187750403708
just	1	33	69	attn	14	utterance_final	0	prompt_without	81	80	-0.9029102040373761	-1.072480357211569	-1.0706625762193098	0.0018177809922592658	0.010719934836597856	0.010719934836597856
just	1	0	395	attn	15	utterance_final	0	prompt_without	28	27	-0.23950936848467047	-0.29986687140031293	-0.2998267276720567	4.0143728256225586e-05	0.0006650992224169996	0.0006650992224169996
just	1	16	450	attn	15	utterance_final	0	prompt_without	32	31	-0.5017534557141756	-0.5530560612678528	-0.5536414071133262	-0.0005853458454734284	-0.011409670895974078	0.0
just	1	30	145	attn	15	utterance_final	0	prompt_without	47	46	-0.5030654114346171	-0.6247752627661062	-0.6256174819414005	-0.0008422191752943675	-0.006919893222122988	0.0
just	1	33	69	attn	15	utterance_final	0	prompt_without	81	80	-0.9029102040373761	-1.072480357211569	-1.071469291396763	0.0010110658148061447	0.005962522271047989	0.005962522271047989
just	1	0	395	attn	16	utterance_final	0	prompt_without	28	27	-0.23950936848467047	-0.29986687140031293	-0.3001875308426944	-0.0003206594423814657	-0.005312669127972862	0.0
just	1	16	450	attn	16	utterance_final	0	prompt_without	32	31	-0.5017534557141756	-0.5530560612678528	-0.5531949495014391	-0.00013888823358632063	-0.0027072354724947435	0.0
just	1	30	145	attn	16	utterance_final	0	prompt_without	47	46	-0.5030654114346171	-0.6247752627661062	-0.6247812176859656	-5.954919859441077e-06	-4.89271804565947e-05	0.0
just	1	33	69	attn	16	utterance_final	0	prompt_without	81	80	-0.9029102040373761	-1.072480357211569	-1.071786828663038	0.0006935285485309972	0.004089921106685335	0.004089921106685335
just	1	0	395	attn	17	utterance_final	0	prompt_without	28	27	-0.23950936848467047	-0.29986687140031293	-0.30016958713531494	-0.00030271573500201265	-0.005015378708179788	0.0
just	1	16	450	attn	17	utterance_final	0	prompt_without	32	31	-0.5017534557141756	-0.5530560612678528	-0.5529428940070303	0.00011316726082244433	0.0022058774520533676	0.0022058774520533676
just	1	30	145	attn	17	utterance_final	0	prompt_without	47	46	-0.5030654114346171	-0.6247752627661062	-0.6248610768207284	-8.581405462226854e-05	-0.0007050707373599967	0.0
just	1	33	69	attn	17	utterance_final	0	prompt_without	81	80	-0.9029102040373761	-1.072480357211569	-1.0718774640041848	0.0006028932073842697	0.0035554205507200335	0.0035554205507200335
just	1	0	395	attn	18	utterance_final	0	prompt_without	28	27	-0.23950936848467047	-0.29986687140031293	-0.30067497762766754	-0.0008081062273546102	-0.013388662358746764	0.0
just	1	16	450	attn	18	utterance_final	0	prompt_without	32	31	-0.5017534557141756	-0.5530560612678528	-0.5527349584981015	0.00032110276975128027	0.006258995352883494	0.006258995352883494
just	1	30	145	attn	18	utterance_final	0	prompt_without	47	46	-0.5030654114346171	-0.6247752627661062	-0.6252814392710841	-0.0005061765049779732	-0.004158878672847529	0.0
just	1	33	69	attn	18	utterance_final	0	prompt_without	81	80	-0.9029102040373761	-1.072480357211569	-1.071808555851812	0.0006718013597570849	0.003961790133355419	0.003961790133355419
just	1	0	395	attn	19	utterance_final	0	prompt_without	28	27	-0.23950936848467047	-0.29986687140031293	-0.30051051486622204	-0.0006436434659091161	-0.010663851796663829	0.0
just	1	16	450	attn	19	utterance_final	0	prompt_without	32	31	-0.5017534557141756	-0.5530560612678528	-0.5527499004414207	0.0003061608264320892	0.005967744194040157	0.005967744194040157
just	1	30	145	attn	19	utterance_final	0	prompt_without	47	46	-0.5030654114346171	-0.6247752627661062	-0.6251014304715533	-0.00032616770544713347	-0.0026798792528205696	0.0
just	1	33	69	attn	19	utterance_final	0	prompt_without	81	80	-0.9029102040373761	-1.072480357211569	-1.0716895486997522	0.0007908085118168984	0.004663606755161274	0.004663606755161274
just	1	0	395	attn	20	utterance_final	0	prompt_without	28	27	-0.23950936848467047	-0.29986687140031293	-0.3004964048212225	-0.0006295334209095449	-0.010430077297753696	0.0
just	1	16	450	attn	20	utterance_final	0	prompt_without	32	31	-0.5017534557141756	-0.5530560612678528	-0.5523324263723273	0.0007236348955255156	0.014105226970750775	0.014105226970750775
just	1	30	145	attn	20	utterance_final	0	prompt_without	47	46	-0.5030654114346171	-0.6247752627661062	-0.6254339828047641	-0.0006587200386579672	-0.005412216278728965	0.0
just	1	33	69	attn	20	utterance_final	0	prompt_without	81	80	-0.9029102040373761	-1.072480357211569	-1.0713837146759033	0.0010966425356657705	0.006467190806504911	0.006467190806504911
just	1	0	395	attn	21	utterance_final	0	prompt_without	28	27	-0.23950936848467047	-0.29986687140031293	-0.2997910190712322	7.585232908075001e-05	0.001256717481946919	0.001256717481946919
just	1	16	450	attn	21	utterance_final	0	prompt_without	32	31	-0.5017534557141756	-0.5530560612678528	-0.5531850833641855	-0.00012902209633269823	-0.002514922876533129	0.0
just	1	30	145	attn	21	utterance_final	0	prompt_without	47	46	-0.5030654114346171	-0.6247752627661062	-0.6250277951706288	-0.0002525324045226096	-0.0020748723440209634	0.0
just	1	33	69	attn	21	utterance_final	0	prompt_without	81	80	-0.9029102040373761	-1.072480357211569	-1.071683583052262	0.0007967741593071231	0.004698787754756742	0.004698787754756742
just	1	0	395	attn	22	utterance_final	0	prompt_without	28	27	-0.23950936848467047	-0.29986687140031293	-0.3003481084650213	-0.000481237064708373	-0.007973110905216955	0.0
just	1	16	450	attn	22	utterance_final	0	prompt_without	32	31	-0.5017534557141756	-0.5530560612678528	-0.553284416073247	-0.00022835480539418196	-0.0044511346534876805	0.0
just	1	30	145	attn	22	utterance_final	0	prompt_without	47	46	-0.5030654114346171	-0.6247752627661062	-0.6254505307175392	-0.0006752679514330229	-0.005548178262036182	0.0
just	1	33	69	attn	22	utterance_final	0	prompt_without	81	80	-0.9029102040373761	-1.072480357211569	-1.0719776412715083	0.0005027159400607939	0.0029646487347591934	0.0029646487347591934
just	1	0	395	attn	23	utterance_final	0	prompt_without	28	27	-0.23950936848467047	-0.29986687140031293	-0.30020357262004504	-0.0003367012197321162	-0.005578448468994823	0.0
just	1	16	450	attn	23	utterance_final	0	prompt_without	32	31	-0.5017534557141756	-0.5530560612678528	-0.5529922152820387	6.384598581410383e-05	0.001244497918284145	0.001244497918284145
just	1	30	145	attn	23	utterance_final	0	prompt_without	47	46	-0.5030654114346171	-0.6247752627661062	-0.624775905941808	-6.431757018088291e-07	-5.284499937947301e-06	0.0
just	1	33	69	attn	23	utterance_final	0	prompt_without	81	80	-0.9029102040373761	-1.072480357211569	-1.0715724592623503	0.00090789794921875	0.005354114106897697	0.005354114106897697
just	1	0	395	attn	24	utterance_final	0	prompt_without	28	27	-0.23950936848467047	-0.29986687140031293	-0.29957461086186493	0.00029226053844799704	0.004842157550097285	0.004842157550097285
just	1	16	450	attn	24	utterance_final	0	prompt_without	32	31	-0.5017534557141756	-0.5530560612678528	-0.5532643983238622	-0.0002083370560094222	-0.004060944931762622	0.0
just	1	30	145	attn	24	utterance_final	0	prompt_without	47	46	-0.5030654114346171	-0.6247752627661062	-0.6251595824263817	-0.0003843196602755228	-0.003157670936831477	0.0
just	1	33	69	attn	24	utterance_final	0	prompt_without	81	80	-0.9029102040373761	-1.072480357211569	-1.0716175670209138	0.0008627901906552715	0.005088101735503888	0.005088101735503888
just	1	0	395	attn	25	utterance_final	0	prompt_without	28	27	-0.23950936848467047	-0.29986687140031293	-0.30025504394011066	-0.0003881725397977265	-0.006431222649158442	0.0
just	1	16	450	attn	25	utterance_final	0	prompt_without	32	31	-0.5017534557141756	-0.5530560612678528	-0.552370360023097	0.0006857012447557542	0.013365817142334323	0.013365817142334323
just	1	30	145	attn	25	utterance_final	0	prompt_without	47	46	-0.5030654114346171	-0.6247752627661062	-0.6250991793565972	-0.0003239165904910246	-0.0026613835030395785	0.0
just	1	33	69	attn	25	utterance_final	0	prompt_without	81	80	-0.9029102040373761	-1.072480357211569	-1.0729755992474763	-0.0004952420359072285	-0.002920573147082583	0.0
just	1	0	395	attn	26	utterance_final	0	prompt_without	28	27	-0.23950936848467047	-0.29986687140031293	-0.3005421893163161	-0.0006753179160031708	-0.011188632454643068	0.0
just	1	16	450	attn	26	utterance_final	0	prompt_without	32	31	-0.5017534557141756	-0.5530560612678528	-0.5527458316401431	0.00031022962770965723	0.006047054030912105	0.006047054030912105
just	1	30	145	attn	26	utterance_final	0	prompt_without	47	46	-0.5030654114346171	-0.6247752627661062	-0.625038091526475	-0.0002628287603688717	-0.0021594698990555095	0.0
just	1	33	69	attn	26	utterance_final	0	prompt_without	81	80	-0.9029102040373761	-1.072480357211569	-1.0724261169848235	5.424022674560547e-05	0.0003198689494010573	0.0003198689494010573
just	1	0	395	attn	27	utterance_final	0	prompt_without	28	27	-0.23950936848467047	-0.29986687140031293	-0.3001408983360637	-0.00027402693575079295	-0.0045400641596088165	0.0
just	1	16	450	attn	27	utterance_final	0	prompt_without	32	31	-0.5017534557141756	-0.5530560612678528	-0.5527925710929068	0.0002634901749459795	0.005135999860090802	0.005135999860090802
just	1	30	145	attn	27	utterance_final	0	prompt_without	47	46	-0.5030654114346171	-0.6247752627661062	-0.6254133013791816	-0.0006380386130754312	-0.005242292272115827	0.0
just	1	33	69	attn	27	utterance_final	0	prompt_without	81	80	-0.9029102040373761	-1.072480357211569	-1.0724641032840894	1.625392747972576e-05	9.585370523920395e-05	9.585370523920395e-05
just	1	0	395	attn	28	utterance_final	0	prompt_without	28	27	-0.23950936848467047	-0.29986687140031293	-0.30015401948582043	-0.0002871480855075048	-0.00475745469306164	0.0
just	1	16	450	attn	28	utterance_final	0	prompt_without	32	31	-0.5017534557141756	-0.5530560612678528	-0.5524302375944037	0.0006258236734490996	0.012198672303189544	0.012198672303189544
just	1	30	145	attn	28	utterance_final	0	prompt_without	47	46	-0.5030654114346171	-0.6247752627661062	-0.6261461557343949	-0.0013708929682887394	-0.011263615502700552	0.0
just	1	33	69	attn	28	utterance_final	0	prompt_without	81	80	-0.9029102040373761	-1.072480357211569	-1.0721262537914773	0.0003541034200917892	0.0020882414355551837	0.0020882414355551837
just	1	0	395	attn	29	utterance_final	0	prompt_without	28	27	-0.23950936848467047	-0.29986687140031293	-0.3000409359281713	-0.00017406452785839743	-0.002883892133537656	0.0
just	1	16	450	attn	29	utterance_final	0	prompt_without	32	31	-0.5017534557141756	-0.5530560612678528	-0.5523580626437539	0.0006979986240989167	0.013605519964646064	0.013605519964646064
just	1	30	145	attn	29	utterance_final	0	prompt_without	47	46	-0.5030654114346171	-0.6247752627661062	-0.6253894650658895	-0.0006142022997833729	-0.005046446882188124	0.0
just	1	33	69	attn	29	utterance_final	0	prompt_without	81	80	-0.9029102040373761	-1.072480357211569	-1.0727349467899487	-0.00025458957837964924	-0.0015013820157260755	0.0
just	1	0	395	attn	30	utterance_final	0	prompt_without	28	27	-0.23950936848467047	-0.29986687140031293	-0.30007217959924176	-0.000205308198928833	-0.003401535666837944	0.0
just	1	16	450	attn	30	utterance_final	0	prompt_without	32	31	-0.5017534557141756	-0.5530560612678528	-0.5527673991102922	0.0002886621575606263	0.0056266568616793414	0.0056266568616793414
just	1	30	145	attn	30	utterance_final	0	prompt_without	47	46	-0.5030654114346171	-0.6247752627661062	-0.6247766516929449	-1.3889268387634601e-06	-1.1411786503465343e-05	0.0
just	1	33	69	attn	30	utterance_final	0	prompt_without	81	80	-0.9029102040373761	-1.072480357211569	-1.072443039520927	3.731769064208024e-05	0.00022007228243607936	0.00022007228243607936
just	1	0	395	attn	31	utterance_final	0	prompt_without	28	27	-0.23950936848467047	-0.29986687140031293	-0.29986687140031293	0.0	0.0	0.0
just	1	16	450	attn	31	utterance_final	0	prompt_without	32	31	-0.5017534557141756	-0.5530560612678528	-0.5530560612678528	0.0	0.0	0.0
just	1	30	145	attn	31	utterance_final	0	prompt_without	47	46	-0.5030654114346171	-0.6247752627661062	-0.6247752627661062	0.0	0.0	0.0
just	1	33	69	attn	31	utterance_final	0	prompt_without	81	80	-0.9029102040373761	-1.072480357211569	-1.072480357211569	0.0	0.0	0.0
just	1	38	42	attn	0	utterance_final	0	prompt_without	32	31	-0.4188626743853092	-0.6213277913630009	-0.6220138892531395	-0.0006860978901386261	-0.003388721476471539	0.0
just	1	39	7	attn	0	utterance_final	0	prompt_without	31	30	-0.5060173988342285	-0.81859792470932	-0.8159493178129196	0.0026486068964004517	0.008473358629701857	0.008473358629701857
just	1	41	43	attn	0	utterance_final	0	prompt_without	25	24	-0.6230249255895615	-0.9194716364145279	-0.910789281129837	0.008682355284690857	0.02928808101978657	0.02928808101978657
just	1	42	8	attn	0	utterance_final	0	prompt_without	26	25	-0.6268645823001862	-1.0280452867348988	-1.0401638348897297	-0.012118548154830933	-0.030207205932066657	0.0
just	1	38	42	attn	1	utterance_final	0	prompt_without	32	31	-0.4188626743853092	-0.6213277913630009	-0.6220464259386063	-0.0007186345756053925	-0.0035494241493687737	0.0
just	1	39	7	attn	1	utterance_final	0	prompt_without	31	30	-0.5060173988342285	-0.81859792470932	-0.8043411999940873	0.01425672471523276	0.04560976623646031	0.04560976623646031
just	1	41	43	attn	1	utterance_final	0	prompt_without	25	24	-0.6230249255895615	-0.9194716364145279	-0.8832787722349167	0.036192864179611206	0.12208893827457869	0.12208893827457869
just	1	42	8	attn	1	utterance_final	0	prompt_without	26	25	-0.6268645823001862	-1.0280452867348988	-1.025156299273173	0.0028889874617257227	0.007201212395786774	0.007201212395786774
just	1	38	42	attn	2	utterance_final	0	prompt_without	32	31	-0.4188626743853092	-0.6213277913630009	-0.6216490305960178	-0.0003212392330169678	-0.0015866399003062	0.0
just	1	39	7	attn	2	utterance_final	0	prompt_without	31	30	-0.5060173988342285	-0.81859792470932	-0.80136037170887	0.017237553000450045	0.05514595943618779	0.05514595943618779
just	1	41	43	attn	2	utterance_final	0	prompt_without	25	24	-0.6230249255895615	-0.9194716364145279	-0.8484427332878113	0.07102890312671661	0.2396009148796217	0.2396009148796217
just	1	42	8	attn	2	utterance_final	0	prompt_without	26	25	-0.6268645823001862	-1.0280452867348988	-0.9804085493087769	0.047636737426121956	0.11874134747643195	0.11874134747643195
just	1	38	42	attn	3	utterance_final	0	prompt_without	32	31	-0.4188626743853092	-0.6213277913630009	-0.6209515891969204	0.00037620216608047485	0.0018581085556675237	0.0018581085556675237
just	1	39	7	attn	3	utterance_final	0	prompt_without	31	30	-0.5060173988342285	-0.81859792470932	-0.7609975188970566	0.057600405812263444	0.18427381440672602	0.18427381440672602
just	1	41	43	attn	3	utterance_final	0	prompt_without	25	24	-0.6230249255895615	-0.9194716364145279	-0.8437286764383316	0.07574295997619629	0.2555027841780233	0.2555027841780233
just	1	42	8	attn	3	utterance_final	0	prompt_without	26	25	-0.6268645823001862	-1.0280452867348988	-0.9591737389564514	0.0688715477784474	0.17167213432034695	0.17167213432034695
just	1	38	42	attn	4	utterance_final	0	prompt_without	32	31	-0.4188626743853092	-0.6213277913630009	-0.6196373663842678	0.0016904249787330627	0.008349215924041474	0.008349215924041474
just	1	39	7	attn	4	utterance_final	0	prompt_without	31	30	-0.5060173988342285	-0.81859792470932	-0.7400028884410859	0.07859503626823416	0.2514393244691164	0.2514393244691164
just	1	41	43	attn	4	utterance_final	0	prompt_without	25	24	-0.6230249255895615	-0.9194716364145279	-0.8309413939714432	0.08853024244308472	0.29863796497089956	0.29863796497089956
just	1	42	8	attn	4	utterance_final	0	prompt_without	26	25	-0.6268645823001862	-1.0280452867348988	-1.0203363597393036	0.007708926995595222	0.019215597635627957	0.019215597635627957
just	1	38	42	attn	5	utterance_final	0	prompt_without	32	31	-0.4188626743853092	-0.6213277913630009	-0.6206282861530781	0.0006995052099227905	0.0034549418703067976	0.0034549418703067976
just	1	39	7	attn	5	utterance_final	0	prompt_without	31	30	-0.5060173988342285	-0.81859792470932	-0.7864227712154388	0.032175153493881226	0.10293396686759222	0.10293396686759222
just	1	41	43	attn	5	utterance_final	0	prompt_without	25	24	-0.6230249255895615	-0.9194716364145279	-0.870462954044342	0.04900868237018585	0.1653203782690052	0.1653203782690052
just	1	42	8	attn	5	utterance_final	0	prompt_without	26	25	-0.6268645823001862	-1.0280452867348988	-1.0136084854602814	0.014436801274617439	0.035985781756278	0.035985781756278
just	1	38	42	attn	6	utterance_final	0	prompt_without	32	31	-0.4188626743853092	-0.6213277913630009	-0.6214565485715866	-0.00012875720858573914	-0.0006359476165957323	0.0
just	1	39	7	attn	6	utterance_final	0	prompt_without	31	30	-0.5060173988342285	-0.81859792470932	-0.761888912320137	0.05670901238918302	0.18142209029312392	0.18142209029312392
just	1	41	43	attn	6	utterance_final	0	prompt_without	25	24	-0.6230249255895615	-0.9194716364145279	-0.972516193985939	-0.05304455757141113	-0.17893454585411367	0.0
just	1	42	8	attn	6	utterance_final	0	prompt_without	26	25	-0.6268645823001862	-1.0280452867348988	-0.8572724461555481	0.17077284057935072	0.4256756087508739	0.4256756087508739
just	1	38	42	attn	7	utterance_final	0	prompt_without	32	31	-0.4188626743853092	-0.6213277913630009	-0.6205125413835049	0.0008152499794960022	0.004026619457542553	0.004026619457542553
just	1	39	7	attn	7	utterance_final	0	prompt_without	31	30	-0.5060173988342285	-0.81859792470932	-0.7600221782922745	0.05857574641704555	0.1873941002980226	0.1873941002980226
just	1	41	43	attn	7	utterance_final	0	prompt_without	25	24	-0.6230249255895615	-0.9194716364145279	-0.9353721588850021	-0.015900522470474243	-0.05363703454906108	0.0
just	1	42	8	attn	7	utterance_final	0	prompt_without	26	25	-0.6268645823001862	-1.0280452867348988	-0.9679297606150309	0.060115526119867924	0.14984650421952436	0.14984650421952436
just	1	38	42	attn	8	utterance_final	0	prompt_without	32	31	-0.4188626743853092	-0.6213277913630009	-0.615706343203783	0.0056214481592178345	0.027765020676807386	0.027765020676807386
just	1	39	7	attn	8	utterance_final	0	prompt_without	31	30	-0.5060173988342285	-0.81859792470932	-0.78183553814888	0.036762386560440063	0.11760933109163192	0.11760933109163192
just	1	41	43	attn	8	utterance_final	0	prompt_without	25	24	-0.6230249255895615	-0.9194716364145279	-0.9329736083745956	-0.013501971960067749	-0.045546033965071835	0.0
just	1	42	8	attn	8	utterance_final	0	prompt_without	26	25	-0.6268645823001862	-1.0280452867348988	-0.9812631607055664	0.046782126029332405	0.11661110694556256	0.11661110694556256
just	1	38	42	attn	9	utterance_final	0	prompt_without	32	31	-0.4188626743853092	-0.6213277913630009	-0.6244110092520714	-0.003083217889070511	-0.015228390624001819	0.0
just	1	39	7	attn	9	utterance_final	0	prompt_without	31	30	-0.5060173988342285	-0.81859792470932	-0.8006187617778778	0.017979162931442194	0.05751849985250438	0.05751849985250438
just	1	41	43	attn	9	utterance_final	0	prompt_without	25	24	-0.6230249255895615	-0.9194716364145279	-0.8974082171916962	0.022063419222831726	0.07442625745933414	0.07442625745933414
just	1	42	8	attn	9	utterance_final	0	prompt_without	26	25	-0.6268645823001862	-1.0280452867348988	-0.9997094372908274	0.028335849444071415	0.07063113736738237	0.07063113736738237
just	1	38	42	attn	10	utterance_final	0	prompt_without	32	31	-0.4188626743853092	-0.6213277913630009	-0.6185879707336426	0.0027398206293582916	0.013532309517101531	0.013532309517101531
just	1	39	7	attn	10	utterance_final	0	prompt_without	31	30	-0.5060173988342285	-0.81859792470932	-0.8128926485776902	0.005705276131629855	0.018252180348271942	0.018252180348271942
just	1	41	43	attn	10	utterance_final	0	prompt_without	25	24	-0.6230249255895615	-0.9194716364145279	-0.9294960498809814	-0.010024413466453552	-0.033815229180843745	0.0
just	1	42	8	attn	10	utterance_final	0	prompt_without	26	25	-0.6268645823001862	-1.0280452867348988	-1.0073315103848774	0.020713776350021362	0.05163203544200437	0.05163203544200437
just	1	38	42	attn	11	utterance_final	0	prompt_without	32	31	-0.4188626743853092	-0.6213277913630009	-0.6247374005615711	-0.0034096091985702515	-0.01684047726081098	0.0
just	1	39	7	attn	11	utterance_final	0	prompt_without	31	30	-0.5060173988342285	-0.81859792470932	-0.809908676147461	0.008689248561859042	0.027798432220090707	0.027798432220090707
just	1	41	43	attn	11	utterance_final	0	prompt_without	25	24	-0.6230249255895615	-0.9194716364145279	-0.9455641657114029	-0.026092529296875	-0.08801760432511944	0.0
just	1	42	8	attn	11	utterance_final	0	prompt_without	26	25	-0.6268645823001862	-1.0280452867348988	-1.0099339584509532	0.01811132828394557	0.04514506326884665	0.04514506326884665
just	1	38	42	attn	12	utterance_final	0	prompt_without	32	31	-0.4188626743853092	-0.6213277913630009	-0.6209634318947792	0.00036435946822166443	0.0017996160210739457	0.0017996160210739457
just	1	39	7	attn	12	utterance_final	0	prompt_without	31	30	-0.5060173988342285	-0.81859792470932	-0.8178380995988845	0.0007598251104354858	0.0024308139744416294	0.0024308139744416294
just	1	41	43	attn	12	utterance_final	0	prompt_without	25	24	-0.6230249255895615	-0.9194716364145279	-0.9238961637020111	-0.004424527287483215	-0.014925202830452813	0.0
just	1	42	8	attn	12	utterance_final	0	prompt_without	26	25	-0.6268645823001862	-1.0280452867348988	-1.032854328552882	-0.0048090418179831396	-0.011987221132081524	0.0
just	1	38	42	attn	13	utterance_final	0	prompt_without	32	31	-0.4188626743853092	-0.6213277913630009	-0.6201885268092155	0.001139264553785324	0.005626967108170305	0.005626967108170305
just	1	39	7	attn	13	utterance_final	0	prompt_without	31	30	-0.5060173988342285	-0.81859792470932	-0.8120541542768478	0.006543770432472229	0.020934670879295743	0.020934670879295743
just	1	41	43	attn	13	utterance_final	0	prompt_without	25	24	-0.6230249255895615	-0.9194716364145279	-0.9211342930793762	-0.0016626566648483276	-0.0056086190338270414	0.0
just	1	42	8	attn	13	utterance_final	0	prompt_without	26	25	-0.6268645823001862	-1.0280452867348988	-1.0268159806728363	0.0012293060620625074	0.003064220308887169	0.003064220308887169
just	1	38	42	attn	14	utterance_final	0	prompt_without	32	31	-0.4188626743853092	-0.6213277913630009	-0.6222895570099354	-0.0009617656469345093	-0.00475027827653136	0.0
just	1	39	7	attn	14	utterance_final	0	prompt_without	31	30	-0.5060173988342285	-0.81859792470932	-0.8139675676822662	0.004630357027053833	0.014813325347415094	0.014813325347415094
just	1	41	43	attn	14	utterance_final	0	prompt_without	25	24	-0.6230249255895615	-0.9194716364145279	-0.8932116627693176	0.026259973645210266	0.08858244226131815	0.08858244226131815
just	1	42	8	attn	14	utterance_final	0	prompt_without	26	25	-0.6268645823001862	-1.0280452867348988	-1.0254503687222798	0.0025949180126190186	0.006468202443274064	0.006468202443274064
just	1	38	42	attn	15	utterance_final	0	prompt_without	32	31	-0.4188626743853092	-0.6213277913630009	-0.6225081868469715	-0.001180395483970642	-0.0058301178079022	0.0
just	1	39	7	attn	15	utterance_final	0	prompt_without	31	30	-0.5060173988342285	-0.81859792470932	-0.8132085651159286	0.005389359593391374	0.017241507858826062	0.017241507858826062
just	1	41	43	attn	15	utterance_final	0	prompt_without	25	24	-0.6230249255895615	-0.9194716364145279	-0.9152449518442154	0.0042266845703125	0.01425782245500473	0.01425782245500473
just	1	42	8	attn	15	utterance_final	0	prompt_without	26	25	-0.6268645823001862	-1.0280452867348988	-1.0312701563040416	-0.0032248695691428075	-0.008038446349723722	0.0
just	1	38	42	attn	16	utterance_final	0	prompt_without	32	31	-0.4188626743853092	-0.6213277913630009	-0.6215995401144028	-0.00027174875140190125	-0.0013422003526258972	0.0
just	1	39	7	attn	16	utterance_final	0	prompt_without	31	30	-0.5060173988342285	-0.81859792470932	-0.8189141899347305	-0.00031626522541050583	-0.0010117880009482315	0.0
just	1	41	43	attn	16	utterance_final	0	prompt_without	25	24	-0.6230249255895615	-0.9194716364145279	-0.9119032472372055	0.007568389177322388	0.025530353014410933	0.025530353014410933
just	1	42	8	attn	16	utterance_final	0	prompt_without	26	25	-0.6268645823001862	-1.0280452867348988	-1.0295515358448029	-0.0015062491099040454	-0.0037545402688956325	0.0
just	1	38	42	attn	17	utterance_final	0	prompt_without	32	31	-0.4188626743853092	-0.6213277913630009	-0.6207756511867046	0.0005521401762962341	0.002727087927729649	0.002727087927729649
just	1	39	7	attn	17	utterance_final	0	prompt_without	31	30	-0.5060173988342285	-0.81859792470932	-0.8180109024047851	0.0005870223045348899	0.0018779874494467591	0.0018779874494467591
just	1	41	43	attn	17	utterance_final	0	prompt_without	25	24	-0.6230249255895615	-0.9194716364145279	-0.9189527630805969	0.0005188733339309692	0.0017503089593641403	0.0017503089593641403
just	1	42	8	attn	17	utterance_final	0	prompt_without	26	25	-0.6268645823001862	-1.0280452867348988	-1.0332119166851044	-0.005166629950205559	-0.012878560441947592	0.0
just	1	38	42	attn	18	utterance_final	0	prompt_without	32	31	-0.4188626743853092	-0.6213277913630009	-0.6219521164894104	-0.0006243251264095306	-0.0030836182337440434	0.0
just	1	39	7	attn	18	utterance_final	0	prompt_without	31	30	-0.5060173988342285	-0.81859792470932	-0.8181837648153305	0.0004141598939895186	0.00132497023872504	0.00132497023872504
just	1	41	43	attn	18	utterance_final	0	prompt_without	25	24	-0.6230249255895615	-0.9194716364145279	-0.9183424711227417	0.0011291652917861938	0.003808999225000329	0.003808999225000329
just	1	42	8	attn	18	utterance_final	0	prompt_without	26	25	-0.6268645823001862	-1.0280452867348988	-1.0279133021831512	0.00013198455174756596	0.00032899027866641794	0.00032899027866641794
just	1	38	42	attn	19	utterance_final	0	prompt_without	32	31	-0.4188626743853092	-0.6213277913630009	-0.6218857318162918	-0.0005579404532909393	-0.002755736205918451	0.0
just	1	39	7	attn	19	utterance_final	0	prompt_without	31	30	-0.5060173988342285	-0.81859792470932	-0.8181035995483399	0.0004943251609801358	0.001581433007050702	0.001581433007050702
just	1	41	43	attn	19	utterance_final	0	prompt_without	25	24	-0.6230249255895615	-0.9194716364145279	-0.9178236126899719	0.0016480237245559692	0.005559257918462877	0.005559257918462877
just	1	42	8	attn	19	utterance_final	0	prompt_without	26	25	-0.6268645823001862	-1.0280452867348988	-1.0286352932453156	-0.0005900065104167407	-0.001470675194232222	0.0
just	1	38	42	attn	20	utterance_final	0	prompt_without	32	31	-0.4188626743853092	-0.6213277913630009	-0.622218381613493	-0.000890590250492096	-0.004398734279694336	0.0
just	1	39	7	attn	20	utterance_final	0	prompt_without	31	30	-0.5060173988342285	-0.81859792470932	-0.8182381123304368	0.000359812378883273	0.0011511029929838158	0.0011511029929838158
just	1	41	43	attn	20	utterance_final	0	prompt_without	25	24	-0.6230249255895615	-0.9194716364145279	-0.9190901070833206	0.0003815293312072754	0.0012870081443829716	0.0012870081443829716
just	1	42	8	attn	20	utterance_final	0	prompt_without	26	25	-0.6268645823001862	-1.0280452867348988	-1.0300291081269581	-0.001983821392059326	-0.00494495714806286	0.0
just	1	38	42	attn	21	utterance_final	0	prompt_without	32	31	-0.4188626743853092	-0.6213277913630009	-0.6212254054844379	0.00010238587856292725	0.0005056963890436914	0.0005056963890436914
just	1	39	7	attn	21	utterance_final	0	prompt_without	31	30	-0.5060173988342285	-0.81859792470932	-0.8186589270830155	-6.100237369544015e-05	-0.00019515730714400598	0.0
just	1	41	43	attn	21	utterance_final	0	prompt_without	25	24	-0.6230249255895615	-0.9194716364145279	-0.9189529716968536	0.0005186647176742554	0.0017496052367418408	0.0017496052367418408
just	1	42	8	attn	21	utterance_final	0	prompt_without	26	25	-0.6268645823001862	-1.0280452867348988	-1.0292764206727345	-0.0012311339378356934	-0.003068776549386726	0.0
just	1	38	42	attn	22	utterance_final	0	prompt_without	32	31	-0.4188626743853092	-0.6213277913630009	-0.6220039501786232	-0.0006761588156223297	-0.0033396311706220057	0.0
just	1	39	7	attn	22	utterance_final	0	prompt_without	31	30	-0.5060173988342285	-0.81859792470932	-0.818378695845604	0.00021922886371605887	0.000701351637637412	0.000701351637637412
just	1	41	43	attn	22	utterance_final	0	prompt_without	25	24	-0.6230249255895615	-0.9194716364145279	-0.9173200726509094	0.0021515637636184692	0.007257843265087989	0.007257843265087989
just	1	42	8	attn	22	utterance_final	0	prompt_without	26	25	-0.6268645823001862	-1.0280452867348988	-1.0312996606032054	-0.003254373868306626	-0.008111990014305976	0.0
just	1	38	42	attn	23	utterance_final	0	prompt_without	32	31	-0.4188626743853092	-0.6213277913630009	-0.6220397092401981	-0.0007119178771972656	-0.0035162495536241304	0.0
just	1	39	7	attn	23	utterance_final	0	prompt_without	31	30	-0.5060173988342285	-0.81859792470932	-0.8192182421684265	-0.0006203174591065119	-0.001984504496464995	0.0
just	1	41	43	attn	23	utterance_final	0	prompt_without	25	24	-0.6230249255895615	-0.9194716364145279	-0.9199904352426529	-0.000518798828125	-0.0017500576298561763	0.0
just	1	42	8	attn	23	utterance_final	0	prompt_without	26	25	-0.6268645823001862	-1.0280452867348988	-1.0291530787944794	-0.001107792059580559	-0.002761329364385816	0.0
just	1	38	42	attn	24	utterance_final	0	prompt_without	32	31	-0.4188626743853092	-0.6213277913630009	-0.6215609535574913	-0.00023316219449043274	-0.001151616623994164	0.0
just	1	39	7	attn	24	utterance_final	0	prompt_without	31	30	-0.5060173988342285	-0.81859792470932	-0.8186014920473099	-3.5673379898959467e-06	-1.1412540752207543e-05	0.0
just	1	41	43	attn	24	utterance_final	0	prompt_without	25	24	-0.6230249255895615	-0.9194716364145279	-0.9194563031196594	1.5333294868469238e-05	5.172361273902818e-05	5.172361273902818e-05
just	1	42	8	attn	24	utterance_final	0	prompt_without	26	25	-0.6268645823001862	-1.0280452867348988	-1.029184619585673	-0.0011393328507742773	-0.0028399492751767924	0.0
just	1	38	42	attn	25	utterance_final	0	prompt_without	32	31	-0.4188626743853092	-0.6213277913630009	-0.6216133236885071	-0.00028553232550621033	-0.0014102791126121312	0.0
just	1	39	7	attn	25	utterance_final	0	prompt_without	31	30	-0.5060173988342285	-0.81859792470932	-0.8186910003423691	-9.307563304905564e-05	-0.0002977652967614785	0.0
just	1	41	43	attn	25	utterance_final	0	prompt_without	25	24	-0.6230249255895615	-0.9194716364145279	-0.917930394411087	0.001541242003440857	0.005199052467648614	0.005199052467648614
just	1	42	8	attn	25	utterance_final	0	prompt_without	26	25	-0.6268645823001862	-1.0280452867348988	-1.027963529030482	8.175770441676278e-05	0.0002037927136400147	0.0002037927136400147
just	1	38	42	attn	26	utterance_final	0	prompt_without	32	31	-0.4188626743853092	-0.6213277913630009	-0.6228122971951962	-0.001484505832195282	-0.007332156049176858	0.0
just	1	39	7	attn	26	utterance_final	0	prompt_without	31	30	-0.5060173988342285	-0.81859792470932	-0.819261321425438	-0.0006633967161179255	-0.0021223226055452397	0.0
just	1	41	43	attn	26	utterance_final	0	prompt_without	25	24	-0.6230249255895615	-0.9194716364145279	-0.9192274957895279	0.000244140625	0.0008235565316970241	0.0008235565316970241
just	1	42	8	attn	26	utterance_final	0	prompt_without	26	25	-0.6268645823001862	-1.0280452867348988	-1.0288682480653126	-0.0008229613304138184	-0.0020513482361356823	0.0
just	1	38	42	attn	27	utterance_final	0	prompt_without	32	31	-0.4188626743853092	-0.6213277913630009	-0.6220321804285049	-0.0007043890655040741	-0.0034790638309397577	0.0
just	1	39	7	attn	27	utterance_final	0	prompt_without	31	30	-0.5060173988342285	-0.81859792470932	-0.8188994199037551	-0.00030149519443511963	-0.0009645360778348627	0.0
just	1	41	43	attn	27	utterance_final	0	prompt_without	25	24	-0.6230249255895615	-0.9194716364145279	-0.9186017662286758	0.0008698701858520508	0.002934322271383391	0.002934322271383391
just	1	42	8	attn	27	utterance_final	0	prompt_without	26	25	-0.6268645823001862	-1.0280452867348988	-1.029388318459193	-0.0013430317242941747	-0.0033476977069138605	0.0
just	1	38	42	attn	28	utterance_final	0	prompt_without	32	31	-0.4188626743853092	-0.6213277913630009	-0.6212564148008823	7.137656211853027e-05	0.0003525375787395258	0.0003525375787395258
just	1	39	7	attn	28	utterance_final	0	prompt_without	31	30	-0.5060173988342285	-0.81859792470932	-0.8188470780849457	-0.00024915337562569917	-0.0007970854068025398	0.0
just	1	41	43	attn	28	utterance_final	0	prompt_without	25	24	-0.6230249255895615	-0.9194716364145279	-0.9204787164926529	-0.001007080078125	-0.0033971706932502243	0.0
just	1	42	8	attn	28	utterance_final	0	prompt_without	26	25	-0.6268645823001862	-1.0280452867348988	-1.027962734301885	8.255243301391602e-05	0.0002057736877705454	0.0002057736877705454
just	1	38	42	attn	29	utterance_final	0	prompt_without	32	31	-0.4188626743853092	-0.6213277913630009	-0.6209783777594566	0.00034941360354423523	0.0017257965656510346	0.0017257965656510346
just	1	39	7	attn	29	utterance_final	0	prompt_without	31	30	-0.5060173988342285	-0.81859792470932	-0.818643769621849	-4.5844912529013904e-05	-0.00014666592680611753	0.0
just	1	41	43	attn	29	utterance_final	0	prompt_without	25	24	-0.6230249255895615	-0.9194716364145279	-0.9194565415382385	1.5094876289367676e-05	5.091935831354281e-05	5.091935831354281e-05
just	1	42	8	attn	29	utterance_final	0	prompt_without	26	25	-0.6268645823001862	-1.0280452867348988	-1.0295713444550831	-0.0015260577201843262	-0.0038039160490897284	0.0
just	1	38	42	attn	30	utterance_final	0	prompt_without	32	31	-0.4188626743853092	-0.6213277913630009	-0.620573915541172	0.0007538758218288422	0.0037234849789551995	0.0037234849789551995
just	1	39	7	attn	30	utterance_final	0	prompt_without	31	30	-0.5060173988342285	-0.81859792470932	-0.8186879575252533	-9.003281593322754e-05	-0.00028803079040568577	0.0
just	1	41	43	attn	30	utterance_final	0	prompt_without	25	24	-0.6230249255895615	-0.9194716364145279	-0.9203260689973831	-0.0008544325828552246	-0.002882246797333213	0.0
just	1	42	8	attn	30	utterance_final	0	prompt_without	26	25	-0.6268645823001862	-1.0280452867348988	-1.0285132229328156	-0.0004679361979167407	-0.0011663975678393866	0.0
just	1	38	42	attn	31	utterance_final	0	prompt_without	32	31	-0.4188626743853092	-0.6213277913630009	-0.6213277913630009	0.0	0.0	0.0
just	1	39	7	attn	31	utterance_final	0	prompt_without	31	30	-0.5060173988342285	-0.81859792470932	-0.81859792470932	0.0	0.0	0.0
just	1	41	43	attn	31	utterance_final	0	prompt_without	25	24	-0.6230249255895615	-0.9194716364145279	-0.9194716364145279	0.0	0.0	0.0
just	1	42	8	attn	31	utterance_final	0	prompt_without	26	25	-0.6268645823001862	-1.0280452867348988	-1.0280452867348988	0.0	0.0	0.0
just	1	46	40	attn	0	utterance_final	0	prompt_without	21	20	-0.256647836078297	-0.4329582994634455	-0.4318982796235518	0.0010600198398936778	0.0060122344388493535	0.0060122344388493535
just	1	50	94	attn	0	utterance_final	0	prompt_without	41	40	-1.0095748901367188	-1.2365570068359375	-1.2372589111328125	-0.000701904296875	-0.0030923330308224935	0.0
just	1	53	394	attn	0	utterance_final	0	prompt_without	50	49	-0.6718604544113422	-0.7322065254737591	-0.7324728719119368	-0.0002663464381776892	-0.004413650027061465	0.0
just	1	56	204	attn	0	utterance_final	0	prompt_without	27	26	-0.6910607701256162	-0.8101030644916353	-0.8105199223472959	-0.00041685785566059064	-0.0035017626120249215	0.0
just	1	46	40	attn	1	utterance_final	0	prompt_without	21	20	-0.256647836078297	-0.4329582994634455	-0.43116379326040094	0.0017945062030445547	0.010178103832240933	0.010178103832240933
just	1	50	94	attn	1	utterance_final	0	prompt_without	41	40	-1.0095748901367188	-1.2365570068359375	-1.2360076904296875	0.00054931640625	0.0024200867197741254	0.0024200867197741254
just	1	53	394	attn	1	utterance_final	0	prompt_without	50	49	-0.6718604544113422	-0.7322065254737591	-0.7316844525008366	0.0005220729729225049	0.008651316709293583	0.008651316709293583
just	1	56	204	attn	1	utterance_final	0	prompt_without	27	26	-0.6910607701256162	-0.8101030644916353	-0.80821350642613	0.0018895580655052813	0.015872997706978503	0.015872997706978503
just	1	46	40	attn	2	utterance_final	0	prompt_without	21	20	-0.256647836078297	-0.4329582994634455	-0.43025535345077515	0.0027029460126703486	0.015330604666189263	0.015330604666189263
just	1	50	94	attn	2	utterance_final	0	prompt_without	41	40	-1.0095748901367188	-1.2365570068359375	-1.2335205078125	0.0030364990234375	0.013377701589862526	0.013377701589862526
just	1	53	394	attn	2	utterance_final	0	prompt_without	50	49	-0.6718604544113422	-0.7322065254737591	-0.7320180555869793	0.00018846988677978516	0.003123150910435377	0.003123150910435377
just	1	56	204	attn	2	utterance_final	0	prompt_without	27	26	-0.6910607701256162	-0.8101030644916353	-0.8067032609667096	0.0033998035249256375	0.028559627005106846	0.028559627005106846
just	1	46	40	attn	3	utterance_final	0	prompt_without	21	20	-0.256647836078297	-0.4329582994634455	-0.41607927734201605	0.016879022121429443	0.09573465917650834	0.09573465917650834
just	1	50	94	attn	3	utterance_final	0	prompt_without	41	40	-1.0095748901367188	-1.2365570068359375	-1.2245025634765625	0.012054443359375	0.05310745857282108	0.05310745857282108
just	1	53	394	attn	3	utterance_final	0	prompt_without	50	49	-0.6718604544113422	-0.7322065254737591	-0.7319903168185004	0.00021620865525873167	0.0035828124590763133	0.0035828124590763133
just	1	56	204	attn	3	utterance_final	0	prompt_without	27	26	-0.6910607701256162	-0.8101030644916353	-0.7970840703873407	0.013018994104294523	0.1093644420550653	0.1093644420550653
just	1	46	40	attn	4	utterance_final	0	prompt_without	21	20	-0.256647836078297	-0.4329582994634455	-0.42103096029975196	0.01192733916369354	0.06764963879448484	0.06764963879448484
just	1	50	94	attn	4	utterance_final	0	prompt_without	41	40	-1.0095748901367188	-1.2365570068359375	-1.2385177612304688	-0.00196075439453125	-0.00863836509697153	0.0
just	1	53	394	attn	4	utterance_final	0	prompt_without	50	49	-0.6718604544113422	-0.7322065254737591	-0.7321973628011244	9.162672634732694e-06	0.0001518354463417445	0.0001518354463417445
just	1	56	204	attn	4	utterance_final	0	prompt_without	27	26	-0.6910607701256162	-0.8101030644916353	-0.7948775859106154	0.015225478581019858	0.12789974069389246	0.12789974069389246
just	1	46	40	attn	5	utterance_final	0	prompt_without	21	20	-0.256647836078297	-0.4329582994634455	-0.4111866734244607	0.021771626038984804	0.12348459428312486	0.12348459428312486
just	1	50	94	attn	5	utterance_final	0	prompt_without	41	40	-1.0095748901367188	-1.2365570068359375	-1.2462997436523438	-0.00974273681640625	-0.042922926960438305	0.0
just	1	53	394	attn	5	utterance_final	0	prompt_without	50	49	-0.6718604544113422	-0.7322065254737591	-0.7311004585233228	0.0011060669504362464	0.018328731779277307	0.018328731779277307
just	1	56	204	attn	5	utterance_final	0	prompt_without	27	26	-0.6910607701256162	-0.8101030644916353	-0.8029315585181827	0.007171505973452619	0.06024334470068599	0.06024334470068599
just	1	46	40	attn	6	utterance_final	0	prompt_without	21	20	-0.256647836078297	-0.4329582994634455	-0.4100539575923573	0.022904341871088196	0.12990914680459936	0.12990914680459936
just	1	50	94	attn	6	utterance_final	0	prompt_without	41	40	-1.0095748901367188	-1.2365570068359375	-1.2670516967773438	-0.03049468994140625	-0.13434842526301638	0.0
just	1	53	394	attn	6	utterance_final	0	prompt_without	50	49	-0.6718604544113422	-0.7322065254737591	-0.7313411893515751	0.0008653361221839795	0.0143395602555293	0.0143395602555293
just	1	56	204	attn	6	utterance_final	0	prompt_without	27	26	-0.6910607701256162	-0.8101030644916353	-0.8136262439546131	-0.0035231794629778657	-0.029596031240335077	0.0
just	1	46	40	attn	7	utterance_final	0	prompt_without	21	20	-0.256647836078297	-0.4329582994634455	-0.4105459018187089	0.02241239764473657	0.1271189310856549	0.1271189310856549
just	1	50	94	attn	7	utterance_final	0	prompt_without	41	40	-1.0095748901367188	-1.2365570068359375	-1.2327728271484375	0.0037841796875	0.01667170851399953	0.01667170851399953
just	1	53	394	attn	7	utterance_final	0	prompt_without	50	49	-0.6718604544113422	-0.7322065254737591	-0.7315125753139627	0.0006939501597963416	0.011499508544285815	0.011499508544285815
just	1	56	204	attn	7	utterance_final	0	prompt_without	27	26	-0.6910607701256162	-0.8101030644916353	-0.7977702277047294	0.012332836786905887	0.10360046278162398	0.10360046278162398
just	1	46	40	attn	8	utterance_final	0	prompt_without	21	20	-0.256647836078297	-0.4329582994634455	-0.44363769076087256	-0.010679391297427065	-0.06057151170942157	0.0
just	1	50	94	attn	8	utterance_final	0	prompt_without	41	40	-1.0095748901367188	-1.2365570068359375	-1.212554931640625	0.0240020751953125	0.10574434472790831	0.10574434472790831
just	1	53	394	attn	8	utterance_final	0	prompt_without	50	49	-0.6718604544113422	-0.7322065254737591	-0.730266507329612	0.0019400181441471265	0.03214820965130499	0.03214820965130499
just	1	56	204	attn	8	utterance_final	0	prompt_without	27	26	-0.6910607701256162	-0.8101030644916353	-0.8044163386027018	0.005686725888933486	0.04777063411974001	0.04777063411974001
just	1	46	40	attn	9	utterance_final	0	prompt_without	21	20	-0.256647836078297	-0.4329582994634455	-0.43288282372734765	7.547573609784086e-05	0.00042808427048918163	0.00042808427048918163
just	1	50	94	attn	9	utterance_final	0	prompt_without	41	40	-1.0095748901367188	-1.2365570068359375	-1.2404632568359375	-0.00390625	-0.017209505562838224	0.0
just	1	53	394	attn	9	utterance_final	0	prompt_without	50	49	-0.6718604544113422	-0.7322065254737591	-0.731131389223296	0.0010751362504630713	0.017816176455813366	0.017816176455813366
just	1	56	204	attn	9	utterance_final	0	prompt_without	27	26	-0.6910607701256162	-0.8101030644916353	-0.8017067568642753	0.008396307627359989	0.07053213878374924	0.07053213878374924
just	1	46	40	attn	10	utterance_final	0	prompt_without	21	20	-0.256647836078297	-0.4329582994634455	-0.4287490573796359	0.004209242083809572	0.023874034490026404	0.023874034490026404
just	1	50	94	attn	10	utterance_final	0	prompt_without	41	40	-1.0095748901367188	-1.2365570068359375	-1.236663818359375	-0.0001068115234375	-0.0004705724177338577	0.0
just	1	53	394	attn	10	utterance_final	0	prompt_without	50	49	-0.6718604544113422	-0.7322065254737591	-0.7323520039689952	-0.00014547849523616208	-0.0024107368164149657	0.0
just	1	56	204	attn	10	utterance_final	0	prompt_without	27	26	-0.6910607701256162	-0.8101030644916353	-0.8055509499141148	0.004552114577520472	0.03823947280051655	0.03823947280051655
just	1	46	40	attn	11	utterance_final	0	prompt_without	21	20	-0.256647836078297	-0.4329582994634455	-0.4108897339213978	0.02206856554204767	0.12516877965341797	0.12516877965341797
just	1	50	94	attn	11	utterance_final	0	prompt_without	41	40	-1.0095748901367188	-1.2365570068359375	-1.1885452270507812	0.04801177978515625	0.21152230177136902	0.21152230177136902
just	1	53	394	attn	11	utterance_final	0	prompt_without	50	49	-0.6718604544113422	-0.7322065254737591	-0.7311046719551086	0.001101853518650442	0.01825891063414515	0.01825891063414515
just	1	56	204	attn	11	utterance_final	0	prompt_without	27	26	-0.6910607701256162	-0.8101030644916353	-0.8106240204402378	-0.000520955948602575	-0.004376225705132941	0.0
just	1	46	40	attn	12	utterance_final	0	prompt_without	21	20	-0.256647836078297	-0.4329582994634455	-0.42232805490493774	0.010630244558507751	0.06029276059065244	0.06029276059065244
just	1	50	94	attn	12	utterance_final	0	prompt_without	41	40	-1.0095748901367188	-1.2365570068359375	-1.2372207641601562	-0.00066375732421875	-0.0029242714530604012	0.0
just	1	53	394	attn	12	utterance_final	0	prompt_without	50	49	-0.6718604544113422	-0.7322065254737591	-0.7334269942908451	-0.00122046881708604	-0.02022449507646804	0.0
just	1	56	204	attn	12	utterance_final	0	prompt_without	27	26	-0.6910607701256162	-0.8101030644916353	-0.8137267884753999	-0.0036237239837646484	-0.030440642992168747	0.0
just	1	46	40	attn	13	utterance_final	0	prompt_without	21	20	-0.256647836078297	-0.4329582994634455	-0.42597969553687354	0.006978603926571958	0.03958133733292542	0.03958133733292542
just	1	50	94	attn	13	utterance_final	0	prompt_without	41	40	-1.0095748901367188	-1.2365570068359375	-1.224151611328125	0.0124053955078125	0.05465362508823233	0.05465362508823233
just	1	53	394	attn	13	utterance_final	0	prompt_without	50	49	-0.6718604544113422	-0.7322065254737591	-0.7320457326954809	0.00016079277827818483	0.0026645111346499167	0.0026645111346499167
just	1	56	204	attn	13	utterance_final	0	prompt_without	27	26	-0.6910607701256162	-0.8101030644916353	-0.8084385962713332	0.0016644682203020844	0.013982158435088182	0.013982158435088182
just	1	46	40	attn	14	utterance_final	0	prompt_without	21	20	-0.256647836078297	-0.4329582994634455	-0.42992857369509613	0.0030297257683493672	0.01718403837287275	0.01718403837287275
just	1	50	94	attn	14	utterance_final	0	prompt_without	41	40	-1.0095748901367188	-1.2365570068359375	-1.2345504760742188	0.00200653076171875	0.00884003899028604	0.00884003899028604
just	1	53	394	attn	14	utterance_final	0	prompt_without	50	49	-0.6718604544113422	-0.7322065254737591	-0.7320550618500545	0.0001514636237045508	0.0025099169015972834	0.0025099169015972834
just	1	56	204	attn	14	utterance_final	0	prompt_without	27	26	-0.6910607701256162	-0.8101030644916353	-0.8106816836765834	-0.0005786191849481703	-0.004860618556032624	0.0
just	1	46	40	attn	15	utterance_final	0	prompt_without	21	20	-0.256647836078297	-0.4329582994634455	-0.4301547679034146	0.0028035315600308808	0.015901107093721337	0.015901107093721337
just	1	50	94	attn	15	utterance_final	0	prompt_without	41	40	-1.0095748901367188	-1.2365570068359375	-1.2393722534179688	-0.00281524658203125	-0.012402944438842392	0.0
just	1	53	394	attn	15	utterance_final	0	prompt_without	50	49	-0.6718604544113422	-0.7322065254737591	-0.7318637576596491	0.0003427678141100232	0.00568003530429501	0.00568003530429501
just	1	56	204	attn	15	utterance_final	0	prompt_without	27	26	-0.6910607701256162	-0.8101030644916353	-0.8111630962008521	-0.0010600317092168687	-0.008904664639254947	0.0
just	1	46	40	attn	16	utterance_final	0	prompt_without	21	20	-0.256647836078297	-0.4329582994634455	-0.43058731339194556	0.0023709860714999365	0.013447789915454651	0.013447789915454651
just	1	50	94	attn	16	utterance_final	0	prompt_without	41	40	-1.0095748901367188	-1.2365570068359375	-1.2351913452148438	0.00136566162109375	0.006016604483882895	0.006016604483882895
just	1	53	394	attn	16	utterance_final	0	prompt_without	50	49	-0.6718604544113422	-0.7322065254737591	-0.7314062735130047	0.0008002519607543945	0.013261044947345153	0.013261044947345153
just	1	56	204	attn	16	utterance_final	0	prompt_without	27	26	-0.6910607701256162	-0.8101030644916353	-0.8113744940076556	-0.0012714295160203282	-0.010680485644128015	0.0
just	1	46	40	attn	17	utterance_final	0	prompt_without	21	20	-0.256647836078297	-0.4329582994634455	-0.4365634267980402	-0.0036051273345947266	-0.020447608527460793	0.0
just	1	50	94	attn	17	utterance_final	0	prompt_without	41	40	-1.0095748901367188	-1.2365570068359375	-1.2359161376953125	0.000640869140625	0.002823434506403146	0.002823434506403146
just	1	53	394	attn	17	utterance_final	0	prompt_without	50	49	-0.6718604544113422	-0.7322065254737591	-0.7314101683682409	0.0007963571055181751	0.013196502961965674	0.013196502961965674
just	1	56	204	attn	17	utterance_final	0	prompt_without	27	26	-0.6910607701256162	-0.8101030644916353	-0.8123595146905809	-0.002256450198945603	-0.018955029478915288	0.0
just	1	46	40	attn	18	utterance_final	0	prompt_without	21	20	-0.256647836078297	-0.4329582994634455	-0.43361531604420056	-0.0006570165807550654	-0.0037264752649411345	0.0
just	1	50	94	attn	18	utterance_final	0	prompt_without	41	40	-1.0095748901367188	-1.2365570068359375	-1.240081787109375	-0.0035247802734375	-0.015528889785217303	0.0
just	1	53	394	attn	18	utterance_final	0	prompt_without	50	49	-0.6718604544113422	-0.7322065254737591	-0.7322565378813908	-5.0012407631694344e-05	-0.0008287599631791398	0.0
just	1	56	204	attn	18	utterance_final	0	prompt_without	27	26	-0.6910607701256162	-0.8101030644916353	-0.8110328628903344	-0.000929798398699111	-0.007810655898820815	0.0
just	1	46	40	attn	19	utterance_final	0	prompt_without	21	20	-0.256647836078297	-0.4329582994634455	-0.4333247759125449	-0.0003664764490994288	-0.002078585933376311	0.0
just	1	50	94	attn	19	utterance_final	0	prompt_without	41	40	-1.0095748901367188	-1.2365570068359375	-1.2368087768554688	-0.00025177001953125	-0.0011092064132298073	0.0
just	1	53	394	attn	19	utterance_final	0	prompt_without	50	49	-0.6718604544113422	-0.7322065254737591	-0.7322942840641943	-8.775859043519407e-05	-0.0014542552462847836	0.0
just	1	56	204	attn	19	utterance_final	0	prompt_without	27	26	-0.6910607701256162	-0.8101030644916353	-0.8117702347891671	-0.001667170297531828	-0.014004856899059615	0.0
just	1	46	40	attn	20	utterance_final	0	prompt_without	21	20	-0.256647836078297	-0.4329582994634455	-0.4334191463210366	-0.000460846857591124	-0.0026138372547090893	0.0
just	1	50	94	attn	20	utterance_final	0	prompt_without	41	40	-1.0095748901367188	-1.2365570068359375	-1.2376632690429688	-0.00110626220703125	-0.004873785755100669	0.0
just	1	53	394	attn	20	utterance_final	0	prompt_without	50	49	-0.6718604544113422	-0.7322065254737591	-0.7316728419271009	0.0005336835466581702	0.008843716538002503	0.008843716538002503
just	1	56	204	attn	20	utterance_final	0	prompt_without	27	26	-0.6910607701256162	-0.8101030644916353	-0.8106847490583148	-0.0005816845666795079	-0.004886368914320515	0.0
just	1	46	40	attn	21	utterance_final	0	prompt_without	21	20	-0.256647836078297	-0.4329582994634455	-0.4329137314449657	4.456801847979586e-05	0.00025278147209242737	0.00025278147209242737
just	1	50	94	attn	21	utterance_final	0	prompt_without	41	40	-1.0095748901367188	-1.2365570068359375	-1.2372589111328125	-0.000701904296875	-0.0030923330308224935	0.0
just	1	53	394	attn	21	utterance_final	0	prompt_without	50	49	-0.6718604544113422	-0.7322065254737591	-0.7324847558449055	-0.00027823037114638183	-0.004610579715431746	0.0
just	1	56	204	attn	21	utterance_final	0	prompt_without	27	26	-0.6910607701256162	-0.8101030644916353	-0.811690194266183	-0.0015871297745477797	-0.013332486432660943	0.0
just	1	46	40	attn	22	utterance_final	0	prompt_without	21	20	-0.256647836078297	-0.4329582994634455	-0.43306357752193103	-0.00010527805848553617	-0.000597117473712024	0.0
just	1	50	94	attn	22	utterance_final	0	prompt_without	41	40	-1.0095748901367188	-1.2365570068359375	-1.2372970581054688	-0.00074005126953125	-0.0032603946085845853	0.0
just	1	53	394	attn	22	utterance_final	0	prompt_without	50	49	-0.6718604544113422	-0.7322065254737591	-0.7317048886726643	0.0005016368010948291	0.008312667125851136	0.008312667125851136
just	1	56	204	attn	22	utterance_final	0	prompt_without	27	26	-0.6910607701256162	-0.8101030644916353	-0.8118760018121629	-0.0017729373205276344	-0.014893339631680718	0.0
just	1	46	40	attn	23	utterance_final	0	prompt_without	21	20	-0.256647836078297	-0.4329582994634455	-0.4326416850090027	0.00031661445444280956	0.001795778017729829	0.001795778017729829
just	1	50	94	attn	23	utterance_final	0	prompt_without	41	40	-1.0095748901367188	-1.2365570068359375	-1.23974609375	-0.0031890869140625	-0.014049947900910893	0.0
just	1	53	394	attn	23	utterance_final	0	prompt_without	50	49	-0.6718604544113422	-0.7322065254737591	-0.7318429556386224	0.00036356983513663454	0.0060247474066801926	0.0060247474066801926
just	1	56	204	attn	23	utterance_final	0	prompt_without	27	26	-0.6910607701256162	-0.8101030644916353	-0.8116317363012404	-0.0015286718096051422	-0.012841417562945637	0.0
just	1	46	40	attn	24	utterance_final	0	prompt_without	21	20	-0.256647836078297	-0.4329582994634455	-0.4331411123275757	-0.0001828128641301885	-0.0010368804018785632	0.0
just	1	50	94	attn	24	utterance_final	0	prompt_without	41	40	-1.0095748901367188	-1.2365570068359375	-1.2376632690429688	-0.00110626220703125	-0.004873785755100669	0.0
just	1	53	394	attn	24	utterance_final	0	prompt_without	50	49	-0.6718604544113422	-0.7322065254737591	-0.7322161649835521	-9.639509793046841e-06	-0.00015973715642691221	0.0
just	1	56	204	attn	24	utterance_final	0	prompt_without	27	26	-0.6910607701256162	-0.8101030644916353	-0.8121191433497837	-0.0020160788581484734	-0.016935819902375537	0.0
just	1	46	40	attn	25	utterance_final	0	prompt_without	21	20	-0.256647836078297	-0.4329582994634455	-0.4330248074098067	-6.650794636120505e-05	-0.00037722064297408765	0.0
just	1	50	94	attn	25	utterance_final	0	prompt_without	41	40	-1.0095748901367188	-1.2365570068359375	-1.2370376586914062	-0.00048065185546875	-0.0021175758798023595	0.0
just	1	53	394	attn	25	utterance_final	0	prompt_without	50	49	-0.6718604544113422	-0.7322065254737591	-0.7323636577047151	-0.00015713223095603635	-0.0026038518861238227	0.0
just	1	56	204	attn	25	utterance_final	0	prompt_without	27	26	-0.6910607701256162	-0.8101030644916353	-0.8090287276676723	0.0010743368239629625	0.009024832977930526	0.009024832977930526
just	1	46	40	attn	26	utterance_final	0	prompt_without	21	20	-0.256647836078297	-0.4329582994634455	-0.4333408908410506	-0.00038259137760510153	-0.0021699867963555536	0.0
just	1	50	94	attn	26	utterance_final	0	prompt_without	41	40	-1.0095748901367188	-1.2365570068359375	-1.2369003295898438	-0.00034332275390625	-0.0015125541998588282	0.0
just	1	53	394	attn	26	utterance_final	0	prompt_without	50	49	-0.6718604544113422	-0.7322065254737591	-0.7325931561404261	-0.0003866306666669983	-0.006406890454676004	0.0
just	1	56	204	attn	26	utterance_final	0	prompt_without	27	26	-0.6910607701256162	-0.8101030644916353	-0.8118407499222529	-0.001737685430617586	-0.014597210511372775	0.0
just	1	46	40	attn	27	utterance_final	0	prompt_without	21	20	-0.256647836078297	-0.4329582994634455	-0.4329083345153115	4.9964948133973675e-05	0.00028339184853042856	0.00028339184853042856
just	1	50	94	attn	27	utterance_final	0	prompt_without	41	40	-1.0095748901367188	-1.2365570068359375	-1.2355575561523438	0.00099945068359375	0.004403213337366811	0.004403213337366811
just	1	53	394	attn	27	utterance_final	0	prompt_without	50	49	-0.6718604544113422	-0.7322065254737591	-0.732031080229529	0.0001754452442300769	0.0029073184242369523	0.0029073184242369523
just	1	56	204	attn	27	utterance_final	0	prompt_without	27	26	-0.6910607701256162	-0.8101030644916353	-0.8098022483644032	0.0003008161272320953	0.002526968493291775	0.002526968493291775
just	1	46	40	attn	28	utterance_final	0	prompt_without	21	20	-0.256647836078297	-0.4329582994634455	-0.4324251575903459	0.0005331418730996074	0.0030238810724180568	0.0030238810724180568
just	1	50	94	attn	28	utterance_final	0	prompt_without	41	40	-1.0095748901367188	-1.2365570068359375	-1.2367019653320312	-0.00014495849609375	-0.0006386339954959497	0.0
just	1	53	394	attn	28	utterance_final	0	prompt_without	50	49	-0.6718604544113422	-0.7322065254737591	-0.732742560320887	-0.0005360348471279419	-0.008882680142896344	0.0
just	1	56	204	attn	28	utterance_final	0	prompt_without	27	26	-0.6910607701256162	-0.8101030644916353	-0.8105491797129313	-0.0004461152212960062	-0.0037475354761252896	0.0
just	1	46	40	attn	29	utterance_final	0	prompt_without	21	20	-0.256647836078297	-0.4329582994634455	-0.4330135367133401	-5.523724989459078e-05	-0.000313295358846205	0.0
just	1	50	94	attn	29	utterance_final	0	prompt_without	41	40	-1.0095748901367188	-1.2365570068359375	-1.2380218505859375	-0.00146484375	-0.006453564586064334	0.0
just	1	53	394	attn	29	utterance_final	0	prompt_without	50	49	-0.6718604544113422	-0.7322065254737591	-0.7324091113846878	-0.0002025859109286987	-0.0033570687761786686	0.0
just	1	56	204	attn	29	utterance_final	0	prompt_without	27	26	-0.6910607701256162	-0.8101030644916353	-0.8114036378406343	-0.0013005733489990234	-0.010925304791254722	0.0
just	1	46	40	attn	30	utterance_final	0	prompt_without	21	20	-0.256647836078297	-0.4329582994634455	-0.4323975606398149	0.0005607388236306132	0.003180405818602409	0.003180405818602409
just	1	50	94	attn	30	utterance_final	0	prompt_without	41	40	-1.0095748901367188	-1.2365570068359375	-1.2376556396484375	-0.0010986328125	-0.004840173439548251	0.0
just	1	53	394	attn	30	utterance_final	0	prompt_without	50	49	-0.6718604544113422	-0.7322065254737591	-0.7323587002425358	-0.00015217476877671388	-0.0025217013485321557	0.0
just	1	56	204	attn	30	utterance_final	0	prompt_without	27	26	-0.6910607701256162	-0.8101030644916353	-0.8114051251184373	-0.0013020606268020485	-0.010937798483609576	0.0
just	1	46	40	attn	31	utterance_final	0	prompt_without	21	20	-0.256647836078297	-0.4329582994634455	-0.4329582994634455	0.0	0.0	0.0
just	1	50	94	attn	31	utterance_final	0	prompt_without	41	40	-1.0095748901367188	-1.2365570068359375	-1.2365570068359375	0.0	0.0	0.0
just	1	53	394	attn	31	utterance_final	0	prompt_without	50	49	-0.6718604544113422	-0.7322065254737591	-0.7322065254737591	0.0	0.0	0.0
just	1	56	204	attn	31	utterance_final	0	prompt_without	27	26	-0.6910607701256162	-0.8101030644916353	-0.8101030644916353	0.0	0.0	0.0
just	1	59	105	attn	0	utterance_final	0	prompt_without	23	22	-0.6711461808946397	-0.8058634532822503	-0.8055032557911344	0.00036019749111593224	0.002673729097480289	0.002673729097480289
just	1	59	105	attn	1	utterance_final	0	prompt_without	23	22	-0.6711461808946397	-0.8058634532822503	-0.8111264771885343	-0.00526302390628397	-0.03906717982784805	0.0
just	1	59	105	attn	2	utterance_final	0	prompt_without	23	22	-0.6711461808946397	-0.8058634532822503	-0.7983862890137566	0.007477164268493652	0.05550263998056792	0.05550263998056792
just	1	59	105	attn	3	utterance_final	0	prompt_without	23	22	-0.6711461808946397	-0.8058634532822503	-0.7865616546736823	0.019301798608567955	0.1432763465773901	0.1432763465773901
just	1	59	105	attn	4	utterance_final	0	prompt_without	23	22	-0.6711461808946397	-0.8058634532822503	-0.7962351308928596	0.009628322389390709	0.07147058590741026	0.07147058590741026
just	1	59	105	attn	5	utterance_final	0	prompt_without	23	22	-0.6711461808946397	-0.8058634532822503	-0.8029498192999098	0.002913633982340458	0.021627768516254593	0.021627768516254593
just	1	59	105	attn	6	utterance_final	0	prompt_without	23	22	-0.6711461808946397	-0.8058634532822503	-0.8120695683691237	-0.006206115086873409	-0.04606770146753775	0.0
just	1	59	105	attn	7	utterance_final	0	prompt_without	23	22	-0.6711461808946397	-0.8058634532822503	-0.7989763816197714	0.0068870716624789274	0.05112241021821865	0.05112241021821865
just	1	59	105	attn	8	utterance_final	0	prompt_without	23	22	-0.6711461808946397	-0.8058634532822503	-0.7974795831574334	0.008383870124816895	0.06223307506326804	0.06223307506326804
just	1	59	105	attn	9	utterance_final	0	prompt_without	23	22	-0.6711461808946397	-0.8058634532822503	-0.8019839723904928	0.003879480891757492	0.02879720486468425	0.02879720486468425
just	1	59	105	attn	10	utterance_final	0	prompt_without	23	22	-0.6711461808946397	-0.8058634532822503	-0.8007769717110528	0.00508648157119751	0.037756714347382335	0.037756714347382335
just	1	59	105	attn	11	utterance_final	0	prompt_without	23	22	-0.6711461808946397	-0.8058634532822503	-0.8047613634003533	0.0011020898818969727	0.008180761548719774	0.008180761548719774
just	1	59	105	attn	12	utterance_final	0	prompt_without	23	22	-0.6711461808946397	-0.8058634532822503	-0.8073421253098382	-0.0014786720275878906	-0.010976113169315314	0.0
just	1	59	105	attn	13	utterance_final	0	prompt_without	23	22	-0.6711461808946397	-0.8058634532822503	-0.8090183138847351	-0.0031548606024848214	-0.023418382413560226	0.0
just	1	59	105	attn	14	utterance_final	0	prompt_without	23	22	-0.6711461808946397	-0.8058634532822503	-0.8036900096469455	0.002173443635304806	0.016133370255978323	0.016133370255978323
just	1	59	105	attn	15	utterance_final	0	prompt_without	23	22	-0.6711461808946397	-0.8058634532822503	-0.8056876460711161	0.0001758072111341935	0.001305008689816391	0.001305008689816391
just	1	59	105	attn	16	utterance_final	0	prompt_without	23	22	-0.6711461808946397	-0.8058634532822503	-0.8045951392915514	0.0012683139906989327	0.009414635318993994	0.009414635318993994
just	1	59	105	attn	17	utterance_final	0	prompt_without	23	22	-0.6711461808946397	-0.8058634532822503	-0.8043825626373291	0.0014808906449211845	0.010992581861814598	0.010992581861814598
just	1	59	105	attn	18	utterance_final	0	prompt_without	23	22	-0.6711461808946397	-0.8058634532822503	-0.805415948232015	0.0004475050502352751	0.0033218090175379062	0.0033218090175379062
just	1	59	105	attn	19	utterance_final	0	prompt_without	23	22	-0.6711461808946397	-0.8058634532822503	-0.8057922522226969	7.120105955338296e-05	0.0005285221285398521	0.0005285221285398521
just	1	59	105	attn	20	utterance_final	0	prompt_without	23	22	-0.6711461808946397	-0.8058634532822503	-0.8055795232454935	0.0002839300367567521	0.0021075993577113435	0.0021075993577113435
just	1	59	105	attn	21	utterance_final	0	prompt_without	23	22	-0.6711461808946397	-0.8058634532822503	-0.8054451015260484	0.0004183517562018624	0.0031054054820689545	0.0031054054820689545
just	1	59	105	attn	22	utterance_final	0	prompt_without	23	22	-0.6711461808946397	-0.8058634532822503	-0.8058191935221354	4.42597601149064e-05	0.00032853812529370067	0.00032853812529370067
just	1	59	105	attn	23	utterance_final	0	prompt_without	23	22	-0.6711461808946397	-0.8058634532822503	-0.8054811225997077	0.0003823306825425643	0.0028380227402653815	0.0028380227402653815
just	1	59	105	attn	24	utterance_final	0	prompt_without	23	22	-0.6711461808946397	-0.8058634532822503	-0.8047652641932169	0.0010981890890333634	0.008151806146086727	0.008151806146086727
just	1	59	105	attn	25	utterance_final	0	prompt_without	23	22	-0.6711461808946397	-0.8058634532822503	-0.8057320581542121	0.00013139512803816977	0.0009753398781718037	0.0009753398781718037
just	1	59	105	attn	26	utterance_final	0	prompt_without	23	22	-0.6711461808946397	-0.8058634532822503	-0.805228955215878	0.0006344980663722799	0.004709849413716547	0.004709849413716547
just	1	59	105	attn	27	utterance_final	0	prompt_without	23	22	-0.6711461808946397	-0.8058634532822503	-0.8059313098589579	-6.785657670760337e-05	-0.0005036961891001282	0.0
just	1	59	105	attn	28	utterance_final	0	prompt_without	23	22	-0.6711461808946397	-0.8058634532822503	-0.80615676773919	-0.00029331445693969727	-0.002177259468969714	0.0
just	1	59	105	attn	29	utterance_final	0	prompt_without	23	22	-0.6711461808946397	-0.8058634532822503	-0.805690586566925	0.00017286671532523723	0.0012831815272199285	0.0012831815272199285
just	1	59	105	attn	30	utterance_final	0	prompt_without	23	22	-0.6711461808946397	-0.8058634532822503	-0.8057418134477403	0.00012163983450996785	0.0009029267914509425	0.0009029267914509425
just	1	59	105	attn	31	utterance_final	0	prompt_without	23	22	-0.6711461808946397	-0.8058634532822503	-0.8058634532822503	0.0	0.0	0.0
just	0	3	10	mlp	0	utterance_final	0	prompt_without	33	32	-0.3928044725347448	-0.7069280280007256	-0.7093720082883481	-0.0024439802876224936	-0.007780315245690557	0.0
just	0	5	4	mlp	0	utterance_final	0	prompt_without	26	25	-0.5373304956837704	-0.9672020673751831	-0.9645956315492329	0.002606435825950215	0.00606328959064376	0.00606328959064376
just	0	7	129	mlp	0	utterance_final	0	prompt_without	34	33	-0.5193182362450494	-0.6508910589747958	-0.6498064233197106	0.0010846356550852088	0.00824361469627413	0.00824361469627413
just	0	18	207	mlp	0	utterance_final	0	prompt_without	54	53	-0.3636698513700251	-0.46461200086694016	-0.4646485730221397	-3.6572155199532386e-05	-0.0003623080683520623	0.0
just	0	3	10	mlp	1	utterance_final	0	prompt_without	33	32	-0.3928044725347448	-0.7069280280007256	-0.7081873505203812	-0.001259322519655548	-0.004009003774923626	0.0
just	0	5	4	mlp	1	utterance_final	0	prompt_without	26	25	-0.5373304956837704	-0.9672020673751831	-0.9614306249116596	0.005771442463523457	0.013425969158217659	0.013425969158217659
just	0	7	129	mlp	1	utterance_final	0	prompt_without	34	33	-0.5193182362450494	-0.6508910589747958	-0.6500964164733887	0.0007946425014071501	0.006039564135819778	0.006039564135819778
just	0	18	207	mlp	1	utterance_final	0	prompt_without	54	53	-0.3636698513700251	-0.46461200086694016	-0.46403544618372333	0.0005765546832168233	0.005711733761271289	0.005711733761271289
just	0	3	10	mlp	2	utterance_final	0	prompt_without	33	32	-0.3928044725347448	-0.7069280280007256	-0.7089312473932902	-0.002003219392564537	-0.0063771702494354425	0.0
just	0	5	4	mlp	2	utterance_final	0	prompt_without	26	25	-0.5373304956837704	-0.9672020673751831	-0.9680449523423847	-0.0008428849672016403	-0.001960783226220675	0.0
just	0	7	129	mlp	2	utterance_final	0	prompt_without	34	33	-0.5193182362450494	-0.6508910589747958	-0.6494720081488291	0.0014190508259667167	0.010785288302900356	0.010785288302900356
just	0	18	207	mlp	2	utterance_final	0	prompt_without	54	53	-0.3636698513700251	-0.46461200086694016	-0.46478199749662163	-0.00016999662968147922	-0.0016840995612707314	0.0
just	0	3	10	mlp	3	utterance_final	0	prompt_without	33	32	-0.3928044725347448	-0.7069280280007256	-0.7028132544623481	0.004114773538377525	0.013099219930430051	0.013099219930430051
just	0	5	4	mlp	3	utterance_final	0	prompt_without	26	25	-0.5373304956837704	-0.9672020673751831	-0.946842770827444	0.02035929654773916	0.0473613467102083	0.0473613467102083
just	0	7	129	mlp	3	utterance_final	0	prompt_without	34	33	-0.5193182362450494	-0.6508910589747958	-0.6477973229355283	0.0030937360392675473	0.023513488386748004	0.023513488386748004
just	0	18	207	mlp	3	utterance_final	0	prompt_without	54	53	-0.3636698513700251	-0.46461200086694016	-0.462200217079698	0.002411783787242161	0.023892732612315424	0.023892732612315424
just	0	3	10	mlp	4	utterance_final	0	prompt_without	33	32	-0.3928044725347448	-0.7069280280007256	-0.7093955499154551	-0.0024675219147294314	-0.00785525909086643	0.0
just	0	5	4	mlp	4	utterance_final	0	prompt_without	26	25	-0.5373304956837704	-0.9672020673751831	-0.9515453451558163	0.01565672221936676	0.036421860040110034	0.036421860040110034
just	0	7	129	mlp	4	utterance_final	0	prompt_without	34	33	-0.5193182362450494	-0.6508910589747958	-0.6480462716685401	0.0028447873062557028	0.02162138994387131	0.02162138994387131
just	0	18	207	mlp	4	utterance_final	0	prompt_without	54	53	-0.3636698513700251	-0.46461200086694016	-0.4640469237377769	0.0005650771291632606	0.005598029485002499	0.005598029485002499
just	0	3	10	mlp	5	utterance_final	0	prompt_without	33	32	-0.3928044725347448	-0.7069280280007256	-0.6829585631688436	0.023969464831882004	0.07630584976769711	0.07630584976769711
just	0	5	4	mlp	5	utterance_final	0	prompt_without	26	25	-0.5373304956837704	-0.9672020673751831	-0.9405830784847862	0.026618988890396933	0.06192311993477351	0.06192311993477351
just	0	7	129	mlp	5	utterance_final	0	prompt_without	34	33	-0.5193182362450494	-0.6508910589747958	-0.6587710645463731	-0.007880005571577309	-0.059890830097663994	0.0
just	0	18	207	mlp	5	utterance_final	0	prompt_without	54	53	-0.3636698513700251	-0.46461200086694016	-0.462121281707496	0.0024907191594441547	0.024674718854885046	0.024674718854885046
just	0	3	10	mlp	6	utterance_final	0	prompt_without	33	32	-0.3928044725347448	-0.7069280280007256	-0.6560463596273352	0.050881668373390476	0.16197979262621998	0.16197979262621998
just	0	5	4	mlp	6	utterance_final	0	prompt_without	26	25	-0.5373304956837704	-0.9672020673751831	-0.9336932834826017	0.033508783892581384	0.07795068597054373	0.07795068597054373
just	0	7	129	mlp	6	utterance_final	0	prompt_without	34	33	-0.5193182362450494	-0.6508910589747958	-0.6357510917716556	0.015139967203140259	0.11506910689480374	0.11506910689480374
just	0	18	207	mlp	6	utterance_final	0	prompt_without	54	53	-0.3636698513700251	-0.46461200086694016	-0.4761708723871331	-0.01155887152019297	-0.1145098611214558	0.0
just	0	3	10	mlp	7	utterance_final	0	prompt_without	33	32	-0.3928044725347448	-0.7069280280007256	-0.7040156126022339	0.002912415398491741	0.009271560020933076	0.009271560020933076
just	0	5	4	mlp	7	utterance_final	0	prompt_without	26	25	-0.5373304956837704	-0.9672020673751831	-0.9645627674303556	0.002639299944827478	0.006139740607741617	0.006139740607741617
just	0	7	129	mlp	7	utterance_final	0	prompt_without	34	33	-0.5193182362450494	-0.6508910589747958	-0.6389772527747684	0.011913806200027466	0.0905491419341112	0.0905491419341112
just	0	18	207	mlp	7	utterance_final	0	prompt_without	54	53	-0.3636698513700251	-0.46461200086694016	-0.46915959684472336	-0.004547595977783203	-0.04505150722912023	0.0
just	0	3	10	mlp	8	utterance_final	0	prompt_without	33	32	-0.3928044725347448	-0.7069280280007256	-0.7028698523839315	0.004058175616794113	0.012919042670245112	0.012919042670245112
just	0	5	4	mlp	8	utterance_final	0	prompt_without	26	25	-0.5373304956837704	-0.9672020673751831	-0.9492004294144479	0.018001637960735173	0.041876781685991134	0.041876781685991134
just	0	7	129	mlp	8	utterance_final	0	prompt_without	34	33	-0.5193182362450494	-0.6508910589747958	-0.6571320427788628	-0.006240983804067013	-0.04743368481868124	0.0
just	0	18	207	mlp	8	utterance_final	0	prompt_without	54	53	-0.3636698513700251	-0.46461200086694016	-0.46121823996828315	0.0033937608986570056	0.033620850314473684	0.033620850314473684
just	0	3	10	mlp	9	utterance_final	0	prompt_without	33	32	-0.3928044725347448	-0.7069280280007256	-0.8372545418915925	-0.1303265138908669	-0.4148893377242482	0.0
just	0	5	4	mlp	9	utterance_final	0	prompt_without	26	25	-0.5373304956837704	-0.9672020673751831	-0.9635571743312635	0.0036448930439195726	0.00847902788634763	0.00847902788634763
just	0	7	129	mlp	9	utterance_final	0	prompt_without	34	33	-0.5193182362450494	-0.6508910589747958	-0.6422551274299622	0.008635931544833664	0.06563613492257486	0.06563613492257486
just	0	18	207	mlp	9	utterance_final	0	prompt_without	54	53	-0.3636698513700251	-0.46461200086694016	-0.4592927380612022	0.005319262805737968	0.052696151530838294	0.052696151530838294
just	0	3	10	mlp	10	utterance_final	0	prompt_without	33	32	-0.3928044725347448	-0.7069280280007256	-0.6959538636384187	0.010974164362306915	0.0349358211803871	0.0349358211803871
just	0	5	4	mlp	10	utterance_final	0	prompt_without	26	25	-0.5373304956837704	-0.9672020673751831	-0.9546022477902865	0.012599819584896643	0.02931066024049979	0.02931066024049979
just	0	7	129	mlp	10	utterance_final	0	prompt_without	34	33	-0.5193182362450494	-0.6508910589747958	-0.6505440904034508	0.0003469685713449744	0.002637083891235317	0.002637083891235317
just	0	18	207	mlp	10	utterance_final	0	prompt_without	54	53	-0.3636698513700251	-0.46461200086694016	-0.4724636998092919	-0.00785169894235177	-0.07778414647878813	0.0
just	0	3	10	mlp	11	utterance_final	0	prompt_without	33	32	-0.3928044725347448	-0.7069280280007256	-0.7231323100902416	-0.016204282089515964	-0.051585695525055486	0.0
just	0	5	4	mlp	11	utterance_final	0	prompt_without	26	25	-0.5373304956837704	-0.9672020673751831	-0.957883075663918	0.009318991711265157	0.021678548489721675	0.021678548489721675
just	0	7	129	mlp	11	utterance_final	0	prompt_without	34	33	-0.5193182362450494	-0.6508910589747958	-0.6559567815727658	-0.005065722597970002	-0.03850128387360899	0.0
just	0	18	207	mlp	11	utterance_final	0	prompt_without	54	53	-0.3636698513700251	-0.46461200086694016	-0.47813776501438077	-0.013525764147440611	-0.133995206312245	0.0
just	0	3	10	mlp	12	utterance_final	0	prompt_without	33	32	-0.3928044725347448	-0.7069280280007256	-0.7055265991776077	0.0014014288231178895	0.004461393610036553	0.004461393610036553
just	0	5	4	mlp	12	utterance_final	0	prompt_without	26	25	-0.5373304956837704	-0.9672020673751831	-0.9368082912344682	0.030393776140714923	0.07070431762008533	0.07070431762008533
just	0	7	129	mlp	12	utterance_final	0	prompt_without	34	33	-0.5193182362450494	-0.6508910589747958	-0.6543525722291734	-0.0034615132543776017	-0.026308725332188303	0.0
just	0	18	207	mlp	12	utterance_final	0	prompt_without	54	53	-0.3636698513700251	-0.46461200086694016	-0.4656297825930411	-0.0010177817261009525	-0.01008282200422191	0.0
just	0	3	10	mlp	13	utterance_final	0	prompt_without	33	32	-0.3928044725347448	-0.7069280280007256	-0.7114849178879349	-0.004556889887209259	-0.014506679960531533	0.0
just	0	5	4	mlp	13	utterance_final	0	prompt_without	26	25	-0.5373304956837704	-0.9672020673751831	-0.9662387433804964	0.0009633239946866823	0.0022409576676501266	0.0022409576676501266
just	0	7	129	mlp	13	utterance_final	0	prompt_without	34	33	-0.5193182362450494	-0.6508910589747958	-0.6485777993996938	0.002313259575101978	0.017581591145562524	0.017581591145562524
just	0	18	207	mlp	13	utterance_final	0	prompt_without	54	53	-0.3636698513700251	-0.46461200086694016	-0.4636294569885522	0.0009825438783879759	0.00973373247236036	0.00973373247236036
just	0	3	10	mlp	14	utterance_final	0	prompt_without	33	32	-0.3928044725347448	-0.7069280280007256	-0.7083395145557545	-0.0014114865550288735	-0.004493412004505774	0.0
just	0	5	4	mlp	14	utterance_final	0	prompt_without	26	25	-0.5373304956837704	-0.9672020673751831	-0.9649332573539332	0.0022688100212499007	0.005277878721597779	0.005277878721597779
just	0	7	129	mlp	14	utterance_final	0	prompt_without	34	33	-0.5193182362450494	-0.6508910589747958	-0.6531412866380479	-0.0022502276632521134	-0.0171025263163513	0.0
just	0	18	207	mlp	14	utterance_final	0	prompt_without	54	53	-0.3636698513700251	-0.46461200086694016	-0.46436099629653127	0.0002510045704088859	0.002486618044690608	0.002486618044690608
just	0	3	10	mlp	15	utterance_final	0	prompt_without	33	32	-0.3928044725347448	-0.7069280280007256	-0.7080295350816515	-0.0011015070809258232	-0.0035066045247444523	0.0
just	0	5	4	mlp	15	utterance_final	0	prompt_without	26	25	-0.5373304956837704	-0.9672020673751831	-0.9662436184130216	0.0009584489621614622	0.0022296169955837272	0.0022296169955837272
just	0	7	129	mlp	15	utterance_final	0	prompt_without	34	33	-0.5193182362450494	-0.6508910589747958	-0.6493300431304507	0.0015610158443450928	0.011864272666335163	0.011864272666335163
just	0	18	207	mlp	15	utterance_final	0	prompt_without	54	53	-0.3636698513700251	-0.46461200086694016	-0.463339602738096	0.0012723981288441655	0.012605221259757817	0.012605221259757817
just	0	3	10	mlp	16	utterance_final	0	prompt_without	33	32	-0.3928044725347448	-0.7069280280007256	-0.7051827907562256	0.001745237244500042	0.0055558942146541725	0.0055558942146541725
just	0	5	4	mlp	16	utterance_final	0	prompt_without	26	25	-0.5373304956837704	-0.9672020673751831	-0.9640905104185405	0.0031115569566425583	0.007238340847708391	0.007238340847708391
just	0	7	129	mlp	16	utterance_final	0	prompt_without	34	33	-0.5193182362450494	-0.6508910589747958	-0.6514588528209262	-0.0005677938461303711	-0.00431543410219778	0.0
just	0	18	207	mlp	16	utterance_final	0	prompt_without	54	53	-0.3636698513700251	-0.46461200086694016	-0.4652881998764841	-0.0006761990095439652	-0.006698876662663409	0.0
just	0	3	10	mlp	17	utterance_final	0	prompt_without	33	32	-0.3928044725347448	-0.7069280280007256	-0.7075424768306591	-0.000614448829933445	-0.0019560737144400145	0.0
just	0	5	4	mlp	17	utterance_final	0	prompt_without	26	25	-0.5373304956837704	-0.9672020673751831	-0.9631219474892867	0.004080119885896405	0.009491485724078905	0.009491485724078905
just	0	7	129	mlp	17	utterance_final	0	prompt_without	34	33	-0.5193182362450494	-0.6508910589747958	-0.6515230900711484	-0.0006320310963525699	-0.004803659929458046	0.0
just	0	18	207	mlp	17	utterance_final	0	prompt_without	54	53	-0.3636698513700251	-0.46461200086694016	-0.46450922781961007	0.00010277304733008474	0.0010181380904042037	0.0010181380904042037
just	0	3	10	mlp	18	utterance_final	0	prompt_without	33	32	-0.3928044725347448	-0.7069280280007256	-0.7009563622651277	0.005971665735597931	0.01901056330124423	0.01901056330124423
just	0	5	4	mlp	18	utterance_final	0	prompt_without	26	25	-0.5373304956837704	-0.9672020673751831	-0.9651750451640079	0.0020270222111752334	0.00471541349710455	0.00471541349710455
just	0	7	129	mlp	18	utterance_final	0	prompt_without	34	33	-0.5193182362450494	-0.6508910589747958	-0.6504983239703708	0.00039273500442504883	0.0029849249736910743	0.0029849249736910743
just	0	18	207	mlp	18	utterance_final	0	prompt_without	54	53	-0.3636698513700251	-0.46461200086694016	-0.4650495930721885	-0.0004375922052483605	-0.00433507912630426	0.0
just	0	3	10	mlp	19	utterance_final	0	prompt_without	33	32	-0.3928044725347448	-0.7069280280007256	-0.7040690095336349	0.0028590184670906904	0.009101572987258253	0.009101572987258253
just	0	5	4	mlp	19	utterance_final	0	prompt_without	26	25	-0.5373304956837704	-0.9672020673751831	-0.9655669864855314	0.0016350808896516966	0.0038036497347757967	0.0038036497347757967
just	0	7	129	mlp	19	utterance_final	0	prompt_without	34	33	-0.5193182362450494	-0.6508910589747958	-0.6501825451850891	0.0007085137897067106	0.005384955456660027	0.005384955456660027
just	0	18	207	mlp	19	utterance_final	0	prompt_without	54	53	-0.3636698513700251	-0.46461200086694016	-0.465298148623684	-0.0006861477567438601	-0.006797435562483538	0.0
just	0	3	10	mlp	20	utterance_final	0	prompt_without	33	32	-0.3928044725347448	-0.7069280280007256	-0.7057033953843294	0.0012246326163962706	0.0038985698305229353	0.0038985698305229353
just	0	5	4	mlp	20	utterance_final	0	prompt_without	26	25	-0.5373304956837704	-0.9672020673751831	-0.964015007019043	0.0031870603561401367	0.007413982607875261	0.007413982607875261
just	0	7	129	mlp	20	utterance_final	0	prompt_without	34	33	-0.5193182362450494	-0.6508910589747958	-0.6509171956115298	-2.613663673400879e-05	-0.00019864768568273426	0.0
just	0	18	207	mlp	20	utterance_final	0	prompt_without	54	53	-0.3636698513700251	-0.46461200086694016	-0.46530130244137946	-0.000689301574439305	-0.006828679376006067	0.0
just	0	3	10	mlp	21	utterance_final	0	prompt_without	33	32	-0.3928044725347448	-0.7069280280007256	-0.7054652770360311	0.0014627509646945036	0.004656610239001696	0.004656610239001696
just	0	5	4	mlp	21	utterance_final	0	prompt_without	26	25	-0.5373304956837704	-0.9672020673751831	-0.964273590790598	0.00292847658458506	0.006812445338179503	0.006812445338179503
just	0	7	129	mlp	21	utterance_final	0	prompt_without	34	33	-0.5193182362450494	-0.6508910589747958	-0.6510593791802725	-0.0001683202054766353	-0.0012792931092036291	0.0
just	0	18	207	mlp	21	utterance_final	0	prompt_without	54	53	-0.3636698513700251	-0.46461200086694016	-0.4643755377384654	0.00023646312847475093	0.0023425608593957833	0.0023425608593957833
just	0	3	10	mlp	22	utterance_final	0	prompt_without	33	32	-0.3928044725347448	-0.7069280280007256	-0.7063443749039261	0.0005836530967995301	0.0018580367076697598	0.0018580367076697598
just	0	5	4	mlp	22	utterance_final	0	prompt_without	26	25	-0.5373304956837704	-0.9672020673751831	-0.9650835112521523	0.0021185561230308014	0.00492834665640934	0.00492834665640934
just	0	7	129	mlp	22	utterance_final	0	prompt_without	34	33	-0.5193182362450494	-0.6508910589747958	-0.6511290073394775	-0.0002379483646817171	-0.0018084917519058505	0.0
just	0	18	207	mlp	22	utterance_final	0	prompt_without	54	53	-0.3636698513700251	-0.46461200086694016	-0.4649646805043806	-0.00035267963744045616	-0.0034938788127474403	0.0
just	0	3	10	mlp	23	utterance_final	0	prompt_without	33	32	-0.3928044725347448	-0.7069280280007256	-0.706919444931878	8.58306884765625e-06	2.7323862532129608e-05	2.7323862532129608e-05
just	0	5	4	mlp	23	utterance_final	0	prompt_without	26	25	-0.5373304956837704	-0.9672020673751831	-0.9668334471551996	0.00036862021998351757	0.0008575124391992478	0.0008575124391992478
just	0	7	129	mlp	23	utterance_final	0	prompt_without	34	33	-0.5193182362450494	-0.6508910589747958	-0.651057137383355	-0.00016607840855920042	-0.001262254659538081	0.0
just	0	18	207	mlp	23	utterance_final	0	prompt_without	54	53	-0.3636698513700251	-0.46461200086694016	-0.46522099720804316	-0.0006089963411030075	-0.0060331223788891025	0.0
just	0	3	10	mlp	24	utterance_final	0	prompt_without	33	32	-0.3928044725347448	-0.7069280280007256	-0.7062361461144907	0.0006918818862349241	0.002202578807592333	0.002202578807592333
just	0	5	4	mlp	24	utterance_final	0	prompt_without	26	25	-0.5373304956837704	-0.9672020673751831	-0.9659874000047383	0.001214667370444844	0.002825651777030756	0.002825651777030756
just	0	7	129	mlp	24	utterance_final	0	prompt_without	34	33	-0.5193182362450494	-0.6508910589747958	-0.6507486999034882	0.0001423590713076628	0.0010819793051036954	0.0010819793051036954
just	0	18	207	mlp	24	utterance_final	0	prompt_without	54	53	-0.3636698513700251	-0.46461200086694016	-0.4649683989976582	-0.0003563981307180275	-0.0035307166777632333	0.0
just	0	3	10	mlp	25	utterance_final	0	prompt_without	33	32	-0.3928044725347448	-0.7069280280007256	-0.7061046847590694	0.000823343241656227	0.0026210808687519584	0.0026210808687519584
just	0	5	4	mlp	25	utterance_final	0	prompt_without	26	25	-0.5373304956837704	-0.9672020673751831	-0.9674425940764578	-0.00024052670127472364	-0.0005595315371247392	0.0
just	0	7	129	mlp	25	utterance_final	0	prompt_without	34	33	-0.5193182362450494	-0.6508910589747958	-0.650498777627945	0.0003922813468508757	0.002981477015634379	0.002981477015634379
just	0	18	207	mlp	25	utterance_final	0	prompt_without	54	53	-0.3636698513700251	-0.46461200086694016	-0.46461068329058197	1.3175763581840805e-06	1.305278681651561e-05	1.305278681651561e-05
just	0	3	10	mlp	26	utterance_final	0	prompt_without	33	32	-0.3928044725347448	-0.7069280280007256	-0.7073661927823667	-0.00043816478164104833	-0.0013948803711681566	0.0
just	0	5	4	mlp	26	utterance_final	0	prompt_without	26	25	-0.5373304956837704	-0.9672020673751831	-0.9671301904477572	7.18769274259401e-05	0.00016720558454965154	0.00016720558454965154
just	0	7	129	mlp	26	utterance_final	0	prompt_without	34	33	-0.5193182362450494	-0.6508910589747958	-0.6509214209185706	-3.0361943774814826e-05	-0.00023076151400338153	0.0
just	0	18	207	mlp	26	utterance_final	0	prompt_without	54	53	-0.3636698513700251	-0.46461200086694016	-0.4644309156819394	0.0001810851850007622	0.0017939501576226733	0.0017939501576226733
just	0	3	10	mlp	27	utterance_final	0	prompt_without	33	32	-0.3928044725347448	-0.7069280280007256	-0.7064546434967606	0.0004733845039650575	0.001507000973750039	0.001507000973750039
just	0	5	4	mlp	27	utterance_final	0	prompt_without	26	25	-0.5373304956837704	-0.9672020673751831	-0.9660403038326063	0.0011617635425767991	0.002702582862145585	0.002702582862145585
just	0	7	129	mlp	27	utterance_final	0	prompt_without	34	33	-0.5193182362450494	-0.6508910589747958	-0.650671210553911	0.00021984842088484946	0.0016709257757312318	0.0016709257757312318
just	0	18	207	mlp	27	utterance_final	0	prompt_without	54	53	-0.3636698513700251	-0.46461200086694016	-0.46475578400126677	-0.00014378313432661383	-0.0014244112597484172	0.0
just	0	3	10	mlp	28	utterance_final	0	prompt_without	33	32	-0.3928044725347448	-0.7069280280007256	-0.7053596531903302	0.001568374810395401	0.004992859602868127	0.004992859602868127
just	0	5	4	mlp	28	utterance_final	0	prompt_without	26	25	-0.5373304956837704	-0.9672020673751831	-0.9665708353644923	0.0006312320106908187	0.0014684199939231026	0.0014684199939231026
just	0	7	129	mlp	28	utterance_final	0	prompt_without	34	33	-0.5193182362450494	-0.6508910589747958	-0.6511716279718611	-0.00028056899706530025	-0.002132423636160754	0.0
just	0	18	207	mlp	28	utterance_final	0	prompt_without	54	53	-0.3636698513700251	-0.46461200086694016	-0.46472855618125514	-0.00011655531431498112	-0.0011546743842476153	0.0
just	0	3	10	mlp	29	utterance_final	0	prompt_without	33	32	-0.3928044725347448	-0.7069280280007256	-0.7071861823399862	-0.0002581543392605745	-0.0008218241986902899	0.0
just	0	5	4	mlp	29	utterance_final	0	prompt_without	26	25	-0.5373304956837704	-0.9672020673751831	-0.9675490040528146	-0.00034693667763152636	-0.0008070705310110111	0.0
just	0	7	129	mlp	29	utterance_final	0	prompt_without	34	33	-0.5193182362450494	-0.6508910589747958	-0.6510626508129967	-0.00017159183820092405	-0.0013041586753320443	0.0
just	0	18	207	mlp	29	utterance_final	0	prompt_without	54	53	-0.3636698513700251	-0.46461200086694016	-0.46522780259450275	-0.0006158017275625927	-0.006100541058731987	0.0
just	0	3	10	mlp	30	utterance_final	0	prompt_without	33	32	-0.3928044725347448	-0.7069280280007256	-0.7083629148977774	-0.0014348868970517348	-0.004567906074166193	0.0
just	0	5	4	mlp	30	utterance_final	0	prompt_without	26	25	-0.5373304956837704	-0.9672020673751831	-0.9676690666299117	-0.00046699925472859505	-0.0010863692448679413	0.0
just	0	7	129	mlp	30	utterance_final	0	prompt_without	34	33	-0.5193182362450494	-0.6508910589747958	-0.6507347060574425	0.00015635291735327517	0.0011883374857315904	0.0011883374857315904
just	0	18	207	mlp	30	utterance_final	0	prompt_without	54	53	-0.3636698513700251	-0.46461200086694016	-0.46489771834590976	-0.00028571747896960487	-0.0028305071805344987	0.0
just	0	3	10	mlp	31	utterance_final	0	prompt_without	33	32	-0.3928044725347448	-0.7069280280007256	-0.7069280280007256	0.0	0.0	0.0
just	0	5	4	mlp	31	utterance_final	0	prompt_without	26	25	-0.5373304956837704	-0.9672020673751831	-0.9672020673751831	0.0	0.0	0.0
just	0	7	129	mlp	31	utterance_final	0	prompt_without	34	33	-0.5193182362450494	-0.6508910589747958	-0.6508910589747958	0.0	0.0	0.0
just	0	18	207	mlp	31	utterance_final	0	prompt_without	54	53	-0.3636698513700251	-0.46461200086694016	-0.46461200086694016	0.0	0.0	0.0
just	0	22	3	mlp	0	utterance_final	0	prompt_without	40	39	-0.8287898812975202	-1.4369443825313024	-1.4312245164598738	0.005719866071428603	0.009405284446344687	0.009405284446344687
just	0	37	101	mlp	0	utterance_final	0	prompt_without	21	20	-0.3864322785408266	-0.5383535738914244	-0.5378660848063808	0.0004874890850435909	0.003208826543497958	0.003208826543497958
just	0	43	47	mlp	0	utterance_final	0	prompt_without	25	24	-0.49048052355647087	-0.6851614080369473	-0.685001615434885	0.00015979260206222534	0.0008207924598691156	0.0008207924598691156
just	0	44	322	mlp	0	utterance_final	0	prompt_without	28	27	-0.7742102278603448	-0.8606619371308221	-0.8595572180218167	0.0011047191090053365	0.012778453061570537	0.012778453061570537
just	0	22	3	mlp	1	utterance_final	0	prompt_without	40	39	-0.8287898812975202	-1.4369443825313024	-1.4292365312576294	0.0077078512736730165	0.012674166281817952	0.012674166281817952
just	0	37	101	mlp	1	utterance_final	0	prompt_without	21	20	-0.3864322785408266	-0.5383535738914244	-0.5384417580020043	-8.818411057998077e-05	-0.0005804591803701588	0.0
just	0	43	47	mlp	1	utterance_final	0	prompt_without	25	24	-0.49048052355647087	-0.6851614080369473	-0.6917242035269737	-0.006562795490026474	-0.03371052842470841	0.0
just	0	44	322	mlp	1	utterance_final	0	prompt_without	28	27	-0.7742102278603448	-0.8606619371308221	-0.8604235185517205	0.0002384185791015625	0.0027578237736819496	0.0027578237736819496
just	0	22	3	mlp	2	utterance_final	0	prompt_without	40	39	-0.8287898812975202	-1.4369443825313024	-1.434223975454058	0.0027204070772444133	0.004473217038968614	0.004473217038968614
just	0	37	101	mlp	2	utterance_final	0	prompt_without	21	20	-0.3864322785408266	-0.5383535738914244	-0.5366161677145189	0.0017374061769054316	0.011436225401421947	0.011436225401421947
just	0	43	47	mlp	2	utterance_final	0	prompt_without	25	24	-0.49048052355647087	-0.6851614080369473	-0.6815491057932377	0.003612302243709564	0.01855499194668917	0.01855499194668917
just	0	44	322	mlp	2	utterance_final	0	prompt_without	28	27	-0.7742102278603448	-0.8606619371308221	-0.8590860896640353	0.0015758474667867395	0.01822806605079908	0.01822806605079908
just	0	22	3	mlp	3	utterance_final	0	prompt_without	40	39	-0.8287898812975202	-1.4369443825313024	-1.3936790568487984	0.04326532568250396	0.07114199696743218	0.07114199696743218
just	0	37	101	mlp	3	utterance_final	0	prompt_without	21	20	-0.3864322785408266	-0.5383535738914244	-0.5352779473027875	0.003075626588636804	0.020244868117659208	0.020244868117659208
just	0	43	47	mlp	3	utterance_final	0	prompt_without	25	24	-0.49048052355647087	-0.6851614080369473	-0.6816453598439693	0.0035160481929779053	0.018060572317414723	0.018060572317414723
just	0	44	322	mlp	3	utterance_final	0	prompt_without	28	27	-0.7742102278603448	-0.8606619371308221	-0.8521499236424764	0.008512013488345627	0.09845974776177646	0.09845974776177646
just	0	22	3	mlp	4	utterance_final	0	prompt_without	40	39	-0.8287898812975202	-1.4369443825313024	-1.4189301218305315	0.018014260700770945	0.029621191102301877	0.029621191102301877
just	0	37	101	mlp	4	utterance_final	0	prompt_without	21	20	-0.3864322785408266	-0.5383535738914244	-0.5277258734549245	0.010627700436499854	0.06995530423811674	0.06995530423811674
just	0	43	47	mlp	4	utterance_final	0	prompt_without	25	24	-0.49048052355647087	-0.6851614080369473	-0.612929742783308	0.07223166525363922	0.37102597641466434	0.37102597641466434
just	0	44	322	mlp	4	utterance_final	0	prompt_without	28	27	-0.7742102278603448	-0.8606619371308221	-0.8614514138963487	-0.0007894767655266532	-0.009131997183036086	0.0
just	0	22	3	mlp	5	utterance_final	0	prompt_without	40	39	-0.8287898812975202	-1.4369443825313024	-1.5180864674704415	-0.0811420849391391	-0.13342347178969094	0.0
just	0	37	101	mlp	5	utterance_final	0	prompt_without	21	20	-0.3864322785408266	-0.5383535738914244	-0.5450090246815835	-0.0066554507901591675	-0.04380854425181138	0.0
just	0	43	47	mlp	5	utterance_final	0	prompt_without	25	24	-0.49048052355647087	-0.6851614080369473	-0.6746130771934986	0.010548330843448639	0.05418267372062654	0.05418267372062654
just	0	44	322	mlp	5	utterance_final	0	prompt_without	28	27	-0.7742102278603448	-0.8606619371308221	-0.8724098867840238	-0.011747949653201695	-0.135890310930076	0.0
just	0	22	3	mlp	6	utterance_final	0	prompt_without	40	39	-0.8287898812975202	-1.4369443825313024	-1.4690312487738473	-0.032086866242544865	-0.0527610437437349	0.0
just	0	37	101	mlp	6	utterance_final	0	prompt_without	21	20	-0.3864322785408266	-0.5383535738914244	-0.5393948478083457	-0.0010412739169213259	-0.0068540352721342766	0.0
just	0	43	47	mlp	6	utterance_final	0	prompt_without	25	24	-0.49048052355647087	-0.6851614080369473	-0.5789882354438305	0.10617317259311676	0.5453703011286882	0.5453703011286882
just	0	44	322	mlp	6	utterance_final	0	prompt_without	28	27	-0.7742102278603448	-0.8606619371308221	-0.8570570349693298	0.0036049021614922294	0.04169844867050281	0.04169844867050281
just	0	22	3	mlp	7	utterance_final	0	prompt_without	40	39	-0.8287898812975202	-1.4369443825313024	-1.3331671272005354	0.10377725533076698	0.17064291248396712	0.17064291248396712
just	0	37	101	mlp	7	utterance_final	0	prompt_without	21	20	-0.3864322785408266	-0.5383535738914244	-0.5474390137580133	-0.00908543986658894	-0.05980359662957017	0.0
just	0	43	47	mlp	7	utterance_final	0	prompt_without	25	24	-0.49048052355647087	-0.6851614080369473	-0.6102713979780674	0.07489001005887985	0.3846808599556687	0.3846808599556687
just	0	44	322	mlp	7	utterance_final	0	prompt_without	28	27	-0.7742102278603448	-0.8606619371308221	-0.8603711393144395	0.00029079781638252644	0.0033637023355168297	0.0033637023355168297
just	0	22	3	mlp	8	utterance_final	0	prompt_without	40	39	-0.8287898812975202	-1.4369443825313024	-1.4113792862210954	0.02556509631020698	0.04203717354445665	0.04203717354445665
just	0	37	101	mlp	8	utterance_final	0	prompt_without	21	20	-0.3864322785408266	-0.5383535738914244	-0.5352422037432271	0.00311137014819729	0.02048014493963468	0.02048014493963468
just	0	43	47	mlp	8	utterance_final	0	prompt_without	25	24	-0.49048052355647087	-0.6851614080369473	-0.6149075217545033	0.070253886282444	0.3608668949184347	0.3608668949184347
just	0	44	322	mlp	8	utterance_final	0	prompt_without	28	27	-0.7742102278603448	-0.8606619371308221	-0.8558163576655917	0.004845579465230343	0.05604955073901676	0.05604955073901676
just	0	22	3	mlp	9	utterance_final	0	prompt_without	40	39	-0.8287898812975202	-1.4369443825313024	-1.3975332123892648	0.039411170142037655	0.06480453579161705	0.06480453579161705
just	0	37	101	mlp	9	utterance_final	0	prompt_without	21	20	-0.3864322785408266	-0.5383535738914244	-0.5480754760003859	-0.009721902108961511	-0.06399301748004257	0.0
just	0	43	47	mlp	9	utterance_final	0	prompt_without	25	24	-0.49048052355647087	-0.6851614080369473	-0.6910696104168892	-0.00590820237994194	-0.030348138163171567	0.0
just	0	44	322	mlp	9	utterance_final	0	prompt_without	28	27	-0.7742102278603448	-0.8606619371308221	-0.862863818804423	-0.002201881673600914	-0.025469498430759685	0.0
just	0	22	3	mlp	10	utterance_final	0	prompt_without	40	39	-0.8287898812975202	-1.4369443825313024	-1.5002467121396745	-0.06330232960837212	-0.1040892231825115	0.0
just	0	37	101	mlp	10	utterance_final	0	prompt_without	21	20	-0.3864322785408266	-0.5383535738914244	-0.5451612357170351	-0.006807661825610767	-0.044810451424208336	0.0
just	0	43	47	mlp	10	utterance_final	0	prompt_without	25	24	-0.49048052355647087	-0.6851614080369473	-0.6819587610661983	0.0032026469707489014	0.016450752107971235	0.016450752107971235
just	0	44	322	mlp	10	utterance_final	0	prompt_without	28	27	-0.7742102278603448	-0.8606619371308221	-0.8609188596407572	-0.00025692250993514243	-0.002971861541005758	0.0
just	0	22	3	mlp	11	utterance_final	0	prompt_without	40	39	-0.8287898812975202	-1.4369443825313024	-1.423638837678092	0.01330554485321045	0.02187856017873266	0.02187856017873266
just	0	37	101	mlp	11	utterance_final	0	prompt_without	21	20	-0.3864322785408266	-0.5383535738914244	-0.5289117905401415	0.009441783351282873	0.06214917618687698	0.06214917618687698
just	0	43	47	mlp	11	utterance_final	0	prompt_without	25	24	-0.49048052355647087	-0.6851614080369473	-0.6574959866702557	0.02766542136669159	0.14210651158956503	0.14210651158956503
just	0	44	322	mlp	11	utterance_final	0	prompt_without	28	27	-0.7742102278603448	-0.8606619371308221	-0.8633863992161221	-0.0027244620853000834	-0.03151426511159184	0.0
just	0	22	3	mlp	12	utterance_final	0	prompt_without	40	39	-0.8287898812975202	-1.4369443825313024	-1.3677479199000768	0.06919646263122559	0.11378105808777957	0.11378105808777957
just	0	37	101	mlp	12	utterance_final	0	prompt_without	21	20	-0.3864322785408266	-0.5383535738914244	-0.530082106590271	0.008271467301153357	0.05444573969741901	0.05444573969741901
just	0	43	47	mlp	12	utterance_final	0	prompt_without	25	24	-0.49048052355647087	-0.6851614080369473	-0.6686531789600849	0.016508229076862335	0.08479635338064158	0.08479635338064158
just	0	44	322	mlp	12	utterance_final	0	prompt_without	28	27	-0.7742102278603448	-0.8606619371308221	-0.8610147701369392	-0.00035283300611710366	-0.004081272760185829	0.0
just	0	22	3	mlp	13	utterance_final	0	prompt_without	40	39	-0.8287898812975202	-1.4369443825313024	-1.4071766819272722	0.029767700604030223	0.048947595625189896	0.048947595625189896
just	0	37	101	mlp	13	utterance_final	0	prompt_without	21	20	-0.3864322785408266	-0.5383535738914244	-0.5397532947601811	-0.0013997208687567264	-0.00921346059830854	0.0
just	0	43	47	mlp	13	utterance_final	0	prompt_without	25	24	-0.49048052355647087	-0.6851614080369473	-0.6836447268724442	0.0015166811645030975	0.007790601365668227	0.007790601365668227
just	0	44	322	mlp	13	utterance_final	0	prompt_without	28	27	-0.7742102278603448	-0.8606619371308221	-0.8562776711252	0.004384266005622028	0.05071346816180565	0.05071346816180565
just	0	22	3	mlp	14	utterance_final	0	prompt_without	40	39	-0.8287898812975202	-1.4369443825313024	-1.4409204891749792	-0.003976106643676758	-0.006537987691631493	0.0
just	0	37	101	mlp	14	utterance_final	0	prompt_without	21	20	-0.3864322785408266	-0.5383535738914244	-0.5398316960180959	-0.0014781221266715328	-0.009729525562959316	0.0
just	0	43	47	mlp	14	utterance_final	0	prompt_without	25	24	-0.49048052355647087	-0.6851614080369473	-0.6963290832936764	-0.011167675256729126	-0.05736400513348335	0.0
just	0	44	322	mlp	14	utterance_final	0	prompt_without	28	27	-0.7742102278603448	-0.8606619371308221	-0.8566267093022665	0.004035227828555588	0.0466760907633505	0.0466760907633505
just	0	22	3	mlp	15	utterance_final	0	prompt_without	40	39	-0.8287898812975202	-1.4369443825313024	-1.432497501373291	0.004446881158011395	0.007312091169250358	0.007312091169250358
just	0	37	101	mlp	15	utterance_final	0	prompt_without	21	20	-0.3864322785408266	-0.5383535738914244	-0.5374067906410464	0.0009467832503780027	0.006232064097354194	0.006232064097354194
just	0	43	47	mlp	15	utterance_final	0	prompt_without	25	24	-0.49048052355647087	-0.6851614080369473	-0.6771384589374065	0.00802294909954071	0.04121076972169445	0.04121076972169445
just	0	44	322	mlp	15	utterance_final	0	prompt_without	28	27	-0.7742102278603448	-0.8606619371308221	-0.8601083954175314	0.000553541713290695	0.00640290074032956	0.00640290074032956
just	0	22	3	mlp	16	utterance_final	0	prompt_without	40	39	-0.8287898812975202	-1.4369443825313024	-1.4164539745875768	0.020490407943725586	0.033692767055338815	0.033692767055338815
just	0	37	101	mlp	16	utterance_final	0	prompt_without	21	20	-0.3864322785408266	-0.5383535738914244	-0.5381722719438614	0.0001813019475629396	0.0011933939027082307	0.0011933939027082307
just	0	43	47	mlp	16	utterance_final	0	prompt_without	25	24	-0.49048052355647087	-0.6851614080369473	-0.6879621893167496	-0.0028007812798023224	-0.014386524323004088	0.0
just	0	44	322	mlp	16	utterance_final	0	prompt_without	28	27	-0.7742102278603448	-0.8606619371308221	-0.8620322810278999	-0.001370343897077797	-0.01585097517031697	0.0
just	0	22	3	mlp	17	utterance_final	0	prompt_without	40	39	-0.8287898812975202	-1.4369443825313024	-1.4267776693616594	0.010166713169643016	0.016717319610423807	0.016717319610423807
just	0	37	101	mlp	17	utterance_final	0	prompt_without	21	20	-0.3864322785408266	-0.5383535738914244	-0.5372113258607926	0.0011422480306317873	0.007518682802142742	0.007518682802142742
just	0	43	47	mlp	17	utterance_final	0	prompt_without	25	24	-0.49048052355647087	-0.6851614080369473	-0.6813745312392712	0.0037868767976760864	0.019451713545383314	0.019451713545383314
just	0	44	322	mlp	17	utterance_final	0	prompt_without	28	27	-0.7742102278603448	-0.8606619371308221	-0.855446974436442	0.005214962694380043	0.06032226243282525	0.06032226243282525
just	0	22	3	mlp	18	utterance_final	0	prompt_without	40	39	-0.8287898812975202	-1.4369443825313024	-1.431137306349618	0.005807076181684412	0.009548685687441947	0.009548685687441947
just	0	37	101	mlp	18	utterance_final	0	prompt_without	21	20	-0.3864322785408266	-0.5383535738914244	-0.5370646022981213	0.001288971593303101	0.0084844694769648	0.0084844694769648
just	0	43	47	mlp	18	utterance_final	0	prompt_without	25	24	-0.49048052355647087	-0.6851614080369473	-0.683027770370245	0.0021336376667022705	0.010959667007863029	0.010959667007863029
just	0	44	322	mlp	18	utterance_final	0	prompt_without	28	27	-0.7742102278603448	-0.8606619371308221	-0.859335826502906	0.0013261106279160995	0.015339322254082462	0.015339322254082462
just	0	22	3	mlp	19	utterance_final	0	prompt_without	40	39	-0.8287898812975202	-1.4369443825313024	-1.4324801138469152	0.004464268684387207	0.007340681809195533	0.007340681809195533
just	0	37	101	mlp	19	utterance_final	0	prompt_without	21	20	-0.3864322785408266	-0.5383535738914244	-0.5384346977356942	-8.112384426983699e-05	-0.000533985996384659	0.0
just	0	43	47	mlp	19	utterance_final	0	prompt_without	25	24	-0.49048052355647087	-0.6851614080369473	-0.6812769658863544	0.003884442150592804	0.01995286882406966	0.01995286882406966
just	0	44	322	mlp	19	utterance_final	0	prompt_without	28	27	-0.7742102278603448	-0.8606619371308221	-0.8593016068140665	0.0013603303167555314	0.015735146571822328	0.015735146571822328
just	0	22	3	mlp	20	utterance_final	0	prompt_without	40	39	-0.8287898812975202	-1.4369443825313024	-1.4334566593170166	0.0034877232142858094	0.005734929540454203	0.005734929540454203
just	0	37	101	mlp	20	utterance_final	0	prompt_without	21	20	-0.3864322785408266	-0.5383535738914244	-0.5366678737824963	0.001685700108928101	0.01109587767164512	0.01109587767164512
just	0	43	47	mlp	20	utterance_final	0	prompt_without	25	24	-0.49048052355647087	-0.6851614080369473	-0.6865822039544582	-0.0014207959175109863	-0.007298076137790874	0.0
just	0	44	322	mlp	20	utterance_final	0	prompt_without	28	27	-0.7742102278603448	-0.8606619371308221	-0.8610658446947733	-0.0004039075639512557	-0.00467205989748068	0.0
just	0	22	3	mlp	21	utterance_final	0	prompt_without	40	39	-0.8287898812975202	-1.4369443825313024	-1.4352703094482422	0.0016740730830602235	0.002752710174246805	0.002752710174246805
just	0	37	101	mlp	21	utterance_final	0	prompt_without	21	20	-0.3864322785408266	-0.5383535738914244	-0.538086264364181	0.00026730952724329793	0.0017595263825681052	0.0017595263825681052
just	0	43	47	mlp	21	utterance_final	0	prompt_without	25	24	-0.49048052355647087	-0.6851614080369473	-0.6786954402923584	0.006465967744588852	0.03321316194881626	0.03321316194881626
just	0	44	322	mlp	21	utterance_final	0	prompt_without	28	27	-0.7742102278603448	-0.8606619371308221	-0.859364218182034	0.0012977189487880514	0.015010911406366075	0.015010911406366075
just	0	22	3	mlp	22	utterance_final	0	prompt_without	40	39	-0.8287898812975202	-1.4369443825313024	-1.4338054486683436	0.003138933862958826	0.0051614085838233075	0.0051614085838233075
just	0	37	101	mlp	22	utterance_final	0	prompt_without	21	20	-0.3864322785408266	-0.5383535738914244	-0.5387376354586694	-0.00038406156724501983	-0.002528029835176815	0.0
just	0	43	47	mlp	22	utterance_final	0	prompt_without	25	24	-0.49048052355647087	-0.6851614080369473	-0.6864813677966595	-0.0013199597597122192	-0.006780120006310079	0.0
just	0	44	322	mlp	22	utterance_final	0	prompt_without	28	27	-0.7742102278603448	-0.8606619371308221	-0.8592759304576449	0.0013860066731771203	0.01603214887100483	0.01603214887100483
just	0	22	3	mlp	23	utterance_final	0	prompt_without	40	39	-0.8287898812975202	-1.4369443825313024	-1.4396822452545166	-0.0027378627232141906	-0.004501919689256269	0.0
just	0	37	101	mlp	23	utterance_final	0	prompt_without	21	20	-0.3864322785408266	-0.5383535738914244	-0.5383589536912979	-5.379799873583835e-06	-3.5411756206847457e-05	0.0
just	0	43	47	mlp	23	utterance_final	0	prompt_without	25	24	-0.49048052355647087	-0.6851614080369473	-0.6862596571445465	-0.0010982491075992584	-0.005641278600772931	0.0
just	0	44	322	mlp	23	utterance_final	0	prompt_without	28	27	-0.7742102278603448	-0.8606619371308221	-0.860290633307563	0.00037130382325911704	0.004294927496429673	0.004294927496429673
just	0	22	3	mlp	24	utterance_final	0	prompt_without	40	39	-0.8287898812975202	-1.4369443825313024	-1.436177100454058	0.0007672820772444133	0.0012616564963143478	0.0012616564963143478
just	0	37	101	mlp	24	utterance_final	0	prompt_without	21	20	-0.3864322785408266	-0.5383535738914244	-0.5368403042516401	0.0015132696397842649	0.009960878995219224	0.009960878995219224
just	0	43	47	mlp	24	utterance_final	0	prompt_without	25	24	-0.49048052355647087	-0.6851614080369473	-0.6865657344460487	-0.0014043264091014862	-0.0072134786774215595	0.0
just	0	44	322	mlp	24	utterance_final	0	prompt_without	28	27	-0.7742102278603448	-0.8606619371308221	-0.8601731260617574	0.0004888110690646208	0.005654151585774912	0.005654151585774912
just	0	22	3	mlp	25	utterance_final	0	prompt_without	40	39	-0.8287898812975202	-1.4369443825313024	-1.4357585906982422	0.0011857918330602235	0.0019498200385832387	0.0019498200385832387
just	0	37	101	mlp	25	utterance_final	0	prompt_without	21	20	-0.3864322785408266	-0.5383535738914244	-0.5382514884394984	0.00010208545192591512	0.000671962753413381	0.000671962753413381
just	0	43	47	mlp	25	utterance_final	0	prompt_without	25	24	-0.49048052355647087	-0.6851614080369473	-0.686022512614727	-0.0008611045777797699	-0.004423159367072456	0.0
just	0	44	322	mlp	25	utterance_final	0	prompt_without	28	27	-0.7742102278603448	-0.8606619371308221	-0.8603204356299506	0.0003415015008714217	0.00395019952471943	0.00395019952471943
just	0	22	3	mlp	26	utterance_final	0	prompt_without	40	39	-0.8287898812975202	-1.4369443825313024	-1.4348517656326294	0.0020926168986730165	0.0034409297216869373	0.0034409297216869373
just	0	37	101	mlp	26	utterance_final	0	prompt_without	21	20	-0.3864322785408266	-0.5383535738914244	-0.5379481392522012	0.0004054346392231567	0.0026687149967192635	0.0026687149967192635
just	0	43	47	mlp	26	utterance_final	0	prompt_without	25	24	-0.49048052355647087	-0.6851614080369473	-0.6858737207949162	-0.0007123127579689026	-0.003658873647866219	0.0
just	0	44	322	mlp	26	utterance_final	0	prompt_without	28	27	-0.7742102278603448	-0.8606619371308221	-0.8593615425957574	0.0013003945350646973	0.015041860317604775	0.015041860317604775
just	0	22	3	mlp	27	utterance_final	0	prompt_without	40	39	-0.8287898812975202	-1.4369443825313024	-1.4365956102098738	0.00034877232142860315	0.0005734929540454568	0.0005734929540454568
just	0	37	101	mlp	27	utterance_final	0	prompt_without	21	20	-0.3864322785408266	-0.5383535738914244	-0.5383403185875185	1.3255303905834737e-05	8.725112483569003e-05	8.725112483569003e-05
just	0	43	47	mlp	27	utterance_final	0	prompt_without	25	24	-0.49048052355647087	-0.6851614080369473	-0.6860268153250217	-0.0008654072880744934	-0.004445260716705245	0.0
just	0	44	322	mlp	27	utterance_final	0	prompt_without	28	27	-0.7742102278603448	-0.8606619371308221	-0.859669393963284	0.0009925431675380514	0.01148089697605318	0.01148089697605318
just	0	22	3	mlp	28	utterance_final	0	prompt_without	40	39	-0.8287898812975202	-1.4369443825313024	-1.4393160513469152	-0.002371668815612793	-0.003899780090094398	0.0
just	0	37	101	mlp	28	utterance_final	0	prompt_without	21	20	-0.3864322785408266	-0.5383535738914244	-0.5377053483839958	0.0006482255074286014	0.004266850844923703	0.004266850844923703
just	0	43	47	mlp	28	utterance_final	0	prompt_without	25	24	-0.49048052355647087	-0.6851614080369473	-0.6861590407788754	-0.0009976327419281006	-0.005124451455983335	0.0
just	0	44	322	mlp	28	utterance_final	0	prompt_without	28	27	-0.7742102278603448	-0.8606619371308221	-0.8597582777341207	0.0009036593967013395	0.010452764951981504	0.010452764951981504
just	0	22	3	mlp	29	utterance_final	0	prompt_without	40	39	-0.8287898812975202	-1.4369443825313024	-1.4363166093826294	0.0006277731486730165	0.001032259314696238	0.001032259314696238
just	0	37	101	mlp	29	utterance_final	0	prompt_without	21	20	-0.3864322785408266	-0.5383535738914244	-0.5381459497636364	0.00020762412778796424	0.0013666558549860822	0.0013666558549860822
just	0	43	47	mlp	29	utterance_final	0	prompt_without	25	24	-0.49048052355647087	-0.6851614080369473	-0.684859823435545	0.0003015846014022827	0.001549122823265821	0.001549122823265821
just	0	44	322	mlp	29	utterance_final	0	prompt_without	28	27	-0.7742102278603448	-0.8606619371308221	-0.8595624566078186	0.0010994805230034599	0.01271785754476604	0.01271785754476604
just	0	22	3	mlp	30	utterance_final	0	prompt_without	40	39	-0.8287898812975202	-1.4369443825313024	-1.4369443995612008	-1.7029898380371833e-08	-2.800258543811275e-08	0.0
just	0	37	101	mlp	30	utterance_final	0	prompt_without	21	20	-0.3864322785408266	-0.5383535738914244	-0.5384912067844022	-0.00013763289297785697	-0.0009059486536119471	0.0
just	0	43	47	mlp	30	utterance_final	0	prompt_without	25	24	-0.49048052355647087	-0.6851614080369473	-0.6856124214828014	-0.000451013445854187	-0.00231668069033977	0.0
just	0	44	322	mlp	30	utterance_final	0	prompt_without	28	27	-0.7742102278603448	-0.8606619371308221	-0.8594111336602105	0.0012508034706115723	0.01446823297267893	0.01446823297267893
just	0	22	3	mlp	31	utterance_final	0	prompt_without	40	39	-0.8287898812975202	-1.4369443825313024	-1.4369443825313024	0.0	0.0	0.0
just	0	37	101	mlp	31	utterance_final	0	prompt_without	21	20	-0.3864322785408266	-0.5383535738914244	-0.5383535738914244	0.0	0.0	0.0
just	0	43	47	mlp	31	utterance_final	0	prompt_without	25	24	-0.49048052355647087	-0.6851614080369473	-0.6851614080369473	0.0	0.0	0.0
just	0	44	322	mlp	31	utterance_final	0	prompt_without	28	27	-0.7742102278603448	-0.8606619371308221	-0.8606619371308221	0.0	0.0	0.0
just	0	45	223	mlp	0	utterance_final	0	prompt_without	26	25	-0.48405303863378674	-0.5882273224683908	-0.5879150629043579	0.0003122595640329129	0.0029974726250931814	0.0029974726250931814
just	0	47	131	mlp	0	utterance_final	0	prompt_without	34	33	-0.7697456815968389	-0.911123047704282	-0.9106706743654998	0.0004523733387822304	0.003199757862502817	0.003199757862502817
just	0	48	0	mlp	0	utterance_final	0	prompt_without	47	46	-1.4387734153053977	-2.273581764914773	-2.274680397727273	-0.0010986328125	-0.0013160299762383473	0.0
just	0	49	85	mlp	0	utterance_final	0	prompt_without	28	27	-0.43339972836630686	-0.5950829778398786	-0.5955629212515695	-0.0004799434116908863	-0.002968417651510253	0.0
just	0	45	223	mlp	1	utterance_final	0	prompt_without	26	25	-0.48405303863378674	-0.5882273224683908	-0.5875787872534531	0.0006485352149376844	0.0062254828261392595	0.0062254828261392595
just	0	47	131	mlp	1	utterance_final	0	prompt_without	34	33	-0.7697456815968389	-0.911123047704282	-0.9110184752422831	0.00010457246199890857	0.0007396690494250418	0.0007396690494250418
just	0	48	0	mlp	1	utterance_final	0	prompt_without	47	46	-1.4387734153053977	-2.273581764914773	-2.2964976917613638	-0.02291592684659083	-0.027450524251840178	0.0
just	0	49	85	mlp	1	utterance_final	0	prompt_without	28	27	-0.43339972836630686	-0.5950829778398786	-0.5952572277614049	-0.0001742499215262594	-0.0010777240196099705	0.0
just	0	45	223	mlp	2	utterance_final	0	prompt_without	26	25	-0.48405303863378674	-0.5882273224683908	-0.5854939772532537	0.0027333452151371285	0.0262381954022052	0.0262381954022052
just	0	47	131	mlp	2	utterance_final	0	prompt_without	34	33	-0.7697456815968389	-0.911123047704282	-0.908737037492835	0.0023860102114470205	0.01687688968284863	0.01687688968284863
just	0	48	0	mlp	2	utterance_final	0	prompt_without	47	46	-1.4387734153053977	-2.273581764914773	-2.2675226384943183	0.006059126420454586	0.007258104717435782	0.007258104717435782
just	0	49	85	mlp	2	utterance_final	0	prompt_without	28	27	-0.43339972836630686	-0.5950829778398786	-0.5950619152614048	2.106257847378501e-05	0.0001302706281718307	0.0001302706281718307
just	0	45	223	mlp	3	utterance_final	0	prompt_without	26	25	-0.48405303863378674	-0.5882273224683908	-0.5666906879498408	0.021536634518550035	0.20673657380494614	0.20673657380494614
just	0	47	131	mlp	3	utterance_final	0	prompt_without	34	33	-0.7697456815968389	-0.911123047704282	-0.9109483387159265	0.00017470898835547644	0.0012357634971265638	0.0012357634971265638
just	0	48	0	mlp	3	utterance_final	0	prompt_without	47	46	-1.4387734153053977	-2.273581764914773	-2.296358975497159	-0.022777210582386243	-0.027284358850799936	0.0
just	0	49	85	mlp	3	utterance_final	0	prompt_without	28	27	-0.43339972836630686	-0.5950829778398786	-0.5954992839268276	-0.00041630608694898097	-0.0025748250873509878	0.0
just	0	45	223	mlp	4	utterance_final	0	prompt_without	26	25	-0.48405303863378674	-0.5882273224683908	-0.582195928463569	0.006031394004821777	0.05789714872816144	0.05789714872816144
just	0	47	131	mlp	4	utterance_final	0	prompt_without	34	33	-0.7697456815968389	-0.911123047704282	-0.9101322837497877	0.000990763954494267	0.007007938977596401	0.007007938977596401
just	0	48	0	mlp	4	utterance_final	0	prompt_without	47	46	-1.4387734153053977	-2.273581764914773	-2.23553466796875	0.03804709694602293	0.04557584619730503	0.04557584619730503
just	0	49	85	mlp	4	utterance_final	0	prompt_without	28	27	-0.43339972836630686	-0.5950829778398786	-0.5951285873140607	-4.56094741820845e-05	-0.00028209152358444944	0.0
just	0	45	223	mlp	5	utterance_final	0	prompt_without	26	25	-0.48405303863378674	-0.5882273224683908	-0.5828622854672946	0.005365037001096251	0.051500589239607715	0.051500589239607715
just	0	47	131	mlp	5	utterance_final	0	prompt_without	34	33	-0.7697456815968389	-0.911123047704282	-0.9011856369350267	0.00993741076925525	0.0702899696242967	0.0702899696242967
just	0	48	0	mlp	5	utterance_final	0	prompt_without	47	46	-1.4387734153053977	-2.273581764914773	-2.2869207208806817	-0.013338955965908728	-0.01597846496402475	0.0
just	0	49	85	mlp	5	utterance_final	0	prompt_without	28	27	-0.43339972836630686	-0.5950829778398786	-0.5960291010992868	-0.000946123259408127	-0.005851708587553946	0.0
just	0	45	223	mlp	6	utterance_final	0	prompt_without	26	25	-0.48405303863378674	-0.5882273224683908	-0.5602724598004267	0.027954862667964098	0.26834705878417753	0.26834705878417753
just	0	47	131	mlp	6	utterance_final	0	prompt_without	34	33	-0.7697456815968389	-0.911123047704282	-0.9083844682444697	0.0027385794598122626	0.019370706466061996	0.019370706466061996
just	0	48	0	mlp	6	utterance_final	0	prompt_without	47	46	-1.4387734153053977	-2.273581764914773	-2.1545590487393467	0.11902271617542626	0.14257489905451898	0.14257489905451898
just	0	49	85	mlp	6	utterance_final	0	prompt_without	28	27	-0.43339972836630686	-0.5950829778398786	-0.5955280065536499	-0.0004450287137712783	-0.0027524725982453814	0.0
just	0	45	223	mlp	7	utterance_final	0	prompt_without	26	25	-0.48405303863378674	-0.5882273224683908	-0.5818809821055486	0.006346340362842207	0.06092041268954816	0.06092041268954816
just	0	47	131	mlp	7	utterance_final	0	prompt_without	34	33	-0.7697456815968389	-0.911123047704282	-0.8774802788444187	0.03364276885986328	0.23796432050018285	0.23796432050018285
just	0	48	0	mlp	7	utterance_final	0	prompt_without	47	46	-1.4387734153053977	-2.273581764914773	-2.205752286044034	0.06782947887073876	0.08125155780063488	0.08125155780063488
just	0	49	85	mlp	7	utterance_final	0	prompt_without	28	27	-0.43339972836630686	-0.5950829778398786	-0.5966688462666103	-0.0015858684267316958	-0.009808489326477304	0.0
just	0	45	223	mlp	8	utterance_final	0	prompt_without	26	25	-0.48405303863378674	-0.5882273224683908	-0.5741858207262479	0.014041501742142914	0.13478856033641076	0.13478856033641076
just	0	47	131	mlp	8	utterance_final	0	prompt_without	34	33	-0.7697456815968389	-0.911123047704282	-0.9116196010423743	-0.0004965533380922871	-0.0035122548379838926	0.0
just	0	48	0	mlp	8	utterance_final	0	prompt_without	47	46	-1.4387734153053977	-2.273581764914773	-2.059420498934659	0.21416126598011376	0.256539439357937	0.256539439357937
just	0	49	85	mlp	8	utterance_final	0	prompt_without	28	27	-0.43339972836630686	-0.5950829778398786	-0.594474424634661	0.0006085532052175768	0.0037638605557408036	0.0037638605557408036
just	0	45	223	mlp	9	utterance_final	0	prompt_without	26	25	-0.48405303863378674	-0.5882273224683908	-0.5980512774907626	-0.009823955022371766	-0.09430307232031572	0.0
just	0	47	131	mlp	9	utterance_final	0	prompt_without	34	33	-0.7697456815968389	-0.911123047704282	-0.9152111799820609	-0.004088132277778933	-0.028916455231398634	0.0
just	0	48	0	mlp	9	utterance_final	0	prompt_without	47	46	-1.4387734153053977	-2.273581764914773	-2.269692160866477	0.0038896040482958583	0.004659277845167562	0.004659277845167562
just	0	49	85	mlp	9	utterance_final	0	prompt_without	28	27	-0.43339972836630686	-0.5950829778398786	-0.6005049705505371	-0.005421992710658463	-0.03353465945490368	0.0
just	0	45	223	mlp	10	utterance_final	0	prompt_without	26	25	-0.48405303863378674	-0.5882273224683908	-0.5806912963206952	0.0075360261476956625	0.0723405611279315	0.0723405611279315
just	0	47	131	mlp	10	utterance_final	0	prompt_without	34	33	-0.7697456815968389	-0.911123047704282	-0.9006358644236689	0.010487183280613044	0.07417865793767199	0.07417865793767199
just	0	48	0	mlp	10	utterance_final	0	prompt_without	47	46	-1.4387734153053977	-2.273581764914773	-2.3582208806818183	-0.08463911576704541	-0.10138748109868556	0.0
just	0	49	85	mlp	10	utterance_final	0	prompt_without	28	27	-0.43339972836630686	-0.5950829778398786	-0.6022021157400949	-0.0071191379002162325	-0.0440313880590327	0.0
just	0	45	223	mlp	11	utterance_final	0	prompt_without	26	25	-0.48405303863378674	-0.5882273224683908	-0.5861154106947092	0.0021119117736816406	0.020272870577490033	0.020272870577490033
just	0	47	131	mlp	11	utterance_final	0	prompt_without	34	33	-0.7697456815968389	-0.911123047704282	-0.8992749504421068	0.011848097262175172	0.08380476725794231	0.08380476725794231
just	0	48	0	mlp	11	utterance_final	0	prompt_without	47	46	-1.4387734153053977	-2.273581764914773	-2.1572459827769888	0.11633578213778417	0.13935627523637034	0.13935627523637034
just	0	49	85	mlp	11	utterance_final	0	prompt_without	28	27	-0.43339972836630686	-0.5950829778398786	-0.5933112621307373	0.0017717157091413638	0.010957942241450082	0.010957942241450082
just	0	45	223	mlp	12	utterance_final	0	prompt_without	26	25	-0.48405303863378674	-0.5882273224683908	-0.5893239516478318	-0.0010966291794409777	-0.010526870347216201	0.0
just	0	47	131	mlp	12	utterance_final	0	prompt_without	34	33	-0.7697456815968389	-0.911123047704282	-0.9012664711993673	0.009856576504914671	0.06971820720881114	0.06971820720881114
just	0	48	0	mlp	12	utterance_final	0	prompt_without	47	46	-1.4387734153053977	-2.273581764914773	-2.3425154252485796	-0.06893366033380666	-0.08257423439291449	0.0
just	0	49	85	mlp	12	utterance_final	0	prompt_without	28	27	-0.43339972836630686	-0.5950829778398786	-0.5970836366925921	-0.0020006588527134994	-0.012373940152906939	0.0
just	0	45	223	mlp	13	utterance_final	0	prompt_without	26	25	-0.48405303863378674	-0.5882273224683908	-0.5865256557097802	0.0017016667586106093	0.01633480640301132	0.01633480640301132
just	0	47	131	mlp	13	utterance_final	0	prompt_without	34	33	-0.7697456815968389	-0.911123047704282	-0.9025749745576278	0.008548073146654178	0.06046281227334413	0.06046281227334413
just	0	48	0	mlp	13	utterance_final	0	prompt_without	47	46	-1.4387734153053977	-2.273581764914773	-2.25225830078125	0.02132346413352293	0.025542945447899073	0.025542945447899073
just	0	49	85	mlp	13	utterance_final	0	prompt_without	28	27	-0.43339972836630686	-0.5950829778398786	-0.5944331918443952	0.0006497859954833762	0.0040188825843062255	0.0040188825843062255
just	0	45	223	mlp	14	utterance_final	0	prompt_without	26	25	-0.48405303863378674	-0.5882273224683908	-0.5839998126029968	0.004227509865393997	0.04058112722047554	0.04058112722047554
just	0	47	131	mlp	14	utterance_final	0	prompt_without	34	33	-0.7697456815968389	-0.911123047704282	-0.9071549332660177	0.003968114438264281	0.028067536887401177	0.028067536887401177
just	0	48	0	mlp	14	utterance_final	0	prompt_without	47	46	-1.4387734153053977	-2.273581764914773	-2.2753961736505683	-0.0018144087357954142	-0.002173443445605707	0.0
just	0	49	85	mlp	14	utterance_final	0	prompt_without	28	27	-0.43339972836630686	-0.5950829778398786	-0.595953529221671	-0.0008705513817923727	-0.0053843016182988715	0.0
just	0	45	223	mlp	15	utterance_final	0	prompt_without	26	25	-0.48405303863378674	-0.5882273224683908	-0.5828197002410889	0.005407622227301956	0.05190937751861635	0.05190937751861635
just	0	47	131	mlp	15	utterance_final	0	prompt_without	34	33	-0.7697456815968389	-0.911123047704282	-0.914365063542905	-0.003242015838623047	-0.02293164689572162	0.0
just	0	48	0	mlp	15	utterance_final	0	prompt_without	47	46	-1.4387734153053977	-2.273581764914773	-2.2316450639204546	0.04193670099431834	0.05023512404247206	0.05023512404247206
just	0	49	85	mlp	15	utterance_final	0	prompt_without	28	27	-0.43339972836630686	-0.5950829778398786	-0.5956402369907924	-0.0005572591509137581	-0.0034466102872632203	0.0
just	0	45	223	mlp	16	utterance_final	0	prompt_without	26	25	-0.48405303863378674	-0.5882273224683908	-0.5967475405106177	-0.008520218042226912	-0.08178811246501423	0.0
just	0	47	131	mlp	16	utterance_final	0	prompt_without	34	33	-0.7697456815968389	-0.911123047704282	-0.90979061955991	0.0013324281443719554	0.009424621359541701	0.009424621359541701
just	0	48	0	mlp	16	utterance_final	0	prompt_without	47	46	-1.4387734153053977	-2.273581764914773	-2.242159756747159	0.03142200816761376	0.037639786643625196	0.037639786643625196
just	0	49	85	mlp	16	utterance_final	0	prompt_without	28	27	-0.43339972836630686	-0.5950829778398786	-0.5964112486158099	-0.0013282707759312284	-0.008215265219223241	0.0
just	0	45	223	mlp	17	utterance_final	0	prompt_without	26	25	-0.48405303863378674	-0.5882273224683908	-0.5862262294842646	0.002001092984126207	0.019209087986660045	0.019209087986660045
just	0	47	131	mlp	17	utterance_final	0	prompt_without	34	33	-0.7697456815968389	-0.911123047704282	-0.9107228569362474	0.00040019076803454734	0.002830656554532306	0.002830656554532306
just	0	48	0	mlp	17	utterance_final	0	prompt_without	47	46	-1.4387734153053977	-2.273581764914773	-2.279507723721591	-0.005925958806817899	-0.007098585932436808	0.0
just	0	49	85	mlp	17	utterance_final	0	prompt_without	28	27	-0.43339972836630686	-0.5950829778398786	-0.5950481959751674	3.478186471117528e-05	0.00021512348882411975	0.00021512348882411975
just	0	45	223	mlp	18	utterance_final	0	prompt_without	26	25	-0.48405303863378674	-0.5882273224683908	-0.5874105050013616	0.0008168174670292183	0.007840874321018293	0.007840874321018293
just	0	47	131	mlp	18	utterance_final	0	prompt_without	34	33	-0.7697456815968389	-0.911123047704282	-0.9104156494140625	0.0007073982902194853	0.0050036176914052925	0.0050036176914052925
just	0	48	0	mlp	18	utterance_final	0	prompt_without	47	46	-1.4387734153053977	-2.273581764914773	-2.2746027166193183	-0.0010209517045454142	-0.0012229773516557894	0.0
just	0	49	85	mlp	18	utterance_final	0	prompt_without	28	27	-0.43339972836630686	-0.5950829778398786	-0.596031311580113	-0.0009483337402343972	-0.0058653802624705955	0.0
just	0	45	223	mlp	19	utterance_final	0	prompt_without	26	25	-0.48405303863378674	-0.5882273224683908	-0.5866344341864953	0.0015928882818955215	0.015290609383257443	0.015290609383257443
just	0	47	131	mlp	19	utterance_final	0	prompt_without	34	33	-0.7697456815968389	-0.911123047704282	-0.910888671875	0.0002343758292819853	0.0016578030538768546	0.0016578030538768546
just	0	48	0	mlp	19	utterance_final	0	prompt_without	47	46	-1.4387734153053977	-2.273581764914773	-2.278237082741477	-0.004655317826704142	-0.005576510858908473	0.0
just	0	49	85	mlp	19	utterance_final	0	prompt_without	28	27	-0.43339972836630686	-0.5950829778398786	-0.5956928798130581	-0.0006099019731794497	-0.0037722025946734968	0.0
just	0	45	223	mlp	20	utterance_final	0	prompt_without	26	25	-0.48405303863378674	-0.5882273224683908	-0.5875327403728778	0.0006945820955129856	0.006667500557198578	0.006667500557198578
just	0	47	131	mlp	20	utterance_final	0	prompt_without	34	33	-0.7697456815968389	-0.911123047704282	-0.9108830534893534	0.00023999421492859607	0.0016975434012981025	0.0016975434012981025
just	0	48	0	mlp	20	utterance_final	0	prompt_without	47	46	-1.4387734153053977	-2.273581764914773	-2.271750710227273	0.0018310546875	0.0021933832937305786	0.0021933832937305786
just	0	49	85	mlp	20	utterance_final	0	prompt_without	28	27	-0.43339972836630686	-0.5950829778398786	-0.59550073828016	-0.0004177604402814117	-0.0025838201646837724	0.0
just	0	45	223	mlp	21	utterance_final	0	prompt_without	26	25	-0.48405303863378674	-0.5882273224683908	-0.5885783663162818	-0.000351043847890975	-0.00336977452562402	0.0
just	0	47	131	mlp	21	utterance_final	0	prompt_without	34	33	-0.7697456815968389	-0.911123047704282	-0.9116521503614343	-0.0005291026571523361	-0.0037424848950024423	0.0
just	0	48	0	mlp	21	utterance_final	0	prompt_without	47	46	-1.4387734153053977	-2.273581764914773	-2.2753129438920454	-0.001731178977272485	-0.002073744204981348	0.0
just	0	49	85	mlp	21	utterance_final	0	prompt_without	28	27	-0.43339972836630686	-0.5950829778398786	-0.595345824105399	-0.00026284626552042223	-0.001625686435522724	0.0
just	0	45	223	mlp	22	utterance_final	0	prompt_without	26	25	-0.48405303863378674	-0.5882273224683908	-0.5894024142852197	-0.0011750918168288438	-0.011280056589537193	0.0
just	0	47	131	mlp	22	utterance_final	0	prompt_without	34	33	-0.7697456815968389	-0.911123047704282	-0.9109850759091584	0.00013797179512353708	0.0009759114837284641	0.0009759114837284641
just	0	48	0	mlp	22	utterance_final	0	prompt_without	47	46	-1.4387734153053977	-2.273581764914773	-2.2770885120738638	-0.0035067471590908283	-0.004200661338296042	0.0
just	0	49	85	mlp	22	utterance_final	0	prompt_without	28	27	-0.43339972836630686	-0.5950829778398786	-0.5960642542157855	-0.0009812763759068366	-0.006069128243660349	0.0
just	0	45	223	mlp	23	utterance_final	0	prompt_without	26	25	-0.48405303863378674	-0.5882273224683908	-0.5888843215428866	-0.0006569990744957899	-0.006306729936717369	0.0
just	0	47	131	mlp	23	utterance_final	0	prompt_without	34	33	-0.7697456815968389	-0.911123047704282	-0.9106089757836383	0.0005140719206436772	0.00363616846739807	0.00363616846739807
just	0	48	0	mlp	23	utterance_final	0	prompt_without	47	46	-1.4387734153053977	-2.273581764914773	-2.27777099609375	-0.004189231178977071	-0.005018195111413658	0.0
just	0	49	85	mlp	23	utterance_final	0	prompt_without	28	27	-0.43339972836630686	-0.5950829778398786	-0.5961617469787598	-0.0010787691388811638	-0.0066721144113169	0.0
just	0	45	223	mlp	24	utterance_final	0	prompt_without	26	25	-0.48405303863378674	-0.5882273224683908	-0.588725901567019	-0.0004985790986281602	-0.004786009370793915	0.0
just	0	47	131	mlp	24	utterance_final	0	prompt_without	34	33	-0.7697456815968389	-0.911123047704282	-0.9113685151805049	-0.00024546747622289367	-0.0017362572452817148	0.0
just	0	48	0	mlp	24	utterance_final	0	prompt_without	47	46	-1.4387734153053977	-2.273581764914773	-2.2758900035511362	-0.0023082386363633134	-0.002764992273308464	0.0
just	0	49	85	mlp	24	utterance_final	0	prompt_without	28	27	-0.43339972836630686	-0.5950829778398786	-0.5960353715079171	-0.0009523936680384537	-0.005890490642285915	0.0
just	0	45	223	mlp	25	utterance_final	0	prompt_without	26	25	-0.48405303863378674	-0.5882273224683908	-0.5879385975690988	0.0002887248992919922	0.0027715563636645326	0.0027715563636645326
just	0	47	131	mlp	25	utterance_final	0	prompt_without	34	33	-0.7697456815968389	-0.911123047704282	-0.9109617523525072	0.00016129535177478171	0.0011408852506998995	0.0011408852506998995
just	0	48	0	mlp	25	utterance_final	0	prompt_without	47	46	-1.4387734153053977	-2.273581764914773	-2.273898037997159	-0.0003162730823862425	-0.00037885711437150036	0.0
just	0	49	85	mlp	25	utterance_final	0	prompt_without	28	27	-0.43339972836630686	-0.5950829778398786	-0.5948699814932686	0.0002129963466099838	0.001317368047113622	0.001317368047113622
just	0	45	223	mlp	26	utterance_final	0	prompt_without	26	25	-0.48405303863378674	-0.5882273224683908	-0.5882498621940613	-2.2539725670456257e-05	-0.0002163655447465541	0.0
just	0	47	131	mlp	26	utterance_final	0	prompt_without	34	33	-0.7697456815968389	-0.911123047704282	-0.9114540348882261	-0.000330987183944087	-0.0023411610575100497	0.0
just	0	48	0	mlp	26	utterance_final	0	prompt_without	47	46	-1.4387734153053977	-2.273581764914773	-2.274819113991477	-0.0012373490767041417	-0.001482195377278059	0.0
just	0	49	85	mlp	26	utterance_final	0	prompt_without	28	27	-0.43339972836630686	-0.5950829778398786	-0.5953198569161552	-0.0002368790762765638	-0.0014650811203252277	0.0
just	0	45	223	mlp	27	utterance_final	0	prompt_without	26	25	-0.48405303863378674	-0.5882273224683908	-0.5892391938429612	-0.0010118713745703722	-0.009713254915934003	0.0
just	0	47	131	mlp	27	utterance_final	0	prompt_without	34	33	-0.7697456815968389	-0.911123047704282	-0.9106117331463358	0.0005113145579461742	0.0036166649020578615	0.0036166649020578615
just	0	48	0	mlp	27	utterance_final	0	prompt_without	47	46	-1.4387734153053977	-2.273581764914773	-2.2732654918323862	0.0003162730823866866	0.0003788571143720323	0.0003788571143720323
just	0	49	85	mlp	27	utterance_final	0	prompt_without	28	27	-0.43339972836630686	-0.5950829778398786	-0.5959165845598493	-0.0008336067199706809	-0.005155801375125997	0.0
just	0	45	223	mlp	28	utterance_final	0	prompt_without	26	25	-0.48405303863378674	-0.5882273224683908	-0.5894304468081548	-0.0012031243397639946	-0.011549149132372982	0.0
just	0	47	131	mlp	28	utterance_final	0	prompt_without	34	33	-0.7697456815968389	-0.911123047704282	-0.9109040550563646	0.00021899264791735984	0.0015489936893500417	0.0015489936893500417
just	0	48	0	mlp	28	utterance_final	0	prompt_without	47	46	-1.4387734153053977	-2.273581764914773	-2.277981844815341	-0.004400079900567899	-0.0052707665209946585	0.0
just	0	49	85	mlp	28	utterance_final	0	prompt_without	28	27	-0.43339972836630686	-0.5950829778398786	-0.5952711241585867	-0.0001881463187081156	-0.0011636722995159087	0.0
just	0	45	223	mlp	29	utterance_final	0	prompt_without	26	25	-0.48405303863378674	-0.5882273224683908	-0.5886607491053067	-0.0004334266369159234	-0.004160591471922843	0.0
just	0	47	131	mlp	29	utterance_final	0	prompt_without	34	33	-0.7697456815968389	-0.911123047704282	-0.91111769883529	5.348868991950084e-06	3.783398389163003e-05	3.783398389163003e-05
just	0	48	0	mlp	29	utterance_final	0	prompt_without	47	46	-1.4387734153053977	-2.273581764914773	-2.2761119495738638	-0.0025301846590908283	-0.0030308569149730667	0.0
just	0	49	85	mlp	29	utterance_final	0	prompt_without	28	27	-0.43339972836630686	-0.5950829778398786	-0.5956454140799387	-0.0005624362400600269	-0.0034786302346796966	0.0
just	0	45	223	mlp	30	utterance_final	0	prompt_without	26	25	-0.48405303863378674	-0.5882273224683908	-0.5882379000003521	-1.0577531961319941e-05	-0.00010153688196324657	0.0
just	0	47	131	mlp	30	utterance_final	0	prompt_without	34	33	-0.7697456815968389	-0.911123047704282	-0.9110115300054136	0.000111517698868413	0.0007887945711455854	0.0007887945711455854
just	0	48	0	mlp	30	utterance_final	0	prompt_without	47	46	-1.4387734153053977	-2.273581764914773	-2.2731822620738638	0.00039950284090917165	0.00047855635499585936	0.00047855635499585936
just	0	49	85	mlp	30	utterance_final	0	prompt_without	28	27	-0.43339972836630686	-0.5950829778398786	-0.5959727832249233	-0.0008898053850446841	-0.005503386330629932	0.0
just	0	45	223	mlp	31	utterance_final	0	prompt_without	26	25	-0.48405303863378674	-0.5882273224683908	-0.5882273224683908	0.0	0.0	0.0
just	0	47	131	mlp	31	utterance_final	0	prompt_without	34	33	-0.7697456815968389	-0.911123047704282	-0.911123047704282	0.0	0.0	0.0
just	0	48	0	mlp	31	utterance_final	0	prompt_without	47	46	-1.4387734153053977	-2.273581764914773	-2.273581764914773	0.0	0.0	0.0
just	0	49	85	mlp	31	utterance_final	0	prompt_without	28	27	-0.43339972836630686	-0.5950829778398786	-0.5950829778398786	0.0	0.0	0.0
just	0	52	1	mlp	0	utterance_final	0	prompt_without	35	34	-1.1226771218436105	-1.905785015651158	-1.9086721965244837	-0.0028871808733257343	-0.003686823866999957	0.0
just	0	52	1	mlp	1	utterance_final	0	prompt_without	35	34	-1.1226771218436105	-1.905785015651158	-1.9070749282836914	-0.0012899126325334187	-0.0016471710255169779	0.0
just	0	52	1	mlp	2	utterance_final	0	prompt_without	35	34	-1.1226771218436105	-1.905785015651158	-1.899601936340332	0.006183079310825956	0.007895565042465882	0.007895565042465882
just	0	52	1	mlp	3	utterance_final	0	prompt_without	35	34	-1.1226771218436105	-1.905785015651158	-1.892880848475865	0.012904167175292969	0.01647814723530833	0.01647814723530833
just	0	52	1	mlp	4	utterance_final	0	prompt_without	35	34	-1.1226771218436105	-1.905785015651158	-1.9012195042201452	0.004565511431012803	0.005829990307995541	0.005829990307995541
just	0	52	1	mlp	5	utterance_final	0	prompt_without	35	34	-1.1226771218436105	-1.905785015651158	-1.9094176973615373	-0.0036326817103793374	-0.004638801037641036	0.0
just	0	52	1	mlp	6	utterance_final	0	prompt_without	35	34	-1.1226771218436105	-1.905785015651158	-1.8724050521850586	0.033379963466099394	0.042624986582375936	0.042624986582375936
just	0	52	1	mlp	7	utterance_final	0	prompt_without	35	34	-1.1226771218436105	-1.905785015651158	-1.8278369903564453	0.07794802529471268	0.09953676359424972	0.09953676359424972
just	0	52	1	mlp	8	utterance_final	0	prompt_without	35	34	-1.1226771218436105	-1.905785015651158	-1.9996343340192522	-0.09384931836809418	-0.11984213045253518	0.0
just	0	52	1	mlp	9	utterance_final	0	prompt_without	35	34	-1.1226771218436105	-1.905785015651158	-1.9331238610403878	-0.027338845389229816	-0.034910700818383614	0.0
just	0	52	1	mlp	10	utterance_final	0	prompt_without	35	34	-1.1226771218436105	-1.905785015651158	-1.9224966594151087	-0.016711643763950734	-0.021340154908536395	0.0
just	0	52	1	mlp	11	utterance_final	0	prompt_without	35	34	-1.1226771218436105	-1.905785015651158	-1.9193263735089983	-0.013541357857840275	-0.017291816319205854	0.0
just	0	52	1	mlp	12	utterance_final	0	prompt_without	35	34	-1.1226771218436105	-1.905785015651158	-1.907301902770996	-0.0015168871198381062	-0.0019370091041514752	0.0
just	0	52	1	mlp	13	utterance_final	0	prompt_without	35	34	-1.1226771218436105	-1.905785015651158	-1.8938463756016322	0.011938640049525828	0.015245204580276912	0.015245204580276912
just	0	52	1	mlp	14	utterance_final	0	prompt_without	35	34	-1.1226771218436105	-1.905785015651158	-1.8963582175118583	0.009426798139299697	0.012037674774884056	0.012037674774884056
just	0	52	1	mlp	15	utterance_final	0	prompt_without	35	34	-1.1226771218436105	-1.905785015651158	-1.8989804131644112	0.006804602486746747	0.008689227296205764	0.008689227296205764
just	0	52	1	mlp	16	utterance_final	0	prompt_without	35	34	-1.1226771218436105	-1.905785015651158	-1.9228639602661133	-0.017078944614955294	-0.02180918459641083	0.0
just	0	52	1	mlp	17	utterance_final	0	prompt_without	35	34	-1.1226771218436105	-1.905785015651158	-1.9057109015328544	7.411411830360315e-05	9.464100526844778e-05	9.464100526844778e-05
just	0	52	1	mlp	18	utterance_final	0	prompt_without	35	34	-1.1226771218436105	-1.905785015651158	-1.907811164855957	-0.0020261492047990437	-0.0025873180704994647	0.0
just	0	52	1	mlp	19	utterance_final	0	prompt_without	35	34	-1.1226771218436105	-1.905785015651158	-1.911306381225586	-0.00552136557442795	-0.007050580920060105	0.0
just	0	52	1	mlp	20	utterance_final	0	prompt_without	35	34	-1.1226771218436105	-1.905785015651158	-1.9107065200805664	-0.004921504429408419	-0.006284580283668934	0.0
just	0	52	1	mlp	21	utterance_final	0	prompt_without	35	34	-1.1226771218436105	-1.905785015651158	-1.9044782093593053	0.0013068062918526469	0.0016687436076002584	0.0016687436076002584
just	0	52	1	mlp	22	utterance_final	0	prompt_without	35	34	-1.1226771218436105	-1.905785015651158	-1.9103621074131556	-0.004577091761997609	-0.005844777965068567	0.0
just	0	52	1	mlp	23	utterance_final	0	prompt_without	35	34	-1.1226771218436105	-1.905785015651158	-1.9082742418561662	-0.0024892262050082437	-0.003178650380990774	0.0
just	0	52	1	mlp	24	utterance_final	0	prompt_without	35	34	-1.1226771218436105	-1.905785015651158	-1.9044923782348633	0.0012926374162947063	0.0016506504742402432	0.0016506504742402432
just	0	52	1	mlp	25	utterance_final	0	prompt_without	35	34	-1.1226771218436105	-1.905785015651158	-1.9078776495797294	-0.002092633928571397	-0.0026722166193432237	0.0
just	0	52	1	mlp	26	utterance_final	0	prompt_without	35	34	-1.1226771218436105	-1.905785015651158	-1.9046340669904436	0.0011509486607144126	0.0014697191406389573	0.0014697191406389573
just	0	52	1	mlp	27	utterance_final	0	prompt_without	35	34	-1.1226771218436105	-1.905785015651158	-1.9027207238333566	0.0030642918178014344	0.00391298803400199	0.00391298803400199
just	0	52	1	mlp	28	utterance_final	0	prompt_without	35	34	-1.1226771218436105	-1.905785015651158	-1.905982289995466	-0.00019727434430794055	-0.0002519120875525508	0.0
just	0	52	1	mlp	29	utterance_final	0	prompt_without	35	34	-1.1226771218436105	-1.905785015651158	-1.9070144380841936	-0.0012294224330355874	-0.0015699272638640058	0.0
just	0	52	1	mlp	30	utterance_final	0	prompt_without	35	34	-1.1226771218436105	-1.905785015651158	-1.9060989107404436	-0.0003138950892855874	-0.0004008324929013276	0.0
just	0	52	1	mlp	31	utterance_final	0	prompt_without	35	34	-1.1226771218436105	-1.905785015651158	-1.905785015651158	0.0	0.0	0.0
just	1	0	395	mlp	0	utterance_final	0	prompt_without	28	27	-0.23950936848467047	-0.29986687140031293	-0.3001748431812633	-0.0003079717809503779	-0.005102460606775084	0.0
just	1	16	450	mlp	0	utterance_final	0	prompt_without	32	31	-0.5017534557141756	-0.5530560612678528	-0.5522931971048054	0.0007628641630473831	0.01486989120365845	0.01486989120365845
just	1	30	145	mlp	0	utterance_final	0	prompt_without	47	46	-0.5030654114346171	-0.6247752627661062	-0.625640774882117	-0.0008655121160108248	-0.007111274120724339	0.0
just	1	33	69	mlp	0	utterance_final	0	prompt_without	81	80	-0.9029102040373761	-1.072480357211569	-1.0709953619086223	0.0014849953029467677	0.008757409692384298	0.008757409692384298
just	1	0	395	mlp	1	utterance_final	0	prompt_without	28	27	-0.23950936848467047	-0.29986687140031293	-0.30024044893004675	-0.0003735775297338262	-0.006189413274037362	0.0
just	1	16	450	mlp	1	utterance_final	0	prompt_without	32	31	-0.5017534557141756	-0.5530560612678528	-0.5529730508202001	8.301044765268717e-05	0.0016180551992790028	0.0016180551992790028
just	1	30	145	mlp	1	utterance_final	0	prompt_without	47	46	-0.5030654114346171	-0.6247752627661062	-0.6253662247990452	-0.0005909620329390686	-0.004855498765909457	0.0
just	1	33	69	mlp	1	utterance_final	0	prompt_without	81	80	-0.9029102040373761	-1.072480357211569	-1.0704356898432192	0.0020446673683498506	0.01205794374821046	0.01205794374821046
just	1	0	395	mlp	2	utterance_final	0	prompt_without	28	27	-0.23950936848467047	-0.29986687140031293	-0.3001784953204068	-0.0003116239200938731	-0.005162969060025701	0.0
just	1	16	450	mlp	2	utterance_final	0	prompt_without	32	31	-0.5017534557141756	-0.5530560612678528	-0.5533768534660339	-0.00032079219818115234	-0.006252941633646895	0.0
just	1	30	145	mlp	2	utterance_final	0	prompt_without	47	46	-0.5030654114346171	-0.6247752627661062	-0.6244882206584133	0.00028704210769292526	0.002358413099290847	0.002358413099290847
just	1	33	69	mlp	2	utterance_final	0	prompt_without	81	80	-0.9029102040373761	-1.072480357211569	-1.0718686787978462	0.0006116784137228937	0.0036072292338766693	0.0036072292338766693
just	1	0	395	mlp	3	utterance_final	0	prompt_without	28	27	-0.23950936848467047	-0.29986687140031293	-0.3001986200159246	-0.00033174861561169333	-0.00549639397897815	0.0
just	1	16	450	mlp	3	utterance_final	0	prompt_without	32	31	-0.5017534557141756	-0.5530560612678528	-0.5532357692718506	-0.00017970800399780273	-0.0035029020857386454	0.0
just	1	30	145	mlp	3	utterance_final	0	prompt_without	47	46	-0.5030654114346171	-0.6247752627661062	-0.6262437354686649	-0.0014684727025586763	-0.01206535614409012	0.0
just	1	33	69	mlp	3	utterance_final	0	prompt_without	81	80	-0.9029102040373761	-1.072480357211569	-1.0714860480764639	0.0009943091351052313	0.005863703703114635	0.005863703703114635
just	1	0	395	mlp	4	utterance_final	0	prompt_without	28	27	-0.23950936848467047	-0.29986687140031293	-0.3000738945874301	-0.00020702318711718348	-0.003429949502823627	0.0
just	1	16	450	mlp	4	utterance_final	0	prompt_without	32	31	-0.5017534557141756	-0.5530560612678528	-0.554793749984942	-0.0017376887170892363	-0.033871354063510835	0.0
just	1	30	145	mlp	4	utterance_final	0	prompt_without	47	46	-0.5030654114346171	-0.6247752627661062	-0.62647330206494	-0.001698039298833831	-0.01395153539551248	0.0
just	1	33	69	mlp	4	utterance_final	0	prompt_without	81	80	-0.9029102040373761	-1.072480357211569	-1.0705950519312983	0.0018853052802707548	0.011118143405426143	0.011118143405426143
just	1	0	395	mlp	5	utterance_final	0	prompt_without	28	27	-0.23950936848467047	-0.29986687140031293	-0.29935185746713117	0.0005150139331817627	0.008532724322634128	0.008532724322634128
just	1	16	450	mlp	5	utterance_final	0	prompt_without	32	31	-0.5017534557141756	-0.5530560612678528	-0.5479415341427452	0.005114527125107626	0.09969332102940409	0.09969332102940409
just	1	30	145	mlp	5	utterance_final	0	prompt_without	47	46	-0.5030654114346171	-0.6247752627661062	-0.6252062625663225	-0.0004309998002163251	-0.0035412071866101763	0.0
just	1	33	69	mlp	5	utterance_final	0	prompt_without	81	80	-0.9029102040373761	-1.072480357211569	-1.0713957392651101	0.0010846179464589767	0.006396278626609423	0.006396278626609423
just	1	0	395	mlp	6	utterance_final	0	prompt_without	28	27	-0.23950936848467047	-0.29986687140031293	-0.29650250348177826	0.003364367918534672	0.055740674415189415	0.055740674415189415
just	1	16	450	mlp	6	utterance_final	0	prompt_without	32	31	-0.5017534557141756	-0.5530560612678528	-0.5540801474922582	-0.0010240862244054183	-0.019961680568717548	0.0
just	1	30	145	mlp	6	utterance_final	0	prompt_without	47	46	-0.5030654114346171	-0.6247752627661062	-0.6330857997716859	-0.00831053700557971	-0.06828154758767328	0.0
just	1	33	69	mlp	6	utterance_final	0	prompt_without	81	80	-0.9029102040373761	-1.072480357211569	-1.070690445278002	0.0017899119335671454	0.010555583633450143	0.010555583633450143
just	1	0	395	mlp	7	utterance_final	0	prompt_without	28	27	-0.23950936848467047	-0.29986687140031293	-0.3042113862254403	-0.004344514825127377	-0.07197969788775734	0.0
just	1	16	450	mlp	7	utterance_final	0	prompt_without	32	31	-0.5017534557141756	-0.5530560612678528	-0.546954377701408	0.006101683566444804	0.11893515934703751	0.11893515934703751
just	1	30	145	mlp	7	utterance_final	0	prompt_without	47	46	-0.5030654114346171	-0.6247752627661062	-0.6198194581408834	0.004955804625222826	0.04071818814177328	0.04071818814177328
just	1	33	69	mlp	7	utterance_final	0	prompt_without	81	80	-0.9029102040373761	-1.072480357211569	-1.0721903624741926	0.0002899947373764533	0.001710175593688075	0.001710175593688075
just	1	0	395	mlp	8	utterance_final	0	prompt_without	28	27	-0.23950936848467047	-0.29986687140031293	-0.3004737469283017	-0.0006068755279887705	-0.010054682494684362	0.0
just	1	16	450	mlp	8	utterance_final	0	prompt_without	32	31	-0.5017534557141756	-0.5530560612678528	-0.5462543682048195	0.006801693063033243	0.13257987561502566	0.13257987561502566
just	1	30	145	mlp	8	utterance_final	0	prompt_without	47	46	-0.5030654114346171	-0.6247752627661062	-0.6256386845610863	-0.0008634217949801126	-0.007094099495927379	0.0
just	1	33	69	mlp	8	utterance_final	0	prompt_without	81	80	-0.9029102040373761	-1.072480357211569	-1.0712631759436235	0.0012171812679455662	0.007178039561568374	0.007178039561568374
just	1	0	395	mlp	9	utterance_final	0	prompt_without	28	27	-0.23950936848467047	-0.29986687140031293	-0.3014613308689811	-0.0015944594686681524	-0.026416922365006038	0.0
just	1	16	450	mlp	9	utterance_final	0	prompt_without	32	31	-0.5017534557141756	-0.5530560612678528	-0.5514835997631675	0.001572461504685263	0.03065071428077897	0.03065071428077897
just	1	30	145	mlp	9	utterance_final	0	prompt_without	47	46	-0.5030654114346171	-0.6247752627661062	-0.6243920076725095	0.0003832550935967127	0.0031489241783138728	0.0031489241783138728
just	1	33	69	mlp	9	utterance_final	0	prompt_without	81	80	-0.9029102040373761	-1.072480357211569	-1.0729631729747937	-0.00048281576322461994	-0.002847292133590524	0.0
just	1	0	395	mlp	10	utterance_final	0	prompt_without	28	27	-0.23950936848467047	-0.29986687140031293	-0.2992866174741225	0.0005802539261904327	0.009613617167055666	0.009613617167055666
just	1	16	450	mlp	10	utterance_final	0	prompt_without	32	31	-0.5017534557141756	-0.5530560612678528	-0.5530495267165335	6.5345513192704985e-06	0.00012737269869136556	0.00012737269869136556
just	1	30	145	mlp	10	utterance_final	0	prompt_without	47	46	-0.5030654114346171	-0.6247752627661062	-0.6272317642389342	-0.0024565014728280543	-0.020183259168869785	0.0
just	1	33	69	mlp	10	utterance_final	0	prompt_without	81	80	-0.9029102040373761	-1.072480357211569	-1.0706020541813062	0.0018783030302629289	0.011076849286875499	0.011076849286875499
just	1	0	395	mlp	11	utterance_final	0	prompt_without	28	27	-0.23950936848467047	-0.29986687140031293	-0.3000652708790519	-0.00019839947873895314	-0.003287072346519081	0.0
just	1	16	450	mlp	11	utterance_final	0	prompt_without	32	31	-0.5017534557141756	-0.5530560612678528	-0.559680490117324	-0.006624428849471231	-0.12912460835035344	0.0
just	1	30	145	mlp	11	utterance_final	0	prompt_without	47	46	-0.5030654114346171	-0.6247752627661062	-0.6346783527108126	-0.009903089944706456	-0.08136637943739158	0.0
just	1	33	69	mlp	11	utterance_final	0	prompt_without	81	80	-0.9029102040373761	-1.072480357211569	-1.0696152526399363	0.002865104571632804	0.016896278725947664	0.016896278725947664
just	1	0	395	mlp	12	utterance_final	0	prompt_without	28	27	-0.23950936848467047	-0.29986687140031293	-0.3017095137726177	-0.001842642372304748	-0.030528803931469513	0.0
just	1	16	450	mlp	12	utterance_final	0	prompt_without	32	31	-0.5017534557141756	-0.5530560612678528	-0.5540426310740019	-0.0009865698061490846	-0.01923040351462951	0.0
just	1	30	145	mlp	12	utterance_final	0	prompt_without	47	46	-0.5030654114346171	-0.6247752627661062	-0.6342092475225759	-0.009433984756469727	-0.07751208840749726	0.0
just	1	33	69	mlp	12	utterance_final	0	prompt_without	81	80	-0.9029102040373761	-1.072480357211569	-1.0713888821394548	0.0010914750721142674	0.006436716908505924	0.006436716908505924
just	1	0	395	mlp	13	utterance_final	0	prompt_without	28	27	-0.23950936848467047	-0.29986687140031293	-0.2996459657495672	0.00022090565074572854	0.0036599534452986435	0.0036599534452986435
just	1	16	450	mlp	13	utterance_final	0	prompt_without	32	31	-0.5017534557141756	-0.5530560612678528	-0.5509068871799269	0.0021491740879259202	0.04189210401170114	0.04189210401170114
just	1	30	145	mlp	13	utterance_final	0	prompt_without	47	46	-0.5030654114346171	-0.6247752627661062	-0.6267051502715709	-0.0019298875054647446	-0.015856460954902504	0.0
just	1	33	69	mlp	13	utterance_final	0	prompt_without	81	80	-0.9029102040373761	-1.072480357211569	-1.0720943989961043	0.0003859582154648322	0.0022760975810899456	0.0022760975810899456
just	1	0	395	mlp	14	utterance_final	0	prompt_without	28	27	-0.23950936848467047	-0.29986687140031293	-0.3006668578494679	-0.0007999864491549658	-0.013254134291689501	0.0
just	1	16	450	mlp	14	utterance_final	0	prompt_without	32	31	-0.5017534557141756	-0.5530560612678528	-0.5533092837584647	-0.00025322249061188185	-0.0049358602331988554	0.0
just	1	30	145	mlp	14	utterance_final	0	prompt_without	47	46	-0.5030654114346171	-0.6247752627661062	-0.6247179979501769	5.726481592926991e-05	0.00047050271857865814	0.00047050271857865814
just	1	33	69	mlp	14	utterance_final	0	prompt_without	81	80	-0.9029102040373761	-1.072480357211569	-1.0716037335603132	0.0008766236512558478	0.00516968130797951	0.00516968130797951
just	1	0	395	mlp	15	utterance_final	0	prompt_without	28	27	-0.23950936848467047	-0.29986687140031293	-0.30065902254798194	-0.0007921511476690068	-0.013124319420174526	0.0
just	1	16	450	mlp	15	utterance_final	0	prompt_without	32	31	-0.5017534557141756	-0.5530560612678528	-0.5558177326854906	-0.0027616714176378343	-0.053831016725814015	0.0
just	1	30	145	mlp	15	utterance_final	0	prompt_without	47	46	-0.5030654114346171	-0.6247752627661062	-0.6249483297037524	-0.00017306693764618242	-0.001421963265527432	0.0
just	1	33	69	mlp	15	utterance_final	0	prompt_without	81	80	-0.9029102040373761	-1.072480357211569	-1.0706768295039302	0.001803527707638919	0.01063587945094455	0.01063587945094455
just	1	0	395	mlp	16	utterance_final	0	prompt_without	28	27	-0.23950936848467047	-0.29986687140031293	-0.3009816353971308	-0.001114763996817869	-0.018469352490872563	0.0
just	1	16	450	mlp	16	utterance_final	0	prompt_without	32	31	-0.5017534557141756	-0.5530560612678528	-0.5535756882868315	-0.0005196270189786745	-0.010128667216229327	0.0
just	1	30	145	mlp	16	utterance_final	0	prompt_without	47	46	-0.5030654114346171	-0.6247752627661062	-0.6260332589925721	-0.0012579962264659406	-0.010336026317538266	0.0
just	1	33	69	mlp	16	utterance_final	0	prompt_without	81	80	-0.9029102040373761	-1.072480357211569	-1.0719904355380847	0.0004899216734843836	0.002889197564037733	0.002889197564037733
just	1	0	395	mlp	17	utterance_final	0	prompt_without	28	27	-0.23950936848467047	-0.29986687140031293	-0.30052993243390863	-0.0006630610335957021	-0.010985561058124241	0.0
just	1	16	450	mlp	17	utterance_final	0	prompt_without	32	31	-0.5017534557141756	-0.5530560612678528	-0.5536190679198817	-0.0005630066520289079	-0.01097423115166816	0.0
just	1	30	145	mlp	17	utterance_final	0	prompt_without	47	46	-0.5030654114346171	-0.6247752627661062	-0.624776002972625	-7.402065188566453e-07	-6.081730531743222e-06	0.0
just	1	33	69	mlp	17	utterance_final	0	prompt_without	81	80	-0.9029102040373761	-1.072480357211569	-1.0725097967230754	-2.9439511506357263e-05	-0.00017361257836522192	0.0
just	1	0	395	mlp	18	utterance_final	0	prompt_without	28	27	-0.23950936848467047	-0.29986687140031293	-0.30062376910989935	-0.0007568977095864238	-0.012540242273513	0.0
just	1	16	450	mlp	18	utterance_final	0	prompt_without	32	31	-0.5017534557141756	-0.5530560612678528	-0.5525521981088739	0.0005038631589788789	0.009821395103445464	0.009821395103445464
just	1	30	145	mlp	18	utterance_final	0	prompt_without	47	46	-0.5030654114346171	-0.6247752627661062	-0.6258388175520786	-0.0010635547859724204	-0.008738444541154864	0.0
just	1	33	69	mlp	18	utterance_final	0	prompt_without	81	80	-0.9029102040373761	-1.072480357211569	-1.0708607823952385	0.0016195748163305712	0.009551060643713893	0.009551060643713893
just	1	0	395	mlp	19	utterance_final	0	prompt_without	28	27	-0.23950936848467047	-0.29986687140031293	-0.300293353470889	-0.0004264820705760508	-0.007065932982219552	0.0
just	1	16	450	mlp	19	utterance_final	0	prompt_without	32	31	-0.5017534557141756	-0.5530560612678528	-0.5530802921244973	-2.423085664449154e-05	-0.0004723123978398943	0.0
just	1	30	145	mlp	19	utterance_final	0	prompt_without	47	46	-0.5030654114346171	-0.6247752627661062	-0.6254617419353751	-0.0006864791692688943	-0.005640292562671851	0.0
just	1	33	69	mlp	19	utterance_final	0	prompt_without	81	80	-0.9029102040373761	-1.072480357211569	-1.0713054304537566	0.0011749267578125	0.006928853550102902	0.006928853550102902
just	1	0	395	mlp	20	utterance_final	0	prompt_without	28	27	-0.23950936848467047	-0.29986687140031293	-0.3002006167715246	-0.0003337453712116689	-0.005529476122929107	0.0
just	1	16	450	mlp	20	utterance_final	0	prompt_without	32	31	-0.5017534557141756	-0.5530560612678528	-0.5537746548652649	-0.0007185935974121094	-0.014006961043338343	0.0
just	1	30	145	mlp	20	utterance_final	0	prompt_without	47	46	-0.5030654114346171	-0.6247752627661062	-0.625385508980862	-0.0006102462147558052	-0.005013942651969381	0.0
just	1	33	69	mlp	20	utterance_final	0	prompt_without	81	80	-0.9029102040373761	-1.072480357211569	-1.0714210323665454	0.0010593248450236903	0.006247118524068832	0.006247118524068832
just	1	0	395	mlp	21	utterance_final	0	prompt_without	28	27	-0.23950936848467047	-0.29986687140031293	-0.3003860116004944	-0.000519140200181456	-0.008601088101789478	0.0
just	1	16	450	mlp	21	utterance_final	0	prompt_without	32	31	-0.5017534557141756	-0.5530560612678528	-0.55277713348991	0.00027892777794280565	0.005436912510242148	0.005436912510242148
just	1	30	145	mlp	21	utterance_final	0	prompt_without	47	46	-0.5030654114346171	-0.6247752627661062	-0.6256404643835023	-0.0008652016173961163	-0.0071087229828229155	0.0
just	1	33	69	mlp	21	utterance_final	0	prompt_without	81	80	-0.9029102040373761	-1.072480357211569	-1.0726674432339875	-0.00018708602241845895	-0.0011032957092765763	0.0
just	1	0	395	mlp	22	utterance_final	0	prompt_without	28	27	-0.23950936848467047	-0.29986687140031293	-0.300425878979943	-0.0005590075796300664	-0.009261608791393391	0.0
just	1	16	450	mlp	22	utterance_final	0	prompt_without	32	31	-0.5017534557141756	-0.5530560612678528	-0.5527726192223398	0.0002834420455130049	0.005524905459556896	0.005524905459556896
just	1	30	145	mlp	22	utterance_final	0	prompt_without	47	46	-0.5030654114346171	-0.6247752627661062	-0.6250873693200045	-0.0003121065538983503	-0.0025643491507379846	0.0
just	1	33	69	mlp	22	utterance_final	0	prompt_without	81	80	-0.9029102040373761	-1.072480357211569	-1.0724745470544566	5.810157112540182e-06	3.426403175193e-05	3.426403175193e-05
just	1	0	395	mlp	23	utterance_final	0	prompt_without	28	27	-0.23950936848467047	-0.29986687140031293	-0.300085493109443	-0.0002186217091300624	-0.0036221132182293054	0.0
just	1	16	450	mlp	23	utterance_final	0	prompt_without	32	31	-0.5017534557141756	-0.5530560612678528	-0.552628263046867	0.00042779822098582	0.008338723079829172	0.008338723079829172
just	1	30	145	mlp	23	utterance_final	0	prompt_without	47	46	-0.5030654114346171	-0.6247752627661062	-0.6243113362511923	0.0004639265149138927	0.0038117416941899148	0.0038117416941899148
just	1	33	69	mlp	23	utterance_final	0	prompt_without	81	80	-0.9029102040373761	-1.072480357211569	-1.0719303773797078	0.0005499798318613358	0.003243376393582439	0.003243376393582439
just	1	0	395	mlp	24	utterance_final	0	prompt_without	28	27	-0.23950936848467047	-0.29986687140031293	-0.3004390732808547	-0.000572201880541745	-0.009480211289414547	0.0
just	1	16	450	mlp	24	utterance_final	0	prompt_without	32	31	-0.5017534557141756	-0.5530560612678528	-0.5527339295337075	0.0003221317341453034	0.00627905211964842	0.00627905211964842
just	1	30	145	mlp	24	utterance_final	0	prompt_without	47	46	-0.5030654114346171	-0.6247752627661062	-0.6250219844108404	-0.00024672164473427127	-0.0020271296204470747	0.0
just	1	33	69	mlp	24	utterance_final	0	prompt_without	81	80	-0.9029102040373761	-1.072480357211569	-1.0722121622251428	0.0002681949864262734	0.001581616702031087	0.001581616702031087
just	1	0	395	mlp	25	utterance_final	0	prompt_without	28	27	-0.23950936848467047	-0.29986687140031293	-0.30076106840913946	-0.0008941970088265361	-0.014815009992648204	0.0
just	1	16	450	mlp	25	utterance_final	0	prompt_without	32	31	-0.5017534557141756	-0.5530560612678528	-0.5530573066912199	-1.2454233671022052e-06	-2.427602562601108e-05	0.0
just	1	30	145	mlp	25	utterance_final	0	prompt_without	47	46	-0.5030654114346171	-0.6247752627661062	-0.6254869533139605	-0.00071169054785436	-0.00584743584901767	0.0
just	1	33	69	mlp	25	utterance_final	0	prompt_without	81	80	-0.9029102040373761	-1.072480357211569	-1.0720753306927888	0.0004050265187802715	0.0023885484042949654	0.0023885484042949654
just	1	0	395	mlp	26	utterance_final	0	prompt_without	28	27	-0.23950936848467047	-0.29986687140031293	-0.29992126334797253	-5.439194765960442e-05	-0.000901162987733676	0.0
just	1	16	450	mlp	26	utterance_final	0	prompt_without	32	31	-0.5017534557141756	-0.5530560612678528	-0.5522060802108363	0.0008499810570165023	0.01656799002396047	0.01656799002396047
just	1	30	145	mlp	26	utterance_final	0	prompt_without	47	46	-0.5030654114346171	-0.6247752627661062	-0.6250867205996846	-0.0003114578335784435	-0.0025590190947662626	0.0
just	1	33	69	mlp	26	utterance_final	0	prompt_without	81	80	-0.9029102040373761	-1.072480357211569	-1.0723544722018035	0.000125885009765625	0.0007423771660824538	0.0007423771660824538
just	1	0	395	mlp	27	utterance_final	0	prompt_without	28	27	-0.23950936848467047	-0.29986687140031293	-0.30020059509710834	-0.00033372369679540714	-0.005529117022316676	0.0
just	1	16	450	mlp	27	utterance_final	0	prompt_without	32	31	-0.5017534557141756	-0.5530560612678528	-0.5520822782265512	0.0009737830413015791	0.018981161498371153	0.018981161498371153
just	1	30	145	mlp	27	utterance_final	0	prompt_without	47	46	-0.5030654114346171	-0.6247752627661062	-0.6250535194263902	-0.0002782566602840264	-0.0022862295635064605	0.0
just	1	33	69	mlp	27	utterance_final	0	prompt_without	81	80	-0.9029102040373761	-1.072480357211569	-1.0721272489298945	0.00035310828167456343	0.0020823728413562775	0.0020823728413562775
just	1	0	395	mlp	28	utterance_final	0	prompt_without	28	27	-0.23950936848467047	-0.29986687140031293	-0.3002477098595012	-0.00038083845918829295	-0.006309711979313736	0.0
just	1	16	450	mlp	28	utterance_final	0	prompt_without	32	31	-0.5017534557141756	-0.5530560612678528	-0.5523127129203395	0.0007433483475133285	0.014489485270598469	0.014489485270598469
just	1	30	145	mlp	28	utterance_final	0	prompt_without	47	46	-0.5030654114346171	-0.6247752627661062	-0.6251724681188894	-0.0003972053527832031	-0.0032635431597182246	0.0
just	1	33	69	mlp	28	utterance_final	0	prompt_without	81	80	-0.9029102040373761	-1.072480357211569	-1.0719534314197043	0.0005269257918647519	0.0031074206279890597	0.0031074206279890597
just	1	0	395	mlp	29	utterance_final	0	prompt_without	28	27	-0.23950936848467047	-0.29986687140031293	-0.3003142503174869	-0.0004473789171739462	-0.007412150860502248	0.0
just	1	16	450	mlp	29	utterance_final	0	prompt_without	32	31	-0.5017534557141756	-0.5530560612678528	-0.5527515034926566	0.0003045577751962236	0.005936497218987626	0.005936497218987626
just	1	30	145	mlp	29	utterance_final	0	prompt_without	47	46	-0.5030654114346171	-0.6247752627661062	-0.625139172687087	-0.0003639099209807872	-0.0029899791758815145	0.0
just	1	33	69	mlp	29	utterance_final	0	prompt_without	81	80	-0.9029102040373761	-1.072480357211569	-1.0724088731019392	7.148410962987128e-05	0.0004215606832438157	0.0004215606832438157
just	1	0	395	mlp	30	utterance_final	0	prompt_without	28	27	-0.23950936848467047	-0.29986687140031293	-0.30025059526616876	-0.00038372386585583396	-0.006357517248388133	0.0
just	1	16	450	mlp	30	utterance_final	0	prompt_without	32	31	-0.5017534557141756	-0.5530560612678528	-0.552166223526001	0.0008898377418518066	0.017344883992700576	0.017344883992700576
just	1	30	145	mlp	30	utterance_final	0	prompt_without	47	46	-0.5030654114346171	-0.6247752627661062	-0.6248556430949721	-8.03803288659255e-05	-0.0006604258240937422	0.0
just	1	33	69	mlp	30	utterance_final	0	prompt_without	81	80	-0.9029102040373761	-1.072480357211569	-1.072358452755472	0.00012190445609716605	0.0007189027892894466	0.0007189027892894466
just	1	0	395	mlp	31	utterance_final	0	prompt_without	28	27	-0.23950936848467047	-0.29986687140031293	-0.29986687140031293	0.0	0.0	0.0
just	1	16	450	mlp	31	utterance_final	0	prompt_without	32	31	-0.5017534557141756	-0.5530560612678528	-0.5530560612678528	0.0	0.0	0.0
just	1	30	145	mlp	31	utterance_final	0	prompt_without	47	46	-0.5030654114346171	-0.6247752627661062	-0.6247752627661062	0.0	0.0	0.0
just	1	33	69	mlp	31	utterance_final	0	prompt_without	81	80	-0.9029102040373761	-1.072480357211569	-1.072480357211569	0.0	0.0	0.0
just	1	38	42	mlp	0	utterance_final	0	prompt_without	32	31	-0.4188626743853092	-0.6213277913630009	-0.6213647574186325	-3.696605563163757e-05	-0.00018257987441713542	0.0
just	1	39	7	mlp	0	utterance_final	0	prompt_without	31	30	-0.5060173988342285	-0.81859792470932	-0.8170630872249603	0.0015348374843596746	0.004910214672084217	0.004910214672084217
just	1	41	43	mlp	0	utterance_final	0	prompt_without	25	24	-0.6230249255895615	-0.9194716364145279	-0.9210281372070312	-0.001556500792503357	-0.005250524750879678	0.0
just	1	42	8	mlp	0	utterance_final	0	prompt_without	26	25	-0.6268645823001862	-1.0280452867348988	-1.0336109002431233	-0.005565613508224487	-0.013873083741818455	0.0
just	1	38	42	mlp	1	utterance_final	0	prompt_without	32	31	-0.4188626743853092	-0.6213277913630009	-0.6218868419528008	-0.000559050589799881	-0.002761219306047072	0.0
just	1	39	7	mlp	1	utterance_final	0	prompt_without	31	30	-0.5060173988342285	-0.81859792470932	-0.8198386788368225	-0.0012407541275024636	-0.003969390364383333	0.0
just	1	41	43	mlp	1	utterance_final	0	prompt_without	25	24	-0.6230249255895615	-0.9194716364145279	-0.8886031210422516	0.030868515372276306	0.10412837871054088	0.10412837871054088
just	1	42	8	mlp	1	utterance_final	0	prompt_without	26	25	-0.6268645823001862	-1.0280452867348988	-1.0277877151966095	0.000257571538289314	0.0006420337155852188	0.0006420337155852188
just	1	38	42	mlp	2	utterance_final	0	prompt_without	32	31	-0.4188626743853092	-0.6213277913630009	-0.6224206984043121	-0.001092907041311264	-0.005398001678638225	0.0
just	1	39	7	mlp	2	utterance_final	0	prompt_without	31	30	-0.5060173988342285	-0.81859792470932	-0.8140327900648117	0.004565134644508362	0.014604667490810378	0.014604667490810378
just	1	41	43	mlp	2	utterance_final	0	prompt_without	25	24	-0.6230249255895615	-0.9194716364145279	-0.9256972670555115	-0.0062256306409835815	-0.021000842355978894	0.0
just	1	42	8	mlp	2	utterance_final	0	prompt_without	26	25	-0.6268645823001862	-1.0280452867348988	-1.0436960657437642	-0.015650779008865356	-0.03901179402663004	0.0
just	1	38	42	mlp	3	utterance_final	0	prompt_without	32	31	-0.4188626743853092	-0.6213277913630009	-0.6206293441355228	0.0006984472274780273	0.0034497163654862327	0.0034497163654862327
just	1	39	7	mlp	3	utterance_final	0	prompt_without	31	30	-0.5060173988342285	-0.81859792470932	-0.7984543800354004	0.020143544673919656	0.06444273717156998	0.06444273717156998
just	1	41	43	mlp	3	utterance_final	0	prompt_without	25	24	-0.6230249255895615	-0.9194716364145279	-0.8582377135753632	0.061233922839164734	0.20655962978560286	0.20655962978560286
just	1	42	8	mlp	3	utterance_final	0	prompt_without	26	25	-0.6268645823001862	-1.0280452867348988	-0.9747654398282369	0.053279846906661876	0.1328076009581177	0.1328076009581177
just	1	38	42	mlp	4	utterance_final	0	prompt_without	32	31	-0.4188626743853092	-0.6213277913630009	-0.6207771077752113	0.0005506835877895355	0.002719893658768942	0.002719893658768942
just	1	39	7	mlp	4	utterance_final	0	prompt_without	31	30	-0.5060173988342285	-0.81859792470932	-0.7369167119264602	0.08168121278285978	0.2613125451567636	0.2613125451567636
just	1	41	43	mlp	4	utterance_final	0	prompt_without	25	24	-0.6230249255895615	-0.9194716364145279	-0.8966762125492096	0.0227954238653183	0.0768955196091806	0.0768955196091806
just	1	42	8	mlp	4	utterance_final	0	prompt_without	26	25	-0.6268645823001862	-1.0280452867348988	-1.02792884906133	0.00011643767356872559	0.0002902374722453144	0.0002902374722453144
just	1	38	42	mlp	5	utterance_final	0	prompt_without	32	31	-0.4188626743853092	-0.6213277913630009	-0.622045386582613	-0.0007175952196121216	-0.0035442906428725146	0.0
just	1	39	7	mlp	5	utterance_final	0	prompt_without	31	30	-0.5060173988342285	-0.81859792470932	-0.7719512999057769	0.04664662480354309	0.14923074517503138	0.14923074517503138
just	1	41	43	mlp	5	utterance_final	0	prompt_without	25	24	-0.6230249255895615	-0.9194716364145279	-1.0547340214252472	-0.1352623850107193	-0.45627891985815766	0.0
just	1	42	8	mlp	5	utterance_final	0	prompt_without	26	25	-0.6268645823001862	-1.0280452867348988	-1.004467099905014	0.023578186829884773	0.058771986212816076	0.058771986212816076
just	1	38	42	mlp	6	utterance_final	0	prompt_without	32	31	-0.4188626743853092	-0.6213277913630009	-0.6225933879613876	-0.0012655965983867645	-0.006250936542941433	0.0
just	1	39	7	mlp	6	utterance_final	0	prompt_without	31	30	-0.5060173988342285	-0.81859792470932	-0.7048557877540589	0.11374213695526114	0.3638810723631355	0.3638810723631355
just	1	41	43	mlp	6	utterance_final	0	prompt_without	25	24	-0.6230249255895615	-0.9194716364145279	-0.9825517386198044	-0.06308010220527649	-0.21278732366344727	0.0
just	1	42	8	mlp	6	utterance_final	0	prompt_without	26	25	-0.6268645823001862	-1.0280452867348988	-0.9953146378199259	0.032730648914972904	0.08158580049629337	0.08158580049629337
just	1	38	42	mlp	7	utterance_final	0	prompt_without	32	31	-0.4188626743853092	-0.6213277913630009	-0.622983805835247	-0.00165601447224617	-0.008179258219719083	0.0
just	1	39	7	mlp	7	utterance_final	0	prompt_without	31	30	-0.5060173988342285	-0.81859792470932	-0.6973923534154892	0.1212055712938308	0.38775790959627804	0.38775790959627804
just	1	41	43	mlp	7	utterance_final	0	prompt_without	25	24	-0.6230249255895615	-0.9194716364145279	-0.925055980682373	-0.005584344267845154	-0.018837599015029606	0.0
just	1	42	8	mlp	7	utterance_final	0	prompt_without	26	25	-0.6268645823001862	-1.0280452867348988	-0.9190911253293356	0.10895416140556324	0.2715837531595297	0.2715837531595297
just	1	38	42	mlp	8	utterance_final	0	prompt_without	32	31	-0.4188626743853092	-0.6213277913630009	-0.6244897432625294	-0.0031619518995285034	-0.015617267540842104	0.0
just	1	39	7	mlp	8	utterance_final	0	prompt_without	31	30	-0.5060173988342285	-0.81859792470932	-0.6997295111417771	0.11886841356754296	0.3802809315607949	0.3802809315607949
just	1	41	43	mlp	8	utterance_final	0	prompt_without	25	24	-0.6230249255895615	-0.9194716364145279	-0.938949465751648	-0.019477829337120056	-0.06570431927855161	0.0
just	1	42	8	mlp	8	utterance_final	0	prompt_without	26	25	-0.6268645823001862	-1.0280452867348988	-1.020590643088023	0.007454643646875869	0.018581760200505913	0.018581760200505913
just	1	38	42	mlp	9	utterance_final	0	prompt_without	32	31	-0.4188626743853092	-0.6213277913630009	-0.6196920722723007	0.0016357190907001495	0.008079016845555568	0.008079016845555568
just	1	39	7	mlp	9	utterance_final	0	prompt_without	31	30	-0.5060173988342285	-0.81859792470932	-0.7900933563709259	0.0285045683383941	0.09119112029962045	0.09119112029962045
just	1	41	43	mlp	9	utterance_final	0	prompt_without	25	24	-0.6230249255895615	-0.9194716364145279	-0.9262328743934631	-0.006761237978935242	-0.022807599922831788	0.0
just	1	42	8	mlp	9	utterance_final	0	prompt_without	26	25	-0.6268645823001862	-1.0280452867348988	-1.008034199476242	0.020011087258656746	0.049880482878291846	0.049880482878291846
just	1	38	42	mlp	10	utterance_final	0	prompt_without	32	31	-0.4188626743853092	-0.6213277913630009	-0.62226502597332	-0.0009372346103191376	-0.004629116483420724	0.0
just	1	39	7	mlp	10	utterance_final	0	prompt_without	31	30	-0.5060173988342285	-0.81859792470932	-0.7868008375167846	0.03179708719253538	0.10172446637076049	0.10172446637076049
just	1	41	43	mlp	10	utterance_final	0	prompt_without	25	24	-0.6230249255895615	-0.9194716364145279	-0.9024122357368469	0.01705940067768097	0.05754626398183752	0.05754626398183752
just	1	42	8	mlp	10	utterance_final	0	prompt_without	26	25	-0.6268645823001862	-1.0280452867348988	-1.007542500893275	0.020502785841623794	0.051106111572622695	0.051106111572622695
just	1	38	42	mlp	11	utterance_final	0	prompt_without	32	31	-0.4188626743853092	-0.6213277913630009	-0.623319249600172	-0.001991458237171173	-0.009836056042140827	0.0
just	1	39	7	mlp	11	utterance_final	0	prompt_without	31	30	-0.5060173988342285	-0.81859792470932	-0.7551387131214142	0.0634592115879058	0.20301716305021622	0.20301716305021622
just	1	41	43	mlp	11	utterance_final	0	prompt_without	25	24	-0.6230249255895615	-0.9194716364145279	-0.9393763244152069	-0.019904688000679016	-0.06714423629557999	0.0
just	1	42	8	mlp	11	utterance_final	0	prompt_without	26	25	-0.6268645823001862	-1.0280452867348988	-0.9773470461368561	0.05069824059804273	0.12637257983152395	0.12637257983152395
just	1	38	42	mlp	12	utterance_final	0	prompt_without	32	31	-0.4188626743853092	-0.6213277913630009	-0.6172176487743855	0.0041101425886154175	0.020300497438619454	0.020300497438619454
just	1	39	7	mlp	12	utterance_final	0	prompt_without	31	30	-0.5060173988342285	-0.81859792470932	-0.788160166144371	0.030437758564949013	0.0973757353556698	0.0973757353556698
just	1	41	43	mlp	12	utterance_final	0	prompt_without	25	24	-0.6230249255895615	-0.9194716364145279	-0.9335682094097137	-0.014096572995185852	-0.04755179423633077	0.0
just	1	42	8	mlp	12	utterance_final	0	prompt_without	26	25	-0.6268645823001862	-1.0280452867348988	-1.085732787847519	-0.05768750111262011	-0.14379430634358453	0.0
just	1	38	42	mlp	13	utterance_final	0	prompt_without	32	31	-0.4188626743853092	-0.6213277913630009	-0.622607059776783	-0.0012792684137821198	-0.006318463312981832	0.0
just	1	39	7	mlp	13	utterance_final	0	prompt_without	31	30	-0.5060173988342285	-0.81859792470932	-0.8243668615818024	-0.005768936872482366	-0.018455842238833703	0.0
just	1	41	43	mlp	13	utterance_final	0	prompt_without	25	24	-0.6230249255895615	-0.9194716364145279	-0.8982010036706924	0.02127063274383545	0.07175196069689048	0.07175196069689048
just	1	42	8	mlp	13	utterance_final	0	prompt_without	26	25	-0.6268645823001862	-1.0280452867348988	-1.0289856493473053	-0.0009403626124064868	-0.0023439876395140026	0.0
just	1	38	42	mlp	14	utterance_final	0	prompt_without	32	31	-0.4188626743853092	-0.6213277913630009	-0.620085071772337	0.00124271959066391	0.006137944201029145	0.006137944201029145
just	1	39	7	mlp	14	utterance_final	0	prompt_without	31	30	-0.5060173988342285	-0.81859792470932	-0.7991072297096252	0.019490694999694802	0.062354156405390916	0.062354156405390916
just	1	41	43	mlp	14	utterance_final	0	prompt_without	25	24	-0.6230249255895615	-0.9194716364145279	-0.9016342610120773	0.01783737540245056	0.06017059643809789	0.06017059643809789
just	1	42	8	mlp	14	utterance_final	0	prompt_without	26	25	-0.6268645823001862	-1.0280452867348988	-1.0283430516719818	-0.00029776493708300045	-0.0007422214822185152	0.0
just	1	38	42	mlp	15	utterance_final	0	prompt_without	32	31	-0.4188626743853092	-0.6213277913630009	-0.6223794035613537	-0.0010516121983528137	-0.00519404139365244	0.0
just	1	39	7	mlp	15	utterance_final	0	prompt_without	31	30	-0.5060173988342285	-0.81859792470932	-0.8066385298967361	0.011959394812583901	0.03826020440365797	0.03826020440365797
just	1	41	43	mlp	15	utterance_final	0	prompt_without	25	24	-0.6230249255895615	-0.9194716364145279	-0.9140091091394424	0.005462527275085449	0.018426675269508173	0.018426675269508173
just	1	42	8	mlp	15	utterance_final	0	prompt_without	26	25	-0.6268645823001862	-1.0280452867348988	-1.0321814219156902	-0.004136135180791367	-0.010309905573896995	0.0
just	1	38	42	mlp	16	utterance_final	0	prompt_without	32	31	-0.4188626743853092	-0.6213277913630009	-0.6220421716570854	-0.000714380294084549	-0.0035284117320973467	0.0
just	1	39	7	mlp	16	utterance_final	0	prompt_without	31	30	-0.5060173988342285	-0.81859792470932	-0.8080472975969315	0.010550627112388522	0.033753309112432024	0.033753309112432024
just	1	41	43	mlp	16	utterance_final	0	prompt_without	25	24	-0.6230249255895615	-0.9194716364145279	-0.9132766276597977	0.006195008754730225	0.020897545928205617	0.020897545928205617
just	1	42	8	mlp	16	utterance_final	0	prompt_without	26	25	-0.6268645823001862	-1.0280452867348988	-1.0246269404888153	0.0034183462460835035	0.008520714501711033	0.008520714501711033
just	1	38	42	mlp	17	utterance_final	0	prompt_without	32	31	-0.4188626743853092	-0.6213277913630009	-0.6195037923753262	0.0018239989876747131	0.009008954307302666	0.009008954307302666
just	1	39	7	mlp	17	utterance_final	0	prompt_without	31	30	-0.5060173988342285	-0.81859792470932	-0.8199321240186691	-0.0013341993093490823	-0.004268337912651135	0.0
just	1	41	43	mlp	17	utterance_final	0	prompt_without	25	24	-0.6230249255895615	-0.9194716364145279	-0.9203262180089951	-0.0008545815944671631	-0.002882749456349141	0.0
just	1	42	8	mlp	17	utterance_final	0	prompt_without	26	25	-0.6268645823001862	-1.0280452867348988	-1.0210860172907512	0.006959269444147598	0.017346969500822877	0.017346969500822877
just	1	38	42	mlp	18	utterance_final	0	prompt_without	32	31	-0.4188626743853092	-0.6213277913630009	-0.6211106590926647	0.00021713227033615112	0.0010724428660966597	0.0010724428660966597
just	1	39	7	mlp	18	utterance_final	0	prompt_without	31	30	-0.5060173988342285	-0.81859792470932	-0.8167481392621994	0.0018497854471206665	0.005917788518469152	0.005917788518469152
just	1	41	43	mlp	18	utterance_final	0	prompt_without	25	24	-0.6230249255895615	-0.9194716364145279	-0.9143751114606857	0.005096524953842163	0.017192044194584935	0.017192044194584935
just	1	42	8	mlp	18	utterance_final	0	prompt_without	26	25	-0.6268645823001862	-1.0280452867348988	-1.02995761235555	-0.0019123256206512451	-0.00476674376287819	0.0
just	1	38	42	mlp	19	utterance_final	0	prompt_without	32	31	-0.4188626743853092	-0.6213277913630009	-0.6223040297627449	-0.0009762383997440338	-0.004821760974516906	0.0
just	1	39	7	mlp	19	utterance_final	0	prompt_without	31	30	-0.5060173988342285	-0.81859792470932	-0.8166682332754135	0.001929691433906533	0.006173421803883091	0.006173421803883091
just	1	41	43	mlp	19	utterance_final	0	prompt_without	25	24	-0.6230249255895615	-0.9194716364145279	-0.9223248660564423	-0.0028532296419143677	-0.009624764039291448	0.0
just	1	42	8	mlp	19	utterance_final	0	prompt_without	26	25	-0.6268645823001862	-1.0280452867348988	-1.0315854251384735	-0.0035401384035746997	-0.00882429878715868	0.0
just	1	38	42	mlp	20	utterance_final	0	prompt_without	32	31	-0.4188626743853092	-0.6213277913630009	-0.6208785623311996	0.00044922903180122375	0.002218797185940536	0.002218797185940536
just	1	39	7	mlp	20	utterance_final	0	prompt_without	31	30	-0.5060173988342285	-0.81859792470932	-0.8187666475772858	-0.00016872286796576486	-0.0005397740869921858	0.0
just	1	41	43	mlp	20	utterance_final	0	prompt_without	25	24	-0.6230249255895615	-0.9194716364145279	-0.9167401343584061	0.002731502056121826	0.00921414188917957	0.00921414188917957
just	1	42	8	mlp	20	utterance_final	0	prompt_without	26	25	-0.6268645823001862	-1.0280452867348988	-1.0285533765951793	-0.0005080898602805028	-0.0012664862857659906	0.0
just	1	38	42	mlp	21	utterance_final	0	prompt_without	32	31	-0.4188626743853092	-0.6213277913630009	-0.6207805797457695	0.000547211617231369	0.002702745171118355	0.002702745171118355
just	1	39	7	mlp	21	utterance_final	0	prompt_without	31	30	-0.5060173988342285	-0.81859792470932	-0.8162880599498749	0.0023098647594451682	0.007389663041158871	0.007389663041158871
just	1	41	43	mlp	21	utterance_final	0	prompt_without	25	24	-0.6230249255895615	-0.9194716364145279	-0.9187545478343964	0.0007170885801315308	0.002418945982352044	0.002418945982352044
just	1	42	8	mlp	21	utterance_final	0	prompt_without	26	25	-0.6268645823001862	-1.0280452867348988	-1.0296211143334706	-0.0015758275985717773	-0.003927974553991104	0.0
just	1	38	42	mlp	22	utterance_final	0	prompt_without	32	31	-0.4188626743853092	-0.6213277913630009	-0.6211917996406555	0.00013599172234535217	0.0006716797657560747	0.0006716797657560747
just	1	39	7	mlp	22	utterance_final	0	prompt_without	31	30	-0.5060173988342285	-0.81859792470932	-0.8179311931133271	0.0006667315959929532	0.0021329914719619538	0.0021329914719619538
just	1	41	43	mlp	22	utterance_final	0	prompt_without	25	24	-0.6230249255895615	-0.9194716364145279	-0.9241562485694885	-0.004684612154960632	-0.01580254387685417	0.0
just	1	42	8	mlp	22	utterance_final	0	prompt_without	26	25	-0.6268645823001862	-1.0280452867348988	-1.029001126686732	-0.0009558399518332372	-0.0023825671106990857	0.0
just	1	38	42	mlp	23	utterance_final	0	prompt_without	32	31	-0.4188626743853092	-0.6213277913630009	-0.6210939958691597	0.00023379549384117126	0.0011547445670205584	0.0011547445670205584
just	1	39	7	mlp	23	utterance_final	0	prompt_without	31	30	-0.5060173988342285	-0.81859792470932	-0.8173860967159271	0.0012118279933929221	0.0038768505811432844	0.0038768505811432844
just	1	41	43	mlp	23	utterance_final	0	prompt_without	25	24	-0.6230249255895615	-0.9194716364145279	-0.920173704624176	-0.0007020682096481323	-0.0023682779535464655	0.0
just	1	42	8	mlp	23	utterance_final	0	prompt_without	26	25	-0.6268645823001862	-1.0280452867348988	-1.030699223279953	-0.002653936545054192	-0.006615314534615381	0.0
just	1	38	42	mlp	24	utterance_final	0	prompt_without	32	31	-0.4188626743853092	-0.6213277913630009	-0.6219989955425262	-0.0006712041795253754	-0.003315159616356684	0.0
just	1	39	7	mlp	24	utterance_final	0	prompt_without	31	30	-0.5060173988342285	-0.81859792470932	-0.8193455427885056	-0.0007476180791855525	-0.0023917615375831304	0.0
just	1	41	43	mlp	24	utterance_final	0	prompt_without	25	24	-0.6230249255895615	-0.9194716364145279	-0.9148939996957779	0.00457763671875	0.015441684969319202	0.015441684969319202
just	1	42	8	mlp	24	utterance_final	0	prompt_without	26	25	-0.6268645823001862	-1.0280452867348988	-1.0303852260112762	-0.002339939276377434	-0.005832631655788498	0.0
just	1	38	42	mlp	25	utterance_final	0	prompt_without	32	31	-0.4188626743853092	-0.6213277913630009	-0.6217515543103218	-0.0004237629473209381	-0.0020930170769497534	0.0
just	1	39	7	mlp	25	utterance_final	0	prompt_without	31	30	-0.5060173988342285	-0.81859792470932	-0.8186823695898056	-8.444488048553467e-05	-0.0002701540035135752	0.0
just	1	41	43	mlp	25	utterance_final	0	prompt_without	25	24	-0.6230249255895615	-0.9194716364145279	-0.9199139475822449	-0.00044231116771698	-0.0014920427569801492	0.0
just	1	42	8	mlp	25	utterance_final	0	prompt_without	26	25	-0.6268645823001862	-1.0280452867348988	-1.030750165383021	-0.0027048786481222997	-0.00674229497635893	0.0
just	1	38	42	mlp	26	utterance_final	0	prompt_without	32	31	-0.4188626743853092	-0.6213277913630009	-0.6217029802501202	-0.0003751888871192932	-0.0018531038468252924	0.0
just	1	39	7	mlp	26	utterance_final	0	prompt_without	31	30	-0.5060173988342285	-0.81859792470932	-0.8184819966554642	0.00011592805385585159	0.0003708742044351698	0.0003708742044351698
just	1	41	43	mlp	26	utterance_final	0	prompt_without	25	24	-0.6230249255895615	-0.9194716364145279	-0.9211805313825607	-0.001708894968032837	-0.005764594126469611	0.0
just	1	42	8	mlp	26	utterance_final	0	prompt_without	26	25	-0.6268645823001862	-1.0280452867348988	-1.0277607142925262	0.00028457244237256596	0.0007093373116574621	0.0007093373116574621
just	1	38	42	mlp	27	utterance_final	0	prompt_without	32	31	-0.4188626743853092	-0.6213277913630009	-0.6208122447133064	0.0005155466496944427	0.0025463480197986284	0.0025463480197986284
just	1	39	7	mlp	27	utterance_final	0	prompt_without	31	30	-0.5060173988342285	-0.81859792470932	-0.8181586772203445	0.0004392474889755027	0.0014052298611559307	0.0014052298611559307
just	1	41	43	mlp	27	utterance_final	0	prompt_without	25	24	-0.6230249255895615	-0.9194716364145279	-0.9178843647241592	0.0015872716903686523	0.005354323837668885	0.005354323837668885
just	1	42	8	mlp	27	utterance_final	0	prompt_without	26	25	-0.6268645823001862	-1.0280452867348988	-1.0292558173338573	-0.0012105305989584814	-0.003017419795062653	0.0
just	1	38	42	mlp	28	utterance_final	0	prompt_without	32	31	-0.4188626743853092	-0.6213277913630009	-0.6219539828598499	-0.0006261914968490601	-0.0030928364658394767	0.0
just	1	39	7	mlp	28	utterance_final	0	prompt_without	31	30	-0.5060173988342285	-0.81859792470932	-0.8184913605451584	0.00010656416416165992	0.0003409174767472347	0.0003409174767472347
just	1	41	43	mlp	28	utterance_final	0	prompt_without	25	24	-0.6230249255895615	-0.9194716364145279	-0.9196695983409882	-0.0001979619264602661	-0.0006677825026608255	0.0
just	1	42	8	mlp	28	utterance_final	0	prompt_without	26	25	-0.6268645823001862	-1.0280452867348988	-1.0313005944093068	-0.003255307674407959	-0.008114317658908547	0.0
just	1	38	42	mlp	29	utterance_final	0	prompt_without	32	31	-0.4188626743853092	-0.6213277913630009	-0.6216197237372398	-0.0002919323742389679	-0.0014418897368435773	0.0
just	1	39	7	mlp	29	utterance_final	0	prompt_without	31	30	-0.5060173988342285	-0.81859792470932	-0.8193143367767334	-0.0007164120674133523	-0.0022919280252911003	0.0
just	1	41	43	mlp	29	utterance_final	0	prompt_without	25	24	-0.6230249255895615	-0.9194716364145279	-0.91928830742836	0.00018332898616790771	0.0006184213872966606	0.0006184213872966606
just	1	42	8	mlp	29	utterance_final	0	prompt_without	26	25	-0.6268645823001862	-1.0280452867348988	-1.0295612514019012	-0.001515964667002434	-0.003778757677636859	0.0
just	1	38	42	mlp	30	utterance_final	0	prompt_without	32	31	-0.4188626743853092	-0.6213277913630009	-0.6212936490774155	3.414228558540344e-05	0.000168632928452388	0.000168632928452388
just	1	39	7	mlp	30	utterance_final	0	prompt_without	31	30	-0.5060173988342285	-0.81859792470932	-0.8189218014478683	-0.0003238767385482788	-0.0010361385682667297	0.0
just	1	41	43	mlp	30	utterance_final	0	prompt_without	25	24	-0.6230249255895615	-0.9194716364145279	-0.9192734360694885	0.00019820034503936768	0.0006685867570863108	0.0006685867570863108
just	1	42	8	mlp	30	utterance_final	0	prompt_without	26	25	-0.6268645823001862	-1.0280452867348988	-1.027760813633601	0.0002844731012978663	0.0007090896898910074	0.0007090896898910074
just	1	38	42	mlp	31	utterance_final	0	prompt_without	32	31	-0.4188626743853092	-0.6213277913630009	-0.6213277913630009	0.0	0.0	0.0
just	1	39	7	mlp	31	utterance_final	0	prompt_without	31	30	-0.5060173988342285	-0.81859792470932	-0.81859792470932	0.0	0.0	0.0
just	1	41	43	mlp	31	utterance_final	0	prompt_without	25	24	-0.6230249255895615	-0.9194716364145279	-0.9194716364145279	0.0	0.0	0.0
just	1	42	8	mlp	31	utterance_final	0	prompt_without	26	25	-0.6268645823001862	-1.0280452867348988	-1.0280452867348988	0.0	0.0	0.0
just	1	46	40	mlp	0	utterance_final	0	prompt_without	21	20	-0.256647836078297	-0.4329582994634455	-0.43216256119988183	0.0007957382635636612	0.004513278725978836	0.004513278725978836
just	1	50	94	mlp	0	utterance_final	0	prompt_without	41	40	-1.0095748901367188	-1.2365570068359375	-1.2371139526367188	-0.00055694580078125	-0.0024536990353265435	0.0
just	1	53	394	mlp	0	utterance_final	0	prompt_without	50	49	-0.6718604544113422	-0.7322065254737591	-0.731825721674952	0.0003808037988071167	0.006310332919822494	0.006310332919822494
just	1	56	204	mlp	0	utterance_final	0	prompt_without	27	26	-0.6910607701256162	-0.8101030644916353	-0.8111146177564349	-0.001011553264799625	-0.008497427491521664	0.0
just	1	46	40	mlp	1	utterance_final	0	prompt_without	21	20	-0.256647836078297	-0.4329582994634455	-0.43134403228759766	0.0016142671758478389	0.009155821752458831	0.009155821752458831
just	1	50	94	mlp	1	utterance_final	0	prompt_without	41	40	-1.0095748901367188	-1.2365570068359375	-1.2380828857421875	-0.00152587890625	-0.006722463110483681	0.0
just	1	53	394	mlp	1	utterance_final	0	prompt_without	50	49	-0.6718604544113422	-0.7322065254737591	-0.7323047189876951	-9.819351393602904e-05	-0.0016271732725477025	0.0
just	1	56	204	mlp	1	utterance_final	0	prompt_without	27	26	-0.6910607701256162	-0.8101030644916353	-0.81183013461885	-0.001727070127214736	-0.014508037974339751	0.0
just	1	46	40	mlp	2	utterance_final	0	prompt_without	21	20	-0.256647836078297	-0.4329582994634455	-0.43159704316746106	0.0013612562959844365	0.007720791323716196	0.007720791323716196
just	1	50	94	mlp	2	utterance_final	0	prompt_without	41	40	-1.0095748901367188	-1.2365570068359375	-1.2426071166992188	-0.00605010986328125	-0.026654566233067795	0.0
just	1	53	394	mlp	2	utterance_final	0	prompt_without	50	49	-0.6718604544113422	-0.7322065254737591	-0.7316587074049588	0.000547818068800332	0.009077940935603173	0.009077940935603173
just	1	56	204	mlp	2	utterance_final	0	prompt_without	27	26	-0.6910607701256162	-0.8101030644916353	-0.8118697915758405	-0.0017667270842052218	-0.014841171313223095	0.0
just	1	46	40	mlp	3	utterance_final	0	prompt_without	21	20	-0.256647836078297	-0.4329582994634455	-0.42948451909151947	0.0034737803719260274	0.019702633100893097	0.019702633100893097
just	1	50	94	mlp	3	utterance_final	0	prompt_without	41	40	-1.0095748901367188	-1.2365570068359375	-1.242095947265625	-0.0055389404296875	-0.024402541091055763	0.0
just	1	53	394	mlp	3	utterance_final	0	prompt_without	50	49	-0.6718604544113422	-0.7322065254737591	-0.7316927560444536	0.0005137694293054773	0.008513717964738382	0.008513717964738382
just	1	56	204	mlp	3	utterance_final	0	prompt_without	27	26	-0.6910607701256162	-0.8101030644916353	-0.8048254194713774	0.005277645020257848	0.04433420112040754	0.04433420112040754
just	1	46	40	mlp	4	utterance_final	0	prompt_without	21	20	-0.256647836078297	-0.4329582994634455	-0.43096241084012116	0.001995888623324338	0.011320307286382308	0.011320307286382308
just	1	50	94	mlp	4	utterance_final	0	prompt_without	41	40	-1.0095748901367188	-1.2365570068359375	-1.2415542602539062	-0.00499725341796875	-0.022016066686834056	0.0
just	1	53	394	mlp	4	utterance_final	0	prompt_without	50	49	-0.6718604544113422	-0.7322065254737591	-0.7312132572305614	0.0009932682431976758	0.016459534576332625	0.016459534576332625
just	1	56	204	mlp	4	utterance_final	0	prompt_without	27	26	-0.6910607701256162	-0.8101030644916353	-0.8165939762478783	-0.006490911756243056	-0.054526097558952144	0.0
just	1	46	40	mlp	5	utterance_final	0	prompt_without	21	20	-0.256647836078297	-0.4329582994634455	-0.4130125479264693	0.019945751536976197	0.11312857532116456	0.11312857532116456
just	1	50	94	mlp	5	utterance_final	0	prompt_without	41	40	-1.0095748901367188	-1.2365570068359375	-1.2581863403320312	-0.02162933349609375	-0.09529091459110618	0.0
just	1	53	394	mlp	5	utterance_final	0	prompt_without	50	49	-0.6718604544113422	-0.7322065254737591	-0.7300161246595711	0.002190400814187976	0.03629732268605211	0.03629732268605211
just	1	56	204	mlp	5	utterance_final	0	prompt_without	27	26	-0.6910607701256162	-0.8101030644916353	-0.8266662529536656	-0.01656318846203031	-0.1391370063072164	0.0
just	1	46	40	mlp	6	utterance_final	0	prompt_without	21	20	-0.256647836078297	-0.4329582994634455	-0.41727694598111237	0.015681353482333127	0.0889417064719373	0.0889417064719373
just	1	50	94	mlp	6	utterance_final	0	prompt_without	41	40	-1.0095748901367188	-1.2365570068359375	-1.2437896728515625	-0.007232666015625	-0.03186447514369265	0.0
just	1	53	394	mlp	6	utterance_final	0	prompt_without	50	49	-0.6718604544113422	-0.7322065254737591	-0.7311482984444191	0.0010582270293399976	0.017535972279710762	0.017535972279710762
just	1	56	204	mlp	6	utterance_final	0	prompt_without	27	26	-0.6910607701256162	-0.8101030644916353	-0.7810005573999315	0.02910250709170381	0.24447199414875517	0.24447199414875517
just	1	46	40	mlp	7	utterance_final	0	prompt_without	21	20	-0.256647836078297	-0.4329582994634455	-0.4194621172818271	0.01349618218161841	0.07654782321192209	0.07654782321192209
just	1	50	94	mlp	7	utterance_final	0	prompt_without	41	40	-1.0095748901367188	-1.2365570068359375	-1.227783203125	0.0087738037109375	0.03865416288528117	0.03865416288528117
just	1	53	394	mlp	7	utterance_final	0	prompt_without	50	49	-0.6718604544113422	-0.7322065254737591	-0.7336000409619562	-0.0013935154881971057	-0.02309206653662293	0.0
just	1	56	204	mlp	7	utterance_final	0	prompt_without	27	26	-0.6910607701256162	-0.8101030644916353	-0.7980958961305165	0.012007168361118814	0.10086472564280724	0.10086472564280724
just	1	46	40	mlp	8	utterance_final	0	prompt_without	21	20	-0.256647836078297	-0.4329582994634455	-0.4310245459729975	0.001933753490447998	0.010967888424317349	0.010967888424317349
just	1	50	94	mlp	8	utterance_final	0	prompt_without	41	40	-1.0095748901367188	-1.2365570068359375	-1.2287216186523438	0.00783538818359375	0.0345198480723337	0.0345198480723337
just	1	53	394	mlp	8	utterance_final	0	prompt_without	50	49	-0.6718604544113422	-0.7322065254737591	-0.7313382728346463	0.000868252639112832	0.014387890111599565	0.014387890111599565
just	1	56	204	mlp	8	utterance_final	0	prompt_without	27	26	-0.6910607701256162	-0.8101030644916353	-0.7967010055269513	0.013402058964683938	0.11258233080989397	0.11258233080989397
just	1	46	40	mlp	9	utterance_final	0	prompt_without	21	20	-0.256647836078297	-0.4329582994634455	-0.4342963532968001	-0.0013380538333546133	-0.007589191291679879	0.0
just	1	50	94	mlp	9	utterance_final	0	prompt_without	41	40	-1.0095748901367188	-1.2365570068359375	-1.255645751953125	-0.0190887451171875	-0.08409801351215085	0.0
just	1	53	394	mlp	9	utterance_final	0	prompt_without	50	49	-0.6718604544113422	-0.7322065254737591	-0.7318935394287109	0.000312986045048147	0.005186519015039451	0.005186519015039451
just	1	56	204	mlp	9	utterance_final	0	prompt_without	27	26	-0.6910607701256162	-0.8101030644916353	-0.8100637594858805	3.9305005754775024e-05	0.00033017681626602396	0.00033017681626602396
just	1	46	40	mlp	10	utterance_final	0	prompt_without	21	20	-0.256647836078297	-0.4329582994634455	-0.43789672309702093	-0.0049384236335754395	-0.028009815973244315	0.0
just	1	50	94	mlp	10	utterance_final	0	prompt_without	41	40	-1.0095748901367188	-1.2365570068359375	-1.275299072265625	-0.0387420654296875	-0.17068333837518065	0.0
just	1	53	394	mlp	10	utterance_final	0	prompt_without	50	49	-0.6718604544113422	-0.7322065254737591	-0.7318705073718367	0.00033601810192240844	0.005568185235702584	0.005568185235702584
just	1	56	204	mlp	10	utterance_final	0	prompt_without	27	26	-0.6910607701256162	-0.8101030644916353	-0.7997897352491107	0.010313329242524594	0.08663584062664503	0.08663584062664503
just	1	46	40	mlp	11	utterance_final	0	prompt_without	21	20	-0.256647836078297	-0.4329582994634455	-0.42223661596124823	0.010721683502197266	0.06081138519144977	0.06081138519144977
just	1	50	94	mlp	11	utterance_final	0	prompt_without	41	40	-1.0095748901367188	-1.2365570068359375	-1.222015380859375	0.0145416259765625	0.06406507344290949	0.06406507344290949
just	1	53	394	mlp	11	utterance_final	0	prompt_without	50	49	-0.6718604544113422	-0.7322065254737591	-0.731539444676761	0.0006670807969980652	0.011054253992908561	0.011054253992908561
just	1	56	204	mlp	11	utterance_final	0	prompt_without	27	26	-0.6910607701256162	-0.8101030644916353	-0.8074033714476085	0.0026996930440267297	0.022678435915608187	0.022678435915608187
just	1	46	40	mlp	12	utterance_final	0	prompt_without	21	20	-0.256647836078297	-0.4329582994634455	-0.40656361796639184	0.02639468149705365	0.14970570089986507	0.14970570089986507
just	1	50	94	mlp	12	utterance_final	0	prompt_without	41	40	-1.0095748901367188	-1.2365570068359375	-1.2548294067382812	-0.01827239990234375	-0.08050149574804208	0.0
just	1	53	394	mlp	12	utterance_final	0	prompt_without	50	49	-0.6718604544113422	-0.7322065254737591	-0.7310492499121304	0.0011572755616287012	0.019177314135856726	0.019177314135856726
just	1	56	204	mlp	12	utterance_final	0	prompt_without	27	26	-0.6910607701256162	-0.8101030644916353	-0.7999358404250372	0.01016722406659809	0.08540850225329956	0.08540850225329956
just	1	46	40	mlp	13	utterance_final	0	prompt_without	21	20	-0.256647836078297	-0.4329582994634455	-0.4208575866439126	0.0121007128195329	0.06863298177090607	0.06863298177090607
just	1	50	94	mlp	13	utterance_final	0	prompt_without	41	40	-1.0095748901367188	-1.2365570068359375	-1.23040771484375	0.0061492919921875	0.027091526335249236	0.027091526335249236
just	1	53	394	mlp	13	utterance_final	0	prompt_without	50	49	-0.6718604544113422	-0.7322065254737591	-0.7309417005242973	0.0012648249494617847	0.02095952440969284	0.02095952440969284
just	1	56	204	mlp	13	utterance_final	0	prompt_without	27	26	-0.6910607701256162	-0.8101030644916353	-0.8077407223837716	0.0023623421078636797	0.01984456130020639	0.01984456130020639
just	1	46	40	mlp	14	utterance_final	0	prompt_without	21	20	-0.256647836078297	-0.4329582994634455	-0.4325147271156311	0.0004435723478143916	0.0025158594634591375	0.0025158594634591375
just	1	50	94	mlp	14	utterance_final	0	prompt_without	41	40	-1.0095748901367188	-1.2365570068359375	-1.2375640869140625	-0.001007080078125	-0.004436825652919229	0.0
just	1	53	394	mlp	14	utterance_final	0	prompt_without	50	49	-0.6718604544113422	-0.7322065254737591	-0.7319020485055858	0.00030447696817326175	0.0050455143609653835	0.0050455143609653835
just	1	56	204	mlp	14	utterance_final	0	prompt_without	27	26	-0.6910607701256162	-0.8101030644916353	-0.8128031662532261	-0.0027001017615908562	-0.022681869296712804	0.0
just	1	46	40	mlp	15	utterance_final	0	prompt_without	21	20	-0.256647836078297	-0.4329582994634455	-0.4211898608641191	0.011768438599326414	0.06674838448821029	0.06674838448821029
just	1	50	94	mlp	15	utterance_final	0	prompt_without	41	40	-1.0095748901367188	-1.2365570068359375	-1.2467498779296875	-0.01019287109375	-0.04490605357803099	0.0
just	1	53	394	mlp	15	utterance_final	0	prompt_without	50	49	-0.6718604544113422	-0.7322065254737591	-0.7319918028239546	0.00021472264980448852	0.003558187733256033	0.003558187733256033
just	1	56	204	mlp	15	utterance_final	0	prompt_without	27	26	-0.6910607701256162	-0.8101030644916353	-0.8107657886686779	-0.0006627241770426062	-0.005567132090086651	0.0
just	1	46	40	mlp	16	utterance_final	0	prompt_without	21	20	-0.256647836078297	-0.4329582994634455	-0.43075469407168304	0.002203605391762453	0.012498437979535556	0.012498437979535556
just	1	50	94	mlp	16	utterance_final	0	prompt_without	41	40	-1.0095748901367188	-1.2365570068359375	-1.2369461059570312	-0.00038909912109375	-0.0017142280931733388	0.0
just	1	53	394	mlp	16	utterance_final	0	prompt_without	50	49	-0.6718604544113422	-0.7322065254737591	-0.732448146261018	-0.00024162078725886715	-0.004003919111965966	0.0
just	1	56	204	mlp	16	utterance_final	0	prompt_without	27	26	-0.6910607701256162	-0.8101030644916353	-0.8099059377397809	0.00019712675185434847	0.0016559387812893058	0.0016559387812893058
just	1	46	40	mlp	17	utterance_final	0	prompt_without	21	20	-0.256647836078297	-0.4329582994634455	-0.4400798299095847	-0.007121530446139224	-0.040391989842272207	0.0
just	1	50	94	mlp	17	utterance_final	0	prompt_without	41	40	-1.0095748901367188	-1.2365570068359375	-1.2315902709960938	0.00496673583984375	0.021881617424624383	0.021881617424624383
just	1	53	394	mlp	17	utterance_final	0	prompt_without	50	49	-0.6718604544113422	-0.7322065254737591	-0.7322438934753681	-3.736800160902831e-05	-0.0006192284095907093	0.0
just	1	56	204	mlp	17	utterance_final	0	prompt_without	27	26	-0.6910607701256162	-0.8101030644916353	-0.8096452894664946	0.00045777502514066093	0.0038454822093158	0.0038454822093158
just	1	46	40	mlp	18	utterance_final	0	prompt_without	21	20	-0.256647836078297	-0.4329582994634455	-0.4332090345295993	-0.0002507350661538066	-0.0014221224386784025	0.0
just	1	50	94	mlp	18	utterance_final	0	prompt_without	41	40	-1.0095748901367188	-1.2365570068359375	-1.2417831420898438	-0.00522613525390625	-0.02302443615340661	0.0
just	1	53	394	mlp	18	utterance_final	0	prompt_without	50	49	-0.6718604544113422	-0.7322065254737591	-0.7319982976749025	0.00020822779885654175	0.00345056099246575	0.00345056099246575
just	1	56	204	mlp	18	utterance_final	0	prompt_without	27	26	-0.6910607701256162	-0.8101030644916353	-0.8112368243081229	-0.0011337598164876672	-0.009524008441921476	0.0
just	1	46	40	mlp	19	utterance_final	0	prompt_without	21	20	-0.256647836078297	-0.4329582994634455	-0.43472926725040784	-0.0017709677869623408	-0.010044598335004536	0.0
just	1	50	94	mlp	19	utterance_final	0	prompt_without	41	40	-1.0095748901367188	-1.2365570068359375	-1.2370071411132812	-0.00045013427734375	-0.0019831266175926857	0.0
just	1	53	394	mlp	19	utterance_final	0	prompt_without	50	49	-0.6718604544113422	-0.7322065254737591	-0.7322201769927452	-1.3651518986135258e-05	-0.0002262205102303228	0.0
just	1	56	204	mlp	19	utterance_final	0	prompt_without	27	26	-0.6910607701256162	-0.8101030644916353	-0.8116029898325602	-0.0014999253409249125	-0.012599936425226273	0.0
just	1	46	40	mlp	20	utterance_final	0	prompt_without	21	20	-0.256647836078297	-0.4329582994634455	-0.43306242335926404	-0.00010412389581854198	-0.000590571278750963	0.0
just	1	50	94	mlp	20	utterance_final	0	prompt_without	41	40	-1.0095748901367188	-1.2365570068359375	-1.2379379272460938	-0.00138092041015625	-0.006083829114987732	0.0
just	1	53	394	mlp	20	utterance_final	0	prompt_without	50	49	-0.6718604544113422	-0.7322065254737591	-0.7311255068614565	0.0010810186123025867	0.017913653586237168	0.017913653586237168
just	1	56	204	mlp	20	utterance_final	0	prompt_without	27	26	-0.6910607701256162	-0.8101030644916353	-0.8115798518771217	-0.0014767873854864	-0.012405568906003481	0.0
just	1	46	40	mlp	21	utterance_final	0	prompt_without	21	20	-0.256647836078297	-0.4329582994634455	-0.4338541193441911	-0.0008958198807456075	-0.005080922955710789	0.0
just	1	50	94	mlp	21	utterance_final	0	prompt_without	41	40	-1.0095748901367188	-1.2365570068359375	-1.2371368408203125	-0.000579833984375	-0.0025545359819837987	0.0
just	1	53	394	mlp	21	utterance_final	0	prompt_without	50	49	-0.6718604544113422	-0.7322065254737591	-0.731994170567085	0.00021235490667403933	0.0035189516555998723	0.0035189516555998723
just	1	56	204	mlp	21	utterance_final	0	prompt_without	27	26	-0.6910607701256162	-0.8101030644916353	-0.8110278674534389	-0.0009248029618036391	-0.0077686923519816355	0.0
just	1	46	40	mlp	22	utterance_final	0	prompt_without	21	20	-0.256647836078297	-0.4329582994634455	-0.43376085974953393	-0.0008025602860884384	-0.0045519719628622	0.0
just	1	50	94	mlp	22	utterance_final	0	prompt_without	41	40	-1.0095748901367188	-1.2365570068359375	-1.2380599975585938	-0.00150299072265625	-0.006621626163826426	0.0
just	1	53	394	mlp	22	utterance_final	0	prompt_without	50	49	-0.6718604544113422	-0.7322065254737591	-0.7320194984304493	0.00018702704330975095	0.003099241425615034	0.003099241425615034
just	1	56	204	mlp	22	utterance_final	0	prompt_without	27	26	-0.6910607701256162	-0.8101030644916353	-0.8117525350479853	-0.0016494705563500078	-0.01385617242287337	0.0
just	1	46	40	mlp	23	utterance_final	0	prompt_without	21	20	-0.256647836078297	-0.4329582994634455	-0.43315902623263275	-0.00020072676918725385	-0.001138484723670473	0.0
just	1	50	94	mlp	23	utterance_final	0	prompt_without	41	40	-1.0095748901367188	-1.2365570068359375	-1.237884521484375	-0.0013275146484375	-0.0058485429061208025	0.0
just	1	53	394	mlp	23	utterance_final	0	prompt_without	50	49	-0.6718604544113422	-0.7322065254737591	-0.7327224365596113	-0.0005159110858522498	-0.008549207541923237	0.0
just	1	56	204	mlp	23	utterance_final	0	prompt_without	27	26	-0.6910607701256162	-0.8101030644916353	-0.8119852202279227	-0.001882155736287472	-0.01581081536029885	0.0
just	1	46	40	mlp	24	utterance_final	0	prompt_without	21	20	-0.256647836078297	-0.4329582994634455	-0.43278619376095856	0.00017210570248693546	0.0009761513819572479	0.0009761513819572479
just	1	50	94	mlp	24	utterance_final	0	prompt_without	41	40	-1.0095748901367188	-1.2365570068359375	-1.2401046752929688	-0.00354766845703125	-0.015629726731874558	0.0
just	1	53	394	mlp	24	utterance_final	0	prompt_without	50	49	-0.6718604544113422	-0.7322065254737591	-0.7315887891013046	0.000617736372454436	0.010236563235666195	0.010236563235666195
just	1	56	204	mlp	24	utterance_final	0	prompt_without	27	26	-0.6910607701256162	-0.8101030644916353	-0.8114979380653018	-0.0013948735736665219	-0.011717462109539884	0.0
just	1	46	40	mlp	25	utterance_final	0	prompt_without	21	20	-0.256647836078297	-0.4329582994634455	-0.4330424287102439	-8.412924679840339e-05	-0.00047716536604310245	0.0
just	1	50	94	mlp	25	utterance_final	0	prompt_without	41	40	-1.0095748901367188	-1.2365570068359375	-1.239166259765625	-0.0026092529296875	-0.011495411918927095	0.0
just	1	53	394	mlp	25	utterance_final	0	prompt_without	50	49	-0.6718604544113422	-0.7322065254737591	-0.7327194686593681	-0.0005129431856090161	-0.008500026208474636	0.0
just	1	56	204	mlp	25	utterance_final	0	prompt_without	27	26	-0.6910607701256162	-0.8101030644916353	-0.8109166281563895	-0.0008135636647542688	-0.0068342404612330996	0.0
just	1	46	40	mlp	26	utterance_final	0	prompt_without	21	20	-0.256647836078297	-0.4329582994634455	-0.432520481673154	0.0004378177902915059	0.0024832206885821474	0.0024832206885821474
just	1	50	94	mlp	26	utterance_final	0	prompt_without	41	40	-1.0095748901367188	-1.2365570068359375	-1.2388381958007812	-0.00228118896484375	-0.010050082350173104	0.0
just	1	53	394	mlp	26	utterance_final	0	prompt_without	50	49	-0.6718604544113422	-0.7322065254737591	-0.7327303064280543	-0.0005237809542951721	-0.008679619817393208	0.0
just	1	56	204	mlp	26	utterance_final	0	prompt_without	27	26	-0.6910607701256162	-0.8101030644916353	-0.8113354160672143	-0.0012323515755789938	-0.010352216261809311	0.0
just	1	46	40	mlp	27	utterance_final	0	prompt_without	21	20	-0.256647836078297	-0.4329582994634455	-0.43375493721528485	-0.0007966377518393575	-0.0045183804553851695	0.0
just	1	50	94	mlp	27	utterance_final	0	prompt_without	41	40	-1.0095748901367188	-1.2365570068359375	-1.2386627197265625	-0.002105712890625	-0.009276999092467481	0.0
just	1	53	394	mlp	27	utterance_final	0	prompt_without	50	49	-0.6718604544113422	-0.7322065254737591	-0.7319786425294548	0.000227882944304314	0.003776268119735769	0.003776268119735769
just	1	56	204	mlp	27	utterance_final	0	prompt_without	27	26	-0.6910607701256162	-0.8101030644916353	-0.8105910732632592	-0.00048800877162391565	-0.004099457039390018	0.0
just	1	46	40	mlp	28	utterance_final	0	prompt_without	21	20	-0.256647836078297	-0.4329582994634455	-0.43319662050767377	-0.0002383210442282735	-0.0013517124262084404	0.0
just	1	50	94	mlp	28	utterance_final	0	prompt_without	41	40	-1.0095748901367188	-1.2365570068359375	-1.2393569946289062	-0.00279998779296875	-0.012335719807737556	0.0
just	1	53	394	mlp	28	utterance_final	0	prompt_without	50	49	-0.6718604544113422	-0.7322065254737591	-0.7319122121251863	0.00029431334857277225	0.004877092135266926	0.004877092135266926
just	1	56	204	mlp	28	utterance_final	0	prompt_without	27	26	-0.6910607701256162	-0.8101030644916353	-0.8087138789040702	0.0013891855875650672	0.01166968088916147	0.01166968088916147
just	1	46	40	mlp	29	utterance_final	0	prompt_without	21	20	-0.256647836078297	-0.4329582994634455	-0.433204786344008	-0.000246486880562502	-0.0013980275238914992	0.0
just	1	50	94	mlp	29	utterance_final	0	prompt_without	41	40	-1.0095748901367188	-1.2365570068359375	-1.2366561889648438	-9.918212890625e-05	-0.00043696010218143927	0.0
just	1	53	394	mlp	29	utterance_final	0	prompt_without	50	49	-0.6718604544113422	-0.7322065254737591	-0.7324243886717434	-0.00021786319798433595	-0.0036102300307007023	0.0
just	1	56	204	mlp	29	utterance_final	0	prompt_without	27	26	-0.6910607701256162	-0.8101030644916353	-0.8103861808776855	-0.000283116386050275	-0.002378284017105531	0.0
just	1	46	40	mlp	30	utterance_final	0	prompt_without	21	20	-0.256647836078297	-0.4329582994634455	-0.4336374727162448	-0.0006791732527993144	-0.0038521437682099845	0.0
just	1	50	94	mlp	30	utterance_final	0	prompt_without	41	40	-1.0095748901367188	-1.2365570068359375	-1.2358245849609375	0.000732421875	0.003226782293032167	0.003226782293032167
just	1	53	394	mlp	30	utterance_final	0	prompt_without	50	49	-0.6718604544113422	-0.7322065254737591	-0.7323658918512279	-0.0001593663774688281	-0.0026408741225918925	0.0
just	1	56	204	mlp	30	utterance_final	0	prompt_without	27	26	-0.6910607701256162	-0.8101030644916353	-0.8112140496571859	-0.0011109851655506375	-0.00933269281701421	0.0
just	1	46	40	mlp	31	utterance_final	0	prompt_without	21	20	-0.256647836078297	-0.4329582994634455	-0.4329582994634455	0.0	0.0	0.0
just	1	50	94	mlp	31	utterance_final	0	prompt_without	41	40	-1.0095748901367188	-1.2365570068359375	-1.2365570068359375	0.0	0.0	0.0
just	1	53	394	mlp	31	utterance_final	0	prompt_without	50	49	-0.6718604544113422	-0.7322065254737591	-0.7322065254737591	0.0	0.0	0.0
just	1	56	204	mlp	31	utterance_final	0	prompt_without	27	26	-0.6910607701256162	-0.8101030644916353	-0.8101030644916353	0.0	0.0	0.0
just	1	59	105	mlp	0	utterance_final	0	prompt_without	23	22	-0.6711461808946397	-0.8058634532822503	-0.8049062159326341	0.000957237349616169	0.007105527989477039	0.007105527989477039
just	1	59	105	mlp	1	utterance_final	0	prompt_without	23	22	-0.6711461808946397	-0.8058634532822503	-0.806555085712009	-0.0006916324297586707	-0.0051339551157827444	0.0
just	1	59	105	mlp	2	utterance_final	0	prompt_without	23	22	-0.6711461808946397	-0.8058634532822503	-0.8098037772708468	-0.003940323988596561	-0.029248840321376177	0.0
just	1	59	105	mlp	3	utterance_final	0	prompt_without	23	22	-0.6711461808946397	-0.8058634532822503	-0.8074033723937141	-0.0015399191114637834	-0.011430747402850504	0.0
just	1	59	105	mlp	4	utterance_final	0	prompt_without	23	22	-0.6711461808946397	-0.8058634532822503	-0.7978488869137235	0.008014566368526821	0.05949175058612522	0.05949175058612522
just	1	59	105	mlp	5	utterance_final	0	prompt_without	23	22	-0.6711461808946397	-0.8058634532822503	-0.8020329475402832	0.003830505741967083	0.02843366462279532	0.02843366462279532
just	1	59	105	mlp	6	utterance_final	0	prompt_without	23	22	-0.6711461808946397	-0.8058634532822503	-0.7965243988566928	0.009339054425557491	0.06932336336714882	0.06932336336714882
just	1	59	105	mlp	7	utterance_final	0	prompt_without	23	22	-0.6711461808946397	-0.8058634532822503	-0.7920982241630554	0.013765229119194866	0.10217865070478374	0.10217865070478374
just	1	59	105	mlp	8	utterance_final	0	prompt_without	23	22	-0.6711461808946397	-0.8058634532822503	-0.7983456254005432	0.007517827881707073	0.05580448407592952	0.05580448407592952
just	1	59	105	mlp	9	utterance_final	0	prompt_without	23	22	-0.6711461808946397	-0.8058634532822503	-0.79635708199607	0.00950637128618026	0.07056534858298188	0.07056534858298188
just	1	59	105	mlp	10	utterance_final	0	prompt_without	23	22	-0.6711461808946397	-0.8058634532822503	-0.7981036901473999	0.007759763134850384	0.05760035812277937	0.05760035812277937
just	1	59	105	mlp	11	utterance_final	0	prompt_without	23	22	-0.6711461808946397	-0.8058634532822503	-0.8106848200162252	-0.00482136673397493	-0.03578877933412147	0.0
just	1	59	105	mlp	12	utterance_final	0	prompt_without	23	22	-0.6711461808946397	-0.8058634532822503	-0.8082580632633634	-0.0023946099811130717	-0.017775077676923743	0.0
just	1	59	105	mlp	13	utterance_final	0	prompt_without	23	22	-0.6711461808946397	-0.8058634532822503	-0.8003323872884115	0.005531065993838791	0.041056843683152405	0.041056843683152405
just	1	59	105	mlp	14	utterance_final	0	prompt_without	23	22	-0.6711461808946397	-0.8058634532822503	-0.8102601766586304	-0.004396723376380085	-0.03263667158974067	0.0
just	1	59	105	mlp	15	utterance_final	0	prompt_without	23	22	-0.6711461808946397	-0.8058634532822503	-0.8114287853240967	-0.005565332041846394	-0.04131119895178502	0.0
just	1	59	105	mlp	16	utterance_final	0	prompt_without	23	22	-0.6711461808946397	-0.8058634532822503	-0.8042643202675713	0.001599133014678955	0.011870289431617243	0.011870289431617243
just	1	59	105	mlp	17	utterance_final	0	prompt_without	23	22	-0.6711461808946397	-0.8058634532822503	-0.8066553539699979	-0.0007919006877475931	-0.005878241696203028	0.0
just	1	59	105	mlp	18	utterance_final	0	prompt_without	23	22	-0.6711461808946397	-0.8058634532822503	-0.8059707880020142	-0.0001073347197638741	-0.0007967405950370568	0.0
just	1	59	105	mlp	19	utterance_final	0	prompt_without	23	22	-0.6711461808946397	-0.8058634532822503	-0.805904229482015	-4.077619976472491e-05	-0.000302679820056058	0.0
just	1	59	105	mlp	20	utterance_final	0	prompt_without	23	22	-0.6711461808946397	-0.8058634532822503	-0.8047008779313829	0.0011625753508673897	0.008629742350501356	0.008629742350501356
just	1	59	105	mlp	21	utterance_final	0	prompt_without	23	22	-0.6711461808946397	-0.8058634532822503	-0.8042575452062819	0.0016059080759683875	0.011920580394085212	0.011920580394085212
just	1	59	105	mlp	22	utterance_final	0	prompt_without	23	22	-0.6711461808946397	-0.8058634532822503	-0.8051438596513536	0.0007195936308966866	0.005341509801551363	0.005341509801551363
just	1	59	105	mlp	23	utterance_final	0	prompt_without	23	22	-0.6711461808946397	-0.8058634532822503	-0.8049429125256009	0.0009205407566493795	0.006833130899509202	0.006833130899509202
just	1	59	105	mlp	24	utterance_final	0	prompt_without	23	22	-0.6711461808946397	-0.8058634532822503	-0.8053752382596334	0.0004882150226168669	0.0036239972348324225	0.0036239972348324225
just	1	59	105	mlp	25	utterance_final	0	prompt_without	23	22	-0.6711461808946397	-0.8058634532822503	-0.8053502572907342	0.0005131959915161133	0.003809429796348148	0.003809429796348148
just	1	59	105	mlp	26	utterance_final	0	prompt_without	23	22	-0.6711461808946397	-0.8058634532822503	-0.8056307699945238	0.00023268328772652058	0.00172719714111373	0.00172719714111373
just	1	59	105	mlp	27	utterance_final	0	prompt_without	23	22	-0.6711461808946397	-0.8058634532822503	-0.8049817548857795	0.000881698396470787	0.006544805880080107	0.006544805880080107
just	1	59	105	mlp	28	utterance_final	0	prompt_without	23	22	-0.6711461808946397	-0.8058634532822503	-0.8053485618697273	0.000514891412523033	0.0038220148270340553	0.0038220148270340553
just	1	59	105	mlp	29	utterance_final	0	prompt_without	23	22	-0.6711461808946397	-0.8058634532822503	-0.8052636981010437	0.0005997551812065849	0.0044519546052043	0.0044519546052043
just	1	59	105	mlp	30	utterance_final	0	prompt_without	23	22	-0.6711461808946397	-0.8058634532822503	-0.8054429756270515	0.0004204776551988143	0.00312118593070241	0.00312118593070241
just	1	59	105	mlp	31	utterance_final	0	prompt_without	23	22	-0.6711461808946397	-0.8058634532822503	-0.8058634532822503	0.0	0.0	0.0
