particle	component	position_label	corruption_mode	eval_mode	target_type	top_k	site_set_type	n_folds	train_folds	mean_items_per_fold	mean_member_targets_per_item	mean_selected_sites	baseline_log_prob_mean	baseline_log_prob_mean_sd	baseline_log_prob_mean_ci_low	baseline_log_prob_mean_ci_high	reference_log_prob_mean	reference_log_prob_mean_sd	reference_log_prob_mean_ci_low	reference_log_prob_mean_ci_high	patched_log_prob_mean	patched_log_prob_mean_sd	patched_log_prob_mean_ci_low	patched_log_prob_mean_ci_high	baseline_log_prob_per_token_mean	baseline_log_prob_per_token_mean_sd	baseline_log_prob_per_token_mean_ci_low	baseline_log_prob_per_token_mean_ci_high	reference_log_prob_per_token_mean	reference_log_prob_per_token_mean_sd	reference_log_prob_per_token_mean_ci_low	reference_log_prob_per_token_mean_ci_high	patched_log_prob_per_token_mean	patched_log_prob_per_token_mean_sd	patched_log_prob_per_token_mean_ci_low	patched_log_prob_per_token_mean_ci_high	patched_metric_change_mean	patched_metric_change_mean_sd	patched_metric_change_mean_ci_low	patched_metric_change_mean_ci_high	effect_score_mean	effect_score_mean_sd	effect_score_mean_ci_low	effect_score_mean_ci_high	normalized_effect_mean	normalized_effect_mean_sd	normalized_effect_mean_ci_low	normalized_effect_mean_ci_high	effect_positive_fraction	effect_positive_fraction_sd	effect_positive_fraction_ci_low	effect_positive_fraction_ci_high	localized_stronger_than_random_mean_fraction	localized_stronger_than_random_mean_fraction_sd	localized_stronger_than_random_mean_fraction_ci_low	localized_stronger_than_random_mean_fraction_ci_high	localized_random_cdf_mean	localized_random_cdf_mean_sd	localized_random_cdf_mean_ci_low	localized_random_cdf_mean_ci_high	localized_stronger_than_random_mean_fraction_items	patched_metric_change_localized_minus_random_mean_mean	effect_score_localized_minus_random_mean_mean	normalized_effect_localized_minus_random_mean_mean	source_path	direction	group	condition	effect_score_original_mean	effect_score_original_ci_low	effect_score_original_ci_high	metric_sign_convention
exclusive_just_to_only	attn	utterance_final	prompt_without	necessity	generated	1	localized	2	0,1	16.0	15.625	1.0	-17.25694098880411	1.4026580206456445	-18.248769986888348	-16.265111990719877	-23.36156580356794	2.7258269339487398	-25.28901651290403	-21.434115094231853	-17.364442034689954	1.344815985241021	-18.31537053730195	-16.41351353207796	-0.6392262963677988	0.0235840756985294	-0.6559027562222458	-0.6225498365133517	-0.8823445860846307	0.0036934736331671	-0.8849562663367769	-0.8797329058324845	-0.6447866129739714	0.0284181188774236	-0.6648812575407631	-0.6246919684071797	-0.0055603166061726	0.0048340431788941	-0.0089785013185172	-0.002142131893828	-0.0055603166061726	0.0048340431788941	-0.0089785013185172	-0.002142131893828	-37.035995989068034	52.42934946917431	-74.1091445319205	0.0371525537844384	0.875	0.0883883476483184	0.8125	0.9375	0.6875	0.1767766952966369	0.5625	0.8125	0.796875	0.1325825214724776	0.703125	0.890625	0.6875	-0.0043921032383035	0.0043921032383035	-49.61405798078491	localization/results/component_transfer_runs/20260728_llama3_instruct_exclusive_just_only_cross_patch/exclusive_just_to_only/component_patching/eval_summary.tsv	just_to_only	exclusive	cross	0.0055603166061726	0.002142131893828	0.0089785013185172	patched_minus_baseline
exclusive_just_to_only	attn	utterance_final	prompt_without	necessity	generated	3	localized	2	0,1	16.0	15.625	3.0	-17.25694098880411	1.4026580206456445	-18.248769986888348	-16.265111990719877	-23.36156580356794	2.7258269339487398	-25.28901651290403	-21.434115094231853	-17.52078495263121	1.3076205717073832	-18.44541232610453	-16.59615757915789	-0.6392262963677988	0.0235840756985294	-0.6559027562222458	-0.6225498365133517	-0.8823445860846307	0.0036934736331671	-0.8849562663367769	-0.8797329058324845	-0.6525193483616205	0.0316654680672666	-0.6749102155614308	-0.6301284811618102	-0.0132930519938216	0.0080813923687371	-0.0190074593391849	-0.0075786446484584	-0.0132930519938216	0.0080813923687371	-0.0190074593391849	-0.0075786446484584	0.4907343951923734	0.5852649071203052	0.0768896105770906	0.904579179807656	0.9375	0.0	0.9375	0.9375	0.9375	0.0	0.9375	0.9375	0.8671875	0.0331456303681194	0.84375	0.890625	0.9375	-0.0113242347225379	0.0113242347225379	-17.91700819929517	localization/results/component_transfer_runs/20260728_llama3_instruct_exclusive_just_only_cross_patch/exclusive_just_to_only/component_patching/eval_summary.tsv	just_to_only	exclusive	cross	0.0132930519938216	0.0075786446484584	0.0190074593391849	patched_minus_baseline
exclusive_just_to_only	attn	utterance_final	prompt_without	necessity	generated	5	localized	2	0,1	16.0	15.625	5.0	-17.25694098880411	1.4026580206456445	-18.248769986888348	-16.265111990719877	-23.36156580356794	2.7258269339487398	-25.28901651290403	-21.434115094231853	-17.783812946891764	1.123150868642374	-18.57800054240435	-16.989625351379182	-0.6392262963677988	0.0235840756985294	-0.6559027562222458	-0.6225498365133517	-0.8823445860846307	0.0036934736331671	-0.8849562663367769	-0.8797329058324845	-0.664183957455256	0.040302641150554	-0.6926822283125408	-0.6356856865979713	-0.0249576610874572	0.0167185654520244	-0.0367794720902948	-0.0131358500846196	-0.0249576610874572	0.0167185654520244	-0.0367794720902948	-0.0131358500846196	-1.9336908362247465	2.949033302838912	-4.018972282607103	0.1515906101576097	0.9375	0.0	0.9375	0.9375	0.875	0.0883883476483184	0.8125	0.9375	0.84375	0.1325825214724776	0.75	0.9375	0.875	-0.0206691477135217	0.0206691477135217	-9.503643736033712	localization/results/component_transfer_runs/20260728_llama3_instruct_exclusive_just_only_cross_patch/exclusive_just_to_only/component_patching/eval_summary.tsv	just_to_only	exclusive	cross	0.0249576610874572	0.0131358500846196	0.0367794720902948	patched_minus_baseline
exclusive_just_to_only	attn	utterance_final	prompt_without	necessity	generated	10	localized	2	0,1	16.0	15.625	10.0	-17.25694098880411	1.4026580206456445	-18.248769986888348	-16.265111990719877	-23.36156580356794	2.7258269339487398	-25.28901651290403	-21.434115094231853	-18.605885966745397	1.5384507685943545	-19.69373493774012	-17.51803699575067	-0.6392262963677988	0.0235840756985294	-0.6559027562222458	-0.6225498365133517	-0.8823445860846307	0.0036934736331671	-0.8849562663367769	-0.8797329058324845	-0.6959174462812583	0.0275309245847929	-0.7153847497475009	-0.6764501428150158	-0.0566911499134595	0.0039468488862634	-0.0594819935252549	-0.0539003063016641	-0.0566911499134595	0.0039468488862634	-0.0594819935252549	-0.0539003063016641	-110.94297688411224	157.24953551835918	-222.13518978757887	0.2492360193544059	1.0	0.0	1.0	1.0	0.96875	0.0441941738241592	0.9375	1.0	0.984375	0.0220970869120796	0.96875	1.0	0.96875	-0.0518602903555765	0.0518602903555765	-132.51214802421862	localization/results/component_transfer_runs/20260728_llama3_instruct_exclusive_just_only_cross_patch/exclusive_just_to_only/component_patching/eval_summary.tsv	just_to_only	exclusive	cross	0.0566911499134595	0.0539003063016641	0.0594819935252549	patched_minus_baseline
exclusive_just_to_only	mlp	utterance_final	prompt_without	necessity	generated	1	localized	2	0,1	16.0	15.625	1.0	-17.25694098880411	1.4026580206456445	-18.248769986888348	-16.265111990719877	-23.36156580356794	2.7258269339487398	-25.28901651290403	-21.434115094231853	-17.353569006876235	1.40268294763592	-18.34541563100433	-16.36172238274814	-0.6392262963677988	0.0235840756985294	-0.6559027562222458	-0.6225498365133517	-0.8823445860846307	0.0036934736331671	-0.8849562663367769	-0.8797329058324845	-0.6438855300870956	0.0251253212032885	-0.661651815089431	-0.6261192450847601	-0.0046592337192967	0.0015412455047589	-0.0057490588671851	-0.0035694085714084	-0.0046592337192967	0.0015412455047589	-0.0057490588671851	-0.0035694085714084	65.06606826626708	91.99025455433876	0.0191354678174608	130.1130010647167	0.9375	0.0	0.9375	0.9375	0.875	0.0883883476483184	0.8125	0.9375	0.828125	0.0662912607362388	0.78125	0.875	0.875	-0.0040338008136804	0.0040338008136804	51.60018256881492	localization/results/component_transfer_runs/20260728_llama3_instruct_exclusive_just_only_cross_patch/exclusive_just_to_only/component_patching/eval_summary.tsv	just_to_only	exclusive	cross	0.0046592337192967	0.0035694085714084	0.0057490588671851	patched_minus_baseline
exclusive_just_to_only	mlp	utterance_final	prompt_without	necessity	generated	3	localized	2	0,1	16.0	15.625	3.0	-17.25694098880411	1.4026580206456445	-18.248769986888348	-16.265111990719877	-23.36156580356794	2.7258269339487398	-25.28901651290403	-21.434115094231853	-17.4738585345111	1.376485650142499	-18.447180871932837	-16.500536197089364	-0.6392262963677988	0.0235840756985294	-0.6559027562222458	-0.6225498365133517	-0.8823445860846307	0.0036934736331671	-0.8849562663367769	-0.8797329058324845	-0.6486213840391893	0.0265756013358681	-0.667413171957892	-0.6298295961204867	-0.0093950876713906	0.0029915256373386	-0.0115104157356461	-0.007279759607135	-0.0093950876713906	0.0029915256373386	-0.0115104157356461	-0.007279759607135	18.75997599377409	26.46037179581643	0.0496676642350338	37.47028432331316	0.84375	0.1325825214724776	0.75	0.9375	0.78125	0.0441941738241592	0.75	0.8125	0.7890625	0.0773398041922786	0.734375	0.84375	0.78125	-0.0078150385341968	0.0078150385341968	26.94984926763416	localization/results/component_transfer_runs/20260728_llama3_instruct_exclusive_just_only_cross_patch/exclusive_just_to_only/component_patching/eval_summary.tsv	just_to_only	exclusive	cross	0.0093950876713906	0.007279759607135	0.0115104157356461	patched_minus_baseline
exclusive_just_to_only	mlp	utterance_final	prompt_without	necessity	generated	5	localized	2	0,1	16.0	15.625	5.0	-17.25694098880411	1.4026580206456445	-18.248769986888348	-16.265111990719877	-23.36156580356794	2.7258269339487398	-25.28901651290403	-21.434115094231853	-17.49176559168956	1.3376571570648548	-18.43763203835284	-16.545899145026283	-0.6392262963677988	0.0235840756985294	-0.6559027562222458	-0.6225498365133517	-0.8823445860846307	0.0036934736331671	-0.8849562663367769	-0.8797329058324845	-0.6498877922830713	0.0281640797599333	-0.6698028040671988	-0.6299727804989436	-0.0106614959152723	0.0045800040614038	-0.0139000478449529	-0.0074229439855918	-0.0106614959152723	0.0045800040614038	-0.0139000478449529	-0.0074229439855918	-15.716766216725643	22.31133538547913	-31.49326276512531	0.0597303316740198	0.875	0.0883883476483184	0.8125	0.9375	0.75	0.1767766952966369	0.625	0.875	0.7578125	0.0994368911043582	0.6875	0.828125	0.75	-0.0086851791388142	0.0086851791388142	-90.28086358532092	localization/results/component_transfer_runs/20260728_llama3_instruct_exclusive_just_only_cross_patch/exclusive_just_to_only/component_patching/eval_summary.tsv	just_to_only	exclusive	cross	0.0106614959152723	0.0074229439855918	0.0139000478449529	patched_minus_baseline
exclusive_just_to_only	mlp	utterance_final	prompt_without	necessity	generated	10	localized	2	0,1	16.0	15.625	10.0	-17.25694098880411	1.4026580206456445	-18.248769986888348	-16.265111990719877	-23.36156580356794	2.7258269339487398	-25.28901651290403	-21.434115094231853	-17.664553751866038	1.462577082785459	-18.698751925111672	-16.6303555786204	-0.6392262963677988	0.0235840756985294	-0.6559027562222458	-0.6225498365133517	-0.8823445860846307	0.0036934736331671	-0.8849562663367769	-0.8797329058324845	-0.6548955353232868	0.0209166742859463	-0.6696858575507497	-0.6401052130958238	-0.0156692389554879	0.002667401412583	-0.017555376582472	-0.0137831013285039	-0.0156692389554879	0.002667401412583	-0.017555376582472	-0.0137831013285039	-58.2952620523208	82.53636068045041	-116.65728238392602	0.0667582792844124	0.90625	0.0441941738241592	0.875	0.9375	0.8125	0.0883883476483184	0.75	0.875	0.765625	0.110485434560398	0.6875	0.84375	0.8125	-0.013418726193401	0.013418726193401	-90.332125238979	localization/results/component_transfer_runs/20260728_llama3_instruct_exclusive_just_only_cross_patch/exclusive_just_to_only/component_patching/eval_summary.tsv	just_to_only	exclusive	cross	0.0156692389554879	0.0137831013285039	0.017555376582472	patched_minus_baseline
exclusive_just_to_only	resid	utterance_final	prompt_without	necessity	generated	1	localized	2	0,1	16.0	15.625	1.0	-17.25694098880411	1.4026580206456445	-18.248769986888348	-16.265111990719877	-23.36156580356794	2.7258269339487398	-25.28901651290403	-21.434115094231853	-18.00546952575573	1.5775866818444622	-19.12099176639753	-16.889947285113927	-0.6392262963677988	0.0235840756985294	-0.6559027562222458	-0.6225498365133517	-0.8823445860846307	0.0036934736331671	-0.8849562663367769	-0.8797329058324845	-0.6706124813891677	0.0219158630817769	-0.6861093367898481	-0.6551156259884874	-0.0313861850213689	0.0016682126167525	-0.0325657894751356	-0.0302065805676022	-0.0313861850213689	0.0016682126167525	-0.0325657894751356	-0.0302065805676022	-84.23296207017277	119.30252017646146	-168.59258309959358	0.1266589592480393	0.9375	0.0	0.9375	0.9375	0.9375	0.0	0.9375	0.9375	0.859375	0.0662912607362388	0.8125	0.90625	0.9375	-0.0254431835504632	0.0254431835504632	-77.45994921124714	localization/results/component_transfer_runs/20260728_llama3_instruct_exclusive_just_only_cross_patch/exclusive_just_to_only/component_patching/eval_summary.tsv	just_to_only	exclusive	cross	0.0313861850213689	0.0302065805676022	0.0325657894751356	patched_minus_baseline
exclusive_just_to_only	resid	utterance_final	prompt_without	necessity	generated	3	localized	2	0,1	16.0	15.625	3.0	-17.25694098880411	1.4026580206456445	-18.248769986888348	-16.265111990719877	-23.36156580356794	2.7258269339487398	-25.28901651290403	-21.434115094231853	-18.204607828208303	1.4880367857203416	-19.256808730046192	-17.152406926370418	-0.6392262963677988	0.0235840756985294	-0.6559027562222458	-0.6225498365133517	-0.8823445860846307	0.0036934736331671	-0.8849562663367769	-0.8797329058324845	-0.6793991522237728	0.0266422141654165	-0.6982380425259631	-0.6605602619215825	-0.040172855855974	0.0030581384668869	-0.0423352863037172	-0.0380104254082308	-0.040172855855974	0.0030581384668869	-0.0423352863037172	-0.0380104254082308	-76.04110810209906	107.79119270266736	-152.26099141434105	0.1787752101429302	0.96875	0.0441941738241592	0.9375	1.0	0.75	0.0883883476483184	0.6875	0.8125	0.6875	0.0662912607362388	0.640625	0.734375	0.75	-0.0153966875730311	0.0153966875730311	-19.288254952490867	localization/results/component_transfer_runs/20260728_llama3_instruct_exclusive_just_only_cross_patch/exclusive_just_to_only/component_patching/eval_summary.tsv	just_to_only	exclusive	cross	0.040172855855974	0.0380104254082308	0.0423352863037172	patched_minus_baseline
exclusive_just_to_only	resid	utterance_final	prompt_without	necessity	generated	5	localized	2	0,1	16.0	15.625	5.0	-17.25694098880411	1.4026580206456445	-18.248769986888348	-16.265111990719877	-23.36156580356794	2.7258269339487398	-25.28901651290403	-21.434115094231853	-18.42186422970516	1.5365530601001502	-19.508371318154914	-17.3353571412554	-0.6392262963677988	0.0235840756985294	-0.6559027562222458	-0.6225498365133517	-0.8823445860846307	0.0036934736331671	-0.8849562663367769	-0.8797329058324845	-0.6879869961602274	0.025858265673004	-0.7062715511673319	-0.6697024411531229	-0.0487606997924286	0.0022741899744744	-0.0503687949450859	-0.0471526046397712	-0.0487606997924286	0.0022741899744744	-0.0503687949450859	-0.0471526046397712	-107.051266917551	151.68925181959466	-214.3117655123002	0.2092316771982255	1.0	0.0	1.0	1.0	1.0	0.0	1.0	1.0	0.90625	0.110485434560398	0.828125	0.984375	1.0	-0.0345452189603536	0.0345452189603536	-24.60804142277816	localization/results/component_transfer_runs/20260728_llama3_instruct_exclusive_just_only_cross_patch/exclusive_just_to_only/component_patching/eval_summary.tsv	just_to_only	exclusive	cross	0.0487606997924286	0.0471526046397712	0.0503687949450859	patched_minus_baseline
exclusive_just_to_only	resid	utterance_final	prompt_without	necessity	generated	10	localized	2	0,1	16.0	15.625	10.0	-17.25694098880411	1.4026580206456445	-18.248769986888348	-16.265111990719877	-23.36156580356794	2.7258269339487398	-25.28901651290403	-21.434115094231853	-18.88461588840699	1.616785639938339	-20.027855978132425	-17.74137579868156	-0.6392262963677988	0.0235840756985294	-0.6559027562222458	-0.6225498365133517	-0.8823445860846307	0.0036934736331671	-0.8849562663367769	-0.8797329058324845	-0.7075324526200069	0.024646971059497	-0.7249604929918858	-0.6901044122481279	-0.0683061562522081	0.0010628953609675	-0.06905773676964	-0.0675545757347761	-0.0683061562522081	0.0010628953609675	-0.06905773676964	-0.0675545757347761	-89.09607091995298	126.40796596769589	-178.48000085170906	0.287859011803097	1.0	0.0	1.0	1.0	1.0	0.0	1.0	1.0	0.9921875	0.0110485434560398	0.984375	1.0	1.0	-0.0592481687754636	0.0592481687754636	-35.72031137821863	localization/results/component_transfer_runs/20260728_llama3_instruct_exclusive_just_only_cross_patch/exclusive_just_to_only/component_patching/eval_summary.tsv	just_to_only	exclusive	cross	0.0683061562522081	0.0675545757347761	0.06905773676964	patched_minus_baseline
exclusive_just_to_only	attn	utterance_final	prompt_without	necessity	generated	1	random_mean	2	0,1	16.0	15.625	1.0	-17.25694098880411	1.4026580206456445	-18.248769986888348	-16.265111990719877	-23.36156580356794	2.7258269339487398	-25.28901651290403	-21.434115094231853	-17.282701102309844	1.3975687479542669	-18.2709314411627	-16.29447076345699	-0.6392262963677988	0.0235840756985294	-0.6559027562222458	-0.6225498365133517	-0.8823445860846307	0.0036934736331671	-0.8849562663367769	-0.8797329058324845	-0.6403945097356679	0.0240276791752186	-0.6573846446166398	-0.623404374854696	-0.0011682133678691	0.0004436034766891	-0.0014818883943939	-0.0008545383413443	-0.0011682133678691	0.0004436034766891	-0.0014818883943939	-0.0008545383413443	12.578061991716876	17.779287862472668	0.0062069794947762	25.149917003938977	0.875	0.0	0.875	0.875													localization/results/component_transfer_runs/20260728_llama3_instruct_exclusive_just_only_cross_patch/exclusive_just_to_only/component_patching/eval_summary.tsv	just_to_only	exclusive	random	0.0011682133678691	0.0008545383413443	0.0014818883943939	patched_minus_baseline
exclusive_just_to_only	attn	utterance_final	prompt_without	necessity	generated	3	random_mean	2	0,1	16.0	15.625	3.0	-17.25694098880411	1.4026580206456445	-18.248769986888348	-16.265111990719877	-23.36156580356794	2.7258269339487398	-25.28901651290403	-21.434115094231853	-17.29989156436079	1.4027929166276525	-18.29181594830866	-16.307967180412923	-0.6392262963677988	0.0235840756985294	-0.6559027562222458	-0.6225498365133517	-0.8823445860846307	0.0036934736331671	-0.8849562663367769	-0.8797329058324845	-0.6411951136390825	0.0239358931169047	-0.6581203459758023	-0.6242698813023628	-0.0019688172712837	0.0003518174183751	-0.0022175897535564	-0.0017200447890111	-0.0019688172712837	0.0003518174183751	-0.0022175897535564	-0.0017200447890111	18.40774259448754	26.02006817436156	0.0087759414602127	36.80670924751487	0.75	0.0	0.75	0.75													localization/results/component_transfer_runs/20260728_llama3_instruct_exclusive_just_only_cross_patch/exclusive_just_to_only/component_patching/eval_summary.tsv	just_to_only	exclusive	random	0.0019688172712837	0.0017200447890111	0.0022175897535564	patched_minus_baseline
exclusive_just_to_only	attn	utterance_final	prompt_without	necessity	generated	5	random_mean	2	0,1	16.0	15.625	5.0	-17.25694098880411	1.4026580206456445	-18.248769986888348	-16.265111990719877	-23.36156580356794	2.7258269339487398	-25.28901651290403	-21.434115094231853	-17.35398093054156	1.3998388605789038	-18.343816481425357	-16.364145379657767	-0.6392262963677988	0.0235840756985294	-0.6559027562222458	-0.6225498365133517	-0.8823445860846307	0.0036934736331671	-0.8849562663367769	-0.8797329058324845	-0.6435148097417344	0.0244387298083286	-0.6607956013127894	-0.6262340181706794	-0.0042885133739355	0.000854654109799	-0.0048928450905433	-0.0036841816573276	-0.0042885133739355	0.000854654109799	-0.0048928450905433	-0.0036841816573276	7.569952899808965	10.67724076383177	0.020003551342088	15.119902248275842	0.90625	0.0441941738241592	0.875	0.9375													localization/results/component_transfer_runs/20260728_llama3_instruct_exclusive_just_only_cross_patch/exclusive_just_to_only/component_patching/eval_summary.tsv	just_to_only	exclusive	random	0.0042885133739355	0.0036841816573276	0.0048928450905433	patched_minus_baseline
exclusive_just_to_only	attn	utterance_final	prompt_without	necessity	generated	10	random_mean	2	0,1	16.0	15.625	10.0	-17.25694098880411	1.4026580206456445	-18.248769986888348	-16.265111990719877	-23.36156580356794	2.7258269339487398	-25.28901651290403	-21.434115094231853	-17.368753259734646	1.4288862005153968	-18.37912838166296	-16.358378137806326	-0.6392262963677988	0.0235840756985294	-0.6559027562222458	-0.6225498365133517	-0.8823445860846307	0.0036934736331671	-0.8849562663367769	-0.8797329058324845	-0.6440571559256818	0.0229470541661758	-0.6602831735348397	-0.6278311383165238	-0.004830859557883	0.0006370215323537	-0.0052813018031722	-0.0043804173125938	-0.004830859557883	0.0006370215323537	-0.0052813018031722	-0.0043804173125938	21.56917114010643	30.478791943859807	0.0174106742292439	43.120931605983614	0.9375	0.0	0.9375	0.9375													localization/results/component_transfer_runs/20260728_llama3_instruct_exclusive_just_only_cross_patch/exclusive_just_to_only/component_patching/eval_summary.tsv	just_to_only	exclusive	random	0.004830859557883	0.0043804173125938	0.0052813018031722	patched_minus_baseline
exclusive_just_to_only	mlp	utterance_final	prompt_without	necessity	generated	1	random_mean	2	0,1	16.0	15.625	1.0	-17.25694098880411	1.4026580206456445	-18.248769986888348	-16.265111990719877	-23.36156580356794	2.7258269339487398	-25.28901651290403	-21.434115094231853	-17.272493582765364	1.3927114978110051	-18.257289327104	-16.287697838426727	-0.6392262963677988	0.0235840756985294	-0.6559027562222458	-0.6225498365133517	-0.8823445860846307	0.0036934736331671	-0.8849562663367769	-0.8797329058324845	-0.6398517292734152	0.0239264210845859	-0.6567702638718507	-0.6229331946749797	-0.0006254329056163	0.0003423453860564	-0.0008675076496047	-0.0003833581616279	-0.0006254329056163	0.0003423453860564	-0.0008675076496047	-0.0003833581616279	13.46588569745218	19.03823274312921	0.0038222229777449	26.927949171926613	0.71875	0.0441941738241592	0.6875	0.75													localization/results/component_transfer_runs/20260728_llama3_instruct_exclusive_just_only_cross_patch/exclusive_just_to_only/component_patching/eval_summary.tsv	just_to_only	exclusive	random	0.0006254329056163	0.0003833581616279	0.0008675076496047	patched_minus_baseline
exclusive_just_to_only	mlp	utterance_final	prompt_without	necessity	generated	3	random_mean	2	0,1	16.0	15.625	3.0	-17.25694098880411	1.4026580206456445	-18.248769986888348	-16.265111990719877	-23.36156580356794	2.7258269339487398	-25.28901651290403	-21.434115094231853	-17.29360314449763	1.376690330569263	-18.26707021283711	-16.320136076158157	-0.6392262963677988	0.0235840756985294	-0.6559027562222458	-0.6225498365133517	-0.8823445860846307	0.0036934736331671	-0.8849562663367769	-0.8797329058324845	-0.6408063455049926	0.0245161435852878	-0.6581418768826927	-0.6234708141272924	-0.0015800491371937	0.0009320678867583	-0.0022391206604468	-0.0009209776139407	-0.0015800491371937	0.0009320678867583	-0.0022391206604468	-0.0009209776139407	-8.189873273860064	11.596575884555254	-16.38989072037347	0.0101441726533409	0.65625	0.0441941738241592	0.625	0.6875													localization/results/component_transfer_runs/20260728_llama3_instruct_exclusive_just_only_cross_patch/exclusive_just_to_only/component_patching/eval_summary.tsv	just_to_only	exclusive	random	0.0015800491371937	0.0009209776139407	0.0022391206604468	patched_minus_baseline
exclusive_just_to_only	mlp	utterance_final	prompt_without	necessity	generated	5	random_mean	2	0,1	16.0	15.625	5.0	-17.25694098880411	1.4026580206456445	-18.248769986888348	-16.265111990719877	-23.36156580356794	2.7258269339487398	-25.28901651290403	-21.434115094231853	-17.294501955517294	1.418685918689584	-18.29766438899657	-16.291339522038022	-0.6392262963677988	0.0235840756985294	-0.6559027562222458	-0.6225498365133517	-0.8823445860846307	0.0036934736331671	-0.8849562663367769	-0.8797329058324845	-0.641202613144257	0.0223926775323375	-0.6570366272762965	-0.6253685990122174	-0.0019763167764581	0.0011913981661919	-0.0028187624988657	-0.0011338710540506	-0.0019763167764581	0.0011913981661919	-0.0028187624988657	-0.0011338710540506	74.56409736859527	105.44321333623152	0.0044861884461639	149.1237085487444	0.625	0.0883883476483184	0.5625	0.6875													localization/results/component_transfer_runs/20260728_llama3_instruct_exclusive_just_only_cross_patch/exclusive_just_to_only/component_patching/eval_summary.tsv	just_to_only	exclusive	random	0.0019763167764581	0.0011338710540506	0.0028187624988657	patched_minus_baseline
exclusive_just_to_only	mlp	utterance_final	prompt_without	necessity	generated	10	random_mean	2	0,1	16.0	15.625	10.0	-17.25694098880411	1.4026580206456445	-18.248769986888348	-16.265111990719877	-23.36156580356794	2.7258269339487398	-25.28901651290403	-21.434115094231853	-17.30756114929338	1.4054941243855668	-18.301395575564264	-16.313726723022498	-0.6392262963677988	0.0235840756985294	-0.6559027562222458	-0.6225498365133517	-0.8823445860846307	0.0036934736331671	-0.8849562663367769	-0.8797329058324845	-0.6414768091298858	0.0231747866591515	-0.6578638579291234	-0.6250897603306482	-0.0022505127620869	0.0004092890393779	-0.0025399238172963	-0.0019611017068774	-0.0022505127620869	0.0004092890393779	-0.0025399238172963	-0.0019611017068774	32.036863186658195	45.29461403142688	0.0087344538089029	64.06499191950749	0.71875	0.2209708691207961	0.5625	0.875													localization/results/component_transfer_runs/20260728_llama3_instruct_exclusive_just_only_cross_patch/exclusive_just_to_only/component_patching/eval_summary.tsv	just_to_only	exclusive	random	0.0022505127620869	0.0019611017068774	0.0025399238172963	patched_minus_baseline
exclusive_just_to_only	resid	utterance_final	prompt_without	necessity	generated	1	random_mean	2	0,1	16.0	15.625	1.0	-17.25694098880411	1.4026580206456445	-18.248769986888348	-16.265111990719877	-23.36156580356794	2.7258269339487398	-25.28901651290403	-21.434115094231853	-17.393186402715042	1.323511974375861	-18.32905069477781	-16.457322110652274	-0.6392262963677988	0.0235840756985294	-0.6559027562222458	-0.6225498365133517	-0.8823445860846307	0.0036934736331671	-0.8849562663367769	-0.8797329058324845	-0.6451692978387045	0.0278636665805555	-0.6648718854265363	-0.6254667102508726	-0.0059430014709056	0.0042795908820261	-0.0089691292042904	-0.0029168737375208	-0.0059430014709056	0.0042795908820261	-0.0089691292042904	-0.0029168737375208	-6.773012858925649	9.63167557943392	-13.583635975332244	0.0376102574809447	1.0	0.0	1.0	1.0													localization/results/component_transfer_runs/20260728_llama3_instruct_exclusive_just_only_cross_patch/exclusive_just_to_only/component_patching/eval_summary.tsv	just_to_only	exclusive	random	0.0059430014709056	0.0029168737375208	0.0089691292042904	patched_minus_baseline
exclusive_just_to_only	resid	utterance_final	prompt_without	necessity	generated	3	random_mean	2	0,1	16.0	15.625	3.0	-17.25694098880411	1.4026580206456445	-18.248769986888348	-16.265111990719877	-23.36156580356794	2.7258269339487398	-25.28901651290403	-21.434115094231853	-17.856650518166965	1.5190145326069495	-18.930755994894252	-16.78254504143968	-0.6392262963677988	0.0235840756985294	-0.6559027562222458	-0.6225498365133517	-0.8823445860846307	0.0036934736331671	-0.8849562663367769	-0.8797329058324845	-0.6640024646507416	0.0231374784388608	-0.6803631325544177	-0.6476417967470657	-0.0247761682829428	0.0004465972596687	-0.025091960233714	-0.0244603763321717	-0.0247761682829428	0.0004465972596687	-0.025091960233714	-0.0244603763321717	-56.75285314960821	80.40460517120823	-113.6074947047965	0.1017884055800819	0.96875	0.0441941738241592	0.9375	1.0													localization/results/component_transfer_runs/20260728_llama3_instruct_exclusive_just_only_cross_patch/exclusive_just_to_only/component_patching/eval_summary.tsv	just_to_only	exclusive	random	0.0247761682829428	0.0244603763321717	0.025091960233714	patched_minus_baseline
exclusive_just_to_only	resid	utterance_final	prompt_without	necessity	generated	5	random_mean	2	0,1	16.0	15.625	5.0	-17.25694098880411	1.4026580206456445	-18.248769986888348	-16.265111990719877	-23.36156580356794	2.7258269339487398	-25.28901651290403	-21.434115094231853	-17.621820501610397	1.7580568523653803	-18.864954423629435	-16.37868657959136	-0.6392262963677988	0.0235840756985294	-0.6559027562222458	-0.6225498365133517	-0.8823445860846307	0.0036934736331671	-0.8849562663367769	-0.8797329058324845	-0.6534417771998737	0.0116253376389177	-0.6616621322779357	-0.6452214221218118	-0.0142154808320749	0.0119587380596117	-0.0226715856084601	-0.0057593760556898	-0.0142154808320749	0.0119587380596117	-0.0226715856084601	-0.0057593760556898	-82.44322549477283	116.62502015411177	-164.90956810176303	0.0231171122173507	0.96875	0.0441941738241592	0.9375	1.0													localization/results/component_transfer_runs/20260728_llama3_instruct_exclusive_just_only_cross_patch/exclusive_just_to_only/component_patching/eval_summary.tsv	just_to_only	exclusive	random	0.0142154808320749	0.0057593760556898	0.0226715856084601	patched_minus_baseline
exclusive_just_to_only	resid	utterance_final	prompt_without	necessity	generated	10	random_mean	2	0,1	16.0	15.625	10.0	-17.25694098880411	1.4026580206456445	-18.248769986888348	-16.265111990719877	-23.36156580356794	2.7258269339487398	-25.28901651290403	-21.434115094231853	-17.460838964955897	1.435684841069905	-18.47602145172316	-16.445656478188635	-0.6392262963677988	0.0235840756985294	-0.6559027562222458	-0.6225498365133517	-0.8823445860846307	0.0036934736331671	-0.8849562663367769	-0.8797329058324845	-0.6482842838445433	0.0242019040881431	-0.6653976143428957	-0.6311709533461908	-0.0090579874767444	0.0006178283896136	-0.0094948581206498	-0.008621116832839	-0.0090579874767444	0.0006178283896136	-0.0094948581206498	-0.008621116832839	-53.37575954173436	75.5390312776094	-106.78992080239468	0.0384017189259565	0.96875	0.0441941738241592	0.9375	1.0													localization/results/component_transfer_runs/20260728_llama3_instruct_exclusive_just_only_cross_patch/exclusive_just_to_only/component_patching/eval_summary.tsv	just_to_only	exclusive	random	0.0090579874767444	0.008621116832839	0.0094948581206498	patched_minus_baseline
nonexclusive_just_to_only	attn	utterance_final	prompt_without	necessity	generated	1	localized	2	0,1	16.0	15.625	1.0	-17.25694098880411	1.4026580206456445	-18.248769986888348	-16.265111990719877	-23.36156580356794	2.7258269339487398	-25.28901651290403	-21.434115094231853	-17.466214246441496	1.488743627372757	-18.51891496080503	-16.41351353207796	-0.6392262963677988	0.0235840756985294	-0.6559027562222458	-0.6225498365133517	-0.8823445860846307	0.0036934736331671	-0.8849562663367769	-0.8797329058324845	-0.6484347473456173	0.0232588777716824	-0.6648812575407631	-0.6319882371504717	-0.0092084509778186	0.0003251979268471	-0.00943840063712	-0.0089785013185172	-0.0092084509778186	0.0003251979268471	-0.00943840063712	-0.0089785013185172	-106.15621903829472	150.1801063396441	-212.34959063037388	0.0371525537844384	0.9375	0.0	0.9375	0.9375	0.875	0.0	0.875	0.875	0.8515625	0.0110485434560398	0.84375	0.859375	0.875	-0.0080467618801798	0.0080467618801798	-121.29060154437884	localization/results/component_transfer_runs/20260729_llama3_instruct_nonexclusive_just_only_cross_patch/nonexclusive_just_to_only/component_patching/eval_summary.tsv	just_to_only	nonexclusive	cross	0.0092084509778186	0.0089785013185172	0.00943840063712	patched_minus_baseline
nonexclusive_just_to_only	attn	utterance_final	prompt_without	necessity	generated	3	localized	2	0,1	16.0	15.625	3.0	-17.25694098880411	1.4026580206456445	-18.248769986888348	-16.265111990719877	-23.36156580356794	2.7258269339487398	-25.28901651290403	-21.434115094231853	-17.739531096557627	1.4566594023708466	-18.7695448378532	-16.709517355262058	-0.6392262963677988	0.0235840756985294	-0.6559027562222458	-0.6225498365133517	-0.8823445860846307	0.0036934736331671	-0.8849562663367769	-0.8797329058324845	-0.6602730152520013	0.0264223145055685	-0.6789564130135325	-0.64158961749047	-0.0210467188842025	0.002838238807039	-0.0230536567912866	-0.0190397809771184	-0.0210467188842025	0.002838238807039	-0.0230536567912866	-0.0190397809771184	-97.57725072104029	138.1298454466049	-195.24980112058435	0.0952996785037886	0.96875	0.0441941738241592	0.9375	1.0	0.9375	0.0883883476483184	0.875	1.0	0.9375	0.0662912607362388	0.890625	0.984375	0.9375	-0.0182212576543144	0.0182212576543144	-89.59279933058436	localization/results/component_transfer_runs/20260729_llama3_instruct_nonexclusive_just_only_cross_patch/nonexclusive_just_to_only/component_patching/eval_summary.tsv	just_to_only	nonexclusive	cross	0.0210467188842025	0.0190397809771184	0.0230536567912866	patched_minus_baseline
nonexclusive_just_to_only	attn	utterance_final	prompt_without	necessity	generated	5	localized	2	0,1	16.0	15.625	5.0	-17.25694098880411	1.4026580206456445	-18.248769986888348	-16.265111990719877	-23.36156580356794	2.7258269339487398	-25.28901651290403	-21.434115094231853	-17.97824931600782	1.5463555153521689	-19.07168778703856	-16.884810844977082	-0.6392262963677988	0.0235840756985294	-0.6559027562222458	-0.6225498365133517	-0.8823445860846307	0.0036934736331671	-0.8849562663367769	-0.8797329058324845	-0.670224032403197	0.0240600902987259	-0.6872370854093868	-0.6532109793970072	-0.0309977360353982	0.0004760146001964	-0.0313343291871409	-0.0306611428836555	-0.0309977360353982	0.0004760146001964	-0.0313343291871409	-0.0306611428836555	-111.70102724826602	158.15205984480127	-223.53142122314568	0.1293667266136421	0.96875	0.0441941738241592	0.9375	1.0	0.9375	0.0883883476483184	0.875	1.0	0.9375	0.0662912607362388	0.890625	0.984375	0.9375	-0.0284691709713503	0.0284691709713503	-127.88272769214402	localization/results/component_transfer_runs/20260729_llama3_instruct_nonexclusive_just_only_cross_patch/nonexclusive_just_to_only/component_patching/eval_summary.tsv	just_to_only	nonexclusive	cross	0.0309977360353982	0.0306611428836555	0.0313343291871409	patched_minus_baseline
nonexclusive_just_to_only	attn	utterance_final	prompt_without	necessity	generated	10	localized	2	0,1	16.0	15.625	10.0	-17.25694098880411	1.4026580206456445	-18.248769986888348	-16.265111990719877	-23.36156580356794	2.7258269339487398	-25.28901651290403	-21.434115094231853	-18.519819108400867	1.5622138120320666	-19.624471088552028	-17.415167128249706	-0.6392262963677988	0.0235840756985294	-0.6559027562222458	-0.6225498365133517	-0.8823445860846307	0.0036934736331671	-0.8849562663367769	-0.8797329058324845	-0.6930302352879283	0.0266767614598468	-0.711893554216282	-0.6741669163595747	-0.0538039389201296	0.0030926857613172	-0.0559907979940361	-0.051617079846223	-0.0538039389201296	0.0030926857613172	-0.0559907979940361	-0.051617079846223	-147.83074089250397	209.38841444574808	-295.8907086489917	0.2292268639837571	1.0	0.0	1.0	1.0	1.0	0.0	1.0	1.0	0.9921875	0.0110485434560398	0.984375	1.0	1.0	-0.050384675063867	0.050384675063867	-199.30501188712964	localization/results/component_transfer_runs/20260729_llama3_instruct_nonexclusive_just_only_cross_patch/nonexclusive_just_to_only/component_patching/eval_summary.tsv	just_to_only	nonexclusive	cross	0.0538039389201296	0.051617079846223	0.0559907979940361	patched_minus_baseline
nonexclusive_just_to_only	mlp	utterance_final	prompt_without	necessity	generated	1	localized	2	0,1	16.0	15.625	1.0	-17.25694098880411	1.4026580206456445	-18.248769986888348	-16.265111990719877	-23.36156580356794	2.7258269339487398	-25.28901651290403	-21.434115094231853	-17.333378031408337	1.431237298980166	-18.34541563100433	-16.32134043181234	-0.6392262963677988	0.0235840756985294	-0.6559027562222458	-0.6225498365133517	-0.8823445860846307	0.0036934736331671	-0.8849562663367769	-0.8797329058324845	-0.6428703269487659	0.0236896071564989	-0.6596214088127716	-0.6261192450847601	-0.003644030580967	0.0001055314579694	-0.0037186525905257	-0.0035694085714084	-0.003644030580967	0.0001055314579694	-0.0037186525905257	-0.0035694085714084	65.0642133068338	91.99287786312696	0.0154255489509089	130.1130010647167	0.84375	0.1325825214724776	0.75	0.9375	0.71875	0.0441941738241592	0.6875	0.75	0.6875	0.0220970869120796	0.671875	0.703125	0.71875	-0.002487935430662	0.002487935430662	68.74347263150885	localization/results/component_transfer_runs/20260729_llama3_instruct_nonexclusive_just_only_cross_patch/nonexclusive_just_to_only/component_patching/eval_summary.tsv	just_to_only	nonexclusive	cross	0.003644030580967	0.0035694085714084	0.0037186525905257	patched_minus_baseline
nonexclusive_just_to_only	mlp	utterance_final	prompt_without	necessity	generated	3	localized	2	0,1	16.0	15.625	3.0	-17.25694098880411	1.4026580206456445	-18.248769986888348	-16.265111990719877	-23.36156580356794	2.7258269339487398	-25.28901651290403	-21.434115094231853	-17.448298048960005	1.4002831957148163	-18.43844779223152	-16.45814830568849	-0.6392262963677988	0.0235840756985294	-0.6559027562222458	-0.6225498365133517	-0.8823445860846307	0.0036934736331671	-0.8849562663367769	-0.8797329058324845	-0.6482524612532923	0.0253123761934028	-0.6661510141075924	-0.6303539083989922	-0.0090261648854935	0.0017283004948733	-0.0102482578853465	-0.0078040718856405	-0.0090261648854935	0.0017283004948733	-0.0102482578853465	-0.0078040718856405	142.45326633139624	201.40109031557137	0.0411896308914127	284.86534303190103	0.9375	0.0	0.9375	0.9375	0.875	0.0	0.875	0.875	0.8046875	0.0110485434560398	0.796875	0.8125	0.875	-0.0066767168984362	0.0066767168984362	110.5759288707136	localization/results/component_transfer_runs/20260729_llama3_instruct_nonexclusive_just_only_cross_patch/nonexclusive_just_to_only/component_patching/eval_summary.tsv	just_to_only	nonexclusive	cross	0.0090261648854935	0.0078040718856405	0.0102482578853465	patched_minus_baseline
nonexclusive_just_to_only	mlp	utterance_final	prompt_without	necessity	generated	5	localized	2	0,1	16.0	15.625	5.0	-17.25694098880411	1.4026580206456445	-18.248769986888348	-16.265111990719877	-23.36156580356794	2.7258269339487398	-25.28901651290403	-21.434115094231853	-17.59426994114356	1.5029442138482134	-18.657011986500716	-16.5315278957864	-0.6392262963677988	0.0235840756985294	-0.6559027562222458	-0.6225498365133517	-0.8823445860846307	0.0036934736331671	-0.8849562663367769	-0.8797329058324845	-0.6541198284258318	0.0202661267456533	-0.6684501440760694	-0.6397895127755943	-0.014893532058033	0.0033179489528762	-0.0172396762622426	-0.0125473878538234	-0.014893532058033	0.0033179489528762	-0.0172396762622426	-0.0125473878538234	141.91201703421217	200.61716411854155	0.0542598635769101	283.7697742048474	0.90625	0.0441941738241592	0.875	0.9375	0.78125	0.0441941738241592	0.75	0.8125	0.78125	0.0	0.78125	0.78125	0.78125	-0.013162082476425	0.013162082476425	64.09523568100462	localization/results/component_transfer_runs/20260729_llama3_instruct_nonexclusive_just_only_cross_patch/nonexclusive_just_to_only/component_patching/eval_summary.tsv	just_to_only	nonexclusive	cross	0.014893532058033	0.0125473878538234	0.0172396762622426	patched_minus_baseline
nonexclusive_just_to_only	mlp	utterance_final	prompt_without	necessity	generated	10	localized	2	0,1	16.0	15.625	10.0	-17.25694098880411	1.4026580206456445	-18.248769986888348	-16.265111990719877	-23.36156580356794	2.7258269339487398	-25.28901651290403	-21.434115094231853	-17.697602028095254	1.3894276287848846	-18.68007572637699	-16.715128329813517	-0.6392262963677988	0.0235840756985294	-0.6559027562222458	-0.6225498365133517	-0.8823445860846307	0.0036934736331671	-0.8849562663367769	-0.8797329058324845	-0.6572634424800223	0.0228210175661101	-0.6734003387545962	-0.6411265462054485	-0.0180371461122235	0.0007630581324194	-0.0185767096920968	-0.0174975825323502	-0.0180371461122235	0.0007630581324194	-0.0185767096920968	-0.0174975825323502	148.3526344330741	209.68486436514672	0.0830449282973712	296.6222239378508	0.84375	0.0441941738241592	0.8125	0.875	0.75	0.0	0.75	0.75	0.7734375	0.0110485434560398	0.765625	0.78125	0.75	-0.016236015344122	0.016236015344122	93.24057439304232	localization/results/component_transfer_runs/20260729_llama3_instruct_nonexclusive_just_only_cross_patch/nonexclusive_just_to_only/component_patching/eval_summary.tsv	just_to_only	nonexclusive	cross	0.0180371461122235	0.0174975825323502	0.0185767096920968	patched_minus_baseline
nonexclusive_just_to_only	resid	utterance_final	prompt_without	necessity	generated	1	localized	2	0,1	16.0	15.625	1.0	-17.25694098880411	1.4026580206456445	-18.248769986888348	-16.265111990719877	-23.36156580356794	2.7258269339487398	-25.28901651290403	-21.434115094231853	-17.959011963363633	1.3908029662491683	-18.942458172092785	-16.97556575463448	-0.6392262963677988	0.0235840756985294	-0.6559027562222458	-0.6225498365133517	-0.8823445860846307	0.0036934736331671	-0.8849562663367769	-0.8797329058324845	-0.668134906591596	0.0284406459464207	-0.6882454802016358	-0.6480243329815562	-0.0289086102237971	0.0048565702478912	-0.0323427239793899	-0.0254744964682044	-0.0289086102237971	0.0048565702478912	-0.0323427239793899	-0.0254744964682044	-119.59119512427026	169.32396153097403	-239.3213165401921	0.1389262916515905	0.96875	0.0441941738241592	0.9375	1.0	0.90625	0.0441941738241592	0.875	0.9375	0.8671875	0.1436310649285174	0.765625	0.96875	0.90625	-0.0213424395205338	0.0213424395205338	-92.70083988759625	localization/results/component_transfer_runs/20260729_llama3_instruct_nonexclusive_just_only_cross_patch/nonexclusive_just_to_only/component_patching/eval_summary.tsv	just_to_only	nonexclusive	cross	0.0289086102237971	0.0254744964682044	0.0323427239793899	patched_minus_baseline
nonexclusive_just_to_only	resid	utterance_final	prompt_without	necessity	generated	3	localized	2	0,1	16.0	15.625	3.0	-17.25694098880411	1.4026580206456445	-18.248769986888348	-16.265111990719877	-23.36156580356794	2.7258269339487398	-25.28901651290403	-21.434115094231853	-18.22667967333173	1.528910927595486	-19.307782958064717	-17.145576388598748	-0.6392262963677988	0.0235840756985294	-0.6559027562222458	-0.6225498365133517	-0.8823445860846307	0.0036934736331671	-0.8849562663367769	-0.8797329058324845	-0.6791552041179012	0.0234969155861249	-0.695770032465818	-0.6625403757699844	-0.0399289077501024	8.71601124045673e-05	-0.0399905392566327	-0.0398672762435722	-0.0399289077501024	8.71601124045673e-05	-0.0399905392566327	-0.0398672762435722	-90.87554206337704	128.75398984114454	-181.91836138487415	0.1672772581201225	0.96875	0.0441941738241592	0.9375	1.0	0.75	0.2651650429449553	0.5625	0.9375	0.6875	0.3314563036811941	0.453125	0.921875	0.75	-0.0165130997890706	0.0165130997890706	-29.402864515902227	localization/results/component_transfer_runs/20260729_llama3_instruct_nonexclusive_just_only_cross_patch/nonexclusive_just_to_only/component_patching/eval_summary.tsv	just_to_only	nonexclusive	cross	0.0399289077501024	0.0398672762435722	0.0399905392566327	patched_minus_baseline
nonexclusive_just_to_only	resid	utterance_final	prompt_without	necessity	generated	5	localized	2	0,1	16.0	15.625	5.0	-17.25694098880411	1.4026580206456445	-18.248769986888348	-16.265111990719877	-23.36156580356794	2.7258269339487398	-25.28901651290403	-21.434115094231853	-18.582501955979577	1.7637291112262117	-19.829646770703757	-17.3353571412554	-0.6392262963677988	0.0235840756985294	-0.6559027562222458	-0.6225498365133517	-0.8823445860846307	0.0036934736331671	-0.8849562663367769	-0.8797329058324845	-0.6944459298997407	0.016723953980115	-0.7062715511673319	-0.6826203086321496	-0.0552196335319419	0.0068601217184144	-0.0600704721187979	-0.0503687949450859	-0.0552196335319419	0.0068601217184144	-0.0600704721187979	-0.0503687949450859	-109.61637221886988	155.31685852563496	-219.441976114938	0.2092316771982255	1.0	0.0	1.0	1.0	1.0	0.0	1.0	1.0	0.984375	0.0220970869120796	0.96875	1.0	1.0	-0.0379455525057565	0.0379455525057565	-68.63563868971289	localization/results/component_transfer_runs/20260729_llama3_instruct_nonexclusive_just_only_cross_patch/nonexclusive_just_to_only/component_patching/eval_summary.tsv	just_to_only	nonexclusive	cross	0.0552196335319419	0.0503687949450859	0.0600704721187979	patched_minus_baseline
nonexclusive_just_to_only	resid	utterance_final	prompt_without	necessity	generated	10	localized	2	0,1	16.0	15.625	10.0	-17.25694098880411	1.4026580206456445	-18.248769986888348	-16.265111990719877	-23.36156580356794	2.7258269339487398	-25.28901651290403	-21.434115094231853	-18.88461588840699	1.616785639938339	-20.027855978132425	-17.74137579868156	-0.6392262963677988	0.0235840756985294	-0.6559027562222458	-0.6225498365133517	-0.8823445860846307	0.0036934736331671	-0.8849562663367769	-0.8797329058324845	-0.7075324526200069	0.024646971059497	-0.7249604929918858	-0.6901044122481279	-0.0683061562522081	0.0010628953609675	-0.06905773676964	-0.0675545757347761	-0.0683061562522081	0.0010628953609675	-0.06905773676964	-0.0675545757347761	-89.09607091995298	126.40796596769589	-178.48000085170906	0.287859011803097	1.0	0.0	1.0	1.0	1.0	0.0	1.0	1.0	0.96875	0.0220970869120796	0.953125	0.984375	1.0	-0.059020532492875	0.059020532492875	-38.214677472457325	localization/results/component_transfer_runs/20260729_llama3_instruct_nonexclusive_just_only_cross_patch/nonexclusive_just_to_only/component_patching/eval_summary.tsv	just_to_only	nonexclusive	cross	0.0683061562522081	0.0675545757347761	0.06905773676964	patched_minus_baseline
nonexclusive_just_to_only	attn	utterance_final	prompt_without	necessity	generated	1	random_mean	2	0,1	16.0	15.625	1.0	-17.25694098880411	1.4026580206456445	-18.248769986888348	-16.265111990719877	-23.36156580356794	2.7258269339487398	-25.28901651290403	-21.434115094231853	-17.281824708557362	1.401989047301455	-18.27318067105349	-16.290468746061237	-0.6392262963677988	0.0235840756985294	-0.6559027562222458	-0.6225498365133517	-0.8823445860846307	0.0036934736331671	-0.8849562663367769	-0.8797329058324845	-0.6403879854654376	0.0239244740062963	-0.657305143271611	-0.6234708276592642	-0.0011616890976387	0.0003403983077668	-0.001402387049365	-0.0009209911459124	-0.0011616890976387	0.0003403983077668	-0.001402387049365	-0.0009209911459124	15.134382506084108	21.395900461750728	0.0051961999877845	30.26356881218043	0.90625	0.0441941738241592	0.875	0.9375													localization/results/component_transfer_runs/20260729_llama3_instruct_nonexclusive_just_only_cross_patch/nonexclusive_just_to_only/component_patching/eval_summary.tsv	just_to_only	nonexclusive	random	0.0011616890976387	0.0009209911459124	0.001402387049365	patched_minus_baseline
nonexclusive_just_to_only	attn	utterance_final	prompt_without	necessity	generated	3	random_mean	2	0,1	16.0	15.625	3.0	-17.25694098880411	1.4026580206456445	-18.248769986888348	-16.265111990719877	-23.36156580356794	2.7258269339487398	-25.28901651290403	-21.434115094231853	-17.319901636260333	1.4035322807680253	-18.312348829605625	-16.32745444291504	-0.6392262963677988	0.0235840756985294	-0.6559027562222458	-0.6225498365133517	-0.8823445860846307	0.0036934736331671	-0.8849562663367769	-0.8797329058324845	-0.6420517575976867	0.0240545427046898	-0.6590608878625144	-0.6250426273328592	-0.002825461229888	0.0004704670061602	-0.0031581316402684	-0.0024927908195075	-0.002825461229888	0.0004704670061602	-0.0031581316402684	-0.0024927908195075	-7.9844513904559	11.30871936192958	-15.980923537811911	0.0120207569001143	0.90625	0.0441941738241592	0.875	0.9375													localization/results/component_transfer_runs/20260729_llama3_instruct_nonexclusive_just_only_cross_patch/nonexclusive_just_to_only/component_patching/eval_summary.tsv	just_to_only	nonexclusive	random	0.002825461229888	0.0024927908195075	0.0031581316402684	patched_minus_baseline
nonexclusive_just_to_only	attn	utterance_final	prompt_without	necessity	generated	5	random_mean	2	0,1	16.0	15.625	5.0	-17.25694098880411	1.4026580206456445	-18.248769986888348	-16.265111990719877	-23.36156580356794	2.7258269339487398	-25.28901651290403	-21.434115094231853	-17.31771766271464	1.4605420273382348	-18.350476834453453	-16.284958490975825	-0.6392262963677988	0.0235840756985294	-0.6559027562222458	-0.6225498365133517	-0.8823445860846307	0.0036934736331671	-0.8849562663367769	-0.8797329058324845	-0.6417548614318467	0.021452777240249	-0.6569242656937112	-0.6265854571699822	-0.0025285650640478	0.0021312984582804	-0.0040356206566304	-0.0010215094714653	-0.0025285650640478	0.0021312984582804	-0.0040356206566304	-0.0010215094714653	16.181700443878004	22.87837248312478	0.0042481185487578	32.35915276920725	0.78125	0.0441941738241592	0.75	0.8125													localization/results/component_transfer_runs/20260729_llama3_instruct_nonexclusive_just_only_cross_patch/nonexclusive_just_to_only/component_patching/eval_summary.tsv	just_to_only	nonexclusive	random	0.0025285650640478	0.0010215094714653	0.0040356206566304	patched_minus_baseline
nonexclusive_just_to_only	attn	utterance_final	prompt_without	necessity	generated	10	random_mean	2	0,1	16.0	15.625	10.0	-17.25694098880411	1.4026580206456445	-18.248769986888348	-16.265111990719877	-23.36156580356794	2.7258269339487398	-25.28901651290403	-21.434115094231853	-17.33137609610319	1.4187800973832383	-18.33460512397539	-16.328147068230994	-0.6392262963677988	0.0235840756985294	-0.6559027562222458	-0.6225498365133517	-0.8823445860846307	0.0036934736331671	-0.8849562663367769	-0.8797329058324845	-0.6426455602240613	0.0230547258776179	-0.6589477132305219	-0.6263434072176007	-0.0034192638562625	0.0005293498209116	-0.003793570704249	-0.003044957008276	-0.0034192638562625	0.0005293498209116	-0.003793570704249	-0.003044957008276	51.47427099462571	72.77846872588368	0.0121222341802835	102.93641975507114	0.875	0.0883883476483184	0.8125	0.9375													localization/results/component_transfer_runs/20260729_llama3_instruct_nonexclusive_just_only_cross_patch/nonexclusive_just_to_only/component_patching/eval_summary.tsv	just_to_only	nonexclusive	random	0.0034192638562625	0.003044957008276	0.003793570704249	patched_minus_baseline
nonexclusive_just_to_only	mlp	utterance_final	prompt_without	necessity	generated	1	random_mean	2	0,1	16.0	15.625	1.0	-17.25694098880411	1.4026580206456445	-18.248769986888348	-16.265111990719877	-23.36156580356794	2.7258269339487398	-25.28901651290403	-21.434115094231853	-17.283065721804842	1.4294597271627545	-18.293846388314694	-16.272285055294986	-0.6392262963677988	0.0235840756985294	-0.6559027562222458	-0.6225498365133517	-0.8823445860846307	0.0036934736331671	-0.8849562663367769	-0.8797329058324845	-0.6403823915181037	0.0222133879872267	-0.6560896287969996	-0.6246751542392079	-0.001156095150305	0.0013706877113027	-0.0021253177258562	-0.0001868725747537	-0.001156095150305	0.0013706877113027	-0.0021253177258562	-0.0001868725747537	-3.67925932467504	5.204120829282109	-7.359128453174579	0.0006098038244984	0.71875	0.1325825214724776	0.625	0.8125													localization/results/component_transfer_runs/20260729_llama3_instruct_nonexclusive_just_only_cross_patch/nonexclusive_just_to_only/component_patching/eval_summary.tsv	just_to_only	nonexclusive	random	0.001156095150305	0.0001868725747537	0.0021253177258562	patched_minus_baseline
nonexclusive_just_to_only	mlp	utterance_final	prompt_without	necessity	generated	3	random_mean	2	0,1	16.0	15.625	3.0	-17.25694098880411	1.4026580206456445	-18.248769986888348	-16.265111990719877	-23.36156580356794	2.7258269339487398	-25.28901651290403	-21.434115094231853	-17.31499197920412	1.4064771092298214	-18.30952148072418	-16.32046247768406	-0.6392262963677988	0.0235840756985294	-0.6559027562222458	-0.6225498365133517	-0.8823445860846307	0.0036934736331671	-0.8849562663367769	-0.8797329058324845	-0.641575744354856	0.0234878701615911	-0.6581841766217463	-0.6249673120879657	-0.0023494479870573	9.620553693841738e-05	-0.0024174755746141	-0.0022814203995004	-0.0023494479870573	9.620553693841738e-05	-0.0024174755746141	-0.0022814203995004	31.8773374606826	45.06715782993261	0.0100445503328412	63.74463037103235	0.71875	0.1325825214724776	0.625	0.8125													localization/results/component_transfer_runs/20260729_llama3_instruct_nonexclusive_just_only_cross_patch/nonexclusive_just_to_only/component_patching/eval_summary.tsv	just_to_only	nonexclusive	random	0.0023494479870573	0.0022814203995004	0.0024174755746141	patched_minus_baseline
nonexclusive_just_to_only	mlp	utterance_final	prompt_without	necessity	generated	5	random_mean	2	0,1	16.0	15.625	5.0	-17.25694098880411	1.4026580206456445	-18.248769986888348	-16.265111990719877	-23.36156580356794	2.7258269339487398	-25.28901651290403	-21.434115094231853	-17.30860818202038	1.3959376058533002	-18.29568512923256	-16.321531234808194	-0.6392262963677988	0.0235840756985294	-0.6559027562222458	-0.6225498365133517	-0.8823445860846307	0.0036934736331671	-0.8849562663367769	-0.8797329058324845	-0.6409577459494068	0.0229865096805274	-0.657211662820318	-0.6247038290784956	-0.001731449581608	0.000597566018002	-0.0021539925651439	-0.0013089065980721	-0.001731449581608	0.000597566018002	-0.0021539925651439	-0.0013089065980721	77.81678135320756	110.03944592432408	0.0071429421076072	155.6264197643075	0.59375	0.0441941738241592	0.5625	0.625													localization/results/component_transfer_runs/20260729_llama3_instruct_nonexclusive_just_only_cross_patch/nonexclusive_just_to_only/component_patching/eval_summary.tsv	just_to_only	nonexclusive	random	0.001731449581608	0.0013089065980721	0.0021539925651439	patched_minus_baseline
nonexclusive_just_to_only	mlp	utterance_final	prompt_without	necessity	generated	10	random_mean	2	0,1	16.0	15.625	10.0	-17.25694098880411	1.4026580206456445	-18.248769986888348	-16.265111990719877	-23.36156580356794	2.7258269339487398	-25.28901651290403	-21.434115094231853	-17.303511663164674	1.4486632083091688	-18.327871241415547	-16.2791520849138	-0.6392262963677988	0.0235840756985294	-0.6559027562222458	-0.6225498365133517	-0.8823445860846307	0.0036934736331671	-0.8849562663367769	-0.8797329058324845	-0.6410274271359002	0.0214295112684889	-0.6561803798713624	-0.6258744744004382	-0.0018011307681015	0.0021545644300404	-0.0033246378870864	-0.0002776236491165	-0.0018011307681015	0.0021545644300404	-0.0033246378870864	-0.0002776236491165	55.112060040031785	77.93923995405403	0.0006949479946721	110.2234251320689	0.625	0.0883883476483184	0.5625	0.6875													localization/results/component_transfer_runs/20260729_llama3_instruct_nonexclusive_just_only_cross_patch/nonexclusive_just_to_only/component_patching/eval_summary.tsv	just_to_only	nonexclusive	random	0.0018011307681015	0.0002776236491165	0.0033246378870864	patched_minus_baseline
nonexclusive_just_to_only	resid	utterance_final	prompt_without	necessity	generated	1	random_mean	2	0,1	16.0	15.625	1.0	-17.25694098880411	1.4026580206456445	-18.248769986888348	-16.265111990719877	-23.36156580356794	2.7258269339487398	-25.28901651290403	-21.434115094231853	-17.43827960257567	1.492224688159525	-18.49344179862725	-16.38311740652409	-0.6392262963677988	0.0235840756985294	-0.6559027562222458	-0.6225498365133517	-0.8823445860846307	0.0036934736331671	-0.8849562663367769	-0.8797329058324845	-0.6467924670710621	0.0215013506547228	-0.6619962179236863	-0.6315887162184377	-0.0075661707032633	0.0020827250438066	-0.009038879705086	-0.0060934617014405	-0.0075661707032633	0.0020827250438066	-0.009038879705086	-0.0060934617014405	-26.890355236674026	38.06258446671197	-53.80466682257181	0.0239563492237597	0.96875	0.0441941738241592	0.9375	1.0													localization/results/component_transfer_runs/20260729_llama3_instruct_nonexclusive_just_only_cross_patch/nonexclusive_just_to_only/component_patching/eval_summary.tsv	just_to_only	nonexclusive	random	0.0075661707032633	0.0060934617014405	0.009038879705086	patched_minus_baseline
nonexclusive_just_to_only	resid	utterance_final	prompt_without	necessity	generated	3	random_mean	2	0,1	16.0	15.625	3.0	-17.25694098880411	1.4026580206456445	-18.248769986888348	-16.265111990719877	-23.36156580356794	2.7258269339487398	-25.28901651290403	-21.434115094231853	-17.837142132739544	1.7891939276755089	-19.10229329185669	-16.5719909736224	-0.6392262963677988	0.0235840756985294	-0.6559027562222458	-0.6225498365133517	-0.8823445860846307	0.0036934736331671	-0.8849562663367769	-0.8797329058324845	-0.6626421043288305	0.0118215762023298	-0.6710012210258115	-0.6542829876318496	-0.0234158079610317	0.0117624994961995	-0.0317331511184978	-0.0150984648035656	-0.0234158079610317	0.0117624994961995	-0.0317331511184978	-0.0150984648035656	-61.47267754747479	87.02265020314442	-123.0069836229431	0.0616285279935165	0.96875	0.0441941738241592	0.9375	1.0													localization/results/component_transfer_runs/20260729_llama3_instruct_nonexclusive_just_only_cross_patch/nonexclusive_just_to_only/component_patching/eval_summary.tsv	just_to_only	nonexclusive	random	0.0234158079610317	0.0150984648035656	0.0317331511184978	patched_minus_baseline
nonexclusive_just_to_only	resid	utterance_final	prompt_without	necessity	generated	5	random_mean	2	0,1	16.0	15.625	5.0	-17.25694098880411	1.4026580206456445	-18.248769986888348	-16.265111990719877	-23.36156580356794	2.7258269339487398	-25.28901651290403	-21.434115094231853	-17.688555601648403	1.795044490297378	-18.95784373326923	-16.419267470027577	-0.6392262963677988	0.0235840756985294	-0.6559027562222458	-0.6225498365133517	-0.8823445860846307	0.0036934736331671	-0.8849562663367769	-0.8797329058324845	-0.6565003773939841	0.0103119372039916	-0.6637920181180965	-0.6492087366698718	-0.0172740810261853	0.0132721384945378	-0.0266589001565201	-0.0078892618958506	-0.0172740810261853	0.0132721384945378	-0.0266589001565201	-0.0078892618958506	-40.98073352915699	58.0011204315858	-81.99371910274893	0.0322520444349337	0.96875	0.0441941738241592	0.9375	1.0													localization/results/component_transfer_runs/20260729_llama3_instruct_nonexclusive_just_only_cross_patch/nonexclusive_just_to_only/component_patching/eval_summary.tsv	just_to_only	nonexclusive	random	0.0172740810261853	0.0078892618958506	0.0266589001565201	patched_minus_baseline
nonexclusive_just_to_only	resid	utterance_final	prompt_without	necessity	generated	10	random_mean	2	0,1	16.0	15.625	10.0	-17.25694098880411	1.4026580206456445	-18.248769986888348	-16.265111990719877	-23.36156580356794	2.7258269339487398	-25.28901651290403	-21.434115094231853	-17.46400870681269	1.4014894240136162	-18.45501138229395	-16.473006031331437	-0.6392262963677988	0.0235840756985294	-0.6559027562222458	-0.6225498365133517	-0.8823445860846307	0.0036934736331671	-0.8849562663367769	-0.8797329058324845	-0.6485119201271319	0.0254165538444648	-0.666484137704946	-0.6305397025493178	-0.009285623759333	0.0018324781459352	-0.0105813814827	-0.007989866035966	-0.009285623759333	0.0018324781459352	-0.0105813814827	-0.007989866035966	-50.88139344749566	72.0173850843108	-101.80537480393475	0.0425879089434352	1.0	0.0	1.0	1.0													localization/results/component_transfer_runs/20260729_llama3_instruct_nonexclusive_just_only_cross_patch/nonexclusive_just_to_only/component_patching/eval_summary.tsv	just_to_only	nonexclusive	random	0.009285623759333	0.007989866035966	0.0105813814827	patched_minus_baseline
only_to_exclusive_just	attn	utterance_final	prompt_without	necessity	generated	1	localized	2	0,1	13.0	19.23076923076923	1.0	-16.70327587235084	1.3982645452049485	-17.691998214157984	-15.714553530543698	-19.731337426706965	1.1355561437639703	-20.534296876380512	-18.928377977033414	-16.738710568860107	1.3833518419826014	-17.716888037092904	-15.760533100627306	-0.5339172571808959	0.0212945026523729	-0.5489747444083837	-0.518859769953408	-0.6378092998696269	0.0100128039686744	-0.6448894214545682	-0.6307291782846856	-0.5349923961381667	0.0204399176562532	-0.5494456005197981	-0.5205391917565354	-0.0010751389572709	0.0008545849961196	-0.0016794218031274	-0.0004708561114144	-0.0010751389572709	0.0008545849961196	-0.0016794218031274	-0.0004708561114144	0.0116674271023779	0.0072293365568663	0.0065555141995379	0.0167793400052178	0.6923076923076923	0.1087856586440842	0.6153846153846154	0.7692307692307693	0.6153846153846154	0.2175713172881684	0.4615384615384615	0.7692307692307693	0.6442307692307692	0.0679910366525526	0.5961538461538461	0.6923076923076923	0.6153846153846154	-0.0008919392012834	0.0008919392012834	0.0101334361825378	localization/results/component_transfer_runs/20260728_llama3_instruct_exclusive_just_only_cross_patch/only_to_exclusive_just/component_patching/eval_summary.tsv	only_to_just	exclusive	cross	0.0010751389572709	0.0004708561114144	0.0016794218031274	patched_minus_baseline
only_to_exclusive_just	attn	utterance_final	prompt_without	necessity	generated	3	localized	2	0,1	13.0	19.23076923076923	3.0	-16.70327587235084	1.3982645452049485	-17.691998214157984	-15.714553530543698	-19.731337426706965	1.1355561437639703	-20.534296876380512	-18.928377977033414	-16.903160296742517	1.3169979152822258	-17.834418453447125	-15.971902140037908	-0.5339172571808959	0.0212945026523729	-0.5489747444083837	-0.518859769953408	-0.6378092998696269	0.0100128039686744	-0.6448894214545682	-0.6307291782846856	-0.5401857280432789	0.0169774334586665	-0.5521905863690454	-0.5281808697175124	-0.0062684708623831	0.0043170691937064	-0.0093210997641044	-0.0032158419606617	-0.0062684708623831	0.0043170691937064	-0.0093210997641044	-0.0032158419606617	0.0564743283254906	0.0382441816761851	0.0294316081213298	0.0835170485296514	0.8076923076923077	0.2719641466102105	0.6153846153846154	1.0	0.8076923076923077	0.2719641466102105	0.6153846153846154	1.0	0.7884615384615385	0.2447677319491895	0.6153846153846154	0.9615384615384616	0.8076923076923077	-0.0056648300751666	0.0056648300751666	0.050544923003739	localization/results/component_transfer_runs/20260728_llama3_instruct_exclusive_just_only_cross_patch/only_to_exclusive_just/component_patching/eval_summary.tsv	only_to_just	exclusive	cross	0.0062684708623831	0.0032158419606617	0.0093210997641044	patched_minus_baseline
only_to_exclusive_just	attn	utterance_final	prompt_without	necessity	generated	5	localized	2	0,1	13.0	19.23076923076923	5.0	-16.70327587235084	1.3982645452049485	-17.691998214157984	-15.714553530543698	-19.731337426706965	1.1355561437639703	-20.534296876380512	-18.928377977033414	-17.053136994208913	1.2846490499164924	-17.961521048849722	-16.144752939568107	-0.5339172571808959	0.0212945026523729	-0.5489747444083837	-0.518859769953408	-0.6378092998696269	0.0100128039686744	-0.6448894214545682	-0.6307291782846856	-0.5458978706622848	0.0159104463778396	-0.5571482551877602	-0.5346474861368095	-0.011980613481389	0.0053840562745333	-0.0157877161834015	-0.0081735107793765	-0.011980613481389	0.0053840562745333	-0.0157877161834015	-0.0081735107793765	0.1035150593296781	0.0461848872099895	0.0708574123951586	0.1361727062641975	0.9615384615384616	0.054392829322042	0.9230769230769232	1.0	0.8846153846153846	0.1631784879661263	0.7692307692307693	1.0	0.8461538461538461	0.1631784879661263	0.7307692307692307	0.9615384615384616	0.8846153846153846	-0.0110145216084547	0.0110145216084547	0.0929816091931568	localization/results/component_transfer_runs/20260728_llama3_instruct_exclusive_just_only_cross_patch/only_to_exclusive_just/component_patching/eval_summary.tsv	only_to_just	exclusive	cross	0.011980613481389	0.0081735107793765	0.0157877161834015	patched_minus_baseline
only_to_exclusive_just	attn	utterance_final	prompt_without	necessity	generated	10	localized	2	0,1	13.0	19.23076923076923	10.0	-16.70327587235084	1.3982645452049485	-17.691998214157984	-15.714553530543698	-19.731337426706965	1.1355561437639703	-20.534296876380512	-18.928377977033414	-17.382790982764547	1.2392364384844656	-18.259063471910377	-16.506518493618714	-0.5339172571808959	0.0212945026523729	-0.5489747444083837	-0.518859769953408	-0.6378092998696269	0.0100128039686744	-0.6448894214545682	-0.6307291782846856	-0.5569954014823826	0.014631786545094	-0.5673416369692927	-0.5466491659954725	-0.0230781443014868	0.0066627161072788	-0.0277893960420645	-0.018366892560909	-0.0230781443014868	0.0066627161072788	-0.0277893960420645	-0.018366892560909	0.2065047451416218	0.0568224539507127	0.1663252026294124	0.2466842876538311	1.0	0.0	1.0	1.0	1.0	0.0	1.0	1.0	0.9903846153846154	0.0135982073305105	0.9807692307692308	1.0	1.0	-0.0210191077827755	0.0210191077827755	0.1860447597346048	localization/results/component_transfer_runs/20260728_llama3_instruct_exclusive_just_only_cross_patch/only_to_exclusive_just/component_patching/eval_summary.tsv	only_to_just	exclusive	cross	0.0230781443014868	0.018366892560909	0.0277893960420645	patched_minus_baseline
only_to_exclusive_just	mlp	utterance_final	prompt_without	necessity	generated	1	localized	2	0,1	13.0	19.23076923076923	1.0	-16.70327587235084	1.3982645452049485	-17.691998214157984	-15.714553530543698	-19.731337426706965	1.1355561437639703	-20.534296876380512	-18.928377977033414	-16.78093492133763	1.4014189874523733	-17.771887790648787	-15.78998205202647	-0.5339172571808959	0.0212945026523729	-0.5489747444083837	-0.518859769953408	-0.6378092998696269	0.0100128039686744	-0.6448894214545682	-0.6307291782846856	-0.5360600844389507	0.020250793563102	-0.550379557891829	-0.5217406109860723	-0.0021428272580548	0.0010437090892708	-0.0028808410326642	-0.0014048134834453	-0.0021428272580548	0.0010437090892708	-0.0028808410326642	-0.0014048134834453	0.0177483610188969	0.0039584934704917	0.0149492834426295	0.0205474385951643	0.7307692307692308	0.0543928293220421	0.6923076923076923	0.7692307692307693	0.7307692307692308	0.0543928293220421	0.6923076923076923	0.7692307692307693	0.6730769230769231	0.1359820733051053	0.5769230769230769	0.7692307692307693	0.7307692307692307	-0.0021498409309029	0.0021498409309029	0.0180265299322226	localization/results/component_transfer_runs/20260728_llama3_instruct_exclusive_just_only_cross_patch/only_to_exclusive_just/component_patching/eval_summary.tsv	only_to_just	exclusive	cross	0.0021428272580548	0.0014048134834453	0.0028808410326642	patched_minus_baseline
only_to_exclusive_just	mlp	utterance_final	prompt_without	necessity	generated	3	localized	2	0,1	13.0	19.23076923076923	3.0	-16.70327587235084	1.3982645452049485	-17.691998214157984	-15.714553530543698	-19.731337426706965	1.1355561437639703	-20.534296876380512	-18.928377977033414	-16.837583328747428	1.3683803206050345	-17.80517433268947	-15.869992324805388	-0.5339172571808959	0.0212945026523729	-0.5489747444083837	-0.518859769953408	-0.6378092998696269	0.0100128039686744	-0.6448894214545682	-0.6307291782846856	-0.5382571998128627	0.0186558056720566	-0.5514488465120725	-0.525065553113653	-0.0043399426319669	0.0026386969803161	-0.0062057831602449	-0.0024741021036888	-0.0043399426319669	0.0026386969803161	-0.0062057831602449	-0.0024741021036888	0.0342251489163065	0.0225834243454782	0.0182562564192055	0.0501940414134075	0.6538461538461539	0.2719641466102105	0.4615384615384615	0.8461538461538461	0.7307692307692308	0.1631784879661263	0.6153846153846154	0.8461538461538461	0.6923076923076923	0.1359820733051052	0.5961538461538461	0.7884615384615384	0.7307692307692307	-0.0038212100068974	0.0038212100068974	0.0310102153165958	localization/results/component_transfer_runs/20260728_llama3_instruct_exclusive_just_only_cross_patch/only_to_exclusive_just/component_patching/eval_summary.tsv	only_to_just	exclusive	cross	0.0043399426319669	0.0024741021036888	0.0062057831602449	patched_minus_baseline
only_to_exclusive_just	mlp	utterance_final	prompt_without	necessity	generated	5	localized	2	0,1	13.0	19.23076923076923	5.0	-16.70327587235084	1.3982645452049485	-17.691998214157984	-15.714553530543698	-19.731337426706965	1.1355561437639703	-20.534296876380512	-18.928377977033414	-16.86213860940495	1.3456002962444662	-17.81362170364604	-15.91065551516386	-0.5339172571808959	0.0212945026523729	-0.5489747444083837	-0.518859769953408	-0.6378092998696269	0.0100128039686744	-0.6448894214545682	-0.6307291782846856	-0.5389872568493163	0.0177079558102259	-0.5515086724836787	-0.5264658412149538	-0.0050699996684204	0.003586546842147	-0.0076060712615457	-0.002533928075295	-0.0050699996684204	0.003586546842147	-0.0076060712615457	-0.002533928075295	0.0391565183668295	0.0295102837658168	0.0182895966012811	0.0600234401323779	0.576923076923077	0.2719641466102106	0.3846153846153846	0.7692307692307693	0.6153846153846154	0.2175713172881684	0.4615384615384615	0.7692307692307693	0.5769230769230769	0.2447677319491895	0.4038461538461538	0.75	0.6153846153846154	-0.0038916619666	0.0038916619666	0.0288384162229406	localization/results/component_transfer_runs/20260728_llama3_instruct_exclusive_just_only_cross_patch/only_to_exclusive_just/component_patching/eval_summary.tsv	only_to_just	exclusive	cross	0.0050699996684204	0.002533928075295	0.0076060712615457	patched_minus_baseline
only_to_exclusive_just	mlp	utterance_final	prompt_without	necessity	generated	10	localized	2	0,1	13.0	19.23076923076923	10.0	-16.70327587235084	1.3982645452049485	-17.691998214157984	-15.714553530543698	-19.731337426706965	1.1355561437639703	-20.534296876380512	-18.928377977033414	-16.964355721366644	1.3893740878706742	-17.94679156050487	-15.981919882228414	-0.5339172571808959	0.0212945026523729	-0.5489747444083837	-0.518859769953408	-0.6378092998696269	0.0100128039686744	-0.6448894214545682	-0.6307291782846856	-0.5425561503142129	0.0193634900444304	-0.5562482054320679	-0.5288640951963579	-0.008638893133317	0.0019310126079424	-0.0100043252429499	-0.0072734610236842	-0.008638893133317	0.0019310126079424	-0.0100043252429499	-0.0072734610236842	0.0735697114995026	0.0130676220118165	0.0643295073609646	0.0828099156380407	0.6153846153846154	0.2175713172881684	0.4615384615384615	0.7692307692307693	0.7307692307692308	0.0543928293220421	0.6923076923076923	0.7692307692307693	0.6826923076923077	0.0679910366525526	0.6346153846153846	0.7307692307692307	0.7307692307692307	-0.0049703086641494	0.0049703086641494	0.0441608105314338	localization/results/component_transfer_runs/20260728_llama3_instruct_exclusive_just_only_cross_patch/only_to_exclusive_just/component_patching/eval_summary.tsv	only_to_just	exclusive	cross	0.008638893133317	0.0072734610236842	0.0100043252429499	patched_minus_baseline
only_to_exclusive_just	resid	utterance_final	prompt_without	necessity	generated	1	localized	2	0,1	13.0	19.23076923076923	1.0	-16.70327587235084	1.3982645452049485	-17.691998214157984	-15.714553530543698	-19.731337426706965	1.1355561437639703	-20.534296876380512	-18.928377977033414	-17.125085884688584	1.34772649696479	-18.078072429877174	-16.17209933949999	-0.5339172571808959	0.0212945026523729	-0.5489747444083837	-0.518859769953408	-0.6378092998696269	0.0100128039686744	-0.6448894214545682	-0.6307291782846856	-0.5484542393653526	0.0190446304810344	-0.561920826723684	-0.5349876520070211	-0.0145369821844567	0.0022498721713385	-0.0161278820536131	-0.0129460823153003	-0.0145369821844567	0.0022498721713385	-0.0161278820536131	-0.0129460823153003	0.1276324452055234	0.0205523530139944	0.1130997370199882	0.1421651533910587	0.8846153846153846	0.0543928293220421	0.8461538461538461	0.9230769230769232	0.8076923076923077	0.1631784879661263	0.6923076923076923	0.9230769230769232	0.8076923076923077	0.1359820733051052	0.7115384615384616	0.903846153846154	0.8076923076923077	-0.0129310424693084	0.0129310424693084	0.1112717263066827	localization/results/component_transfer_runs/20260728_llama3_instruct_exclusive_just_only_cross_patch/only_to_exclusive_just/component_patching/eval_summary.tsv	only_to_just	exclusive	cross	0.0145369821844567	0.0129460823153003	0.0161278820536131	patched_minus_baseline
only_to_exclusive_just	resid	utterance_final	prompt_without	necessity	generated	3	localized	2	0,1	13.0	19.23076923076923	3.0	-16.70327587235084	1.3982645452049485	-17.691998214157984	-15.714553530543698	-19.731337426706965	1.1355561437639703	-20.534296876380512	-18.928377977033414	-17.267155282635002	1.3372765095619592	-18.21275257086774	-16.321557994402262	-0.5339172571808959	0.0212945026523729	-0.5489747444083837	-0.518859769953408	-0.6378092998696269	0.0100128039686744	-0.6448894214545682	-0.6307291782846856	-0.5531592351277876	0.0178444460489083	-0.5657771639354882	-0.540541306320087	-0.0192419779468918	0.0034500566034646	-0.0216815363666791	-0.0168024195271045	-0.0192419779468918	0.0034500566034646	-0.0216815363666791	-0.0168024195271045	0.1678815824534825	0.0241135911375726	0.150830698641345	0.18493246626562	0.8846153846153846	0.1631784879661263	0.7692307692307693	1.0	0.8846153846153846	0.1631784879661263	0.7692307692307693	1.0	0.7884615384615384	0.054392829322042	0.75	0.8269230769230769	0.8846153846153846	-0.0098652988439668	0.0098652988439668	0.0860982604341428	localization/results/component_transfer_runs/20260728_llama3_instruct_exclusive_just_only_cross_patch/only_to_exclusive_just/component_patching/eval_summary.tsv	only_to_just	exclusive	cross	0.0192419779468918	0.0168024195271045	0.0216815363666791	patched_minus_baseline
only_to_exclusive_just	resid	utterance_final	prompt_without	necessity	generated	5	localized	2	0,1	13.0	19.23076923076923	5.0	-16.70327587235084	1.3982645452049485	-17.691998214157984	-15.714553530543698	-19.731337426706965	1.1355561437639703	-20.534296876380512	-18.928377977033414	-17.388440948961616	1.331870228341143	-18.33021541908212	-16.44666647884112	-0.5339172571808959	0.0212945026523729	-0.5489747444083837	-0.518859769953408	-0.6378092998696269	0.0100128039686744	-0.6448894214545682	-0.6307291782846856	-0.5575091024621401	0.0183694440918106	-0.5704982609460867	-0.5445199439781937	-0.0235918452812444	0.0029250585605622	-0.0256601740247857	-0.0215235165377031	-0.0235918452812444	0.0029250585605622	-0.0256601740247857	-0.0215235165377031	0.2109399748370018	0.021926230317586	0.1954357886935786	0.226444160980425	0.9615384615384616	0.054392829322042	0.9230769230769232	1.0	0.9615384615384616	0.054392829322042	0.9230769230769232	1.0	0.8942307692307693	0.0407946219915315	0.8653846153846154	0.9230769230769232	0.9615384615384616	-0.0144671334471998	0.0144671334471998	0.1300676349130594	localization/results/component_transfer_runs/20260728_llama3_instruct_exclusive_just_only_cross_patch/only_to_exclusive_just/component_patching/eval_summary.tsv	only_to_just	exclusive	cross	0.0235918452812444	0.0215235165377031	0.0256601740247857	patched_minus_baseline
only_to_exclusive_just	resid	utterance_final	prompt_without	necessity	generated	10	localized	2	0,1	13.0	19.23076923076923	10.0	-16.70327587235084	1.3982645452049485	-17.691998214157984	-15.714553530543698	-19.731337426706965	1.1355561437639703	-20.534296876380512	-18.928377977033414	-17.565771292740404	1.2135499614149572	-18.423880699765597	-16.707661885715215	-0.5339172571808959	0.0212945026523729	-0.5489747444083837	-0.518859769953408	-0.6378092998696269	0.0100128039686744	-0.6448894214545682	-0.6307291782846856	-0.5628547209418147	0.0139908173963867	-0.5727477227971425	-0.552961719086487	-0.0289374637609189	0.0073036852559862	-0.034101949133079	-0.0237729783887588	-0.0289374637609189	0.0073036852559862	-0.034101949133079	-0.0237729783887588	0.263399234326358	0.063512084941299	0.2184894083770694	0.3083090602756465	0.9615384615384616	0.054392829322042	0.9230769230769232	1.0	0.9615384615384616	0.054392829322042	0.9230769230769232	1.0	0.9615384615384616	0.054392829322042	0.9230769230769232	1.0	0.9615384615384616	-0.0228695230194324	0.0228695230194324	0.2107701182643269	localization/results/component_transfer_runs/20260728_llama3_instruct_exclusive_just_only_cross_patch/only_to_exclusive_just/component_patching/eval_summary.tsv	only_to_just	exclusive	cross	0.0289374637609189	0.0237729783887588	0.034101949133079	patched_minus_baseline
only_to_exclusive_just	attn	utterance_final	prompt_without	necessity	generated	1	random_mean	2	0,1	13.0	19.23076923076923	1.0	-16.70327587235084	1.3982645452049485	-17.691998214157984	-15.714553530543698	-19.731337426706965	1.1355561437639703	-20.534296876380512	-18.928377977033414	-16.709485993115603	1.3925455018549049	-17.69416436058803	-15.724807625643177	-0.5339172571808959	0.0212945026523729	-0.5489747444083837	-0.518859769953408	-0.6378092998696269	0.0100128039686744	-0.6448894214545682	-0.6307291782846856	-0.5341004569368832	0.0210523830431353	-0.548986739746821	-0.5192141741269456	-0.0001831997559874	0.0002421196092374	-0.0003544041735375	-1.1995338437436434e-05	-0.0001831997559874	0.0002421196092374	-0.0003544041735375	-1.1995338437436434e-05	0.00153399091984	0.0025335322804629	-0.0002574869360302	0.0033254687757104	0.6923076923076923	0.1087856586440842	0.6153846153846154	0.7692307692307693													localization/results/component_transfer_runs/20260728_llama3_instruct_exclusive_just_only_cross_patch/only_to_exclusive_just/component_patching/eval_summary.tsv	only_to_just	exclusive	random	0.0001831997559874	1.1995338437436434e-05	0.0003544041735375	patched_minus_baseline
only_to_exclusive_just	attn	utterance_final	prompt_without	necessity	generated	3	random_mean	2	0,1	13.0	19.23076923076923	3.0	-16.70327587235084	1.3982645452049485	-17.691998214157984	-15.714553530543698	-19.731337426706965	1.1355561437639703	-20.534296876380512	-18.928377977033414	-16.721687410305147	1.3953236502505462	-17.708330225347275	-15.73504459526302	-0.5339172571808959	0.0212945026523729	-0.5489747444083837	-0.518859769953408	-0.6378092998696269	0.0100128039686744	-0.6448894214545682	-0.6307291782846856	-0.5345208979681124	0.0210835752762781	-0.5494292370176257	-0.519612558918599	-0.0006036407872164	0.0002109273760948	-0.000752788965191	-0.0004544926092419	-0.0006036407872164	0.0002109273760948	-0.000752788965191	-0.0004544926092419	0.0059294053217516	0.0023362417980196	0.0042774329038805	0.0075813777396228	0.7692307692307692	0.3263569759322527	0.5384615384615384	1.0													localization/results/component_transfer_runs/20260728_llama3_instruct_exclusive_just_only_cross_patch/only_to_exclusive_just/component_patching/eval_summary.tsv	only_to_just	exclusive	random	0.0006036407872164	0.0004544926092419	0.000752788965191	patched_minus_baseline
only_to_exclusive_just	attn	utterance_final	prompt_without	necessity	generated	5	random_mean	2	0,1	13.0	19.23076923076923	5.0	-16.70327587235084	1.3982645452049485	-17.691998214157984	-15.714553530543698	-19.731337426706965	1.1355561437639703	-20.534296876380512	-18.928377977033414	-16.740635133426128	1.3999654944888005	-17.730560228006336	-15.750710038845918	-0.5339172571808959	0.0212945026523729	-0.5489747444083837	-0.518859769953408	-0.6378092998696269	0.0100128039686744	-0.6448894214545682	-0.6307291782846856	-0.5348833490538302	0.0212536968873209	-0.5499119822481382	-0.5198547158595221	-0.0009660918729342	4.08057650519589e-05	-0.000994945906114	-0.0009372378397545	-0.0009660918729342	4.08057650519589e-05	-0.000994945906114	-0.0009372378397545	0.0105334501365212	0.0009384875688436	0.0098698392125326	0.0111970610605098	0.7307692307692308	0.1631784879661263	0.6153846153846154	0.8461538461538461													localization/results/component_transfer_runs/20260728_llama3_instruct_exclusive_just_only_cross_patch/only_to_exclusive_just/component_patching/eval_summary.tsv	only_to_just	exclusive	random	0.0009660918729342	0.0009372378397545	0.000994945906114	patched_minus_baseline
only_to_exclusive_just	attn	utterance_final	prompt_without	necessity	generated	10	random_mean	2	0,1	13.0	19.23076923076923	10.0	-16.70327587235084	1.3982645452049485	-17.691998214157984	-15.714553530543698	-19.731337426706965	1.1355561437639703	-20.534296876380512	-18.928377977033414	-16.764709020010454	1.3873797637404053	-17.745734659032284	-15.783683380988622	-0.5339172571808959	0.0212945026523729	-0.5489747444083837	-0.518859769953408	-0.6378092998696269	0.0100128039686744	-0.6448894214545682	-0.6307291782846856	-0.5359762936996071	0.021219063832436	-0.5509804376259528	-0.5209721497732613	-0.0020590365187112	7.543881993687468e-05	-0.0021123798198533	-0.0020056932175692	-0.0020590365187112	7.543881993687468e-05	-0.0021123798198533	-0.0020056932175692	0.0204599854070169	0.0031417112618847	0.018238460069208	0.0226815107448258	0.8846153846153846	0.1631784879661263	0.7692307692307693	1.0													localization/results/component_transfer_runs/20260728_llama3_instruct_exclusive_just_only_cross_patch/only_to_exclusive_just/component_patching/eval_summary.tsv	only_to_just	exclusive	random	0.0020590365187112	0.0020056932175692	0.0021123798198533	patched_minus_baseline
only_to_exclusive_just	mlp	utterance_final	prompt_without	necessity	generated	1	random_mean	2	0,1	13.0	19.23076923076923	1.0	-16.70327587235084	1.3982645452049485	-17.691998214157984	-15.714553530543698	-19.731337426706965	1.1355561437639703	-20.534296876380512	-18.928377977033414	-16.70511150967865	1.3902869930711608	-17.688192870274726	-15.72203014908258	-0.5339172571808959	0.0212945026523729	-0.5489747444083837	-0.518859769953408	-0.6378092998696269	0.0100128039686744	-0.6448894214545682	-0.6307291782846856	-0.5339102435080476	0.0209346370770765	-0.5487132673469278	-0.5191072196691675	7.013672848101449e-06	0.0003598655752962	-0.0002474497157594	0.0002614770614556	7.013672848101449e-06	0.0003598655752962	-0.0002474497157594	0.0002614770614556	-0.0002781689133256	0.0032255874323134	-0.0025590036600246	0.0020026658333732	0.5769230769230769	0.1631784879661263	0.4615384615384615	0.6923076923076923													localization/results/component_transfer_runs/20260728_llama3_instruct_exclusive_just_only_cross_patch/only_to_exclusive_just/component_patching/eval_summary.tsv	only_to_just	exclusive	random	-7.013672848101449e-06	-0.0002614770614556	0.0002474497157594	patched_minus_baseline
only_to_exclusive_just	mlp	utterance_final	prompt_without	necessity	generated	3	random_mean	2	0,1	13.0	19.23076923076923	3.0	-16.70327587235084	1.3982645452049485	-17.691998214157984	-15.714553530543698	-19.731337426706965	1.1355561437639703	-20.534296876380512	-18.928377977033414	-16.723428906780878	1.376568765127678	-17.69681001537225	-15.750047798189504	-0.5339172571808959	0.0212945026523729	-0.5489747444083837	-0.518859769953408	-0.6378092998696269	0.0100128039686744	-0.6448894214545682	-0.6307291782846856	-0.5344359898059654	0.0200204642959847	-0.5485925958721594	-0.5202793837397715	-0.0005187326250695	0.0012740383563881	-0.0014196137863633	0.0003821485362243	-0.0005187326250695	0.0012740383563881	-0.0014196137863633	0.0003821485362243	0.0032149335997107	0.0090628026421248	-0.003193435605091	0.0096233028045125	0.5769230769230769	0.1631784879661263	0.4615384615384615	0.6923076923076923													localization/results/component_transfer_runs/20260728_llama3_instruct_exclusive_just_only_cross_patch/only_to_exclusive_just/component_patching/eval_summary.tsv	only_to_just	exclusive	random	0.0005187326250695	-0.0003821485362243	0.0014196137863633	patched_minus_baseline
only_to_exclusive_just	mlp	utterance_final	prompt_without	necessity	generated	5	random_mean	2	0,1	13.0	19.23076923076923	5.0	-16.70327587235084	1.3982645452049485	-17.691998214157984	-15.714553530543698	-19.731337426706965	1.1355561437639703	-20.534296876380512	-18.928377977033414	-16.746976356105563	1.4146209152469804	-17.747264398085022	-15.746688314126102	-0.5339172571808959	0.0212945026523729	-0.5489747444083837	-0.518859769953408	-0.6378092998696269	0.0100128039686744	-0.6448894214545682	-0.6307291782846856	-0.5350955948827162	0.0212409535634213	-0.55011521718628	-0.5200759725791524	-0.0011783377018204	5.3549088951714936e-05	-0.0012162026257445	-0.0011404727778962	-0.0011783377018204	5.3549088951714936e-05	-0.0012162026257445	-0.0011404727778962	0.0103181021438888	0.0026555995544092	0.00844030969085	0.0121958945969276	0.6538461538461539	0.1631784879661263	0.5384615384615384	0.7692307692307693													localization/results/component_transfer_runs/20260728_llama3_instruct_exclusive_just_only_cross_patch/only_to_exclusive_just/component_patching/eval_summary.tsv	only_to_just	exclusive	random	0.0011783377018204	0.0011404727778962	0.0012162026257445	patched_minus_baseline
only_to_exclusive_just	mlp	utterance_final	prompt_without	necessity	generated	10	random_mean	2	0,1	13.0	19.23076923076923	10.0	-16.70327587235084	1.3982645452049485	-17.691998214157984	-15.714553530543698	-19.731337426706965	1.1355561437639703	-20.534296876380512	-18.928377977033414	-16.808542186633403	1.351640538321216	-17.76429637700697	-15.852787996259837	-0.5339172571808959	0.0212945026523729	-0.5489747444083837	-0.518859769953408	-0.6378092998696269	0.0100128039686744	-0.6448894214545682	-0.6307291782846856	-0.5375858416500634	0.0193493423334522	-0.5512678928255474	-0.5239037904745795	-0.0036685844691676	0.0019451603189207	-0.0050440205211714	-0.0022931484171637	-0.0036685844691676	0.0019451603189207	-0.0050440205211714	-0.0022931484171637	0.0294089009680688	0.0196283512774548	0.0155295606762688	0.0432882412598687	0.6153846153846154	0.1087856586440842	0.5384615384615384	0.6923076923076923													localization/results/component_transfer_runs/20260728_llama3_instruct_exclusive_just_only_cross_patch/only_to_exclusive_just/component_patching/eval_summary.tsv	only_to_just	exclusive	random	0.0036685844691676	0.0022931484171637	0.0050440205211714	patched_minus_baseline
only_to_exclusive_just	resid	utterance_final	prompt_without	necessity	generated	1	random_mean	2	0,1	13.0	19.23076923076923	1.0	-16.70327587235084	1.3982645452049485	-17.691998214157984	-15.714553530543698	-19.731337426706965	1.1355561437639703	-20.534296876380512	-18.928377977033414	-16.75574919434216	1.4096160651138103	-17.752498272853636	-15.75900011583069	-0.5339172571808959	0.0212945026523729	-0.5489747444083837	-0.518859769953408	-0.6378092998696269	0.0100128039686744	-0.6448894214545682	-0.6307291782846856	-0.5355231968960442	0.0216105864552376	-0.5508041891239609	-0.5202422046681275	-0.0016059397151483	0.0003160838028647	-0.0018294447155772	-0.0013824347147194	-0.0016059397151483	0.0003160838028647	-0.0018294447155772	-0.0013824347147194	0.0163607188988406	0.0037960031732754	0.013676539313612	0.0190448984840693	0.8076923076923077	0.054392829322042	0.7692307692307693	0.8461538461538461													localization/results/component_transfer_runs/20260728_llama3_instruct_exclusive_just_only_cross_patch/only_to_exclusive_just/component_patching/eval_summary.tsv	only_to_just	exclusive	random	0.0016059397151483	0.0013824347147194	0.0018294447155772	patched_minus_baseline
only_to_exclusive_just	resid	utterance_final	prompt_without	necessity	generated	3	random_mean	2	0,1	13.0	19.23076923076923	3.0	-16.70327587235084	1.3982645452049485	-17.691998214157984	-15.714553530543698	-19.731337426706965	1.1355561437639703	-20.534296876380512	-18.928377977033414	-16.97583793243217	1.2356632128577951	-17.849583769506673	-16.102092095357666	-0.5339172571808959	0.0212945026523729	-0.5489747444083837	-0.518859769953408	-0.6378092998696269	0.0100128039686744	-0.6448894214545682	-0.6307291782846856	-0.5432939362838207	0.0150609201941572	-0.5539436150840188	-0.5326442574836228	-0.0093766791029249	0.0062335824582156	-0.0137844875302148	-0.0049688706756351	-0.0093766791029249	0.0062335824582156	-0.0137844875302148	-0.0049688706756351	0.0817833220193396	0.0512933035661897	0.0455134792382267	0.1180531648004525	0.8461538461538461	0.2175713172881684	0.6923076923076923	1.0													localization/results/component_transfer_runs/20260728_llama3_instruct_exclusive_just_only_cross_patch/only_to_exclusive_just/component_patching/eval_summary.tsv	only_to_just	exclusive	random	0.0093766791029249	0.0049688706756351	0.0137844875302148	patched_minus_baseline
only_to_exclusive_just	resid	utterance_final	prompt_without	necessity	generated	5	random_mean	2	0,1	13.0	19.23076923076923	5.0	-16.70327587235084	1.3982645452049485	-17.691998214157984	-15.714553530543698	-19.731337426706965	1.1355561437639703	-20.534296876380512	-18.928377977033414	-16.975160795077137	1.2054023879295932	-17.82750899764061	-16.122812592513664	-0.5339172571808959	0.0212945026523729	-0.5489747444083837	-0.518859769953408	-0.6378092998696269	0.0100128039686744	-0.6448894214545682	-0.6307291782846856	-0.5430419690149403	0.0137088324066648	-0.5527355773718429	-0.5333483606580377	-0.0091247118340445	0.0075856702457083	-0.0144885907046299	-0.0037608329634591	-0.0091247118340445	0.0075856702457083	-0.0144885907046299	-0.0037608329634591	0.0808723399239423	0.0671668413711282	0.0333782109195364	0.1283664689283483	0.8846153846153846	0.1631784879661263	0.7692307692307693	1.0													localization/results/component_transfer_runs/20260728_llama3_instruct_exclusive_just_only_cross_patch/only_to_exclusive_just/component_patching/eval_summary.tsv	only_to_just	exclusive	random	0.0091247118340445	0.0037608329634591	0.0144885907046299	patched_minus_baseline
only_to_exclusive_just	resid	utterance_final	prompt_without	necessity	generated	10	random_mean	2	0,1	13.0	19.23076923076923	10.0	-16.70327587235084	1.3982645452049485	-17.691998214157984	-15.714553530543698	-19.731337426706965	1.1355561437639703	-20.534296876380512	-18.928377977033414	-16.883340601240235	1.3579280540394407	-17.843540736614976	-15.923140465865494	-0.5339172571808959	0.0212945026523729	-0.5489747444083837	-0.518859769953408	-0.6378092998696269	0.0100128039686744	-0.6448894214545682	-0.6307291782846856	-0.5399851979223822	0.0194603518534253	-0.5537457446822155	-0.526224651162549	-0.0060679407414864	0.0018341507989475	-0.007364881209141	-0.0047710002738319	-0.0060679407414864	0.0018341507989475	-0.007364881209141	-0.0047710002738319	0.052629116062031	0.0184434989095362	0.0395875929142912	0.0656706392097708	0.8846153846153846	0.0543928293220421	0.8461538461538461	0.9230769230769232													localization/results/component_transfer_runs/20260728_llama3_instruct_exclusive_just_only_cross_patch/only_to_exclusive_just/component_patching/eval_summary.tsv	only_to_just	exclusive	random	0.0060679407414864	0.0047710002738319	0.007364881209141	patched_minus_baseline
only_to_nonexclusive_just	attn	utterance_final	prompt_without	necessity	generated	1	localized	2	0,1	14.0	17.857142857142858	1.0	-19.37012591024277	2.750540497747139	-21.315051748128	-17.425200072357548	-21.49235223767953	3.1627859370897977	-23.72877962123717	-19.25592485412188	-19.400564734809404	2.7693380842977926	-21.358782473614536	-17.44234699600427	-0.5105839951549085	0.0606647302702604	-0.5534804373078624	-0.4676875530019544	-0.5696360078863978	0.0666252894285637	-0.6167472018398517	-0.522524813932944	-0.5115149238524338	0.06113657432079	-0.5547450101331798	-0.4682848375716878	-0.0009309286975252	0.0004718440505294	-0.0012645728253171	-0.0005972845697333	-0.0009309286975252	0.0004718440505294	-0.0012645728253171	-0.0005972845697333	0.0170317546011634	0.0073243848399189	0.0118526324128368	0.0222108767894901	0.8571428571428571	0.0	0.8571428571428571	0.8571428571428571	0.6428571428571429	0.0	0.6428571428571429	0.6428571428571429	0.7053571428571428	0.0631345340345131	0.6607142857142857	0.75	0.6428571428571429	-0.0006672904645966	0.0006672904645966	0.012423770810789	localization/results/component_transfer_runs/20260729_llama3_instruct_nonexclusive_just_only_cross_patch/only_to_nonexclusive_just/component_patching/eval_summary.tsv	only_to_just	nonexclusive	cross	0.0009309286975252	0.0005972845697333	0.0012645728253171	patched_minus_baseline
only_to_nonexclusive_just	attn	utterance_final	prompt_without	necessity	generated	3	localized	2	0,1	14.0	17.857142857142858	3.0	-19.37012591024277	2.750540497747139	-21.315051748128	-17.425200072357548	-21.49235223767953	3.1627859370897977	-23.72877962123717	-19.25592485412188	-19.51154696208447	2.7910304426733537	-21.48510351459689	-17.53799040957205	-0.5105839951549085	0.0606647302702604	-0.5534804373078624	-0.4676875530019544	-0.5696360078863978	0.0666252894285637	-0.6167472018398517	-0.522524813932944	-0.5150866924412397	0.0607224893560135	-0.5580239764354049	-0.4721494084470746	-0.0045026972863311	5.775908575310656e-05	-0.0045435391275423	-0.00446185544512	-0.0045026972863311	5.775908575310656e-05	-0.0045435391275423	-0.00446185544512	0.0797645720476047	0.0048459809499768	0.0763379460563752	0.0831911980388341	0.8928571428571428	0.0505076272276105	0.8571428571428571	0.9285714285714286	0.8571428571428571	0.0	0.8571428571428571	0.8571428571428571	0.875	0.0252538136138053	0.8571428571428571	0.8928571428571429	0.8571428571428571	-0.0040665595851279	0.0040665595851279	0.0722216180886905	localization/results/component_transfer_runs/20260729_llama3_instruct_nonexclusive_just_only_cross_patch/only_to_nonexclusive_just/component_patching/eval_summary.tsv	only_to_just	nonexclusive	cross	0.0045026972863311	0.00446185544512	0.0045435391275423	patched_minus_baseline
only_to_nonexclusive_just	attn	utterance_final	prompt_without	necessity	generated	5	localized	2	0,1	14.0	17.857142857142858	5.0	-19.37012591024277	2.750540497747139	-21.315051748128	-17.425200072357548	-21.49235223767953	3.1627859370897977	-23.72877962123717	-19.25592485412188	-19.590787951643478	2.840049944754985	-21.599006526488203	-17.582569376798745	-0.5105839951549085	0.0606647302702604	-0.5534804373078624	-0.4676875530019544	-0.5696360078863978	0.0666252894285637	-0.6167472018398517	-0.522524813932944	-0.5173922907600385	0.0615339358506911	-0.5609033540731602	-0.4738812274469167	-0.0068082956051299	0.0008692055804306	-0.0074229167652976	-0.0061936744449621	-0.0068082956051299	0.0008692055804306	-0.0074229167652976	-0.0061936744449621	0.1119107002607901	0.0017448597980856	0.110676898065344	0.1131445024562363	0.9285714285714286	0.1010152544552211	0.8571428571428571	1.0	0.9285714285714286	0.1010152544552211	0.8571428571428571	1.0	0.9017857142857144	0.0883883476483184	0.8392857142857143	0.9642857142857144	0.9285714285714286	-0.0061120763918425	0.0061120763918425	0.0980904553947436	localization/results/component_transfer_runs/20260729_llama3_instruct_nonexclusive_just_only_cross_patch/only_to_nonexclusive_just/component_patching/eval_summary.tsv	only_to_just	nonexclusive	cross	0.0068082956051299	0.0061936744449621	0.0074229167652976	patched_minus_baseline
only_to_nonexclusive_just	attn	utterance_final	prompt_without	necessity	generated	10	localized	2	0,1	14.0	17.857142857142858	10.0	-19.37012591024277	2.750540497747139	-21.315051748128	-17.425200072357548	-21.49235223767953	3.1627859370897977	-23.72877962123717	-19.25592485412188	-19.765834326145963	2.8483473339677787	-21.7799200411692	-17.75174861112272	-0.5105839951549085	0.0606647302702604	-0.5534804373078624	-0.4676875530019544	-0.5696360078863978	0.0666252894285637	-0.6167472018398517	-0.522524813932944	-0.5221472955339025	0.0613564723910869	-0.5655328732313253	-0.4787617178364797	-0.0115633003789939	0.0006917421208264	-0.0120524359234627	-0.0110741648345252	-0.0115633003789939	0.0006917421208264	-0.0120524359234627	-0.0110741648345252	0.1900944599571036	0.0167624970224134	0.1782415846429357	0.2019473352712714	1.0	0.0	1.0	1.0	1.0	0.0	1.0	1.0	0.9553571428571428	0.0378807204207078	0.9285714285714286	0.9821428571428572	1.0	-0.0111120917261789	0.0111120917261789	0.1800004703227356	localization/results/component_transfer_runs/20260729_llama3_instruct_nonexclusive_just_only_cross_patch/only_to_nonexclusive_just/component_patching/eval_summary.tsv	only_to_just	nonexclusive	cross	0.0115633003789939	0.0110741648345252	0.0120524359234627	patched_minus_baseline
only_to_nonexclusive_just	mlp	utterance_final	prompt_without	necessity	generated	1	localized	2	0,1	14.0	17.857142857142858	1.0	-19.37012591024277	2.750540497747139	-21.315051748128	-17.425200072357548	-21.49235223767953	3.1627859370897977	-23.72877962123717	-19.25592485412188	-19.38298232165303	2.753789160633325	-21.33020531109487	-17.435759332211198	-0.5105839951549085	0.0606647302702604	-0.5534804373078624	-0.4676875530019544	-0.5696360078863978	0.0666252894285637	-0.6167472018398517	-0.522524813932944	-0.5109842409959403	0.0605237780005857	-0.5537810148431836	-0.4681874671486969	-0.0004002458410318	0.0001409522696746	-0.0004999141467424	-0.0003005775353212	-0.0004002458410318	0.0001409522696746	-0.0004999141467424	-0.0003005775353212	0.0087028693210976	0.0001300523920268	0.0086109083927859	0.0087948302494093	0.6071428571428572	0.0505076272276105	0.5714285714285714	0.6428571428571429	0.4642857142857143	0.1515228816828316	0.3571428571428571	0.5714285714285714	0.5178571428571429	0.101015254455221	0.4464285714285714	0.5892857142857143	0.4642857142857143	-0.0001391080025911	0.0001391080025911	0.0045722650883818	localization/results/component_transfer_runs/20260729_llama3_instruct_nonexclusive_just_only_cross_patch/only_to_nonexclusive_just/component_patching/eval_summary.tsv	only_to_just	nonexclusive	cross	0.0004002458410318	0.0003005775353212	0.0004999141467424	patched_minus_baseline
only_to_nonexclusive_just	mlp	utterance_final	prompt_without	necessity	generated	3	localized	2	0,1	14.0	17.857142857142858	3.0	-19.37012591024277	2.750540497747139	-21.315051748128	-17.425200072357548	-21.49235223767953	3.1627859370897977	-23.72877962123717	-19.25592485412188	-19.43132985857138	2.79885902804577	-21.41042205688773	-17.452237660255026	-0.5105839951549085	0.0606647302702604	-0.5534804373078624	-0.4676875530019544	-0.5696360078863978	0.0666252894285637	-0.6167472018398517	-0.522524813932944	-0.5124048631336962	0.0612497457867099	-0.5557149737254309	-0.4690947525419613	-0.0018208679787876	0.0005850155164494	-0.0022345364175683	-0.0014071995400069	-0.0018208679787876	0.0005850155164494	-0.0022345364175683	-0.0014071995400069	0.0270620115276896	0.016386867856298	0.0154747461440933	0.0386492769112858	0.75	0.0505076272276105	0.7142857142857143	0.7857142857142857	0.6428571428571428	0.2020305089104421	0.5	0.7857142857142857	0.6517857142857143	0.1641497884897343	0.5357142857142857	0.7678571428571429	0.6428571428571429	-0.0011382799819938	0.0011382799819938	0.0163785252443728	localization/results/component_transfer_runs/20260729_llama3_instruct_nonexclusive_just_only_cross_patch/only_to_nonexclusive_just/component_patching/eval_summary.tsv	only_to_just	nonexclusive	cross	0.0018208679787876	0.0014071995400069	0.0022345364175683	patched_minus_baseline
only_to_nonexclusive_just	mlp	utterance_final	prompt_without	necessity	generated	5	localized	2	0,1	14.0	17.857142857142858	5.0	-19.37012591024277	2.750540497747139	-21.315051748128	-17.425200072357548	-21.49235223767953	3.1627859370897977	-23.72877962123717	-19.25592485412188	-19.452927783321584	2.8061237879663152	-21.437156942641447	-17.46869862400172	-0.5105839951549085	0.0606647302702604	-0.5534804373078624	-0.4676875530019544	-0.5696360078863978	0.0666252894285637	-0.6167472018398517	-0.522524813932944	-0.5129430585051662	0.0615230551339479	-0.5564464279896947	-0.4694396890206378	-0.0023590633502577	0.0008583248636873	-0.0029659906818321	-0.0017521360186833	-0.0023590633502577	0.0008583248636873	-0.0029659906818321	-0.0017521360186833	0.0383775228474603	0.0179060521259499	0.0257160319649213	0.0510390137299994	0.75	0.0505076272276105	0.7142857142857143	0.7857142857142857	0.7142857142857143	0.101015254455221	0.6428571428571429	0.7857142857142857	0.6428571428571428	0.2020305089104421	0.5	0.7857142857142857	0.7142857142857143	-0.001598112820938	0.001598112820938	0.0277451851802705	localization/results/component_transfer_runs/20260729_llama3_instruct_nonexclusive_just_only_cross_patch/only_to_nonexclusive_just/component_patching/eval_summary.tsv	only_to_just	nonexclusive	cross	0.0023590633502577	0.0017521360186833	0.0029659906818321	patched_minus_baseline
only_to_nonexclusive_just	mlp	utterance_final	prompt_without	necessity	generated	10	localized	2	0,1	14.0	17.857142857142858	10.0	-19.37012591024277	2.750540497747139	-21.315051748128	-17.425200072357548	-21.49235223767953	3.1627859370897977	-23.72877962123717	-19.25592485412188	-19.488146406639693	2.799388630825651	-21.46761309067304	-17.508679722606352	-0.5105839951549085	0.0606647302702604	-0.5534804373078624	-0.4676875530019544	-0.5696360078863978	0.0666252894285637	-0.6167472018398517	-0.522524813932944	-0.5140135765783984	0.0611594892285267	-0.5572598661457954	-0.4707672870110015	-0.0034295814234899	0.0004947589582663	-0.0037794288379329	-0.003079734009047	-0.0034295814234899	0.0004947589582663	-0.0037794288379329	-0.003079734009047	0.0490276264897804	0.000331843558561	0.0487929776592288	0.049262275320332	0.7857142857142857	0.101015254455221	0.7142857142857143	0.8571428571428571	0.6785714285714286	0.0505076272276105	0.6428571428571429	0.7142857142857143	0.6696428571428571	0.0883883476483184	0.6071428571428571	0.7321428571428571	0.6785714285714286	-0.0018919137625371	0.0018919137625371	0.0226968960054734	localization/results/component_transfer_runs/20260729_llama3_instruct_nonexclusive_just_only_cross_patch/only_to_nonexclusive_just/component_patching/eval_summary.tsv	only_to_just	nonexclusive	cross	0.0034295814234899	0.003079734009047	0.0037794288379329	patched_minus_baseline
only_to_nonexclusive_just	resid	utterance_final	prompt_without	necessity	generated	1	localized	2	0,1	14.0	17.857142857142858	1.0	-19.37012591024277	2.750540497747139	-21.315051748128	-17.425200072357548	-21.49235223767953	3.1627859370897977	-23.72877962123717	-19.25592485412188	-19.58602820888419	2.806768047070572	-21.570712928185515	-17.601343489582867	-0.5105839951549085	0.0606647302702604	-0.5534804373078624	-0.4676875530019544	-0.5696360078863978	0.0666252894285637	-0.6167472018398517	-0.522524813932944	-0.5167393035018865	0.0608581527163288	-0.5597725159780891	-0.4737060910256838	-0.0061553083469779	0.0001934224460684	-0.0062920786702265	-0.0060185380237292	-0.0061553083469779	0.0001934224460684	-0.0062920786702265	-0.0060185380237292	0.1073426388329924	0.0006750386091727	0.1068653144548836	0.1078199632111012	0.9285714285714286	0.1010152544552211	0.8571428571428571	1.0	0.8214285714285714	0.0505076272276105	0.7857142857142857	0.8571428571428571	0.8035714285714286	0.0	0.8035714285714286	0.8035714285714286	0.8214285714285714	-0.0040424591853586	0.0040424591853586	0.0739833863995406	localization/results/component_transfer_runs/20260729_llama3_instruct_nonexclusive_just_only_cross_patch/only_to_nonexclusive_just/component_patching/eval_summary.tsv	only_to_just	nonexclusive	cross	0.0061553083469779	0.0060185380237292	0.0062920786702265	patched_minus_baseline
only_to_nonexclusive_just	resid	utterance_final	prompt_without	necessity	generated	3	localized	2	0,1	14.0	17.857142857142858	3.0	-19.37012591024277	2.750540497747139	-21.315051748128	-17.425200072357548	-21.49235223767953	3.1627859370897977	-23.72877962123717	-19.25592485412188	-19.641711953418067	2.8258632992376174	-21.639899055015174	-17.64352485182096	-0.5105839951549085	0.0606647302702604	-0.5534804373078624	-0.4676875530019544	-0.5696360078863978	0.0666252894285637	-0.6167472018398517	-0.522524813932944	-0.5184337449571266	0.0613488174986487	-0.561813909828197	-0.475053580086056	-0.007849749802218	0.0006840872283883	-0.0083334725203345	-0.0073660270841015	-0.007849749802218	0.0006840872283883	-0.0083334725203345	-0.0073660270841015	0.1308964696953342	0.0039179090978572	0.1281260896041668	0.1336668497865015	0.9285714285714286	0.1010152544552211	0.8571428571428571	1.0	0.8928571428571428	0.0505076272276105	0.8571428571428571	0.9285714285714286	0.875	0.0252538136138053	0.8571428571428571	0.8928571428571429	0.8928571428571429	-0.0051310885960468	0.0051310885960468	0.0891699417808302	localization/results/component_transfer_runs/20260729_llama3_instruct_nonexclusive_just_only_cross_patch/only_to_nonexclusive_just/component_patching/eval_summary.tsv	only_to_just	nonexclusive	cross	0.007849749802218	0.0073660270841015	0.0083334725203345	patched_minus_baseline
only_to_nonexclusive_just	resid	utterance_final	prompt_without	necessity	generated	5	localized	2	0,1	14.0	17.857142857142858	5.0	-19.37012591024277	2.750540497747139	-21.315051748128	-17.425200072357548	-21.49235223767953	3.1627859370897977	-23.72877962123717	-19.25592485412188	-19.7234634138732	2.830340613278124	-21.72481645458985	-17.722110373156543	-0.5105839951549085	0.0606647302702604	-0.5534804373078624	-0.4676875530019544	-0.5696360078863978	0.0666252894285637	-0.6167472018398517	-0.522524813932944	-0.5207341697948885	0.0617038859188019	-0.5643654059536345	-0.4771029336361426	-0.0101501746399801	0.0010391556485414	-0.0108849686457721	-0.0094153806341881	-0.0101501746399801	0.0010391556485414	-0.0108849686457721	-0.0094153806341881	0.1681344786106365	0.0023339072597416	0.1664841569606127	0.1697848002606603	1.0	0.0	1.0	1.0	0.9642857142857144	0.0505076272276105	0.9285714285714286	1.0	0.8928571428571429	0.0	0.8928571428571429	0.8928571428571429	0.9642857142857144	-0.0055857106107974	0.0055857106107974	0.0944116925740591	localization/results/component_transfer_runs/20260729_llama3_instruct_nonexclusive_just_only_cross_patch/only_to_nonexclusive_just/component_patching/eval_summary.tsv	only_to_just	nonexclusive	cross	0.0101501746399801	0.0094153806341881	0.0108849686457721	patched_minus_baseline
only_to_nonexclusive_just	resid	utterance_final	prompt_without	necessity	generated	10	localized	2	0,1	14.0	17.857142857142858	10.0	-19.37012591024277	2.750540497747139	-21.315051748128	-17.425200072357548	-21.49235223767953	3.1627859370897977	-23.72877962123717	-19.25592485412188	-19.85071552396409	2.900387468698382	-21.9015991711492	-17.799831876778978	-0.5105839951549085	0.0606647302702604	-0.5534804373078624	-0.4676875530019544	-0.5696360078863978	0.0666252894285637	-0.6167472018398517	-0.522524813932944	-0.5243336606302461	0.0634177216046806	-0.5691767616243164	-0.4794905596361759	-0.0137496654753375	0.00275299133442	-0.0156963243164538	-0.0118030066342213	-0.0137496654753375	0.00275299133442	-0.0156963243164538	-0.0118030066342213	0.2185394840322456	0.0067231363062061	0.2137855087592857	0.2232934593052054	1.0	0.0	1.0	1.0	0.9642857142857144	0.0505076272276105	0.9285714285714286	1.0	0.9732142857142856	0.0378807204207079	0.9464285714285714	1.0	0.9642857142857144	-0.0120218269432212	0.0120218269432212	0.1869135958577334	localization/results/component_transfer_runs/20260729_llama3_instruct_nonexclusive_just_only_cross_patch/only_to_nonexclusive_just/component_patching/eval_summary.tsv	only_to_just	nonexclusive	cross	0.0137496654753375	0.0118030066342213	0.0156963243164538	patched_minus_baseline
only_to_nonexclusive_just	attn	utterance_final	prompt_without	necessity	generated	1	random_mean	2	0,1	14.0	17.857142857142858	1.0	-19.37012591024277	2.750540497747139	-21.315051748128	-17.425200072357548	-21.49235223767953	3.1627859370897977	-23.72877962123717	-19.25592485412188	-19.38126994667756	2.7547681112567344	-21.32918515874365	-17.43335473461146	-0.5105839951549085	0.0606647302702604	-0.5534804373078624	-0.4676875530019544	-0.5696360078863978	0.0666252894285637	-0.6167472018398517	-0.522524813932944	-0.5108476333878371	0.060670871488482	-0.5537484180378404	-0.4679468487378339	-0.0002636382329286	6.141218221561471e-06	-0.0002679807299778	-0.0002592957358794	-0.0002636382329286	6.141218221561471e-06	-0.0002679807299778	-0.0002592957358794	0.0046079837903744	0.0018735200305215	0.0032832050721038	0.005932762508645	0.8571428571428571	0.0	0.8571428571428571	0.8571428571428571													localization/results/component_transfer_runs/20260729_llama3_instruct_nonexclusive_just_only_cross_patch/only_to_nonexclusive_just/component_patching/eval_summary.tsv	only_to_just	nonexclusive	random	0.0002636382329286	0.0002592957358794	0.0002679807299778	patched_minus_baseline
only_to_nonexclusive_just	attn	utterance_final	prompt_without	necessity	generated	3	random_mean	2	0,1	14.0	17.857142857142858	3.0	-19.37012591024277	2.750540497747139	-21.315051748128	-17.425200072357548	-21.49235223767953	3.1627859370897977	-23.72877962123717	-19.25592485412188	-19.387486367647696	2.7568494870812983	-21.336873334673538	-17.438099400621855	-0.5105839951549085	0.0606647302702604	-0.5534804373078624	-0.4676875530019544	-0.5696360078863978	0.0666252894285637	-0.6167472018398517	-0.522524813932944	-0.5110201328561117	0.0608397082369834	-0.5540403031158938	-0.4679999625963297	-0.0004361377012032	0.0001749779667228	-0.0005598658080312	-0.0003124095943752	-0.0004361377012032	0.0001749779667228	-0.0005598658080312	-0.0003124095943752	0.0075429539589142	0.0002959768521688	0.0073336667196713	0.007752241198157	0.7857142857142858	0.2020305089104421	0.6428571428571429	0.9285714285714286													localization/results/component_transfer_runs/20260729_llama3_instruct_nonexclusive_just_only_cross_patch/only_to_nonexclusive_just/component_patching/eval_summary.tsv	only_to_just	nonexclusive	random	0.0004361377012032	0.0003124095943752	0.0005598658080312	patched_minus_baseline
only_to_nonexclusive_just	attn	utterance_final	prompt_without	necessity	generated	5	random_mean	2	0,1	14.0	17.857142857142858	5.0	-19.37012591024277	2.750540497747139	-21.315051748128	-17.425200072357548	-21.49235223767953	3.1627859370897977	-23.72877962123717	-19.25592485412188	-19.399146822758453	2.7684692120418197	-21.356750176099403	-17.441543469417507	-0.5105839951549085	0.0606647302702604	-0.5534804373078624	-0.4676875530019544	-0.5696360078863978	0.0666252894285637	-0.6167472018398517	-0.522524813932944	-0.5112802143681959	0.0611402065194522	-0.5545128690012465	-0.4680475597351453	-0.0006962192132873	0.0004754762491917	-0.0010324316933839	-0.0003600067331907	-0.0006962192132873	0.0004754762491917	-0.0010324316933839	-0.0003600067331907	0.0138202448660464	0.0050131591182246	0.0102754060583826	0.0173650836737103	0.75	0.2525381361380527	0.5714285714285714	0.9285714285714286													localization/results/component_transfer_runs/20260729_llama3_instruct_nonexclusive_just_only_cross_patch/only_to_nonexclusive_just/component_patching/eval_summary.tsv	only_to_just	nonexclusive	random	0.0006962192132873	0.0003600067331907	0.0010324316933839	patched_minus_baseline
only_to_nonexclusive_just	attn	utterance_final	prompt_without	necessity	generated	10	random_mean	2	0,1	14.0	17.857142857142858	10.0	-19.37012591024277	2.750540497747139	-21.315051748128	-17.425200072357548	-21.49235223767953	3.1627859370897977	-23.72877962123717	-19.25592485412188	-19.390465396464705	2.763019142960756	-21.3442149690005	-17.436715823928914	-0.5105839951549085	0.0606647302702604	-0.5534804373078624	-0.4676875530019544	-0.5696360078863978	0.0666252894285637	-0.6167472018398517	-0.522524813932944	-0.5110352038077237	0.0609771432636044	-0.554152555306802	-0.4679178523086453	-0.000451208652815	0.0003124129933438	-0.0006721179989393	-0.0002302993066908	-0.000451208652815	0.0003124129933438	-0.0006721179989393	-0.0002302993066908	0.0100939896343679	0.0047020735196933	0.006769121562955	0.0134188577057808	0.8214285714285714	0.0505076272276105	0.7857142857142857	0.8571428571428571													localization/results/component_transfer_runs/20260729_llama3_instruct_nonexclusive_just_only_cross_patch/only_to_nonexclusive_just/component_patching/eval_summary.tsv	only_to_just	nonexclusive	random	0.000451208652815	0.0002302993066908	0.0006721179989393	patched_minus_baseline
only_to_nonexclusive_just	mlp	utterance_final	prompt_without	necessity	generated	1	random_mean	2	0,1	14.0	17.857142857142858	1.0	-19.37012591024277	2.750540497747139	-21.315051748128	-17.425200072357548	-21.49235223767953	3.1627859370897977	-23.72877962123717	-19.25592485412188	-19.37934897432944	2.750681379614852	-21.32437443073867	-17.43432351792021	-0.5105839951549085	0.0606647302702604	-0.5534804373078624	-0.4676875530019544	-0.5696360078863978	0.0666252894285637	-0.6167472018398517	-0.522524813932944	-0.5108451329933492	0.0605412906327923	-0.5536542901415823	-0.4680359758451161	-0.0002611378384406	0.0001234396374681	-0.0003484228431616	-0.0001738528337197	-0.0002611378384406	0.0001234396374681	-0.0003484228431616	-0.0001738528337197	0.0041306042327157	0.0015148374557395	0.0030594523953669	0.0052017560700646	0.6071428571428572	0.0505076272276105	0.5714285714285714	0.6428571428571429													localization/results/component_transfer_runs/20260729_llama3_instruct_nonexclusive_just_only_cross_patch/only_to_nonexclusive_just/component_patching/eval_summary.tsv	only_to_just	nonexclusive	random	0.0002611378384406	0.0001738528337197	0.0003484228431616	patched_minus_baseline
only_to_nonexclusive_just	mlp	utterance_final	prompt_without	necessity	generated	3	random_mean	2	0,1	14.0	17.857142857142858	3.0	-19.37012591024277	2.750540497747139	-21.315051748128	-17.425200072357548	-21.49235223767953	3.1627859370897977	-23.72877962123717	-19.25592485412188	-19.389173543256103	2.7442826973525505	-21.329674448047	-17.448672638465204	-0.5105839951549085	0.0606647302702604	-0.5534804373078624	-0.4676875530019544	-0.5696360078863978	0.0666252894285637	-0.6167472018398517	-0.522524813932944	-0.5112665831517023	0.0603840048783534	-0.5539645224763876	-0.4685686438270169	-0.0006825879967937	0.000280725391907	-0.0008810908250625	-0.000484085168525	-0.0006825879967937	0.000280725391907	-0.0008810908250625	-0.000484085168525	0.0106834862833167	0.0124577874136836	0.0018745003245205	0.0194924722421128	0.7142857142857143	0.101015254455221	0.6428571428571429	0.7857142857142857													localization/results/component_transfer_runs/20260729_llama3_instruct_nonexclusive_just_only_cross_patch/only_to_nonexclusive_just/component_patching/eval_summary.tsv	only_to_just	nonexclusive	random	0.0006825879967937	0.000484085168525	0.0008810908250625	patched_minus_baseline
only_to_nonexclusive_just	mlp	utterance_final	prompt_without	necessity	generated	5	random_mean	2	0,1	14.0	17.857142857142858	5.0	-19.37012591024277	2.750540497747139	-21.315051748128	-17.425200072357548	-21.49235223767953	3.1627859370897977	-23.72877962123717	-19.25592485412188	-19.39474261329643	2.762795595326629	-21.34833411378421	-17.441151112808644	-0.5105839951549085	0.0606647302702604	-0.5534804373078624	-0.4676875530019544	-0.5696360078863978	0.0666252894285637	-0.6167472018398517	-0.522524813932944	-0.5113449456842283	0.060739423843322	-0.5542942041692052	-0.4683956871992513	-0.0007609505293197	7.469357306154614e-05	-0.0008137668613425	-0.0007081341972968	-0.0007609505293197	7.469357306154614e-05	-0.0008137668613425	-0.0007081341972968	0.0106323376671898	0.0002743159488864	0.0104383669995446	0.010826308334835	0.75	0.0505076272276105	0.7142857142857143	0.7857142857142857													localization/results/component_transfer_runs/20260729_llama3_instruct_nonexclusive_just_only_cross_patch/only_to_nonexclusive_just/component_patching/eval_summary.tsv	only_to_just	nonexclusive	random	0.0007609505293197	0.0007081341972968	0.0008137668613425	patched_minus_baseline
only_to_nonexclusive_just	mlp	utterance_final	prompt_without	necessity	generated	10	random_mean	2	0,1	14.0	17.857142857142858	10.0	-19.37012591024277	2.750540497747139	-21.315051748128	-17.425200072357548	-21.49235223767953	3.1627859370897977	-23.72877962123717	-19.25592485412188	-19.419339440272147	2.763624899810827	-21.37351734758437	-17.465161532959918	-0.5105839951549085	0.0606647302702604	-0.5534804373078624	-0.4676875530019544	-0.5696360078863978	0.0666252894285637	-0.6167472018398517	-0.522524813932944	-0.5121216628158614	0.0606417442762909	-0.5550018514166072	-0.4692414742151155	-0.0015376676609528	2.298599396958786e-05	-0.001553921213161	-0.0015214141087446	-0.0015376676609528	2.298599396958786e-05	-0.001553921213161	-0.0015214141087446	0.0263307304843069	0.0055070596692703	0.0224366512477669	0.0302248097208469	0.7857142857142857	0.0	0.7857142857142857	0.7857142857142857													localization/results/component_transfer_runs/20260729_llama3_instruct_nonexclusive_just_only_cross_patch/only_to_nonexclusive_just/component_patching/eval_summary.tsv	only_to_just	nonexclusive	random	0.0015376676609528	0.0015214141087446	0.001553921213161	patched_minus_baseline
only_to_nonexclusive_just	resid	utterance_final	prompt_without	necessity	generated	1	random_mean	2	0,1	14.0	17.857142857142858	1.0	-19.37012591024277	2.750540497747139	-21.315051748128	-17.425200072357548	-21.49235223767953	3.1627859370897977	-23.72877962123717	-19.25592485412188	-19.452966352390817	2.832629932463796	-21.45593818622796	-17.449994518553677	-0.5105839951549085	0.0606647302702604	-0.5534804373078624	-0.4676875530019544	-0.5696360078863978	0.0666252894285637	-0.6167472018398517	-0.522524813932944	-0.5126968443165277	0.0627128621442867	-0.55704153440637	-0.4683521542266854	-0.0021128491616192	0.0020481318740262	-0.0035610970985075	-0.000664601224731	-0.0021128491616192	0.0020481318740262	-0.0035610970985075	-0.000664601224731	0.0333592524334518	0.0280130334732993	0.0135510465028761	0.0531674583640275	0.9285714285714286	0.1010152544552211	0.8571428571428571	1.0													localization/results/component_transfer_runs/20260729_llama3_instruct_nonexclusive_just_only_cross_patch/only_to_nonexclusive_just/component_patching/eval_summary.tsv	only_to_just	nonexclusive	random	0.0021128491616192	0.000664601224731	0.0035610970985075	patched_minus_baseline
only_to_nonexclusive_just	resid	utterance_final	prompt_without	necessity	generated	3	random_mean	2	0,1	14.0	17.857142857142858	3.0	-19.37012591024277	2.750540497747139	-21.315051748128	-17.425200072357548	-21.49235223767953	3.1627859370897977	-23.72877962123717	-19.25592485412188	-19.47050166185035	2.805098134781244	-21.454005574847905	-17.486997748852797	-0.5105839951549085	0.0606647302702604	-0.5534804373078624	-0.4676875530019544	-0.5696360078863978	0.0666252894285637	-0.6167472018398517	-0.522524813932944	-0.5133026563610797	0.0616459207681393	-0.5568929049687197	-0.4697124077534397	-0.0027186612061711	0.0009811904978788	-0.0034124676608571	-0.0020248547514852	-0.0027186612061711	0.0009811904978788	-0.0034124676608571	-0.0020248547514852	0.041726527914504	0.0062989253558925	0.0372725150811645	0.0461805407478435	0.9642857142857144	0.0505076272276105	0.9285714285714286	1.0													localization/results/component_transfer_runs/20260729_llama3_instruct_nonexclusive_just_only_cross_patch/only_to_nonexclusive_just/component_patching/eval_summary.tsv	only_to_just	nonexclusive	random	0.0027186612061711	0.0020248547514852	0.0034124676608571	patched_minus_baseline
only_to_nonexclusive_just	resid	utterance_final	prompt_without	necessity	generated	5	random_mean	2	0,1	14.0	17.857142857142858	5.0	-19.37012591024277	2.750540497747139	-21.315051748128	-17.425200072357548	-21.49235223767953	3.1627859370897977	-23.72877962123717	-19.25592485412188	-19.52568964064602	2.7523638680656584	-21.471904796048083	-17.579474485243956	-0.5105839951549085	0.0606647302702604	-0.5534804373078624	-0.4676875530019544	-0.5696360078863978	0.0666252894285637	-0.6167472018398517	-0.522524813932944	-0.5151484591840911	0.0596578021392642	-0.5573328956274503	-0.4729640227407321	-0.0045644640291826	0.0010069281309963	-0.0052764697387776	-0.0038524583195876	-0.0045644640291826	0.0010069281309963	-0.0052764697387776	-0.0038524583195876	0.0737227860365773	0.0276292895003861	0.054185928071488	0.0932596440016666	0.9642857142857144	0.0505076272276105	0.9285714285714286	1.0													localization/results/component_transfer_runs/20260729_llama3_instruct_nonexclusive_just_only_cross_patch/only_to_nonexclusive_just/component_patching/eval_summary.tsv	only_to_just	nonexclusive	random	0.0045644640291826	0.0038524583195876	0.0052764697387776	patched_minus_baseline
only_to_nonexclusive_just	resid	utterance_final	prompt_without	necessity	generated	10	random_mean	2	0,1	14.0	17.857142857142858	10.0	-19.37012591024277	2.750540497747139	-21.315051748128	-17.425200072357548	-21.49235223767953	3.1627859370897977	-23.72877962123717	-19.25592485412188	-19.4363077106066	2.752884433314632	-21.382890961226263	-17.489724459986938	-0.5105839951549085	0.0606647302702604	-0.5534804373078624	-0.4676875530019544	-0.5696360078863978	0.0666252894285637	-0.6167472018398517	-0.522524813932944	-0.5123118336870249	0.0603882860307671	-0.5550128002436132	-0.4696108671304365	-0.0017278385321163	0.0002764442394932	-0.001923314128482	-0.0015323629357506	-0.0017278385321163	0.0002764442394932	-0.001923314128482	-0.0015323629357506	0.0316258881745121	0.0157855072293638	0.0204638489681596	0.0427879273808646	0.9642857142857144	0.0505076272276105	0.9285714285714286	1.0													localization/results/component_transfer_runs/20260729_llama3_instruct_nonexclusive_just_only_cross_patch/only_to_nonexclusive_just/component_patching/eval_summary.tsv	only_to_just	nonexclusive	random	0.0017278385321163	0.0015323629357506	0.001923314128482	patched_minus_baseline
