particle	component	position_label	corruption_mode	eval_mode	target_type	top_k	site_set_type	n_folds	train_folds	mean_items_per_fold	mean_member_targets_per_item	mean_selected_sites	baseline_log_prob_mean	baseline_log_prob_mean_sd	baseline_log_prob_mean_ci_low	baseline_log_prob_mean_ci_high	reference_log_prob_mean	reference_log_prob_mean_sd	reference_log_prob_mean_ci_low	reference_log_prob_mean_ci_high	patched_log_prob_mean	patched_log_prob_mean_sd	patched_log_prob_mean_ci_low	patched_log_prob_mean_ci_high	baseline_log_prob_per_token_mean	baseline_log_prob_per_token_mean_sd	baseline_log_prob_per_token_mean_ci_low	baseline_log_prob_per_token_mean_ci_high	reference_log_prob_per_token_mean	reference_log_prob_per_token_mean_sd	reference_log_prob_per_token_mean_ci_low	reference_log_prob_per_token_mean_ci_high	patched_log_prob_per_token_mean	patched_log_prob_per_token_mean_sd	patched_log_prob_per_token_mean_ci_low	patched_log_prob_per_token_mean_ci_high	patched_metric_change_mean	patched_metric_change_mean_sd	patched_metric_change_mean_ci_low	patched_metric_change_mean_ci_high	effect_score_mean	effect_score_mean_sd	effect_score_mean_ci_low	effect_score_mean_ci_high	normalized_effect_mean	normalized_effect_mean_sd	normalized_effect_mean_ci_low	normalized_effect_mean_ci_high	effect_positive_fraction	effect_positive_fraction_sd	effect_positive_fraction_ci_low	effect_positive_fraction_ci_high	localized_stronger_than_random_mean_fraction	localized_stronger_than_random_mean_fraction_sd	localized_stronger_than_random_mean_fraction_ci_low	localized_stronger_than_random_mean_fraction_ci_high	localized_random_cdf_mean	localized_random_cdf_mean_sd	localized_random_cdf_mean_ci_low	localized_random_cdf_mean_ci_high	localized_stronger_than_random_mean_fraction_items	patched_metric_change_localized_minus_random_mean_mean	effect_score_localized_minus_random_mean_mean	normalized_effect_localized_minus_random_mean_mean	source_path	direction	group	condition	effect_score_original_mean	effect_score_original_ci_low	effect_score_original_ci_high	metric_sign_convention
exclusive_just_to_only	attn	utterance_final	prompt_without	necessity	gold	1	localized	2	0,1	16.0	1.0	1.0	-43.67050053551793	2.533402151254396	-45.4618863761425	-41.87911469489336	-43.570502191782	2.392934486529492	-45.26256239414215	-41.87844198942184	-43.69996623322368	2.5684712689581435	-45.5161496847868	-41.88378278166056	-3.59018950163093	0.3020243994083353	-3.803753002536358	-3.376626000725502	-3.5854699362896856	0.297660748656405	-3.7959478701576943	-3.3749920024216773	-3.5942554502505204	0.3003877009604836	-3.806661630584715	-3.3818492699163256	-0.00406594861959	0.0016366984478515	-0.0052232691908234	-0.0029086280483567	-0.00406594861959	0.0016366984478515	-0.0052232691908234	-0.0029086280483567	-2570.960531542349	3417.991079704126	-4987.845202036266	-154.07586104843233	0.46875	0.0441941738241592	0.4375	0.5	0.5	0.0	0.5	0.5	0.5	0.0441941738241592	0.46875	0.53125	0.5	-0.0049550873333426	0.0049550873333426	-1312.045343174613	localization/results/component_transfer_runs/20260728_llama3_instruct_exclusive_just_only_cross_patch/exclusive_just_to_only/component_patching/eval_summary.tsv	just_to_only	exclusive	cross	0.00406594861959	0.0029086280483567	0.0052232691908234	patched_minus_baseline
exclusive_just_to_only	attn	utterance_final	prompt_without	necessity	gold	3	localized	2	0,1	16.0	1.0	3.0	-43.67050053551793	2.533402151254396	-45.4618863761425	-41.87911469489336	-43.570502191782	2.392934486529492	-45.26256239414215	-41.87844198942184	-43.719368785619736	2.604678535964147	-45.56115464121103	-41.87758293002844	-3.59018950163093	0.3020243994083353	-3.803753002536358	-3.376626000725502	-3.5854699362896856	0.297660748656405	-3.7959478701576943	-3.3749920024216773	-3.596600529205848	0.3025769369814551	-3.8105547331760894	-3.3826463252356063	-0.0064110275749177	0.0005525375731198	-0.0068017306397312	-0.0060203245101043	-0.0064110275749177	0.0005525375731198	-0.0068017306397312	-0.0060203245101043	-4228.163760601704	7601.614842332131	-9603.317163583062	1146.9896423796538	0.53125	0.0441941738241592	0.5	0.5625	0.53125	0.0441941738241592	0.5	0.5625	0.515625	0.0662912607362388	0.46875	0.5625	0.53125	-0.0095775752064312	0.0095775752064312	-1065.4872513908415	localization/results/component_transfer_runs/20260728_llama3_instruct_exclusive_just_only_cross_patch/exclusive_just_to_only/component_patching/eval_summary.tsv	just_to_only	exclusive	cross	0.0064110275749177	0.0060203245101043	0.0068017306397312	patched_minus_baseline
exclusive_just_to_only	attn	utterance_final	prompt_without	necessity	gold	5	localized	2	0,1	16.0	1.0	5.0	-43.67050053551793	2.533402151254396	-45.4618863761425	-41.87911469489336	-43.570502191782	2.392934486529492	-45.26256239414215	-41.87844198942184	-43.72200426459312	2.5632868852215838	-45.53452180325985	-41.9094867259264	-3.59018950163093	0.3020243994083353	-3.803753002536358	-3.376626000725502	-3.5854699362896856	0.297660748656405	-3.7959478701576943	-3.3749920024216773	-3.5975240915421267	0.3073350632652448	-3.814842798873378	-3.380205384210876	-0.0073345899111968	0.0053106638569093	-0.0110897963370197	-0.0035793834853739	-0.0073345899111968	0.0053106638569093	-0.0110897963370197	-0.0035793834853739	-9655.609310485896	10640.08097855066	-17179.28272279306	-2131.935898178728	0.53125	0.1325825214724776	0.4375	0.625	0.53125	0.2209708691207961	0.375	0.6875	0.546875	0.1546796083845572	0.4375	0.65625	0.53125	-0.0127789055266629	0.0127789055266629	-2561.7320147291366	localization/results/component_transfer_runs/20260728_llama3_instruct_exclusive_just_only_cross_patch/exclusive_just_to_only/component_patching/eval_summary.tsv	just_to_only	exclusive	cross	0.0073345899111968	0.0035793834853739	0.0110897963370197	patched_minus_baseline
exclusive_just_to_only	attn	utterance_final	prompt_without	necessity	gold	10	localized	2	0,1	16.0	1.0	10.0	-43.67050053551793	2.533402151254396	-45.4618863761425	-41.87911469489336	-43.570502191782	2.392934486529492	-45.26256239414215	-41.87844198942184	-43.74756236001849	2.415557497622359	-45.45561944693327	-42.039505273103714	-3.59018950163093	0.3020243994083353	-3.803753002536358	-3.376626000725502	-3.5854699362896856	0.297660748656405	-3.7959478701576943	-3.3749920024216773	-3.6003439795157397	0.3160667205739782	-3.823836900940993	-3.3768510580904856	-0.0101544778848089	0.0140423211656427	-0.0200838984046342	-0.0002250573649835	-0.0101544778848089	0.0140423211656427	-0.0200838984046342	-0.0002250573649835	-30658.39595221245	891.2309386064247	-31288.591392504302	-30028.200511920597	0.4375	0.0883883476483184	0.375	0.5	0.46875	0.0441941738241592	0.4375	0.5	0.4765625	0.0331456303681194	0.453125	0.5	0.46875	-0.0145963259793646	0.0145963259793646	-25694.367137547124	localization/results/component_transfer_runs/20260728_llama3_instruct_exclusive_just_only_cross_patch/exclusive_just_to_only/component_patching/eval_summary.tsv	just_to_only	exclusive	cross	0.0101544778848089	0.0002250573649835	0.0200838984046342	patched_minus_baseline
exclusive_just_to_only	mlp	utterance_final	prompt_without	necessity	gold	1	localized	2	0,1	16.0	1.0	1.0	-43.67050053551793	2.533402151254396	-45.4618863761425	-41.87911469489336	-43.570502191782	2.392934486529492	-45.26256239414215	-41.87844198942184	-43.645694859325886	2.554004189351029	-45.45164854079485	-41.83974117785692	-3.59018950163093	0.3020243994083353	-3.803753002536358	-3.376626000725502	-3.5854699362896856	0.297660748656405	-3.7959478701576943	-3.3749920024216773	-3.586736433452748	0.2988777489743804	-3.798074916498303	-3.375397950407193	0.0034530681781818	0.0031466504339549	0.0012280503183087	0.005678086038055	0.0034530681781818	0.0031466504339549	0.0012280503183087	0.005678086038055	-9042.529371803175	1308.343105197735	-9967.667653607155	-8117.391089999191	0.46875	0.0441941738241592	0.4375	0.5	0.375	0.0	0.375	0.375	0.3984375	0.055242717280199	0.359375	0.4375	0.375	0.0040555081321327	-0.0040555081321327	-9889.691818664704	localization/results/component_transfer_runs/20260728_llama3_instruct_exclusive_just_only_cross_patch/exclusive_just_to_only/component_patching/eval_summary.tsv	just_to_only	exclusive	cross	-0.0034530681781818	-0.005678086038055	-0.0012280503183087	patched_minus_baseline
exclusive_just_to_only	mlp	utterance_final	prompt_without	necessity	gold	3	localized	2	0,1	16.0	1.0	3.0	-43.67050053551793	2.533402151254396	-45.4618863761425	-41.87911469489336	-43.570502191782	2.392934486529492	-45.26256239414215	-41.87844198942184	-43.72543402388692	2.5162443588864294	-45.50468747317791	-41.94618057459593	-3.59018950163093	0.3020243994083353	-3.803753002536358	-3.376626000725502	-3.5854699362896856	0.297660748656405	-3.7959478701576943	-3.3749920024216773	-3.5939785545761587	0.3088307726185879	-3.812354888133843	-3.3756022210184744	-0.0037890529452287	0.0068063732102527	-0.0086018855974849	0.0010237797070273	-0.0037890529452287	0.0068063732102527	-0.0086018855974849	0.0010237797070273	-11037.364210774227	1402.7969210658043	-12029.291426287467	-10045.436995260989	0.5	0.0883883476483184	0.4375	0.5625	0.46875	0.0441941738241592	0.4375	0.5	0.4765625	0.055242717280199	0.4375	0.515625	0.46875	-0.0035780659464557	0.0035780659464557	-10180.905058657028	localization/results/component_transfer_runs/20260728_llama3_instruct_exclusive_just_only_cross_patch/exclusive_just_to_only/component_patching/eval_summary.tsv	just_to_only	exclusive	cross	0.0037890529452287	-0.0010237797070273	0.0086018855974849	patched_minus_baseline
exclusive_just_to_only	mlp	utterance_final	prompt_without	necessity	gold	5	localized	2	0,1	16.0	1.0	5.0	-43.67050053551793	2.533402151254396	-45.4618863761425	-41.87911469489336	-43.570502191782	2.392934486529492	-45.26256239414215	-41.87844198942184	-43.669812981039286	2.5186471717934595	-45.45076547563076	-41.88886048644781	-3.59018950163093	0.3020243994083353	-3.803753002536358	-3.376626000725502	-3.5854699362896856	0.297660748656405	-3.7959478701576943	-3.3749920024216773	-3.5886534599596587	0.3075165184795433	-3.8061004755034222	-3.371206444415896	0.0015360416712714	0.0054921190712077	-0.0023474729670635	0.0054195563096064	0.0015360416712714	0.0054921190712077	-0.0023474729670635	0.0054195563096064	-10714.118575496355	1164.295947892624	-11537.40013555925	-9890.837015433464	0.40625	0.0441941738241592	0.375	0.4375	0.34375	0.0441941738241592	0.3125	0.375	0.40625	0.0662912607362388	0.359375	0.453125	0.34375	0.0061227672716797	-0.0061227672716797	-13093.27273416088	localization/results/component_transfer_runs/20260728_llama3_instruct_exclusive_just_only_cross_patch/exclusive_just_to_only/component_patching/eval_summary.tsv	just_to_only	exclusive	cross	-0.0015360416712714	-0.0054195563096064	0.0023474729670635	patched_minus_baseline
exclusive_just_to_only	mlp	utterance_final	prompt_without	necessity	gold	10	localized	2	0,1	16.0	1.0	10.0	-43.67050053551793	2.533402151254396	-45.4618863761425	-41.87911469489336	-43.570502191782	2.392934486529492	-45.26256239414215	-41.87844198942184	-43.63187746331096	2.367352039638024	-45.30584814399481	-41.95790678262711	-3.59018950163093	0.3020243994083353	-3.803753002536358	-3.376626000725502	-3.5854699362896856	0.297660748656405	-3.7959478701576943	-3.3749920024216773	-3.5904281293164018	0.3233325039466096	-3.819058735435076	-3.361797523197728	-0.0002386276854714	0.021308104538274	-0.0153057328987168	0.0148284775277739	-0.0002386276854714	0.021308104538274	-0.0153057328987168	0.0148284775277739	-22846.87843422314	1574.9395891951774	-23960.528897702206	-21733.22797074408	0.375	0.0	0.375	0.375	0.4375	0.0	0.4375	0.4375	0.421875	0.0220970869120796	0.40625	0.4375	0.4375	0.004149911683139	-0.004149911683139	-25063.657143623983	localization/results/component_transfer_runs/20260728_llama3_instruct_exclusive_just_only_cross_patch/exclusive_just_to_only/component_patching/eval_summary.tsv	just_to_only	exclusive	cross	0.0002386276854714	-0.0148284775277739	0.0153057328987168	patched_minus_baseline
exclusive_just_to_only	resid	utterance_final	prompt_without	necessity	gold	1	localized	2	0,1	16.0	1.0	1.0	-43.67050053551793	2.533402151254396	-45.4618863761425	-41.87911469489336	-43.570502191782	2.392934486529492	-45.26256239414215	-41.87844198942184	-43.6794774197042	2.5630271394625668	-45.49181129038334	-41.86714354902506	-3.59018950163093	0.3020243994083353	-3.803753002536358	-3.376626000725502	-3.5854699362896856	0.297660748656405	-3.7959478701576943	-3.3749920024216773	-3.5951437302507685	0.3065044452466578	-3.811875101948501	-3.378412358553036	-0.0049542286198379	0.0044800458383222	-0.0081220994121422	-0.0017863578275337	-0.0049542286198379	0.0044800458383222	-0.0081220994121422	-0.0017863578275337	-20489.74838746856	6319.633032935402	-24958.403759667686	-16021.093015269424	0.46875	0.0441941738241592	0.4375	0.5	0.4375	0.0	0.4375	0.4375	0.4609375	0.0331456303681194	0.4375	0.484375	0.4375	-0.0043672267849061	0.0043672267849061	-17509.897142969963	localization/results/component_transfer_runs/20260728_llama3_instruct_exclusive_just_only_cross_patch/exclusive_just_to_only/component_patching/eval_summary.tsv	just_to_only	exclusive	cross	0.0049542286198379	0.0017863578275337	0.0081220994121422	patched_minus_baseline
exclusive_just_to_only	resid	utterance_final	prompt_without	necessity	gold	3	localized	2	0,1	16.0	1.0	3.0	-43.67050053551793	2.533402151254396	-45.4618863761425	-41.87911469489336	-43.570502191782	2.392934486529492	-45.26256239414215	-41.87844198942184	-43.6822947524488	2.5474148720294947	-45.48358908295632	-41.88100042194128	-3.59018950163093	0.3020243994083353	-3.803753002536358	-3.376626000725502	-3.5854699362896856	0.297660748656405	-3.7959478701576943	-3.3749920024216773	-3.59795553736564	0.3060183972800561	-3.814343221250206	-3.381567853481073	-0.0077660357347094	0.0039939978717204	-0.0105902187138476	-0.0049418527555712	-0.0077660357347094	0.0039939978717204	-0.0105902187138476	-0.0049418527555712	-22247.4628001998	2150.7666126969234	-23768.284456787416	-20726.641143612185	0.4375	0.0	0.4375	0.4375	0.625	0.0	0.625	0.625	0.578125	0.0441941738241592	0.546875	0.609375	0.625	-0.0118064168996503	0.0118064168996503	-4473.9471025439525	localization/results/component_transfer_runs/20260728_llama3_instruct_exclusive_just_only_cross_patch/exclusive_just_to_only/component_patching/eval_summary.tsv	just_to_only	exclusive	cross	0.0077660357347094	0.0049418527555712	0.0105902187138476	patched_minus_baseline
exclusive_just_to_only	resid	utterance_final	prompt_without	necessity	gold	5	localized	2	0,1	16.0	1.0	5.0	-43.67050053551793	2.533402151254396	-45.4618863761425	-41.87911469489336	-43.570502191782	2.392934486529492	-45.26256239414215	-41.87844198942184	-43.70018558204174	2.469053085786168	-45.44606976211071	-41.95430140197277	-3.59018950163093	0.3020243994083353	-3.803753002536358	-3.376626000725502	-3.5854699362896856	0.297660748656405	-3.7959478701576943	-3.3749920024216773	-3.6002761256942875	0.3110963088256442	-3.820254435267005	-3.38029781612157	-0.0100866240633575	0.0090719094173092	-0.016501432730647	-0.0036718153960681	-0.0100866240633575	0.0090719094173092	-0.016501432730647	-0.0036718153960681	-27127.29819741565	4239.26248894774	-30124.90945058036	-24129.68694425094	0.46875	0.0441941738241592	0.4375	0.5	0.5	0.0883883476483184	0.4375	0.5625	0.5234375	0.0773398041922786	0.46875	0.578125	0.5	-0.0101051312062815	0.0101051312062815	-17744.170487439624	localization/results/component_transfer_runs/20260728_llama3_instruct_exclusive_just_only_cross_patch/exclusive_just_to_only/component_patching/eval_summary.tsv	just_to_only	exclusive	cross	0.0100866240633575	0.0036718153960681	0.016501432730647	patched_minus_baseline
exclusive_just_to_only	resid	utterance_final	prompt_without	necessity	gold	10	localized	2	0,1	16.0	1.0	10.0	-43.67050053551793	2.533402151254396	-45.4618863761425	-41.87911469489336	-43.570502191782	2.392934486529492	-45.26256239414215	-41.87844198942184	-43.74913379922509	2.36763943899802	-45.423307701945305	-42.07495989650488	-3.59018950163093	0.3020243994083353	-3.803753002536358	-3.376626000725502	-3.5854699362896856	0.297660748656405	-3.7959478701576943	-3.3749920024216773	-3.601656854001837	0.3148270836709212	-3.82427321976673	-3.379040488236944	-0.0114673523709071	0.0128026842625859	-0.0205202172303719	-0.0024144875114423	-0.0114673523709071	0.0128026842625859	-0.0205202172303719	-0.0024144875114423	-38065.24562739491	1412.9920995463228	-39064.38192274713	-37066.10933204269	0.40625	0.0441941738241592	0.375	0.4375	0.4375	0.0	0.4375	0.4375	0.4296875	0.0110485434560398	0.421875	0.4375	0.4375	-0.0202662874635234	0.0202662874635234	-29357.260394888603	localization/results/component_transfer_runs/20260728_llama3_instruct_exclusive_just_only_cross_patch/exclusive_just_to_only/component_patching/eval_summary.tsv	just_to_only	exclusive	cross	0.0114673523709071	0.0024144875114423	0.0205202172303719	patched_minus_baseline
exclusive_just_to_only	attn	utterance_final	prompt_without	necessity	gold	1	random_mean	2	0,1	16.0	1.0	1.0	-43.67050053551793	2.533402151254396	-45.4618863761425	-41.87911469489336	-43.570502191782	2.392934486529492	-45.26256239414215	-41.87844198942184	-43.66425906214863	2.546366291365769	-45.464811934158206	-41.863706190139055	-3.59018950163093	0.3020243994083353	-3.803753002536358	-3.376626000725502	-3.5854699362896856	0.297660748656405	-3.7959478701576943	-3.3749920024216773	-3.589300362917178	0.3003968128738453	-3.8017129863471	-3.3768877394872554	0.0008891387137525	0.0016275865344904	-0.0002617387617535	0.0020400161892586	0.0008891387137525	0.0016275865344904	-0.0002617387617535	0.0020400161892586	-1258.9151883677357	966.265586281056	-1942.1681368542652	-575.6622398812058	0.4375	0.1767766952966369	0.3125	0.5625													localization/results/component_transfer_runs/20260728_llama3_instruct_exclusive_just_only_cross_patch/exclusive_just_to_only/component_patching/eval_summary.tsv	just_to_only	exclusive	random	-0.0008891387137525	-0.0020400161892586	0.0002617387617535	patched_minus_baseline
exclusive_just_to_only	attn	utterance_final	prompt_without	necessity	gold	3	random_mean	2	0,1	16.0	1.0	3.0	-43.67050053551793	2.533402151254396	-45.4618863761425	-41.87911469489336	-43.570502191782	2.392934486529492	-45.26256239414215	-41.87844198942184	-43.641905820928514	2.5410676764988547	-45.4387120064348	-41.84509963542223	-3.59018950163093	0.3020243994083353	-3.803753002536358	-3.376626000725502	-3.5854699362896856	0.297660748656405	-3.7959478701576943	-3.3749920024216773	-3.5870229539994165	0.2999362981951511	-3.7991099443771983	-3.3749359636216347	0.0031665476315135	0.0020881012131845	0.0016900371038668	0.0046430581591601	0.0031665476315135	0.0020881012131845	0.0016900371038668	0.0046430581591601	-3162.6765092108635	334.12336029239344	-3398.9374030264507	-2926.415615395276	0.5	0.0883883476483184	0.4375	0.5625													localization/results/component_transfer_runs/20260728_llama3_instruct_exclusive_just_only_cross_patch/exclusive_just_to_only/component_patching/eval_summary.tsv	just_to_only	exclusive	random	-0.0031665476315135	-0.0046430581591601	-0.0016900371038668	patched_minus_baseline
exclusive_just_to_only	attn	utterance_final	prompt_without	necessity	gold	5	random_mean	2	0,1	16.0	1.0	5.0	-43.67050053551793	2.533402151254396	-45.4618863761425	-41.87911469489336	-43.570502191782	2.392934486529492	-45.26256239414215	-41.87844198942184	-43.619421006180346	2.558309504414396	-45.42841900512576	-41.81042300723493	-3.59018950163093	0.3020243994083353	-3.803753002536358	-3.376626000725502	-3.5854699362896856	0.297660748656405	-3.7959478701576943	-3.3749920024216773	-3.584745186015464	0.2974744741121347	-3.7950914038900567	-3.374398968140872	0.005444315615466	0.0045499252962006	0.0022270325846303	0.0086615986463017	0.005444315615466	0.0045499252962006	0.0022270325846303	0.0086615986463017	-7093.877295756758	1357.030491480634	-8053.442758559628	-6134.311832953888	0.40625	0.2209708691207961	0.25	0.5625													localization/results/component_transfer_runs/20260728_llama3_instruct_exclusive_just_only_cross_patch/exclusive_just_to_only/component_patching/eval_summary.tsv	just_to_only	exclusive	random	-0.005444315615466	-0.0086615986463017	-0.0022270325846303	patched_minus_baseline
exclusive_just_to_only	attn	utterance_final	prompt_without	necessity	gold	10	random_mean	2	0,1	16.0	1.0	10.0	-43.67050053551793	2.533402151254396	-45.4618863761425	-41.87911469489336	-43.570502191782	2.392934486529492	-45.26256239414215	-41.87844198942184	-43.60890197567642	2.523216272127855	-45.393085312098265	-41.82471863925457	-3.59018950163093	0.3020243994083353	-3.803753002536358	-3.376626000725502	-3.5854699362896856	0.297660748656405	-3.7959478701576943	-3.3749920024216773	-3.5857476535363744	0.300443533241625	-3.798193313255173	-3.3733019938175755	0.0044418480945556	0.0015808661667105	0.0033240069079262	0.0055596892811851	0.0044418480945556	0.0015808661667105	0.0033240069079262	0.0055596892811851	-4964.028814665322	509.61114504675606	-5324.378311096125	-4603.67931823452	0.28125	0.0441941738241592	0.25	0.3125													localization/results/component_transfer_runs/20260728_llama3_instruct_exclusive_just_only_cross_patch/exclusive_just_to_only/component_patching/eval_summary.tsv	just_to_only	exclusive	random	-0.0044418480945556	-0.0055596892811851	-0.0033240069079262	patched_minus_baseline
exclusive_just_to_only	mlp	utterance_final	prompt_without	necessity	gold	1	random_mean	2	0,1	16.0	1.0	1.0	-43.67050053551793	2.533402151254396	-45.4618863761425	-41.87911469489336	-43.570502191782	2.392934486529492	-45.26256239414215	-41.87844198942184	-43.67752041760832	2.550446074691487	-45.48095813207328	-41.87408270314336	-3.59018950163093	0.3020243994083353	-3.803753002536358	-3.376626000725502	-3.5854699362896856	0.297660748656405	-3.7959478701576943	-3.3749920024216773	-3.590791941584881	0.2999742577452321	-3.802905773417936	-3.378678109751826	-0.0006024399539508	0.0020501416631034	-0.0020521090263243	0.0008472291184226	-0.0006024399539508	0.0020501416631034	-0.0020521090263243	0.0008472291184226	847.1624468615299	437.4922277550888	537.8087258994972	1156.516167823563	0.53125	0.0441941738241592	0.5	0.5625													localization/results/component_transfer_runs/20260728_llama3_instruct_exclusive_just_only_cross_patch/exclusive_just_to_only/component_patching/eval_summary.tsv	just_to_only	exclusive	random	0.0006024399539508	-0.0008472291184226	0.0020521090263243	patched_minus_baseline
exclusive_just_to_only	mlp	utterance_final	prompt_without	necessity	gold	3	random_mean	2	0,1	16.0	1.0	3.0	-43.67050053551793	2.533402151254396	-45.4618863761425	-41.87911469489336	-43.570502191782	2.392934486529492	-45.26256239414215	-41.87844198942184	-43.668448560871184	2.5400947323060485	-45.46456677094102	-41.87233035080135	-3.59018950163093	0.3020243994083353	-3.803753002536358	-3.376626000725502	-3.5854699362896856	0.297660748656405	-3.7959478701576943	-3.3749920024216773	-3.5904004886297027	0.301390062546951	-3.8035154456388898	-3.377285531620516	-0.0002109869987729	0.0006343368613844	-0.0006595308950145	0.0002375568974685	-0.0002109869987729	0.0006343368613844	-0.0006595308950145	0.0002375568974685	-856.4591521171999	537.3640235845317	-1236.43289715951	-476.48540707488974	0.46875	0.0441941738241592	0.4375	0.5													localization/results/component_transfer_runs/20260728_llama3_instruct_exclusive_just_only_cross_patch/exclusive_just_to_only/component_patching/eval_summary.tsv	just_to_only	exclusive	random	0.0002109869987729	-0.0002375568974685	0.0006595308950145	patched_minus_baseline
exclusive_just_to_only	mlp	utterance_final	prompt_without	necessity	gold	5	random_mean	2	0,1	16.0	1.0	5.0	-43.67050053551793	2.533402151254396	-45.4618863761425	-41.87911469489336	-43.570502191782	2.392934486529492	-45.26256239414215	-41.87844198942184	-43.700859618373215	2.4593293824149525	-45.43986810185015	-41.96185113489628	-3.59018950163093	0.3020243994083353	-3.803753002536358	-3.376626000725502	-3.5854699362896856	0.297660748656405	-3.7959478701576943	-3.3749920024216773	-3.5947762272313386	0.3093235883002122	-3.8135010340993754	-3.3760514203633027	-0.0045867256004083	0.007299188891877	-0.0097480315630161	0.0005745803621994	-0.0045867256004083	0.007299188891877	-0.0097480315630161	0.0005745803621994	2379.154158664522	1779.7714338156477	1120.665708851373	3637.6426084776713	0.5625	0.0883883476483184	0.5	0.625													localization/results/component_transfer_runs/20260728_llama3_instruct_exclusive_just_only_cross_patch/exclusive_just_to_only/component_patching/eval_summary.tsv	just_to_only	exclusive	random	0.0045867256004083	-0.0005745803621994	0.0097480315630161	patched_minus_baseline
exclusive_just_to_only	mlp	utterance_final	prompt_without	necessity	gold	10	random_mean	2	0,1	16.0	1.0	10.0	-43.67050053551793	2.533402151254396	-45.4618863761425	-41.87911469489336	-43.570502191782	2.392934486529492	-45.26256239414215	-41.87844198942184	-43.6864417232573	2.4715379875832078	-45.43408299423754	-41.93880045227706	-3.59018950163093	0.3020243994083353	-3.803753002536358	-3.376626000725502	-3.5854699362896856	0.297660748656405	-3.7959478701576943	-3.3749920024216773	-3.5945780409995405	0.3095645004425562	-3.813473198477098	-3.375682883521983	-0.0043885393686105	0.0075401010342212	-0.00972019594074	0.000943117203519	-0.0043885393686105	0.0075401010342212	-0.00972019594074	0.000943117203519	2216.7787094008404	2430.398365497988	498.2275441725119	3935.329874629169	0.59375	0.0441941738241592	0.5625	0.625													localization/results/component_transfer_runs/20260728_llama3_instruct_exclusive_just_only_cross_patch/exclusive_just_to_only/component_patching/eval_summary.tsv	just_to_only	exclusive	random	0.0043885393686105	-0.000943117203519	0.00972019594074	patched_minus_baseline
exclusive_just_to_only	resid	utterance_final	prompt_without	necessity	gold	1	random_mean	2	0,1	16.0	1.0	1.0	-43.67050053551793	2.533402151254396	-45.4618863761425	-41.87911469489336	-43.570502191782	2.392934486529492	-45.26256239414215	-41.87844198942184	-43.6739217331633	2.561651019833995	-45.48528254032135	-41.86256092600525	-3.59018950163093	0.3020243994083353	-3.803753002536358	-3.376626000725502	-3.5854699362896856	0.297660748656405	-3.7959478701576943	-3.3749920024216773	-3.590776503465862	0.2978841454392026	-3.801412402713882	-3.380140604217842	-0.0005870018349318	0.0041402539691328	-0.0035146034923402	0.0023405998224764	-0.0005870018349318	0.0041402539691328	-0.0035146034923402	0.0023405998224764	-2979.8512444985936	1279.4435839225102	-3884.55447883582	-2075.148010161367	0.40625	0.0441941738241592	0.375	0.4375													localization/results/component_transfer_runs/20260728_llama3_instruct_exclusive_just_only_cross_patch/exclusive_just_to_only/component_patching/eval_summary.tsv	just_to_only	exclusive	random	0.0005870018349318	-0.0023405998224764	0.0035146034923402	patched_minus_baseline
exclusive_just_to_only	resid	utterance_final	prompt_without	necessity	gold	3	random_mean	2	0,1	16.0	1.0	3.0	-43.67050053551793	2.533402151254396	-45.4618863761425	-41.87911469489336	-43.570502191782	2.392934486529492	-45.26256239414215	-41.87844198942184	-43.6126180049032	2.543784956262248	-45.41134559735656	-41.81389041244984	-3.59018950163093	0.3020243994083353	-3.803753002536358	-3.376626000725502	-3.5854699362896856	0.297660748656405	-3.7959478701576943	-3.3749920024216773	-3.586149120465989	0.2996570177721652	-3.798038629762825	-3.3742596111691534	0.0040403811649409	0.0023673816361702	0.0023663895563484	0.0057143727735334	0.0040403811649409	0.0023673816361702	0.0023663895563484	0.0057143727735334	-17773.51569765585	1824.4211197787995	-19063.576243191397	-16483.455152120307	0.34375	0.0441941738241592	0.3125	0.375													localization/results/component_transfer_runs/20260728_llama3_instruct_exclusive_just_only_cross_patch/exclusive_just_to_only/component_patching/eval_summary.tsv	just_to_only	exclusive	random	-0.0040403811649409	-0.0057143727735334	-0.0023663895563484	patched_minus_baseline
exclusive_just_to_only	resid	utterance_final	prompt_without	necessity	gold	5	random_mean	2	0,1	16.0	1.0	5.0	-43.67050053551793	2.533402151254396	-45.4618863761425	-41.87911469489336	-43.570502191782	2.392934486529492	-45.26256239414215	-41.87844198942184	-43.64215482585132	2.485616612858487	-45.399751188233495	-41.88455846346915	-3.59018950163093	0.3020243994083353	-3.803753002536358	-3.376626000725502	-3.5854699362896856	0.297660748656405	-3.7959478701576943	-3.3749920024216773	-3.5901709944880063	0.3070599798377977	-3.8072951884623176	-3.373046800513695	1.8507142923927106e-05	0.0050355804294625	-0.0035421859259593	0.0035792002118071	1.8507142923927106e-05	0.0050355804294625	-0.0035421859259593	0.0035792002118071	-9383.127709976034	6648.956466197782	-14084.649915038628	-4681.6055049134375	0.375	0.0883883476483184	0.3125	0.4375													localization/results/component_transfer_runs/20260728_llama3_instruct_exclusive_just_only_cross_patch/exclusive_just_to_only/component_patching/eval_summary.tsv	just_to_only	exclusive	random	-1.8507142923927106e-05	-0.0035792002118071	0.0035421859259593	patched_minus_baseline
exclusive_just_to_only	resid	utterance_final	prompt_without	necessity	gold	10	random_mean	2	0,1	16.0	1.0	10.0	-43.67050053551793	2.533402151254396	-45.4618863761425	-41.87911469489336	-43.570502191782	2.392934486529492	-45.26256239414215	-41.87844198942184	-43.58240796998143	2.5094762203891974	-45.35687562264502	-41.80794031731784	-3.59018950163093	0.3020243994083353	-3.803753002536358	-3.376626000725502	-3.5854699362896856	0.297660748656405	-3.7959478701576943	-3.3749920024216773	-3.581390566538314	0.3007117715093824	-3.794025899355218	-3.36875523372141	0.0087989350926162	0.0013126278989529	0.0078707670040919	0.0097271031811405	0.0087989350926162	0.0013126278989529	0.0078707670040919	0.0097271031811405	-8707.985232506308	1077.1551847393562	-9469.648968025756	-7946.32149698686	0.3125	0.0	0.3125	0.3125													localization/results/component_transfer_runs/20260728_llama3_instruct_exclusive_just_only_cross_patch/exclusive_just_to_only/component_patching/eval_summary.tsv	just_to_only	exclusive	random	-0.0087989350926162	-0.0097271031811405	-0.0078707670040919	patched_minus_baseline
nonexclusive_just_to_only	attn	utterance_final	prompt_without	necessity	gold	1	localized	2	0,1	16.0	1.0	1.0	-43.67050053551793	2.533402151254396	-45.4618863761425	-41.87911469489336	-43.570502191782	2.392934486529492	-45.26256239414215	-41.87844198942184	-43.7102668248117	2.553904032633899	-45.5161496847868	-41.9043839648366	-3.59018950163093	0.3020243994083353	-3.803753002536358	-3.376626000725502	-3.5854699362896856	0.297660748656405	-3.7959478701576943	-3.3749920024216773	-3.5975176403250453	0.3050011344069156	-3.813186010733765	-3.3818492699163256	-0.007328138694115	0.0029767349985805	-0.0094330081974066	-0.0052232691908234	-0.007328138694115	0.0029767349985805	-0.0094330081974066	-0.0052232691908234	-5315.95946291264	464.0236377393937	-5644.073723789016	-4987.845202036266	0.375	0.0883883476483184	0.3125	0.4375	0.40625	0.1325825214724776	0.3125	0.5	0.421875	0.0883883476483184	0.359375	0.484375	0.40625	-0.0078101927858076	0.0078101927858076	-3807.6437747264526	localization/results/component_transfer_runs/20260729_llama3_instruct_nonexclusive_just_only_cross_patch/nonexclusive_just_to_only/component_patching/eval_summary.tsv	just_to_only	nonexclusive	cross	0.007328138694115	0.0052232691908234	0.0094330081974066	patched_minus_baseline
nonexclusive_just_to_only	attn	utterance_final	prompt_without	necessity	gold	3	localized	2	0,1	16.0	1.0	3.0	-43.67050053551793	2.533402151254396	-45.4618863761425	-41.87911469489336	-43.570502191782	2.392934486529492	-45.26256239414215	-41.87844198942184	-43.67860273644328	2.5458438903981	-45.47878621518612	-41.87841925770044	-3.59018950163093	0.3020243994083353	-3.803753002536358	-3.376626000725502	-3.5854699362896856	0.297660748656405	-3.7959478701576943	-3.3749920024216773	-3.5967657248235634	0.3084825161134702	-3.814895803844887	-3.37863564580224	-0.006576223192633	0.0064581167051348	-0.011142801308528	-0.002009645076738	-0.006576223192633	0.0064581167051348	-0.011142801308528	-0.002009645076738	-10354.527381621876	3678.248822784429	-12955.44206710418	-7753.61269613957	0.46875	0.0441941738241592	0.4375	0.5	0.5	0.0883883476483184	0.4375	0.5625	0.484375	0.0220970869120796	0.46875	0.5	0.5	-0.0067042859499012	0.0067042859499012	-7380.621227595827	localization/results/component_transfer_runs/20260729_llama3_instruct_nonexclusive_just_only_cross_patch/nonexclusive_just_to_only/component_patching/eval_summary.tsv	just_to_only	nonexclusive	cross	0.006576223192633	0.002009645076738	0.011142801308528	patched_minus_baseline
nonexclusive_just_to_only	attn	utterance_final	prompt_without	necessity	gold	5	localized	2	0,1	16.0	1.0	5.0	-43.67050053551793	2.533402151254396	-45.4618863761425	-41.87911469489336	-43.570502191782	2.392934486529492	-45.26256239414215	-41.87844198942184	-43.712591126561165	2.546414342724338	-45.51317797601223	-41.9120042771101	-3.59018950163093	0.3020243994083353	-3.803753002536358	-3.376626000725502	-3.5854699362896856	0.297660748656405	-3.7959478701576943	-3.3749920024216773	-3.599060758016466	0.3137536729735269	-3.820918107798233	-3.3772034082346987	-0.0088712563855358	0.011729273565191	-0.0171651052618745	-0.0005774075091971	-0.0088712563855358	0.011729273565191	-0.0171651052618745	-0.0005774075091971	-16324.149318279737	3463.795773323668	-18773.4227982422	-13874.875838317268	0.46875	0.0441941738241592	0.4375	0.5	0.4375	0.0	0.4375	0.4375	0.4453125	0.055242717280199	0.40625	0.484375	0.4375	-0.0104807031631533	0.0104807031631533	-14251.67074986269	localization/results/component_transfer_runs/20260729_llama3_instruct_nonexclusive_just_only_cross_patch/nonexclusive_just_to_only/component_patching/eval_summary.tsv	just_to_only	nonexclusive	cross	0.0088712563855358	0.0005774075091971	0.0171651052618745	patched_minus_baseline
nonexclusive_just_to_only	attn	utterance_final	prompt_without	necessity	gold	10	localized	2	0,1	16.0	1.0	10.0	-43.67050053551793	2.533402151254396	-45.4618863761425	-41.87911469489336	-43.570502191782	2.392934486529492	-45.26256239414215	-41.87844198942184	-43.721958469599485	2.4767388322982886	-45.47327729314566	-41.970639646053314	-3.59018950163093	0.3020243994083353	-3.803753002536358	-3.376626000725502	-3.5854699362896856	0.297660748656405	-3.7959478701576943	-3.3749920024216773	-3.599513098289993	0.3146050776270328	-3.821972482075788	-3.3770537145041977	-0.0093235966590625	0.0125806782186974	-0.0182194795394294	-0.0004277137786957	-0.0093235966590625	0.0125806782186974	-0.0182194795394294	-0.0004277137786957	-27307.995408736657	560.0850450231651	-27704.03534211371	-26911.95547535961	0.40625	0.0441941738241592	0.375	0.4375	0.46875	0.0441941738241592	0.4375	0.5	0.453125	0.0220970869120796	0.4375	0.46875	0.46875	-0.016547344358865	0.016547344358865	-22082.521058285543	localization/results/component_transfer_runs/20260729_llama3_instruct_nonexclusive_just_only_cross_patch/nonexclusive_just_to_only/component_patching/eval_summary.tsv	just_to_only	nonexclusive	cross	0.0093235966590625	0.0004277137786957	0.0182194795394294	patched_minus_baseline
nonexclusive_just_to_only	mlp	utterance_final	prompt_without	necessity	gold	1	localized	2	0,1	16.0	1.0	1.0	-43.67050053551793	2.533402151254396	-45.4618863761425	-41.87911469489336	-43.570502191782	2.392934486529492	-45.26256239414215	-41.87844198942184	-43.64978891611099	2.559794059981652	-45.45983665436506	-41.83974117785692	-3.59018950163093	0.3020243994083353	-3.803753002536358	-3.376626000725502	-3.5854699362896856	0.297660748656405	-3.7959478701576943	-3.3749920024216773	-3.583599963016172	0.3033133880037688	-3.798074916498303	-3.3691250095340406	0.0065895386147581	0.0012889885954334	0.005678086038055	0.0075009911914612	0.0065895386147581	0.0012889885954334	0.005678086038055	0.0075009911914612	-6488.493721781379	4920.294960242944	-9967.667653607155	-3009.319789955599	0.40625	0.1325825214724776	0.3125	0.5	0.40625	0.0441941738241592	0.375	0.4375	0.421875	0.0	0.421875	0.421875	0.40625	0.0067633624319986	-0.0067633624319986	-5693.684264596805	localization/results/component_transfer_runs/20260729_llama3_instruct_nonexclusive_just_only_cross_patch/nonexclusive_just_to_only/component_patching/eval_summary.tsv	just_to_only	nonexclusive	cross	-0.0065895386147581	-0.0075009911914612	-0.005678086038055	patched_minus_baseline
nonexclusive_just_to_only	mlp	utterance_final	prompt_without	necessity	gold	3	localized	2	0,1	16.0	1.0	3.0	-43.67050053551793	2.533402151254396	-45.4618863761425	-41.87911469489336	-43.570502191782	2.392934486529492	-45.26256239414215	-41.87844198942184	-43.72089574113488	2.428731295914561	-45.43826811015606	-42.003523372113705	-3.59018950163093	0.3020243994083353	-3.803753002536358	-3.376626000725502	-3.5854699362896856	0.297660748656405	-3.7959478701576943	-3.3749920024216773	-3.594772144357154	0.3217080614322657	-3.822254096158288	-3.3672901925560206	-0.0045826427262238	0.0196836620239301	-0.018501093621929	0.0093358081694812	-0.0045826427262238	0.0196836620239301	-0.018501093621929	0.0093358081694812	-6802.557729956076	2176.212514705624	-8341.372356407452	-5263.743103504699	0.40625	0.0441941738241592	0.375	0.4375	0.4375	0.1767766952966369	0.3125	0.5625	0.4375	0.0883883476483184	0.375	0.5	0.4375	-0.0019374555953341	0.0019374555953341	-6370.941063788729	localization/results/component_transfer_runs/20260729_llama3_instruct_nonexclusive_just_only_cross_patch/nonexclusive_just_to_only/component_patching/eval_summary.tsv	just_to_only	nonexclusive	cross	0.0045826427262238	-0.0093358081694812	0.018501093621929	patched_minus_baseline
nonexclusive_just_to_only	mlp	utterance_final	prompt_without	necessity	gold	5	localized	2	0,1	16.0	1.0	5.0	-43.67050053551793	2.533402151254396	-45.4618863761425	-41.87911469489336	-43.570502191782	2.392934486529492	-45.26256239414215	-41.87844198942184	-43.71411759406328	2.4140263711045877	-45.42109201103449	-42.00714317709208	-3.59018950163093	0.3020243994083353	-3.803753002536358	-3.376626000725502	-3.5854699362896856	0.297660748656405	-3.7959478701576943	-3.3749920024216773	-3.595020985050728	0.3237637354480568	-3.823956517888337	-3.36608545221312	-0.0048314834197978	0.0217393360397215	-0.020203515351978	0.0105405485123823	-0.0048314834197978	0.0217393360397215	-0.020203515351978	0.0105405485123823	-10022.028512594046	2157.949309338985	-11547.92910268447	-8496.127922503623	0.5	0.1767766952966369	0.375	0.625	0.40625	0.2209708691207961	0.25	0.5625	0.4453125	0.1436310649285174	0.34375	0.546875	0.40625	-0.0023874180676302	0.0023874180676302	-9880.434013371902	localization/results/component_transfer_runs/20260729_llama3_instruct_nonexclusive_just_only_cross_patch/nonexclusive_just_to_only/component_patching/eval_summary.tsv	just_to_only	nonexclusive	cross	0.0048314834197978	-0.0105405485123823	0.020203515351978	patched_minus_baseline
nonexclusive_just_to_only	mlp	utterance_final	prompt_without	necessity	gold	10	localized	2	0,1	16.0	1.0	10.0	-43.67050053551793	2.533402151254396	-45.4618863761425	-41.87911469489336	-43.570502191782	2.392934486529492	-45.26256239414215	-41.87844198942184	-43.76155764237046	2.561446917134636	-45.57277412712574	-41.95034115761519	-3.59018950163093	0.3020243994083353	-3.803753002536358	-3.376626000725502	-3.5854699362896856	0.297660748656405	-3.7959478701576943	-3.3749920024216773	-3.604083867009326	0.3050365149311522	-3.819777255226655	-3.3883904787919965	-0.0138943653783954	0.0030121155228171	-0.0160242526902967	-0.0117644780664942	-0.0138943653783954	0.0030121155228171	-0.0160242526902967	-0.0117644780664942	-8714.163010594471	1907.293608152032	-10062.82325463253	-7365.502766556411	0.59375	0.0441941738241592	0.5625	0.625	0.5625	0.0883883476483184	0.5	0.625	0.53125	0.0883883476483184	0.46875	0.59375	0.5625	-0.0129542129727388	0.0129542129727388	-6829.21690349483	localization/results/component_transfer_runs/20260729_llama3_instruct_nonexclusive_just_only_cross_patch/nonexclusive_just_to_only/component_patching/eval_summary.tsv	just_to_only	nonexclusive	cross	0.0138943653783954	0.0117644780664942	0.0160242526902967	patched_minus_baseline
nonexclusive_just_to_only	resid	utterance_final	prompt_without	necessity	gold	1	localized	2	0,1	16.0	1.0	1.0	-43.67050053551793	2.533402151254396	-45.4618863761425	-41.87911469489336	-43.570502191782	2.392934486529492	-45.26256239414215	-41.87844198942184	-43.66193225979805	2.531592602655361	-45.45203855633736	-41.87182596325874	-3.59018950163093	0.3020243994083353	-3.803753002536358	-3.376626000725502	-3.5854699362896856	0.297660748656405	-3.7959478701576943	-3.3749920024216773	-3.5974720889347296	0.3091383454104273	-3.816065909299232	-3.378878268570227	-0.0072825873037994	0.0071139460020918	-0.0123129067628734	-0.0022522678447253	-0.0072825873037994	0.0071139460020918	-0.0123129067628734	-0.0022522678447253	-16275.095942126089	1807.3285780932783	-17553.070235528085	-14997.121648724087	0.5	0.0	0.5	0.5	0.5625	0.0	0.5625	0.5625	0.5390625	0.0331456303681194	0.515625	0.5625	0.5625	-0.0108027796803099	0.0108027796803099	-9281.68128594699	localization/results/component_transfer_runs/20260729_llama3_instruct_nonexclusive_just_only_cross_patch/nonexclusive_just_to_only/component_patching/eval_summary.tsv	just_to_only	nonexclusive	cross	0.0072825873037994	0.0022522678447253	0.0123129067628734	patched_minus_baseline
nonexclusive_just_to_only	resid	utterance_final	prompt_without	necessity	gold	3	localized	2	0,1	16.0	1.0	3.0	-43.67050053551793	2.533402151254396	-45.4618863761425	-41.87911469489336	-43.570502191782	2.392934486529492	-45.26256239414215	-41.87844198942184	-43.67740846425295	2.460706629471722	-45.4173908084631	-41.9374261200428	-3.59018950163093	0.3020243994083353	-3.803753002536358	-3.376626000725502	-3.5854699362896856	0.297660748656405	-3.7959478701576943	-3.3749920024216773	-3.5991576353214207	0.3130050598990943	-3.820485635721772	-3.3778296349210697	-0.0089681336904904	0.0109806604907586	-0.016732633185413	-0.0012036341955677	-0.0089681336904904	0.0109806604907586	-0.016732633185413	-0.0012036341955677	-21763.21734103188	1056.6744539359263	-22510.39901291656	-21016.03566914719	0.46875	0.0441941738241592	0.4375	0.5	0.59375	0.0441941738241592	0.5625	0.625	0.53125	0.0662912607362388	0.484375	0.578125	0.59375	-0.0131191086833674	0.0131191086833674	-2980.026565131386	localization/results/component_transfer_runs/20260729_llama3_instruct_nonexclusive_just_only_cross_patch/nonexclusive_just_to_only/component_patching/eval_summary.tsv	just_to_only	nonexclusive	cross	0.0089681336904904	0.0012036341955677	0.016732633185413	patched_minus_baseline
nonexclusive_just_to_only	resid	utterance_final	prompt_without	necessity	gold	5	localized	2	0,1	16.0	1.0	5.0	-43.67050053551793	2.533402151254396	-45.4618863761425	-41.87911469489336	-43.570502191782	2.392934486529492	-45.26256239414215	-41.87844198942184	-43.74417219683528	2.406846618582264	-45.44606976211071	-42.04227463155985	-3.59018950163093	0.3020243994083353	-3.803753002536358	-3.376626000725502	-3.5854699362896856	0.297660748656405	-3.7959478701576943	-3.3749920024216773	-3.601921261030628	0.3134228815302368	-3.823544705939687	-3.38029781612157	-0.0117317593996982	0.0113984821219013	-0.0197917034033282	-0.0036718153960681	-0.0117317593996982	0.0113984821219013	-0.0197917034033282	-0.0036718153960681	-30500.921959297117	9010.286967344646	-36872.156974343285	-24129.68694425094	0.4375	0.0	0.4375	0.4375	0.53125	0.0441941738241592	0.5	0.5625	0.5	0.0220970869120796	0.484375	0.515625	0.53125	-0.0150471959251256	0.0150471959251256	-16551.84008792031	localization/results/component_transfer_runs/20260729_llama3_instruct_nonexclusive_just_only_cross_patch/nonexclusive_just_to_only/component_patching/eval_summary.tsv	just_to_only	nonexclusive	cross	0.0117317593996982	0.0036718153960681	0.0197917034033282	patched_minus_baseline
nonexclusive_just_to_only	resid	utterance_final	prompt_without	necessity	gold	10	localized	2	0,1	16.0	1.0	10.0	-43.67050053551793	2.533402151254396	-45.4618863761425	-41.87911469489336	-43.570502191782	2.392934486529492	-45.26256239414215	-41.87844198942184	-43.74913379922509	2.36763943899802	-45.423307701945305	-42.07495989650488	-3.59018950163093	0.3020243994083353	-3.803753002536358	-3.376626000725502	-3.5854699362896856	0.297660748656405	-3.7959478701576943	-3.3749920024216773	-3.601656854001837	0.3148270836709212	-3.82427321976673	-3.379040488236944	-0.0114673523709071	0.0128026842625859	-0.0205202172303719	-0.0024144875114423	-0.0114673523709071	0.0128026842625859	-0.0205202172303719	-0.0024144875114423	-38065.24562739491	1412.9920995463228	-39064.38192274713	-37066.10933204269	0.40625	0.0441941738241592	0.375	0.4375	0.4375	0.0	0.4375	0.4375	0.453125	0.0220970869120796	0.4375	0.46875	0.4375	-0.0198552373135679	0.0198552373135679	-29085.70076410171	localization/results/component_transfer_runs/20260729_llama3_instruct_nonexclusive_just_only_cross_patch/nonexclusive_just_to_only/component_patching/eval_summary.tsv	just_to_only	nonexclusive	cross	0.0114673523709071	0.0024144875114423	0.0205202172303719	patched_minus_baseline
nonexclusive_just_to_only	attn	utterance_final	prompt_without	necessity	gold	1	random_mean	2	0,1	16.0	1.0	1.0	-43.67050053551793	2.533402151254396	-45.4618863761425	-41.87911469489336	-43.570502191782	2.392934486529492	-45.26256239414215	-41.87844198942184	-43.670163427479565	2.5559423345703154	-45.47748758457601	-41.86283927038312	-3.59018950163093	0.3020243994083353	-3.803753002536358	-3.376626000725502	-3.5854699362896856	0.297660748656405	-3.7959478701576943	-3.3749920024216773	-3.589707447539237	0.2988948113127123	-3.80105799547993	-3.378356899598545	0.0004820540916925	0.0031295880956229	-0.0017308988730431	0.0026950070564282	0.0004820540916925	0.0031295880956229	-0.0017308988730431	0.0026950070564282	-1508.3156881861885	731.1741683749866	-2025.333900872576	-991.2974754998006	0.46875	0.0441941738241592	0.4375	0.5													localization/results/component_transfer_runs/20260729_llama3_instruct_nonexclusive_just_only_cross_patch/nonexclusive_just_to_only/component_patching/eval_summary.tsv	just_to_only	nonexclusive	random	-0.0004820540916925	-0.0026950070564282	0.0017308988730431	patched_minus_baseline
nonexclusive_just_to_only	attn	utterance_final	prompt_without	necessity	gold	3	random_mean	2	0,1	16.0	1.0	3.0	-43.67050053551793	2.533402151254396	-45.4618863761425	-41.87911469489336	-43.570502191782	2.392934486529492	-45.26256239414215	-41.87844198942184	-43.66508979909122	2.5411534229450607	-45.46195661649108	-41.86822298169136	-3.59018950163093	0.3020243994083353	-3.803753002536358	-3.376626000725502	-3.5854699362896856	0.297660748656405	-3.7959478701576943	-3.3749920024216773	-3.590061438873662	0.3012339597833728	-3.803066014560161	-3.377056863187163	0.0001280627572682	0.0007904396249624	-0.0004308624616612	0.0006869879761976	0.0001280627572682	0.0007904396249624	-0.0004308624616612	0.0006869879761976	-2973.9061540260477	1605.3234711518887	-4109.041266475475	-1838.77104157662	0.46875	0.0441941738241592	0.4375	0.5													localization/results/component_transfer_runs/20260729_llama3_instruct_nonexclusive_just_only_cross_patch/nonexclusive_just_to_only/component_patching/eval_summary.tsv	just_to_only	nonexclusive	random	-0.0001280627572682	-0.0006869879761976	0.0004308624616612	patched_minus_baseline
nonexclusive_just_to_only	attn	utterance_final	prompt_without	necessity	gold	5	random_mean	2	0,1	16.0	1.0	5.0	-43.67050053551793	2.533402151254396	-45.4618863761425	-41.87911469489336	-43.570502191782	2.392934486529492	-45.26256239414215	-41.87844198942184	-43.6618670122698	2.5573987189206093	-45.47022098861635	-41.85351303592324	-3.59018950163093	0.3020243994083353	-3.803753002536358	-3.376626000725502	-3.5854699362896856	0.297660748656405	-3.7959478701576943	-3.3749920024216773	-3.5885800548533124	0.2982319220444471	-3.799461869297239	-3.3776982404093863	0.0016094467776174	0.0037924773638884	-0.0010722396838845	0.0042911332391195	0.0016094467776174	0.0037924773638884	-0.0010722396838845	0.0042911332391195	-2072.4785684170465	2432.505178147523	-3792.519475156552	-352.4376616775421	0.53125	0.1325825214724776	0.4375	0.625													localization/results/component_transfer_runs/20260729_llama3_instruct_nonexclusive_just_only_cross_patch/nonexclusive_just_to_only/component_patching/eval_summary.tsv	just_to_only	nonexclusive	random	-0.0016094467776174	-0.0042911332391195	0.0010722396838845	patched_minus_baseline
nonexclusive_just_to_only	attn	utterance_final	prompt_without	necessity	gold	10	random_mean	2	0,1	16.0	1.0	10.0	-43.67050053551793	2.533402151254396	-45.4618863761425	-41.87911469489336	-43.570502191782	2.392934486529492	-45.26256239414215	-41.87844198942184	-43.60457435343415	2.586764846453583	-45.43369331769645	-41.77545538917184	-3.59018950163093	0.3020243994083353	-3.803753002536358	-3.376626000725502	-3.5854699362896856	0.297660748656405	-3.7959478701576943	-3.3749920024216773	-3.582965753931128	0.2945320927018218	-3.7912313939576503	-3.3747001139046047	0.0072237476998025	0.0074923067065134	0.0019258868208974	0.0125216085787076	0.0072237476998025	0.0074923067065134	0.0019258868208974	0.0125216085787076	-5225.474350451117	1335.533458797579	-6169.83911566841	-4281.109585233825	0.3125	0.0883883476483184	0.25	0.375													localization/results/component_transfer_runs/20260729_llama3_instruct_nonexclusive_just_only_cross_patch/nonexclusive_just_to_only/component_patching/eval_summary.tsv	just_to_only	nonexclusive	random	-0.0072237476998025	-0.0125216085787076	-0.0019258868208974	patched_minus_baseline
nonexclusive_just_to_only	mlp	utterance_final	prompt_without	necessity	gold	1	random_mean	2	0,1	16.0	1.0	1.0	-43.67050053551793	2.533402151254396	-45.4618863761425	-41.87911469489336	-43.570502191782	2.392934486529492	-45.26256239414215	-41.87844198942184	-43.67278885375708	2.5413565114858776	-45.469799276441336	-41.87577843107283	-3.59018950163093	0.3020243994083353	-3.803753002536358	-3.376626000725502	-3.5854699362896856	0.297660748656405	-3.7959478701576943	-3.3749920024216773	-3.5903633254481706	0.3015652101103763	-3.803602130487163	-3.3771245204091773	-0.0001738238172404	0.000459189297959	-0.0004985196836755	0.0001508720491946	-0.0001738238172404	0.000459189297959	-0.0004985196836755	0.0001508720491946	-794.8094571845726	1434.9344379256636	-1809.4613287999164	219.8424144307712	0.46875	0.0441941738241592	0.4375	0.5													localization/results/component_transfer_runs/20260729_llama3_instruct_nonexclusive_just_only_cross_patch/nonexclusive_just_to_only/component_patching/eval_summary.tsv	just_to_only	nonexclusive	random	0.0001738238172404	-0.0001508720491946	0.0004985196836755	patched_minus_baseline
nonexclusive_just_to_only	mlp	utterance_final	prompt_without	necessity	gold	3	random_mean	2	0,1	16.0	1.0	3.0	-43.67050053551793	2.533402151254396	-45.4618863761425	-41.87911469489336	-43.570502191782	2.392934486529492	-45.26256239414215	-41.87844198942184	-43.67897192016244	2.5117853909013705	-45.4550724029541	-41.90287143737078	-3.59018950163093	0.3020243994083353	-3.803753002536358	-3.376626000725502	-3.5854699362896856	0.297660748656405	-3.7959478701576943	-3.3749920024216773	-3.59283468876182	0.3046630112506684	-3.808263969993881	-3.377405407529759	-0.0026451871308897	0.002638611842333	-0.0045109674575225	-0.0007794068042569	-0.0026451871308897	0.002638611842333	-0.0045109674575225	-0.0007794068042569	-431.6166661673458	803.1363545864482	-999.5198287128668	136.28649637817534	0.53125	0.0441941738241592	0.5	0.5625													localization/results/component_transfer_runs/20260729_llama3_instruct_nonexclusive_just_only_cross_patch/nonexclusive_just_to_only/component_patching/eval_summary.tsv	just_to_only	nonexclusive	random	0.0026451871308897	0.0007794068042569	0.0045109674575225	patched_minus_baseline
nonexclusive_just_to_only	mlp	utterance_final	prompt_without	necessity	gold	5	random_mean	2	0,1	16.0	1.0	5.0	-43.67050053551793	2.533402151254396	-45.4618863761425	-41.87911469489336	-43.570502191782	2.392934486529492	-45.26256239414215	-41.87844198942184	-43.688298027962446	2.5183281701996147	-45.4690249543637	-41.90757110156119	-3.59018950163093	0.3020243994083353	-3.803753002536358	-3.376626000725502	-3.5854699362896856	0.297660748656405	-3.7959478701576943	-3.3749920024216773	-3.592633566983098	0.3017931880979004	-3.8060335768030304	-3.379233557163165	-0.0024440653521676	0.0002312113104348	-0.0026075564376631	-0.0022805742666721	-0.0024440653521676	0.0002312113104348	-0.0026075564376631	-0.0022805742666721	-141.59449922214355	1434.3710406636842	-1155.8479888130398	872.6589903687527	0.46875	0.0441941738241592	0.4375	0.5													localization/results/component_transfer_runs/20260729_llama3_instruct_nonexclusive_just_only_cross_patch/nonexclusive_just_to_only/component_patching/eval_summary.tsv	just_to_only	nonexclusive	random	0.0024440653521676	0.0022805742666721	0.0026075564376631	patched_minus_baseline
nonexclusive_just_to_only	mlp	utterance_final	prompt_without	necessity	gold	10	random_mean	2	0,1	16.0	1.0	10.0	-43.67050053551793	2.533402151254396	-45.4618863761425	-41.87911469489336	-43.570502191782	2.392934486529492	-45.26256239414215	-41.87844198942184	-43.6671116007492	2.4839261330577624	-45.42351261340082	-41.91071058809757	-3.59018950163093	0.3020243994083353	-3.803753002536358	-3.376626000725502	-3.5854699362896856	0.297660748656405	-3.7959478701576943	-3.3749920024216773	-3.5911296540365867	0.3066301311299398	-3.807949899074688	-3.374309408998486	-0.0009401524056566	0.004605731721605	-0.0041968965383295	0.0023165917270162	-0.0009401524056566	0.004605731721605	-0.0041968965383295	0.0023165917270162	-1884.9461070996413	3.58838874230116	-1887.483481112856	-1882.4087330864263	0.4375	0.0883883476483184	0.375	0.5													localization/results/component_transfer_runs/20260729_llama3_instruct_nonexclusive_just_only_cross_patch/nonexclusive_just_to_only/component_patching/eval_summary.tsv	just_to_only	nonexclusive	random	0.0009401524056566	-0.0023165917270162	0.0041968965383295	patched_minus_baseline
nonexclusive_just_to_only	resid	utterance_final	prompt_without	necessity	gold	1	random_mean	2	0,1	16.0	1.0	1.0	-43.67050053551793	2.533402151254396	-45.4618863761425	-41.87911469489336	-43.570502191782	2.392934486529492	-45.26256239414215	-41.87844198942184	-43.62164162937552	2.4956369036026733	-45.386323407292366	-41.85695985145867	-3.59018950163093	0.3020243994083353	-3.803753002536358	-3.376626000725502	-3.5854699362896856	0.297660748656405	-3.7959478701576943	-3.3749920024216773	-3.58666930925442	0.3039493978003696	-3.8015939895766286	-3.371744628932211	0.0035201923765104	0.0019249983920343	0.0021590129597297	0.0048813717932911	0.0035201923765104	0.0019249983920343	0.0021590129597297	0.0048813717932911	-6993.414656179097	1939.5595269813969	-8364.890350222615	-5621.938962135579	0.34375	0.0441941738241592	0.3125	0.375													localization/results/component_transfer_runs/20260729_llama3_instruct_nonexclusive_just_only_cross_patch/nonexclusive_just_to_only/component_patching/eval_summary.tsv	just_to_only	nonexclusive	random	-0.0035201923765104	-0.0048813717932911	-0.0021590129597297	patched_minus_baseline
nonexclusive_just_to_only	resid	utterance_final	prompt_without	necessity	gold	3	random_mean	2	0,1	16.0	1.0	3.0	-43.67050053551793	2.533402151254396	-45.4618863761425	-41.87911469489336	-43.570502191782	2.392934486529492	-45.26256239414215	-41.87844198942184	-43.60854843817651	2.518788582372748	-45.38960092514753	-41.82749595120549	-3.59018950163093	0.3020243994083353	-3.803753002536358	-3.376626000725502	-3.5854699362896856	0.297660748656405	-3.7959478701576943	-3.3749920024216773	-3.586038526638053	0.3020985360780786	-3.799654450085392	-3.372422603190715	0.004150974992877	7.413666974296497e-05	0.0040985524509671	0.0042033975347868	0.004150974992877	7.413666974296497e-05	0.0040985524509671	0.0042033975347868	-18783.19077590049	10252.029374250444	-26032.470267356653	-11533.911284444324	0.34375	0.0441941738241592	0.3125	0.375													localization/results/component_transfer_runs/20260729_llama3_instruct_nonexclusive_just_only_cross_patch/nonexclusive_just_to_only/component_patching/eval_summary.tsv	just_to_only	nonexclusive	random	-0.004150974992877	-0.0042033975347868	-0.0040985524509671	patched_minus_baseline
nonexclusive_just_to_only	resid	utterance_final	prompt_without	necessity	gold	5	random_mean	2	0,1	16.0	1.0	5.0	-43.67050053551793	2.533402151254396	-45.4618863761425	-41.87911469489336	-43.570502191782	2.392934486529492	-45.26256239414215	-41.87844198942184	-43.61153340898454	2.57018690911034	-45.42893000133336	-41.79413681663573	-3.59018950163093	0.3020243994083353	-3.803753002536358	-3.376626000725502	-3.5854699362896856	0.297660748656405	-3.7959478701576943	-3.3749920024216773	-3.5868740651055027	0.2997482277716362	-3.798828069611477	-3.374920060599529	0.0033154365254274	0.0022761716366989	0.0017059401259731	0.0049249329248817	0.0033154365254274	0.0022761716366989	0.0017059401259731	0.0049249329248817	-13949.081871376804	12065.53911038436	-22480.70639500109	-5417.457347752519	0.375	0.0883883476483184	0.3125	0.4375													localization/results/component_transfer_runs/20260729_llama3_instruct_nonexclusive_just_only_cross_patch/nonexclusive_just_to_only/component_patching/eval_summary.tsv	just_to_only	nonexclusive	random	-0.0033154365254274	-0.0049249329248817	-0.0017059401259731	patched_minus_baseline
nonexclusive_just_to_only	resid	utterance_final	prompt_without	necessity	gold	10	random_mean	2	0,1	16.0	1.0	10.0	-43.67050053551793	2.533402151254396	-45.4618863761425	-41.87911469489336	-43.570502191782	2.392934486529492	-45.26256239414215	-41.87844198942184	-43.562541286461055	2.470674563293346	-45.30957202427089	-41.81551054865122	-3.59018950163093	0.3020243994083353	-3.803753002536358	-3.376626000725502	-3.5854699362896856	0.297660748656405	-3.7959478701576943	-3.3749920024216773	-3.5818016166882694	0.3038988649677361	-3.7966905649018505	-3.366912668474688	0.0083878849426608	0.0018744655594006	0.0070624376345079	0.0097133322508136	0.0083878849426608	0.0018744655594006	0.0070624376345079	0.0097133322508136	-8979.544863293195	955.0778503894468	-9654.886887864644	-8304.202838721747	0.28125	0.0441941738241592	0.25	0.3125													localization/results/component_transfer_runs/20260729_llama3_instruct_nonexclusive_just_only_cross_patch/nonexclusive_just_to_only/component_patching/eval_summary.tsv	just_to_only	nonexclusive	random	-0.0083878849426608	-0.0097133322508136	-0.0070624376345079	patched_minus_baseline
only_to_exclusive_just	attn	utterance_final	prompt_without	necessity	gold	1	localized	2	0,1	13.0	1.0	1.0	-42.32102362009195	4.291252550953483	-45.35539739865523	-39.28664984152867	-42.71584092653714	4.417118784075965	-45.839215572063736	-39.59246628101055	-42.35757201910019	4.352194280795628	-45.43503810809209	-39.28010593010829	-4.494054941725692	0.8100725776136285	-5.066862754609555	-3.92124712884183	-4.531894374771133	0.7971042004845799	-5.09553216024606	-3.968256589296205	-4.496894438578874	0.8040018518071878	-5.065409600078278	-3.928379277079469	-0.0028394968531813	0.0060707258064399	-0.0071321482376392	0.0014531545312765	-0.0028394968531813	0.0060707258064399	-0.0071321482376392	0.0014531545312765	-1630.298917223451	4370.96464320744	-4721.03765676207	1460.4398223151672	0.6153846153846154	0.2175713172881684	0.4615384615384615	0.7692307692307693	0.6153846153846154	0.2175713172881684	0.4615384615384615	0.7692307692307693	0.6057692307692308	0.2039731099576579	0.4615384615384615	0.75	0.6153846153846154	-0.0018248467088864	0.0018248467088864	-1943.1724374485275	localization/results/component_transfer_runs/20260728_llama3_instruct_exclusive_just_only_cross_patch/only_to_exclusive_just/component_patching/eval_summary.tsv	only_to_just	exclusive	cross	0.0028394968531813	-0.0014531545312765	0.0071321482376392	patched_minus_baseline
only_to_exclusive_just	attn	utterance_final	prompt_without	necessity	gold	3	localized	2	0,1	13.0	1.0	3.0	-42.32102362009195	4.291252550953483	-45.35539739865523	-39.28664984152867	-42.71584092653714	4.417118784075965	-45.839215572063736	-39.59246628101055	-42.500607284215775	4.464909478166172	-45.65777505361117	-39.34343951482039	-4.494054941725692	0.8100725776136285	-5.066862754609555	-3.92124712884183	-4.531894374771133	0.7971042004845799	-5.09553216024606	-3.968256589296205	-4.508336363034417	0.7966165508190097	-5.071629328123977	-3.945043397944857	-0.0142814213087247	0.0134560267946186	-0.0237962691030274	-0.0047665735144219	-0.0142814213087247	0.0134560267946186	-0.0237962691030274	-0.0047665735144219	-5938.48295883747	5933.506349972457	-10134.105535116434	-1742.860382558505	0.5769230769230769	0.0543928293220421	0.5384615384615384	0.6153846153846154	0.6153846153846154	0.1087856586440842	0.5384615384615384	0.6923076923076923	0.5480769230769231	0.1223838659745947	0.4615384615384615	0.6346153846153846	0.6153846153846154	-0.0140867982433983	0.0140867982433983	-4849.538522516254	localization/results/component_transfer_runs/20260728_llama3_instruct_exclusive_just_only_cross_patch/only_to_exclusive_just/component_patching/eval_summary.tsv	only_to_just	exclusive	cross	0.0142814213087247	0.0047665735144219	0.0237962691030274	patched_minus_baseline
only_to_exclusive_just	attn	utterance_final	prompt_without	necessity	gold	5	localized	2	0,1	13.0	1.0	5.0	-42.32102362009195	4.291252550953483	-45.35539739865523	-39.28664984152867	-42.71584092653714	4.417118784075965	-45.839215572063736	-39.59246628101055	-42.56604464237507	4.353609461738406	-45.64451141540821	-39.487577869341926	-4.494054941725692	0.8100725776136285	-5.066862754609555	-3.92124712884183	-4.531894374771133	0.7971042004845799	-5.09553216024606	-3.968256589296205	-4.518231822220264	0.8079804205744575	-5.089560256674422	-3.9469033877661066	-0.0241768804945715	0.0020921570391709	-0.0256562589242765	-0.0226975020648665	-0.0241768804945715	0.0020921570391709	-0.0256562589242765	-0.0226975020648665	-6175.4415762248345	3686.4297612438727	-8782.141058768282	-3568.742093681387	0.6538461538461539	0.054392829322042	0.6153846153846154	0.6923076923076923	0.7307692307692308	0.0543928293220421	0.6923076923076923	0.7692307692307693	0.6730769230769231	0.0	0.6730769230769231	0.6730769230769231	0.7307692307692307	-0.02370764034004	0.02370764034004	-6401.653204557315	localization/results/component_transfer_runs/20260728_llama3_instruct_exclusive_just_only_cross_patch/only_to_exclusive_just/component_patching/eval_summary.tsv	only_to_just	exclusive	cross	0.0241768804945715	0.0226975020648665	0.0256562589242765	patched_minus_baseline
only_to_exclusive_just	attn	utterance_final	prompt_without	necessity	gold	10	localized	2	0,1	13.0	1.0	10.0	-42.32102362009195	4.291252550953483	-45.35539739865523	-39.28664984152867	-42.71584092653714	4.417118784075965	-45.839215572063736	-39.59246628101055	-42.67284381848116	4.399365150363368	-45.78366474921887	-39.56202288774344	-4.494054941725692	0.8100725776136285	-5.066862754609555	-3.92124712884183	-4.531894374771133	0.7971042004845799	-5.09553216024606	-3.968256589296205	-4.529998172353603	0.8076496734415959	-5.101092733267256	-3.95890361143995	-0.0359432306279104	0.0024229041720324	-0.0376564825981197	-0.0342299786577011	-0.0359432306279104	0.0024229041720324	-0.0376564825981197	-0.0342299786577011	-10814.04224998269	8874.680782093612	-17089.389211867016	-4538.695288098363	0.7307692307692308	0.0543928293220421	0.6923076923076923	0.7692307692307693	0.6923076923076923	0.1087856586440842	0.6153846153846154	0.7692307692307693	0.7115384615384616	0.054392829322042	0.6730769230769231	0.75	0.6923076923076923	-0.0347890077971731	0.0347890077971731	-7985.598630676333	localization/results/component_transfer_runs/20260728_llama3_instruct_exclusive_just_only_cross_patch/only_to_exclusive_just/component_patching/eval_summary.tsv	only_to_just	exclusive	cross	0.0359432306279104	0.0342299786577011	0.0376564825981197	patched_minus_baseline
only_to_exclusive_just	mlp	utterance_final	prompt_without	necessity	gold	1	localized	2	0,1	13.0	1.0	1.0	-42.32102362009195	4.291252550953483	-45.35539739865523	-39.28664984152867	-42.71584092653714	4.417118784075965	-45.839215572063736	-39.59246628101055	-42.44102082344202	4.396981402421164	-45.55015618984516	-39.33188545703888	-4.494054941725692	0.8100725776136285	-5.066862754609555	-3.92124712884183	-4.531894374771133	0.7971042004845799	-5.09553216024606	-3.968256589296205	-4.504593848120527	0.8043269246050053	-5.073338870799646	-3.935848825441406	-0.0105389063948336	0.0057456530086225	-0.0146016965995755	-0.0064761161900917	-0.0105389063948336	0.0057456530086225	-0.0146016965995755	-0.0064761161900917	1756.351914641927	3320.9169346703684	-591.8909696207337	4104.594798904587	0.7307692307692308	0.0543928293220421	0.6923076923076923	0.7692307692307693	0.6538461538461539	0.054392829322042	0.6153846153846154	0.6923076923076923	0.6538461538461539	0.0271964146610211	0.6346153846153846	0.6730769230769231	0.6538461538461539	-0.0099066173297451	0.0099066173297451	1557.3678665340256	localization/results/component_transfer_runs/20260728_llama3_instruct_exclusive_just_only_cross_patch/only_to_exclusive_just/component_patching/eval_summary.tsv	only_to_just	exclusive	cross	0.0105389063948336	0.0064761161900917	0.0146016965995755	patched_minus_baseline
only_to_exclusive_just	mlp	utterance_final	prompt_without	necessity	gold	3	localized	2	0,1	13.0	1.0	3.0	-42.32102362009195	4.291252550953483	-45.35539739865523	-39.28664984152867	-42.71584092653714	4.417118784075965	-45.839215572063736	-39.59246628101055	-42.42601782542009	4.239145429519886	-45.42354630506956	-39.428489345770615	-4.494054941725692	0.8100725776136285	-5.066862754609555	-3.92124712884183	-4.531894374771133	0.7971042004845799	-5.09553216024606	-3.968256589296205	-4.505001980445753	0.8212855719930282	-5.085738577692696	-3.92426538319881	-0.0109470387200603	0.0112129943793997	-0.0188758230831405	-0.0030182543569801	-0.0109470387200603	0.0112129943793997	-0.0188758230831405	-0.0030182543569801	4728.997309652779	747.2414892220446	4200.6177854399375	5257.376833865622	0.5384615384615384	0.2175713172881684	0.3846153846153846	0.6923076923076923	0.5769230769230769	0.1631784879661263	0.4615384615384615	0.6923076923076923	0.5288461538461539	0.0951874513135736	0.4615384615384615	0.5961538461538461	0.5769230769230769	-0.0087998916533638	0.0087998916533638	7486.598330867384	localization/results/component_transfer_runs/20260728_llama3_instruct_exclusive_just_only_cross_patch/only_to_exclusive_just/component_patching/eval_summary.tsv	only_to_just	exclusive	cross	0.0109470387200603	0.0030182543569801	0.0188758230831405	patched_minus_baseline
only_to_exclusive_just	mlp	utterance_final	prompt_without	necessity	gold	5	localized	2	0,1	13.0	1.0	5.0	-42.32102362009195	4.291252550953483	-45.35539739865523	-39.28664984152867	-42.71584092653714	4.417118784075965	-45.839215572063736	-39.59246628101055	-42.47780859470368	4.28552511844738	-45.5081324669031	-39.44748472250425	-4.494054941725692	0.8100725776136285	-5.066862754609555	-3.92124712884183	-4.531894374771133	0.7971042004845799	-5.09553216024606	-3.968256589296205	-4.508730224893118	0.8145057730017884	-5.084672780298273	-3.932787669487962	-0.0146752831674256	0.0044331953881603	-0.0178100256887187	-0.0115405406461325	-0.0146752831674256	0.0044331953881603	-0.0178100256887187	-0.0115405406461325	1764.2646541435674	1842.483423846392	461.43213091797566	3067.097177369159	0.7692307692307693	0.2175713172881684	0.6153846153846154	0.9230769230769232	0.6538461538461539	0.054392829322042	0.6153846153846154	0.6923076923076923	0.6153846153846154	0.0	0.6153846153846154	0.6153846153846154	0.6538461538461539	-0.0082824783864564	0.0082824783864564	561.7577469369346	localization/results/component_transfer_runs/20260728_llama3_instruct_exclusive_just_only_cross_patch/only_to_exclusive_just/component_patching/eval_summary.tsv	only_to_just	exclusive	cross	0.0146752831674256	0.0115405406461325	0.0178100256887187	patched_minus_baseline
only_to_exclusive_just	mlp	utterance_final	prompt_without	necessity	gold	10	localized	2	0,1	13.0	1.0	10.0	-42.32102362009195	4.291252550953483	-45.35539739865523	-39.28664984152867	-42.71584092653714	4.417118784075965	-45.839215572063736	-39.59246628101055	-42.48396479624968	4.181377811259752	-45.44064540129442	-39.52728419120495	-4.494054941725692	0.8100725776136285	-5.066862754609555	-3.92124712884183	-4.531894374771133	0.7971042004845799	-5.09553216024606	-3.968256589296205	-4.515313415455714	0.8277993864020727	-5.100655975042683	-3.929970855868745	-0.0212584737300208	0.0177268087884444	-0.0337932204331271	-0.0087237270269144	-0.0212584737300208	0.0177268087884444	-0.0337932204331271	-0.0087237270269144	5599.143034647579	5427.357632703471	1761.4216486383875	9436.864420656771	0.6153846153846154	0.0	0.6153846153846154	0.6153846153846154	0.5	0.1631784879661263	0.3846153846153846	0.6153846153846154	0.5096153846153846	0.1495802806356158	0.4038461538461538	0.6153846153846154	0.5	-0.004298040229173	0.004298040229173	6319.124727757911	localization/results/component_transfer_runs/20260728_llama3_instruct_exclusive_just_only_cross_patch/only_to_exclusive_just/component_patching/eval_summary.tsv	only_to_just	exclusive	cross	0.0212584737300208	0.0087237270269144	0.0337932204331271	patched_minus_baseline
only_to_exclusive_just	resid	utterance_final	prompt_without	necessity	gold	1	localized	2	0,1	13.0	1.0	1.0	-42.32102362009195	4.291252550953483	-45.35539739865523	-39.28664984152867	-42.71584092653714	4.417118784075965	-45.839215572063736	-39.59246628101055	-42.447693370855774	4.14832460568835	-45.38100183010101	-39.51438491161053	-4.494054941725692	0.8100725776136285	-5.066862754609555	-3.92124712884183	-4.531894374771133	0.7971042004845799	-5.09553216024606	-3.968256589296205	-4.508037726378529	0.8247693210717701	-5.091237706223002	-3.924837746534055	-0.013982784652836	0.0146967434581411	-0.0243749516134466	-0.0035906176922253	-0.013982784652836	0.0146967434581411	-0.0243749516134466	-0.0035906176922253	-7885.362434449489	6267.928134203592	-12317.456922134794	-3453.2679467641856	0.6153846153846154	0.0	0.6153846153846154	0.6153846153846154	0.6923076923076923	0.0	0.6923076923076923	0.6923076923076923	0.6346153846153846	0.0	0.6346153846153846	0.6346153846153846	0.6923076923076923	-0.0187150723058698	0.0187150723058698	-764.5559575139506	localization/results/component_transfer_runs/20260728_llama3_instruct_exclusive_just_only_cross_patch/only_to_exclusive_just/component_patching/eval_summary.tsv	only_to_just	exclusive	cross	0.013982784652836	0.0035906176922253	0.0243749516134466	patched_minus_baseline
only_to_exclusive_just	resid	utterance_final	prompt_without	necessity	gold	3	localized	2	0,1	13.0	1.0	3.0	-42.32102362009195	4.291252550953483	-45.35539739865523	-39.28664984152867	-42.71584092653714	4.417118784075965	-45.839215572063736	-39.59246628101055	-42.65107711461874	4.272113615171644	-45.67191762190599	-39.6302366073315	-4.494054941725692	0.8100725776136285	-5.066862754609555	-3.92124712884183	-4.531894374771133	0.7971042004845799	-5.09553216024606	-3.968256589296205	-4.531336800627442	0.821132782605989	-5.111965359462716	-3.950708241792168	-0.0372818589017497	0.011060204992361	-0.0451026048531615	-0.029461112950338	-0.0372818589017497	0.011060204992361	-0.0451026048531615	-0.029461112950338	-1437.6898091209514	468.244316195965	-1768.7885403551763	-1106.591077886727	0.7307692307692308	0.0543928293220421	0.6923076923076923	0.7692307692307693	0.6538461538461539	0.054392829322042	0.6153846153846154	0.6923076923076923	0.6153846153846154	0.0543928293220421	0.5769230769230769	0.6538461538461539	0.6538461538461539	-0.0284409920633159	0.0284409920633159	9850.737776595124	localization/results/component_transfer_runs/20260728_llama3_instruct_exclusive_just_only_cross_patch/only_to_exclusive_just/component_patching/eval_summary.tsv	only_to_just	exclusive	cross	0.0372818589017497	0.029461112950338	0.0451026048531615	patched_minus_baseline
only_to_exclusive_just	resid	utterance_final	prompt_without	necessity	gold	5	localized	2	0,1	13.0	1.0	5.0	-42.32102362009195	4.291252550953483	-45.35539739865523	-39.28664984152867	-42.71584092653714	4.417118784075965	-45.839215572063736	-39.59246628101055	-42.61489226267888	4.293671676311921	-45.65097662118765	-39.57880790417011	-4.494054941725692	0.8100725776136285	-5.066862754609555	-3.92124712884183	-4.531894374771133	0.7971042004845799	-5.09553216024606	-3.968256589296205	-4.522132239647373	0.8115115024710535	-5.095957526055539	-3.948306953239208	-0.0280772979216812	0.0014389248574259	-0.029094771445985	-0.0270598243973774	-0.0280772979216812	0.0014389248574259	-0.029094771445985	-0.0270598243973774	-12149.056528822057	10267.854710399311	-19409.526222783643	-4888.586834860467	0.6538461538461539	0.054392829322042	0.6153846153846154	0.6923076923076923	0.6923076923076923	0.1087856586440842	0.6153846153846154	0.7692307692307693	0.6057692307692308	0.0135982073305105	0.5961538461538461	0.6153846153846154	0.6923076923076923	-0.0242309504160513	0.0242309504160513	-2925.2546529528186	localization/results/component_transfer_runs/20260728_llama3_instruct_exclusive_just_only_cross_patch/only_to_exclusive_just/component_patching/eval_summary.tsv	only_to_just	exclusive	cross	0.0280772979216812	0.0270598243973774	0.029094771445985	patched_minus_baseline
only_to_exclusive_just	resid	utterance_final	prompt_without	necessity	gold	10	localized	2	0,1	13.0	1.0	10.0	-42.32102362009195	4.291252550953483	-45.35539739865523	-39.28664984152867	-42.71584092653714	4.417118784075965	-45.839215572063736	-39.59246628101055	-42.64762266782614	4.307037894419965	-45.69315836979793	-39.60208696585436	-4.494054941725692	0.8100725776136285	-5.066862754609555	-3.92124712884183	-4.531894374771133	0.7971042004845799	-5.09553216024606	-3.968256589296205	-4.525431848949539	0.809198027274203	-5.097621261357905	-3.953242436541174	-0.0313769072238469	0.0008745503394255	-0.0319953076993436	-0.0307585067483501	-0.0313769072238469	0.0008745503394255	-0.0319953076993436	-0.0307585067483501	-17975.16122737156	8788.7330620639	-24189.733973595357	-11760.588481147764	0.6538461538461539	0.054392829322042	0.6153846153846154	0.6923076923076923	0.6153846153846154	0.1087856586440842	0.5384615384615384	0.6923076923076923	0.6057692307692308	0.0951874513135737	0.5384615384615384	0.6730769230769231	0.6153846153846154	-0.0169761690492313	0.0169761690492313	-13259.675421488117	localization/results/component_transfer_runs/20260728_llama3_instruct_exclusive_just_only_cross_patch/only_to_exclusive_just/component_patching/eval_summary.tsv	only_to_just	exclusive	cross	0.0313769072238469	0.0307585067483501	0.0319953076993436	patched_minus_baseline
only_to_exclusive_just	attn	utterance_final	prompt_without	necessity	gold	1	random_mean	2	0,1	13.0	1.0	1.0	-42.32102362009195	4.291252550953483	-45.35539739865523	-39.28664984152867	-42.71584092653714	4.417118784075965	-45.839215572063736	-39.59246628101055	-42.32544134327999	4.276864250695625	-45.34964105716119	-39.30124162939879	-4.494054941725692	0.8100725776136285	-5.066862754609555	-3.92124712884183	-4.531894374771133	0.7971042004845799	-5.09553216024606	-3.968256589296205	-4.495069591869987	0.8117418843140873	-5.069057782841624	-3.92108140089835	-0.0010146501442949	0.0016693067004587	-0.0021950282320695	0.0001657279434795	-0.0010146501442949	0.0016693067004587	-0.0021950282320695	0.0001657279434795	312.8735202250766	1374.7926671968776	-659.251697475376	1284.9987379255292	0.6153846153846154	0.2175713172881684	0.4615384615384615	0.7692307692307693													localization/results/component_transfer_runs/20260728_llama3_instruct_exclusive_just_only_cross_patch/only_to_exclusive_just/component_patching/eval_summary.tsv	only_to_just	exclusive	random	0.0010146501442949	-0.0001657279434795	0.0021950282320695	patched_minus_baseline
only_to_exclusive_just	attn	utterance_final	prompt_without	necessity	gold	3	random_mean	2	0,1	13.0	1.0	3.0	-42.32102362009195	4.291252550953483	-45.35539739865523	-39.28664984152867	-42.71584092653714	4.417118784075965	-45.839215572063736	-39.59246628101055	-42.31903037314231	4.2826102829301815	-45.347293145381485	-39.290767600903145	-4.494054941725692	0.8100725776136285	-5.066862754609555	-3.92124712884183	-4.531894374771133	0.7971042004845799	-5.09553216024606	-3.968256589296205	-4.494249564791019	0.8104750092085939	-5.0673419397846455	-3.921157189797393	-0.0001946230653263	0.0004024315949659	-0.0004791851750905	8.993904443779574e-05	-0.0001946230653263	0.0004024315949659	-0.0004791851750905	8.993904443779574e-05	-1088.944436321216	327.9329395128108	-1320.8280416251623	-857.0608310172695	0.4615384615384615	0.1087856586440842	0.3846153846153846	0.5384615384615384													localization/results/component_transfer_runs/20260728_llama3_instruct_exclusive_just_only_cross_patch/only_to_exclusive_just/component_patching/eval_summary.tsv	only_to_just	exclusive	random	0.0001946230653263	-8.993904443779574e-05	0.0004791851750905	patched_minus_baseline
only_to_exclusive_just	attn	utterance_final	prompt_without	necessity	gold	5	random_mean	2	0,1	13.0	1.0	5.0	-42.32102362009195	4.291252550953483	-45.35539739865523	-39.28664984152867	-42.71584092653714	4.417118784075965	-45.839215572063736	-39.59246628101055	-42.311490990794624	4.256532176537225	-45.32131375716283	-39.301668224426415	-4.494054941725692	0.8100725776136285	-5.066862754609555	-3.92124712884183	-4.531894374771133	0.7971042004845799	-5.09553216024606	-3.968256589296205	-4.494524181880224	0.8136694850678402	-5.06987539241626	-3.919172971344188	-0.0004692401545314	0.0035969074542131	-0.0030126378067059	0.0020741574976431	-0.0004692401545314	0.0035969074542131	-0.0030126378067059	0.0020741574976431	226.21162833248047	1049.7627719955528	-516.0827463827625	968.5060030477234	0.5384615384615384	0.0	0.5384615384615384	0.5384615384615384													localization/results/component_transfer_runs/20260728_llama3_instruct_exclusive_just_only_cross_patch/only_to_exclusive_just/component_patching/eval_summary.tsv	only_to_just	exclusive	random	0.0004692401545314	-0.0020741574976431	0.0030126378067059	patched_minus_baseline
only_to_exclusive_just	attn	utterance_final	prompt_without	necessity	gold	10	random_mean	2	0,1	13.0	1.0	10.0	-42.32102362009195	4.291252550953483	-45.35539739865523	-39.28664984152867	-42.71584092653714	4.417118784075965	-45.839215572063736	-39.59246628101055	-42.341196674567	4.28804290633612	-45.37330089165614	-39.30909245747786	-4.494054941725692	0.8100725776136285	-5.066862754609555	-3.92124712884183	-4.531894374771133	0.7971042004845799	-5.09553216024606	-3.968256589296205	-4.49520916455643	0.8084876882979325	-5.066896291457733	-3.923522037655126	-0.0011542228307373	0.0015848893156954	-0.0022749088132956	-3.353684817900634e-05	-0.0011542228307373	0.0015848893156954	-0.0022749088132956	-3.353684817900634e-05	-2828.443619306355	481.350765574576	-3168.8100097734737	-2488.077228839236	0.5769230769230769	0.0543928293220421	0.5384615384615384	0.6153846153846154													localization/results/component_transfer_runs/20260728_llama3_instruct_exclusive_just_only_cross_patch/only_to_exclusive_just/component_patching/eval_summary.tsv	only_to_just	exclusive	random	0.0011542228307373	3.353684817900634e-05	0.0022749088132956	patched_minus_baseline
only_to_exclusive_just	mlp	utterance_final	prompt_without	necessity	gold	1	random_mean	2	0,1	13.0	1.0	1.0	-42.32102362009195	4.291252550953483	-45.35539739865523	-39.28664984152867	-42.71584092653714	4.417118784075965	-45.839215572063736	-39.59246628101055	-42.32417297707154	4.2948645374919	-45.36110081580969	-39.2872451383334	-4.494054941725692	0.8100725776136285	-5.066862754609555	-3.92124712884183	-4.531894374771133	0.7971042004845799	-5.09553216024606	-3.968256589296205	-4.494687230790781	0.810387901916733	-5.067718011627642	-3.921656449953921	-0.0006322890650885	0.0003153243031047	-0.0008552570180868	-0.0004093211120902	-0.0006322890650885	0.0003153243031047	-0.0008552570180868	-0.0004093211120902	198.984048107901	440.81725700803713	-112.7208235865352	510.6889198023373	0.5769230769230769	0.0543928293220421	0.5384615384615384	0.6153846153846154													localization/results/component_transfer_runs/20260728_llama3_instruct_exclusive_just_only_cross_patch/only_to_exclusive_just/component_patching/eval_summary.tsv	only_to_just	exclusive	random	0.0006322890650885	0.0004093211120902	0.0008552570180868	patched_minus_baseline
only_to_exclusive_just	mlp	utterance_final	prompt_without	necessity	gold	3	random_mean	2	0,1	13.0	1.0	3.0	-42.32102362009195	4.291252550953483	-45.35539739865523	-39.28664984152867	-42.71584092653714	4.417118784075965	-45.839215572063736	-39.59246628101055	-42.33982356695029	4.301248065125676	-45.381265241366165	-39.2983818925344	-4.494054941725692	0.8100725776136285	-5.066862754609555	-3.92124712884183	-4.531894374771133	0.7971042004845799	-5.09553216024606	-3.968256589296205	-4.496202088792389	0.8068708182756319	-5.066745915936626	-3.925658261648151	-0.0021471470666965	0.0032017593379962	-0.0044111328063209	0.0001168386729279	-0.0021471470666965	0.0032017593379962	-0.0044111328063209	0.0001168386729279	-2757.601021214603	3707.378857638872	-5379.113751878685	-136.08829055052027	0.6923076923076923	0.0	0.6923076923076923	0.6923076923076923													localization/results/component_transfer_runs/20260728_llama3_instruct_exclusive_just_only_cross_patch/only_to_exclusive_just/component_patching/eval_summary.tsv	only_to_just	exclusive	random	0.0021471470666965	-0.0001168386729279	0.0044111328063209	patched_minus_baseline
only_to_exclusive_just	mlp	utterance_final	prompt_without	necessity	gold	5	random_mean	2	0,1	13.0	1.0	5.0	-42.32102362009195	4.291252550953483	-45.35539739865523	-39.28664984152867	-42.71584092653714	4.417118784075965	-45.839215572063736	-39.59246628101055	-42.3868999423889	4.303733310784264	-45.430098950862885	-39.34370093391492	-4.494054941725692	0.8100725776136285	-5.066862754609555	-3.92124712884183	-4.531894374771133	0.7971042004845799	-5.09553216024606	-3.968256589296205	-4.500447746506661	0.8087697978839298	-5.072334355009262	-3.928561138004061	-0.0063928047809691	0.0013027797296979	-0.007314009162231	-0.0054716003997073	-0.0063928047809691	0.0013027797296979	-0.007314009162231	-0.0054716003997073	1202.5069072066326	406.93828711416194	914.7580848637704	1490.2557295494948	0.6923076923076923	0.1087856586440842	0.6153846153846154	0.7692307692307693													localization/results/component_transfer_runs/20260728_llama3_instruct_exclusive_just_only_cross_patch/only_to_exclusive_just/component_patching/eval_summary.tsv	only_to_just	exclusive	random	0.0063928047809691	0.0054716003997073	0.007314009162231	patched_minus_baseline
only_to_exclusive_just	mlp	utterance_final	prompt_without	necessity	gold	10	random_mean	2	0,1	13.0	1.0	10.0	-42.32102362009195	4.291252550953483	-45.35539739865523	-39.28664984152867	-42.71584092653714	4.417118784075965	-45.839215572063736	-39.59246628101055	-42.51767936692788	4.398170528741949	-45.627655572616135	-39.40770316123962	-4.494054941725692	0.8100725776136285	-5.066862754609555	-3.92124712884183	-4.531894374771133	0.7971042004845799	-5.09553216024606	-3.968256589296205	-4.51101537522654	0.8012846961618619	-5.077609217543595	-3.9444215329094856	-0.0169604335008477	0.008787881451766	-0.0231744040676549	-0.0107464629340404	-0.0169604335008477	0.008787881451766	-0.0231744040676549	-0.0107464629340404	-719.9816931103325	1473.1576333844998	-1761.661445433238	321.6980592125731	0.6923076923076923	0.0	0.6923076923076923	0.6923076923076923													localization/results/component_transfer_runs/20260728_llama3_instruct_exclusive_just_only_cross_patch/only_to_exclusive_just/component_patching/eval_summary.tsv	only_to_just	exclusive	random	0.0169604335008477	0.0107464629340404	0.0231744040676549	patched_minus_baseline
only_to_exclusive_just	resid	utterance_final	prompt_without	necessity	gold	1	random_mean	2	0,1	13.0	1.0	1.0	-42.32102362009195	4.291252550953483	-45.35539739865523	-39.28664984152867	-42.71584092653714	4.417118784075965	-45.839215572063736	-39.59246628101055	-42.28466481199632	4.249314737842942	-45.289384078521	-39.279945545471634	-4.494054941725692	0.8100725776136285	-5.066862754609555	-3.92124712884183	-4.531894374771133	0.7971042004845799	-5.09553216024606	-3.968256589296205	-4.489322654072659	0.8079108041845833	-5.060601862305455	-3.918043445839863	0.0047322876530337	0.0021617734290456	0.0032036830019667	0.0062608923041008	0.0047322876530337	0.0021617734290456	0.0032036830019667	0.0062608923041008	-7120.80647693554	5884.23676603194	-11281.590196303923	-2960.0227575671547	0.4230769230769231	0.1631784879661263	0.3076923076923077	0.5384615384615384													localization/results/component_transfer_runs/20260728_llama3_instruct_exclusive_just_only_cross_patch/only_to_exclusive_just/component_patching/eval_summary.tsv	only_to_just	exclusive	random	-0.0047322876530337	-0.0062608923041008	-0.0032036830019667	patched_minus_baseline
only_to_exclusive_just	resid	utterance_final	prompt_without	necessity	gold	3	random_mean	2	0,1	13.0	1.0	3.0	-42.32102362009195	4.291252550953483	-45.35539739865523	-39.28664984152867	-42.71584092653714	4.417118784075965	-45.839215572063736	-39.59246628101055	-42.46231834934308	4.423052596730965	-45.58988883403632	-39.33474786464985	-4.494054941725692	0.8100725776136285	-5.066862754609555	-3.92124712884183	-4.531894374771133	0.7971042004845799	-5.09553216024606	-3.968256589296205	-4.502895808564126	0.7957596889581453	-5.065582880821329	-3.940208736306924	-0.0088408668384338	0.0143128886554834	-0.0189616074650942	0.0012798737882265	-0.0088408668384338	0.0143128886554834	-0.0189616074650942	0.0012798737882265	-11288.427585716076	12987.184785671763	-20471.75401618734	-2105.101155244814	0.6153846153846154	0.0	0.6153846153846154	0.6153846153846154													localization/results/component_transfer_runs/20260728_llama3_instruct_exclusive_just_only_cross_patch/only_to_exclusive_just/component_patching/eval_summary.tsv	only_to_just	exclusive	random	0.0088408668384338	-0.0012798737882265	0.0189616074650942	patched_minus_baseline
only_to_exclusive_just	resid	utterance_final	prompt_without	necessity	gold	5	random_mean	2	0,1	13.0	1.0	5.0	-42.32102362009195	4.291252550953483	-45.35539739865523	-39.28664984152867	-42.71584092653714	4.417118784075965	-45.839215572063736	-39.59246628101055	-42.38676318640893	4.3161379063966825	-45.43873356855833	-39.33479280425952	-4.494054941725692	0.8100725776136285	-5.066862754609555	-3.92124712884183	-4.531894374771133	0.7971042004845799	-5.09553216024606	-3.968256589296205	-4.497901289231322	0.8033581691466485	-5.065961298356527	-3.9298412801061176	-0.0038463475056299	0.0067144084669805	-0.0085941512642881	0.0009014562530283	-0.0038463475056299	0.0067144084669805	-0.0085941512642881	0.0009014562530283	-9223.801875869238	3136.559075739489	-11441.68406791684	-7005.919683821635	0.5384615384615385	0.1087856586440842	0.4615384615384615	0.6153846153846154													localization/results/component_transfer_runs/20260728_llama3_instruct_exclusive_just_only_cross_patch/only_to_exclusive_just/component_patching/eval_summary.tsv	only_to_just	exclusive	random	0.0038463475056299	-0.0009014562530283	0.0085941512642881	patched_minus_baseline
only_to_exclusive_just	resid	utterance_final	prompt_without	necessity	gold	10	random_mean	2	0,1	13.0	1.0	10.0	-42.32102362009195	4.291252550953483	-45.35539739865523	-39.28664984152867	-42.71584092653714	4.417118784075965	-45.839215572063736	-39.59246628101055	-42.46713187717474	4.3300082429597655	-45.52891006836524	-39.405353685984245	-4.494054941725692	0.8100725776136285	-5.066862754609555	-3.92124712884183	-4.531894374771133	0.7971042004845799	-5.09553216024606	-3.968256589296205	-4.508455679900308	0.8027371277075447	-5.076076546412525	-3.940834813388092	-0.0144007381746156	0.0073354499060833	-0.0195876845462613	-0.0092137918029698	-0.0144007381746156	0.0073354499060833	-0.0195876845462613	-0.0092137918029698	-4715.48580588345	3821.066996589738	-7417.388190540169	-2013.5834212267316	0.6538461538461539	0.054392829322042	0.6153846153846154	0.6923076923076923													localization/results/component_transfer_runs/20260728_llama3_instruct_exclusive_just_only_cross_patch/only_to_exclusive_just/component_patching/eval_summary.tsv	only_to_just	exclusive	random	0.0144007381746156	0.0092137918029698	0.0195876845462613	patched_minus_baseline
only_to_nonexclusive_just	attn	utterance_final	prompt_without	necessity	gold	1	localized	2	0,1	14.0	1.0	1.0	-45.70775020122528	10.897269180553408	-53.41328313520977	-38.0022172672408	-46.03361478447914	11.29598964475893	-54.0210856625012	-38.04614390645708	-45.68595133083208	10.896616921946828	-53.39102304833276	-37.98087961333139	-4.271119621654968	0.1750221219170699	-4.394878950920186	-4.147360292389749	-4.326021416959363	0.1170198798517962	-4.408766967536203	-4.243275866382523	-4.271340688717864	0.1716059569185951	-4.392684424547008	-4.149996952888718	-0.0002210670628949	0.0034161649984755	-0.0026366604989691	0.0021945263731792	-0.0002210670628949	0.0034161649984755	-0.0026366604989691	0.0021945263731792	-2189.312998988732	3.7818061367049256	-2191.9871397531288	-2186.638858224335	0.5357142857142857	0.1515228816828316	0.4285714285714285	0.6428571428571429	0.4642857142857143	0.0505076272276105	0.4285714285714285	0.5	0.5	0.0252538136138052	0.4821428571428571	0.5178571428571429	0.4642857142857143	0.0008819743977522	-0.0008819743977522	-2799.537012544989	localization/results/component_transfer_runs/20260729_llama3_instruct_nonexclusive_just_only_cross_patch/only_to_nonexclusive_just/component_patching/eval_summary.tsv	only_to_just	nonexclusive	cross	0.0002210670628949	-0.0021945263731792	0.0026366604989691	patched_minus_baseline
only_to_nonexclusive_just	attn	utterance_final	prompt_without	necessity	gold	3	localized	2	0,1	14.0	1.0	3.0	-45.70775020122528	10.897269180553408	-53.41328313520977	-38.0022172672408	-46.03361478447914	11.29598964475893	-54.0210856625012	-38.04614390645708	-45.68757717524256	10.97674844909077	-53.44931043897356	-37.92584391151156	-4.271119621654968	0.1750221219170699	-4.394878950920186	-4.147360292389749	-4.326021416959363	0.1170198798517962	-4.408766967536203	-4.243275866382523	-4.273199444356591	0.1585629197489004	-4.385320360155776	-4.161078528557405	-0.0020798227016231	0.0164592021681683	-0.0137182361676553	0.009558590764409	-0.0020798227016231	0.0164592021681683	-0.0137182361676553	0.009558590764409	-5935.505950556728	3985.159101978877	-8753.438975673283	-3117.5729254401717	0.5714285714285714	0.0	0.5714285714285714	0.5714285714285714	0.5714285714285714	0.1010152544552211	0.5	0.6428571428571429	0.5625	0.0883883476483184	0.5	0.625	0.5714285714285714	-0.0018266677553041	0.0018266677553041	-5387.102239188169	localization/results/component_transfer_runs/20260729_llama3_instruct_nonexclusive_just_only_cross_patch/only_to_nonexclusive_just/component_patching/eval_summary.tsv	only_to_just	nonexclusive	cross	0.0020798227016231	-0.009558590764409	0.0137182361676553	patched_minus_baseline
only_to_nonexclusive_just	attn	utterance_final	prompt_without	necessity	gold	5	localized	2	0,1	14.0	1.0	5.0	-45.70775020122528	10.897269180553408	-53.41328313520977	-38.0022172672408	-46.03361478447914	11.29598964475893	-54.0210856625012	-38.04614390645708	-45.723252002682	11.011532616467468	-53.509581387043	-37.93692261832101	-4.271119621654968	0.1750221219170699	-4.394878950920186	-4.147360292389749	-4.326021416959363	0.1170198798517962	-4.408766967536203	-4.243275866382523	-4.278515209367194	0.1549323296899414	-4.388068910315981	-4.168961508418406	-0.0073955877122258	0.0200897922271297	-0.0216012160286581	0.0068100406042063	-0.0073955877122258	0.0200897922271297	-0.0216012160286581	0.0068100406042063	-7060.272514937424	5177.6778819652645	-10721.443656074664	-3399.101373800185	0.5714285714285714	0.0	0.5714285714285714	0.5714285714285714	0.5714285714285714	0.1010152544552211	0.5	0.6428571428571429	0.5714285714285714	0.1010152544552211	0.5	0.6428571428571429	0.5714285714285714	-0.0070542026463247	0.0070542026463247	-5896.53784016736	localization/results/component_transfer_runs/20260729_llama3_instruct_nonexclusive_just_only_cross_patch/only_to_nonexclusive_just/component_patching/eval_summary.tsv	only_to_just	nonexclusive	cross	0.0073955877122258	-0.0068100406042063	0.0216012160286581	patched_minus_baseline
only_to_nonexclusive_just	attn	utterance_final	prompt_without	necessity	gold	10	localized	2	0,1	14.0	1.0	10.0	-45.70775020122528	10.897269180553408	-53.41328313520977	-38.0022172672408	-46.03361478447914	11.29598964475893	-54.0210856625012	-38.04614390645708	-45.85685701881136	10.943379109271731	-53.5949945960726	-38.11871944155012	-4.271119621654968	0.1750221219170699	-4.394878950920186	-4.147360292389749	-4.326021416959363	0.1170198798517962	-4.408766967536203	-4.243275866382523	-4.297026706211588	0.1634318261515696	-4.412590458745064	-4.181462953678112	-0.0259070845566204	0.0115902957655007	-0.0341026612883637	-0.0177115078248771	-0.0259070845566204	0.0115902957655007	-0.0341026612883637	-0.0177115078248771	-2239.2272419125825	1884.219571200084	-3571.5716779525706	-906.8828058725944	0.6785714285714286	0.0505076272276105	0.6428571428571429	0.7142857142857143	0.7142857142857143	0.0	0.7142857142857143	0.7142857142857143	0.6964285714285714	0.0	0.6964285714285714	0.6964285714285714	0.7142857142857143	-0.0279514398789014	0.0279514398789014	-144.17467628611374	localization/results/component_transfer_runs/20260729_llama3_instruct_nonexclusive_just_only_cross_patch/only_to_nonexclusive_just/component_patching/eval_summary.tsv	only_to_just	nonexclusive	cross	0.0259070845566204	0.0177115078248771	0.0341026612883637	patched_minus_baseline
only_to_nonexclusive_just	mlp	utterance_final	prompt_without	necessity	gold	1	localized	2	0,1	14.0	1.0	1.0	-45.70775020122528	10.897269180553408	-53.41328313520977	-38.0022172672408	-46.03361478447914	11.29598964475893	-54.0210856625012	-38.04614390645708	-45.750729548079626	10.937344397061397	-53.48459993941443	-38.01685915674482	-4.271119621654968	0.1750221219170699	-4.394878950920186	-4.147360292389749	-4.326021416959363	0.1170198798517962	-4.408766967536203	-4.243275866382523	-4.273575249095697	0.1743588310643831	-4.396865560901082	-4.150284937290312	-0.0024556274407295	0.0006632908526871	-0.0029246449005636	-0.0019866099808953	-0.0024556274407295	0.0006632908526871	-0.0029246449005636	-0.0019866099808953	3222.8843199792154	3219.6870862214314	946.2217480132848	5499.546891945146	0.5714285714285714	0.0	0.5714285714285714	0.5714285714285714	0.5714285714285714	0.1010152544552211	0.5	0.6428571428571429	0.6071428571428572	0.0505076272276105	0.5714285714285714	0.6428571428571429	0.5714285714285714	-0.0029549446967828	0.0029549446967828	2972.46859323352	localization/results/component_transfer_runs/20260729_llama3_instruct_nonexclusive_just_only_cross_patch/only_to_nonexclusive_just/component_patching/eval_summary.tsv	only_to_just	nonexclusive	cross	0.0024556274407295	0.0019866099808953	0.0029246449005636	patched_minus_baseline
only_to_nonexclusive_just	mlp	utterance_final	prompt_without	necessity	gold	3	localized	2	0,1	14.0	1.0	3.0	-45.70775020122528	10.897269180553408	-53.41328313520977	-38.0022172672408	-46.03361478447914	11.29598964475893	-54.0210856625012	-38.04614390645708	-45.78039574197361	10.918299476540868	-53.50079934086119	-38.05999214308603	-4.271119621654968	0.1750221219170699	-4.394878950920186	-4.147360292389749	-4.326021416959363	0.1170198798517962	-4.408766967536203	-4.243275866382523	-4.278033858670747	0.1764298875645256	-4.402788628571603	-4.1532790887698905	-0.0069142370157788	0.0014077656474552	-0.0079096776514159	-0.0059187963801417	-0.0069142370157788	0.0014077656474552	-0.0079096776514159	-0.0059187963801417	3301.809068486461	8976.516918865234	-3045.5469162789195	9649.165053251842	0.5	0.2020305089104421	0.3571428571428571	0.6428571428571429	0.4642857142857143	0.0505076272276105	0.4285714285714285	0.5	0.4553571428571428	0.0378807204207079	0.4285714285714285	0.4821428571428571	0.4642857142857143	-0.0065759024323183	0.0065759024323183	4879.4983221696575	localization/results/component_transfer_runs/20260729_llama3_instruct_nonexclusive_just_only_cross_patch/only_to_nonexclusive_just/component_patching/eval_summary.tsv	only_to_just	nonexclusive	cross	0.0069142370157788	0.0059187963801417	0.0079096776514159	patched_minus_baseline
only_to_nonexclusive_just	mlp	utterance_final	prompt_without	necessity	gold	5	localized	2	0,1	14.0	1.0	5.0	-45.70775020122528	10.897269180553408	-53.41328313520977	-38.0022172672408	-46.03361478447914	11.29598964475893	-54.0210856625012	-38.04614390645708	-45.767966934612815	10.96281759706366	-53.51984959840775	-38.01608427081789	-4.271119621654968	0.1750221219170699	-4.394878950920186	-4.147360292389749	-4.326021416959363	0.1170198798517962	-4.408766967536203	-4.243275866382523	-4.27690739390418	0.1685622047630928	-4.396098871943918	-4.157715915864442	-0.0057877722492121	0.006459917153978	-0.0103556234746933	-0.0012199210237309	-0.0057877722492121	0.006459917153978	-0.0103556234746933	-0.0012199210237309	697.051068391836	8094.80064933032	-5026.837363102901	6420.939499886573	0.4642857142857143	0.1515228816828316	0.3571428571428571	0.5714285714285714	0.4642857142857143	0.0505076272276105	0.4285714285714285	0.5	0.4910714285714286	0.0378807204207079	0.4642857142857143	0.5178571428571429	0.4642857142857143	-0.0042479036358324	0.0042479036358324	-1229.664660557257	localization/results/component_transfer_runs/20260729_llama3_instruct_nonexclusive_just_only_cross_patch/only_to_nonexclusive_just/component_patching/eval_summary.tsv	only_to_just	nonexclusive	cross	0.0057877722492121	0.0012199210237309	0.0103556234746933	patched_minus_baseline
only_to_nonexclusive_just	mlp	utterance_final	prompt_without	necessity	gold	10	localized	2	0,1	14.0	1.0	10.0	-45.70775020122528	10.897269180553408	-53.41328313520977	-38.0022172672408	-46.03361478447914	11.29598964475893	-54.0210856625012	-38.04614390645708	-45.80692902207375	10.937308030352115	-53.54077369826181	-38.07308434588568	-4.271119621654968	0.1750221219170699	-4.394878950920186	-4.147360292389749	-4.326021416959363	0.1170198798517962	-4.408766967536203	-4.243275866382523	-4.281325627322746	0.1713098114307197	-4.402459956669197	-4.160191297976295	-0.0102060056677783	0.0037123104863507	-0.0128310055865469	-0.0075810057490098	-0.0102060056677783	0.0037123104863507	-0.0128310055865469	-0.0075810057490098	348.4768804459636	6317.485311397326	-4118.659823289493	4815.61358418142	0.5714285714285714	0.2020305089104421	0.4285714285714285	0.7142857142857143	0.6785714285714286	0.0505076272276105	0.6428571428571429	0.7142857142857143	0.6428571428571428	0.0252538136138052	0.625	0.6607142857142857	0.6785714285714286	-0.0111793510596426	0.0111793510596426	911.8232658931886	localization/results/component_transfer_runs/20260729_llama3_instruct_nonexclusive_just_only_cross_patch/only_to_nonexclusive_just/component_patching/eval_summary.tsv	only_to_just	nonexclusive	cross	0.0102060056677783	0.0075810057490098	0.0128310055865469	patched_minus_baseline
only_to_nonexclusive_just	resid	utterance_final	prompt_without	necessity	gold	1	localized	2	0,1	14.0	1.0	1.0	-45.70775020122528	10.897269180553408	-53.41328313520977	-38.0022172672408	-46.03361478447914	11.29598964475893	-54.0210856625012	-38.04614390645708	-45.797469100781846	10.842275810049976	-53.46411584956305	-38.13082235200064	-4.271119621654968	0.1750221219170699	-4.394878950920186	-4.147360292389749	-4.326021416959363	0.1170198798517962	-4.408766967536203	-4.243275866382523	-4.287707273332476	0.1776229479601406	-4.413305664329437	-4.162108882335516	-0.0165876516775083	0.0026008260430702	-0.0184267134092499	-0.0147485899457667	-0.0165876516775083	0.0026008260430702	-0.0184267134092499	-0.0147485899457667	1606.9480522876686	5801.612625606172	-2495.4115770959456	5709.307681671283	0.75	0.0505076272276105	0.7142857142857143	0.7857142857142857	0.6785714285714286	0.1515228816828316	0.5714285714285714	0.7857142857142857	0.6428571428571428	0.2020305089104421	0.5	0.7857142857142857	0.6785714285714286	-0.0129676953045214	0.0129676953045214	3529.9160396009256	localization/results/component_transfer_runs/20260729_llama3_instruct_nonexclusive_just_only_cross_patch/only_to_nonexclusive_just/component_patching/eval_summary.tsv	only_to_just	nonexclusive	cross	0.0165876516775083	0.0147485899457667	0.0184267134092499	patched_minus_baseline
only_to_nonexclusive_just	resid	utterance_final	prompt_without	necessity	gold	3	localized	2	0,1	14.0	1.0	3.0	-45.70775020122528	10.897269180553408	-53.41328313520977	-38.0022172672408	-46.03361478447914	11.29598964475893	-54.0210856625012	-38.04614390645708	-45.80943174447332	10.835982563049898	-53.47162849562509	-38.147234993321554	-4.271119621654968	0.1750221219170699	-4.394878950920186	-4.147360292389749	-4.326021416959363	0.1170198798517962	-4.408766967536203	-4.243275866382523	-4.29136115650969	0.1764978936418656	-4.416164013968995	-4.166558299050385	-0.020241534854722	0.0014757717247952	-0.0212850630488081	-0.0191980066606359	-0.020241534854722	0.0014757717247952	-0.0212850630488081	-0.0191980066606359	1070.5334176482138	7888.630535652302	-4507.570728386795	6648.637563683223	0.7142857142857143	0.101015254455221	0.6428571428571429	0.7857142857142857	0.6071428571428572	0.1515228816828316	0.5	0.7142857142857143	0.625	0.1515228816828315	0.5178571428571429	0.7321428571428571	0.6071428571428571	-0.0154552855272228	0.0154552855272228	3011.2817691383784	localization/results/component_transfer_runs/20260729_llama3_instruct_nonexclusive_just_only_cross_patch/only_to_nonexclusive_just/component_patching/eval_summary.tsv	only_to_just	nonexclusive	cross	0.020241534854722	0.0191980066606359	0.0212850630488081	patched_minus_baseline
only_to_nonexclusive_just	resid	utterance_final	prompt_without	necessity	gold	5	localized	2	0,1	14.0	1.0	5.0	-45.70775020122528	10.897269180553408	-53.41328313520977	-38.0022172672408	-46.03361478447914	11.29598964475893	-54.0210856625012	-38.04614390645708	-45.81032262103898	10.905854017937786	-53.52192595175335	-38.09871929032462	-4.271119621654968	0.1750221219170699	-4.394878950920186	-4.147360292389749	-4.326021416959363	0.1170198798517962	-4.408766967536203	-4.243275866382523	-4.293529481636426	0.1652448756588292	-4.410375253771112	-4.17668370950174	-0.0224098599814581	0.009777246258241	-0.0293234171119911	-0.0154963028509251	-0.0224098599814581	0.009777246258241	-0.0293234171119911	-0.0154963028509251	-1380.5449102363516	2397.920174972281	-3076.130526703284	315.0407062305809	0.7142857142857143	0.101015254455221	0.6428571428571429	0.7857142857142857	0.6785714285714286	0.0505076272276105	0.6428571428571429	0.7142857142857143	0.5714285714285714	0.0757614408414157	0.5178571428571429	0.625	0.6785714285714286	-0.0120351527356779	0.0120351527356779	-406.0840385033131	localization/results/component_transfer_runs/20260729_llama3_instruct_nonexclusive_just_only_cross_patch/only_to_nonexclusive_just/component_patching/eval_summary.tsv	only_to_just	nonexclusive	cross	0.0224098599814581	0.0154963028509251	0.0293234171119911	patched_minus_baseline
only_to_nonexclusive_just	resid	utterance_final	prompt_without	necessity	gold	10	localized	2	0,1	14.0	1.0	10.0	-45.70775020122528	10.897269180553408	-53.41328313520977	-38.0022172672408	-46.03361478447914	11.29598964475893	-54.0210856625012	-38.04614390645708	-45.83002339516367	10.956134220770826	-53.57718019826071	-38.08286659206663	-4.271119621654968	0.1750221219170699	-4.394878950920186	-4.147360292389749	-4.326021416959363	0.1170198798517962	-4.408766967536203	-4.243275866382523	-4.299311058831201	0.1551088600004229	-4.408989585559615	-4.189632532102787	-0.0281914371762329	0.0199132619166471	-0.0422722397130379	-0.0141106346394279	-0.0281914371762329	0.0199132619166471	-0.0422722397130379	-0.0141106346394279	-4397.356597857621	3922.404733061888	-7170.915583163892	-1623.7976125513503	0.6428571428571428	0.1010152544552211	0.5714285714285714	0.7142857142857143	0.6071428571428572	0.1515228816828316	0.5	0.7142857142857143	0.5892857142857143	0.101015254455221	0.5178571428571429	0.6607142857142857	0.6071428571428571	-0.028938398123697	0.028938398123697	72.14698624877336	localization/results/component_transfer_runs/20260729_llama3_instruct_nonexclusive_just_only_cross_patch/only_to_nonexclusive_just/component_patching/eval_summary.tsv	only_to_just	nonexclusive	cross	0.0281914371762329	0.0141106346394279	0.0422722397130379	patched_minus_baseline
only_to_nonexclusive_just	attn	utterance_final	prompt_without	necessity	gold	1	random_mean	2	0,1	14.0	1.0	1.0	-45.70775020122528	10.897269180553408	-53.41328313520977	-38.0022172672408	-46.03361478447914	11.29598964475893	-54.0210856625012	-38.04614390645708	-45.7190154460924	10.90323090194834	-53.42876395370279	-38.009266938482014	-4.271119621654968	0.1750221219170699	-4.394878950920186	-4.147360292389749	-4.326021416959363	0.1170198798517962	-4.408766967536203	-4.243275866382523	-4.272222663115615	0.1744736026565084	-4.395594130692079	-4.148851195539151	-0.0011030414606472	0.0005485192605617	-0.0014909031494019	-0.0007151797718925	-0.0011030414606472	0.0005485192605617	-0.0014909031494019	-0.0007151797718925	610.224013556257	16.663149372271185	598.4413876391997	622.0066394733143	0.6428571428571429	0.0	0.6428571428571429	0.6428571428571429													localization/results/component_transfer_runs/20260729_llama3_instruct_nonexclusive_just_only_cross_patch/only_to_nonexclusive_just/component_patching/eval_summary.tsv	only_to_just	nonexclusive	random	0.0011030414606472	0.0007151797718925	0.0014909031494019	patched_minus_baseline
only_to_nonexclusive_just	attn	utterance_final	prompt_without	necessity	gold	3	random_mean	2	0,1	14.0	1.0	3.0	-45.70775020122528	10.897269180553408	-53.41328313520977	-38.0022172672408	-46.03361478447914	11.29598964475893	-54.0210856625012	-38.04614390645708	-45.70760119599956	10.884885846405025	-53.40437779043402	-38.01082460156509	-4.271119621654968	0.1750221219170699	-4.394878950920186	-4.147360292389749	-4.326021416959363	0.1170198798517962	-4.408766967536203	-4.243275866382523	-4.271372776601287	0.1759328894763715	-4.3957761157837725	-4.146969437418801	-0.000253154946319	0.0009107675593007	-0.0008971648635853	0.0003908549709472	-0.000253154946319	0.0009107675593007	-0.0008971648635853	0.0003908549709472	-548.4037113685597	564.42088652445	-947.5095476733212	-149.29787506379827	0.6071428571428572	0.1515228816828316	0.5	0.7142857142857143													localization/results/component_transfer_runs/20260729_llama3_instruct_nonexclusive_just_only_cross_patch/only_to_nonexclusive_just/component_patching/eval_summary.tsv	only_to_just	nonexclusive	random	0.000253154946319	-0.0003908549709472	0.0008971648635853	patched_minus_baseline
only_to_nonexclusive_just	attn	utterance_final	prompt_without	necessity	gold	5	random_mean	2	0,1	14.0	1.0	5.0	-45.70775020122528	10.897269180553408	-53.41328313520977	-38.0022172672408	-46.03361478447914	11.29598964475893	-54.0210856625012	-38.04614390645708	-45.70468902055706	10.873930608545368	-53.39371909201145	-38.01565894910267	-4.271119621654968	0.1750221219170699	-4.394878950920186	-4.147360292389749	-4.326021416959363	0.1170198798517962	-4.408766967536203	-4.243275866382523	-4.27146100672087	0.1759560149787949	-4.395880698102937	-4.147041315338802	-0.000341385065901	0.0009338930617243	-0.0010017471827494	0.0003189770509472	-0.000341385065901	0.0009338930617243	-0.0010017471827494	0.0003189770509472	-1163.7346747700628	228.8104269698721	-1325.5280792866488	-1001.941270253477	0.6071428571428572	0.0505076272276105	0.5714285714285714	0.6428571428571429													localization/results/component_transfer_runs/20260729_llama3_instruct_nonexclusive_just_only_cross_patch/only_to_nonexclusive_just/component_patching/eval_summary.tsv	only_to_just	nonexclusive	random	0.000341385065901	-0.0003189770509472	0.0010017471827494	patched_minus_baseline
only_to_nonexclusive_just	attn	utterance_final	prompt_without	necessity	gold	10	random_mean	2	0,1	14.0	1.0	10.0	-45.70775020122528	10.897269180553408	-53.41328313520977	-38.0022172672408	-46.03361478447914	11.29598964475893	-54.0210856625012	-38.04614390645708	-45.68894758181913	10.889494336356153	-53.38898287074907	-37.98891229288919	-4.271119621654968	0.1750221219170699	-4.394878950920186	-4.147360292389749	-4.326021416959363	0.1170198798517962	-4.408766967536203	-4.243275866382523	-4.269075266332687	0.1746956930209602	-4.392603775511891	-4.1455467571534825	0.002044355322281	0.0003264288961105	0.0018135352362659	0.002275175408296	0.002044355322281	0.0003264288961105	0.0018135352362659	0.002275175408296	-2095.052565626469	1722.3044197262643	-3312.9057000824723	-877.1994311704656	0.3571428571428571	0.101015254455221	0.2857142857142857	0.4285714285714285													localization/results/component_transfer_runs/20260729_llama3_instruct_nonexclusive_just_only_cross_patch/only_to_nonexclusive_just/component_patching/eval_summary.tsv	only_to_just	nonexclusive	random	-0.002044355322281	-0.002275175408296	-0.0018135352362659	patched_minus_baseline
only_to_nonexclusive_just	mlp	utterance_final	prompt_without	necessity	gold	1	random_mean	2	0,1	14.0	1.0	1.0	-45.70775020122528	10.897269180553408	-53.41328313520977	-38.0022172672408	-46.03361478447914	11.29598964475893	-54.0210856625012	-38.04614390645708	-45.708941464977606	10.907594326038318	-53.42177537935121	-37.996107550604	-4.271119621654968	0.1750221219170699	-4.394878950920186	-4.147360292389749	-4.326021416959363	0.1170198798517962	-4.408766967536203	-4.243275866382523	-4.270620304398914	0.1741800958663563	-4.393784231333738	-4.147456377464091	0.0004993172560533	0.0008420260507139	-9.608507434227016e-05	0.0010947195864488	0.0004993172560533	0.0008420260507139	-9.608507434227016e-05	0.0010947195864488	250.41572674569525	224.40793365157072	91.73535510860876	409.09609838278175	0.5357142857142857	0.1515228816828316	0.4285714285714285	0.6428571428571429													localization/results/component_transfer_runs/20260729_llama3_instruct_nonexclusive_just_only_cross_patch/only_to_nonexclusive_just/component_patching/eval_summary.tsv	only_to_just	nonexclusive	random	-0.0004993172560533	-0.0010947195864488	9.608507434227016e-05	patched_minus_baseline
only_to_nonexclusive_just	mlp	utterance_final	prompt_without	necessity	gold	3	random_mean	2	0,1	14.0	1.0	3.0	-45.70775020122528	10.897269180553408	-53.41328313520977	-38.0022172672408	-46.03361478447914	11.29598964475893	-54.0210856625012	-38.04614390645708	-45.71014908488307	10.899333706296597	-53.4171418590205	-38.003156310745645	-4.271119621654968	0.1750221219170699	-4.394878950920186	-4.147360292389749	-4.326021416959363	0.1170198798517962	-4.408766967536203	-4.243275866382523	-4.271457956238428	0.1741141296240511	-4.394575237995988	-4.148340674480868	-0.0003383345834605	0.0009079922930187	-0.0009803820911192	0.0003037129241982	-0.0003383345834605	0.0009079922930187	-0.0009803820911192	0.0003037129241982	-1577.689253683197	6.025855655597304	-1581.9501770797212	-1573.428330286673	0.6071428571428572	0.0505076272276105	0.5714285714285714	0.6428571428571429													localization/results/component_transfer_runs/20260729_llama3_instruct_nonexclusive_just_only_cross_patch/only_to_nonexclusive_just/component_patching/eval_summary.tsv	only_to_just	nonexclusive	random	0.0003383345834605	-0.0003037129241982	0.0009803820911192	patched_minus_baseline
only_to_nonexclusive_just	mlp	utterance_final	prompt_without	necessity	gold	5	random_mean	2	0,1	14.0	1.0	5.0	-45.70775020122528	10.897269180553408	-53.41328313520977	-38.0022172672408	-46.03361478447914	11.29598964475893	-54.0210856625012	-38.04614390645708	-45.73198962318045	10.858169412212588	-53.40987484582833	-38.05410440053259	-4.271119621654968	0.1750221219170699	-4.394878950920186	-4.147360292389749	-4.326021416959363	0.1170198798517962	-4.408766967536203	-4.243275866382523	-4.272659490268348	0.1801536498760075	-4.40004735775118	-4.145271622785516	-0.0015398686133797	0.0051315279589378	-0.005168406830993	0.0020886696042335	-0.0015398686133797	0.0051315279589378	-0.005168406830993	0.0020886696042335	1926.7157289490929	4567.566850228499	-1303.0417643703586	5156.473222268544	0.5	0.101015254455221	0.4285714285714285	0.5714285714285714													localization/results/component_transfer_runs/20260729_llama3_instruct_nonexclusive_just_only_cross_patch/only_to_nonexclusive_just/component_patching/eval_summary.tsv	only_to_just	nonexclusive	random	0.0015398686133797	-0.0020886696042335	0.005168406830993	patched_minus_baseline
only_to_nonexclusive_just	mlp	utterance_final	prompt_without	necessity	gold	10	random_mean	2	0,1	14.0	1.0	10.0	-45.70775020122528	10.897269180553408	-53.41328313520977	-38.0022172672408	-46.03361478447914	11.29598964475893	-54.0210856625012	-38.04614390645708	-45.72343191823789	10.90079489538762	-53.43145790909018	-38.0154059273856	-4.271119621654968	0.1750221219170699	-4.394878950920186	-4.147360292389749	-4.326021416959363	0.1170198798517962	-4.408766967536203	-4.243275866382523	-4.270146276263104	0.1770498476988471	-4.395339424179004	-4.144953128347203	0.0009733453918642	0.0020277257817769	-0.000460473258817	0.0024071640425455	0.0009733453918642	0.0020277257817769	-0.000460473258817	0.0024071640425455	-563.3463854472238	573.6572616803584	-968.9833252583112	-157.70944563613662	0.5	0.2020305089104421	0.3571428571428571	0.6428571428571429													localization/results/component_transfer_runs/20260729_llama3_instruct_nonexclusive_just_only_cross_patch/only_to_nonexclusive_just/component_patching/eval_summary.tsv	only_to_just	nonexclusive	random	-0.0009733453918642	-0.0024071640425455	0.000460473258817	patched_minus_baseline
only_to_nonexclusive_just	resid	utterance_final	prompt_without	necessity	gold	1	random_mean	2	0,1	14.0	1.0	1.0	-45.70775020122528	10.897269180553408	-53.41328313520977	-38.0022172672408	-46.03361478447914	11.29598964475893	-54.0210856625012	-38.04614390645708	-45.72042237328631	10.941329106128345	-53.45711037942341	-37.98373436714922	-4.271119621654968	0.1750221219170699	-4.394878950920186	-4.147360292389749	-4.326021416959363	0.1170198798517962	-4.408766967536203	-4.243275866382523	-4.274739578027955	0.1677494376059026	-4.393356342899319	-4.156122813156592	-0.0036199563729869	0.0072726843111686	-0.0087625207668433	0.0015226080208694	-0.0036199563729869	0.0072726843111686	-0.0087625207668433	0.0015226080208694	-1922.9679873132568	1689.05228419809	-3117.3083112483537	-728.6276633781594	0.6071428571428572	0.1515228816828316	0.5	0.7142857142857143													localization/results/component_transfer_runs/20260729_llama3_instruct_nonexclusive_just_only_cross_patch/only_to_nonexclusive_just/component_patching/eval_summary.tsv	only_to_just	nonexclusive	random	0.0036199563729869	-0.0015226080208694	0.0087625207668433	patched_minus_baseline
only_to_nonexclusive_just	resid	utterance_final	prompt_without	necessity	gold	3	random_mean	2	0,1	14.0	1.0	3.0	-45.70775020122528	10.897269180553408	-53.41328313520977	-38.0022172672408	-46.03361478447914	11.29598964475893	-54.0210856625012	-38.04614390645708	-45.74110882622856	10.92527044787549	-53.4664416462183	-38.0157760062388	-4.271119621654968	0.1750221219170699	-4.394878950920186	-4.147360292389749	-4.326021416959363	0.1170198798517962	-4.408766967536203	-4.243275866382523	-4.275905870982468	0.1734866516959314	-4.3985794588420095	-4.153232283122926	-0.0047862493274992	0.0015354702211385	-0.0058719907331763	-0.0037005079218221	-0.0047862493274992	0.0015354702211385	-0.0058719907331763	-0.0037005079218221	-1940.7483514901649	924.0422451603324	-2594.144889145878	-1287.3518138344516	0.6428571428571429	0.0	0.6428571428571429	0.6428571428571429													localization/results/component_transfer_runs/20260729_llama3_instruct_nonexclusive_just_only_cross_patch/only_to_nonexclusive_just/component_patching/eval_summary.tsv	only_to_just	nonexclusive	random	0.0047862493274992	0.0037005079218221	0.0058719907331763	patched_minus_baseline
only_to_nonexclusive_just	resid	utterance_final	prompt_without	necessity	gold	5	random_mean	2	0,1	14.0	1.0	5.0	-45.70775020122528	10.897269180553408	-53.41328313520977	-38.0022172672408	-46.03361478447914	11.29598964475893	-54.0210856625012	-38.04614390645708	-45.7711941493409	10.869639181809358	-53.4571897238493	-38.08519857483251	-4.271119621654968	0.1750221219170699	-4.394878950920186	-4.147360292389749	-4.326021416959363	0.1170198798517962	-4.408766967536203	-4.243275866382523	-4.281494328900749	0.1806758100124482	-4.409251419356923	-4.153737238444574	-0.0103747072457802	0.0056536880953783	-0.0143724684367359	-0.0063769460548245	-0.0103747072457802	0.0056536880953783	-0.0143724684367359	-0.0063769460548245	-974.4608717330382	2008.5182529169024	-2394.697748507537	445.77600504146073	0.6071428571428572	0.0505076272276105	0.5714285714285714	0.6428571428571429													localization/results/component_transfer_runs/20260729_llama3_instruct_nonexclusive_just_only_cross_patch/only_to_nonexclusive_just/component_patching/eval_summary.tsv	only_to_just	nonexclusive	random	0.0103747072457802	0.0063769460548245	0.0143724684367359	patched_minus_baseline
only_to_nonexclusive_just	resid	utterance_final	prompt_without	necessity	gold	10	random_mean	2	0,1	14.0	1.0	10.0	-45.70775020122528	10.897269180553408	-53.41328313520977	-38.0022172672408	-46.03361478447914	11.29598964475893	-54.0210856625012	-38.04614390645708	-45.70914496587855	10.951335144275976	-53.452908309442655	-37.96538162231445	-4.271119621654968	0.1750221219170699	-4.394878950920186	-4.147360292389749	-4.326021416959363	0.1170198798517962	-4.408766967536203	-4.243275866382523	-4.270372660707504	0.1713671250048159	-4.391547516870852	-4.149197804544156	0.0007469609474641	0.0036549969122545	-0.0018375121544069	0.0033314340493352	0.0007469609474641	0.0036549969122545	-0.0018375121544069	0.0033314340493352	-4469.503584106396	6291.140794177532	-8918.01190106865	-20.99526714414069	0.5714285714285714	0.1010152544552211	0.5	0.6428571428571429													localization/results/component_transfer_runs/20260729_llama3_instruct_nonexclusive_just_only_cross_patch/only_to_nonexclusive_just/component_patching/eval_summary.tsv	only_to_just	nonexclusive	random	-0.0007469609474641	-0.0033314340493352	0.0018375121544069	patched_minus_baseline
