mask_percent	ablation_condition	num_rows	gold_delta_mean	effect_delta_mean	gold_delta_sign_accuracy	effect_delta_sign_accuracy	gold_delta_change_from_none	effect_delta_change_from_none
0.5	localized	1307	0.5189213910536996	0.6322403005725477	0.667176740627391	0.6885998469778117	-0.014209745125453144	-0.1340924966581558
0.5	none	1307	0.5331311361791528	0.7663327972307035	0.6702371843917369	0.7276205049732212	0.0	0.0
0.5	random_mean	1307	0.5502849632123088	0.7532744375220125	0.6794185156847743	0.7253251721499617	0.017153827033156044	-0.013058359708690959
1.0	localized	1307	0.5210214505783	0.6223048141190543	0.6549349655700076	0.677123182861515	-0.012109685600852793	-0.14402798311164922
1.0	none	1307	0.5331311361791528	0.7663327972307035	0.6702371843917369	0.7276205049732212	0.0	0.0
1.0	random_mean	1307	0.5830103114076306	0.7523120019685794	0.6916602907421576	0.7345065034429993	0.049879175228477846	-0.014020795262124075
5.0	localized	1307	0.5304159932038031	0.5092438695625943	0.6495791889824024	0.6411629686304514	-0.0027151429753496936	-0.2570889276681092
5.0	none	1307	0.5331311361791528	0.7663327972307035	0.6702371843917369	0.7276205049732212	0.0	0.0
5.0	random_mean	1307	0.9205303745955663	0.7439198080017627	0.8133129303749044	0.7421576128538638	0.38739923841641355	-0.02241298922894075
