source_dataset	dataset_role	source_row_index	id	word	subset	generated_from	analysis_metric	n_candidates	n_items	mean_candidates_per_item	mean_own_context_log_prob_advantage	median_own_context_log_prob_advantage	mean_own_context_log_prob_advantage_per_token	median_own_context_log_prob_advantage_per_token	own_context_win_rate	own_context_win_rate_per_token	weighted_own_context_win_rate	weighted_own_context_win_rate_per_token	weighted_own_context_log_prob_advantage	weighted_own_context_log_prob_advantage_per_token	top1_own_context_win_rate	top1_own_context_win_rate_per_token	top1_mean_own_context_log_prob_advantage	top1_mean_own_context_log_prob_advantage_per_token	mean_unique_samples_obtained	min_unique_samples_obtained	mean_sample_draw
expanded_data	discourse_particle	0	just_e_1157	just	o	P	own_context_log_prob_advantage_per_token	50	1	50.0	0.03055886230431923	0.01843472889491485	0.03055886230431923	0.01843472889491485	0.68	0.68	0.7476474136143909	0.7476474136143909	0.03357014708213361	0.03357014708213361	1.0	1.0	0.0169448852539062	0.0169448852539062	50.0	50	25.5
expanded_data	discourse_particle	0	just_e_1157	just	o	P_prime	own_context_log_prob_advantage_per_token	50	1	50.0	-0.010642082222263165	-0.0096631731305805	-0.010642082222263165	-0.0096631731305805	0.44	0.44	0.34173500032957993	0.34173500032957993	-0.019830678610209176	-0.019830678610209176	1.0	1.0	0.0234375	0.0234375	50.0	50	25.5
expanded_data	discourse_particle	1	just_j_5467	just	h	P	own_context_log_prob_advantage_per_token	50	1	50.0	0.036399250457472665	0.031515539260137754	0.036399250457472665	0.031515539260137754	0.7	0.7	0.6603846907940372	0.6603846907940372	0.042847664817401855	0.042847664817401855	1.0	1.0	0.0398009618123369	0.0398009618123369	50.0	50	25.5
expanded_data	discourse_particle	1	just_j_5467	just	h	P_prime	own_context_log_prob_advantage_per_token	50	1	50.0	0.0187586816169812	0.01816913059779575	0.0187586816169812	0.01816913059779575	0.64	0.64	0.6655537799196011	0.6655537799196011	0.018929740859919043	0.018929740859919043	1.0	1.0	0.033040364583333	0.033040364583333	50.0	50	25.5
expanded_data	discourse_particle	2	just_j_2485	just	h	P	own_context_log_prob_advantage_per_token	50	1	50.0	0.013816539096082332	0.011724853515625	0.013816539096082332	0.011724853515625	0.54	0.54	0.5759725866971995	0.5759725866971995	0.016078149043533576	0.016078149043533576	0.0	0.0	-0.062253085049716	-0.062253085049716	50.0	50	25.5
expanded_data	discourse_particle	2	just_j_2485	just	h	P_prime	own_context_log_prob_advantage_per_token	50	1	50.0	-0.0015227351303163036	-0.0063883463541666	-0.0015227351303163036	-0.0063883463541666	0.44	0.44	0.37171792927281	0.37171792927281	-0.010375054899529088	-0.010375054899529088	0.0	0.0	-0.0343078613281249	-0.0343078613281249	50.0	50	25.66
expanded_data	discourse_particle	3	just_e_2798	just	o	P	own_context_log_prob_advantage_per_token	50	1	50.0	0.008597147798690242	0.004777953203986542	0.008597147798690242	0.004777953203986542	0.52	0.52	0.5887534835750373	0.5887534835750373	0.020789248790647287	0.020789248790647287	0.0	0.0	-0.0094519721137156	-0.0094519721137156	50.0	50	25.5
expanded_data	discourse_particle	3	just_e_2798	just	o	P_prime	own_context_log_prob_advantage_per_token	50	1	50.0	0.014632692024136772	0.013771417898724901	0.014632692024136772	0.013771417898724901	0.62	0.62	0.629093945609371	0.629093945609371	0.00193644773253333	0.00193644773253333	1.0	1.0	0.023891806602478	0.023891806602478	50.0	50	25.5
expanded_data	discourse_particle	4	just_j_1627	just	h	P	own_context_log_prob_advantage_per_token	50	1	50.0	0.02102255997068113	0.013182995366115249	0.02102255997068113	0.013182995366115249	0.68	0.68	0.734709407525427	0.734709407525427	0.028413494512693864	0.028413494512693864	1.0	1.0	0.006302261352539	0.006302261352539	50.0	50	25.96
expanded_data	discourse_particle	4	just_j_1627	just	h	P_prime	own_context_log_prob_advantage_per_token	50	1	50.0	-0.01107511783525778	-0.0047127859933036	-0.01107511783525778	-0.0047127859933036	0.48	0.48	0.42536733444726044	0.42536733444726044	-0.011010214294818662	-0.011010214294818662	1.0	1.0	0.0069656372070312	0.0069656372070312	50.0	50	25.5
expanded_data	discourse_particle	5	just_e_4508	just	o	P	own_context_log_prob_advantage_per_token	50	1	50.0	0.035472084977198504	0.0417302449544271	0.035472084977198504	0.0417302449544271	0.78	0.78	0.8216115181015493	0.8216115181015493	0.04839697682097322	0.04839697682097322	1.0	1.0	0.09930419921875	0.09930419921875	50.0	50	26.6
expanded_data	discourse_particle	5	just_e_4508	just	o	P_prime	own_context_log_prob_advantage_per_token	50	1	50.0	0.006753431294506563	0.01317749023437495	0.006753431294506563	0.01317749023437495	0.52	0.52	0.4628590076273957	0.4628590076273957	-0.007263232481938373	-0.007263232481938373	0.0	0.0	-0.0479910714285711	-0.0479910714285711	50.0	50	25.56
expanded_data	discourse_particle	6	just_j_638	just	h	P	own_context_log_prob_advantage_per_token	50	1	50.0	0.028446504861027334	0.01897599962022585	0.028446504861027334	0.01897599962022585	0.78	0.78	0.8117166038531834	0.8117166038531834	0.026200527692976438	0.026200527692976438	0.0	0.0	-0.0026931762695312	-0.0026931762695312	50.0	50	25.5
expanded_data	discourse_particle	6	just_j_638	just	h	P_prime	own_context_log_prob_advantage_per_token	50	1	50.0	0.012147867758628375	-0.0079879760742187	0.012147867758628375	-0.0079879760742187	0.38	0.38	0.3532029436381061	0.3532029436381061	0.0020053478333845105	0.0020053478333845105	0.0	0.0	-0.0019514295789928	-0.0019514295789928	50.0	50	25.5
expanded_data	discourse_particle	7	just_e_5138	just	o	P	own_context_log_prob_advantage_per_token	50	1	50.0	0.02580441703464783	0.0076459475925991505	0.02580441703464783	0.0076459475925991505	0.62	0.62	0.6693360281397053	0.6693360281397053	0.0269626194848166	0.0269626194848166	1.0	1.0	0.1149088541666665	0.1149088541666665	50.0	50	25.5
expanded_data	discourse_particle	7	just_e_5138	just	o	P_prime	own_context_log_prob_advantage_per_token	50	1	50.0	0.022789049802478038	0.00586431166704955	0.022789049802478038	0.00586431166704955	0.54	0.54	0.6265379778885658	0.6265379778885658	0.06074287516624867	0.06074287516624867	1.0	1.0	0.0127040318080355	0.0127040318080355	50.0	50	25.5
expanded_data	discourse_particle	8	just_j_498	just	h	P	own_context_log_prob_advantage_per_token	50	1	50.0	0.004262771470947102	0.008232032859718349	0.004262771470947102	0.008232032859718349	0.6	0.6	0.5938892629789718	0.5938892629789718	0.006072775254003019	0.006072775254003019	1.0	1.0	0.0018310546875	0.0018310546875	50.0	50	25.5
expanded_data	discourse_particle	8	just_j_498	just	h	P_prime	own_context_log_prob_advantage_per_token	50	1	50.0	0.0006191387926871491	0.00031026204427075	0.0006191387926871491	0.00031026204427075	0.5	0.5	0.5653629094087878	0.5653629094087878	0.010657955924579195	0.010657955924579195	0.0	0.0	-0.0364561080932617	-0.0364561080932617	50.0	50	25.5
expanded_data	discourse_particle	9	just_j_7769	just	h	P	own_context_log_prob_advantage_per_token	50	1	50.0	0.03426795663643064	0.0210694863051964	0.03426795663643064	0.0210694863051964	0.7	0.7	0.7053402850454772	0.7053402850454772	0.06728307806286962	0.06728307806286962	1.0	1.0	0.0654390775240383	0.0654390775240383	50.0	50	25.5
expanded_data	discourse_particle	9	just_j_7769	just	h	P_prime	own_context_log_prob_advantage_per_token	50	1	50.0	-0.0057601355665198185	-0.0067789790394541995	-0.0057601355665198185	-0.0067789790394541995	0.38	0.38	0.4185622579037712	0.4185622579037712	-0.0033529299484940105	-0.0033529299484940105	1.0	1.0	0.00128173828125	0.00128173828125	50.0	50	25.5
expanded_data	discourse_particle	10	just_j_12718	just	h	P	own_context_log_prob_advantage_per_token	50	1	50.0	0.02201548329480082	0.02007640491832395	0.02201548329480082	0.02007640491832395	0.78	0.78	0.7738847919179879	0.7738847919179879	0.0208087212687854	0.0208087212687854	1.0	1.0	0.005767822265625	0.005767822265625	50.0	50	25.5
expanded_data	discourse_particle	10	just_j_12718	just	h	P_prime	own_context_log_prob_advantage_per_token	50	1	50.0	0.0029255869330856764	0.0007310986518859501	0.0029255869330856764	0.0007310986518859501	0.54	0.54	0.5473704570805846	0.5473704570805846	0.0022710779222096886	0.0022710779222096886	0.0	0.0	-0.0080096905048074	-0.0080096905048074	50.0	50	25.5
expanded_data	discourse_particle	11	just_j_8242	just	h	P	own_context_log_prob_advantage_per_token	50	1	50.0	0.008052022372517339	0.0075311905298476	0.008052022372517339	0.0075311905298476	0.6	0.6	0.5839932759105342	0.5839932759105342	0.009968317891925513	0.009968317891925513	0.0	0.0	-0.0068766276041665	-0.0068766276041665	50.0	50	25.5
expanded_data	discourse_particle	11	just_j_8242	just	h	P_prime	own_context_log_prob_advantage_per_token	50	1	50.0	-0.005275169662624186	1.8368278883350005e-05	-0.005275169662624186	1.8368278883350005e-05	0.5	0.5	0.5451542484634829	0.5451542484634829	0.002571710461645705	0.002571710461645705	1.0	1.0	0.0230435458096591	0.0230435458096591	50.0	50	25.5
expanded_data	discourse_particle	12	just_j_8890	just	h	P	own_context_log_prob_advantage_per_token	50	1	50.0	0.010778341906054574	0.00787179129464285	0.010778341906054574	0.00787179129464285	0.66	0.66	0.60450201945607	0.60450201945607	0.008170385822540227	0.008170385822540227	1.0	1.0	0.0044637407575338	0.0044637407575338	50.0	50	25.5
expanded_data	discourse_particle	12	just_j_8890	just	h	P_prime	own_context_log_prob_advantage_per_token	50	1	50.0	-0.006558636990684065	-0.0034372910209323005	-0.006558636990684065	-0.0034372910209323005	0.44	0.44	0.4038724998138687	0.4038724998138687	-0.007131923488221883	-0.007131923488221883	0.0	0.0	-0.0001627604166665	-0.0001627604166665	50.0	50	25.5
expanded_data	discourse_particle	13	just_j_10613	just	h	P	own_context_log_prob_advantage_per_token	50	1	50.0	0.018299782945137098	0.015798841203961852	0.018299782945137098	0.015798841203961852	0.72	0.72	0.6878613585335714	0.6878613585335714	0.010773351103712402	0.010773351103712402	1.0	1.0	0.0510986328125	0.0510986328125	50.0	50	26.34
expanded_data	discourse_particle	13	just_j_10613	just	h	P_prime	own_context_log_prob_advantage_per_token	50	1	50.0	-0.011571031256436435	-0.0064493815104166	-0.011571031256436435	-0.0064493815104166	0.42	0.42	0.5406425346347511	0.5406425346347511	-0.002088428756580235	-0.002088428756580235	1.0	1.0	0.0310389200846354	0.0310389200846354	50.0	50	27.3
expanded_data	discourse_particle	14	just_e_6323	just	o	P	own_context_log_prob_advantage_per_token	50	1	50.0	0.00013232919981557613	0.0019353230794272001	0.00013232919981557613	0.0019353230794272001	0.54	0.54	0.5400058034211143	0.5400058034211143	0.0018595015514650361	0.0018595015514650361	1.0	1.0	0.0018717447916669	0.0018717447916669	50.0	50	25.5
expanded_data	discourse_particle	14	just_e_6323	just	o	P_prime	own_context_log_prob_advantage_per_token	50	1	50.0	0.007153616811460256	0.0011563834067313	0.007153616811460256	0.0011563834067313	0.54	0.54	0.5171718281297417	0.5171718281297417	0.002258979260480789	0.002258979260480789	1.0	1.0	0.0146133422851564	0.0146133422851564	50.0	50	25.5
expanded_data	discourse_particle	15	just_j_4012	just	h	P	own_context_log_prob_advantage_per_token	50	1	50.0	0.01289605993022315	0.0125411398270551	0.01289605993022315	0.0125411398270551	0.72	0.72	0.785153826874748	0.785153826874748	0.019073645054980992	0.019073645054980992	1.0	1.0	0.0295671735491072	0.0295671735491072	50.0	50	25.5
expanded_data	discourse_particle	15	just_j_4012	just	h	P_prime	own_context_log_prob_advantage_per_token	50	1	50.0	0.0038820965075429897	0.00538423326280395	0.0038820965075429897	0.00538423326280395	0.58	0.58	0.5245590262010509	0.5245590262010509	0.0007728289904493903	0.0007728289904493903	0.0	0.0	-0.009185791015625	-0.009185791015625	50.0	50	25.5
expanded_data	discourse_particle	16	just_e_9268	just	o	P	own_context_log_prob_advantage_per_token	50	1	50.0	-0.005752907299539727	0.0012724134657119406	-0.005752907299539727	0.0012724134657119406	0.54	0.54	0.5958235472990479	0.5958235472990479	0.0003863210015374456	0.0003863210015374456	1.0	1.0	0.0044420415704902	0.0044420415704902	50.0	50	25.5
expanded_data	discourse_particle	16	just_e_9268	just	o	P_prime	own_context_log_prob_advantage_per_token	50	1	50.0	0.0006571470924163764	-0.0008497404885458999	0.0006571470924163764	-0.0008497404885458999	0.5	0.5	0.486655871870067	0.486655871870067	9.210046796348856e-05	9.210046796348856e-05	0.0	0.0	-0.0184326171875	-0.0184326171875	50.0	50	25.5
expanded_data	discourse_particle	17	just_j_788	just	h	P	own_context_log_prob_advantage_per_token	50	1	50.0	0.001998854888536051	-0.00245652810121205	0.001998854888536051	-0.00245652810121205	0.44	0.44	0.40335618634773374	0.40335618634773374	0.001542346109395993	0.001542346109395993	0.0	0.0	-0.0574218750000001	-0.0574218750000001	50.0	50	26.88
expanded_data	discourse_particle	17	just_j_788	just	h	P_prime	own_context_log_prob_advantage_per_token	50	1	50.0	0.0019077029864267856	-7.327556610105e-05	0.0019077029864267856	-7.327556610105e-05	0.5	0.5	0.5225408354313856	0.5225408354313856	0.0001275833907168027	0.0001275833907168027	0.0	0.0	-0.0107421875	-0.0107421875	50.0	50	25.58
expanded_data	discourse_particle	18	just_e_5758	just	o	P	own_context_log_prob_advantage_per_token	50	1	50.0	0.01418629339530076	0.01141817607576885	0.01418629339530076	0.01141817607576885	0.64	0.64	0.6577256023353639	0.6577256023353639	0.020291458786228622	0.020291458786228622	0.0	0.0	-0.115234375	-0.115234375	50.0	50	25.5
expanded_data	discourse_particle	18	just_e_5758	just	o	P_prime	own_context_log_prob_advantage_per_token	50	1	50.0	0.017069278719416846	0.0012528489936481499	0.017069278719416846	0.0012528489936481499	0.52	0.52	0.55679335971451	0.55679335971451	0.03177732380482028	0.03177732380482028	1.0	1.0	0.0013384006240151	0.0013384006240151	50.0	50	25.5
expanded_data	discourse_particle	19	just_j_7873	just	h	P	own_context_log_prob_advantage_per_token	50	1	50.0	0.009348029893304298	0.0031907823350694	0.009348029893304298	0.0031907823350694	0.54	0.54	0.6170866901729488	0.6170866901729488	0.024151001209486253	0.024151001209486253	1.0	1.0	0.1111591045673074	0.1111591045673074	50.0	50	25.5
expanded_data	discourse_particle	19	just_j_7873	just	h	P_prime	own_context_log_prob_advantage_per_token	50	1	50.0	0.009658161345796591	-0.0002468512171789499	0.009658161345796591	-0.0002468512171789499	0.5	0.5	0.5133532595688096	0.5133532595688096	0.016131392407808445	0.016131392407808445	1.0	1.0	0.0432617187499997	0.0432617187499997	50.0	50	25.5
expanded_data	discourse_particle	20	just_j_2141	just	h	P	own_context_log_prob_advantage_per_token	50	1	50.0	0.014533287063784215	0.0059907029314738	0.014533287063784215	0.0059907029314738	0.6	0.6	0.7447034271187618	0.7447034271187618	0.018032078594529235	0.018032078594529235	0.0	0.0	-0.0506184895833334	-0.0506184895833334	50.0	50	25.5
expanded_data	discourse_particle	20	just_j_2141	just	h	P_prime	own_context_log_prob_advantage_per_token	50	1	50.0	0.004673246157748744	0.00318296303136695	0.004673246157748744	0.00318296303136695	0.58	0.58	0.6216045438402138	0.6216045438402138	0.004909415741951222	0.004909415741951222	1.0	1.0	0.0612665812174477	0.0612665812174477	50.0	50	25.5
expanded_data	discourse_particle	21	just_j_5388	just	h	P	own_context_log_prob_advantage_per_token	50	1	50.0	0.016111261034703492	0.012969276232596999	0.016111261034703492	0.012969276232596999	0.7	0.7	0.7413382470589459	0.7413382470589459	0.01686970504975384	0.01686970504975384	1.0	1.0	0.108154296875	0.108154296875	50.0	50	25.5
expanded_data	discourse_particle	21	just_j_5388	just	h	P_prime	own_context_log_prob_advantage_per_token	50	1	50.0	-0.0030029072844576874	-0.00844432626451745	-0.0030029072844576874	-0.00844432626451745	0.36	0.36	0.3209019547703271	0.3209019547703271	-0.008245334472688945	-0.008245334472688945	0.0	0.0	-0.0141898490287162	-0.0141898490287162	50.0	50	25.5
expanded_data	discourse_particle	22	just_e_1001	just	o	P	own_context_log_prob_advantage_per_token	50	1	50.0	0.022461928879879963	0.018659978001206202	0.022461928879879963	0.018659978001206202	0.86	0.86	0.9003238421946873	0.9003238421946873	0.02951840783878056	0.02951840783878056	1.0	1.0	0.0171483357747395	0.0171483357747395	50.0	50	25.5
expanded_data	discourse_particle	22	just_e_1001	just	o	P_prime	own_context_log_prob_advantage_per_token	50	1	50.0	0.009548520533345671	0.0084292459487913	0.009548520533345671	0.0084292459487913	0.56	0.56	0.5850748632297895	0.5850748632297895	0.00893901998011655	0.00893901998011655	0.0	0.0	-0.0294189453125	-0.0294189453125	50.0	50	25.5
expanded_data	discourse_particle	23	just_e_9687	just	o	P	own_context_log_prob_advantage_per_token	50	1	50.0	0.03615479350625151	0.016394066432165552	0.03615479350625151	0.016394066432165552	0.68	0.68	0.7170273609694573	0.7170273609694573	0.028732501269094234	0.028732501269094234	0.0	0.0	-0.0171875000000003	-0.0171875000000003	50.0	50	25.5
expanded_data	discourse_particle	23	just_e_9687	just	o	P_prime	own_context_log_prob_advantage_per_token	50	1	50.0	-0.006312142573418634	-0.0169428089611184	-0.006312142573418634	-0.0169428089611184	0.36	0.36	0.42268081526578144	0.42268081526578144	-0.0013353415837366676	-0.0013353415837366676	0.0	0.0	-0.03633743783702	-0.03633743783702	50.0	50	25.5
expanded_data	discourse_particle	24	just_j_6768	just	h	P	own_context_log_prob_advantage_per_token	50	1	50.0	0.001819066241075486	0.0043619246709916	0.001819066241075486	0.0043619246709916	0.56	0.56	0.6024758729946141	0.6024758729946141	0.004348003334499284	0.004348003334499284	1.0	1.0	0.0627708435058593	0.0627708435058593	50.0	50	25.5
expanded_data	discourse_particle	24	just_j_6768	just	h	P_prime	own_context_log_prob_advantage_per_token	50	1	50.0	0.00950122829425699	0.00710490393260165	0.00950122829425699	0.00710490393260165	0.74	0.74	0.7461671213423877	0.7461671213423877	0.00883917180137322	0.00883917180137322	1.0	1.0	0.0630371093749999	0.0630371093749999	50.0	50	25.5
expanded_data	discourse_particle	25	just_j_12662	just	h	P	own_context_log_prob_advantage_per_token	50	1	50.0	0.3463645471878379	0.2849778185833941	0.3463645471878379	0.2849778185833941	0.78	0.78	0.9207583493614514	0.9207583493614514	0.5122079166817041	0.5122079166817041	1.0	1.0	0.3744455065046038	0.3744455065046038	50.0	50	29.18
expanded_data	discourse_particle	25	just_j_12662	just	h	P_prime	own_context_log_prob_advantage_per_token	50	1	50.0	0.2789650142495466	0.24629664159083103	0.2789650142495466	0.24629664159083103	0.88	0.88	0.8696567738909661	0.8696567738909661	0.21845113555389412	0.21845113555389412	1.0	1.0	0.0112675258091519	0.0112675258091519	50.0	50	25.5
expanded_data	discourse_particle	26	just_j_1461	just	h	P	own_context_log_prob_advantage_per_token	50	1	50.0	0.012760144190482705	0.00811876569475425	0.012760144190482705	0.00811876569475425	0.64	0.64	0.673123583455499	0.673123583455499	0.012442725659194265	0.012442725659194265	1.0	1.0	0.0698429987980771	0.0698429987980771	50.0	50	25.5
expanded_data	discourse_particle	26	just_j_1461	just	h	P_prime	own_context_log_prob_advantage_per_token	50	1	50.0	0.010454541420908438	0.0077182133992513505	0.010454541420908438	0.0077182133992513505	0.66	0.66	0.6596952982685592	0.6596952982685592	0.011735134760254895	0.011735134760254895	1.0	1.0	0.042816162109375	0.042816162109375	50.0	50	25.5
expanded_data	discourse_particle	27	just_j_10555	just	h	P	own_context_log_prob_advantage_per_token	50	1	50.0	0.00690711620603294	0.0063131877354213	0.00690711620603294	0.0063131877354213	0.66	0.66	0.6735975369067286	0.6735975369067286	0.010967583687336122	0.010967583687336122	1.0	1.0	0.0074003468389096	0.0074003468389096	50.0	50	25.5
expanded_data	discourse_particle	27	just_j_10555	just	h	P_prime	own_context_log_prob_advantage_per_token	50	1	50.0	0.00174945343097009	-0.0005404924015833	0.00174945343097009	-0.0005404924015833	0.48	0.48	0.4572916314851111	0.4572916314851111	0.0010758549218122062	0.0010758549218122062	0.0	0.0	-0.0155906677246093	-0.0155906677246093	50.0	50	25.5
expanded_data	discourse_particle	28	just_j_2164	just	h	P	own_context_log_prob_advantage_per_token	50	1	50.0	0.013089902524610855	0.0050842850296585005	0.013089902524610855	0.0050842850296585005	0.56	0.56	0.5054008403838779	0.5054008403838779	0.002605379328318072	0.002605379328318072	0.0	0.0	-0.0074462890625	-0.0074462890625	50.0	50	25.5
expanded_data	discourse_particle	28	just_j_2164	just	h	P_prime	own_context_log_prob_advantage_per_token	50	1	50.0	0.003784102729688563	0.00149480034323285	0.003784102729688563	0.00149480034323285	0.54	0.54	0.5652926474170754	0.5652926474170754	0.005679596425365127	0.005679596425365127	0.0	0.0	-0.0003458658854169	-0.0003458658854169	50.0	50	25.5
expanded_data	discourse_particle	29	just_j_8011	just	h	P	own_context_log_prob_advantage_per_token	50	1	50.0	0.0022326996000813686	0.000321706136067625	0.0022326996000813686	0.000321706136067625	0.5	0.5	0.5761720467695192	0.5761720467695192	0.0024371282025522933	0.0024371282025522933	1.0	1.0	0.028110080295139	0.028110080295139	50.0	50	25.5
expanded_data	discourse_particle	29	just_j_8011	just	h	P_prime	own_context_log_prob_advantage_per_token	50	1	50.0	-0.0021307514747006258	-0.0005339954210364843	-0.0021307514747006258	-0.0005339954210364843	0.5	0.5	0.5691704074638353	0.5691704074638353	-0.0016368607289025212	-0.0016368607289025212	1.0	1.0	0.0089182172502788	0.0089182172502788	50.0	50	25.5
expanded_data	discourse_particle	30	just_e_3966	just	o	P	own_context_log_prob_advantage_per_token	50	1	50.0	0.03250806847012447	0.0239634195963541	0.03250806847012447	0.0239634195963541	0.66	0.66	0.6854872368713467	0.6854872368713467	0.037352482149253595	0.037352482149253595	1.0	1.0	0.004571533203125	0.004571533203125	50.0	50	28.48
expanded_data	discourse_particle	30	just_e_3966	just	o	P_prime	own_context_log_prob_advantage_per_token	50	1	50.0	0.004532546661784864	0.00524466378348205	0.004532546661784864	0.00524466378348205	0.52	0.52	0.49566701339254454	0.49566701339254454	0.0034913134374500838	0.0034913134374500838	0.0	0.0	-0.008447265625	-0.008447265625	50.0	50	27.3
expanded_data	discourse_particle	31	just_j_2438	just	h	P	own_context_log_prob_advantage_per_token	50	1	50.0	0.001492365112335748	0.0045434698766592	0.001492365112335748	0.0045434698766592	0.58	0.58	0.5762658045686232	0.5762658045686232	0.0023812021718565496	0.0023812021718565496	1.0	1.0	0.0270952497209822	0.0270952497209822	50.0	50	25.5
expanded_data	discourse_particle	31	just_j_2438	just	h	P_prime	own_context_log_prob_advantage_per_token	50	1	50.0	0.005620178310926109	0.00276239170050745	0.005620178310926109	0.00276239170050745	0.56	0.56	0.5880429171404539	0.5880429171404539	0.004283198619470609	0.004283198619470609	0.0	0.0	-0.0078346215042413	-0.0078346215042413	50.0	50	25.84
expanded_data	discourse_particle	32	just_e_1907	just	o	P	own_context_log_prob_advantage_per_token	50	1	50.0	0.016258932955554497	0.0162731170654296	0.016258932955554497	0.0162731170654296	0.74	0.74	0.7692008360477849	0.7692008360477849	0.01965450026253694	0.01965450026253694	0.0	0.0	-0.0632738113403319	-0.0632738113403319	50.0	50	25.5
expanded_data	discourse_particle	32	just_e_1907	just	o	P_prime	own_context_log_prob_advantage_per_token	50	1	50.0	-0.0028199210355552094	-0.0012250627790177	-0.0028199210355552094	-0.0012250627790177	0.48	0.48	0.5105218173402285	0.5105218173402285	-0.0013442943012553432	-0.0013442943012553432	1.0	1.0	0.0292178392410278	0.0292178392410278	50.0	50	25.5
expanded_data	discourse_particle	33	just_e_2717	just	o	P	own_context_log_prob_advantage_per_token	50	1	50.0	0.014960887206464038	0.014119277397791601	0.014960887206464038	0.014119277397791601	0.72	0.72	0.7225663503480977	0.7225663503480977	0.012184224729021954	0.012184224729021954	1.0	1.0	0.0004959106445312	0.0004959106445312	50.0	50	25.5
expanded_data	discourse_particle	33	just_e_2717	just	o	P_prime	own_context_log_prob_advantage_per_token	50	1	50.0	0.014602830535028843	0.011279384002966051	0.014602830535028843	0.011279384002966051	0.7	0.7	0.7615913786375423	0.7615913786375423	0.020082652505135853	0.020082652505135853	1.0	1.0	0.0265013229015262	0.0265013229015262	50.0	50	25.5
expanded_data	discourse_particle	34	just_j_4722	just	h	P	own_context_log_prob_advantage_per_token	50	1	50.0	0.015160856128175828	0.0171008518763949	0.015160856128175828	0.0171008518763949	0.78	0.78	0.7649835362111734	0.7649835362111734	0.01270278706959424	0.01270278706959424	1.0	1.0	0.0039106011390686	0.0039106011390686	50.0	50	26.24
expanded_data	discourse_particle	34	just_j_4722	just	h	P_prime	own_context_log_prob_advantage_per_token	50	1	50.0	0.0003505537712431388	0.00049530832391025	0.0003505537712431388	0.00049530832391025	0.54	0.54	0.5727925261211722	0.5727925261211722	0.0038973019488403268	0.0038973019488403268	0.0	0.0	-0.073567708333333	-0.073567708333333	50.0	50	28.32
expanded_data	discourse_particle	35	just_j_8362	just	h	P	own_context_log_prob_advantage_per_token	50	1	50.0	0.052282015181911	0.026275493480541	0.052282015181911	0.026275493480541	0.68	0.68	0.6805200793128079	0.6805200793128079	0.05648438424256765	0.05648438424256765	1.0	1.0	0.0869470323835099	0.0869470323835099	50.0	50	25.5
expanded_data	discourse_particle	35	just_j_8362	just	h	P_prime	own_context_log_prob_advantage_per_token	50	1	50.0	0.07203880916281288	0.053009033203125	0.07203880916281288	0.053009033203125	0.76	0.76	0.806138766860385	0.806138766860385	0.05863799849812965	0.05863799849812965	1.0	1.0	0.1983398437500003	0.1983398437500003	50.0	50	25.72
expanded_data	discourse_particle	36	just_j_8556	just	h	P	own_context_log_prob_advantage_per_token	50	1	50.0	0.050148306978863244	0.0430447048611111	0.050148306978863244	0.0430447048611111	0.74	0.74	0.8334950621607595	0.8334950621607595	0.06172599449143111	0.06172599449143111	0.0	0.0	-0.0565592447916665	-0.0565592447916665	50.0	50	25.5
expanded_data	discourse_particle	36	just_j_8556	just	h	P_prime	own_context_log_prob_advantage_per_token	50	1	50.0	0.07901137183733836	0.04606844584147145	0.07901137183733836	0.04606844584147145	0.76	0.76	0.7215295763308355	0.7215295763308355	0.06536591676247398	0.06536591676247398	1.0	1.0	0.0161025435836226	0.0161025435836226	50.0	50	25.5
expanded_data	discourse_particle	37	just_e_569	just	o	P	own_context_log_prob_advantage_per_token	50	1	50.0	0.05462320682621348	0.0546107973371232	0.05462320682621348	0.0546107973371232	0.72	0.72	0.8243397689953803	0.8243397689953803	0.06492726822365257	0.06492726822365257	1.0	1.0	0.1537431081136069	0.1537431081136069	50.0	50	25.5
expanded_data	discourse_particle	37	just_e_569	just	o	P_prime	own_context_log_prob_advantage_per_token	50	1	50.0	0.014550257331944112	0.00705102543845825	0.014550257331944112	0.00705102543845825	0.56	0.56	0.6258441122925666	0.6258441122925666	0.004566227697544148	0.004566227697544148	0.0	0.0	-0.1185340881347656	-0.1185340881347656	50.0	50	25.5
expanded_data	discourse_particle	38	just_e_1043	just	o	P	own_context_log_prob_advantage_per_token	50	1	50.0	0.04170679795051964	0.022265964084201548	0.04170679795051964	0.022265964084201548	0.68	0.68	0.7652235621663477	0.7652235621663477	0.07213748623264478	0.07213748623264478	1.0	1.0	0.1129204886300225	0.1129204886300225	50.0	50	25.5
expanded_data	discourse_particle	38	just_e_1043	just	o	P_prime	own_context_log_prob_advantage_per_token	50	1	50.0	0.016519223907267164	0.021389198303222598	0.016519223907267164	0.021389198303222598	0.7	0.7	0.7465047134400092	0.7465047134400092	0.015783301854834716	0.015783301854834716	0.0	0.0	-0.0176304408482139	-0.0176304408482139	50.0	50	25.5
expanded_data	discourse_particle	39	just_e_1246	just	o	P	own_context_log_prob_advantage_per_token	50	1	50.0	0.02451640089995558	0.0355429649353027	0.02451640089995558	0.0355429649353027	0.68	0.68	0.7441502324686399	0.7441502324686399	0.033507057263304406	0.033507057263304406	0.0	0.0	-0.0336151123046875	-0.0336151123046875	50.0	50	25.5
expanded_data	discourse_particle	39	just_e_1246	just	o	P_prime	own_context_log_prob_advantage_per_token	50	1	50.0	0.028889478882092225	0.0112975920089566	0.028889478882092225	0.0112975920089566	0.6	0.6	0.5191590392548551	0.5191590392548551	0.0155146307590504	0.0155146307590504	1.0	1.0	0.0358032226562501	0.0358032226562501	50.0	50	25.5
expanded_data	discourse_particle	40	just_j_7614	just	h	P	own_context_log_prob_advantage_per_token	50	1	50.0	0.01418533547627283	0.01695721664708185	0.01418533547627283	0.01695721664708185	0.72	0.72	0.7657832626518186	0.7657832626518186	0.020636774960798923	0.020636774960798923	0.0	0.0	-0.0055623176770329	-0.0055623176770329	50.0	50	25.5
expanded_data	discourse_particle	40	just_j_7614	just	h	P_prime	own_context_log_prob_advantage_per_token	50	1	50.0	0.0253591699954651	0.020756337834500753	0.0253591699954651	0.020756337834500753	0.64	0.64	0.6100757155639713	0.6100757155639713	0.021515254527770825	0.021515254527770825	0.0	0.0	-0.0063047409057614	-0.0063047409057614	50.0	50	25.5
expanded_data	discourse_particle	41	just_e_2612	just	o	P	own_context_log_prob_advantage_per_token	50	1	50.0	0.029083978116233075	0.028659396701388798	0.029083978116233075	0.028659396701388798	0.64	0.64	0.7089616604914426	0.7089616604914426	0.04041340195222751	0.04041340195222751	1.0	1.0	0.0231254577636719	0.0231254577636719	50.0	50	25.5
expanded_data	discourse_particle	41	just_e_2612	just	o	P_prime	own_context_log_prob_advantage_per_token	50	1	50.0	0.06426876647033694	0.06640122731526715	0.06426876647033694	0.06640122731526715	0.74	0.74	0.7085461135376927	0.7085461135376927	0.04826964457298965	0.04826964457298965	1.0	1.0	0.1092936197916665	0.1092936197916665	50.0	50	25.5
expanded_data	discourse_particle	42	just_e_4966	just	o	P	own_context_log_prob_advantage_per_token	50	1	50.0	0.021387245053201425	0.012698703342013801	0.021387245053201425	0.012698703342013801	0.66	0.66	0.510125685410743	0.510125685410743	0.01599102086586514	0.01599102086586514	1.0	1.0	0.0388700045072114	0.0388700045072114	50.0	50	25.5
expanded_data	discourse_particle	42	just_e_4966	just	o	P_prime	own_context_log_prob_advantage_per_token	50	1	50.0	0.013869071764269254	0.01011530558268235	0.013869071764269254	0.01011530558268235	0.66	0.66	0.7363182742464729	0.7363182742464729	0.012679699147342247	0.012679699147342247	0.0	0.0	-0.0033646106719973	-0.0033646106719973	50.0	50	25.7
expanded_data	discourse_particle	43	just_e_2762	just	o	P	own_context_log_prob_advantage_per_token	50	1	50.0	0.08196969254670566	0.07803915871514219	0.08196969254670566	0.07803915871514219	0.7	0.7	0.7677727270297721	0.7677727270297721	0.10111840599640784	0.10111840599640784	1.0	1.0	0.0213707515171597	0.0213707515171597	50.0	50	25.5
expanded_data	discourse_particle	43	just_e_2762	just	o	P_prime	own_context_log_prob_advantage_per_token	50	1	50.0	0.05962106413794168	0.05341796875	0.05962106413794168	0.05341796875	0.66	0.66	0.7227391580801347	0.7227391580801347	0.03683484341828499	0.03683484341828499	0.0	0.0	-0.0720291137695312	-0.0720291137695312	50.0	50	25.5
expanded_data	discourse_particle	44	just_e_472	just	o	P	own_context_log_prob_advantage_per_token	50	1	50.0	0.010953124742889907	0.0071868896484375	0.010953124742889907	0.0071868896484375	0.6	0.6	0.5869015365731641	0.5869015365731641	0.013792545717695266	0.013792545717695266	0.0	0.0	-0.0147954767400571	-0.0147954767400571	50.0	50	25.5
expanded_data	discourse_particle	44	just_e_472	just	o	P_prime	own_context_log_prob_advantage_per_token	50	1	50.0	0.00902135829027651	-0.00058043797810865	0.00902135829027651	-0.00058043797810865	0.46	0.46	0.39992589840524445	0.39992589840524445	0.006450567523894556	0.006450567523894556	0.0	0.0	-0.0076217651367187	-0.0076217651367187	50.0	50	25.5
expanded_data	discourse_particle	45	just_e_1267	just	o	P	own_context_log_prob_advantage_per_token	50	1	50.0	0.03313616085098534	0.045219278335571156	0.03313616085098534	0.045219278335571156	0.8	0.8	0.8447056945928431	0.8447056945928431	0.046724377934507996	0.046724377934507996	1.0	1.0	0.1169856678355825	0.1169856678355825	50.0	50	25.5
expanded_data	discourse_particle	45	just_e_1267	just	o	P_prime	own_context_log_prob_advantage_per_token	50	1	50.0	0.05413923383029446	0.0180454628140318	0.05413923383029446	0.0180454628140318	0.56	0.56	0.3517039660379261	0.3517039660379261	0.00412494084656129	0.00412494084656129	0.0	0.0	-0.018277290539864	-0.018277290539864	50.0	50	25.5
expanded_data	discourse_particle	46	just_e_9397	just	o	P	own_context_log_prob_advantage_per_token	50	1	50.0	0.01122892612540449	0.00887433944209925	0.01122892612540449	0.00887433944209925	0.7	0.7	0.8116216953095003	0.8116216953095003	0.030984823746333358	0.030984823746333358	1.0	1.0	0.2285970052083332	0.2285970052083332	50.0	50	25.5
expanded_data	discourse_particle	46	just_e_9397	just	o	P_prime	own_context_log_prob_advantage_per_token	50	1	50.0	0.018955298238478906	0.012790256076389051	0.018955298238478906	0.012790256076389051	0.6	0.6	0.568965306048433	0.568965306048433	0.010931539242395273	0.010931539242395273	0.0	0.0	-0.0360785590277776	-0.0360785590277776	50.0	50	25.5
expanded_data	discourse_particle	47	just_e_6664	just	o	P	own_context_log_prob_advantage_per_token	50	1	50.0	0.018406701044892372	0.0201968056815009	0.018406701044892372	0.0201968056815009	0.6	0.6	0.5524737017900572	0.5524737017900572	0.01991564464444748	0.01991564464444748	1.0	1.0	0.0558593749999998	0.0558593749999998	50.0	50	25.5
expanded_data	discourse_particle	47	just_e_6664	just	o	P_prime	own_context_log_prob_advantage_per_token	50	1	50.0	0.010390927109288017	0.009281505237926	0.010390927109288017	0.009281505237926	0.56	0.56	0.5977214322229413	0.5977214322229413	0.011778325465683151	0.011778325465683151	0.0	0.0	-0.0376838235294112	-0.0376838235294112	50.0	50	25.5
expanded_data	discourse_particle	48	just_e_976	just	o	P	own_context_log_prob_advantage_per_token	50	1	50.0	0.12997878940834798	0.123046875	0.12997878940834798	0.123046875	0.96	0.96	0.9831988603281255	0.9831988603281255	0.1308777719037675	0.1308777719037675	1.0	1.0	0.1640625	0.1640625	50.0	50	25.5
expanded_data	discourse_particle	48	just_e_976	just	o	P_prime	own_context_log_prob_advantage_per_token	50	1	50.0	-0.08030785309494312	-0.09024832589285675	-0.08030785309494312	-0.09024832589285675	0.22	0.22	0.12523226212435246	0.12523226212435246	-0.10154740646704169	-0.10154740646704169	0.0	0.0	-0.0140665690104166	-0.0140665690104166	50.0	50	25.5
expanded_data	discourse_particle	49	just_e_9416	just	o	P	own_context_log_prob_advantage_per_token	50	1	50.0	0.02390139858342502	0.0282744057158119	0.02390139858342502	0.0282744057158119	0.76	0.76	0.7706150728437469	0.7706150728437469	0.005398895919889228	0.005398895919889228	1.0	1.0	0.0077989366319444	0.0077989366319444	50.0	50	25.6
expanded_data	discourse_particle	49	just_e_9416	just	o	P_prime	own_context_log_prob_advantage_per_token	50	1	50.0	0.09801700466469632	0.056064806486430946	0.09801700466469632	0.056064806486430946	0.72	0.72	0.7768589019507673	0.7768589019507673	0.13111696272506632	0.13111696272506632	1.0	1.0	0.1145241477272724	0.1145241477272724	50.0	50	26.34
expanded_data	discourse_particle	50	just_e_12686	just	o	P	own_context_log_prob_advantage_per_token	50	1	50.0	0.009322482644095225	0.00858985244958105	0.009322482644095225	0.00858985244958105	0.62	0.62	0.6766282416503931	0.6766282416503931	0.0068412002461246055	0.0068412002461246055	0.0	0.0	-0.0503899069393378	-0.0503899069393378	50.0	50	26.06
expanded_data	discourse_particle	50	just_e_12686	just	o	P_prime	own_context_log_prob_advantage_per_token	50	1	50.0	0.007751109222202766	0.0020411567555532	0.007751109222202766	0.0020411567555532	0.56	0.56	0.5402348331665366	0.5402348331665366	0.007073592903856207	0.007073592903856207	1.0	1.0	0.0165127840909091	0.0165127840909091	50.0	50	25.5
expanded_data	discourse_particle	51	just_j_2401	just	h	P	own_context_log_prob_advantage_per_token	50	1	50.0	0.012041243973949088	0.012805220368620699	0.012041243973949088	0.012805220368620699	0.64	0.64	0.735736414336052	0.735736414336052	0.020911418010916987	0.020911418010916987	1.0	1.0	0.0102039683948864	0.0102039683948864	50.0	50	26.38
expanded_data	discourse_particle	51	just_j_2401	just	h	P_prime	own_context_log_prob_advantage_per_token	50	1	50.0	-0.005525818053064538	-0.01200103759765625	-0.005525818053064538	-0.01200103759765625	0.4	0.4	0.2822445075914122	0.2822445075914122	-0.01477841788599911	-0.01477841788599911	1.0	1.0	0.0510063171386718	0.0510063171386718	50.0	50	25.92
expanded_data	discourse_particle	52	just_e_11908	just	o	P	own_context_log_prob_advantage_per_token	50	1	50.0	0.009649921236251422	0.0080973307291667	0.009649921236251422	0.0080973307291667	0.6	0.6	0.6255890279374129	0.6255890279374129	0.018187567395027596	0.018187567395027596	0.0	0.0	-0.0498046875	-0.0498046875	50.0	50	25.5
expanded_data	discourse_particle	52	just_e_11908	just	o	P_prime	own_context_log_prob_advantage_per_token	50	1	50.0	-0.00035927195492945765	-0.0016437237079327	-0.00035927195492945765	-0.0016437237079327	0.48	0.48	0.5829504197882662	0.5829504197882662	0.001244008852050966	0.001244008852050966	0.0	0.0	-0.0030799278846154	-0.0030799278846154	50.0	50	25.5
expanded_data	discourse_particle	53	just_e_4632	just	o	P	own_context_log_prob_advantage_per_token	50	1	50.0	0.02120547669730786	0.01222805206592255	0.02120547669730786	0.01222805206592255	0.6	0.6	0.6970939104695166	0.6970939104695166	0.05237704149363916	0.05237704149363916	0.0	0.0	-0.0201350996891656	-0.0201350996891656	50.0	50	25.5
expanded_data	discourse_particle	53	just_e_4632	just	o	P_prime	own_context_log_prob_advantage_per_token	50	1	50.0	0.019047764734819048	0.00966923411299535	0.019047764734819048	0.00966923411299535	0.62	0.62	0.6350470426664352	0.6350470426664352	0.02914329392712493	0.02914329392712493	0.0	0.0	-0.0205078125	-0.0205078125	50.0	50	25.5
expanded_data	discourse_particle	54	just_j_2522	just	h	P	own_context_log_prob_advantage_per_token	50	1	50.0	0.003004416206730307	0.00165023803710935	0.003004416206730307	0.00165023803710935	0.54	0.54	0.5160434561691708	0.5160434561691708	0.00031795134984819226	0.00031795134984819226	1.0	1.0	0.05810546875	0.05810546875	50.0	50	26.12
expanded_data	discourse_particle	54	just_j_2522	just	h	P_prime	own_context_log_prob_advantage_per_token	50	1	50.0	0.001736330642926862	-0.0009364956303646	0.001736330642926862	-0.0009364956303646	0.48	0.48	0.4788672690539057	0.4788672690539057	0.004158522670611804	0.004158522670611804	0.0	0.0	-0.0109719669117647	-0.0109719669117647	50.0	50	25.5
expanded_data	discourse_particle	55	just_e_5739	just	o	P	own_context_log_prob_advantage_per_token	50	1	50.0	-0.009012448444635364	-0.00294712611607135	-0.009012448444635364	-0.00294712611607135	0.44	0.44	0.48392238001242377	0.48392238001242377	-0.004598028799144559	-0.004598028799144559	1.0	1.0	0.0219510396321614	0.0219510396321614	50.0	50	26.38
expanded_data	discourse_particle	55	just_e_5739	just	o	P_prime	own_context_log_prob_advantage_per_token	50	1	50.0	0.012498635875754666	0.00315918460968985	0.012498635875754666	0.00315918460968985	0.58	0.58	0.5621040318278576	0.5621040318278576	0.009718614815555702	0.009718614815555702	1.0	1.0	0.03265380859375	0.03265380859375	50.0	50	29.24
expanded_data	discourse_particle	56	just_e_7244	just	o	P	own_context_log_prob_advantage_per_token	50	1	50.0	0.01348745828428278	0.0118229078209919	0.01348745828428278	0.0118229078209919	0.64	0.64	0.7547287701101916	0.7547287701101916	0.020344967620674437	0.020344967620674437	0.0	0.0	-0.0439453125	-0.0439453125	50.0	50	25.5
expanded_data	discourse_particle	56	just_e_7244	just	o	P_prime	own_context_log_prob_advantage_per_token	50	1	50.0	0.027964412686998612	0.01294049349698095	0.027964412686998612	0.01294049349698095	0.66	0.66	0.6694888318127515	0.6694888318127515	0.04306614761906455	0.04306614761906455	1.0	1.0	0.0182291666666665	0.0182291666666665	50.0	50	25.52
expanded_data	discourse_particle	57	just_j_11362	just	h	P	own_context_log_prob_advantage_per_token	50	1	50.0	0.04170924902289461	0.03146806485725155	0.04170924902289461	0.03146806485725155	0.72	0.72	0.7249143117341328	0.7249143117341328	0.05657645039797889	0.05657645039797889	1.0	1.0	0.0360107421875	0.0360107421875	50.0	50	25.5
expanded_data	discourse_particle	57	just_j_11362	just	h	P_prime	own_context_log_prob_advantage_per_token	50	1	50.0	0.019262765967372524	0.018029176365689	0.019262765967372524	0.018029176365689	0.58	0.58	0.508590503655773	0.508590503655773	0.009141161863384893	0.009141161863384893	0.0	0.0	-0.0520080566406253	-0.0520080566406253	50.0	50	25.62
expanded_data	discourse_particle	58	just_j_8648	just	h	P	own_context_log_prob_advantage_per_token	50	1	50.0	0.007667742627477837	0.00944398343563075	0.007667742627477837	0.00944398343563075	0.56	0.56	0.5914749607636122	0.5914749607636122	0.006683239097777434	0.006683239097777434	1.0	1.0	0.096435546875	0.096435546875	50.0	50	25.5
expanded_data	discourse_particle	58	just_j_8648	just	h	P_prime	own_context_log_prob_advantage_per_token	50	1	50.0	0.021142813557322806	0.0070895718452623005	0.021142813557322806	0.0070895718452623005	0.62	0.62	0.6150680408121139	0.6150680408121139	0.017902636412802517	0.017902636412802517	0.0	0.0	-0.0373022896902901	-0.0373022896902901	50.0	50	25.54
expanded_data	discourse_particle	59	just_e_5473	just	o	P	own_context_log_prob_advantage_per_token	50	1	50.0	0.005719680379325453	0.0057654370477189	0.005719680379325453	0.0057654370477189	0.66	0.66	0.6823853154323045	0.6823853154323045	0.003039186150373644	0.003039186150373644	0.0	0.0	-0.0505859375000001	-0.0505859375000001	50.0	50	25.5
expanded_data	discourse_particle	59	just_e_5473	just	o	P_prime	own_context_log_prob_advantage_per_token	50	1	50.0	-0.00034176274670530844	-0.00046793619791675	-0.00034176274670530844	-0.00046793619791675	0.5	0.5	0.46374269488970654	0.46374269488970654	-0.0039051016602250303	-0.0039051016602250303	0.0	0.0	-0.0701904296875	-0.0701904296875	50.0	50	25.5
expanded_data	discourse_particle	60	only_315	only	h	P	own_context_log_prob_advantage_per_token	50	1	50.0	0.029551790192612986	0.0061683654785156	0.029551790192612986	0.0061683654785156	0.56	0.56	0.5702477378553102	0.5702477378553102	0.026316682932348102	0.026316682932348102	1.0	1.0	0.2922108968098957	0.2922108968098957	50.0	50	25.58
expanded_data	discourse_particle	60	only_315	only	h	P_prime	own_context_log_prob_advantage_per_token	50	1	50.0	0.032590422926667514	0.02644593375069755	0.032590422926667514	0.02644593375069755	0.74	0.74	0.7110207317620104	0.7110207317620104	0.030133785536152934	0.030133785536152934	1.0	1.0	0.0068588256835937	0.0068588256835937	50.0	50	25.5
expanded_data	discourse_particle	61	only_491	only	h	P	own_context_log_prob_advantage_per_token	50	1	50.0	-0.002898442417452607	-0.00715687161400185	-0.002898442417452607	-0.00715687161400185	0.42	0.42	0.37338507423239775	0.37338507423239775	-0.009296185262265834	-0.009296185262265834	0.0	0.0	-0.0095590444711537	-0.0095590444711537	50.0	50	25.5
expanded_data	discourse_particle	61	only_491	only	h	P_prime	own_context_log_prob_advantage_per_token	50	1	50.0	0.020123009867242442	0.017823855082193953	0.020123009867242442	0.017823855082193953	0.68	0.68	0.7610443692217878	0.7610443692217878	0.02660807451979157	0.02660807451979157	0.0	0.0	-0.0004266103108725	-0.0004266103108725	50.0	50	26.82
expanded_data	discourse_particle	62	only_501	only	h	P	own_context_log_prob_advantage_per_token	50	1	50.0	0.0014936238766061016	0.00213567415873205	0.0014936238766061016	0.00213567415873205	0.6	0.6	0.6203521358396641	0.6203521358396641	0.004311905642044879	0.004311905642044879	1.0	1.0	0.0164385343852795	0.0164385343852795	50.0	50	26.2
expanded_data	discourse_particle	62	only_501	only	h	P_prime	own_context_log_prob_advantage_per_token	50	1	50.0	0.0037648480146006786	0.00398254394531245	0.0037648480146006786	0.00398254394531245	0.6	0.6	0.5957774395754597	0.5957774395754597	0.0017789026290471448	0.0017789026290471448	0.0	0.0	-0.0438899993896484	-0.0438899993896484	50.0	50	25.5
expanded_data	discourse_particle	63	only_649	only	h	P	own_context_log_prob_advantage_per_token	50	1	50.0	0.005843910461993467	0.0093058137332692	0.005843910461993467	0.0093058137332692	0.64	0.64	0.6587957799123048	0.6587957799123048	0.00822354380558303	0.00822354380558303	0.0	0.0	-0.0351779244162819	-0.0351779244162819	50.0	50	25.72
expanded_data	discourse_particle	63	only_649	only	h	P_prime	own_context_log_prob_advantage_per_token	50	1	50.0	0.00024416042637600275	-0.004913984934488851	0.00024416042637600275	-0.004913984934488851	0.46	0.46	0.4381923534586363	0.4381923534586363	0.0004900917894695193	0.0004900917894695193	0.0	0.0	-0.0119492667061942	-0.0119492667061942	50.0	50	25.5
expanded_data	discourse_particle	64	only_660	only	h	P	own_context_log_prob_advantage_per_token	50	1	50.0	0.015505578212969849	0.019140546749799647	0.015505578212969849	0.019140546749799647	0.76	0.76	0.8302788673205805	0.8302788673205805	0.01940617843891409	0.01940617843891409	0.0	0.0	-0.1077750069754464	-0.1077750069754464	50.0	50	25.5
expanded_data	discourse_particle	64	only_660	only	h	P_prime	own_context_log_prob_advantage_per_token	50	1	50.0	0.025294989052596716	0.01561889052391045	0.025294989052596716	0.01561889052391045	0.66	0.66	0.6149055038995573	0.6149055038995573	0.02803288117113894	0.02803288117113894	1.0	1.0	0.0438137054443359	0.0438137054443359	50.0	50	25.5
expanded_data	discourse_particle	65	only_687	only	h	P	own_context_log_prob_advantage_per_token	50	1	50.0	0.011265956607150194	0.009838043697296649	0.011265956607150194	0.009838043697296649	0.68	0.68	0.6882985596550126	0.6882985596550126	0.012971178926345	0.012971178926345	1.0	1.0	0.0140439669291176	0.0140439669291176	50.0	50	26.08
expanded_data	discourse_particle	65	only_687	only	h	P_prime	own_context_log_prob_advantage_per_token	50	1	50.0	0.01269061733785747	0.01496272616916235	0.01269061733785747	0.01496272616916235	0.62	0.62	0.6810355694676363	0.6810355694676363	0.014588571329864335	0.014588571329864335	0.0	0.0	-0.038899739583333	-0.038899739583333	50.0	50	27.22
expanded_data	discourse_particle	66	only_745	only	h	P	own_context_log_prob_advantage_per_token	50	1	50.0	0.01141626095370186	0.010560474176516451	0.01141626095370186	0.010560474176516451	0.66	0.66	0.6443044266781687	0.6443044266781687	0.009993100090675848	0.009993100090675848	0.0	0.0	-0.0065130753950639	-0.0065130753950639	50.0	50	26.18
expanded_data	discourse_particle	66	only_745	only	h	P_prime	own_context_log_prob_advantage_per_token	50	1	50.0	0.0008899716044062976	-0.0020424856079949002	0.0008899716044062976	-0.0020424856079949002	0.48	0.48	0.44153948867045906	0.44153948867045906	-0.0003448928315947465	-0.0003448928315947465	1.0	1.0	0.0240178108215332	0.0240178108215332	50.0	50	27.16
expanded_data	discourse_particle	67	only_794	only	h	P	own_context_log_prob_advantage_per_token	50	1	50.0	0.031233492081072182	0.02510661704867485	0.031233492081072182	0.02510661704867485	0.7	0.7	0.7576034440930801	0.7576034440930801	0.03165334677204638	0.03165334677204638	1.0	1.0	0.1477573939732144	0.1477573939732144	50.0	50	25.5
expanded_data	discourse_particle	67	only_794	only	h	P_prime	own_context_log_prob_advantage_per_token	50	1	50.0	0.038046820774897704	0.0311333550347221	0.038046820774897704	0.0311333550347221	0.68	0.68	0.6390488929908503	0.6390488929908503	0.031091850058885	0.031091850058885	1.0	1.0	0.0269775390625	0.0269775390625	50.0	50	25.5
expanded_data	discourse_particle	68	only_965	only	h	P	own_context_log_prob_advantage_per_token	50	1	50.0	0.02706824554088477	0.0235628763834635	0.02706824554088477	0.0235628763834635	0.62	0.62	0.5241940421924991	0.5241940421924991	0.016029252082204355	0.016029252082204355	0.0	0.0	-0.0533646477593316	-0.0533646477593316	50.0	50	25.5
expanded_data	discourse_particle	68	only_965	only	h	P_prime	own_context_log_prob_advantage_per_token	50	1	50.0	0.0036573359948455534	0.00303052043357085	0.0036573359948455534	0.00303052043357085	0.52	0.52	0.6150499922290038	0.6150499922290038	0.019041841391430614	0.019041841391430614	0.0	0.0	-0.0418526785714288	-0.0418526785714288	50.0	50	26.58
expanded_data	discourse_particle	69	only_966	only	h	P	own_context_log_prob_advantage_per_token	50	1	50.0	0.006499435036420191	0.00132963061332695	0.006499435036420191	0.00132963061332695	0.52	0.52	0.5554354093872299	0.5554354093872299	0.004881076794901068	0.004881076794901068	0.0	0.0	-0.04278564453125	-0.04278564453125	50.0	50	25.5
expanded_data	discourse_particle	69	only_966	only	h	P_prime	own_context_log_prob_advantage_per_token	50	1	50.0	0.008122516762255595	0.00440503284335135	0.008122516762255595	0.00440503284335135	0.58	0.58	0.6008771279912919	0.6008771279912919	0.01664913031988043	0.01664913031988043	1.0	1.0	0.0374581473214286	0.0374581473214286	50.0	50	25.5
expanded_data	discourse_particle	70	only_1038	only	h	P	own_context_log_prob_advantage_per_token	50	1	50.0	0.054702498734222005	-0.0023371378580730002	0.054702498734222005	-0.0023371378580730002	0.5	0.5	0.4100630215818956	0.4100630215818956	0.026154965588253826	0.026154965588253826	0.0	0.0	-0.1090423583984374	-0.1090423583984374	50.0	50	27.18
expanded_data	discourse_particle	70	only_1038	only	h	P_prime	own_context_log_prob_advantage_per_token	50	1	50.0	0.12996661759033204	0.11266313519394185	0.12996661759033204	0.11266313519394185	0.86	0.86	0.8678687505781926	0.8678687505781926	0.10760565601852312	0.10760565601852312	1.0	1.0	0.32421875	0.32421875	50.0	50	26.06
expanded_data	discourse_particle	71	only_1142	only	h	P	own_context_log_prob_advantage_per_token	50	1	50.0	0.02335428291086056	0.008091873136059899	0.02335428291086056	0.008091873136059899	0.56	0.56	0.4570351378834871	0.4570351378834871	0.015023125140488515	0.015023125140488515	0.0	0.0	-0.06646728515625	-0.06646728515625	50.0	50	25.5
expanded_data	discourse_particle	71	only_1142	only	h	P_prime	own_context_log_prob_advantage_per_token	50	1	50.0	0.019986209658289098	0.00704786512586795	0.019986209658289098	0.00704786512586795	0.62	0.62	0.6846705051567858	0.6846705051567858	0.020419748781775816	0.020419748781775816	0.0	0.0	-0.057332356770833	-0.057332356770833	50.0	50	25.5
expanded_data	discourse_particle	72	only_1272	only	h	P	own_context_log_prob_advantage_per_token	50	1	50.0	0.027112284642211427	0.0175206530225144	0.027112284642211427	0.0175206530225144	0.64	0.64	0.6516044636126831	0.6516044636126831	0.028014874034443464	0.028014874034443464	0.0	0.0	-0.0316991806030273	-0.0316991806030273	50.0	50	26.18
expanded_data	discourse_particle	72	only_1272	only	h	P_prime	own_context_log_prob_advantage_per_token	50	1	50.0	-0.0016588326908969547	0.00463053385416665	-0.0016588326908969547	0.00463053385416665	0.56	0.56	0.5642141358262304	0.5642141358262304	0.0001450406063850298	0.0001450406063850298	1.0	1.0	0.0363616943359375	0.0363616943359375	50.0	50	28.36
expanded_data	discourse_particle	73	only_1368	only	h	P	own_context_log_prob_advantage_per_token	50	1	50.0	0.01675728769573622	0.02292358287866565	0.01675728769573622	0.02292358287866565	0.58	0.58	0.6344054620038488	0.6344054620038488	0.03602990102659728	0.03602990102659728	0.0	0.0	-0.060546875	-0.060546875	50.0	50	26.24
expanded_data	discourse_particle	73	only_1368	only	h	P_prime	own_context_log_prob_advantage_per_token	50	1	50.0	0.048702438752293624	0.03401692708333335	0.048702438752293624	0.03401692708333335	0.7	0.7	0.6926881772692093	0.6926881772692093	0.0503571361574984	0.0503571361574984	0.0	0.0	-0.083207266671317	-0.083207266671317	50.0	50	28.46
expanded_data	discourse_particle	74	only_1446	only	h	P	own_context_log_prob_advantage_per_token	50	1	50.0	0.003229602992687525	-0.00408445085797965	0.003229602992687525	-0.00408445085797965	0.4	0.4	0.35173678504627454	0.35173678504627454	-0.0005755448110569865	-0.0005755448110569865	1.0	1.0	0.165452223557692	0.165452223557692	50.0	50	25.5
expanded_data	discourse_particle	74	only_1446	only	h	P_prime	own_context_log_prob_advantage_per_token	50	1	50.0	0.019621146948534538	0.0130477905273437	0.019621146948534538	0.0130477905273437	0.66	0.66	0.7251664926626812	0.7251664926626812	0.034827700405675274	0.034827700405675274	0.0	0.0	-0.0065294901529946	-0.0065294901529946	50.0	50	25.5
expanded_data	discourse_particle	75	only_1493	only	h	P	own_context_log_prob_advantage_per_token	50	1	50.0	0.03478172433031575	0.031848675271739	0.03478172433031575	0.031848675271739	0.84	0.84	0.8430204891271708	0.8430204891271708	0.036602312678992645	0.036602312678992645	1.0	1.0	0.0110855102539062	0.0110855102539062	50.0	50	25.5
expanded_data	discourse_particle	75	only_1493	only	h	P_prime	own_context_log_prob_advantage_per_token	50	1	50.0	0.03560592968984917	0.024359452097039352	0.03560592968984917	0.024359452097039352	0.74	0.74	0.6721058183921567	0.6721058183921567	0.031161678225359025	0.031161678225359025	1.0	1.0	0.0618733723958333	0.0618733723958333	50.0	50	25.5
expanded_data	discourse_particle	76	only_1538	only	h	P	own_context_log_prob_advantage_per_token	50	1	50.0	0.0165838636562327	-0.00478301729474735	0.0165838636562327	-0.00478301729474735	0.48	0.48	0.42656311911385747	0.42656311911385747	0.012576646132793986	0.012576646132793986	0.0	0.0	-0.043115234375	-0.043115234375	50.0	50	25.5
expanded_data	discourse_particle	76	only_1538	only	h	P_prime	own_context_log_prob_advantage_per_token	50	1	50.0	0.026809543856794637	0.0389455159505209	0.026809543856794637	0.0389455159505209	0.68	0.68	0.7223557085154533	0.7223557085154533	0.029757447242224493	0.029757447242224493	1.0	1.0	0.06829833984375	0.06829833984375	50.0	50	28.16
expanded_data	discourse_particle	77	only_1577	only	h	P	own_context_log_prob_advantage_per_token	50	1	50.0	0.016991097497688366	0.0104208238957601	0.016991097497688366	0.0104208238957601	0.7	0.7	0.7043538496666218	0.7043538496666218	0.02496181557738018	0.02496181557738018	0.0	0.0	-0.0042724609375	-0.0042724609375	50.0	50	25.82
expanded_data	discourse_particle	77	only_1577	only	h	P_prime	own_context_log_prob_advantage_per_token	50	1	50.0	0.000573323886846122	0.0006468357183996	0.000573323886846122	0.0006468357183996	0.5	0.5	0.5810223363223282	0.5810223363223282	0.012995809394012344	0.012995809394012344	0.0	0.0	-0.03369140625	-0.03369140625	50.0	50	26.6
expanded_data	discourse_particle	78	only_1579	only	h	P	own_context_log_prob_advantage_per_token	50	1	50.0	0.008539765143226142	0.0025379359722137	0.008539765143226142	0.0025379359722137	0.62	0.62	0.6657382837474777	0.6657382837474777	0.008140452944185056	0.008140452944185056	1.0	1.0	0.0307529994419641	0.0307529994419641	50.0	50	29.02
expanded_data	discourse_particle	78	only_1579	only	h	P_prime	own_context_log_prob_advantage_per_token	50	1	50.0	0.0030940001073646497	0.0039993286132812	0.0030940001073646497	0.0039993286132812	0.58	0.58	0.5198496061207734	0.5198496061207734	0.0009332482123476252	0.0009332482123476252	1.0	1.0	0.0112184797014509	0.0112184797014509	50.0	50	30.36
expanded_data	discourse_particle	79	only_1602	only	h	P	own_context_log_prob_advantage_per_token	50	1	50.0	0.02029761490705871	0.00367268809565785	0.02029761490705871	0.00367268809565785	0.54	0.54	0.5271833392719497	0.5271833392719497	0.015839459580106678	0.015839459580106678	1.0	1.0	0.0058975219726562	0.0058975219726562	50.0	50	26.0
expanded_data	discourse_particle	79	only_1602	only	h	P_prime	own_context_log_prob_advantage_per_token	50	1	50.0	0.01914639110598457	0.01617814512813795	0.01914639110598457	0.01617814512813795	0.68	0.68	0.6803852876861268	0.6803852876861268	0.01951615691423775	0.01951615691423775	1.0	1.0	0.0603772572108676	0.0603772572108676	50.0	50	26.1
expanded_data	discourse_particle	80	only_1624	only	h	P	own_context_log_prob_advantage_per_token	50	1	50.0	0.005233384091290016	0.005893343970889	0.005233384091290016	0.005893343970889	0.58	0.58	0.5860385699990848	0.5860385699990848	0.009581781765664526	0.009581781765664526	1.0	1.0	0.0646158854166669	0.0646158854166669	50.0	50	25.5
expanded_data	discourse_particle	80	only_1624	only	h	P_prime	own_context_log_prob_advantage_per_token	50	1	50.0	0.01723857166357033	0.0079841613769531	0.01723857166357033	0.0079841613769531	0.6	0.6	0.5977009416864053	0.5977009416864053	0.012635405859840023	0.012635405859840023	1.0	1.0	0.0037307739257812	0.0037307739257812	50.0	50	25.5
expanded_data	discourse_particle	81	only_1817	only	h	P	own_context_log_prob_advantage_per_token	50	1	50.0	0.0024820548383657757	0.0046550205775669	0.0024820548383657757	0.0046550205775669	0.58	0.58	0.6184570331335054	0.6184570331335054	0.0035423312349222133	0.0035423312349222133	1.0	1.0	0.0212180397727275	0.0212180397727275	50.0	50	25.66
expanded_data	discourse_particle	81	only_1817	only	h	P_prime	own_context_log_prob_advantage_per_token	50	1	50.0	0.0032578724584271836	0.00153437647326235	0.0032578724584271836	0.00153437647326235	0.54	0.54	0.5473535057312764	0.5473535057312764	0.003136503974494324	0.003136503974494324	0.0	0.0	-0.0099228568699047	-0.0099228568699047	50.0	50	25.5
expanded_data	discourse_particle	82	only_1888	only	h	P	own_context_log_prob_advantage_per_token	50	1	50.0	0.013031986434978637	0.0090401389382102	0.013031986434978637	0.0090401389382102	0.76	0.76	0.7493757590701545	0.7493757590701545	0.013067234253888817	0.013067234253888817	1.0	1.0	0.0057241977789463	0.0057241977789463	50.0	50	25.5
expanded_data	discourse_particle	82	only_1888	only	h	P_prime	own_context_log_prob_advantage_per_token	50	1	50.0	-0.003137546028000008	-0.0041597048441568	-0.003137546028000008	-0.0041597048441568	0.4	0.4	0.41785851091087517	0.41785851091087517	-0.002884041239061403	-0.002884041239061403	0.0	0.0	-0.02020263671875	-0.02020263671875	50.0	50	25.5
expanded_data	discourse_particle	83	only_1891	only	h	P	own_context_log_prob_advantage_per_token	50	1	50.0	-0.003767337795236771	-0.00348154703776045	-0.003767337795236771	-0.00348154703776045	0.44	0.44	0.42647263431712945	0.42647263431712945	-0.004476655415947506	-0.004476655415947506	1.0	1.0	0.0560709635416665	0.0560709635416665	50.0	50	25.58
expanded_data	discourse_particle	83	only_1891	only	h	P_prime	own_context_log_prob_advantage_per_token	50	1	50.0	0.0029973051640214466	0.0037011040581595503	0.0029973051640214466	0.0037011040581595503	0.62	0.62	0.6598606551349193	0.6598606551349193	0.004152649953910509	0.004152649953910509	1.0	1.0	0.0395159040178572	0.0395159040178572	50.0	50	25.5
expanded_data	discourse_particle	84	only_2032	only	h	P	own_context_log_prob_advantage_per_token	50	1	50.0	0.01107068273627737	0.01215698087916645	0.01107068273627737	0.01215698087916645	0.7	0.7	0.7322944381291218	0.7322944381291218	0.012983889213926571	0.012983889213926571	0.0	0.0	-0.035448514498197	-0.035448514498197	50.0	50	25.5
expanded_data	discourse_particle	84	only_2032	only	h	P_prime	own_context_log_prob_advantage_per_token	50	1	50.0	0.0027607035625367786	-0.00210741162300105	0.0027607035625367786	-0.00210741162300105	0.48	0.48	0.4898563607802556	0.4898563607802556	0.0032326074897133694	0.0032326074897133694	0.0	0.0	-0.0198242187499999	-0.0198242187499999	50.0	50	25.5
expanded_data	discourse_particle	85	only_2038	only	h	P	own_context_log_prob_advantage_per_token	50	1	50.0	0.0467867342670818	0.04355167842411485	0.0467867342670818	0.04355167842411485	0.76	0.76	0.7976496716550447	0.7976496716550447	0.053286886431387515	0.053286886431387515	0.0	0.0	-0.0313934326171878	-0.0313934326171878	50.0	50	26.3
expanded_data	discourse_particle	85	only_2038	only	h	P_prime	own_context_log_prob_advantage_per_token	50	1	50.0	0.02095710950707484	0.0006926826808763	0.02095710950707484	0.0006926826808763	0.5	0.5	0.48939127028880014	0.48939127028880014	0.0197187449563398	0.0197187449563398	1.0	1.0	0.0632709703947369	0.0632709703947369	50.0	50	25.5
expanded_data	discourse_particle	86	only_2118	only	h	P	own_context_log_prob_advantage_per_token	50	1	50.0	0.029870112566532492	0.01941360126842155	0.029870112566532492	0.01941360126842155	0.64	0.64	0.7690980414921657	0.7690980414921657	0.03293665212626217	0.03293665212626217	0.0	0.0	-0.0068359375	-0.0068359375	50.0	50	25.5
expanded_data	discourse_particle	86	only_2118	only	h	P_prime	own_context_log_prob_advantage_per_token	50	1	50.0	0.02059754275818524	0.0172780354817709	0.02059754275818524	0.0172780354817709	0.66	0.66	0.6140249148572122	0.6140249148572122	0.010353009525455616	0.010353009525455616	0.0	0.0	-0.0204335992986504	-0.0204335992986504	50.0	50	25.5
expanded_data	discourse_particle	87	only_2232	only	h	P	own_context_log_prob_advantage_per_token	50	1	50.0	0.0015212749500368495	0.0025146484375	0.0015212749500368495	0.0025146484375	0.52	0.52	0.4868563800061409	0.4868563800061409	0.0017245753880411987	0.0017245753880411987	1.0	1.0	0.0127425193786621	0.0127425193786621	50.0	50	25.5
expanded_data	discourse_particle	87	only_2232	only	h	P_prime	own_context_log_prob_advantage_per_token	50	1	50.0	-0.00446693289556418	-0.0042831883285985	-0.00446693289556418	-0.0042831883285985	0.4	0.4	0.44095856107959575	0.44095856107959575	0.000576019043002485	0.000576019043002485	1.0	1.0	0.0806640624999994	0.0806640624999994	50.0	50	25.5
expanded_data	discourse_particle	88	only_2333	only	h	P	own_context_log_prob_advantage_per_token	50	1	50.0	0.011949528526566715	0.01468098958333345	0.011949528526566715	0.01468098958333345	0.76	0.76	0.7860248168419469	0.7860248168419469	0.013873898629253156	0.013873898629253156	0.0	0.0	-0.0131347656249998	-0.0131347656249998	50.0	50	25.5
expanded_data	discourse_particle	88	only_2333	only	h	P_prime	own_context_log_prob_advantage_per_token	50	1	50.0	0.0011877957819935153	0.0029137551367698997	0.0011877957819935153	0.0029137551367698997	0.58	0.58	0.5738731109509762	0.5738731109509762	0.0022854701386681173	0.0022854701386681173	0.0	0.0	-0.0396484374999994	-0.0396484374999994	50.0	50	25.5
expanded_data	discourse_particle	89	only_2405	only	h	P	own_context_log_prob_advantage_per_token	50	1	50.0	0.03206966873419683	0.0238025983174641	0.03206966873419683	0.0238025983174641	0.88	0.88	0.8906345859900656	0.8906345859900656	0.03125991309068423	0.03125991309068423	1.0	1.0	0.0855424669053817	0.0855424669053817	50.0	50	25.5
expanded_data	discourse_particle	89	only_2405	only	h	P_prime	own_context_log_prob_advantage_per_token	50	1	50.0	-0.006246761731518908	-0.0050204594930013	-0.006246761731518908	-0.0050204594930013	0.46	0.46	0.45005600647085064	0.45005600647085064	-0.00714622301949592	-0.00714622301949592	1.0	1.0	0.0286797916187959	0.0286797916187959	50.0	50	25.72
expanded_data	discourse_particle	90	only_2470	only	h	P	own_context_log_prob_advantage_per_token	50	1	50.0	0.006690012875464294	0.0078180101182725	0.006690012875464294	0.0078180101182725	0.64	0.64	0.5939803166080667	0.5939803166080667	0.005325929896298112	0.005325929896298112	0.0	0.0	-0.0420379638671875	-0.0420379638671875	50.0	50	25.5
expanded_data	discourse_particle	90	only_2470	only	h	P_prime	own_context_log_prob_advantage_per_token	50	1	50.0	0.007017994032827534	0.0059847554201802	0.007017994032827534	0.0059847554201802	0.64	0.64	0.743292190121777	0.743292190121777	0.01653430164865058	0.01653430164865058	1.0	1.0	0.0281962076822916	0.0281962076822916	50.0	50	26.24
expanded_data	discourse_particle	91	only_2627	only	h	P	own_context_log_prob_advantage_per_token	50	1	50.0	0.026047550802181477	0.00798108397411695	0.026047550802181477	0.00798108397411695	0.58	0.58	0.5576757228115097	0.5576757228115097	0.02802775754966552	0.02802775754966552	1.0	1.0	0.1306651722301135	0.1306651722301135	50.0	50	25.5
expanded_data	discourse_particle	91	only_2627	only	h	P_prime	own_context_log_prob_advantage_per_token	50	1	50.0	0.019050554763666513	0.016035270690918098	0.019050554763666513	0.016035270690918098	0.7	0.7	0.7197042779194973	0.7197042779194973	0.01982859879017809	0.01982859879017809	1.0	1.0	0.0821634928385415	0.0821634928385415	50.0	50	25.5
expanded_data	discourse_particle	92	only_2678	only	h	P	own_context_log_prob_advantage_per_token	50	1	50.0	0.00840767790614653	0.00793329874674475	0.00840767790614653	0.00793329874674475	0.64	0.64	0.7000978458879885	0.7000978458879885	0.011004647933362872	0.011004647933362872	0.0	0.0	-0.0164930555555558	-0.0164930555555558	50.0	50	25.5
expanded_data	discourse_particle	92	only_2678	only	h	P_prime	own_context_log_prob_advantage_per_token	50	1	50.0	0.00262772761227001	-0.00207392374674485	0.00262772761227001	-0.00207392374674485	0.46	0.46	0.405849187752556	0.405849187752556	-0.002214774825631781	-0.002214774825631781	0.0	0.0	-0.0143828921847872	-0.0143828921847872	50.0	50	25.5
expanded_data	discourse_particle	93	only_2682	only	h	P	own_context_log_prob_advantage_per_token	50	1	50.0	0.010637505511729413	0.01055118015834265	0.010637505511729413	0.01055118015834265	0.64	0.64	0.690908442706268	0.690908442706268	0.009101388793993801	0.009101388793993801	0.0	0.0	-0.0431243896484372	-0.0431243896484372	50.0	50	25.5
expanded_data	discourse_particle	93	only_2682	only	h	P_prime	own_context_log_prob_advantage_per_token	50	1	50.0	0.024610531739080406	0.01773343767438615	0.024610531739080406	0.01773343767438615	0.7	0.7	0.7009411630026356	0.7009411630026356	0.02139535239468192	0.02139535239468192	1.0	1.0	0.0064978966346151	0.0064978966346151	50.0	50	25.5
expanded_data	discourse_particle	94	only_2695	only	h	P	own_context_log_prob_advantage_per_token	50	1	50.0	0.00817937506080943	0.006627236258599	0.00817937506080943	0.006627236258599	0.72	0.72	0.7137594175296188	0.7137594175296188	0.007200635377778298	0.007200635377778298	1.0	1.0	0.0108235677083334	0.0108235677083334	50.0	50	25.5
expanded_data	discourse_particle	94	only_2695	only	h	P_prime	own_context_log_prob_advantage_per_token	50	1	50.0	0.0004491619049103217	0.0023575458261702	0.0004491619049103217	0.0023575458261702	0.56	0.56	0.5443415539992956	0.5443415539992956	0.00010723244491257573	0.00010723244491257573	0.0	0.0	-0.0127085447311401	-0.0127085447311401	50.0	50	25.5
expanded_data	discourse_particle	95	only_2703	only	h	P	own_context_log_prob_advantage_per_token	50	1	50.0	0.019924298575204696	0.008207841352983001	0.019924298575204696	0.008207841352983001	0.58	0.58	0.6078705816769258	0.6078705816769258	0.028608368537061904	0.028608368537061904	0.0	0.0	-0.0370966593424477	-0.0370966593424477	50.0	50	27.12
expanded_data	discourse_particle	95	only_2703	only	h	P_prime	own_context_log_prob_advantage_per_token	50	1	50.0	0.021909683255221267	0.011641009648640701	0.021909683255221267	0.011641009648640701	0.56	0.56	0.5810607946288522	0.5810607946288522	0.019815825436045497	0.019815825436045497	1.0	1.0	0.0461571433327416	0.0461571433327416	50.0	50	25.74
expanded_data	discourse_particle	96	only_2903	only	h	P	own_context_log_prob_advantage_per_token	50	1	50.0	0.005525783418034238	0.008621207405539101	0.005525783418034238	0.008621207405539101	0.6	0.6	0.6871925818262468	0.6871925818262468	0.006805619324725651	0.006805619324725651	0.0	0.0	-0.01123046875	-0.01123046875	50.0	50	25.5
expanded_data	discourse_particle	96	only_2903	only	h	P_prime	own_context_log_prob_advantage_per_token	50	1	50.0	0.006539210591861094	0.0025961484227860496	0.006539210591861094	0.0025961484227860496	0.58	0.58	0.5383402859098593	0.5383402859098593	0.0006541957369127263	0.0006541957369127263	0.0	0.0	-0.0032577514648437	-0.0032577514648437	50.0	50	26.02
expanded_data	discourse_particle	97	only_3267	only	h	P	own_context_log_prob_advantage_per_token	50	1	50.0	0.0027494198793665296	-0.0004214138454863	0.0027494198793665296	-0.0004214138454863	0.48	0.48	0.42735097276010764	0.42735097276010764	-0.00028563698574469895	-0.00028563698574469895	0.0	0.0	-0.0029708862304687	-0.0029708862304687	50.0	50	25.5
expanded_data	discourse_particle	97	only_3267	only	h	P_prime	own_context_log_prob_advantage_per_token	50	1	50.0	0.003271175705110733	0.0029466417100692498	0.003271175705110733	0.0029466417100692498	0.58	0.58	0.5450961284564977	0.5450961284564977	0.0023363184008677283	0.0023363184008677283	0.0	0.0	-0.046875	-0.046875	50.0	50	25.5
expanded_data	discourse_particle	98	only_3302	only	h	P	own_context_log_prob_advantage_per_token	50	1	50.0	0.004758743181284609	0.004069578079950301	0.004758743181284609	0.004069578079950301	0.56	0.56	0.5251116161945325	0.5251116161945325	0.003952967693353305	0.003952967693353305	0.0	0.0	-0.0082181724342139	-0.0082181724342139	50.0	50	25.82
expanded_data	discourse_particle	98	only_3302	only	h	P_prime	own_context_log_prob_advantage_per_token	50	1	50.0	0.014938655309347683	0.01787256513323095	0.014938655309347683	0.01787256513323095	0.58	0.58	0.5647905350250101	0.5647905350250101	0.014955347291047236	0.014955347291047236	1.0	1.0	0.0220849812030792	0.0220849812030792	50.0	50	25.96
expanded_data	discourse_particle	99	only_3332	only	h	P	own_context_log_prob_advantage_per_token	50	1	50.0	0.05012148094222809	0.0377458731333414	0.05012148094222809	0.0377458731333414	0.72	0.72	0.712791174499014	0.712791174499014	0.04711704381468611	0.04711704381468611	0.0	0.0	-0.0246302203128214	-0.0246302203128214	50.0	50	25.5
expanded_data	discourse_particle	99	only_3332	only	h	P_prime	own_context_log_prob_advantage_per_token	50	1	50.0	0.04284735704862772	0.0483409669312132	0.04284735704862772	0.0483409669312132	0.7	0.7	0.7067429515212786	0.7067429515212786	0.0521478446654053	0.0521478446654053	1.0	1.0	0.0682785200036089	0.0682785200036089	50.0	50	25.5
expanded_data	discourse_particle	100	only_3340	only	h	P	own_context_log_prob_advantage_per_token	50	1	50.0	0.06374555940867102	0.0424489361899239	0.06374555940867102	0.0424489361899239	0.72	0.72	0.6583368484061317	0.6583368484061317	0.05323800758997962	0.05323800758997962	1.0	1.0	0.0780534010667066	0.0780534010667066	50.0	50	25.5
expanded_data	discourse_particle	100	only_3340	only	h	P_prime	own_context_log_prob_advantage_per_token	50	1	50.0	0.029347767856185	0.033218065897623605	0.029347767856185	0.033218065897623605	0.7	0.7	0.8044134011347757	0.8044134011347757	0.044268453189487605	0.044268453189487605	1.0	1.0	0.0206359863281249	0.0206359863281249	50.0	50	25.5
expanded_data	discourse_particle	101	only_3385	only	h	P	own_context_log_prob_advantage_per_token	50	1	50.0	0.05857455541119662	0.0026130676269531	0.05857455541119662	0.0026130676269531	0.56	0.56	0.6267041920646275	0.6267041920646275	0.056032340877588904	0.056032340877588904	0.0	0.0	-0.0518711635044641	-0.0518711635044641	50.0	50	25.5
expanded_data	discourse_particle	101	only_3385	only	h	P_prime	own_context_log_prob_advantage_per_token	50	1	50.0	0.04214065976446741	0.043887972831726	0.04214065976446741	0.043887972831726	0.72	0.72	0.8025893798160195	0.8025893798160195	0.04779081004205044	0.04779081004205044	1.0	1.0	0.0354546440972223	0.0354546440972223	50.0	50	25.76
expanded_data	discourse_particle	102	only_3392	only	h	P	own_context_log_prob_advantage_per_token	50	1	50.0	0.012941607560179279	0.00867598397391185	0.012941607560179279	0.00867598397391185	0.62	0.62	0.5624609735619799	0.5624609735619799	0.01470175805610674	0.01470175805610674	0.0	0.0	-0.13671875	-0.13671875	50.0	50	25.5
expanded_data	discourse_particle	102	only_3392	only	h	P_prime	own_context_log_prob_advantage_per_token	50	1	50.0	0.04275335238006762	0.03137613932291655	0.04275335238006762	0.03137613932291655	0.66	0.66	0.6531903876238538	0.6531903876238538	0.032142474486543136	0.032142474486543136	0.0	0.0	-0.0703125	-0.0703125	50.0	50	25.68
expanded_data	discourse_particle	103	only_3393	only	h	P	own_context_log_prob_advantage_per_token	50	1	50.0	0.038073864362993995	0.02200480730105655	0.038073864362993995	0.02200480730105655	0.64	0.64	0.6536029898822362	0.6536029898822362	0.03924612344384583	0.03924612344384583	0.0	0.0	-0.0118529796600341	-0.0118529796600341	50.0	50	25.5
expanded_data	discourse_particle	103	only_3393	only	h	P_prime	own_context_log_prob_advantage_per_token	50	1	50.0	0.0340490650426189	0.0257281746183122	0.0340490650426189	0.0257281746183122	0.66	0.66	0.7827425523886763	0.7827425523886763	0.04413711104674071	0.04413711104674071	1.0	1.0	0.07196044921875	0.07196044921875	50.0	50	26.32
expanded_data	discourse_particle	104	only_3394	only	h	P	own_context_log_prob_advantage_per_token	50	1	50.0	1.9878253501831033e-05	0.0018575830397262	1.9878253501831033e-05	0.0018575830397262	0.54	0.54	0.5451831554847595	0.5451831554847595	0.007465404245893335	0.007465404245893335	0.0	0.0	-0.0765032087053572	-0.0765032087053572	50.0	50	25.5
expanded_data	discourse_particle	104	only_3394	only	h	P_prime	own_context_log_prob_advantage_per_token	50	1	50.0	0.009053190709745123	0.00807329813639315	0.009053190709745123	0.00807329813639315	0.62	0.62	0.5876846725393798	0.5876846725393798	0.004808737345233924	0.004808737345233924	0.0	0.0	-0.0188860212053572	-0.0188860212053572	50.0	50	25.5
expanded_data	discourse_particle	105	only_3465	only	h	P	own_context_log_prob_advantage_per_token	50	1	50.0	0.032297436566744796	0.02694652194068535	0.032297436566744796	0.02694652194068535	0.72	0.72	0.7308614995344562	0.7308614995344562	0.037612430039277216	0.037612430039277216	1.0	1.0	0.051564534505208	0.051564534505208	50.0	50	25.5
expanded_data	discourse_particle	105	only_3465	only	h	P_prime	own_context_log_prob_advantage_per_token	50	1	50.0	0.012983632316622785	-0.0038809742960895	0.012983632316622785	-0.0038809742960895	0.48	0.48	0.47331007810306797	0.47331007810306797	0.018744802456540966	0.018744802456540966	1.0	1.0	0.0228430430094399	0.0228430430094399	50.0	50	25.5
expanded_data	discourse_particle	106	only_3483	only	h	P	own_context_log_prob_advantage_per_token	50	1	50.0	0.008483271563553137	0.00518182607797475	0.008483271563553137	0.00518182607797475	0.52	0.52	0.5036416971583219	0.5036416971583219	0.004006292662941556	0.004006292662941556	1.0	1.0	0.042138671875	0.042138671875	50.0	50	27.14
expanded_data	discourse_particle	106	only_3483	only	h	P_prime	own_context_log_prob_advantage_per_token	50	1	50.0	0.00906376060717917	0.01099050612676715	0.00906376060717917	0.01099050612676715	0.6	0.6	0.671771838084674	0.671771838084674	0.020839997515926238	0.020839997515926238	1.0	1.0	0.0751953125	0.0751953125	50.0	50	28.1
expanded_data	discourse_particle	107	only_3484	only	h	P	own_context_log_prob_advantage_per_token	50	1	50.0	0.0921409203704684	0.0639057583279081	0.0921409203704684	0.0639057583279081	0.72	0.72	0.6376647728321572	0.6376647728321572	0.06495589275793874	0.06495589275793874	0.0	0.0	-0.0390810285295759	-0.0390810285295759	50.0	50	25.5
expanded_data	discourse_particle	107	only_3484	only	h	P_prime	own_context_log_prob_advantage_per_token	50	1	50.0	-0.006321508522943515	0.013217516243457749	-0.006321508522943515	0.013217516243457749	0.56	0.56	0.6328043786328467	0.6328043786328467	0.034498194880399825	0.034498194880399825	1.0	1.0	0.031664334810697	0.031664334810697	50.0	50	26.94
expanded_data	discourse_particle	108	only_3568	only	h	P	own_context_log_prob_advantage_per_token	50	1	50.0	0.022002476303806834	0.008146268671209	0.022002476303806834	0.008146268671209	0.6	0.6	0.5762089363679952	0.5762089363679952	0.016377701058614257	0.016377701058614257	1.0	1.0	0.1209802627563476	0.1209802627563476	50.0	50	25.5
expanded_data	discourse_particle	108	only_3568	only	h	P_prime	own_context_log_prob_advantage_per_token	50	1	50.0	0.0036359147543796677	0.00952532315495035	0.0036359147543796677	0.00952532315495035	0.6	0.6	0.6331880962275255	0.6331880962275255	0.00633708071320055	0.00633708071320055	1.0	1.0	0.0234428854549633	0.0234428854549633	50.0	50	26.1
expanded_data	discourse_particle	109	only_3570	only	h	P	own_context_log_prob_advantage_per_token	50	1	50.0	0.002468405333746787	-0.0083928573422316	0.002468405333746787	-0.0083928573422316	0.38	0.38	0.3896401992161212	0.3896401992161212	0.0009923676368841716	0.0009923676368841716	1.0	1.0	0.0553792317708333	0.0553792317708333	50.0	50	25.58
expanded_data	discourse_particle	109	only_3570	only	h	P_prime	own_context_log_prob_advantage_per_token	50	1	50.0	0.012973541626820705	0.0109988941865808	0.012973541626820705	0.0109988941865808	0.72	0.72	0.7231204834626539	0.7231204834626539	0.012161247804771525	0.012161247804771525	1.0	1.0	0.0403079986572265	0.0403079986572265	50.0	50	25.96
expanded_data	discourse_particle	110	only_3674	only	h	P	own_context_log_prob_advantage_per_token	50	1	50.0	0.019269020593449242	0.0102295089554	0.019269020593449242	0.0102295089554	0.72	0.72	0.7288526567444215	0.7288526567444215	0.02120147927135144	0.02120147927135144	1.0	1.0	0.003680889423077	0.003680889423077	50.0	50	25.5
expanded_data	discourse_particle	110	only_3674	only	h	P_prime	own_context_log_prob_advantage_per_token	50	1	50.0	-0.00080733518620358	0.00780920062148765	-0.00080733518620358	0.00780920062148765	0.62	0.62	0.5859335411292973	0.5859335411292973	-0.003969894158892223	-0.003969894158892223	1.0	1.0	0.0244140625	0.0244140625	50.0	50	25.5
expanded_data	discourse_particle	111	only_3779	only	h	P	own_context_log_prob_advantage_per_token	50	1	50.0	0.04946709591041012	0.04508571436839745	0.04946709591041012	0.04508571436839745	0.74	0.74	0.7370539049384863	0.7370539049384863	0.05136513950729944	0.05136513950729944	1.0	1.0	0.1677900950113933	0.1677900950113933	50.0	50	25.5
expanded_data	discourse_particle	111	only_3779	only	h	P_prime	own_context_log_prob_advantage_per_token	50	1	50.0	0.047822674016796754	0.039735199569107746	0.047822674016796754	0.039735199569107746	0.62	0.62	0.631000746951991	0.631000746951991	0.04635077389162681	0.04635077389162681	1.0	1.0	0.0361292221966911	0.0361292221966911	50.0	50	25.84
expanded_data	discourse_particle	112	only_3792	only	h	P	own_context_log_prob_advantage_per_token	50	1	50.0	0.01245921343371452	0.018259510946114298	0.01245921343371452	0.018259510946114298	0.7	0.7	0.7923900375077311	0.7923900375077311	0.01885219637249566	0.01885219637249566	1.0	1.0	0.0538504464285711	0.0538504464285711	50.0	50	25.5
expanded_data	discourse_particle	112	only_3792	only	h	P_prime	own_context_log_prob_advantage_per_token	50	1	50.0	0.003867956165240548	0.00112705230712895	0.003867956165240548	0.00112705230712895	0.5	0.5	0.39635747057693227	0.39635747057693227	-0.005096108197901905	-0.005096108197901905	1.0	1.0	0.0495793269230766	0.0495793269230766	50.0	50	25.5
expanded_data	discourse_particle	113	only_3843	only	h	P	own_context_log_prob_advantage_per_token	50	1	50.0	0.02843182111369307	0.032701280381944295	0.02843182111369307	0.032701280381944295	0.78	0.78	0.8142447785023856	0.8142447785023856	0.030299314092269356	0.030299314092269356	1.0	1.0	0.1085322453425479	0.1085322453425479	50.0	50	26.42
expanded_data	discourse_particle	113	only_3843	only	h	P_prime	own_context_log_prob_advantage_per_token	50	1	50.0	-0.014784936106107776	-0.01226870218912755	-0.014784936106107776	-0.01226870218912755	0.38	0.38	0.32242656944072234	0.32242656944072234	-0.020876106642733924	-0.020876106642733924	1.0	1.0	0.02630615234375	0.02630615234375	50.0	50	25.5
expanded_data	discourse_particle	114	only_3867	only	h	P	own_context_log_prob_advantage_per_token	50	1	50.0	0.03692814259424151	0.02440592447916665	0.03692814259424151	0.02440592447916665	0.68	0.68	0.702832143600588	0.702832143600588	0.04946296360898779	0.04946296360898779	1.0	1.0	0.0434401375906809	0.0434401375906809	50.0	50	25.8
expanded_data	discourse_particle	114	only_3867	only	h	P_prime	own_context_log_prob_advantage_per_token	50	1	50.0	0.013822080565848483	0.012547036875849099	0.013822080565848483	0.012547036875849099	0.58	0.58	0.6341040893509358	0.6341040893509358	0.007018506888338361	0.007018506888338361	1.0	1.0	0.1016710069444444	0.1016710069444444	50.0	50	25.5
expanded_data	discourse_particle	115	only_3896	only	h	P	own_context_log_prob_advantage_per_token	50	1	50.0	0.02951690603910901	0.02091217041015635	0.02951690603910901	0.02091217041015635	0.66	0.66	0.728076812768083	0.728076812768083	0.0455352600219292	0.0455352600219292	0.0	0.0	-0.0240026201520646	-0.0240026201520646	50.0	50	25.5
expanded_data	discourse_particle	115	only_3896	only	h	P_prime	own_context_log_prob_advantage_per_token	50	1	50.0	0.02532248163933447	0.0236754838810411	0.02532248163933447	0.0236754838810411	0.72	0.72	0.7577468460924182	0.7577468460924182	0.02735036674901347	0.02735036674901347	1.0	1.0	0.0034877232142855	0.0034877232142855	50.0	50	25.5
expanded_data	discourse_particle	116	only_3930	only	h	P	own_context_log_prob_advantage_per_token	50	1	50.0	0.0025868441796877747	0.00796407482999565	0.0025868441796877747	0.00796407482999565	0.64	0.64	0.6837496593974433	0.6837496593974433	0.006541457597003469	0.006541457597003469	0.0	0.0	-3.92368861605874e-05	-3.92368861605874e-05	50.0	50	25.5
expanded_data	discourse_particle	116	only_3930	only	h	P_prime	own_context_log_prob_advantage_per_token	50	1	50.0	0.005076026682034575	0.00030931042086710005	0.005076026682034575	0.00030931042086710005	0.5	0.5	0.4811796878147284	0.4811796878147284	0.004959110964386375	0.004959110964386375	0.0	0.0	-0.0114176823542668	-0.0114176823542668	50.0	50	25.5
expanded_data	discourse_particle	117	only_3999	only	h	P	own_context_log_prob_advantage_per_token	50	1	50.0	0.028675079606763042	0.0206683614979619	0.028675079606763042	0.0206683614979619	0.66	0.66	0.6696978635603188	0.6696978635603188	0.02651733948258402	0.02651733948258402	1.0	1.0	0.0384124755859378	0.0384124755859378	50.0	50	25.5
expanded_data	discourse_particle	117	only_3999	only	h	P_prime	own_context_log_prob_advantage_per_token	50	1	50.0	-0.0001469976428465035	0.0033319646661931503	-0.0001469976428465035	0.0033319646661931503	0.5	0.5	0.5080663676497726	0.5080663676497726	0.00386880231283819	0.00386880231283819	1.0	1.0	0.0727330988103693	0.0727330988103693	50.0	50	25.5
expanded_data	discourse_particle	118	only_4003	only	h	P	own_context_log_prob_advantage_per_token	50	1	50.0	0.014740375502982097	0.018185686383928548	0.014740375502982097	0.018185686383928548	0.7	0.7	0.6609193581095325	0.6609193581095325	0.013060180703855534	0.013060180703855534	0.0	0.0	-0.1109095982142855	-0.1109095982142855	50.0	50	25.5
expanded_data	discourse_particle	118	only_4003	only	h	P_prime	own_context_log_prob_advantage_per_token	50	1	50.0	0.026879457157735792	0.027657448708473947	0.026879457157735792	0.027657448708473947	0.62	0.62	0.6450638628157924	0.6450638628157924	0.028879786820587183	0.028879786820587183	1.0	1.0	0.0432880108173074	0.0432880108173074	50.0	50	25.5
expanded_data	discourse_particle	119	only_4172	only	h	P	own_context_log_prob_advantage_per_token	50	1	50.0	0.006068968584997977	0.010320899600074249	0.006068968584997977	0.010320899600074249	0.6	0.6	0.6031212668672564	0.6031212668672564	0.006389295993074895	0.006389295993074895	1.0	1.0	0.0541904994419641	0.0541904994419641	50.0	50	25.9
expanded_data	discourse_particle	119	only_4172	only	h	P_prime	own_context_log_prob_advantage_per_token	50	1	50.0	0.02212763441102333	0.02125857426570005	0.02212763441102333	0.02125857426570005	0.62	0.62	0.6239830797267752	0.6239830797267752	0.019323387660637525	0.019323387660637525	1.0	1.0	0.2450637817382812	0.2450637817382812	50.0	50	25.5
expanded_data	meaning_control	120	not_5	not	h	P	own_context_log_prob_advantage_per_token	50	1	50.0	0.05150223050316796	0.03792502663352275	0.05150223050316796	0.03792502663352275	0.66	0.66	0.7091142264817821	0.7091142264817821	0.0569047038902126	0.0569047038902126	0.0	0.0	-0.1999282836914062	-0.1999282836914062	50.0	50	25.5
expanded_data	meaning_control	120	not_5	not	h	P_prime	own_context_log_prob_advantage_per_token	50	1	50.0	0.02747153658442614	0.015144568223219551	0.02747153658442614	0.015144568223219551	0.6	0.6	0.5192952185575832	0.5192952185575832	0.019375324470208576	0.019375324470208576	1.0	1.0	0.0215422023426401	0.0215422023426401	50.0	50	25.5
expanded_data	meaning_control	121	not_7	not	h	P	own_context_log_prob_advantage_per_token	50	1	50.0	0.06020285037439334	0.055585861206054646	0.06020285037439334	0.055585861206054646	0.78	0.78	0.7904444699335731	0.7904444699335731	0.04858863156705238	0.04858863156705238	1.0	1.0	0.0797767639160156	0.0797767639160156	50.0	50	25.5
expanded_data	meaning_control	121	not_7	not	h	P_prime	own_context_log_prob_advantage_per_token	50	1	50.0	0.06602118485287468	0.03101349728448035	0.06602118485287468	0.03101349728448035	0.66	0.66	0.5963635447761294	0.5963635447761294	0.04035458142893422	0.04035458142893422	0.0	0.0	-0.0005865693092346	-0.0005865693092346	50.0	50	25.86
expanded_data	meaning_control	122	not_15	not	h	P	own_context_log_prob_advantage_per_token	50	1	50.0	0.08694989804757455	0.0883672502305772	0.08694989804757455	0.0883672502305772	0.86	0.86	0.937344586778243	0.937344586778243	0.09360028689746305	0.09360028689746305	1.0	1.0	0.0908425071022729	0.0908425071022729	50.0	50	25.5
expanded_data	meaning_control	122	not_15	not	h	P_prime	own_context_log_prob_advantage_per_token	50	1	50.0	0.04505554876799359	0.02546064020914325	0.04505554876799359	0.02546064020914325	0.58	0.58	0.4432517480592087	0.4432517480592087	0.016716716919502116	0.016716716919502116	1.0	1.0	0.1441009521484373	0.1441009521484373	50.0	50	25.5
expanded_data	meaning_control	123	not_71	not	h	P	own_context_log_prob_advantage_per_token	50	1	50.0	0.0606783632000407	0.06495920817057295	0.0606783632000407	0.06495920817057295	0.78	0.78	0.7242714786467493	0.7242714786467493	0.05608183231835935	0.05608183231835935	1.0	1.0	0.0167643229166665	0.0167643229166665	50.0	50	25.5
expanded_data	meaning_control	123	not_71	not	h	P_prime	own_context_log_prob_advantage_per_token	50	1	50.0	-0.011703160888368933	-0.010241219491669649	-0.011703160888368933	-0.010241219491669649	0.46	0.46	0.5223649115901202	0.5223649115901202	-0.009336796231117595	-0.009336796231117595	0.0	0.0	-0.015625	-0.015625	50.0	50	25.5
expanded_data	meaning_control	124	not_81	not	h	P	own_context_log_prob_advantage_per_token	50	1	50.0	0.20818887175471562	0.17250249120924194	0.20818887175471562	0.17250249120924194	0.78	0.78	0.8892717089996955	0.8892717089996955	0.3099364044718189	0.3099364044718189	1.0	1.0	0.0727979871961803	0.0727979871961803	50.0	50	26.66
expanded_data	meaning_control	124	not_81	not	h	P_prime	own_context_log_prob_advantage_per_token	50	1	50.0	0.15543304564460875	0.1063232421875	0.15543304564460875	0.1063232421875	0.86	0.86	0.8539138191497196	0.8539138191497196	0.14234236635425337	0.14234236635425337	1.0	1.0	0.1345630992542613	0.1345630992542613	50.0	50	25.5
expanded_data	meaning_control	125	not_226	not	h	P	own_context_log_prob_advantage_per_token	50	1	50.0	0.03527632062512892	0.03352154625786675	0.03527632062512892	0.03352154625786675	0.74	0.74	0.7393870102858973	0.7393870102858973	0.038497693745246836	0.038497693745246836	0.0	0.0	-0.0068155924479165	-0.0068155924479165	50.0	50	25.5
expanded_data	meaning_control	125	not_226	not	h	P_prime	own_context_log_prob_advantage_per_token	50	1	50.0	0.08689374960090059	0.042712075369698496	0.08689374960090059	0.042712075369698496	0.7	0.7	0.7089655223686387	0.7089655223686387	0.08775472470377026	0.08775472470377026	1.0	1.0	0.126164486533717	0.126164486533717	50.0	50	25.5
expanded_data	meaning_control	126	not_244	not	h	P	own_context_log_prob_advantage_per_token	50	1	50.0	0.027536752194465306	0.015179107239196401	0.027536752194465306	0.015179107239196401	0.6	0.6	0.6334470625592176	0.6334470625592176	0.03044068249085573	0.03044068249085573	0.0	0.0	-0.0024029787848978	-0.0024029787848978	50.0	50	25.5
expanded_data	meaning_control	126	not_244	not	h	P_prime	own_context_log_prob_advantage_per_token	50	1	50.0	-0.0017761133927609912	0.0099609759675354	-0.0017761133927609912	0.0099609759675354	0.6	0.6	0.5854978607510698	0.5854978607510698	-0.003548342594221407	-0.003548342594221407	1.0	1.0	0.0338959466843378	0.0338959466843378	50.0	50	25.5
expanded_data	meaning_control	127	not_272	not	h	P	own_context_log_prob_advantage_per_token	50	1	50.0	0.011974091741338448	0.0032442327131303	0.011974091741338448	0.0032442327131303	0.56	0.56	0.5746929677055751	0.5746929677055751	0.014827641512942977	0.014827641512942977	0.0	0.0	-0.0017613002232144	-0.0017613002232144	50.0	50	25.5
expanded_data	meaning_control	127	not_272	not	h	P_prime	own_context_log_prob_advantage_per_token	50	1	50.0	0.004757379243433948	0.00319925944010445	0.004757379243433948	0.00319925944010445	0.52	0.52	0.4954322344421145	0.4954322344421145	0.0027047584303192046	0.0027047584303192046	0.0	0.0	-0.0478515625	-0.0478515625	50.0	50	25.5
expanded_data	meaning_control	128	not_302	not	h	P	own_context_log_prob_advantage_per_token	50	1	50.0	0.006424595542483886	0.00206507955278675	0.006424595542483886	0.00206507955278675	0.6	0.6	0.6562949779420225	0.6562949779420225	0.008114315975527486	0.008114315975527486	1.0	1.0	0.0325927734375	0.0325927734375	50.0	50	25.5
expanded_data	meaning_control	128	not_302	not	h	P_prime	own_context_log_prob_advantage_per_token	50	1	50.0	0.007686559582701544	0.00387335693441515	0.007686559582701544	0.00387335693441515	0.64	0.64	0.6072109935010903	0.6072109935010903	0.004557505924453051	0.004557505924453051	1.0	1.0	0.0065975870404924	0.0065975870404924	50.0	50	25.5
expanded_data	meaning_control	129	not_309	not	h	P	own_context_log_prob_advantage_per_token	50	1	50.0	0.02656031834122462	0.012163279007892	0.02656031834122462	0.012163279007892	0.74	0.74	0.7449628011293752	0.7449628011293752	0.027639652576177023	0.027639652576177023	1.0	1.0	0.0041027750287736	0.0041027750287736	50.0	50	25.5
expanded_data	meaning_control	129	not_309	not	h	P_prime	own_context_log_prob_advantage_per_token	50	1	50.0	0.030844280313230107	0.01809801374162955	0.030844280313230107	0.01809801374162955	0.64	0.64	0.5569659339726113	0.5569659339726113	0.02082632838673465	0.02082632838673465	1.0	1.0	0.0297688802083335	0.0297688802083335	50.0	50	25.5
expanded_data	meaning_control	130	not_319	not	h	P	own_context_log_prob_advantage_per_token	50	1	50.0	0.13807839826685406	0.09497299194335951	0.13807839826685406	0.09497299194335951	0.78	0.78	0.7977212357561956	0.7977212357561956	0.1445070990618071	0.1445070990618071	0.0	0.0	-0.2002970377604165	-0.2002970377604165	50.0	50	25.5
expanded_data	meaning_control	130	not_319	not	h	P_prime	own_context_log_prob_advantage_per_token	50	1	50.0	0.32315394609327314	0.1116498311360676	0.32315394609327314	0.1116498311360676	0.8	0.8	0.8560557746954283	0.8560557746954283	0.4665465225827619	0.4665465225827619	1.0	1.0	0.0508756893021722	0.0508756893021722	50.0	50	25.5
expanded_data	meaning_control	131	not_367	not	h	P	own_context_log_prob_advantage_per_token	50	1	50.0	0.047410311099132935	0.0360972645518544	0.047410311099132935	0.0360972645518544	0.8	0.8	0.769595592831284	0.769595592831284	0.04919025448420621	0.04919025448420621	1.0	1.0	0.030029296875	0.030029296875	50.0	50	25.5
expanded_data	meaning_control	131	not_367	not	h	P_prime	own_context_log_prob_advantage_per_token	50	1	50.0	-0.0009148871518243376	-0.00716590881347655	-0.0009148871518243376	-0.00716590881347655	0.4	0.4	0.41362793875678566	0.41362793875678566	0.027054510539013154	0.027054510539013154	0.0	0.0	-0.046173095703125	-0.046173095703125	50.0	50	25.62
expanded_data	meaning_control	132	not_379	not	h	P	own_context_log_prob_advantage_per_token	50	1	50.0	0.07872813273723038	0.07857384314903855	0.07872813273723038	0.07857384314903855	0.76	0.76	0.7842770347324843	0.7842770347324843	0.07631879455208347	0.07631879455208347	1.0	1.0	0.0399945576985674	0.0399945576985674	50.0	50	25.5
expanded_data	meaning_control	132	not_379	not	h	P_prime	own_context_log_prob_advantage_per_token	50	1	50.0	0.0820616689667774	0.05630281236436625	0.0820616689667774	0.05630281236436625	0.72	0.72	0.7755284466924297	0.7755284466924297	0.09147307006671401	0.09147307006671401	1.0	1.0	0.087890625	0.087890625	50.0	50	25.5
expanded_data	meaning_control	133	not_383	not	h	P	own_context_log_prob_advantage_per_token	50	1	50.0	0.03411690419236872	0.0396150768949434	0.03411690419236872	0.0396150768949434	0.74	0.74	0.769221938214995	0.769221938214995	0.03987914335868289	0.03987914335868289	1.0	1.0	0.0742440059267242	0.0742440059267242	50.0	50	25.5
expanded_data	meaning_control	133	not_383	not	h	P_prime	own_context_log_prob_advantage_per_token	50	1	50.0	0.08182961139579492	0.07902285927220376	0.08182961139579492	0.07902285927220376	0.72	0.72	0.6701767804735121	0.6701767804735121	0.07872837344958243	0.07872837344958243	1.0	1.0	0.0861118861607144	0.0861118861607144	50.0	50	25.5
expanded_data	meaning_control	134	not_460	not	h	P	own_context_log_prob_advantage_per_token	50	1	50.0	0.07327807961036127	0.0760044575957082	0.07327807961036127	0.0760044575957082	0.88	0.88	0.892582877780158	0.892582877780158	0.07418457867625072	0.07418457867625072	0.0	0.0	-0.0502237955729163	-0.0502237955729163	50.0	50	25.5
expanded_data	meaning_control	134	not_460	not	h	P_prime	own_context_log_prob_advantage_per_token	50	1	50.0	0.06159969621414189	0.00649372736612935	0.06159969621414189	0.00649372736612935	0.56	0.56	0.5267234730694825	0.5267234730694825	0.06991928337842014	0.06991928337842014	1.0	1.0	0.0368303571428572	0.0368303571428572	50.0	50	25.54
expanded_data	meaning_control	135	not_686	not	h	P	own_context_log_prob_advantage_per_token	50	1	50.0	0.20213612576971415	0.18555365668402773	0.20213612576971415	0.18555365668402773	0.9	0.9	0.9586872916474712	0.9586872916474712	0.20512663395334135	0.20512663395334135	1.0	1.0	0.1488984914926383	0.1488984914926383	50.0	50	25.5
expanded_data	meaning_control	135	not_686	not	h	P_prime	own_context_log_prob_advantage_per_token	50	1	50.0	0.17471896688049413	0.14373321533203132	0.17471896688049413	0.14373321533203132	0.88	0.88	0.851635545099482	0.851635545099482	0.14577496356354183	0.14577496356354183	1.0	1.0	0.151702880859375	0.151702880859375	50.0	50	25.5
expanded_data	meaning_control	136	not_698	not	h	P	own_context_log_prob_advantage_per_token	50	1	50.0	0.0855512957091555	0.0956598196917698	0.0855512957091555	0.0956598196917698	0.72	0.72	0.6875849269074957	0.6875849269074957	0.07529418560311249	0.07529418560311249	1.0	1.0	0.0869124412536619	0.0869124412536619	50.0	50	25.5
expanded_data	meaning_control	136	not_698	not	h	P_prime	own_context_log_prob_advantage_per_token	50	1	50.0	0.07978794364023875	0.06415714559330275	0.07978794364023875	0.06415714559330275	0.64	0.64	0.692613942937977	0.692613942937977	0.10077944904267107	0.10077944904267107	1.0	1.0	0.1181793212890625	0.1181793212890625	50.0	50	26.12
expanded_data	meaning_control	137	not_702	not	h	P	own_context_log_prob_advantage_per_token	50	1	50.0	-0.007356110619692375	-0.005859375	-0.007356110619692375	-0.005859375	0.44	0.44	0.5310083593125746	0.5310083593125746	-0.001356196629507803	-0.001356196629507803	0.0	0.0	-0.0030628551136366	-0.0030628551136366	50.0	50	25.64
expanded_data	meaning_control	137	not_702	not	h	P_prime	own_context_log_prob_advantage_per_token	50	1	50.0	0.005737462436725635	0.0014635086059571001	0.005737462436725635	0.0014635086059571001	0.56	0.56	0.4673402732459974	0.4673402732459974	0.0016950874464567354	0.0016950874464567354	0.0	0.0	-0.0132963392469618	-0.0132963392469618	50.0	50	25.5
expanded_data	meaning_control	138	not_729	not	h	P	own_context_log_prob_advantage_per_token	50	1	50.0	0.1749412354536136	0.17619739879261348	0.1749412354536136	0.17619739879261348	0.84	0.84	0.8930244689035789	0.8930244689035789	0.17343890032816406	0.17343890032816406	0.0	0.0	-0.0597873263888888	-0.0597873263888888	50.0	50	25.5
expanded_data	meaning_control	138	not_729	not	h	P_prime	own_context_log_prob_advantage_per_token	50	1	50.0	0.12198789606070003	0.1179365270278034	0.12198789606070003	0.1179365270278034	0.7	0.7	0.6626449035720816	0.6626449035720816	0.1404986817670099	0.1404986817670099	1.0	1.0	0.2121093749999998	0.2121093749999998	50.0	50	25.5
expanded_data	meaning_control	139	not_768	not	h	P	own_context_log_prob_advantage_per_token	50	1	50.0	0.1034093010312035	0.08148193359375	0.1034093010312035	0.08148193359375	0.84	0.84	0.8454674533862276	0.8454674533862276	0.09020700445166023	0.09020700445166023	1.0	1.0	0.1165364583333339	0.1165364583333339	50.0	50	25.98
expanded_data	meaning_control	139	not_768	not	h	P_prime	own_context_log_prob_advantage_per_token	50	1	50.0	0.08023697254334622	-0.00624193464006705	0.08023697254334622	-0.00624193464006705	0.46	0.46	0.3292428584677605	0.3292428584677605	0.015777509928853073	0.015777509928853073	0.0	0.0	-0.1298828125	-0.1298828125	50.0	50	25.56
expanded_data	meaning_control	140	not_865	not	h	P	own_context_log_prob_advantage_per_token	50	1	50.0	0.06143387280800722	0.0583517733943519	0.06143387280800722	0.0583517733943519	0.84	0.84	0.8730843573878928	0.8730843573878928	0.07103344294126936	0.07103344294126936	1.0	1.0	0.1744842529296875	0.1744842529296875	50.0	50	25.5
expanded_data	meaning_control	140	not_865	not	h	P_prime	own_context_log_prob_advantage_per_token	50	1	50.0	0.07311089683531634	0.026600095960828952	0.07311089683531634	0.026600095960828952	0.64	0.64	0.6672383863447435	0.6672383863447435	0.0880490190059589	0.0880490190059589	0.0	0.0	-0.0001463456587353	-0.0001463456587353	50.0	50	25.5
expanded_data	meaning_control	141	not_949	not	h	P	own_context_log_prob_advantage_per_token	50	1	50.0	0.007513907914513182	-0.004054069519043	0.007513907914513182	-0.004054069519043	0.5	0.5	0.47320756940173775	0.47320756940173775	0.009960118172605333	0.009960118172605333	0.0	0.0	-0.0762699672154016	-0.0762699672154016	50.0	50	25.5
expanded_data	meaning_control	141	not_949	not	h	P_prime	own_context_log_prob_advantage_per_token	50	1	50.0	0.037102498846639465	0.02734789167131685	0.037102498846639465	0.02734789167131685	0.64	0.64	0.5845216508362309	0.5845216508362309	0.016025734124035188	0.016025734124035188	0.0	0.0	-0.1220703125	-0.1220703125	50.0	50	25.5
expanded_data	meaning_control	142	not_969	not	h	P	own_context_log_prob_advantage_per_token	50	1	50.0	0.03772095816317518	0.0273021455592534	0.03772095816317518	0.0273021455592534	0.7	0.7	0.7162055045750214	0.7162055045750214	0.04599135269906798	0.04599135269906798	1.0	1.0	0.0145474672317504	0.0145474672317504	50.0	50	25.76
expanded_data	meaning_control	142	not_969	not	h	P_prime	own_context_log_prob_advantage_per_token	50	1	50.0	0.03842901570701613	0.0206177946809048	0.03842901570701613	0.0206177946809048	0.66	0.66	0.7032079586775454	0.7032079586775454	0.03976644013069934	0.03976644013069934	0.0	0.0	-0.02252197265625	-0.02252197265625	50.0	50	26.16
expanded_data	meaning_control	143	not_1154	not	h	P	own_context_log_prob_advantage_per_token	50	1	50.0	0.002886065149033777	0.00728223164876315	0.002886065149033777	0.00728223164876315	0.56	0.56	0.6099330842161137	0.6099330842161137	0.011510924106481154	0.011510924106481154	0.0	0.0	-0.0969889322916666	-0.0969889322916666	50.0	50	25.5
expanded_data	meaning_control	143	not_1154	not	h	P_prime	own_context_log_prob_advantage_per_token	50	1	50.0	0.03456246306488921	0.01873501864346605	0.03456246306488921	0.01873501864346605	0.6	0.6	0.661547862458549	0.661547862458549	0.054261617459511184	0.054261617459511184	1.0	1.0	0.0074427678034856	0.0074427678034856	50.0	50	25.7
expanded_data	meaning_control	144	not_1270	not	h	P	own_context_log_prob_advantage_per_token	50	1	50.0	0.008684785142287895	0.012688807504517799	0.008684785142287895	0.012688807504517799	0.62	0.62	0.5991047477373881	0.5991047477373881	0.0343471337091421	0.0343471337091421	1.0	1.0	0.0429246690538194	0.0429246690538194	50.0	50	25.5
expanded_data	meaning_control	144	not_1270	not	h	P_prime	own_context_log_prob_advantage_per_token	50	1	50.0	0.09418958588289986	0.0364746093749999	0.09418958588289986	0.0364746093749999	0.76	0.76	0.7116463786486199	0.7116463786486199	0.10445069183959059	0.10445069183959059	1.0	1.0	0.193797930693015	0.193797930693015	50.0	50	25.68
expanded_data	meaning_control	145	not_1286	not	h	P	own_context_log_prob_advantage_per_token	50	1	50.0	0.07721737051377282	0.0648324148995536	0.07721737051377282	0.0648324148995536	0.74	0.74	0.8276555962965101	0.8276555962965101	0.10792020215187227	0.10792020215187227	1.0	1.0	0.0932295057508678	0.0932295057508678	50.0	50	25.5
expanded_data	meaning_control	145	not_1286	not	h	P_prime	own_context_log_prob_advantage_per_token	50	1	50.0	0.050725610473507085	0.016621180943080502	0.050725610473507085	0.016621180943080502	0.52	0.52	0.4803674852002678	0.4803674852002678	0.04330048053513803	0.04330048053513803	1.0	1.0	0.2713403701782226	0.2713403701782226	50.0	50	25.5
expanded_data	meaning_control	146	not_1347	not	h	P	own_context_log_prob_advantage_per_token	50	1	50.0	0.028575068403990028	0.02484130859375	0.028575068403990028	0.02484130859375	0.58	0.58	0.7498900982817933	0.7498900982817933	0.03888745588382227	0.03888745588382227	0.0	0.0	-0.0381546020507812	-0.0381546020507812	50.0	50	25.5
expanded_data	meaning_control	146	not_1347	not	h	P_prime	own_context_log_prob_advantage_per_token	50	1	50.0	0.03270950503145646	0.022375646263662098	0.03270950503145646	0.022375646263662098	0.62	0.62	0.6167319122912985	0.6167319122912985	0.022838550859289066	0.022838550859289066	1.0	1.0	0.0487823486328125	0.0487823486328125	50.0	50	25.5
expanded_data	meaning_control	147	not_1353	not	h	P	own_context_log_prob_advantage_per_token	50	1	50.0	0.03884560553679518	0.035854975382487	0.03884560553679518	0.035854975382487	0.76	0.76	0.8267389756670952	0.8267389756670952	0.04410446893763527	0.04410446893763527	1.0	1.0	0.0117614269256591	0.0117614269256591	50.0	50	25.5
expanded_data	meaning_control	147	not_1353	not	h	P_prime	own_context_log_prob_advantage_per_token	50	1	50.0	0.01626687715977493	0.006132479067202	0.01626687715977493	0.006132479067202	0.52	0.52	0.4773521253443139	0.4773521253443139	0.013626706893660726	0.013626706893660726	1.0	1.0	0.0055332890263308	0.0055332890263308	50.0	50	25.5
expanded_data	meaning_control	148	not_1385	not	h	P	own_context_log_prob_advantage_per_token	50	1	50.0	0.06004991903218746	0.05564489120092145	0.06004991903218746	0.05564489120092145	0.78	0.78	0.8272083023629293	0.8272083023629293	0.07013430810910672	0.07013430810910672	1.0	1.0	0.1955023871527776	0.1955023871527776	50.0	50	25.5
expanded_data	meaning_control	148	not_1385	not	h	P_prime	own_context_log_prob_advantage_per_token	50	1	50.0	0.0474208866875041	0.032142162322998	0.0474208866875041	0.032142162322998	0.74	0.74	0.7482346002215732	0.7482346002215732	0.0650421455412934	0.0650421455412934	1.0	1.0	0.2033882141113281	0.2033882141113281	50.0	50	25.5
expanded_data	meaning_control	149	not_1406	not	h	P	own_context_log_prob_advantage_per_token	50	1	50.0	0.05242705082894998	0.0517464394895188	0.05242705082894998	0.0517464394895188	0.7	0.7	0.7481148791366586	0.7481148791366586	0.03811925787195556	0.03811925787195556	1.0	1.0	0.0939216613769531	0.0939216613769531	50.0	50	25.5
expanded_data	meaning_control	149	not_1406	not	h	P_prime	own_context_log_prob_advantage_per_token	50	1	50.0	0.09992948988662553	0.07937451412803251	0.09992948988662553	0.07937451412803251	0.74	0.74	0.8367320251267136	0.8367320251267136	0.15299611837444393	0.15299611837444393	0.0	0.0	-0.05413818359375	-0.05413818359375	50.0	50	25.5
expanded_data	meaning_control	150	not_1570	not	h	P	own_context_log_prob_advantage_per_token	50	1	50.0	0.019545237004175632	0.026603051594325453	0.019545237004175632	0.026603051594325453	0.7	0.7	0.7222858699417103	0.7222858699417103	0.022310807423897672	0.022310807423897672	1.0	1.0	0.0081007480621337	0.0081007480621337	50.0	50	25.5
expanded_data	meaning_control	150	not_1570	not	h	P_prime	own_context_log_prob_advantage_per_token	50	1	50.0	0.019783862209900485	0.0086294351897624	0.019783862209900485	0.0086294351897624	0.62	0.62	0.6089746356113915	0.6089746356113915	0.015146790486445169	0.015146790486445169	1.0	1.0	0.0069586181640626	0.0069586181640626	50.0	50	25.5
expanded_data	meaning_control	151	not_1602	not	h	P	own_context_log_prob_advantage_per_token	50	1	50.0	0.04694855160530576	0.04193793402777775	0.04694855160530576	0.04193793402777775	0.78	0.78	0.8568020922067144	0.8568020922067144	0.05642215409290139	0.05642215409290139	0.0	0.0	-0.0140458887273613	-0.0140458887273613	50.0	50	25.5
expanded_data	meaning_control	151	not_1602	not	h	P_prime	own_context_log_prob_advantage_per_token	50	1	50.0	0.0024154369371297522	-0.00483282986614435	0.0024154369371297522	-0.00483282986614435	0.46	0.46	0.3791173682333604	0.3791173682333604	-0.008753967752409803	-0.008753967752409803	0.0	0.0	-0.020843223289207	-0.020843223289207	50.0	50	25.5
expanded_data	meaning_control	152	not_1608	not	h	P	own_context_log_prob_advantage_per_token	50	1	50.0	0.01085580733213012	0.00895294916062125	0.01085580733213012	0.00895294916062125	0.8	0.8	0.8338813062765921	0.8338813062765921	0.012357154170080771	0.012357154170080771	1.0	1.0	0.024911880493164	0.024911880493164	50.0	50	25.5
expanded_data	meaning_control	152	not_1608	not	h	P_prime	own_context_log_prob_advantage_per_token	50	1	50.0	-0.0018194734270056039	-0.00240838555467145	-0.0018194734270056039	-0.00240838555467145	0.44	0.44	0.4110321737113283	0.4110321737113283	-0.003844428282069177	-0.003844428282069177	0.0	0.0	-0.004243330522017	-0.004243330522017	50.0	50	25.5
expanded_data	meaning_control	153	not_1647	not	h	P	own_context_log_prob_advantage_per_token	50	1	50.0	0.04108786099882182	0.02911376953124995	0.04108786099882182	0.02911376953124995	0.66	0.66	0.6890540432497876	0.6890540432497876	0.048233507936488555	0.048233507936488555	1.0	1.0	0.0250651041666669	0.0250651041666669	50.0	50	25.5
expanded_data	meaning_control	153	not_1647	not	h	P_prime	own_context_log_prob_advantage_per_token	50	1	50.0	0.06589761907266825	0.05950750423666325	0.06589761907266825	0.05950750423666325	0.8	0.8	0.7958067080002251	0.7958067080002251	0.05396834704288318	0.05396834704288318	1.0	1.0	0.0105062577782608	0.0105062577782608	50.0	50	25.5
expanded_data	meaning_control	154	not_1663	not	h	P	own_context_log_prob_advantage_per_token	50	1	50.0	0.0034517236646407555	0.0067340003119575505	0.0034517236646407555	0.0067340003119575505	0.66	0.66	0.7362886397513317	0.7362886397513317	0.007684111145652019	0.007684111145652019	1.0	1.0	0.0147339800993602	0.0147339800993602	50.0	50	25.5
expanded_data	meaning_control	154	not_1663	not	h	P_prime	own_context_log_prob_advantage_per_token	50	1	50.0	-0.002281900987819072	-0.0022355362221049002	-0.002281900987819072	-0.0022355362221049002	0.42	0.42	0.40674105406978495	0.40674105406978495	-0.002708746384265621	-0.002708746384265621	1.0	1.0	0.008555276053292	0.008555276053292	50.0	50	25.5
expanded_data	meaning_control	155	not_1668	not	h	P	own_context_log_prob_advantage_per_token	50	1	50.0	0.03212137339215433	0.0479018583325696	0.03212137339215433	0.0479018583325696	0.68	0.68	0.6894485423246596	0.6894485423246596	0.050086543074160064	0.050086543074160064	0.0	0.0	-0.140625	-0.140625	50.0	50	25.5
expanded_data	meaning_control	155	not_1668	not	h	P_prime	own_context_log_prob_advantage_per_token	50	1	50.0	0.05917314281527483	0.041341145833333454	0.05917314281527483	0.041341145833333454	0.68	0.68	0.790881856757662	0.790881856757662	0.08033062520571468	0.08033062520571468	1.0	1.0	0.0344890356063842	0.0344890356063842	50.0	50	25.5
expanded_data	meaning_control	156	not_1686	not	h	P	own_context_log_prob_advantage_per_token	50	1	50.0	0.07550676899909595	0.0541598540808765	0.07550676899909595	0.0541598540808765	0.82	0.82	0.8732086246748972	0.8732086246748972	0.08867638462046623	0.08867638462046623	0.0	0.0	-0.0307413736979169	-0.0307413736979169	50.0	50	25.5
expanded_data	meaning_control	156	not_1686	not	h	P_prime	own_context_log_prob_advantage_per_token	50	1	50.0	0.08616098416589577	0.049051627134665446	0.08616098416589577	0.049051627134665446	0.92	0.92	0.9544879933688595	0.9544879933688595	0.082277639299795	0.082277639299795	1.0	1.0	0.1939697265625	0.1939697265625	50.0	50	25.5
expanded_data	meaning_control	157	not_1697	not	h	P	own_context_log_prob_advantage_per_token	50	1	50.0	0.03130373036297164	0.02950842693598585	0.03130373036297164	0.02950842693598585	0.82	0.82	0.8401684475785101	0.8401684475785101	0.036502128614895955	0.036502128614895955	1.0	1.0	0.0288554297553167	0.0288554297553167	50.0	50	25.76
expanded_data	meaning_control	157	not_1697	not	h	P_prime	own_context_log_prob_advantage_per_token	50	1	50.0	-0.009963770018845962	-0.012295410095938451	-0.009963770018845962	-0.012295410095938451	0.38	0.38	0.31704213263778613	0.31704213263778613	-0.02321106354260032	-0.02321106354260032	0.0	0.0	-0.0973307291666667	-0.0973307291666667	50.0	50	25.5
expanded_data	meaning_control	158	not_1700	not	h	P	own_context_log_prob_advantage_per_token	50	1	50.0	0.002893583265130104	-0.0015411331103397999	0.002893583265130104	-0.0015411331103397999	0.46	0.46	0.4500597600683917	0.4500597600683917	0.014280433598612221	0.014280433598612221	0.0	0.0	-0.0003541034200917	-0.0003541034200917	50.0	50	26.48
expanded_data	meaning_control	158	not_1700	not	h	P_prime	own_context_log_prob_advantage_per_token	50	1	50.0	0.10851825999001326	0.0400238037109375	0.10851825999001326	0.0400238037109375	0.78	0.78	0.7909440927234548	0.7909440927234548	0.06863636096524135	0.06863636096524135	1.0	1.0	0.0513427734375002	0.0513427734375002	50.0	50	25.5
expanded_data	meaning_control	159	not_1721	not	h	P	own_context_log_prob_advantage_per_token	50	1	50.0	0.010583450532992856	0.016179106335089302	0.010583450532992856	0.016179106335089302	0.76	0.76	0.8328920506708553	0.8328920506708553	0.01906210759633286	0.01906210759633286	0.0	0.0	-0.3046875	-0.3046875	50.0	50	25.5
expanded_data	meaning_control	159	not_1721	not	h	P_prime	own_context_log_prob_advantage_per_token	50	1	50.0	0.0013980327699789636	-0.00317324025958185	0.0013980327699789636	-0.00317324025958185	0.44	0.44	0.3498174515493142	0.3498174515493142	-0.006479863833265719	-0.006479863833265719	0.0	0.0	-0.0054014968872069	-0.0054014968872069	50.0	50	25.5
expanded_data	meaning_control	160	not_1754	not	h	P	own_context_log_prob_advantage_per_token	50	1	50.0	-0.0018378730824627437	-0.0007130304972331001	-0.0018378730824627437	-0.0007130304972331001	0.46	0.46	0.42911429184617356	0.42911429184617356	-0.001276644749034368	-0.001276644749034368	1.0	1.0	0.0198326110839843	0.0198326110839843	50.0	50	25.5
expanded_data	meaning_control	160	not_1754	not	h	P_prime	own_context_log_prob_advantage_per_token	50	1	50.0	0.0033352456294168985	0.0023800357357486998	0.0033352456294168985	0.0023800357357486998	0.58	0.58	0.578218501595825	0.578218501595825	0.002189650666439384	0.002189650666439384	0.0	0.0	-0.0177326202392578	-0.0177326202392578	50.0	50	25.5
expanded_data	meaning_control	161	not_1760	not	h	P	own_context_log_prob_advantage_per_token	50	1	50.0	0.014936290601128057	0.01251072532252245	0.014936290601128057	0.01251072532252245	0.72	0.72	0.7693746905408044	0.7693746905408044	0.017306277808493274	0.017306277808493274	1.0	1.0	0.0250420821340457	0.0250420821340457	50.0	50	25.5
expanded_data	meaning_control	161	not_1760	not	h	P_prime	own_context_log_prob_advantage_per_token	50	1	50.0	0.01184260244028241	0.00237414345795665	0.01184260244028241	0.00237414345795665	0.54	0.54	0.5346070010925382	0.5346070010925382	0.009842142652589505	0.009842142652589505	1.0	1.0	0.0238749186197917	0.0238749186197917	50.0	50	25.5
expanded_data	meaning_control	162	not_1761	not	h	P	own_context_log_prob_advantage_per_token	50	1	50.0	0.039212734785293454	0.0380701362385469	0.039212734785293454	0.0380701362385469	0.78	0.78	0.8717072375815118	0.8717072375815118	0.05327277720163577	0.05327277720163577	1.0	1.0	0.0683069643766984	0.0683069643766984	50.0	50	25.98
expanded_data	meaning_control	162	not_1761	not	h	P_prime	own_context_log_prob_advantage_per_token	50	1	50.0	0.038173358647942565	0.025328854719797803	0.038173358647942565	0.025328854719797803	0.66	0.66	0.5776245824116933	0.5776245824116933	0.01789044820447319	0.01789044820447319	1.0	1.0	0.1814453125000001	0.1814453125000001	50.0	50	25.5
expanded_data	meaning_control	163	not_1774	not	h	P	own_context_log_prob_advantage_per_token	50	1	50.0	0.11946822735540874	0.08276654734756005	0.11946822735540874	0.08276654734756005	0.8	0.8	0.859608759983789	0.859608759983789	0.15608477696339249	0.15608477696339249	1.0	1.0	0.0646338255509084	0.0646338255509084	50.0	50	25.5
expanded_data	meaning_control	163	not_1774	not	h	P_prime	own_context_log_prob_advantage_per_token	50	1	50.0	0.10729053910766106	0.06992656052714635	0.10729053910766106	0.06992656052714635	0.78	0.78	0.7971866447220814	0.7971866447220814	0.12208582606474552	0.12208582606474552	1.0	1.0	0.1520182291666665	0.1520182291666665	50.0	50	25.5
expanded_data	meaning_control	164	not_1776	not	h	P	own_context_log_prob_advantage_per_token	50	1	50.0	0.18041722661493917	0.11077485084533685	0.18041722661493917	0.11077485084533685	0.76	0.76	0.8193957105508312	0.8193957105508312	0.2212805217395533	0.2212805217395533	0.0	0.0	-0.2558670043945312	-0.2558670043945312	50.0	50	26.02
expanded_data	meaning_control	164	not_1776	not	h	P_prime	own_context_log_prob_advantage_per_token	50	1	50.0	0.12096443546678087	0.1003208705357142	0.12096443546678087	0.1003208705357142	0.86	0.86	0.874655257089547	0.874655257089547	0.12063473603462237	0.12063473603462237	1.0	1.0	0.0891384548611111	0.0891384548611111	50.0	50	25.5
expanded_data	meaning_control	165	not_1804	not	h	P	own_context_log_prob_advantage_per_token	50	1	50.0	0.13070047437548984	0.10490202903747556	0.13070047437548984	0.10490202903747556	0.88	0.88	0.9284897673481627	0.9284897673481627	0.15253602707304592	0.15253602707304592	1.0	1.0	0.1869430541992187	0.1869430541992187	50.0	50	26.6
expanded_data	meaning_control	165	not_1804	not	h	P_prime	own_context_log_prob_advantage_per_token	50	1	50.0	0.2790056573871734	0.1137916564941408	0.2790056573871734	0.1137916564941408	0.68	0.68	0.679449415347608	0.679449415347608	0.31432653991351994	0.31432653991351994	1.0	1.0	0.65936279296875	0.65936279296875	50.0	50	28.5
expanded_data	meaning_control	166	not_1819	not	h	P	own_context_log_prob_advantage_per_token	50	1	50.0	0.04308364640599128	0.03372083391462065	0.04308364640599128	0.03372083391462065	0.72	0.72	0.7232396230900039	0.7232396230900039	0.03979234414880048	0.03979234414880048	0.0	0.0	-0.0113236276726973	-0.0113236276726973	50.0	50	25.5
expanded_data	meaning_control	166	not_1819	not	h	P_prime	own_context_log_prob_advantage_per_token	50	1	50.0	0.0224011685328834	0.0247932397402249	0.0224011685328834	0.0247932397402249	0.58	0.58	0.6410143368541055	0.6410143368541055	0.02996805106356666	0.02996805106356666	1.0	1.0	0.0855468749999999	0.0855468749999999	50.0	50	25.5
expanded_data	meaning_control	167	not_2047	not	h	P	own_context_log_prob_advantage_per_token	50	1	50.0	0.03118849873158563	0.0190277099609375	0.03118849873158563	0.0190277099609375	0.66	0.66	0.7697416452556263	0.7697416452556263	0.04706432763495455	0.04706432763495455	1.0	1.0	0.0579681396484375	0.0579681396484375	50.0	50	25.5
expanded_data	meaning_control	167	not_2047	not	h	P_prime	own_context_log_prob_advantage_per_token	50	1	50.0	0.04287342442230628	0.02893553532648015	0.04287342442230628	0.02893553532648015	0.86	0.86	0.8507842818753933	0.8507842818753933	0.04617475375134524	0.04617475375134524	1.0	1.0	0.010292965432872	0.010292965432872	50.0	50	25.5
expanded_data	meaning_control	168	not_2138	not	h	P	own_context_log_prob_advantage_per_token	50	1	50.0	0.03209232553148653	0.020818309623654198	0.03209232553148653	0.020818309623654198	0.76	0.76	0.803814696544765	0.803814696544765	0.028549576591111906	0.028549576591111906	0.0	0.0	-0.0016581217447919	-0.0016581217447919	50.0	50	26.1
expanded_data	meaning_control	168	not_2138	not	h	P_prime	own_context_log_prob_advantage_per_token	50	1	50.0	0.0017150814995304498	-0.0005354881286621	0.0017150814995304498	-0.0005354881286621	0.5	0.5	0.4680980529426413	0.4680980529426413	-0.0018747890510698731	-0.0018747890510698731	0.0	0.0	-0.0145138827237216	-0.0145138827237216	50.0	50	25.5
expanded_data	meaning_control	169	not_2142	not	h	P	own_context_log_prob_advantage_per_token	50	1	50.0	0.0032108200587392206	0.0003218877883184	0.0032108200587392206	0.0003218877883184	0.5	0.5	0.46084443187777746	0.46084443187777746	0.005297362832050613	0.005297362832050613	1.0	1.0	0.0062018500434026	0.0062018500434026	50.0	50	25.5
expanded_data	meaning_control	169	not_2142	not	h	P_prime	own_context_log_prob_advantage_per_token	50	1	50.0	0.002065329343931834	0.00152346619174	0.002065329343931834	0.00152346619174	0.52	0.52	0.4516176551524421	0.4516176551524421	0.0010716646507656557	0.0010716646507656557	0.0	0.0	-0.006177978515625	-0.006177978515625	50.0	50	25.5
expanded_data	meaning_control	170	not_2148	not	h	P	own_context_log_prob_advantage_per_token	50	1	50.0	0.15678992693943739	0.13308601092575162	0.15678992693943739	0.13308601092575162	0.8	0.8	0.7875935034300415	0.7875935034300415	0.1628555521530891	0.1628555521530891	1.0	1.0	0.2043986002604165	0.2043986002604165	50.0	50	25.92
expanded_data	meaning_control	170	not_2148	not	h	P_prime	own_context_log_prob_advantage_per_token	50	1	50.0	0.08353521784814602	0.06415244098349546	0.08353521784814602	0.06415244098349546	0.78	0.78	0.8250555194748158	0.8250555194748158	0.051069157114214975	0.051069157114214975	1.0	1.0	0.0181894302368164	0.0181894302368164	50.0	50	25.5
expanded_data	meaning_control	171	not_2160	not	h	P	own_context_log_prob_advantage_per_token	50	1	50.0	0.009249493965034095	0.010102691650390499	0.009249493965034095	0.010102691650390499	0.66	0.66	0.7451355821437983	0.7451355821437983	0.011264492520463873	0.011264492520463873	0.0	0.0	-0.0141951821067114	-0.0141951821067114	50.0	50	25.5
expanded_data	meaning_control	171	not_2160	not	h	P_prime	own_context_log_prob_advantage_per_token	50	1	50.0	0.005834613666879289	0.00496588812934025	0.005834613666879289	0.00496588812934025	0.54	0.54	0.47133924116130416	0.47133924116130416	-0.0044998247610478995	-0.0044998247610478995	0.0	0.0	-0.0042666480654758	-0.0042666480654758	50.0	50	25.5
expanded_data	meaning_control	172	not_2168	not	h	P	own_context_log_prob_advantage_per_token	50	1	50.0	0.021896750065011843	0.02330187216572375	0.021896750065011843	0.02330187216572375	0.68	0.68	0.7119200650308574	0.7119200650308574	0.028318369927360896	0.028318369927360896	1.0	1.0	0.0705907485064338	0.0705907485064338	50.0	50	25.84
expanded_data	meaning_control	172	not_2168	not	h	P_prime	own_context_log_prob_advantage_per_token	50	1	50.0	0.0049936464934852345	-0.0012493133544921999	0.0049936464934852345	-0.0012493133544921999	0.5	0.5	0.4247396004959063	0.4247396004959063	-0.00287993924820133	-0.00287993924820133	1.0	1.0	0.0639266967773437	0.0639266967773437	50.0	50	25.56
expanded_data	meaning_control	173	not_2378	not	h	P	own_context_log_prob_advantage_per_token	50	1	50.0	0.0037544965792270023	0.00395782177264865	0.0037544965792270023	0.00395782177264865	0.76	0.76	0.7516178205000011	0.7516178205000011	0.0033508876964411165	0.0033508876964411165	1.0	1.0	0.0169233842329545	0.0169233842329545	50.0	50	25.5
expanded_data	meaning_control	173	not_2378	not	h	P_prime	own_context_log_prob_advantage_per_token	50	1	50.0	0.0026579092870650145	8.88064503669944e-05	0.0026579092870650145	8.88064503669944e-05	0.52	0.52	0.56046512624208	0.56046512624208	0.0034615561094117247	0.0034615561094117247	1.0	1.0	0.0066214341383714	0.0066214341383714	50.0	50	25.5
expanded_data	meaning_control	174	not_2405	not	h	P	own_context_log_prob_advantage_per_token	50	1	50.0	0.05416778643658698	0.00250302828275235	0.05416778643658698	0.00250302828275235	0.5	0.5	0.5266383647106153	0.5266383647106153	0.07339848504596042	0.07339848504596042	1.0	1.0	0.0318080357142855	0.0318080357142855	50.0	50	25.5
expanded_data	meaning_control	174	not_2405	not	h	P_prime	own_context_log_prob_advantage_per_token	50	1	50.0	0.02572597868739761	0.0229598999023439	0.02572597868739761	0.0229598999023439	0.7	0.7	0.6990296464846666	0.6990296464846666	0.01982456184840483	0.01982456184840483	1.0	1.0	0.0020616319444441	0.0020616319444441	50.0	50	25.5
expanded_data	meaning_control	175	not_2456	not	h	P	own_context_log_prob_advantage_per_token	50	1	50.0	0.030690519830539782	0.02217090319073385	0.030690519830539782	0.02217090319073385	0.84	0.84	0.8072371377785562	0.8072371377785562	0.03036268820766448	0.03036268820766448	1.0	1.0	0.0302097096162683	0.0302097096162683	50.0	50	25.5
expanded_data	meaning_control	175	not_2456	not	h	P_prime	own_context_log_prob_advantage_per_token	50	1	50.0	0.01153847220663942	0.01280916654146645	0.01153847220663942	0.01280916654146645	0.62	0.62	0.5970371938097249	0.5970371938097249	0.009580637487225317	0.009580637487225317	1.0	1.0	0.062684089906754	0.062684089906754	50.0	50	25.5
expanded_data	meaning_control	176	not_2467	not	h	P	own_context_log_prob_advantage_per_token	50	1	50.0	0.04630937456471076	0.040635909789647554	0.04630937456471076	0.040635909789647554	0.82	0.82	0.8179386869748784	0.8179386869748784	0.0399727197255768	0.0399727197255768	0.0	0.0	-0.0106157575334822	-0.0106157575334822	50.0	50	25.5
expanded_data	meaning_control	176	not_2467	not	h	P_prime	own_context_log_prob_advantage_per_token	50	1	50.0	0.1035214090517066	0.010900020847717901	0.1035214090517066	0.010900020847717901	0.52	0.52	0.5501002198209772	0.5501002198209772	0.1010417119040216	0.1010417119040216	1.0	1.0	0.130696614583333	0.130696614583333	50.0	50	25.5
expanded_data	meaning_control	177	not_2497	not	h	P	own_context_log_prob_advantage_per_token	50	1	50.0	0.16047018321009865	0.13515853881835935	0.16047018321009865	0.13515853881835935	0.9	0.9	0.8859572719147603	0.8859572719147603	0.1320526225046955	0.1320526225046955	1.0	1.0	0.0100419786241316	0.0100419786241316	50.0	50	25.5
expanded_data	meaning_control	177	not_2497	not	h	P_prime	own_context_log_prob_advantage_per_token	50	1	50.0	0.3025545755736693	0.2078008379255025	0.3025545755736693	0.2078008379255025	0.88	0.88	0.8871462475541195	0.8871462475541195	0.2448341048710091	0.2448341048710091	1.0	1.0	0.4220241970486111	0.4220241970486111	50.0	50	25.5
expanded_data	meaning_control	178	not_2551	not	h	P	own_context_log_prob_advantage_per_token	50	1	50.0	0.06322996108388551	0.0297841003962925	0.06322996108388551	0.0297841003962925	0.8	0.8	0.8719167751871234	0.8719167751871234	0.06011574669612448	0.06011574669612448	1.0	1.0	0.0311660766601562	0.0311660766601562	50.0	50	25.5
expanded_data	meaning_control	178	not_2551	not	h	P_prime	own_context_log_prob_advantage_per_token	50	1	50.0	0.03633605622690017	0.01638386398553845	0.03633605622690017	0.01638386398553845	0.76	0.76	0.7569684749935903	0.7569684749935903	0.02863830589338956	0.02863830589338956	1.0	1.0	0.1653645833333334	0.1653645833333334	50.0	50	25.5
expanded_data	meaning_control	179	not_2698	not	h	P	own_context_log_prob_advantage_per_token	50	1	50.0	0.030605782859782212	0.02344795422894615	0.030605782859782212	0.02344795422894615	0.74	0.74	0.7864526936921756	0.7864526936921756	0.05167512980238508	0.05167512980238508	1.0	1.0	0.0072860717773437	0.0072860717773437	50.0	50	25.5
expanded_data	meaning_control	179	not_2698	not	h	P_prime	own_context_log_prob_advantage_per_token	50	1	50.0	0.10614456600829007	0.031316055191887696	0.10614456600829007	0.031316055191887696	0.72	0.72	0.7447881116315814	0.7447881116315814	0.13173086984566748	0.13173086984566748	1.0	1.0	0.008476032930262	0.008476032930262	50.0	50	25.5
