source_dataset	dataset_role	source_row_index	id	word	subset	generated_from	analysis_metric	n_candidates	n_items	mean_candidates_per_item	mean_own_context_log_prob_advantage	median_own_context_log_prob_advantage	mean_own_context_log_prob_advantage_per_token	median_own_context_log_prob_advantage_per_token	own_context_win_rate	own_context_win_rate_per_token	weighted_own_context_win_rate	weighted_own_context_win_rate_per_token	weighted_own_context_log_prob_advantage	weighted_own_context_log_prob_advantage_per_token	top1_own_context_win_rate	top1_own_context_win_rate_per_token	top1_mean_own_context_log_prob_advantage	top1_mean_own_context_log_prob_advantage_per_token	mean_unique_samples_obtained	min_unique_samples_obtained	mean_sample_draw
expanded_data	discourse_particle	0	just_e_1157	just	o	P	own_context_log_prob_advantage_per_token	50	1	50.0	0.07532493545292439	0.0586866074138218	0.07532493545292439	0.0586866074138218	1.0	1.0	1.0	1.0	0.07555333520280216	0.07555333520280216	1.0	1.0	0.1502118110656738	0.1502118110656738	50.0	50	94.2
expanded_data	discourse_particle	0	just_e_1157	just	o	P_prime	own_context_log_prob_advantage_per_token	50	1	50.0	-0.03181429589094186	-0.028195157684108352	-0.03181429589094186	-0.028195157684108352	0.14	0.14	0.1286810261799141	0.1286810261799141	-0.03225879725947463	-0.03225879725947463	0.0	0.0	-0.0354609947938185	-0.0354609947938185	50.0	50	42.1
expanded_data	discourse_particle	1	just_j_5467	just	h	P	own_context_log_prob_advantage_per_token	50	1	50.0	-0.02781329038837875	-0.026013185580571453	-0.02781329038837875	-0.026013185580571453	0.12	0.12	0.12638086176995877	0.12638086176995877	-0.026808233520226418	-0.026808233520226418	0.0	0.0	-0.0174176641872949	-0.0174176641872949	50.0	50	25.5
expanded_data	discourse_particle	1	just_j_5467	just	h	P_prime	own_context_log_prob_advantage_per_token	50	1	50.0	0.07029172355298774	0.06104735725305295	0.07029172355298774	0.06104735725305295	1.0	1.0	1.0	1.0	0.06892516431892592	0.06892516431892592	1.0	1.0	0.0957553911209105	0.0957553911209105	50.0	50	25.5
expanded_data	discourse_particle	2	just_j_2485	just	h	P	own_context_log_prob_advantage_per_token	50	1	50.0	0.006196457534879518	0.00688143602069115	0.006196457534879518	0.00688143602069115	0.62	0.62	0.6311913291499412	0.6311913291499412	0.006521211371311963	0.006521211371311963	0.0	0.0	-0.0114272066525049	-0.0114272066525049	50.0	50	25.5
expanded_data	discourse_particle	2	just_j_2485	just	h	P_prime	own_context_log_prob_advantage_per_token	50	1	50.0	0.0288232629978353	0.02518735953739705	0.0288232629978353	0.02518735953739705	0.86	0.86	0.8619200543811095	0.8619200543811095	0.02918766108304191	0.02918766108304191	1.0	1.0	0.0393414872033256	0.0393414872033256	50.0	50	25.5
expanded_data	discourse_particle	3	just_e_2798	just	o	P	own_context_log_prob_advantage_per_token	50	1	50.0	0.138243140569584	0.14424508494892335	0.138243140569584	0.14424508494892335	1.0	1.0	1.0	1.0	0.1387590261565719	0.1387590261565719	1.0	1.0	0.1948561386058204	0.1948561386058204	50.0	50	26.4
expanded_data	discourse_particle	3	just_e_2798	just	o	P_prime	own_context_log_prob_advantage_per_token	50	1	50.0	0.06550051997901252	0.05663879641464775	0.06550051997901252	0.05663879641464775	0.74	0.74	0.7420790541505511	0.7420790541505511	0.06465629927194005	0.06465629927194005	1.0	1.0	0.0509055968253843	0.0509055968253843	50.0	50	26.42
expanded_data	discourse_particle	4	just_j_1627	just	h	P	own_context_log_prob_advantage_per_token	50	1	50.0	0.009033714299138008	0.009675020801609851	0.009033714299138008	0.009675020801609851	0.68	0.68	0.6820682671057432	0.6820682671057432	0.009400510819666776	0.009400510819666776	1.0	1.0	0.0080656174457434	0.0080656174457434	50.0	50	25.5
expanded_data	discourse_particle	4	just_j_1627	just	h	P_prime	own_context_log_prob_advantage_per_token	50	1	50.0	0.02002850301043294	0.0114853776966614	0.02002850301043294	0.0114853776966614	0.78	0.78	0.7700000201497128	0.7700000201497128	0.01877055128398261	0.01877055128398261	1.0	1.0	0.0419816512327928	0.0419816512327928	50.0	50	25.5
expanded_data	discourse_particle	5	just_e_4508	just	o	P	own_context_log_prob_advantage_per_token	50	1	50.0	0.016014872013135735	0.0170268391836501	0.016014872013135735	0.0170268391836501	0.74	0.74	0.7263675488079191	0.7263675488079191	0.014212459501068007	0.014212459501068007	1.0	1.0	0.0181879285843141	0.0181879285843141	50.0	50	25.5
expanded_data	discourse_particle	5	just_e_4508	just	o	P_prime	own_context_log_prob_advantage_per_token	50	1	50.0	0.05981637214224917	0.056855101925986	0.05981637214224917	0.056855101925986	0.98	0.98	0.9774671783668698	0.9774671783668698	0.05829841478080223	0.05829841478080223	1.0	1.0	0.1437911465764045	0.1437911465764045	50.0	50	25.5
expanded_data	discourse_particle	6	just_j_638	just	h	P	own_context_log_prob_advantage_per_token	50	1	50.0	-0.04921162817837695	-0.05158198127206755	-0.04921162817837695	-0.05158198127206755	0.06	0.06	0.0664236979671128	0.0664236979671128	-0.048254948696496124	-0.048254948696496124	0.0	0.0	-0.0469453743525913	-0.0469453743525913	50.0	50	25.5
expanded_data	discourse_particle	6	just_j_638	just	h	P_prime	own_context_log_prob_advantage_per_token	50	1	50.0	0.10454681333269092	0.10022851285480319	0.10454681333269092	0.10022851285480319	1.0	1.0	1.0	1.0	0.10473314286016806	0.10473314286016806	1.0	1.0	0.1163562553269521	0.1163562553269521	50.0	50	25.5
expanded_data	discourse_particle	7	just_e_5138	just	o	P	own_context_log_prob_advantage_per_token	50	1	50.0	-0.004003099071121587	-0.00322498018238825	-0.004003099071121587	-0.00322498018238825	0.48	0.48	0.4634931465402061	0.4634931465402061	-0.0048405129371663505	-0.0048405129371663505	0.0	0.0	-0.0142254522868563	-0.0142254522868563	50.0	50	25.5
expanded_data	discourse_particle	7	just_e_5138	just	o	P_prime	own_context_log_prob_advantage_per_token	50	1	50.0	0.056812787339298815	0.0575724892404548	0.056812787339298815	0.0575724892404548	0.98	0.98	0.9810671716238502	0.9810671716238502	0.057128654199847036	0.057128654199847036	1.0	1.0	0.0603212618058728	0.0603212618058728	50.0	50	25.5
expanded_data	discourse_particle	8	just_j_498	just	h	P	own_context_log_prob_advantage_per_token	50	1	50.0	0.0552307715981657	0.0540072185779685	0.0552307715981657	0.0540072185779685	0.84	0.84	0.857040831350653	0.857040831350653	0.05600830439287484	0.05600830439287484	1.0	1.0	0.0448646652164743	0.0448646652164743	50.0	50	25.5
expanded_data	discourse_particle	8	just_j_498	just	h	P_prime	own_context_log_prob_advantage_per_token	50	1	50.0	0.050915044261341184	0.0429352215358189	0.050915044261341184	0.0429352215358189	0.94	0.94	0.9442050919765882	0.9442050919765882	0.04918630872797539	0.04918630872797539	1.0	1.0	0.0423312459673199	0.0423312459673199	50.0	50	25.5
expanded_data	discourse_particle	9	just_j_7769	just	h	P	own_context_log_prob_advantage_per_token	50	1	50.0	-0.003358857618293355	-0.00404614128419675	-0.003358857618293355	-0.00404614128419675	0.44	0.44	0.4366389871126829	0.4366389871126829	-0.0032183562695364365	-0.0032183562695364365	1.0	1.0	0.0148526430130004	0.0148526430130004	50.0	50	25.5
expanded_data	discourse_particle	9	just_j_7769	just	h	P_prime	own_context_log_prob_advantage_per_token	50	1	50.0	0.024839789395540445	0.0239443412074794	0.024839789395540445	0.0239443412074794	0.92	0.92	0.9224443849586091	0.9224443849586091	0.024667349640447218	0.024667349640447218	1.0	1.0	0.0335257700511386	0.0335257700511386	50.0	50	25.5
expanded_data	discourse_particle	10	just_j_12718	just	h	P	own_context_log_prob_advantage_per_token	50	1	50.0	0.046854595297254734	0.0337584158816894	0.046854595297254734	0.0337584158816894	0.9	0.9	0.9017861109157387	0.9017861109157387	0.04699978079278169	0.04699978079278169	1.0	1.0	0.0256170413710855	0.0256170413710855	50.0	50	25.5
expanded_data	discourse_particle	10	just_j_12718	just	h	P_prime	own_context_log_prob_advantage_per_token	50	1	50.0	0.004307311991873727	0.0055832289772115	0.004307311991873727	0.0055832289772115	0.54	0.54	0.531612721441832	0.531612721441832	0.0037860029014320238	0.0037860029014320238	0.0	0.0	-0.0574744853420533	-0.0574744853420533	50.0	50	25.5
expanded_data	discourse_particle	11	just_j_8242	just	h	P	own_context_log_prob_advantage_per_token	50	1	50.0	-0.0050060442125716784	-0.00357401684431245	-0.0050060442125716784	-0.00357401684431245	0.34	0.34	0.35996281408693737	0.35996281408693737	-0.0037505106684105538	-0.0037505106684105538	0.0	0.0	-0.0059158960978189	-0.0059158960978189	50.0	50	25.64
expanded_data	discourse_particle	11	just_j_8242	just	h	P_prime	own_context_log_prob_advantage_per_token	50	1	50.0	0.008324817795143205	0.0066830678665622	0.008324817795143205	0.0066830678665622	0.9	0.9	0.8870977336752627	0.8870977336752627	0.0080277154931906	0.0080277154931906	1.0	1.0	0.0036502037729537	0.0036502037729537	50.0	50	25.5
expanded_data	discourse_particle	12	just_j_8890	just	h	P	own_context_log_prob_advantage_per_token	50	1	50.0	0.008909032073503997	0.006388689790453201	0.008909032073503997	0.006388689790453201	0.62	0.62	0.6093102412776024	0.6093102412776024	0.008516894970239854	0.008516894970239854	0.0	0.0	-0.0080129044396535	-0.0080129044396535	50.0	50	25.5
expanded_data	discourse_particle	12	just_j_8890	just	h	P_prime	own_context_log_prob_advantage_per_token	50	1	50.0	0.010897735878844173	0.01075264949064995	0.010897735878844173	0.01075264949064995	0.76	0.76	0.763851314683852	0.763851314683852	0.011023818043576042	0.011023818043576042	1.0	1.0	0.0227319359779358	0.0227319359779358	50.0	50	25.5
expanded_data	discourse_particle	13	just_j_10613	just	h	P	own_context_log_prob_advantage_per_token	50	1	50.0	-0.33628315059394565	-0.2577460310939284	-0.33628315059394565	-0.2577460310939284	0.0	0.0	0.0	0.0	-0.26912285192118357	-0.26912285192118357	0.0	0.0	-0.5034539103507996	-0.5034539103507996	50.0	50	46.74
expanded_data	discourse_particle	13	just_j_10613	just	h	P_prime	own_context_log_prob_advantage_per_token	50	1	50.0	0.39083669004696114	0.3903297281265259	0.39083669004696114	0.3903297281265259	1.0	1.0	1.0	1.0	0.35300085740992415	0.35300085740992415	1.0	1.0	0.5034539103507996	0.5034539103507996	50.0	50	69.1
expanded_data	discourse_particle	14	just_e_6323	just	o	P	own_context_log_prob_advantage_per_token	50	1	50.0	0.046210265015277044	0.0451888207940592	0.046210265015277044	0.0451888207940592	1.0	1.0	1.0	1.0	0.04607861746796568	0.04607861746796568	1.0	1.0	0.045508073057447	0.045508073057447	50.0	50	25.5
expanded_data	discourse_particle	14	just_e_6323	just	o	P_prime	own_context_log_prob_advantage_per_token	50	1	50.0	-0.04010241112880375	-0.03882901072502125	-0.04010241112880375	-0.03882901072502125	0.0	0.0	0.0	0.0	-0.03922900523512807	-0.03922900523512807	0.0	0.0	-0.025225256039546	-0.025225256039546	50.0	50	25.5
expanded_data	discourse_particle	15	just_j_4012	just	h	P	own_context_log_prob_advantage_per_token	50	1	50.0	0.0038263638584986083	0.0041570825236183495	0.0038263638584986083	0.0041570825236183495	0.54	0.54	0.5513007723469618	0.5513007723469618	0.003886153084246848	0.003886153084246848	1.0	1.0	0.0141677039010184	0.0141677039010184	50.0	50	25.5
expanded_data	discourse_particle	15	just_j_4012	just	h	P_prime	own_context_log_prob_advantage_per_token	50	1	50.0	0.0061759371413246085	0.0077155922140394	0.0061759371413246085	0.0077155922140394	0.7	0.7	0.7075084299335408	0.7075084299335408	0.006320251319689356	0.006320251319689356	1.0	1.0	0.0031439747129167	0.0031439747129167	50.0	50	25.5
expanded_data	discourse_particle	16	just_e_9268	just	o	P	own_context_log_prob_advantage_per_token	50	1	50.0	0.052448936441170095	0.0504535547324589	0.052448936441170095	0.0504535547324589	0.98	0.98	0.9808126234725094	0.9808126234725094	0.051399136760433985	0.051399136760433985	1.0	1.0	0.0650085721697126	0.0650085721697126	50.0	50	25.5
expanded_data	discourse_particle	16	just_e_9268	just	o	P_prime	own_context_log_prob_advantage_per_token	50	1	50.0	-0.0139005760068366	-0.0142697572708129	-0.0139005760068366	-0.0142697572708129	0.24	0.24	0.2320776468457471	0.2320776468457471	-0.014140689810359323	-0.014140689810359323	0.0	0.0	-0.0210231729916163	-0.0210231729916163	50.0	50	25.5
expanded_data	discourse_particle	17	just_j_788	just	h	P	own_context_log_prob_advantage_per_token	50	1	50.0	0.013559879666669349	0.015800309961750348	0.013559879666669349	0.015800309961750348	0.84	0.84	0.8436359505824842	0.8436359505824842	0.013535463917393136	0.013535463917393136	1.0	1.0	0.0210396216975318	0.0210396216975318	50.0	50	25.94
expanded_data	discourse_particle	17	just_j_788	just	h	P_prime	own_context_log_prob_advantage_per_token	50	1	50.0	0.005941395311118146	0.00854291764516675	0.005941395311118146	0.00854291764516675	0.6	0.6	0.6183831270878283	0.6183831270878283	0.006298614164426826	0.006298614164426826	0.0	0.0	-0.013194790482521	-0.013194790482521	50.0	50	25.5
expanded_data	discourse_particle	18	just_e_5758	just	o	P	own_context_log_prob_advantage_per_token	50	1	50.0	0.003718001604973278	0.0033407407147544	0.003718001604973278	0.0033407407147544	0.6	0.6	0.5995805224400812	0.5995805224400812	0.003898751031418004	0.003898751031418004	0.0	0.0	-0.0079869559832981	-0.0079869559832981	50.0	50	25.5
expanded_data	discourse_particle	18	just_e_5758	just	o	P_prime	own_context_log_prob_advantage_per_token	50	1	50.0	0.009254300289694603	0.0075521656445093	0.009254300289694603	0.0075521656445093	0.7	0.7	0.6918105823738615	0.6918105823738615	0.009012051157842538	0.009012051157842538	1.0	1.0	0.0059950011117118	0.0059950011117118	50.0	50	25.5
expanded_data	discourse_particle	19	just_j_7873	just	h	P	own_context_log_prob_advantage_per_token	50	1	50.0	0.005565402874531911	0.00741588899067465	0.005565402874531911	0.00741588899067465	0.7	0.7	0.7000630612344375	0.7000630612344375	0.005654567718693521	0.005654567718693521	1.0	1.0	0.0123823377821179	0.0123823377821179	50.0	50	25.5
expanded_data	discourse_particle	19	just_j_7873	just	h	P_prime	own_context_log_prob_advantage_per_token	50	1	50.0	0.017266736590700663	0.01884285381862085	0.017266736590700663	0.01884285381862085	0.86	0.86	0.8751320987743644	0.8751320987743644	0.017871518456957034	0.017871518456957034	0.0	0.0	-0.0407548546791076	-0.0407548546791076	50.0	50	25.5
expanded_data	discourse_particle	20	just_j_2141	just	h	P	own_context_log_prob_advantage_per_token	50	1	50.0	0.012835869808095274	0.006961149473985051	0.012835869808095274	0.006961149473985051	0.66	0.66	0.6385007549556793	0.6385007549556793	0.009349922780565437	0.009349922780565437	0.0	0.0	-0.0067234521216534	-0.0067234521216534	50.0	50	25.5
expanded_data	discourse_particle	20	just_j_2141	just	h	P_prime	own_context_log_prob_advantage_per_token	50	1	50.0	0.011521890283777345	0.0101252542934043	0.011521890283777345	0.0101252542934043	0.68	0.68	0.6769873076986266	0.6769873076986266	0.0113738533293075	0.0113738533293075	1.0	1.0	0.0260639875493151	0.0260639875493151	50.0	50	25.96
expanded_data	discourse_particle	21	just_j_5388	just	h	P	own_context_log_prob_advantage_per_token	50	1	50.0	0.013574550973553305	0.01560709391321465	0.013574550973553305	0.01560709391321465	0.76	0.76	0.7559031220359974	0.7559031220359974	0.01337008319643202	0.01337008319643202	0.0	0.0	-0.0176952770778111	-0.0176952770778111	50.0	50	25.5
expanded_data	discourse_particle	21	just_j_5388	just	h	P_prime	own_context_log_prob_advantage_per_token	50	1	50.0	0.012407473757395088	0.0115809406552994	0.012407473757395088	0.0115809406552994	0.8	0.8	0.7874116091471173	0.7874116091471173	0.011936620193796684	0.011936620193796684	1.0	1.0	0.0323035853249684	0.0323035853249684	50.0	50	25.5
expanded_data	discourse_particle	22	just_e_1001	just	o	P	own_context_log_prob_advantage_per_token	50	1	50.0	0.0566307616315369	0.0556726667263317	0.0566307616315369	0.0556726667263317	0.86	0.86	0.8477146141302949	0.8477146141302949	0.05558727803197329	0.05558727803197329	0.0	0.0	-0.0093897053828606	-0.0093897053828606	50.0	50	25.5
expanded_data	discourse_particle	22	just_e_1001	just	o	P_prime	own_context_log_prob_advantage_per_token	50	1	50.0	0.05273959871785411	0.0567430973052978	0.05273959871785411	0.0567430973052978	0.9	0.9	0.9078058995883925	0.9078058995883925	0.052577658743723825	0.052577658743723825	0.0	0.0	-0.0172774159178441	-0.0172774159178441	50.0	50	25.5
expanded_data	discourse_particle	23	just_e_9687	just	o	P	own_context_log_prob_advantage_per_token	50	1	50.0	-0.006170588265959498	-0.007421346668146801	-0.006170588265959498	-0.007421346668146801	0.2	0.2	0.19352118616063252	0.19352118616063252	-0.006077544653762945	-0.006077544653762945	0.0	0.0	-0.0076917985389972	-0.0076917985389972	50.0	50	25.5
expanded_data	discourse_particle	23	just_e_9687	just	o	P_prime	own_context_log_prob_advantage_per_token	50	1	50.0	0.03138127379760992	0.022879238142247148	0.03138127379760992	0.022879238142247148	0.88	0.88	0.9199555105830993	0.9199555105830993	0.029008478096223755	0.029008478096223755	1.0	1.0	0.0640523161206927	0.0640523161206927	50.0	50	26.32
expanded_data	discourse_particle	24	just_j_6768	just	h	P	own_context_log_prob_advantage_per_token	50	1	50.0	0.03963311751977776	0.0319789655983077	0.03963311751977776	0.0319789655983077	1.0	1.0	1.0	1.0	0.038532203013136285	0.038532203013136285	1.0	1.0	0.0766981675707061	0.0766981675707061	50.0	50	25.5
expanded_data	discourse_particle	24	just_j_6768	just	h	P_prime	own_context_log_prob_advantage_per_token	50	1	50.0	-0.019726951101205644	-0.0221484346995277	-0.019726951101205644	-0.0221484346995277	0.1	0.1	0.11404925321041028	0.11404925321041028	-0.018508845841878865	-0.018508845841878865	0.0	0.0	-0.0122350407581701	-0.0122350407581701	50.0	50	25.5
expanded_data	discourse_particle	25	just_j_12662	just	h	P	own_context_log_prob_advantage_per_token	50	1	50.0	0.13589392682388277	0.12304289995565171	0.13589392682388277	0.12304289995565171	1.0	1.0	1.0	1.0	0.1264313514492576	0.1264313514492576	1.0	1.0	0.1314162577901567	0.1314162577901567	50.0	50	25.5
expanded_data	discourse_particle	25	just_j_12662	just	h	P_prime	own_context_log_prob_advantage_per_token	50	1	50.0	-0.007977493044545828	-0.0040339024471385005	-0.007977493044545828	-0.0040339024471385005	0.48	0.48	0.5086496918398331	0.5086496918398331	-0.00315321947148876	-0.00315321947148876	1.0	1.0	0.0643878996372222	0.0643878996372222	50.0	50	25.5
expanded_data	discourse_particle	26	just_j_1461	just	h	P	own_context_log_prob_advantage_per_token	50	1	50.0	0.012104339993966208	0.016110650749288	0.012104339993966208	0.016110650749288	0.6	0.6	0.6317642132508512	0.6317642132508512	0.016177733593919955	0.016177733593919955	0.0	0.0	-0.078844020764033	-0.078844020764033	50.0	50	25.86
expanded_data	discourse_particle	26	just_j_1461	just	h	P_prime	own_context_log_prob_advantage_per_token	50	1	50.0	0.07354922603810836	0.07053307957655675	0.07354922603810836	0.07053307957655675	0.96	0.96	0.9682132998431577	0.9682132998431577	0.07672442582578226	0.07672442582578226	1.0	1.0	0.0339802088944807	0.0339802088944807	50.0	50	25.5
expanded_data	discourse_particle	27	just_j_10555	just	h	P	own_context_log_prob_advantage_per_token	50	1	50.0	0.009029832221568515	0.0080201499430196	0.009029832221568515	0.0080201499430196	0.92	0.92	0.9206845450557681	0.9206845450557681	0.009311799136497226	0.009311799136497226	1.0	1.0	0.0065546893236929	0.0065546893236929	50.0	50	25.5
expanded_data	discourse_particle	27	just_j_10555	just	h	P_prime	own_context_log_prob_advantage_per_token	50	1	50.0	-0.0046243220466867995	-0.00390341588945105	-0.0046243220466867995	-0.00390341588945105	0.16	0.16	0.14754699727161463	0.14754699727161463	-0.004752545846109126	-0.004752545846109126	0.0	0.0	-0.0102920288389378	-0.0102920288389378	50.0	50	25.5
expanded_data	discourse_particle	28	just_j_2164	just	h	P	own_context_log_prob_advantage_per_token	50	1	50.0	0.003737062996976554	0.004590679918016699	0.003737062996976554	0.004590679918016699	0.68	0.68	0.6795159956739042	0.6795159956739042	0.0035383835180706	0.0035383835180706	1.0	1.0	0.0198415716489156	0.0198415716489156	50.0	50	25.5
expanded_data	discourse_particle	28	just_j_2164	just	h	P_prime	own_context_log_prob_advantage_per_token	50	1	50.0	0.006806375926386006	0.00636553673716305	0.006806375926386006	0.00636553673716305	0.76	0.76	0.7587372895611595	0.7587372895611595	0.006767346712747388	0.006767346712747388	1.0	1.0	0.0031570958309485	0.0031570958309485	50.0	50	25.5
expanded_data	discourse_particle	29	just_j_8011	just	h	P	own_context_log_prob_advantage_per_token	50	1	50.0	-0.02060194660175301	-0.0209578336286945	-0.02060194660175301	-0.0209578336286945	0.1	0.1	0.09748480328000045	0.09748480328000045	-0.020301475068354405	-0.020301475068354405	0.0	0.0	-0.0070073864676734	-0.0070073864676734	50.0	50	25.5
expanded_data	discourse_particle	29	just_j_8011	just	h	P_prime	own_context_log_prob_advantage_per_token	50	1	50.0	0.032601734199402675	0.0289879581966513	0.032601734199402675	0.0289879581966513	0.96	0.96	0.9529745264971695	0.9529745264971695	0.030501961512651856	0.030501961512651856	1.0	1.0	0.0511287386928287	0.0511287386928287	50.0	50	25.5
expanded_data	discourse_particle	30	just_e_3966	just	o	P	own_context_log_prob_advantage_per_token	50	1	50.0	0.07157272958178618	0.0706609986968092	0.07157272958178618	0.0706609986968092	1.0	1.0	1.0	1.0	0.07024728245422539	0.07024728245422539	1.0	1.0	0.0696691104343958	0.0696691104343958	50.0	50	25.5
expanded_data	discourse_particle	30	just_e_3966	just	o	P_prime	own_context_log_prob_advantage_per_token	50	1	50.0	-0.04553303869489555	-0.043288519268944003	-0.04553303869489555	-0.043288519268944003	0.02	0.02	0.01765411414331516	0.01765411414331516	-0.04515434994058572	-0.04515434994058572	0.0	0.0	-0.0548827468224291	-0.0548827468224291	50.0	50	25.5
expanded_data	discourse_particle	31	just_j_2438	just	h	P	own_context_log_prob_advantage_per_token	50	1	50.0	0.018039319197840752	0.0183341241889185	0.018039319197840752	0.0183341241889185	0.9	0.9	0.9033140397833236	0.9033140397833236	0.018485882916125653	0.018485882916125653	1.0	1.0	0.0085801116881832	0.0085801116881832	50.0	50	25.5
expanded_data	discourse_particle	31	just_j_2438	just	h	P_prime	own_context_log_prob_advantage_per_token	50	1	50.0	-0.0037962562148364716	-0.0033592683928353	-0.0037962562148364716	-0.0033592683928353	0.4	0.4	0.3835543078254614	0.3835543078254614	-0.004652126954218346	-0.004652126954218346	1.0	1.0	0.0071696179253715	0.0071696179253715	50.0	50	25.5
expanded_data	discourse_particle	32	just_e_1907	just	o	P	own_context_log_prob_advantage_per_token	50	1	50.0	-0.014222524997234693	-0.0068604216930713	-0.014222524997234693	-0.0068604216930713	0.42	0.42	0.44145606315071967	0.44145606315071967	-0.011729916473801012	-0.011729916473801012	0.0	0.0	-0.0010634344451281	-0.0010634344451281	50.0	50	25.5
expanded_data	discourse_particle	32	just_e_1907	just	o	P_prime	own_context_log_prob_advantage_per_token	50	1	50.0	0.040658783209146385	0.0322552373178029	0.040658783209146385	0.0322552373178029	0.94	0.94	0.9491332757955071	0.9491332757955071	0.03980674270024213	0.03980674270024213	0.0	0.0	-0.013930123585921	-0.013930123585921	50.0	50	25.5
expanded_data	discourse_particle	33	just_e_2717	just	o	P	own_context_log_prob_advantage_per_token	50	1	50.0	-3.9113386238761314e-05	-0.0011618375778198	-3.9113386238761314e-05	-0.0011618375778198	0.48	0.48	0.49083361136733983	0.49083361136733983	0.0004621318336611811	0.0004621318336611811	0.0	0.0	-0.0145309431212288	-0.0145309431212288	50.0	50	25.5
expanded_data	discourse_particle	33	just_e_2717	just	o	P_prime	own_context_log_prob_advantage_per_token	50	1	50.0	0.02908219019028857	0.02900737864630555	0.02908219019028857	0.02900737864630555	0.86	0.86	0.8647592078410389	0.8647592078410389	0.029263486045325197	0.029263486045325197	1.0	1.0	0.0741358705929347	0.0741358705929347	50.0	50	25.5
expanded_data	discourse_particle	34	just_j_4722	just	h	P	own_context_log_prob_advantage_per_token	50	1	50.0	0.04859344812833324	0.0469715995447975	0.04859344812833324	0.0469715995447975	1.0	1.0	1.0	1.0	0.04934743582183625	0.04934743582183625	1.0	1.0	0.0419522421700614	0.0419522421700614	50.0	50	25.5
expanded_data	discourse_particle	34	just_j_4722	just	h	P_prime	own_context_log_prob_advantage_per_token	50	1	50.0	-0.02898357350011522	-0.0331524959954774	-0.02898357350011522	-0.0331524959954774	0.1	0.1	0.10747157757233632	0.10747157757233632	-0.028907500150884058	-0.028907500150884058	1.0	1.0	0.0123614340412373	0.0123614340412373	50.0	50	25.5
expanded_data	discourse_particle	35	just_j_8362	just	h	P	own_context_log_prob_advantage_per_token	50	1	50.0	0.15825374952979393	0.14621923906462542	0.15825374952979393	0.14621923906462542	1.0	1.0	1.0	1.0	0.15832335814435228	0.15832335814435228	1.0	1.0	0.102578023501805	0.102578023501805	50.0	50	25.5
expanded_data	discourse_particle	35	just_j_8362	just	h	P_prime	own_context_log_prob_advantage_per_token	50	1	50.0	0.1711986144474377	0.15780178232798495	0.1711986144474377	0.15780178232798495	1.0	1.0	1.0	1.0	0.1680520764384904	0.1680520764384904	1.0	1.0	0.1520854524203709	0.1520854524203709	50.0	50	25.5
expanded_data	discourse_particle	36	just_j_8556	just	h	P	own_context_log_prob_advantage_per_token	50	1	50.0	0.2778196814734358	0.2635213868958608	0.2778196814734358	0.2635213868958608	1.0	1.0	1.0	1.0	0.2767548862387912	0.2767548862387912	1.0	1.0	0.5558337900373669	0.5558337900373669	50.0	50	25.5
expanded_data	discourse_particle	36	just_j_8556	just	h	P_prime	own_context_log_prob_advantage_per_token	50	1	50.0	0.13958058624822525	0.1344549170562199	0.13958058624822525	0.1344549170562199	0.84	0.84	0.8583897296432256	0.8583897296432256	0.1441630084509514	0.1441630084509514	1.0	1.0	0.0548638725280761	0.0548638725280761	50.0	50	25.5
expanded_data	discourse_particle	37	just_e_569	just	o	P	own_context_log_prob_advantage_per_token	50	1	50.0	0.043913671742411634	0.039809087770325796	0.043913671742411634	0.039809087770325796	0.84	0.84	0.8345762389272982	0.8345762389272982	0.04276999678748791	0.04276999678748791	1.0	1.0	0.0349363413724033	0.0349363413724033	50.0	50	75.58
expanded_data	discourse_particle	37	just_e_569	just	o	P_prime	own_context_log_prob_advantage_per_token	50	1	50.0	0.16851699843033305	0.1303514359338629	0.16851699843033305	0.1303514359338629	0.9	0.9	0.8980934280266414	0.8980934280266414	0.16350791108600943	0.16350791108600943	1.0	1.0	0.0501017689704894	0.0501017689704894	50.0	50	40.84
expanded_data	discourse_particle	38	just_e_1043	just	o	P	own_context_log_prob_advantage_per_token	50	1	50.0	0.08701642588061675	0.08595141967565839	0.08701642588061675	0.08595141967565839	1.0	1.0	1.0	1.0	0.0847680836793921	0.0847680836793921	1.0	1.0	0.0564105779893936	0.0564105779893936	50.0	50	30.44
expanded_data	discourse_particle	38	just_e_1043	just	o	P_prime	own_context_log_prob_advantage_per_token	50	1	50.0	-0.03250880805531247	-0.02683540211329535	-0.03250880805531247	-0.02683540211329535	0.22	0.22	0.23878020205052988	0.23878020205052988	-0.026911774658669937	-0.026911774658669937	0.0	0.0	-0.01153980443875	-0.01153980443875	50.0	50	28.16
expanded_data	discourse_particle	39	just_e_1246	just	o	P	own_context_log_prob_advantage_per_token	50	1	50.0	0.21657710380019235	0.21770294106775706	0.21657710380019235	0.21770294106775706	1.0	1.0	1.0	1.0	0.21453900730751382	0.21453900730751382	1.0	1.0	0.2284695885398171	0.2284695885398171	50.0	50	26.54
expanded_data	discourse_particle	39	just_e_1246	just	o	P_prime	own_context_log_prob_advantage_per_token	50	1	50.0	-0.07366956627831982	-0.07572027561844319	-0.07366956627831982	-0.07572027561844319	0.1	0.1	0.10416746404000499	0.10416746404000499	-0.0704662094201575	-0.0704662094201575	0.0	0.0	-0.1248866102912209	-0.1248866102912209	50.0	50	30.0
expanded_data	discourse_particle	40	just_j_7614	just	h	P	own_context_log_prob_advantage_per_token	50	1	50.0	0.03641585730525805	0.03122374613419715	0.03641585730525805	0.03122374613419715	0.7	0.7	0.7448078438247214	0.7448078438247214	0.03816388962341467	0.03816388962341467	1.0	1.0	0.0727788925170898	0.0727788925170898	50.0	50	25.94
expanded_data	discourse_particle	40	just_j_7614	just	h	P_prime	own_context_log_prob_advantage_per_token	50	1	50.0	0.054438617645926814	0.0485858615392293	0.054438617645926814	0.0485858615392293	0.92	0.92	0.9208047918528451	0.9208047918528451	0.05405469381312326	0.05405469381312326	1.0	1.0	0.0022338166528819	0.0022338166528819	50.0	50	25.52
expanded_data	discourse_particle	41	just_e_2612	just	o	P	own_context_log_prob_advantage_per_token	50	1	50.0	0.4182012817910111	0.40465228425131905	0.4182012817910111	0.40465228425131905	1.0	1.0	1.0	1.0	0.4027515560007436	0.4027515560007436	1.0	1.0	0.4151413142681122	0.4151413142681122	50.0	50	25.5
expanded_data	discourse_particle	41	just_e_2612	just	o	P_prime	own_context_log_prob_advantage_per_token	50	1	50.0	-0.1387227114135877	-0.13551073363555474	-0.1387227114135877	-0.13551073363555474	0.08	0.08	0.08462520080383155	0.08462520080383155	-0.13656527191805262	-0.13656527191805262	0.0	0.0	-0.1530572065087252	-0.1530572065087252	50.0	50	25.5
expanded_data	discourse_particle	42	just_e_4966	just	o	P	own_context_log_prob_advantage_per_token	50	1	50.0	-0.009453972740683648	-0.00492365656622005	-0.009453972740683648	-0.00492365656622005	0.44	0.44	0.43955606393905894	0.43955606393905894	-0.008806432115096201	-0.008806432115096201	1.0	1.0	0.0369710780325389	0.0369710780325389	50.0	50	25.5
expanded_data	discourse_particle	42	just_e_4966	just	o	P_prime	own_context_log_prob_advantage_per_token	50	1	50.0	0.11404952190090427	0.10383278332747414	0.11404952190090427	0.10383278332747414	1.0	1.0	1.0	1.0	0.11139162838498304	0.11139162838498304	1.0	1.0	0.0680703016427846	0.0680703016427846	50.0	50	25.5
expanded_data	discourse_particle	43	just_e_2762	just	o	P	own_context_log_prob_advantage_per_token	50	1	50.0	0.1852534725927264	0.16766030069381474	0.1852534725927264	0.16766030069381474	1.0	1.0	1.0	1.0	0.18291766844855167	0.18291766844855167	1.0	1.0	0.1526164760192236	0.1526164760192236	50.0	50	25.52
expanded_data	discourse_particle	43	just_e_2762	just	o	P_prime	own_context_log_prob_advantage_per_token	50	1	50.0	-0.0017955419895593105	-0.03391058861263215	-0.0017955419895593105	-0.03391058861263215	0.44	0.44	0.46861110222194163	0.46861110222194163	0.002909307617285826	0.002909307617285826	0.0	0.0	-0.032030047908906	-0.032030047908906	50.0	50	25.82
expanded_data	discourse_particle	44	just_e_472	just	o	P	own_context_log_prob_advantage_per_token	50	1	50.0	0.02397744712770494	0.02142040222233775	0.02397744712770494	0.02142040222233775	1.0	1.0	1.0	1.0	0.023948122106629333	0.023948122106629333	1.0	1.0	0.0484741603334745	0.0484741603334745	50.0	50	25.5
expanded_data	discourse_particle	44	just_e_472	just	o	P_prime	own_context_log_prob_advantage_per_token	50	1	50.0	-0.015970731635497906	-0.015970716189269547	-0.015970731635497906	-0.015970716189269547	0.06	0.06	0.06042187551258101	0.06042187551258101	-0.015713892622424227	-0.015713892622424227	0.0	0.0	-0.0210749576258105	-0.0210749576258105	50.0	50	25.5
expanded_data	discourse_particle	45	just_e_1267	just	o	P	own_context_log_prob_advantage_per_token	50	1	50.0	-0.056839456444019165	-0.05625657476127505	-0.056839456444019165	-0.05625657476127505	0.0	0.0	0.0	0.0	-0.05693773734281577	-0.05693773734281577	0.0	0.0	-0.1190683895891362	-0.1190683895891362	50.0	50	26.26
expanded_data	discourse_particle	45	just_e_1267	just	o	P_prime	own_context_log_prob_advantage_per_token	50	1	50.0	0.0938152868076686	0.0886936572908658	0.0938152868076686	0.0886936572908658	1.0	1.0	1.0	1.0	0.09286067010232675	0.09286067010232675	1.0	1.0	0.1316798154045553	0.1316798154045553	50.0	50	26.1
expanded_data	discourse_particle	46	just_e_9397	just	o	P	own_context_log_prob_advantage_per_token	50	1	50.0	0.010347542284290513	0.0068947178976875	0.010347542284290513	0.0068947178976875	0.74	0.74	0.7613334448325426	0.7613334448325426	0.010817442048630306	0.010817442048630306	1.0	1.0	0.0343617296218872	0.0343617296218872	50.0	50	25.5
expanded_data	discourse_particle	46	just_e_9397	just	o	P_prime	own_context_log_prob_advantage_per_token	50	1	50.0	0.021108979295463827	0.0182677388191222	0.021108979295463827	0.0182677388191222	0.94	0.94	0.9375781518552369	0.9375781518552369	0.019400753434295596	0.019400753434295596	1.0	1.0	0.0302127259118215	0.0302127259118215	50.0	50	25.5
expanded_data	discourse_particle	47	just_e_6664	just	o	P	own_context_log_prob_advantage_per_token	50	1	50.0	0.03310878866927313	0.03363640800766325	0.03310878866927313	0.03363640800766325	0.92	0.92	0.9193752998930078	0.9193752998930078	0.030969982387749496	0.030969982387749496	1.0	1.0	0.0783871163924534	0.0783871163924534	50.0	50	25.5
expanded_data	discourse_particle	47	just_e_6664	just	o	P_prime	own_context_log_prob_advantage_per_token	50	1	50.0	0.008430073638841967	-0.0009063752428178	0.008430073638841967	-0.0009063752428178	0.48	0.48	0.5217356501818148	0.5217356501818148	0.012501606289622677	0.012501606289622677	0.0	0.0	-0.0156026515093716	-0.0156026515093716	50.0	50	26.92
expanded_data	discourse_particle	48	just_e_976	just	o	P	own_context_log_prob_advantage_per_token	50	1	50.0	0.37170089569830883	0.3393081435135433	0.37170089569830883	0.3393081435135433	1.0	1.0	1.0	1.0	0.36339597955252817	0.36339597955252817	1.0	1.0	0.3062486465160663	0.3062486465160663	50.0	50	25.5
expanded_data	discourse_particle	48	just_e_976	just	o	P_prime	own_context_log_prob_advantage_per_token	50	1	50.0	0.03627851710254212	0.0344237337400624	0.03627851710254212	0.0344237337400624	0.88	0.88	0.9016404135489312	0.9016404135489312	0.036022969714744855	0.036022969714744855	1.0	1.0	0.0103855286325726	0.0103855286325726	50.0	50	25.5
expanded_data	discourse_particle	49	just_e_9416	just	o	P	own_context_log_prob_advantage_per_token	50	1	50.0	-0.11944292383414033	-0.1212788068499085	-0.11944292383414033	-0.1212788068499085	0.0	0.0	0.0	0.0	-0.11604675892333445	-0.11604675892333445	0.0	0.0	-0.0982237557570139	-0.0982237557570139	50.0	50	25.94
expanded_data	discourse_particle	49	just_e_9416	just	o	P_prime	own_context_log_prob_advantage_per_token	50	1	50.0	0.1394445751785471	0.13191704338209492	0.1394445751785471	0.13191704338209492	1.0	1.0	1.0	1.0	0.13802687789724682	0.13802687789724682	1.0	1.0	0.0622751618188525	0.0622751618188525	50.0	50	25.5
expanded_data	discourse_particle	50	just_e_12686	just	o	P	own_context_log_prob_advantage_per_token	50	1	50.0	0.0583721651375201	0.0549947696072714	0.0583721651375201	0.0549947696072714	1.0	1.0	1.0	1.0	0.05706242012126022	0.05706242012126022	1.0	1.0	0.0511290941919599	0.0511290941919599	50.0	50	25.5
expanded_data	discourse_particle	50	just_e_12686	just	o	P_prime	own_context_log_prob_advantage_per_token	50	1	50.0	-0.03416015516652424	-0.033325220857347654	-0.03416015516652424	-0.033325220857347654	0.02	0.02	0.01687309189507409	0.01687309189507409	-0.03414277937263887	-0.03414277937263887	0.0	0.0	-0.0337885924748011	-0.0337885924748011	50.0	50	25.5
expanded_data	discourse_particle	51	just_j_2401	just	h	P	own_context_log_prob_advantage_per_token	50	1	50.0	0.013571661977847012	0.0030922374364407996	0.013571661977847012	0.0030922374364407996	0.54	0.54	0.5535691985480141	0.5535691985480141	0.015140125118088077	0.015140125118088077	1.0	1.0	0.035290777683258	0.035290777683258	50.0	50	25.5
expanded_data	discourse_particle	51	just_j_2401	just	h	P_prime	own_context_log_prob_advantage_per_token	50	1	50.0	0.13969120298543916	0.1294764665829367	0.13969120298543916	0.1294764665829367	1.0	1.0	1.0	1.0	0.1416261653962316	0.1416261653962316	1.0	1.0	0.3348322998393664	0.3348322998393664	50.0	50	25.5
expanded_data	discourse_particle	52	just_e_11908	just	o	P	own_context_log_prob_advantage_per_token	50	1	50.0	0.009855601583577352	0.010141264222573	0.009855601583577352	0.010141264222573	0.7	0.7	0.7123146167026388	0.7123146167026388	0.011074493817289316	0.011074493817289316	0.0	0.0	-0.0075086133820672	-0.0075086133820672	50.0	50	25.5
expanded_data	discourse_particle	52	just_e_11908	just	o	P_prime	own_context_log_prob_advantage_per_token	50	1	50.0	0.022120216193344054	0.0218650903020586	0.022120216193344054	0.0218650903020586	0.94	0.94	0.945582957053105	0.945582957053105	0.02233102382549644	0.02233102382549644	1.0	1.0	0.0228142312594823	0.0228142312594823	50.0	50	25.5
expanded_data	discourse_particle	53	just_e_4632	just	o	P	own_context_log_prob_advantage_per_token	50	1	50.0	-0.005182418672643919	-0.0061419265610831	-0.005182418672643919	-0.0061419265610831	0.28	0.28	0.2847744834132887	0.2847744834132887	-0.005051877936018332	-0.005051877936018332	0.0	0.0	-0.0069026998111179	-0.0069026998111179	50.0	50	25.5
expanded_data	discourse_particle	53	just_e_4632	just	o	P_prime	own_context_log_prob_advantage_per_token	50	1	50.0	0.02398666307360708	0.02331621987479075	0.02398666307360708	0.02331621987479075	0.94	0.94	0.9459767194248121	0.9459767194248121	0.023838715181986065	0.023838715181986065	1.0	1.0	0.026575379712241	0.026575379712241	50.0	50	25.5
expanded_data	discourse_particle	54	just_j_2522	just	h	P	own_context_log_prob_advantage_per_token	50	1	50.0	0.022810326962104548	0.0230154114270397	0.022810326962104548	0.0230154114270397	0.92	0.92	0.9210048839708211	0.9210048839708211	0.022917197749550353	0.022917197749550353	1.0	1.0	0.0269359367234367	0.0269359367234367	50.0	50	25.5
expanded_data	discourse_particle	54	just_j_2522	just	h	P_prime	own_context_log_prob_advantage_per_token	50	1	50.0	-0.000581394996050549	0.00228871447699415	-0.000581394996050549	0.00228871447699415	0.54	0.54	0.5375329284159855	0.5375329284159855	-0.0006765892951566176	-0.0006765892951566176	1.0	1.0	0.0238467352730886	0.0238467352730886	50.0	50	25.5
expanded_data	discourse_particle	55	just_e_5739	just	o	P	own_context_log_prob_advantage_per_token	50	1	50.0	-0.0016357934099116953	0.0006600167602300001	-0.0016357934099116953	0.0006600167602300001	0.52	0.52	0.53323696223363	0.53323696223363	-0.0007999266608136297	-0.0007999266608136297	1.0	1.0	0.0095009498107128	0.0095009498107128	50.0	50	25.5
expanded_data	discourse_particle	55	just_e_5739	just	o	P_prime	own_context_log_prob_advantage_per_token	50	1	50.0	0.017222106575791655	0.010920483139734899	0.017222106575791655	0.010920483139734899	0.74	0.74	0.7215180283905522	0.7215180283905522	0.015175999268908568	0.015175999268908568	1.0	1.0	0.0477264642715453	0.0477264642715453	50.0	50	25.5
expanded_data	discourse_particle	56	just_e_7244	just	o	P	own_context_log_prob_advantage_per_token	50	1	50.0	0.03283809784146076	0.03314394525119235	0.03283809784146076	0.03314394525119235	0.96	0.96	0.9631309668756611	0.9631309668756611	0.03282013933767821	0.03282013933767821	1.0	1.0	0.0011527419090271	0.0011527419090271	50.0	50	25.5
expanded_data	discourse_particle	56	just_e_7244	just	o	P_prime	own_context_log_prob_advantage_per_token	50	1	50.0	0.00974441001289638	-0.00185953279336285	0.00974441001289638	-0.00185953279336285	0.48	0.48	0.489737629003821	0.489737629003821	0.00978805144216111	0.00978805144216111	0.0	0.0	-0.0281078788367183	-0.0281078788367183	50.0	50	25.5
expanded_data	discourse_particle	57	just_j_11362	just	h	P	own_context_log_prob_advantage_per_token	50	1	50.0	0.01392594059771046	0.0126422717500088	0.01392594059771046	0.0126422717500088	0.76	0.76	0.749558046514392	0.749558046514392	0.013873793494085235	0.013873793494085235	1.0	1.0	0.0362629090036665	0.0362629090036665	50.0	50	25.5
expanded_data	discourse_particle	57	just_j_11362	just	h	P_prime	own_context_log_prob_advantage_per_token	50	1	50.0	0.01284678084936397	0.01234238814250585	0.01284678084936397	0.01234238814250585	0.78	0.78	0.7972341789907511	0.7972341789907511	0.013411784802088484	0.013411784802088484	1.0	1.0	0.0033257671764919	0.0033257671764919	50.0	50	25.5
expanded_data	discourse_particle	58	just_j_8648	just	h	P	own_context_log_prob_advantage_per_token	50	1	50.0	0.026106006579684666	0.02586183207375655	0.026106006579684666	0.02586183207375655	0.92	0.92	0.9256326666732279	0.9256326666732279	0.026347952935652712	0.026347952935652712	1.0	1.0	0.0274003267288207	0.0274003267288207	50.0	50	25.5
expanded_data	discourse_particle	58	just_j_8648	just	h	P_prime	own_context_log_prob_advantage_per_token	50	1	50.0	-0.008280895109513648	-0.0055420492376598	-0.008280895109513648	-0.0055420492376598	0.28	0.28	0.2517701985240713	0.2517701985240713	-0.009074868867489953	-0.009074868867489953	0.0	0.0	-0.0385868600436618	-0.0385868600436618	50.0	50	25.5
expanded_data	discourse_particle	59	just_e_5473	just	o	P	own_context_log_prob_advantage_per_token	50	1	50.0	0.06752860757410856	0.052695686476571246	0.06752860757410856	0.052695686476571246	0.94	0.94	0.9335969016426174	0.9335969016426174	0.061336178330702686	0.061336178330702686	1.0	1.0	0.0047775217464993	0.0047775217464993	50.0	50	25.5
expanded_data	discourse_particle	59	just_e_5473	just	o	P_prime	own_context_log_prob_advantage_per_token	50	1	50.0	0.04743155201080193	0.035944324535328004	0.04743155201080193	0.035944324535328004	0.9	0.9	0.8961491997109695	0.8961491997109695	0.04997773814315891	0.04997773814315891	1.0	1.0	0.00468727009637	0.00468727009637	50.0	50	25.5
expanded_data	discourse_particle	60	only_315	only	h	P	own_context_log_prob_advantage_per_token	50	1	50.0	0.01814024213231137	0.01745768450200555	0.01814024213231137	0.01745768450200555	0.86	0.86	0.8588626779684376	0.8588626779684376	0.01769451364639389	0.01769451364639389	1.0	1.0	0.0196910977363585	0.0196910977363585	50.0	50	27.5
expanded_data	discourse_particle	60	only_315	only	h	P_prime	own_context_log_prob_advantage_per_token	50	1	50.0	-0.005048506340527118	-0.00665417055929855	-0.005048506340527118	-0.00665417055929855	0.34	0.34	0.34031433157234364	0.34031433157234364	-0.005103497053055364	-0.005103497053055364	0.0	0.0	-0.0038512804928948	-0.0038512804928948	50.0	50	29.62
expanded_data	discourse_particle	61	only_491	only	h	P	own_context_log_prob_advantage_per_token	50	1	50.0	-0.03894802079631829	-0.039130690731201595	-0.03894802079631829	-0.039130690731201595	0.0	0.0	0.0	0.0	-0.039266656082757354	-0.039266656082757354	0.0	0.0	-0.0350920861622072	-0.0350920861622072	50.0	50	25.6
expanded_data	discourse_particle	61	only_491	only	h	P_prime	own_context_log_prob_advantage_per_token	50	1	50.0	0.05176831665185081	0.0494215260676251	0.05176831665185081	0.0494215260676251	0.98	0.98	0.9785303155149183	0.9785303155149183	0.05049717463258603	0.05049717463258603	0.0	0.0	-0.0042352739133333	-0.0042352739133333	50.0	50	25.5
expanded_data	discourse_particle	62	only_501	only	h	P	own_context_log_prob_advantage_per_token	50	1	50.0	0.014156825971407343	0.014955356106254501	0.014156825971407343	0.014955356106254501	0.84	0.84	0.8339720948814009	0.8339720948814009	0.01417234451998779	0.01417234451998779	1.0	1.0	0.0128707603974775	0.0128707603974775	50.0	50	25.5
expanded_data	discourse_particle	62	only_501	only	h	P_prime	own_context_log_prob_advantage_per_token	50	1	50.0	-0.0056622405957522035	-0.0048526461635317	-0.0056622405957522035	-0.0048526461635317	0.38	0.38	0.39168955124087457	0.39168955124087457	-0.0035990211835460837	-0.0035990211835460837	1.0	1.0	0.0008278182574681	0.0008278182574681	50.0	50	25.5
expanded_data	discourse_particle	63	only_649	only	h	P	own_context_log_prob_advantage_per_token	50	1	50.0	-0.016647260837570767	-0.01302848141422305	-0.016647260837570767	-0.01302848141422305	0.18	0.18	0.1756426942975472	0.1756426942975472	-0.017854503921428757	-0.017854503921428757	0.0	0.0	-0.0070569566317967	-0.0070569566317967	50.0	50	25.5
expanded_data	discourse_particle	63	only_649	only	h	P_prime	own_context_log_prob_advantage_per_token	50	1	50.0	0.04820172557107085	0.04506733728056195	0.04820172557107085	0.04506733728056195	1.0	1.0	1.0	1.0	0.04982177884282565	0.04982177884282565	1.0	1.0	0.0422732294822226	0.0422732294822226	50.0	50	25.5
expanded_data	discourse_particle	64	only_660	only	h	P	own_context_log_prob_advantage_per_token	50	1	50.0	-0.015314863501953529	-0.01826573769498315	-0.015314863501953529	-0.01826573769498315	0.32	0.32	0.3312572593760667	0.3312572593760667	-0.012875599056096641	-0.012875599056096641	1.0	1.0	0.0223692523108587	0.0223692523108587	50.0	50	25.5
expanded_data	discourse_particle	64	only_660	only	h	P_prime	own_context_log_prob_advantage_per_token	50	1	50.0	0.04690768205088613	0.047695640456024	0.04690768205088613	0.047695640456024	0.98	0.98	0.9763925602744152	0.9763925602744152	0.045775653486853744	0.045775653486853744	1.0	1.0	0.0317908767926491	0.0317908767926491	50.0	50	25.5
expanded_data	discourse_particle	65	only_687	only	h	P	own_context_log_prob_advantage_per_token	50	1	50.0	-0.006379165781099821	-0.0045495347649443	-0.006379165781099821	-0.0045495347649443	0.44	0.44	0.43355367839252584	0.43355367839252584	-0.00584067928931839	-0.00584067928931839	0.0	0.0	-0.0071435207273902	-0.0071435207273902	50.0	50	26.56
expanded_data	discourse_particle	65	only_687	only	h	P_prime	own_context_log_prob_advantage_per_token	50	1	50.0	0.02291522558108924	0.01889498747493085	0.02291522558108924	0.01889498747493085	0.96	0.96	0.9604579385074308	0.9604579385074308	0.020540946259893195	0.020540946259893195	1.0	1.0	0.0176898017525672	0.0176898017525672	50.0	50	26.32
expanded_data	discourse_particle	66	only_745	only	h	P	own_context_log_prob_advantage_per_token	50	1	50.0	0.010251092234348592	0.0083920266259419	0.010251092234348592	0.0083920266259419	0.84	0.84	0.8391344532335044	0.8391344532335044	0.01007992672948785	0.01007992672948785	1.0	1.0	0.0258411239175235	0.0258411239175235	50.0	50	25.5
expanded_data	discourse_particle	66	only_745	only	h	P_prime	own_context_log_prob_advantage_per_token	50	1	50.0	0.004734665392320434	0.0025262042643530496	0.004734665392320434	0.0025262042643530496	0.64	0.64	0.6426290368435226	0.6426290368435226	0.0046899092887649875	0.0046899092887649875	1.0	1.0	0.0079528556929695	0.0079528556929695	50.0	50	25.5
expanded_data	discourse_particle	67	only_794	only	h	P	own_context_log_prob_advantage_per_token	50	1	50.0	0.07024165559940136	0.05381338156404955	0.07024165559940136	0.05381338156404955	0.68	0.68	0.6788435146400451	0.6788435146400451	0.07152039727578197	0.07152039727578197	1.0	1.0	0.0334425412691556	0.0334425412691556	50.0	50	25.5
expanded_data	discourse_particle	67	only_794	only	h	P_prime	own_context_log_prob_advantage_per_token	50	1	50.0	0.1686615648183684	0.16013744105970046	0.1686615648183684	0.16013744105970046	1.0	1.0	1.0	1.0	0.1712461779559657	0.1712461779559657	1.0	1.0	0.1206089394433158	0.1206089394433158	50.0	50	25.5
expanded_data	discourse_particle	68	only_965	only	h	P	own_context_log_prob_advantage_per_token	50	1	50.0	-0.02092645983000039	-0.02624892449293505	-0.02092645983000039	-0.02624892449293505	0.24	0.24	0.2382073864866627	0.2382073864866627	-0.020534499312555167	-0.020534499312555167	1.0	1.0	0.001781357301248	0.001781357301248	50.0	50	25.74
expanded_data	discourse_particle	68	only_965	only	h	P_prime	own_context_log_prob_advantage_per_token	50	1	50.0	0.04315089738004203	0.0401075874376766	0.04315089738004203	0.0401075874376766	0.96	0.96	0.9662891386079366	0.9662891386079366	0.03969501133849545	0.03969501133849545	1.0	1.0	0.0708099603652954	0.0708099603652954	50.0	50	25.5
expanded_data	discourse_particle	69	only_966	only	h	P	own_context_log_prob_advantage_per_token	50	1	50.0	-0.021473380686509794	-0.0216270464309398	-0.021473380686509794	-0.0216270464309398	0.02	0.02	0.019888880993603156	0.019888880993603156	-0.02104634109246716	-0.02104634109246716	0.0	0.0	-0.0122808984347752	-0.0122808984347752	50.0	50	25.92
expanded_data	discourse_particle	69	only_966	only	h	P_prime	own_context_log_prob_advantage_per_token	50	1	50.0	0.0290783116449825	0.030115093578372	0.0290783116449825	0.030115093578372	0.98	0.98	0.9758612570928379	0.9758612570928379	0.028734370209518155	0.028734370209518155	1.0	1.0	0.0296543677647909	0.0296543677647909	50.0	50	25.62
expanded_data	discourse_particle	70	only_1038	only	h	P	own_context_log_prob_advantage_per_token	50	1	50.0	0.26944018163393546	0.25295646761326074	0.26944018163393546	0.25295646761326074	1.0	1.0	1.0	1.0	0.26895562377481874	0.26895562377481874	1.0	1.0	0.2943362048694065	0.2943362048694065	50.0	50	25.5
expanded_data	discourse_particle	70	only_1038	only	h	P_prime	own_context_log_prob_advantage_per_token	50	1	50.0	0.11910016122667175	0.1057862961292266	0.11910016122667175	0.1057862961292266	0.94	0.94	0.9525582896756711	0.9525582896756711	0.11868103878966473	0.11868103878966473	1.0	1.0	0.0204094920839581	0.0204094920839581	50.0	50	25.5
expanded_data	discourse_particle	71	only_1142	only	h	P	own_context_log_prob_advantage_per_token	50	1	50.0	0.11157587050866763	0.105668262532263	0.11157587050866763	0.105668262532263	0.92	0.92	0.9229815680938962	0.9229815680938962	0.1105671970750587	0.1105671970750587	1.0	1.0	0.1598168986184256	0.1598168986184256	50.0	50	25.5
expanded_data	discourse_particle	71	only_1142	only	h	P_prime	own_context_log_prob_advantage_per_token	50	1	50.0	0.1401331368869312	0.12191751485779175	0.1401331368869312	0.12191751485779175	1.0	1.0	1.0	1.0	0.1312114694793388	0.1312114694793388	1.0	1.0	0.1346993818879127	0.1346993818879127	50.0	50	25.5
expanded_data	discourse_particle	72	only_1272	only	h	P	own_context_log_prob_advantage_per_token	50	1	50.0	0.017496291614497336	0.01578337975910725	0.017496291614497336	0.01578337975910725	0.76	0.76	0.7694731206457324	0.7694731206457324	0.017046486486212147	0.017046486486212147	1.0	1.0	0.0298602830531985	0.0298602830531985	50.0	50	26.18
expanded_data	discourse_particle	72	only_1272	only	h	P_prime	own_context_log_prob_advantage_per_token	50	1	50.0	0.008102119643258755	0.00480444693335	0.008102119643258755	0.00480444693335	0.62	0.62	0.607675744261684	0.607675744261684	0.007886898958116065	0.007886898958116065	1.0	1.0	0.0234861678855363	0.0234861678855363	50.0	50	26.34
expanded_data	discourse_particle	73	only_1368	only	h	P	own_context_log_prob_advantage_per_token	50	1	50.0	-0.04189529930318006	-0.05050035760952885	-0.04189529930318006	-0.05050035760952885	0.2	0.2	0.20859773476691354	0.20859773476691354	-0.038270287141262974	-0.038270287141262974	0.0	0.0	-0.066975712776184	-0.066975712776184	50.0	50	25.5
expanded_data	discourse_particle	73	only_1368	only	h	P_prime	own_context_log_prob_advantage_per_token	50	1	50.0	0.18130497740162377	0.16277542073259904	0.18130497740162377	0.16277542073259904	1.0	1.0	1.0	1.0	0.1653998220460741	0.1653998220460741	1.0	1.0	0.0832191759889775	0.0832191759889775	50.0	50	25.5
expanded_data	discourse_particle	74	only_1446	only	h	P	own_context_log_prob_advantage_per_token	50	1	50.0	0.04667612448961481	0.0445254161760404	0.04667612448961481	0.0445254161760404	0.72	0.72	0.7065121672198286	0.7065121672198286	0.043940771049437236	0.043940771049437236	1.0	1.0	0.0506950291720302	0.0506950291720302	50.0	50	26.2
expanded_data	discourse_particle	74	only_1446	only	h	P_prime	own_context_log_prob_advantage_per_token	50	1	50.0	0.10635800230527943	0.1034458268188112	0.10635800230527943	0.1034458268188112	1.0	1.0	1.0	1.0	0.10446700895320961	0.10446700895320961	1.0	1.0	0.0214976110766009	0.0214976110766009	50.0	50	25.5
expanded_data	discourse_particle	75	only_1493	only	h	P	own_context_log_prob_advantage_per_token	50	1	50.0	0.07491813680028567	0.06892447095959114	0.07491813680028567	0.06892447095959114	1.0	1.0	1.0	1.0	0.0746701584383157	0.0746701584383157	1.0	1.0	0.1412996927897136	0.1412996927897136	50.0	50	25.5
expanded_data	discourse_particle	75	only_1493	only	h	P_prime	own_context_log_prob_advantage_per_token	50	1	50.0	-0.04466896382291325	-0.0405429067519993	-0.04466896382291325	-0.0405429067519993	0.04	0.04	0.03924431763181409	0.03924431763181409	-0.04455607593872714	-0.04455607593872714	0.0	0.0	-0.040388896067937	-0.040388896067937	50.0	50	25.5
expanded_data	discourse_particle	76	only_1538	only	h	P	own_context_log_prob_advantage_per_token	50	1	50.0	0.050262662408256935	0.0500079950895802	0.050262662408256935	0.0500079950895802	0.98	0.98	0.9838055047794535	0.9838055047794535	0.04794701018126389	0.04794701018126389	1.0	1.0	0.0311282656409523	0.0311282656409523	50.0	50	25.9
expanded_data	discourse_particle	76	only_1538	only	h	P_prime	own_context_log_prob_advantage_per_token	50	1	50.0	-0.02358282055311015	-0.02384283866292675	-0.02358282055311015	-0.02384283866292675	0.2	0.2	0.19102656758723063	0.19102656758723063	-0.023510732259833505	-0.023510732259833505	0.0	0.0	-0.0212182483157595	-0.0212182483157595	50.0	50	25.92
expanded_data	discourse_particle	77	only_1577	only	h	P	own_context_log_prob_advantage_per_token	50	1	50.0	-0.030406306967649024	-0.03424329258934855	-0.030406306967649024	-0.03424329258934855	0.14	0.14	0.12364921430681856	0.12364921430681856	-0.03083591815284473	-0.03083591815284473	0.0	0.0	-0.0591043849145213	-0.0591043849145213	50.0	50	25.64
expanded_data	discourse_particle	77	only_1577	only	h	P_prime	own_context_log_prob_advantage_per_token	50	1	50.0	0.041291931794966666	0.040790081651239804	0.041291931794966666	0.040790081651239804	1.0	1.0	1.0	1.0	0.040729987999931085	0.040729987999931085	1.0	1.0	0.034941571824094	0.034941571824094	50.0	50	25.5
expanded_data	discourse_particle	78	only_1579	only	h	P	own_context_log_prob_advantage_per_token	50	1	50.0	-0.04639736593469413	-0.0440848857164383	-0.04639736593469413	-0.0440848857164383	0.02	0.02	0.019318034146864733	0.019318034146864733	-0.0442896014706547	-0.0442896014706547	0.0	0.0	-0.0374831212194342	-0.0374831212194342	50.0	50	25.5
expanded_data	discourse_particle	78	only_1579	only	h	P_prime	own_context_log_prob_advantage_per_token	50	1	50.0	0.055745798970554435	0.0515531568837135	0.055745798970554435	0.0515531568837135	1.0	1.0	1.0	1.0	0.05304494294495432	0.05304494294495432	1.0	1.0	0.0991044176949396	0.0991044176949396	50.0	50	28.44
expanded_data	discourse_particle	79	only_1602	only	h	P	own_context_log_prob_advantage_per_token	50	1	50.0	0.022002197167258274	0.0225876799651554	0.022002197167258274	0.0225876799651554	0.82	0.82	0.8223381846393496	0.8223381846393496	0.021827662120439597	0.021827662120439597	0.0	0.0	-0.0023942862238204	-0.0023942862238204	50.0	50	25.5
expanded_data	discourse_particle	79	only_1602	only	h	P_prime	own_context_log_prob_advantage_per_token	50	1	50.0	0.012481052775713845	0.0149731871272836	0.012481052775713845	0.0149731871272836	0.72	0.72	0.7234262491665234	0.7234262491665234	0.012732387285935178	0.012732387285935178	0.0	0.0	-0.0021993695643909	-0.0021993695643909	50.0	50	25.5
expanded_data	discourse_particle	80	only_1624	only	h	P	own_context_log_prob_advantage_per_token	50	1	50.0	-0.0038315383492025508	-0.002821424308714	-0.0038315383492025508	-0.002821424308714	0.48	0.48	0.5208336912650149	0.5208336912650149	0.002612819263613949	0.002612819263613949	1.0	1.0	0.007058506352561	0.007058506352561	50.0	50	25.5
expanded_data	discourse_particle	80	only_1624	only	h	P_prime	own_context_log_prob_advantage_per_token	50	1	50.0	0.11667562466358415	0.11114273659931205	0.11667562466358415	0.11114273659931205	1.0	1.0	1.0	1.0	0.10708807053551464	0.10708807053551464	1.0	1.0	0.0483712485858371	0.0483712485858371	50.0	50	25.5
expanded_data	discourse_particle	81	only_1817	only	h	P	own_context_log_prob_advantage_per_token	50	1	50.0	0.005952247848714295	0.00558779324804025	0.005952247848714295	0.00558779324804025	0.78	0.78	0.7654692770262117	0.7654692770262117	0.0055611635268533206	0.0055611635268533206	0.0	0.0	-0.0065936305306174	-0.0065936305306174	50.0	50	25.5
expanded_data	discourse_particle	81	only_1817	only	h	P_prime	own_context_log_prob_advantage_per_token	50	1	50.0	-0.003939375873737092	-0.004752420137325851	-0.003939375873737092	-0.004752420137325851	0.36	0.36	0.40888448095415453	0.40888448095415453	-0.0029518260735785055	-0.0029518260735785055	0.0	0.0	-0.0102561566294456	-0.0102561566294456	50.0	50	25.5
expanded_data	discourse_particle	82	only_1888	only	h	P	own_context_log_prob_advantage_per_token	50	1	50.0	0.011998294351886367	0.0102184687341962	0.011998294351886367	0.0102184687341962	0.66	0.66	0.6713641123737965	0.6713641123737965	0.011727211873140776	0.011727211873140776	1.0	1.0	0.0214073010853359	0.0214073010853359	50.0	50	25.5
expanded_data	discourse_particle	82	only_1888	only	h	P_prime	own_context_log_prob_advantage_per_token	50	1	50.0	0.04263084511394103	0.0353206482671556	0.04263084511394103	0.0353206482671556	1.0	1.0	1.0	1.0	0.04260747512133348	0.04260747512133348	1.0	1.0	0.0893768293516976	0.0893768293516976	50.0	50	25.5
expanded_data	discourse_particle	83	only_1891	only	h	P	own_context_log_prob_advantage_per_token	50	1	50.0	-0.006935787271294406	-0.006307114873613601	-0.006935787271294406	-0.006307114873613601	0.1	0.1	0.0707188200687839	0.0707188200687839	-0.006763118311522243	-0.006763118311522243	0.0	0.0	-0.0068984691132891	-0.0068984691132891	50.0	50	25.5
expanded_data	discourse_particle	83	only_1891	only	h	P_prime	own_context_log_prob_advantage_per_token	50	1	50.0	0.009826575544230382	0.00914223227441675	0.009826575544230382	0.00914223227441675	0.92	0.92	0.9218870238469077	0.9218870238469077	0.009119948353472938	0.009119948353472938	1.0	1.0	0.0080042396272932	0.0080042396272932	50.0	50	25.5
expanded_data	discourse_particle	84	only_2032	only	h	P	own_context_log_prob_advantage_per_token	50	1	50.0	0.004925144663687018	0.0045325221759931495	0.004925144663687018	0.0045325221759931495	0.6	0.6	0.6081167421948124	0.6081167421948124	0.004807225081397291	0.004807225081397291	1.0	1.0	0.0443362067727481	0.0443362067727481	50.0	50	25.5
expanded_data	discourse_particle	84	only_2032	only	h	P_prime	own_context_log_prob_advantage_per_token	50	1	50.0	0.027018809633852597	0.0272444375923701	0.027018809633852597	0.0272444375923701	0.84	0.84	0.8311590136813093	0.8311590136813093	0.026617050272428562	0.026617050272428562	1.0	1.0	0.074007441316332	0.074007441316332	50.0	50	25.5
expanded_data	discourse_particle	85	only_2038	only	h	P	own_context_log_prob_advantage_per_token	50	1	50.0	0.07331458962981162	0.0713172393582635	0.07331458962981162	0.0713172393582635	0.88	0.88	0.8867195756445376	0.8867195756445376	0.07197950712295775	0.07197950712295775	1.0	1.0	0.032765919821603	0.032765919821603	50.0	50	25.5
expanded_data	discourse_particle	85	only_2038	only	h	P_prime	own_context_log_prob_advantage_per_token	50	1	50.0	0.09993747070318557	0.0861511526234222	0.09993747070318557	0.0861511526234222	0.96	0.96	0.9502761920090097	0.9502761920090097	0.09053797761672884	0.09053797761672884	1.0	1.0	0.0288021785241587	0.0288021785241587	50.0	50	25.5
expanded_data	discourse_particle	86	only_2118	only	h	P	own_context_log_prob_advantage_per_token	50	1	50.0	0.09513277066801314	0.0822514234445033	0.09513277066801314	0.0822514234445033	0.94	0.94	0.9307262441910781	0.9307262441910781	0.09230614404217553	0.09230614404217553	1.0	1.0	0.2766581105022896	0.2766581105022896	50.0	50	26.24
expanded_data	discourse_particle	86	only_2118	only	h	P_prime	own_context_log_prob_advantage_per_token	50	1	50.0	0.04667110639013471	0.05024296993559055	0.04667110639013471	0.05024296993559055	0.78	0.78	0.778387990099315	0.778387990099315	0.04731504990312693	0.04731504990312693	1.0	1.0	0.1927696618627995	0.1927696618627995	50.0	50	25.72
expanded_data	discourse_particle	87	only_2232	only	h	P	own_context_log_prob_advantage_per_token	50	1	50.0	-0.04473914702294973	-0.04906675399295865	-0.04473914702294973	-0.04906675399295865	0.06	0.06	0.05801208603067069	0.05801208603067069	-0.044524265301088724	-0.044524265301088724	0.0	0.0	-0.0319290637969968	-0.0319290637969968	50.0	50	25.5
expanded_data	discourse_particle	87	only_2232	only	h	P_prime	own_context_log_prob_advantage_per_token	50	1	50.0	0.08464959828450974	0.0818086234176377	0.08464959828450974	0.0818086234176377	1.0	1.0	1.0	1.0	0.08000514458384306	0.08000514458384306	1.0	1.0	0.0680285176234458	0.0680285176234458	50.0	50	25.5
expanded_data	discourse_particle	88	only_2333	only	h	P	own_context_log_prob_advantage_per_token	50	1	50.0	0.042095944432832315	0.0394557604396885	0.042095944432832315	0.0394557604396885	0.74	0.74	0.7439760268053731	0.7439760268053731	0.04294137766427466	0.04294137766427466	1.0	1.0	0.1403336901413767	0.1403336901413767	50.0	50	25.5
expanded_data	discourse_particle	88	only_2333	only	h	P_prime	own_context_log_prob_advantage_per_token	50	1	50.0	0.05151054966490706	0.049505618545744104	0.05151054966490706	0.049505618545744104	0.96	0.96	0.9580234626044591	0.9580234626044591	0.0506392639447058	0.0506392639447058	1.0	1.0	0.0727900472180596	0.0727900472180596	50.0	50	25.7
expanded_data	discourse_particle	89	only_2405	only	h	P	own_context_log_prob_advantage_per_token	50	1	50.0	0.04786114422638185	0.04451691562479195	0.04786114422638185	0.04451691562479195	1.0	1.0	1.0	1.0	0.04501513618749709	0.04501513618749709	1.0	1.0	0.0664321259846763	0.0664321259846763	50.0	50	25.5
expanded_data	discourse_particle	89	only_2405	only	h	P_prime	own_context_log_prob_advantage_per_token	50	1	50.0	-0.02023903630765628	-0.019785235609327052	-0.02023903630765628	-0.019785235609327052	0.16	0.16	0.1576358626230353	0.1576358626230353	-0.020007416278539292	-0.020007416278539292	0.0	0.0	-0.0202459113938469	-0.0202459113938469	50.0	50	25.5
expanded_data	discourse_particle	90	only_2470	only	h	P	own_context_log_prob_advantage_per_token	50	1	50.0	0.0163104235939396	0.01395140744390935	0.0163104235939396	0.01395140744390935	0.66	0.66	0.6549448209366215	0.6549448209366215	0.015191338841041714	0.015191338841041714	0.0	0.0	-0.0262051236395741	-0.0262051236395741	50.0	50	25.5
expanded_data	discourse_particle	90	only_2470	only	h	P_prime	own_context_log_prob_advantage_per_token	50	1	50.0	0.014778258831293755	0.0147298819832988	0.014778258831293755	0.0147298819832988	0.74	0.74	0.7663829077149337	0.7663829077149337	0.015757097695950975	0.015757097695950975	1.0	1.0	0.0024352975793786	0.0024352975793786	50.0	50	25.5
expanded_data	discourse_particle	91	only_2627	only	h	P	own_context_log_prob_advantage_per_token	50	1	50.0	0.1733711215551152	0.15460176036275655	0.1733711215551152	0.15460176036275655	1.0	1.0	1.0	1.0	0.16911554464073572	0.16911554464073572	1.0	1.0	0.1557147264480589	0.1557147264480589	50.0	50	25.5
expanded_data	discourse_particle	91	only_2627	only	h	P_prime	own_context_log_prob_advantage_per_token	50	1	50.0	-0.033393853778546055	-0.0366559590612137	-0.033393853778546055	-0.0366559590612137	0.18	0.18	0.1776464150810623	0.1776464150810623	-0.03462962610262676	-0.03462962610262676	0.0	0.0	-0.0440044130597794	-0.0440044130597794	50.0	50	25.5
expanded_data	discourse_particle	92	only_2678	only	h	P	own_context_log_prob_advantage_per_token	50	1	50.0	-0.018259413877189115	-0.0177502964224134	-0.018259413877189115	-0.0177502964224134	0.04	0.04	0.0375264102713479	0.0375264102713479	-0.018081892505891286	-0.018081892505891286	0.0	0.0	-0.0149794340133666	-0.0149794340133666	50.0	50	25.5
expanded_data	discourse_particle	92	only_2678	only	h	P_prime	own_context_log_prob_advantage_per_token	50	1	50.0	0.023515173475084625	0.02241278886795035	0.023515173475084625	0.02241278886795035	1.0	1.0	1.0	1.0	0.023155690962353336	0.023155690962353336	1.0	1.0	0.0155732716832843	0.0155732716832843	50.0	50	25.5
expanded_data	discourse_particle	93	only_2682	only	h	P	own_context_log_prob_advantage_per_token	50	1	50.0	0.09927824448857542	0.096850444169962	0.09927824448857542	0.096850444169962	0.96	0.96	0.9608863572242963	0.9608863572242963	0.09975727181745987	0.09975727181745987	1.0	1.0	0.123675846001681	0.123675846001681	50.0	50	25.5
expanded_data	discourse_particle	93	only_2682	only	h	P_prime	own_context_log_prob_advantage_per_token	50	1	50.0	0.12159202372905357	0.10227902238922454	0.12159202372905357	0.10227902238922454	0.94	0.94	0.9382284534486054	0.9382284534486054	0.11767548368749127	0.11767548368749127	1.0	1.0	0.0874466780693301	0.0874466780693301	50.0	50	25.5
expanded_data	discourse_particle	94	only_2695	only	h	P	own_context_log_prob_advantage_per_token	50	1	50.0	0.20696282997831011	0.1997571646691888	0.20696282997831011	0.1997571646691888	1.0	1.0	1.0	1.0	0.20479806051666866	0.20479806051666866	1.0	1.0	0.1391610153790178	0.1391610153790178	50.0	50	25.5
expanded_data	discourse_particle	94	only_2695	only	h	P_prime	own_context_log_prob_advantage_per_token	50	1	50.0	-0.16601821154954	-0.16217649136140894	-0.16601821154954	-0.16217649136140894	0.0	0.0	0.0	0.0	-0.16400193308667993	-0.16400193308667993	0.0	0.0	-0.191094622379396	-0.191094622379396	50.0	50	25.5
expanded_data	discourse_particle	95	only_2703	only	h	P	own_context_log_prob_advantage_per_token	50	1	50.0	0.022024592137936904	0.0227022060326166	0.022024592137936904	0.0227022060326166	0.72	0.72	0.7242334013120021	0.7242334013120021	0.02169418579034324	0.02169418579034324	1.0	1.0	0.0352817365101407	0.0352817365101407	50.0	50	25.5
expanded_data	discourse_particle	95	only_2703	only	h	P_prime	own_context_log_prob_advantage_per_token	50	1	50.0	0.040915746893986825	0.037456712552479204	0.040915746893986825	0.037456712552479204	0.9	0.9	0.9040058573726851	0.9040058573726851	0.04102809096934238	0.04102809096934238	1.0	1.0	0.07838476725987	0.07838476725987	50.0	50	25.5
expanded_data	discourse_particle	96	only_2903	only	h	P	own_context_log_prob_advantage_per_token	50	1	50.0	0.12443441223631439	0.12485157606147586	0.12443441223631439	0.12485157606147586	1.0	1.0	1.0	1.0	0.12255162054879495	0.12255162054879495	1.0	1.0	0.1278828290792611	0.1278828290792611	50.0	50	26.16
expanded_data	discourse_particle	96	only_2903	only	h	P_prime	own_context_log_prob_advantage_per_token	50	1	50.0	-0.12271374046825428	-0.10931294918340465	-0.12271374046825428	-0.10931294918340465	0.0	0.0	0.0	0.0	-0.11648629219498567	-0.11648629219498567	0.0	0.0	-0.1611398855845133	-0.1611398855845133	50.0	50	27.98
expanded_data	discourse_particle	97	only_3267	only	h	P	own_context_log_prob_advantage_per_token	50	1	50.0	0.004488026041036087	0.0017621262442497	0.004488026041036087	0.0017621262442497	0.54	0.54	0.5239921094026849	0.5239921094026849	0.004021179641242689	0.004021179641242689	0.0	0.0	-0.0110629831041608	-0.0110629831041608	50.0	50	25.5
expanded_data	discourse_particle	97	only_3267	only	h	P_prime	own_context_log_prob_advantage_per_token	50	1	50.0	0.010100288290374081	0.0105029846940721	0.010100288290374081	0.0105029846940721	0.82	0.82	0.7928051914883845	0.7928051914883845	0.009252011464887607	0.009252011464887607	0.0	0.0	-0.0191767828805107	-0.0191767828805107	50.0	50	25.5
expanded_data	discourse_particle	98	only_3302	only	h	P	own_context_log_prob_advantage_per_token	50	1	50.0	0.012492217516717601	0.0105918330805642	0.012492217516717601	0.0105918330805642	0.66	0.66	0.6639547797331107	0.6639547797331107	0.01243301983780853	0.01243301983780853	1.0	1.0	0.0372435407362122	0.0372435407362122	50.0	50	25.5
expanded_data	discourse_particle	98	only_3302	only	h	P_prime	own_context_log_prob_advantage_per_token	50	1	50.0	0.018792079682038068	0.01750717498747695	0.018792079682038068	0.01750717498747695	0.84	0.84	0.8343190718793394	0.8343190718793394	0.01759925096963423	0.01759925096963423	0.0	0.0	-0.0142679929733278	-0.0142679929733278	50.0	50	25.5
expanded_data	discourse_particle	99	only_3332	only	h	P	own_context_log_prob_advantage_per_token	50	1	50.0	0.3818105949592285	0.34937882287161687	0.3818105949592285	0.34937882287161687	1.0	1.0	1.0	1.0	0.3723539315300039	0.3723539315300039	1.0	1.0	0.2108039055551802	0.2108039055551802	50.0	50	25.5
expanded_data	discourse_particle	99	only_3332	only	h	P_prime	own_context_log_prob_advantage_per_token	50	1	50.0	0.23414457153394078	0.16923559476774194	0.23414457153394078	0.16923559476774194	0.98	0.98	0.9789285723837197	0.9789285723837197	0.228662564933499	0.228662564933499	1.0	1.0	0.944167137145996	0.944167137145996	50.0	50	26.26
expanded_data	discourse_particle	100	only_3340	only	h	P	own_context_log_prob_advantage_per_token	50	1	50.0	0.012364799475072139	0.009327307769230301	0.012364799475072139	0.009327307769230301	0.6	0.6	0.5992326239111968	0.5992326239111968	0.01151436573934617	0.01151436573934617	1.0	1.0	0.0300011805125643	0.0300011805125643	50.0	50	25.5
expanded_data	discourse_particle	100	only_3340	only	h	P_prime	own_context_log_prob_advantage_per_token	50	1	50.0	0.034931415930509475	0.03101773445422825	0.034931415930509475	0.03101773445422825	0.9	0.9	0.9009367804308017	0.9009367804308017	0.0345198228946665	0.0345198228946665	1.0	1.0	0.1270832742963519	0.1270832742963519	50.0	50	25.5
expanded_data	discourse_particle	101	only_3385	only	h	P	own_context_log_prob_advantage_per_token	50	1	50.0	0.060273545903739324	0.047831269686539696	0.060273545903739324	0.047831269686539696	0.98	0.98	0.9835607386888452	0.9835607386888452	0.05933807022466856	0.05933807022466856	1.0	1.0	0.0541253394268927	0.0541253394268927	50.0	50	25.5
expanded_data	discourse_particle	101	only_3385	only	h	P_prime	own_context_log_prob_advantage_per_token	50	1	50.0	-0.005783124256899985	-0.00653869738256125	-0.005783124256899985	-0.00653869738256125	0.42	0.42	0.417172839574297	0.417172839574297	-0.006283373346803928	-0.006283373346803928	1.0	1.0	0.0011213228983036	0.0011213228983036	50.0	50	25.5
expanded_data	discourse_particle	102	only_3392	only	h	P	own_context_log_prob_advantage_per_token	50	1	50.0	0.09919749231130229	0.10438584379418185	0.09919749231130229	0.10438584379418185	0.96	0.96	0.948651870558737	0.948651870558737	0.09784631512656496	0.09784631512656496	1.0	1.0	0.1258059302154852	0.1258059302154852	50.0	50	25.5
expanded_data	discourse_particle	102	only_3392	only	h	P_prime	own_context_log_prob_advantage_per_token	50	1	50.0	0.13701562292993175	0.12897582677907715	0.13701562292993175	0.12897582677907715	1.0	1.0	1.0	1.0	0.13797142684867386	0.13797142684867386	1.0	1.0	0.1044548951973348	0.1044548951973348	50.0	50	25.5
expanded_data	discourse_particle	103	only_3393	only	h	P	own_context_log_prob_advantage_per_token	50	1	50.0	0.15438975848533476	0.1562335738744684	0.15438975848533476	0.1562335738744684	0.96	0.96	0.9582159346957756	0.9582159346957756	0.15324571764374909	0.15324571764374909	1.0	1.0	0.2349475349698748	0.2349475349698748	50.0	50	25.5
expanded_data	discourse_particle	103	only_3393	only	h	P_prime	own_context_log_prob_advantage_per_token	50	1	50.0	0.1923648090370932	0.19343230383736726	0.1923648090370932	0.19343230383736726	1.0	1.0	1.0	1.0	0.18981714981785416	0.18981714981785416	1.0	1.0	0.2517740631103518	0.2517740631103518	50.0	50	25.5
expanded_data	discourse_particle	104	only_3394	only	h	P	own_context_log_prob_advantage_per_token	50	1	50.0	-0.19964386293883207	-0.18678232513625045	-0.19964386293883207	-0.18678232513625045	0.0	0.0	0.0	0.0	-0.18336939177712658	-0.18336939177712658	0.0	0.0	-0.22134356395058	-0.22134356395058	50.0	50	25.5
expanded_data	discourse_particle	104	only_3394	only	h	P_prime	own_context_log_prob_advantage_per_token	50	1	50.0	0.23826405212461274	0.21370177947673474	0.23826405212461274	0.21370177947673474	1.0	1.0	1.0	1.0	0.23161831097430458	0.23161831097430458	1.0	1.0	0.1049368790217808	0.1049368790217808	50.0	50	25.58
expanded_data	discourse_particle	105	only_3465	only	h	P	own_context_log_prob_advantage_per_token	50	1	50.0	0.038433827133675845	0.022469677435963002	0.038433827133675845	0.022469677435963002	0.74	0.74	0.7473255127129104	0.7473255127129104	0.03721580292209224	0.03721580292209224	1.0	1.0	0.0148874827793665	0.0148874827793665	50.0	50	25.5
expanded_data	discourse_particle	105	only_3465	only	h	P_prime	own_context_log_prob_advantage_per_token	50	1	50.0	0.04340054892541342	0.0382328714643205	0.04340054892541342	0.0382328714643205	0.86	0.86	0.8335811109647052	0.8335811109647052	0.03728453639829947	0.03728453639829947	1.0	1.0	0.0382712125778197	0.0382712125778197	50.0	50	25.5
expanded_data	discourse_particle	106	only_3483	only	h	P	own_context_log_prob_advantage_per_token	50	1	50.0	0.10959102552234545	0.08498493282904634	0.10959102552234545	0.08498493282904634	1.0	1.0	1.0	1.0	0.10759287524004793	0.10759287524004793	1.0	1.0	0.0837401594434466	0.0837401594434466	50.0	50	25.5
expanded_data	discourse_particle	106	only_3483	only	h	P_prime	own_context_log_prob_advantage_per_token	50	1	50.0	-0.03225206603552859	-0.03089312701337115	-0.03225206603552859	-0.03089312701337115	0.1	0.1	0.08934563676657493	0.08934563676657493	-0.03141431121190708	-0.03141431121190708	0.0	0.0	-0.0525698849133082	-0.0525698849133082	50.0	50	25.5
expanded_data	discourse_particle	107	only_3484	only	h	P	own_context_log_prob_advantage_per_token	50	1	50.0	0.05939673401682524	0.0244735187062851	0.05939673401682524	0.0244735187062851	0.66	0.66	0.6234559625628692	0.6234559625628692	0.04951739701989815	0.04951739701989815	0.0	0.0	-0.0516933623482198	-0.0516933623482198	50.0	50	25.5
expanded_data	discourse_particle	107	only_3484	only	h	P_prime	own_context_log_prob_advantage_per_token	50	1	50.0	0.0652445654903719	0.05339132426521205	0.0652445654903719	0.05339132426521205	1.0	1.0	1.0	1.0	0.06340027195073596	0.06340027195073596	1.0	1.0	0.0492542539324079	0.0492542539324079	50.0	50	25.5
expanded_data	discourse_particle	108	only_3568	only	h	P	own_context_log_prob_advantage_per_token	50	1	50.0	0.015156577431640955	0.015239648946693898	0.015156577431640955	0.015239648946693898	0.56	0.56	0.570009096711335	0.570009096711335	0.01820609312118417	0.01820609312118417	1.0	1.0	0.275354407050393	0.275354407050393	50.0	50	26.84
expanded_data	discourse_particle	108	only_3568	only	h	P_prime	own_context_log_prob_advantage_per_token	50	1	50.0	0.08484058188374055	0.060893960287518645	0.08484058188374055	0.060893960287518645	0.9	0.9	0.872745163155936	0.872745163155936	0.06846337076543613	0.06846337076543613	1.0	1.0	0.0478954315185546	0.0478954315185546	50.0	50	29.8
expanded_data	discourse_particle	109	only_3570	only	h	P	own_context_log_prob_advantage_per_token	50	1	50.0	0.06665477958416016	0.043885465817792055	0.06665477958416016	0.043885465817792055	0.98	0.98	0.9812880354277188	0.9812880354277188	0.06355463629393665	0.06355463629393665	1.0	1.0	0.2244558831055959	0.2244558831055959	50.0	50	25.5
expanded_data	discourse_particle	109	only_3570	only	h	P_prime	own_context_log_prob_advantage_per_token	50	1	50.0	0.011782883405189827	0.0181841392838765	0.011782883405189827	0.0181841392838765	0.66	0.66	0.6875214437759987	0.6875214437759987	0.013920738839414174	0.013920738839414174	1.0	1.0	0.034002496350196	0.034002496350196	50.0	50	25.5
expanded_data	discourse_particle	110	only_3674	only	h	P	own_context_log_prob_advantage_per_token	50	1	50.0	-0.005412725802570129	0.0003949173291524	-0.005412725802570129	0.0003949173291524	0.52	0.52	0.5453317904186273	0.5453317904186273	7.041565171642832e-06	7.041565171642832e-06	1.0	1.0	0.0058156081608362	0.0058156081608362	50.0	50	25.8
expanded_data	discourse_particle	110	only_3674	only	h	P_prime	own_context_log_prob_advantage_per_token	50	1	50.0	0.033301016797274485	0.02312747927123815	0.033301016797274485	0.02312747927123815	0.9	0.9	0.8877240848548583	0.8877240848548583	0.023653853904701056	0.023653853904701056	1.0	1.0	0.0243184623264132	0.0243184623264132	50.0	50	27.18
expanded_data	discourse_particle	111	only_3779	only	h	P	own_context_log_prob_advantage_per_token	50	1	50.0	0.050064983599260614	0.046168425253459294	0.050064983599260614	0.046168425253459294	0.94	0.94	0.9352835159532996	0.9352835159532996	0.043460137050715435	0.043460137050715435	1.0	1.0	0.0772407957485745	0.0772407957485745	50.0	50	25.5
expanded_data	discourse_particle	111	only_3779	only	h	P_prime	own_context_log_prob_advantage_per_token	50	1	50.0	0.00993693967062704	0.01059537785393845	0.00993693967062704	0.01059537785393845	0.66	0.66	0.6951716970724569	0.6951716970724569	0.01397854125437211	0.01397854125437211	1.0	1.0	0.0305055635316031	0.0305055635316031	50.0	50	25.5
expanded_data	discourse_particle	112	only_3792	only	h	P	own_context_log_prob_advantage_per_token	50	1	50.0	0.019806901359107267	0.0216649898460934	0.019806901359107267	0.0216649898460934	0.8	0.8	0.7973817044547309	0.7973817044547309	0.02018406808347488	0.02018406808347488	0.0	0.0	-0.0304808037621635	-0.0304808037621635	50.0	50	25.5
expanded_data	discourse_particle	112	only_3792	only	h	P_prime	own_context_log_prob_advantage_per_token	50	1	50.0	0.015389060561689458	0.009267962830407199	0.015389060561689458	0.009267962830407199	0.7	0.7	0.6879808419021407	0.6879808419021407	0.014171470329021586	0.014171470329021586	1.0	1.0	0.0386242015021187	0.0386242015021187	50.0	50	25.5
expanded_data	discourse_particle	113	only_3843	only	h	P	own_context_log_prob_advantage_per_token	50	1	50.0	0.06339236155117385	0.060969640868050554	0.06339236155117385	0.060969640868050554	0.98	0.98	0.9775148062215139	0.9775148062215139	0.06222373460991886	0.06222373460991886	1.0	1.0	0.0596480982644216	0.0596480982644216	50.0	50	25.5
expanded_data	discourse_particle	113	only_3843	only	h	P_prime	own_context_log_prob_advantage_per_token	50	1	50.0	-0.034836300847308134	-0.035348451301130346	-0.034836300847308134	-0.035348451301130346	0.04	0.04	0.04411020087901945	0.04411020087901945	-0.03327053319953335	-0.03327053319953335	0.0	0.0	-0.0565111507540163	-0.0565111507540163	50.0	50	25.5
expanded_data	discourse_particle	114	only_3867	only	h	P	own_context_log_prob_advantage_per_token	50	1	50.0	0.12640860671219264	0.1412672979491098	0.12640860671219264	0.1412672979491098	0.96	0.96	0.9612511115398692	0.9612511115398692	0.12697210960170602	0.12697210960170602	1.0	1.0	0.1722241793360028	0.1722241793360028	50.0	50	25.5
expanded_data	discourse_particle	114	only_3867	only	h	P_prime	own_context_log_prob_advantage_per_token	50	1	50.0	0.015150621746184924	0.01371263218298045	0.015150621746184924	0.01371263218298045	0.74	0.74	0.7368500744606299	0.7368500744606299	0.014656290008222272	0.014656290008222272	1.0	1.0	0.0263530186244419	0.0263530186244419	50.0	50	25.5
expanded_data	discourse_particle	115	only_3896	only	h	P	own_context_log_prob_advantage_per_token	50	1	50.0	-0.05445812270768014	-0.0386744094746453	-0.05445812270768014	-0.0386744094746453	0.3	0.3	0.3023894933233166	0.3023894933233166	-0.051867057800707925	-0.051867057800707925	0.0	0.0	-0.0046644125665937	-0.0046644125665937	50.0	50	25.5
expanded_data	discourse_particle	115	only_3896	only	h	P_prime	own_context_log_prob_advantage_per_token	50	1	50.0	0.17001383192276429	0.16414709361315943	0.17001383192276429	0.16414709361315943	1.0	1.0	1.0	1.0	0.16977591551244803	0.16977591551244803	1.0	1.0	0.1048657945224216	0.1048657945224216	50.0	50	25.5
expanded_data	discourse_particle	116	only_3930	only	h	P	own_context_log_prob_advantage_per_token	50	1	50.0	0.008298961111750502	0.00608538304056435	0.008298961111750502	0.00608538304056435	0.66	0.66	0.6687455359004212	0.6687455359004212	0.008636525227250686	0.008636525227250686	1.0	1.0	0.0061759097235543	0.0061759097235543	50.0	50	25.5
expanded_data	discourse_particle	116	only_3930	only	h	P_prime	own_context_log_prob_advantage_per_token	50	1	50.0	0.0066697936206803485	0.0059220804831439	0.0066697936206803485	0.0059220804831439	0.64	0.64	0.6468813397692309	0.6468813397692309	0.0065127461841489685	0.0065127461841489685	0.0	0.0	-0.000296310016087	-0.000296310016087	50.0	50	25.5
expanded_data	discourse_particle	117	only_3999	only	h	P	own_context_log_prob_advantage_per_token	50	1	50.0	-0.00748074380342572	-0.00784093280891315	-0.00748074380342572	-0.00784093280891315	0.4	0.4	0.379893521418652	0.379893521418652	-0.009963584966771412	-0.009963584966771412	0.0	0.0	-0.0400168085098266	-0.0400168085098266	50.0	50	25.5
expanded_data	discourse_particle	117	only_3999	only	h	P_prime	own_context_log_prob_advantage_per_token	50	1	50.0	0.07864692151803462	0.07032125355705385	0.07864692151803462	0.07032125355705385	0.98	0.98	0.998142258532209	0.998142258532209	0.07424790956596847	0.07424790956596847	1.0	1.0	0.0313328913279942	0.0313328913279942	50.0	50	25.5
expanded_data	discourse_particle	118	only_4003	only	h	P	own_context_log_prob_advantage_per_token	50	1	50.0	0.016439019763243065	0.01824071342652695	0.016439019763243065	0.01824071342652695	0.78	0.78	0.7990251937042886	0.7990251937042886	0.016747845343678503	0.016747845343678503	0.0	0.0	-0.0189967301853917	-0.0189967301853917	50.0	50	25.5
expanded_data	discourse_particle	118	only_4003	only	h	P_prime	own_context_log_prob_advantage_per_token	50	1	50.0	0.019413586081931465	0.01594867631606295	0.019413586081931465	0.01594867631606295	0.7	0.7	0.6926029147481148	0.6926029147481148	0.01808315930484161	0.01808315930484161	0.0	0.0	-0.0110827926862038	-0.0110827926862038	50.0	50	25.5
expanded_data	discourse_particle	119	only_4172	only	h	P	own_context_log_prob_advantage_per_token	50	1	50.0	0.08308514614865813	0.07705457371790045	0.08308514614865813	0.07705457371790045	1.0	1.0	1.0	1.0	0.081762652889295	0.081762652889295	1.0	1.0	0.0353159622712568	0.0353159622712568	50.0	50	25.5
expanded_data	discourse_particle	119	only_4172	only	h	P_prime	own_context_log_prob_advantage_per_token	50	1	50.0	-0.04039212566587398	-0.04040027933486785	-0.04039212566587398	-0.04040027933486785	0.08	0.08	0.08110453227917232	0.08110453227917232	-0.039424092212146426	-0.039424092212146426	0.0	0.0	-0.0879993882290153	-0.0879993882290153	50.0	50	25.5
expanded_data	meaning_control	120	not_5	not	h	P	own_context_log_prob_advantage_per_token	50	1	50.0	0.5098246010856502	0.46674275830551815	0.5098246010856502	0.46674275830551815	1.0	1.0	1.0	1.0	0.5074999151993218	0.5074999151993218	1.0	1.0	0.4690937060576218	0.4690937060576218	50.0	50	25.5
expanded_data	meaning_control	120	not_5	not	h	P_prime	own_context_log_prob_advantage_per_token	50	1	50.0	0.6259370757629908	0.6008811591046903	0.6259370757629908	0.6008811591046903	1.0	1.0	1.0	1.0	0.627822021313037	0.627822021313037	1.0	1.0	0.707232974256788	0.707232974256788	50.0	50	25.5
expanded_data	meaning_control	121	not_7	not	h	P	own_context_log_prob_advantage_per_token	50	1	50.0	0.07717285506266051	0.06200715388570515	0.07717285506266051	0.06200715388570515	1.0	1.0	1.0	1.0	0.0734911571653687	0.0734911571653687	1.0	1.0	0.0568953292710439	0.0568953292710439	50.0	50	25.5
expanded_data	meaning_control	121	not_7	not	h	P_prime	own_context_log_prob_advantage_per_token	50	1	50.0	0.011392193826365209	-0.00654573014804285	0.011392193826365209	-0.00654573014804285	0.44	0.44	0.44340719025250425	0.44340719025250425	0.009815874533088248	0.009815874533088248	0.0	0.0	-0.0229689495904106	-0.0229689495904106	50.0	50	25.5
expanded_data	meaning_control	122	not_15	not	h	P	own_context_log_prob_advantage_per_token	50	1	50.0	0.5180610819526001	0.49884109497070306	0.5180610819526001	0.49884109497070306	1.0	1.0	1.0	1.0	0.52191531164206	0.52191531164206	1.0	1.0	0.4772439375519752	0.4772439375519752	50.0	50	25.5
expanded_data	meaning_control	122	not_15	not	h	P_prime	own_context_log_prob_advantage_per_token	50	1	50.0	0.749845918058381	0.704264793225697	0.749845918058381	0.704264793225697	1.0	1.0	1.0	1.0	0.7465325102702717	0.7465325102702717	1.0	1.0	1.73377299785614	1.73377299785614	50.0	50	25.5
expanded_data	meaning_control	123	not_71	not	h	P	own_context_log_prob_advantage_per_token	50	1	50.0	0.34469760856603054	0.32849466502666474	0.34469760856603054	0.32849466502666474	1.0	1.0	1.0	1.0	0.33192688599526954	0.33192688599526954	1.0	1.0	0.1915630896886189	0.1915630896886189	50.0	50	25.56
expanded_data	meaning_control	123	not_71	not	h	P_prime	own_context_log_prob_advantage_per_token	50	1	50.0	0.43094436486364335	0.4072284522381696	0.43094436486364335	0.4072284522381696	0.98	0.98	0.9918699397380961	0.9918699397380961	0.4264685479723893	0.4264685479723893	0.0	0.0	-0.060546875	-0.060546875	50.0	50	28.36
expanded_data	meaning_control	124	not_81	not	h	P	own_context_log_prob_advantage_per_token	50	1	50.0	0.4966509138135142	0.4715953822489138	0.4966509138135142	0.4715953822489138	0.98	0.98	0.9786636969645832	0.9786636969645832	0.4942369781581953	0.4942369781581953	1.0	1.0	0.8114070194523509	0.8114070194523509	50.0	50	25.56
expanded_data	meaning_control	124	not_81	not	h	P_prime	own_context_log_prob_advantage_per_token	50	1	50.0	0.7474998016267763	0.7076376351572219	0.7474998016267763	0.7076376351572219	1.0	1.0	1.0	1.0	0.7480413295873612	0.7480413295873612	1.0	1.0	0.5243504813739233	0.5243504813739233	50.0	50	25.5
expanded_data	meaning_control	125	not_226	not	h	P	own_context_log_prob_advantage_per_token	50	1	50.0	0.1226653990087778	0.12129699476039076	0.1226653990087778	0.12129699476039076	0.98	0.98	0.98473396070925	0.98473396070925	0.12052877075921738	0.12052877075921738	1.0	1.0	0.1167477827805738	0.1167477827805738	50.0	50	25.5
expanded_data	meaning_control	125	not_226	not	h	P_prime	own_context_log_prob_advantage_per_token	50	1	50.0	0.1816117943479038	0.1661208073298138	0.1816117943479038	0.1661208073298138	0.92	0.92	0.9113819454567181	0.9113819454567181	0.18173357393947162	0.18173357393947162	1.0	1.0	0.3522646427154541	0.3522646427154541	50.0	50	25.5
expanded_data	meaning_control	126	not_244	not	h	P	own_context_log_prob_advantage_per_token	50	1	50.0	0.4158341911100705	0.4105591747667884	0.4158341911100705	0.4105591747667884	1.0	1.0	1.0	1.0	0.4118126024240471	0.4118126024240471	1.0	1.0	1.1427189953186934	1.1427189953186934	50.0	50	25.5
expanded_data	meaning_control	126	not_244	not	h	P_prime	own_context_log_prob_advantage_per_token	50	1	50.0	0.3570163805367617	0.3207770806456369	0.3570163805367617	0.3207770806456369	0.9	0.9	0.9248628690853138	0.9248628690853138	0.360640206459398	0.360640206459398	1.0	1.0	0.2830940706389292	0.2830940706389292	50.0	50	25.5
expanded_data	meaning_control	127	not_272	not	h	P	own_context_log_prob_advantage_per_token	50	1	50.0	0.21518665447598978	0.20967739068894858	0.21518665447598978	0.20967739068894858	1.0	1.0	1.0	1.0	0.218253954275731	0.218253954275731	1.0	1.0	0.1589975084577286	0.1589975084577286	50.0	50	25.5
expanded_data	meaning_control	127	not_272	not	h	P_prime	own_context_log_prob_advantage_per_token	50	1	50.0	0.29242734397471687	0.30214061414079707	0.29242734397471687	0.30214061414079707	1.0	1.0	1.0	1.0	0.2939296025985264	0.2939296025985264	1.0	1.0	0.0763934552669525	0.0763934552669525	50.0	50	25.5
expanded_data	meaning_control	128	not_302	not	h	P	own_context_log_prob_advantage_per_token	50	1	50.0	0.033505037584790266	0.033318448684902	0.033505037584790266	0.033318448684902	1.0	1.0	1.0	1.0	0.03391079586787961	0.03391079586787961	1.0	1.0	0.0396804179464067	0.0396804179464067	50.0	50	25.5
expanded_data	meaning_control	128	not_302	not	h	P_prime	own_context_log_prob_advantage_per_token	50	1	50.0	-0.012634322574309513	-0.0117437217916761	-0.012634322574309513	-0.0117437217916761	0.24	0.24	0.2599729008476562	0.2599729008476562	-0.012861920365368101	-0.012861920365368101	0.0	0.0	-0.0304432153701782	-0.0304432153701782	50.0	50	25.5
expanded_data	meaning_control	129	not_309	not	h	P	own_context_log_prob_advantage_per_token	50	1	50.0	0.010495035532803334	0.00796886733629275	0.010495035532803334	0.00796886733629275	0.58	0.58	0.6074025697338193	0.6074025697338193	0.012933589398670838	0.012933589398670838	1.0	1.0	0.0366271938596454	0.0366271938596454	50.0	50	25.5
expanded_data	meaning_control	129	not_309	not	h	P_prime	own_context_log_prob_advantage_per_token	50	1	50.0	0.05644081615760652	0.04982615453856325	0.05644081615760652	0.04982615453856325	0.94	0.94	0.9452558067284913	0.9452558067284913	0.05457429387901318	0.05457429387901318	1.0	1.0	0.0499587365559168	0.0499587365559168	50.0	50	25.5
expanded_data	meaning_control	130	not_319	not	h	P	own_context_log_prob_advantage_per_token	50	1	50.0	1.1226614893018458	1.0271364134329337	1.1226614893018458	1.0271364134329337	1.0	1.0	1.0	1.0	1.0353574661128495	1.0353574661128495	1.0	1.0	1.606669108072917	1.606669108072917	50.0	50	26.02
expanded_data	meaning_control	130	not_319	not	h	P_prime	own_context_log_prob_advantage_per_token	50	1	50.0	0.5474479285160962	0.48302323638944705	0.5474479285160962	0.48302323638944705	1.0	1.0	1.0	1.0	0.5338778917137125	0.5338778917137125	1.0	1.0	0.6341441472371421	0.6341441472371421	50.0	50	25.5
expanded_data	meaning_control	131	not_367	not	h	P	own_context_log_prob_advantage_per_token	50	1	50.0	0.19091707571443983	0.17998463743262821	0.19091707571443983	0.17998463743262821	1.0	1.0	1.0	1.0	0.18443577149757268	0.18443577149757268	1.0	1.0	0.3071647882461547	0.3071647882461547	50.0	50	25.5
expanded_data	meaning_control	131	not_367	not	h	P_prime	own_context_log_prob_advantage_per_token	50	1	50.0	-0.02875861583506735	-0.04087192697003255	-0.02875861583506735	-0.04087192697003255	0.28	0.28	0.27962640913518677	0.27962640913518677	-0.029637700057624637	-0.029637700057624637	0.0	0.0	-0.0470293517015418	-0.0470293517015418	50.0	50	25.5
expanded_data	meaning_control	132	not_379	not	h	P	own_context_log_prob_advantage_per_token	50	1	50.0	0.29162626550368725	0.2442811561955347	0.29162626550368725	0.2442811561955347	1.0	1.0	1.0	1.0	0.27144840096067013	0.27144840096067013	1.0	1.0	0.3644236466463875	0.3644236466463875	50.0	50	25.5
expanded_data	meaning_control	132	not_379	not	h	P_prime	own_context_log_prob_advantage_per_token	50	1	50.0	0.7588298317957007	0.7360709130694336	0.7588298317957007	0.7360709130694336	1.0	1.0	1.0	1.0	0.7575669792435746	0.7575669792435746	1.0	1.0	0.9761840762763188	0.9761840762763188	50.0	50	25.5
expanded_data	meaning_control	133	not_383	not	h	P	own_context_log_prob_advantage_per_token	50	1	50.0	0.1645097134475813	0.1338865825108119	0.1645097134475813	0.1338865825108119	0.98	0.98	0.9694533012274429	0.9694533012274429	0.1587529901149391	0.1587529901149391	1.0	1.0	0.0585135987826754	0.0585135987826754	50.0	50	25.5
expanded_data	meaning_control	133	not_383	not	h	P_prime	own_context_log_prob_advantage_per_token	50	1	50.0	0.16257217000748642	0.1298727984438423	0.16257217000748642	0.1298727984438423	1.0	1.0	1.0	1.0	0.15909893088096363	0.15909893088096363	1.0	1.0	0.2036404609680175	0.2036404609680175	50.0	50	25.5
expanded_data	meaning_control	134	not_460	not	h	P	own_context_log_prob_advantage_per_token	50	1	50.0	0.5059559623841173	0.5387063142897067	0.5059559623841173	0.5387063142897067	1.0	1.0	1.0	1.0	0.4683508144854541	0.4683508144854541	1.0	1.0	0.3179803169690645	0.3179803169690645	50.0	50	25.56
expanded_data	meaning_control	134	not_460	not	h	P_prime	own_context_log_prob_advantage_per_token	50	1	50.0	0.26435424148712583	0.2588931928557336	0.26435424148712583	0.2588931928557336	0.68	0.68	0.6959853862061739	0.6959853862061739	0.267690261592457	0.267690261592457	0.0	0.0	-0.0127470029724969	-0.0127470029724969	50.0	50	25.5
expanded_data	meaning_control	135	not_686	not	h	P	own_context_log_prob_advantage_per_token	50	1	50.0	0.25727533021748894	0.23342035331826572	0.25727533021748894	0.23342035331826572	1.0	1.0	1.0	1.0	0.24825160870736704	0.24825160870736704	1.0	1.0	0.3150097966194154	0.3150097966194154	50.0	50	25.5
expanded_data	meaning_control	135	not_686	not	h	P_prime	own_context_log_prob_advantage_per_token	50	1	50.0	0.23806775791169876	0.238568022421428	0.23806775791169876	0.238568022421428	1.0	1.0	1.0	1.0	0.23329977882424044	0.23329977882424044	1.0	1.0	0.1576154572623116	0.1576154572623116	50.0	50	25.5
expanded_data	meaning_control	136	not_698	not	h	P	own_context_log_prob_advantage_per_token	50	1	50.0	0.5824635202022076	0.5618838174002511	0.5824635202022076	0.5618838174002511	1.0	1.0	1.0	1.0	0.5817831848961829	0.5817831848961829	1.0	1.0	0.5549303191048758	0.5549303191048758	50.0	50	25.5
expanded_data	meaning_control	136	not_698	not	h	P_prime	own_context_log_prob_advantage_per_token	50	1	50.0	0.6597207293526772	0.6816451070899023	0.6597207293526772	0.6816451070899023	1.0	1.0	1.0	1.0	0.6551568019464112	0.6551568019464112	1.0	1.0	0.7175815217899826	0.7175815217899826	50.0	50	25.5
expanded_data	meaning_control	137	not_702	not	h	P	own_context_log_prob_advantage_per_token	50	1	50.0	-0.14961685649604795	-0.14498209744168986	-0.14961685649604795	-0.14498209744168986	0.0	0.0	0.0	0.0	-0.13638466988454276	-0.13638466988454276	0.0	0.0	-0.0883757841019402	-0.0883757841019402	50.0	50	26.22
expanded_data	meaning_control	137	not_702	not	h	P_prime	own_context_log_prob_advantage_per_token	50	1	50.0	0.1763968624928321	0.1676883511471025	0.1763968624928321	0.1676883511471025	1.0	1.0	1.0	1.0	0.16809762564605343	0.16809762564605343	1.0	1.0	0.2976813793182371	0.2976813793182371	50.0	50	25.5
expanded_data	meaning_control	138	not_729	not	h	P	own_context_log_prob_advantage_per_token	50	1	50.0	0.5435538865160797	0.5155358036316788	0.5435538865160797	0.5155358036316788	1.0	1.0	1.0	1.0	0.5375323740069313	0.5375323740069313	1.0	1.0	0.7474305769976448	0.7474305769976448	50.0	50	25.5
expanded_data	meaning_control	138	not_729	not	h	P_prime	own_context_log_prob_advantage_per_token	50	1	50.0	0.8880400266219142	0.8796097228042563	0.8880400266219142	0.8796097228042563	1.0	1.0	1.0	1.0	0.8938742852457328	0.8938742852457328	1.0	1.0	1.0139627103452329	1.0139627103452329	50.0	50	25.5
expanded_data	meaning_control	139	not_768	not	h	P	own_context_log_prob_advantage_per_token	50	1	50.0	-0.017779167595052048	-0.0199589671048903	-0.017779167595052048	-0.0199589671048903	0.4	0.4	0.41393766686360794	0.41393766686360794	-0.009142356018858142	-0.009142356018858142	0.0	0.0	-0.0056840828486851	-0.0056840828486851	50.0	50	26.4
expanded_data	meaning_control	139	not_768	not	h	P_prime	own_context_log_prob_advantage_per_token	50	1	50.0	0.5262537152991738	0.4701104576771076	0.5262537152991738	0.4701104576771076	1.0	1.0	1.0	1.0	0.49505336258026844	0.49505336258026844	1.0	1.0	0.0652322485333398	0.0652322485333398	50.0	50	25.5
expanded_data	meaning_control	140	not_865	not	h	P	own_context_log_prob_advantage_per_token	50	1	50.0	0.12420489915491582	0.0827612348965235	0.12420489915491582	0.0827612348965235	0.98	0.98	0.9815141375599548	0.9815141375599548	0.12752250603941048	0.12752250603941048	1.0	1.0	0.082004143510546	0.082004143510546	50.0	50	25.5
expanded_data	meaning_control	140	not_865	not	h	P_prime	own_context_log_prob_advantage_per_token	50	1	50.0	0.07982283982026225	0.0682090804523447	0.07982283982026225	0.0682090804523447	0.8	0.8	0.8154236417671546	0.8154236417671546	0.08078439874608986	0.08078439874608986	1.0	1.0	0.031151281084333	0.031151281084333	50.0	50	25.5
expanded_data	meaning_control	141	not_949	not	h	P	own_context_log_prob_advantage_per_token	50	1	50.0	0.15543029635468752	0.1337192435083645	0.15543029635468752	0.1337192435083645	0.88	0.88	0.9253807238730513	0.9253807238730513	0.16201764588835296	0.16201764588835296	0.0	0.0	-0.0031811680112567	-0.0031811680112567	50.0	50	25.5
expanded_data	meaning_control	141	not_949	not	h	P_prime	own_context_log_prob_advantage_per_token	50	1	50.0	0.62741668639533	0.5213450339540091	0.62741668639533	0.5213450339540091	1.0	1.0	1.0	1.0	0.5401183308313473	0.5401183308313473	1.0	1.0	0.3786467313766479	0.3786467313766479	50.0	50	25.5
expanded_data	meaning_control	142	not_969	not	h	P	own_context_log_prob_advantage_per_token	50	1	50.0	0.09851175978106295	0.08464557909817419	0.09851175978106295	0.08464557909817419	1.0	1.0	1.0	1.0	0.09679589598990068	0.09679589598990068	1.0	1.0	0.0914805872099742	0.0914805872099742	50.0	50	25.5
expanded_data	meaning_control	142	not_969	not	h	P_prime	own_context_log_prob_advantage_per_token	50	1	50.0	-0.00544202781653032	-0.000501038346971744	-0.00544202781653032	-0.000501038346971744	0.5	0.5	0.5284558232135271	0.5284558232135271	-0.0024944164050644977	-0.0024944164050644977	0.0	0.0	-0.0246731349400111	-0.0246731349400111	50.0	50	25.5
expanded_data	meaning_control	143	not_1154	not	h	P	own_context_log_prob_advantage_per_token	50	1	50.0	0.017066086741984385	0.0202456846200361	0.017066086741984385	0.0202456846200361	0.8	0.8	0.8081869054875492	0.8081869054875492	0.017380068509643336	0.017380068509643336	1.0	1.0	0.0234454171998159	0.0234454171998159	50.0	50	25.5
expanded_data	meaning_control	143	not_1154	not	h	P_prime	own_context_log_prob_advantage_per_token	50	1	50.0	0.023018631205160737	0.0084955534764698	0.023018631205160737	0.0084955534764698	0.66	0.66	0.6365227558963623	0.6365227558963623	0.01956967966968324	0.01956967966968324	0.0	0.0	-0.0202261328697204	-0.0202261328697204	50.0	50	25.5
expanded_data	meaning_control	144	not_1270	not	h	P	own_context_log_prob_advantage_per_token	50	1	50.0	0.05450489058243929	0.054052121364153355	0.05450489058243929	0.054052121364153355	0.66	0.66	0.6042142481199972	0.6042142481199972	0.04211174052426212	0.04211174052426212	1.0	1.0	0.109586477279663	0.109586477279663	50.0	50	25.5
expanded_data	meaning_control	144	not_1270	not	h	P_prime	own_context_log_prob_advantage_per_token	50	1	50.0	0.3215972469509504	0.2845761013194555	0.3215972469509504	0.2845761013194555	1.0	1.0	1.0	1.0	0.30290087092609363	0.30290087092609363	1.0	1.0	0.154908214845965	0.154908214845965	50.0	50	25.5
expanded_data	meaning_control	145	not_1286	not	h	P	own_context_log_prob_advantage_per_token	50	1	50.0	0.05016908178960742	0.0466040211064474	0.05016908178960742	0.0466040211064474	0.84	0.84	0.8532387263209308	0.8532387263209308	0.051594148999212254	0.051594148999212254	1.0	1.0	0.0796975550197419	0.0796975550197419	50.0	50	25.5
expanded_data	meaning_control	145	not_1286	not	h	P_prime	own_context_log_prob_advantage_per_token	50	1	50.0	0.04528104598757131	0.01938382208347315	0.04528104598757131	0.01938382208347315	0.66	0.66	0.651064462347067	0.651064462347067	0.04299509168197787	0.04299509168197787	1.0	1.0	0.0362620482573639	0.0362620482573639	50.0	50	25.5
expanded_data	meaning_control	146	not_1347	not	h	P	own_context_log_prob_advantage_per_token	50	1	50.0	0.11213680622916167	0.11076379162924635	0.11213680622916167	0.11076379162924635	0.94	0.94	0.9452841240136102	0.9452841240136102	0.11522596895701394	0.11522596895701394	1.0	1.0	0.1350290642844305	0.1350290642844305	50.0	50	25.5
expanded_data	meaning_control	146	not_1347	not	h	P_prime	own_context_log_prob_advantage_per_token	50	1	50.0	0.22580484018010386	0.2102264805420024	0.22580484018010386	0.2102264805420024	0.98	0.98	0.9756613524301162	0.9756613524301162	0.21559774039847485	0.21559774039847485	1.0	1.0	0.1100367059310276	0.1100367059310276	50.0	50	25.5
expanded_data	meaning_control	147	not_1353	not	h	P	own_context_log_prob_advantage_per_token	50	1	50.0	0.051756713455340345	0.03630019426345825	0.051756713455340345	0.03630019426345825	0.84	0.84	0.833168264272208	0.833168264272208	0.05052920333386274	0.05052920333386274	1.0	1.0	0.0108816419328963	0.0108816419328963	50.0	50	25.5
expanded_data	meaning_control	147	not_1353	not	h	P_prime	own_context_log_prob_advantage_per_token	50	1	50.0	0.06804441139011379	0.06506402237074699	0.06804441139011379	0.06506402237074699	0.98	0.98	0.9706792392350638	0.9706792392350638	0.06550437540466614	0.06550437540466614	1.0	1.0	0.0692760961396353	0.0692760961396353	50.0	50	25.5
expanded_data	meaning_control	148	not_1385	not	h	P	own_context_log_prob_advantage_per_token	50	1	50.0	0.3509587222702533	0.345512436685108	0.3509587222702533	0.345512436685108	1.0	1.0	1.0	1.0	0.34572772138614016	0.34572772138614016	1.0	1.0	0.306752073764801	0.306752073764801	50.0	50	25.5
expanded_data	meaning_control	148	not_1385	not	h	P_prime	own_context_log_prob_advantage_per_token	50	1	50.0	0.7121524875694208	0.6592398904360735	0.7121524875694208	0.6592398904360735	1.0	1.0	1.0	1.0	0.7074392984582327	0.7074392984582327	1.0	1.0	0.8078981796900431	0.8078981796900431	50.0	50	25.5
expanded_data	meaning_control	149	not_1406	not	h	P	own_context_log_prob_advantage_per_token	50	1	50.0	0.3221720230536132	0.3267941381292473	0.3221720230536132	0.3267941381292473	1.0	1.0	1.0	1.0	0.3240808273172553	0.3240808273172553	1.0	1.0	0.2689481130460414	0.2689481130460414	50.0	50	25.5
expanded_data	meaning_control	149	not_1406	not	h	P_prime	own_context_log_prob_advantage_per_token	50	1	50.0	0.7172151775663186	0.6857575227927035	0.7172151775663186	0.6857575227927035	1.0	1.0	1.0	1.0	0.6846317482587724	0.6846317482587724	1.0	1.0	1.4186506152153016	1.4186506152153016	50.0	50	25.74
expanded_data	meaning_control	150	not_1570	not	h	P	own_context_log_prob_advantage_per_token	50	1	50.0	0.11204915694432006	0.0728261530399322	0.11204915694432006	0.0728261530399322	0.86	0.86	0.8527398207464422	0.8527398207464422	0.11215784425896587	0.11215784425896587	1.0	1.0	0.1462324653353011	0.1462324653353011	50.0	50	25.5
expanded_data	meaning_control	150	not_1570	not	h	P_prime	own_context_log_prob_advantage_per_token	50	1	50.0	0.15104382633628816	0.1226566015899955	0.15104382633628816	0.1226566015899955	1.0	1.0	1.0	1.0	0.15114683552225108	0.15114683552225108	1.0	1.0	0.1083895649228776	0.1083895649228776	50.0	50	25.5
expanded_data	meaning_control	151	not_1602	not	h	P	own_context_log_prob_advantage_per_token	50	1	50.0	0.2046260082724531	0.1839904164274534	0.2046260082724531	0.1839904164274534	1.0	1.0	1.0	1.0	0.20100918449081007	0.20100918449081007	1.0	1.0	0.1461949501718793	0.1461949501718793	50.0	50	25.5
expanded_data	meaning_control	151	not_1602	not	h	P_prime	own_context_log_prob_advantage_per_token	50	1	50.0	0.21178859141435905	0.1462141181741442	0.21178859141435905	0.1462141181741442	1.0	1.0	1.0	1.0	0.20983477119591057	0.20983477119591057	1.0	1.0	0.0549985868590219	0.0549985868590219	50.0	50	25.5
expanded_data	meaning_control	152	not_1608	not	h	P	own_context_log_prob_advantage_per_token	50	1	50.0	-0.06627530654969666	-0.06371099861229171	-0.06627530654969666	-0.06371099861229171	0.02	0.02	0.01971917041967714	0.01971917041967714	-0.06340408329966625	-0.06340408329966625	0.0	0.0	-0.0520977395422318	-0.0520977395422318	50.0	50	25.5
expanded_data	meaning_control	152	not_1608	not	h	P_prime	own_context_log_prob_advantage_per_token	50	1	50.0	0.11565341067405177	0.11683467604542924	0.11565341067405177	0.11683467604542924	1.0	1.0	1.0	1.0	0.1158767998301107	0.1158767998301107	1.0	1.0	0.103546964038502	0.103546964038502	50.0	50	25.5
expanded_data	meaning_control	153	not_1647	not	h	P	own_context_log_prob_advantage_per_token	50	1	50.0	0.08557282530133492	0.08310431244645305	0.08557282530133492	0.08310431244645305	0.98	0.98	0.9797848099781867	0.9797848099781867	0.08457635695054559	0.08457635695054559	1.0	1.0	0.0636399950299944	0.0636399950299944	50.0	50	25.5
expanded_data	meaning_control	153	not_1647	not	h	P_prime	own_context_log_prob_advantage_per_token	50	1	50.0	0.08903039261862788	0.0519617356263197	0.08903039261862788	0.0519617356263197	0.84	0.84	0.8356571777349118	0.8356571777349118	0.08551122200740542	0.08551122200740542	0.0	0.0	-0.0074254251443423	-0.0074254251443423	50.0	50	25.5
expanded_data	meaning_control	154	not_1663	not	h	P	own_context_log_prob_advantage_per_token	50	1	50.0	-0.13157652429886973	-0.12606523968279365	-0.13157652429886973	-0.12606523968279365	0.0	0.0	0.0	0.0	-0.11835331114174509	-0.11835331114174509	0.0	0.0	-0.1261160194873811	-0.1261160194873811	50.0	50	25.5
expanded_data	meaning_control	154	not_1663	not	h	P_prime	own_context_log_prob_advantage_per_token	50	1	50.0	0.1597684487980372	0.1584243105536914	0.1597684487980372	0.1584243105536914	1.0	1.0	1.0	1.0	0.1559769856780418	0.1559769856780418	1.0	1.0	0.2097592396395546	0.2097592396395546	50.0	50	25.5
expanded_data	meaning_control	155	not_1668	not	h	P	own_context_log_prob_advantage_per_token	50	1	50.0	0.07341239160553409	0.0807778443608965	0.07341239160553409	0.0807778443608965	0.82	0.82	0.8169808647607931	0.8169808647607931	0.07444919353293401	0.07444919353293401	1.0	1.0	0.0520772133554729	0.0520772133554729	50.0	50	25.5
expanded_data	meaning_control	155	not_1668	not	h	P_prime	own_context_log_prob_advantage_per_token	50	1	50.0	0.14501464977939701	0.12398686482639384	0.14501464977939701	0.12398686482639384	1.0	1.0	1.0	1.0	0.14335705593340883	0.14335705593340883	1.0	1.0	0.0330043417034726	0.0330043417034726	50.0	50	25.5
expanded_data	meaning_control	156	not_1686	not	h	P	own_context_log_prob_advantage_per_token	50	1	50.0	0.49842527570027656	0.4596641335394476	0.49842527570027656	0.4596641335394476	1.0	1.0	1.0	1.0	0.500867825238308	0.500867825238308	1.0	1.0	0.5339322294507709	0.5339322294507709	50.0	50	25.5
expanded_data	meaning_control	156	not_1686	not	h	P_prime	own_context_log_prob_advantage_per_token	50	1	50.0	0.5101692774906109	0.48867115340209366	0.5101692774906109	0.48867115340209366	1.0	1.0	1.0	1.0	0.4905252293774166	0.4905252293774166	1.0	1.0	0.6599613945439176	0.6599613945439176	50.0	50	25.5
expanded_data	meaning_control	157	not_1697	not	h	P	own_context_log_prob_advantage_per_token	50	1	50.0	-0.0302046011117295	-0.0298124307702327	-0.0302046011117295	-0.0298124307702327	0.14	0.14	0.12097313041793159	0.12097313041793159	-0.03182570846343611	-0.03182570846343611	0.0	0.0	-0.0839511726213538	-0.0839511726213538	50.0	50	25.5
expanded_data	meaning_control	157	not_1697	not	h	P_prime	own_context_log_prob_advantage_per_token	50	1	50.0	0.11481207164724831	0.09838699505304195	0.11481207164724831	0.09838699505304195	1.0	1.0	1.0	1.0	0.11424988592862122	0.11424988592862122	1.0	1.0	0.1410083992140633	0.1410083992140633	50.0	50	25.5
expanded_data	meaning_control	158	not_1700	not	h	P	own_context_log_prob_advantage_per_token	50	1	50.0	0.054370705985807746	0.0553960871483598	0.054370705985807746	0.0553960871483598	0.94	0.94	0.9328169740646068	0.9328169740646068	0.05151630724187348	0.05151630724187348	1.0	1.0	0.046775795043783	0.046775795043783	50.0	50	28.52
expanded_data	meaning_control	158	not_1700	not	h	P_prime	own_context_log_prob_advantage_per_token	50	1	50.0	0.01337454766956246	0.0079026464372873	0.01337454766956246	0.0079026464372873	0.58	0.58	0.5487482842169912	0.5487482842169912	0.010990226120371663	0.010990226120371663	1.0	1.0	0.06660884529797	0.06660884529797	50.0	50	26.9
expanded_data	meaning_control	159	not_1721	not	h	P	own_context_log_prob_advantage_per_token	50	1	50.0	0.12355690804554469	0.1180515716146639	0.12355690804554469	0.1180515716146639	1.0	1.0	1.0	1.0	0.11117301707241284	0.11117301707241284	1.0	1.0	0.127294655199404	0.127294655199404	50.0	50	25.5
expanded_data	meaning_control	159	not_1721	not	h	P_prime	own_context_log_prob_advantage_per_token	50	1	50.0	-0.0976442138499706	-0.0971445967051317	-0.0976442138499706	-0.0971445967051317	0.04	0.04	0.04963574441002034	0.04963574441002034	-0.084886376618538	-0.084886376618538	0.0	0.0	-0.1213528893210669	-0.1213528893210669	50.0	50	25.58
expanded_data	meaning_control	160	not_1754	not	h	P	own_context_log_prob_advantage_per_token	50	1	50.0	0.021577495714809287	0.0174059801631504	0.021577495714809287	0.0174059801631504	0.92	0.92	0.9267904438550617	0.9267904438550617	0.021918160059994415	0.021918160059994415	1.0	1.0	0.015200707970596	0.015200707970596	50.0	50	25.5
expanded_data	meaning_control	160	not_1754	not	h	P_prime	own_context_log_prob_advantage_per_token	50	1	50.0	-0.01053773387957052	-0.0125480684579586	-0.01053773387957052	-0.0125480684579586	0.18	0.18	0.183852973079134	0.183852973079134	-0.010115227904988554	-0.010115227904988554	0.0	0.0	-0.0200612266858418	-0.0200612266858418	50.0	50	25.5
expanded_data	meaning_control	161	not_1760	not	h	P	own_context_log_prob_advantage_per_token	50	1	50.0	0.09288816148885953	0.0842429357520676	0.09288816148885953	0.0842429357520676	0.88	0.88	0.897803549450745	0.897803549450745	0.10047354798627899	0.10047354798627899	1.0	1.0	0.0714770762816718	0.0714770762816718	50.0	50	25.5
expanded_data	meaning_control	161	not_1760	not	h	P_prime	own_context_log_prob_advantage_per_token	50	1	50.0	0.2682047776352837	0.07874938261420189	0.2682047776352837	0.07874938261420189	0.88	0.88	0.9042959460186376	0.9042959460186376	0.2967774549270843	0.2967774549270843	1.0	1.0	0.1772407795253552	0.1772407795253552	50.0	50	25.5
expanded_data	meaning_control	162	not_1761	not	h	P	own_context_log_prob_advantage_per_token	50	1	50.0	0.13553224146086854	0.12833550071444605	0.13553224146086854	0.12833550071444605	1.0	1.0	1.0	1.0	0.12669832599270803	0.12669832599270803	1.0	1.0	0.087285773621665	0.087285773621665	50.0	50	25.5
expanded_data	meaning_control	162	not_1761	not	h	P_prime	own_context_log_prob_advantage_per_token	50	1	50.0	-0.08140710864162887	-0.08069558332852875	-0.08140710864162887	-0.08069558332852875	0.02	0.02	0.034351525550227295	0.034351525550227295	-0.07081878631717685	-0.07081878631717685	0.0	0.0	-0.1125209797983584	-0.1125209797983584	50.0	50	25.5
expanded_data	meaning_control	163	not_1774	not	h	P	own_context_log_prob_advantage_per_token	50	1	50.0	0.2265833577080316	0.2231557888862413	0.2265833577080316	0.2231557888862413	1.0	1.0	1.0	1.0	0.22763517564572056	0.22763517564572056	1.0	1.0	0.2084800322850545	0.2084800322850545	50.0	50	25.5
expanded_data	meaning_control	163	not_1774	not	h	P_prime	own_context_log_prob_advantage_per_token	50	1	50.0	0.5627612736883445	0.5613597737863286	0.5627612736883445	0.5613597737863286	1.0	1.0	1.0	1.0	0.5581910770679188	0.5581910770679188	1.0	1.0	0.6637935586597609	0.6637935586597609	50.0	50	25.5
expanded_data	meaning_control	164	not_1776	not	h	P	own_context_log_prob_advantage_per_token	50	1	50.0	1.0679194410534927	1.0076089973251023	1.0679194410534927	1.0076089973251023	1.0	1.0	1.0	1.0	1.0597239800544163	1.0597239800544163	1.0	1.0	1.0493299696180556	1.0493299696180556	50.0	50	25.62
expanded_data	meaning_control	164	not_1776	not	h	P_prime	own_context_log_prob_advantage_per_token	50	1	50.0	0.242000239810563	0.24002857972296043	0.242000239810563	0.24002857972296043	0.94	0.94	0.9605265501471634	0.9605265501471634	0.24532087105293882	0.24532087105293882	1.0	1.0	0.1919239331514407	0.1919239331514407	50.0	50	27.48
expanded_data	meaning_control	165	not_1804	not	h	P	own_context_log_prob_advantage_per_token	50	1	50.0	0.49883556554367026	0.43119199449817347	0.49883556554367026	0.43119199449817347	1.0	1.0	1.0	1.0	0.4867852231970059	0.4867852231970059	1.0	1.0	0.3575333595275878	0.3575333595275878	50.0	50	25.5
expanded_data	meaning_control	165	not_1804	not	h	P_prime	own_context_log_prob_advantage_per_token	50	1	50.0	0.432473109272771	0.3889073371887207	0.432473109272771	0.3889073371887207	1.0	1.0	1.0	1.0	0.42079320418705685	0.42079320418705685	1.0	1.0	0.401315689086914	0.401315689086914	50.0	50	25.5
expanded_data	meaning_control	166	not_1819	not	h	P	own_context_log_prob_advantage_per_token	50	1	50.0	0.016335184972402758	0.01579527599470945	0.016335184972402758	0.01579527599470945	0.84	0.84	0.8492511465308686	0.8492511465308686	0.016635087830262508	0.016635087830262508	0.0	0.0	-0.0028932825211555	-0.0028932825211555	50.0	50	25.5
expanded_data	meaning_control	166	not_1819	not	h	P_prime	own_context_log_prob_advantage_per_token	50	1	50.0	0.008756831593037856	0.006293985531443599	0.008756831593037856	0.006293985531443599	0.66	0.66	0.6789278609847756	0.6789278609847756	0.009187495405477322	0.009187495405477322	1.0	1.0	0.0287410906382969	0.0287410906382969	50.0	50	25.5
expanded_data	meaning_control	167	not_2047	not	h	P	own_context_log_prob_advantage_per_token	50	1	50.0	0.24058849824979273	0.2257705305303846	0.24058849824979273	0.2257705305303846	1.0	1.0	1.0	1.0	0.23564956952439475	0.23564956952439475	1.0	1.0	0.2109323263168334	0.2109323263168334	50.0	50	25.5
expanded_data	meaning_control	167	not_2047	not	h	P_prime	own_context_log_prob_advantage_per_token	50	1	50.0	0.25922898168810776	0.29880802801677164	0.25922898168810776	0.29880802801677164	0.98	0.98	0.9754105711617025	0.9754105711617025	0.2523955695628786	0.2523955695628786	1.0	1.0	0.3114502259663174	0.3114502259663174	50.0	50	25.5
expanded_data	meaning_control	168	not_2138	not	h	P	own_context_log_prob_advantage_per_token	50	1	50.0	0.001051247054834048	0.002216074221669	0.001051247054834048	0.002216074221669	0.54	0.54	0.5431812952926316	0.5431812952926316	0.001258118913512695	0.001258118913512695	1.0	1.0	0.0476359902201473	0.0476359902201473	50.0	50	25.5
expanded_data	meaning_control	168	not_2138	not	h	P_prime	own_context_log_prob_advantage_per_token	50	1	50.0	0.017294635980578055	0.01744050150498365	0.017294635980578055	0.01744050150498365	0.88	0.88	0.8855840549571761	0.8855840549571761	0.017103939877569814	0.017103939877569814	1.0	1.0	0.0381805136583852	0.0381805136583852	50.0	50	25.5
expanded_data	meaning_control	169	not_2142	not	h	P	own_context_log_prob_advantage_per_token	50	1	50.0	0.18483888160498008	0.18021214217597004	0.18483888160498008	0.18021214217597004	1.0	1.0	1.0	1.0	0.18450575259870727	0.18450575259870727	1.0	1.0	0.1203783083770235	0.1203783083770235	50.0	50	25.5
expanded_data	meaning_control	169	not_2142	not	h	P_prime	own_context_log_prob_advantage_per_token	50	1	50.0	0.317635776581067	0.30925523011715383	0.317635776581067	0.30925523011715383	0.96	0.96	0.9727814183438552	0.9727814183438552	0.3348233263255139	0.3348233263255139	1.0	1.0	0.2966314911842347	0.2966314911842347	50.0	50	25.5
expanded_data	meaning_control	170	not_2148	not	h	P	own_context_log_prob_advantage_per_token	50	1	50.0	0.552478881515201	0.48319322666766484	0.552478881515201	0.48319322666766484	1.0	1.0	1.0	1.0	0.5442321643919867	0.5442321643919867	1.0	1.0	0.5095431374721839	0.5095431374721839	50.0	50	25.5
expanded_data	meaning_control	170	not_2148	not	h	P_prime	own_context_log_prob_advantage_per_token	50	1	50.0	0.5597316726971954	0.513803629658439	0.5597316726971954	0.513803629658439	1.0	1.0	1.0	1.0	0.5524128264510568	0.5524128264510568	1.0	1.0	0.5464334743363517	0.5464334743363517	50.0	50	25.5
expanded_data	meaning_control	171	not_2160	not	h	P	own_context_log_prob_advantage_per_token	50	1	50.0	0.05180646282965766	0.04630999650274005	0.05180646282965766	0.04630999650274005	0.86	0.86	0.867852688292554	0.867852688292554	0.05317176714519518	0.05317176714519518	1.0	1.0	0.0507119636909634	0.0507119636909634	50.0	50	25.5
expanded_data	meaning_control	171	not_2160	not	h	P_prime	own_context_log_prob_advantage_per_token	50	1	50.0	0.061630044275624955	0.06057099428150675	0.061630044275624955	0.06057099428150675	0.9	0.9	0.8935804978401828	0.8935804978401828	0.05962466194939254	0.05962466194939254	1.0	1.0	0.1323097962321657	0.1323097962321657	50.0	50	25.5
expanded_data	meaning_control	172	not_2168	not	h	P	own_context_log_prob_advantage_per_token	50	1	50.0	0.18862792355095523	0.13567040903227673	0.18862792355095523	0.13567040903227673	1.0	1.0	1.0	1.0	0.18828582220469	0.18828582220469	1.0	1.0	0.0540806619744551	0.0540806619744551	50.0	50	25.5
expanded_data	meaning_control	172	not_2168	not	h	P_prime	own_context_log_prob_advantage_per_token	50	1	50.0	0.1107019354309235	0.06920132180313004	0.1107019354309235	0.06920132180313004	0.94	0.94	0.9255312808120334	0.9255312808120334	0.10074650850534744	0.10074650850534744	1.0	1.0	0.0446933343492705	0.0446933343492705	50.0	50	25.5
expanded_data	meaning_control	173	not_2378	not	h	P	own_context_log_prob_advantage_per_token	50	1	50.0	0.02044601950269082	0.0203866255383531	0.02044601950269082	0.0203866255383531	0.84	0.84	0.8427207405203805	0.8427207405203805	0.01775697940690671	0.01775697940690671	1.0	1.0	0.0355753587639851	0.0355753587639851	50.0	50	25.5
expanded_data	meaning_control	173	not_2378	not	h	P_prime	own_context_log_prob_advantage_per_token	50	1	50.0	-0.003824489918571432	-0.00475459670787055	-0.003824489918571432	-0.00475459670787055	0.42	0.42	0.44199143875025404	0.44199143875025404	-0.0025743468611551445	-0.0025743468611551445	0.0	0.0	-0.00536216560163	-0.00536216560163	50.0	50	25.5
expanded_data	meaning_control	174	not_2405	not	h	P	own_context_log_prob_advantage_per_token	50	1	50.0	0.21438676674869303	0.1972639293330056	0.21438676674869303	0.1972639293330056	0.98	0.98	0.9925225055083884	0.9925225055083884	0.20972188057235963	0.20972188057235963	1.0	1.0	0.2178812009700831	0.2178812009700831	50.0	50	25.5
expanded_data	meaning_control	174	not_2405	not	h	P_prime	own_context_log_prob_advantage_per_token	50	1	50.0	0.1421393942711437	0.09791062389101296	0.1421393942711437	0.09791062389101296	0.98	0.98	0.9816752817805643	0.9816752817805643	0.13997286691637364	0.13997286691637364	1.0	1.0	0.3176434159278869	0.3176434159278869	50.0	50	25.5
expanded_data	meaning_control	175	not_2456	not	h	P	own_context_log_prob_advantage_per_token	50	1	50.0	0.06296508808162671	0.0609062101159776	0.06296508808162671	0.0609062101159776	1.0	1.0	1.0	1.0	0.06261048171691157	0.06261048171691157	1.0	1.0	0.042948489529746	0.042948489529746	50.0	50	25.5
expanded_data	meaning_control	175	not_2456	not	h	P_prime	own_context_log_prob_advantage_per_token	50	1	50.0	-0.004293196152309397	-0.00875589223135085	-0.004293196152309397	-0.00875589223135085	0.46	0.46	0.44694437909911156	0.44694437909911156	-0.004911892052777738	-0.004911892052777738	1.0	1.0	0.131020406314305	0.131020406314305	50.0	50	25.5
expanded_data	meaning_control	176	not_2467	not	h	P	own_context_log_prob_advantage_per_token	50	1	50.0	0.4849449819936836	0.5004556951528114	0.4849449819936836	0.5004556951528114	1.0	1.0	1.0	1.0	0.45937399441817317	0.45937399441817317	1.0	1.0	0.6480747076772873	0.6480747076772873	50.0	50	25.5
expanded_data	meaning_control	176	not_2467	not	h	P_prime	own_context_log_prob_advantage_per_token	50	1	50.0	0.3085055839108361	0.41812224281685684	0.3085055839108361	0.41812224281685684	0.74	0.74	0.7555650670000374	0.7555650670000374	0.32496491038899694	0.32496491038899694	1.0	1.0	0.6632646719614665	0.6632646719614665	50.0	50	25.5
expanded_data	meaning_control	177	not_2497	not	h	P	own_context_log_prob_advantage_per_token	50	1	50.0	0.13224241800800066	0.132410683802196	0.13224241800800066	0.132410683802196	0.96	0.96	0.9561437717296628	0.9561437717296628	0.11978830909427246	0.11978830909427246	1.0	1.0	0.1918075030500239	0.1918075030500239	50.0	50	25.5
expanded_data	meaning_control	177	not_2497	not	h	P_prime	own_context_log_prob_advantage_per_token	50	1	50.0	0.5526483964014239	0.5266330754848275	0.5526483964014239	0.5266330754848275	1.0	1.0	1.0	1.0	0.5548023321125505	0.5548023321125505	1.0	1.0	0.8224611014127732	0.8224611014127732	50.0	50	25.5
expanded_data	meaning_control	178	not_2551	not	h	P	own_context_log_prob_advantage_per_token	50	1	50.0	0.04677405268671781	0.0334388375282288	0.04677405268671781	0.0334388375282288	0.78	0.78	0.819729119146723	0.819729119146723	0.05005313362596186	0.05005313362596186	1.0	1.0	0.0068676777375049	0.0068676777375049	50.0	50	25.5
expanded_data	meaning_control	178	not_2551	not	h	P_prime	own_context_log_prob_advantage_per_token	50	1	50.0	0.09589359801258507	0.08035151016812364	0.09589359801258507	0.08035151016812364	1.0	1.0	1.0	1.0	0.0937603964850452	0.0937603964850452	1.0	1.0	0.1023288198879786	0.1023288198879786	50.0	50	25.5
expanded_data	meaning_control	179	not_2698	not	h	P	own_context_log_prob_advantage_per_token	50	1	50.0	0.1752283829461194	0.18177260671343115	0.1752283829461194	0.18177260671343115	1.0	1.0	1.0	1.0	0.1741861622199408	0.1741861622199408	1.0	1.0	0.213230768271855	0.213230768271855	50.0	50	25.5
expanded_data	meaning_control	179	not_2698	not	h	P_prime	own_context_log_prob_advantage_per_token	50	1	50.0	0.1167424832438374	0.0663682988711765	0.1167424832438374	0.0663682988711765	0.88	0.88	0.875748990098172	0.875748990098172	0.1170077340264333	0.1170077340264333	0.0	0.0	-0.0258964879172189	-0.0258964879172189	50.0	50	25.5
